frame_id,NOSE_x,NOSE_y,NOSE_z,NOSE_v,LEFT_EYE_INNER_x,LEFT_EYE_INNER_y,LEFT_EYE_INNER_z,LEFT_EYE_INNER_v,LEFT_EYE_x,LEFT_EYE_y,LEFT_EYE_z,LEFT_EYE_v,LEFT_EYE_OUTER_x,LEFT_EYE_OUTER_y,LEFT_EYE_OUTER_z,LEFT_EYE_OUTER_v,RIGHT_EYE_INNER_x,RIGHT_EYE_INNER_y,RIGHT_EYE_INNER_z,RIGHT_EYE_INNER_v,RIGHT_EYE_x,RIGHT_EYE_y,RIGHT_EYE_z,RIGHT_EYE_v,RIGHT_EYE_OUTER_x,RIGHT_EYE_OUTER_y,RIGHT_EYE_OUTER_z,RIGHT_EYE_OUTER_v,LEFT_EAR_x,LEFT_EAR_y,LEFT_EAR_z,LEFT_EAR_v,RIGHT_EAR_x,RIGHT_EAR_y,RIGHT_EAR_z,RIGHT_EAR_v,MOUTH_LEFT_x,MOUTH_LEFT_y,MOUTH_LEFT_z,MOUTH_LEFT_v,MOUTH_RIGHT_x,MOUTH_RIGHT_y,MOUTH_RIGHT_z,MOUTH_RIGHT_v,LEFT_SHOULDER_x,LEFT_SHOULDER_y,LEFT_SHOULDER_z,LEFT_SHOULDER_v,RIGHT_SHOULDER_x,RIGHT_SHOULDER_y,RIGHT_SHOULDER_z,RIGHT_SHOULDER_v,LEFT_ELBOW_x,LEFT_ELBOW_y,LEFT_ELBOW_z,LEFT_ELBOW_v,RIGHT_ELBOW_x,RIGHT_ELBOW_y,RIGHT_ELBOW_z,RIGHT_ELBOW_v,LEFT_WRIST_x,LEFT_WRIST_y,LEFT_WRIST_z,LEFT_WRIST_v,RIGHT_WRIST_x,RIGHT_WRIST_y,RIGHT_WRIST_z,RIGHT_WRIST_v,LEFT_PINKY_x,LEFT_PINKY_y,LEFT_PINKY_z,LEFT_PINKY_v,RIGHT_PINKY_x,RIGHT_PINKY_y,RIGHT_PINKY_z,RIGHT_PINKY_v,LEFT_INDEX_x,LEFT_INDEX_y,LEFT_INDEX_z,LEFT_INDEX_v,RIGHT_INDEX_x,RIGHT_INDEX_y,RIGHT_INDEX_z,RIGHT_INDEX_v,LEFT_THUMB_x,LEFT_THUMB_y,LEFT_THUMB_z,LEFT_THUMB_v,RIGHT_THUMB_x,RIGHT_THUMB_y,RIGHT_THUMB_z,RIGHT_THUMB_v,LEFT_HIP_x,LEFT_HIP_y,LEFT_HIP_z,LEFT_HIP_v,RIGHT_HIP_x,RIGHT_HIP_y,RIGHT_HIP_z,RIGHT_HIP_v,LEFT_KNEE_x,LEFT_KNEE_y,LEFT_KNEE_z,LEFT_KNEE_v,RIGHT_KNEE_x,RIGHT_KNEE_y,RIGHT_KNEE_z,RIGHT_KNEE_v,LEFT_ANKLE_x,LEFT_ANKLE_y,LEFT_ANKLE_z,LEFT_ANKLE_v,RIGHT_ANKLE_x,RIGHT_ANKLE_y,RIGHT_ANKLE_z,RIGHT_ANKLE_v,LEFT_HEEL_x,LEFT_HEEL_y,LEFT_HEEL_z,LEFT_HEEL_v,RIGHT_HEEL_x,RIGHT_HEEL_y,RIGHT_HEEL_z,RIGHT_HEEL_v,LEFT_FOOT_INDEX_x,LEFT_FOOT_INDEX_y,LEFT_FOOT_INDEX_z,LEFT_FOOT_INDEX_v,RIGHT_FOOT_INDEX_x,RIGHT_FOOT_INDEX_y,RIGHT_FOOT_INDEX_z,RIGHT_FOOT_INDEX_v
0,0.6474146911076133,0.5496363282203675,-0.040238773703042977,0.9998637437820435,0.644311727796282,0.5437439458710804,-0.03443594958766233,0.9997968077659607,0.6431455271584645,0.5434650097574506,-0.03454904666037437,0.9998249411582947,0.6420260003634858,0.5432208572115214,-0.03450974207371476,0.9998544454574585,0.6466327326638355,0.544239316667829,-0.05246722035642185,0.9999022483825684,0.647145172527858,0.5442068099975585,-0.052627961550440146,0.999943733215332,0.6476201329912455,0.5440154450280323,-0.05271344259381296,0.9999481439590454,0.6398590871265957,0.5464079380035398,-0.006894345328743993,0.9998970031738281,0.6464804291725156,0.5466109377997261,-0.08909974279148239,0.9998844861984253,0.6462680339813229,0.5560205067907059,-0.027175901710454933,0.9998433589935303,0.6480008074215475,0.5562072072710307,-0.05170341308361723,0.9998936653137207,0.6359453337533131,0.5856980698449266,0.05840468002217155,0.9999808073043823,0.6406005910464689,0.5942110112735202,-0.1299475531492914,0.9999922513961792,0.6492286000932962,0.6142737048012867,0.13741579928568423,0.3380005955696106,0.6446341872215269,0.6504322937556672,-0.1597903236746788,0.9970256686210632,0.669916495255061,0.6153004356792993,0.15644504768507814,0.8512913584709167,0.6709557669503347,0.6732379930359974,-0.16387543273823602,0.9963909983634949,0.6734389202935354,0.6163934792791089,0.1681046224066188,0.8687736988067627,0.675445090021406,0.6857192022459843,-0.1826314400349345,0.9930950999259949,0.6737371938569203,0.6149824466024121,0.14744640950645713,0.8869175314903259,0.6761314613478521,0.68154182263783,-0.17513462858540668,0.9925600290298462,0.6720099534307206,0.615448176860809,0.14916060183729435,0.8744069933891296,0.6745950511523654,0.6777965801102774,-0.16084783013377874,0.9813151955604553,0.6363902228219167,0.6891675165721349,0.05962479157107216,0.9999604225158691,0.6386228782790045,0.6941038659640719,-0.059659021986382336,0.9999616146087646,0.641635601861136,0.7677342142377578,0.04856814028961317,0.7041230797767639,0.6401966401508876,0.7691258294241767,-0.05706164815596175,0.9671493768692017,0.6348806926182337,0.8432888950620377,0.06398203309093202,0.8597285747528076,0.6372665984289984,0.8442819765635892,-0.014299502928874304,0.9661419987678528,0.6355740257671898,0.8647575037819993,0.06299185454845431,0.8658180236816406,0.6296900340488977,0.8590057679585044,-0.011347573802673375,0.8812679648399353,0.6458622063909253,0.8633464983531404,0.02357670968132361,0.9048582911491394,0.6560813937868387,0.8517313122749326,-0.052229715032236904,0.9378367066383362
1,0.6441976274762832,0.5478330850601194,0.004594078460442207,0.9998739361763,0.6417995980807709,0.5425540498324801,0.00748579775515415,0.9998090863227844,0.6408131292888094,0.542484675134931,0.007404825244365011,0.9998314380645752,0.6398174200739177,0.5423987371580937,0.007433942146599329,0.9998603463172913,0.64420679126467,0.5429068037441795,-0.006373761088720384,0.999909520149231,0.6449151413781298,0.542987561225891,-0.00651437629546435,0.9999476075172424,0.6455867511885504,0.5428988627025055,-0.006563939154148067,0.9999521970748901,0.6378515924726211,0.5459563970565792,0.019607583446694287,0.9998937845230103,0.6455388188362117,0.5458166548183985,-0.04383593669959472,0.9998922348022461,0.6436094403266902,0.5545312660081042,0.011596357995378143,0.9998481869697571,0.6454065408025466,0.5547136170523503,-0.007373003861201655,0.9998995661735535,0.6358728459903168,0.5851019075938628,0.0703417760985238,0.999975323677063,0.6409767661775855,0.5939039145197186,-0.09046227953263683,0.9999923706054688,0.6497552973883489,0.599762027604239,0.13016253347907736,0.34279727935791016,0.644914877414703,0.6506547246660503,-0.11860557198524466,0.9971786141395569,0.6751933114869247,0.5952626075063431,0.15637370177677692,0.8307307362556458,0.6698509744235444,0.671082918984549,-0.1242722673075539,0.9964710474014282,0.6785433224269318,0.5939022438866746,0.1664576668824467,0.8446801900863647,0.6744048663548059,0.6823222943714682,-0.14070556632110046,0.9929735660552979,0.6788994601794649,0.5928873079163683,0.1500868905867849,0.861940860748291,0.6752369114330832,0.6789464065006797,-0.13442914954253593,0.9923662543296814,0.677184654985155,0.5947745203971858,0.14997632248061035,0.8488319516181946,0.6737177763666422,0.675282709939139,-0.12187610524041304,0.9806159734725952,0.6356935552188326,0.6890070472444804,0.05417995506099288,0.9999634623527527,0.6384935685566488,0.6927274618829997,-0.05422320408480504,0.9999648928642273,0.6439462218965799,0.7656252639634266,0.057988924746002465,0.7259296178817749,0.640366848877498,0.7679463454655234,-0.05553612794194904,0.970029890537262,0.6445475544248305,0.8389825361115587,0.07601897375924245,0.8706242442131042,0.6310585686138694,0.8485236082758216,-0.03187911759263703,0.9690129160881042,0.6428957189832412,0.8559362224170135,0.07543230950832366,0.8747656345367432,0.62474524634225,0.8625950898442944,-0.030871706063460024,0.8890168070793152,0.6582481758935106,0.8485726986612585,0.045085319291268085,0.9098492860794067,0.6490487439291814,0.8615990519523616,-0.06836652500288826,0.9422672390937805
2,0.6418752721377778,0.5465610980987546,0.027476423952196315,0.9998857975006104,0.6398956401007514,0.5417653185980658,0.028692397076104353,0.9998265504837036,0.6390580875532965,0.5418707217488967,0.028626014318849348,0.999846339225769,0.6381815382412499,0.5419151033673966,0.028647200763225543,0.9998728632926941,0.6422011477606634,0.5419625895363941,0.01709794708128486,0.9999179840087891,0.6429677639688762,0.5421401262283323,0.01697039644100836,0.9999524354934692,0.64371417420251,0.5421599609511236,0.01693931501358747,0.9999566674232483,0.6363606146403719,0.5458407878875731,0.03258425679856112,0.9999030232429504,0.6443513989448544,0.5454360025269642,-0.02064296794789177,0.9999020099639893,0.6417267799377439,0.5534555707659038,0.031265924099300575,0.9998607039451599,0.6434477618762422,0.5535998191152298,0.015291731126074277,0.9999081492424011,0.6359539253371099,0.5837277514593939,0.07431454317910327,0.9999765157699585,0.6409311958721702,0.5938856192997521,-0.06990629477160314,0.9999929070472717,0.6504137720380507,0.5839475376265386,0.12328112295695708,0.3793107569217682,0.6449569106101987,0.6506467410496299,-0.09778278768062587,0.9973445534706116,0.6762855325426371,0.5724318674632478,0.15367218809468397,0.8383427858352661,0.6691658837454657,0.6689173800604681,-0.1059747885380472,0.996630072593689,0.6796000582831243,0.5680550966944011,0.1621428319386073,0.8480086326599121,0.673798538957323,0.6794088142258777,-0.12147525740521288,0.9931925535202026,0.6799936754362921,0.5671067629541666,0.14846753414188105,0.8640128374099731,0.6747189777238025,0.6764276163918628,-0.11575342161314822,0.9925847053527832,0.6782714997019084,0.5701621294021604,0.14783094610486702,0.8508033156394958,0.6731899210384911,0.6727957470076422,-0.10397844229425698,0.981071412563324,0.6358745319502691,0.6891859241894309,0.051064914039203074,0.9999663829803467,0.6385180132729664,0.6920813509396141,-0.05110311444316589,0.9999678730964661,0.6464229771069114,0.7639434490885049,0.07024115813629964,0.7288668155670166,0.6410652569362092,0.7679213183266772,-0.052615971331085455,0.9725480675697327,0.6510597637721467,0.8358580265726359,0.09623483185257226,0.8708268404006958,0.627364339147295,0.8514601537159507,-0.041041539276817,0.9712223410606384,0.6478561571666169,0.8500341040747503,0.096526189148426,0.8785942792892456,0.6215293339320589,0.8652490786143707,-0.04113494419226687,0.8954002261161804,0.6666623984064372,0.8391174980572288,0.07202421458704128,0.9047625660896301,0.6450510348592482,0.8676194906234737,-0.07707505609307967,0.9450197219848633
3,0.6401528307369775,0.545561804090227,0.03191010801653776,0.9998966455459595,0.6383148857525414,0.541197233540671,0.03209515700249799,0.9998425245285034,0.6376092467989237,0.5414473039763312,0.032015391485765564,0.9998599886894226,0.63687356029238,0.541589033603668,0.03202611524611711,0.999884307384491,0.6402652706418717,0.5411385621343338,0.020577892554657792,0.9999257326126099,0.6409227252006527,0.541357258387974,0.020455196153904707,0.9999568462371826,0.6416113512856616,0.5414632541792731,0.020422006744359216,0.9999607801437378,0.6351485252380369,0.5458643640790665,0.03274067794638019,0.9999116063117981,0.6426772134644642,0.5451115557125634,-0.02028965279459952,0.9999110698699951,0.6403539930071146,0.5524786727769031,0.034673495045197844,0.9998724460601807,0.641781253474099,0.552505528926849,0.018706615349011756,0.9999161958694458,0.6362874490874151,0.5813577669007435,0.07130277742232592,0.9999777674674988,0.6403764997209818,0.5939357519149777,-0.07050318632807047,0.9999934434890747,0.6514460223061694,0.5637029698916841,0.12719823760645727,0.42275917530059814,0.6446590355464388,0.6502907242093765,-0.09971119527305872,0.9974660277366638,0.6717449818338663,0.5447410396167207,0.17595848015376492,0.8503375053405762,0.6689510754176545,0.6666143638747076,-0.10982890767710543,0.9966701865196228,0.6752992119107925,0.5358126870223452,0.18524948135018343,0.8574385643005371,0.6736604469163074,0.6770536235400606,-0.12545176744461053,0.9932045936584473,0.6757728065763198,0.5343907841614312,0.17190878114530012,0.8720613121986389,0.6745966485568452,0.6739112172807962,-0.1188459524086543,0.9925668835639954,0.6740329265594479,0.5382984714848652,0.17016506599528441,0.8594234585762024,0.6729770115443635,0.6701667257717674,-0.10767734497785562,0.980882465839386,0.6370890174593242,0.689797052315303,0.05125066297394887,0.9999693632125854,0.6386039784976412,0.6923691970961431,-0.05125547519751955,0.9999707937240601,0.6495666316577364,0.7624185085296628,0.09124598492469102,0.737237274646759,0.6421138456889559,0.7691438181059698,-0.04406611270138193,0.9749419093132019,0.6543249641145976,0.8335267833300996,0.1333155751228332,0.8761193752288818,0.6270330054419379,0.8527479904038562,-0.03486515315515653,0.9735250473022461,0.6501487323216026,0.8476748125893725,0.13531499739204128,0.884174108505249,0.6203408632959635,0.86676652431488,-0.03491220165576252,0.9020242094993591,0.6707060439246039,0.8351840189525055,0.11520283323313504,0.9054060578346252,0.6452629225594653,0.868418727602277,-0.0703206075089318,0.9485692977905273
4,0.6398494635309488,0.545886627265385,-0.0007673995569348318,0.9999056458473206,0.6379013572420389,0.5416445885385783,0.0011328653565474923,0.999855637550354,0.6372817908014567,0.5420001183237345,0.0010519364050456462,0.9998708963394165,0.6366378750119888,0.5422283717564171,0.0010638636137757984,0.9998936653137207,0.6394834876060483,0.5415652275085447,-0.011167003240968493,0.9999322891235352,0.6399980647223333,0.5419488634381973,-0.011286525880651809,0.9999604821205139,0.6405686344419204,0.542267230578831,-0.01132900031017405,0.99996417760849,0.6349400741713385,0.5469845311982289,0.012036842852830881,0.9999189376831055,0.6413647123745507,0.5464641179357254,-0.0440766809242112,0.9999186992645264,0.6402570145470752,0.5527974571500502,0.005747634518359386,0.9998827576637268,0.6414084110941203,0.5527703591755455,-0.011217736652387034,0.9999231100082397,0.6364781073161532,0.5785215514046802,0.05438654609024522,0.9999788999557495,0.6396154437746318,0.5951114858899795,-0.08617101226534157,0.9999937415122986,0.6519209470067702,0.5494933315685815,0.1014693175043378,0.46668872237205505,0.6444062777927941,0.6501071538243972,-0.11600355122770577,0.9975528717041016,0.6665521451405113,0.5201081471783773,0.12133226575595986,0.8630083799362183,0.6690204296793254,0.6646070395197183,-0.13474173737423756,0.9964526295661926,0.6699645263808112,0.5084188427243912,0.1245166795594351,0.8688002228736877,0.6739280734743387,0.6751725401197157,-0.15321063931499201,0.9927999377250671,0.6700693454061233,0.5066823082310811,0.11160585241658341,0.8821046948432922,0.6748852355139593,0.6719601460865563,-0.14806855746677938,0.9920967817306519,0.668209225790841,0.5112839409283227,0.11522932627371374,0.8701397180557251,0.6733235904148643,0.6682817918913702,-0.13342726060322346,0.9794920682907104,0.6386300819260731,0.6904163445745193,0.05101019835897852,0.9999721646308899,0.6390776855604986,0.6929089035306655,-0.05100861330117496,0.9999735355377197,0.6514633928026469,0.7619281240871971,0.09403117320367264,0.7477847933769226,0.6442964042936049,0.770882107530321,-0.04484124747770171,0.9773667454719543,0.6545996563775196,0.8334782106535772,0.14522487691470548,0.8842496871948242,0.6269702042852126,0.8534210545676091,-0.03601282473121369,0.9760460257530212,0.6507561428206304,0.8468515481267652,0.14794978818723126,0.8909258246421814,0.6200520277023313,0.8677307810102186,-0.03577843920460767,0.9102495312690735,0.6717763832637239,0.8359604546001975,0.12351453517164497,0.9104238748550415,0.6453080603054588,0.8688686575208387,-0.0739222590412412,0.953295111656189
5,0.6403144870485575,0.5450615440096171,-0.040867946669459324,0.9999139308929443,0.6383412906101769,0.5416197572435648,-0.03619954405086379,0.9998680353164673,0.6377634780747546,0.5421539289610724,-0.03628612043602124,0.9998812079429626,0.6371436953544614,0.5425582102366854,-0.036274577145065566,0.9999025464057922,0.6396580593926563,0.541667682783944,-0.04999363975865498,0.999938428401947,0.6400231821196417,0.5423007726669309,-0.05011363050767352,0.9999638795852661,0.6404236657278876,0.5428502099854603,-0.050165685745222205,0.9999673366546631,0.6352931056703837,0.5479976960590904,-0.011252829645361215,0.9999256730079651,0.6401446087019781,0.5480677366256712,-0.07363856019718303,0.9999256730079651,0.6406169039862493,0.5520863124302453,-0.029264169505664267,0.9998928308486938,0.6418114219393046,0.5522480283464701,-0.04811041631868905,0.9999297857284546,0.6365192566599162,0.5761865735054014,0.038605502407465644,0.9999796152114868,0.6388833403587338,0.5964401721954342,-0.10571599858147752,0.9999937415122986,0.6522288509777612,0.5387328488486152,0.07970463420663557,0.5001634955406189,0.6440743582589282,0.6496981944356642,-0.12856408251183368,0.9976322650909424,0.660197510038103,0.4989193643842422,0.07425485402345654,0.8734166622161865,0.6690609812736508,0.6620793121201649,-0.14698586591652454,0.9963260293006897,0.6629055687359398,0.4869728233133041,0.07299153240663661,0.8784506320953369,0.6743808746337887,0.6721391405378065,-0.16718917403902317,0.9925733804702759,0.6625759056636262,0.4853136479854581,0.06106996509645663,0.8905552625656128,0.6755136234419683,0.6685979076794212,-0.16434592434338152,0.991827666759491,0.6609780788421628,0.49007983888898554,0.06901176923087662,0.8789363503456116,0.6739377720015387,0.6652545588357105,-0.14655281667198447,0.9785348773002625,0.6401912450790401,0.6905790925025936,0.05149027577468325,0.9999744296073914,0.6399568217141285,0.6934281315122329,-0.05149379127791947,0.9999757409095764,0.6543801273618423,0.7614840303148539,0.09104321151971814,0.7496953010559082,0.6470775723457334,0.7729850104876923,-0.04551234021782873,0.9794070720672607,0.6550092424665175,0.8338858110564091,0.14468554492507657,0.8885796666145325,0.6272117291178019,0.853630149364471,-0.03402326202818324,0.9781140685081482,0.6507757527487615,0.8467171737125938,0.14756427939449032,0.8932865262031555,0.6200799107551572,0.8679486921855377,-0.03334842281682149,0.9155998229980469,0.6732407297406875,0.8371783546039032,0.11958041893584383,0.9130037426948547,0.6453467709677556,0.8694592067173544,-0.07339778563805985,0.9570719003677368
6,0.6404923677444455,0.5450284055301119,-0.07280303907713717,0.9999213814735413,0.6383962494986395,0.5423992770058765,-0.06670284824711933,0.9998794794082642,0.6378654224531988,0.5430123891149246,-0.0667962170072964,0.9998908638954163,0.6372817090579439,0.5434928315026417,-0.0667857905583722,0.9999107718467712,0.6392844217164173,0.5429328118051799,-0.08105214469666988,0.9999440908432007,0.6393701689583912,0.5439156736646378,-0.08117603172681158,0.999967098236084,0.6394629836082455,0.5447788051196505,-0.0812363521595086,0.9999702572822571,0.635250627994537,0.5491758414677208,-0.032443618561540315,0.9999319911003113,0.6379407354763573,0.5507566622325349,-0.09737386980227057,0.9999321699142456,0.640664230074201,0.5525227359363009,-0.05770881375563994,0.9999020099639893,0.6416769640786304,0.5533175655773706,-0.07722192176484632,0.9999359250068665,0.636636364459991,0.5753651193210054,0.025760063156485546,0.9999798536300659,0.6382537790707177,0.597257920673915,-0.12149244099855416,0.9999935626983643,0.6500202775001522,0.5306219662938796,0.06713808072464802,0.5128068923950195,0.6436672653470717,0.6491373436791553,-0.14222168198653623,0.9976553320884705,0.652897807529994,0.48525483182498363,0.05212206127388134,0.8806976675987244,0.669261733123234,0.6595340711729865,-0.16291324964591428,0.9959679841995239,0.6545380030359538,0.47245938777923563,0.047741542330809975,0.8857746124267578,0.6752538919448849,0.6691310797418863,-0.18489676756518217,0.9920200705528259,0.6535106880324224,0.4706950834819246,0.03609377337353568,0.896873950958252,0.6766915134021211,0.6655525973864962,-0.18386329455035064,0.9912105202674866,0.6522494299071172,0.4756681842463355,0.04647714367934633,0.8851933479309082,0.6749566861561364,0.6624016983168463,-0.16312654231275825,0.9767072796821594,0.6418390580586022,0.6906669650759012,0.05165720443640434,0.9999765157699585,0.6410199029105047,0.6936785101890561,-0.05166759065219331,0.999977707862854,0.6581459726606094,0.7607597163745331,0.08174744801861895,0.7447356581687927,0.6495388013975958,0.7744497793061389,-0.043966742711407776,0.9810603857040405,0.65544467483248,0.8334894197327747,0.13202320890767227,0.887573778629303,0.6276033009801589,0.8530821306364873,-0.026562007995588426,0.9797857403755188,0.6502332806587217,0.846930873394012,0.1343483605555125,0.8907337188720703,0.6202282241412569,0.8675901021276198,-0.025668740964361586,0.918515682220459,0.6737953066825864,0.8386180588177269,0.10433982397828778,0.9135740399360657,0.6452970453671043,0.870089415141514,-0.06926668541772021,0.9602659344673157
7,0.6404889362198963,0.5478069492748803,-0.0795959555677005,0.9999256730079651,0.6380939211164198,0.5449105194636751,-0.07281511979443683,0.9998868107795715,0.637663800375802,0.545247331687382,-0.07291629186698365,0.9998956918716431,0.6371944870267593,0.545516433034624,-0.07289883643388745,0.9999154210090637,0.6384860481534682,0.5462615132331845,-0.08731518643242968,0.9999483227729797,0.6383087345532006,0.5474357247352597,-0.08744738016809732,0.9999692440032959,0.6381263000624517,0.5484415088381083,-0.08751748928001944,0.9999723434448242,0.6350428853716166,0.5513061489377701,-0.0348317583224603,0.9999355673789978,0.6359450697898862,0.5544697454997469,-0.10061308507408409,0.999936580657959,0.6406810317720684,0.5552970630781988,-0.06305197509271755,0.9999073147773743,0.6412730472428455,0.5569200515747068,-0.08277122420924046,0.9999397993087769,0.6370996270860941,0.5767982091222488,0.025778519761349462,0.9999788999557495,0.6379909089633394,0.5984808053289138,-0.12331774341208589,0.9999929666519165,0.6459611569132121,0.5267578414508273,0.06843362216438563,0.5025432705879211,0.6435094526835847,0.6487585357257295,-0.1465028707470212,0.9973632097244263,0.646055037634713,0.4770307549408502,0.05263222663530279,0.8814666867256165,0.6695821302277698,0.6573580196925569,-0.1665268957614898,0.994864821434021,0.6470879146030968,0.46367100051471144,0.047722411634666555,0.8880382776260376,0.6761596356119425,0.6662705404417852,-0.18869858298982883,0.9904064536094666,0.6458399210657388,0.4618547771658214,0.03641392261322054,0.8984022736549377,0.6778942465782163,0.662422054154532,-0.1870002554995672,0.9894495606422424,0.6447925840105326,0.4666665877614701,0.04712480492889879,0.8853268027305603,0.6759741238185335,0.6594989708491731,-0.1663877789463315,0.9719423651695251,0.6437371798924034,0.6909394213131492,0.05137360042759348,0.9999781847000122,0.6426719052450994,0.6937124133110043,-0.0513900602502482,0.9999793767929077,0.661234675134931,0.7605985794748575,0.07502503203494204,0.7339799404144287,0.6514551673616679,0.7755805815969191,-0.044302215427160244,0.9821791052818298,0.6553200364112851,0.8325500879968912,0.13052457783903387,0.8841254115104675,0.6281055382319856,0.8527177180562697,-0.024216088067208007,0.9809550046920776,0.6493332845824102,0.8470521790640692,0.13434970038277755,0.8842058777809143,0.6206043158258707,0.8664314729826788,-0.023333771473595062,0.9181079864501953,0.6725018518311634,0.8399806857109066,0.09710671880415503,0.9126809239387512,0.6455375569207324,0.8705341117722644,-0.07008351428168158,0.9626520872116089
8,0.6400314228875293,0.5523076670510426,-0.08878941897835047,0.9999300837516785,0.6372412562370298,0.5487718258585246,-0.08195320218801494,0.9998944401741028,0.6369727952139715,0.5487561634608675,-0.08206243216991421,0.9999015927314758,0.636703366892678,0.5487645047051564,-0.08203979581594463,0.9999204874038696,0.6372234855379375,0.550719344615936,-0.09627105189221241,0.9999523758888245,0.6369352766445702,0.5519316571099415,-0.09640771938221791,0.9999714493751526,0.6366651432854786,0.5530235801424297,-0.09648567097527636,0.9999743700027466,0.63453357389995,0.5548306652477807,-0.04239581120865683,0.999939501285553,0.6347127403531753,0.558997309207916,-0.10733829459973739,0.9999411702156067,0.6405960202217099,0.559260272979736,-0.07159329620855191,0.999913215637207,0.6407107131821765,0.5614485706601822,-0.09105959172759734,0.9999438524246216,0.6377296549933293,0.5788889220782687,0.018895163613238494,0.9999781250953674,0.6380739808082577,0.6011168343680242,-0.12779246185507087,0.9999920725822449,0.6411831515175952,0.5248119677816115,0.058426050628934564,0.5096588134765625,0.6436461993626182,0.649380096367427,-0.15329971654074526,0.9972053170204163,0.6393079587391441,0.4731502354145048,0.038371496913688505,0.8890841007232666,0.6698722396578105,0.6550459504127499,-0.17841517329215995,0.9946443438529968,0.639631128311157,0.4591876958097728,0.03215438992317232,0.8956676721572876,0.6768863967486787,0.6633942791393822,-0.20162031309945233,0.9902089238166809,0.6384061029979158,0.4577650657721926,0.020968535861798684,0.9051677584648132,0.6787129095622468,0.6593140295573641,-0.20006281861237107,0.9892446994781494,0.6375604357038223,0.4623212422643387,0.0328534529610936,0.892221212387085,0.6767989942005699,0.6566687958581103,-0.1783965736627578,0.9713627696037292,0.6460042050906587,0.6914955360548833,0.05077104930366786,0.9999794960021973,0.6445526071957177,0.6940631508827206,-0.05079568156174249,0.9999805688858032,0.6640723364693775,0.7607511571475434,0.067079150889601,0.7488377690315247,0.6533761484282354,0.7762227092470437,-0.04571878271443501,0.9835993647575378,0.6552794814109799,0.8314108473914006,0.12347377708980009,0.8920586109161377,0.6284064531326291,0.8523817743573866,-0.025140723479645584,0.9824784398078918,0.6487700223922725,0.8469253897666926,0.12782631133283884,0.8884899020195007,0.6209708435194831,0.8647118142672944,-0.024195135331579604,0.9217816591262817,0.6713822143418445,0.8409441317830764,0.08467602687222614,0.9189042448997498,0.6457404341016494,0.8703249250139504,-0.07244307122060227,0.9657243490219116
9,0.6394737158502848,0.5546774370329718,-0.0937572883708136,0.9999305605888367,0.6364167860576082,0.5514893242291039,-0.08653846723692754,0.9998975992202759,0.6362073114940094,0.5514379824910842,-0.08665727887834818,0.9999023675918579,0.6360126222882949,0.5514401895659309,-0.0866303137370518,0.9999216794967651,0.636317488125392,0.5533237474305286,-0.10115542326654701,0.9999549388885498,0.6360445976257321,0.5544780339513504,-0.10129308806998384,0.9999726414680481,0.6358051061630245,0.5555976799556185,-0.10137545232261926,0.9999755024909973,0.633922869818551,0.5583257487842013,-0.045352381361382324,0.9999404549598694,0.6341293931007381,0.5621786526271273,-0.11163017387901028,0.9999433159828186,0.6404805847576682,0.5612890516008647,-0.07602226138114926,0.9999149441719055,0.6405592935425891,0.5635360956192015,-0.09588428373847684,0.9999454021453857,0.6380819967814851,0.580478511537824,0.014902013354003424,0.9999770522117615,0.6382316878863741,0.6035539490836004,-0.13115748677934913,0.9999911189079285,0.6379950370107375,0.5253050753048485,0.05023253591997281,0.5056982040405273,0.6437434520040236,0.6501391734395705,-0.1570825674704142,0.9968151450157166,0.6332973820822576,0.472274851799011,0.02401934941964489,0.8911292552947998,0.6692921519279477,0.6521355594907485,-0.18460666750158575,0.9938948154449463,0.6324444549424304,0.4587476577077591,0.01638893458460058,0.8987946510314941,0.6769486086709156,0.6592610972268238,-0.2084335105759756,0.9893174767494202,0.6311854890414643,0.45765972392899623,0.005378787671881062,0.9077381491661072,0.6791712965284071,0.65530355146953,-0.20717775055340348,0.9883087873458862,0.6309085505349292,0.4621763987200599,0.018426815074469357,0.8939548134803772,0.6770651374544413,0.6531249710491722,-0.18472235032490314,0.9687982201576233,0.6485919867243083,0.6928717749459399,0.050521710408585385,0.9999806880950928,0.646303285871233,0.6955549274172098,-0.050554370135068874,0.999981701374054,0.6680496624537873,0.7604637214115684,0.0666938570993287,0.7525491118431091,0.6551277603421889,0.7775091920580179,-0.04676695136087279,0.9844475388526917,0.6560291647911068,0.830520061084202,0.1217634009463446,0.8949755430221558,0.6285668884004862,0.8522032022476193,-0.02682716564408369,0.9834342002868652,0.6497222219194682,0.8455537659781316,0.12584521131856094,0.889512300491333,0.6212784562792094,0.8632369365010939,-0.025790337313498755,0.922008752822876,0.6720365439142497,0.8415293761662072,0.08246841558388296,0.9216950535774231,0.6457429817744661,0.8695792845317292,-0.07266159589801513,0.967771053314209
10,0.6390471764973229,0.5563813584191456,-0.11586856075695577,0.9999260902404785,0.6356905613626749,0.5540934426443915,-0.10981876552104945,0.9998959302902222,0.6354982001440863,0.5543621897697446,-0.10994736318077356,0.9998980760574341,0.6353134989738461,0.5546297652380805,-0.10992314049175803,0.9999186992645264,0.6355556709425787,0.5556547233036584,-0.1247808586273874,0.9999555945396423,0.6352720039231434,0.5569749712944028,-0.12492088228464121,0.9999723434448242,0.6350143756185256,0.558371019363403,-0.12500734244074135,0.999975323677063,0.6332324045045032,0.5620031918798172,-0.06857640881623538,0.99993896484375,0.6333107556615554,0.5656903113637649,-0.13605323221002302,0.9999428391456604,0.6404542854854036,0.5630259445735384,-0.09819135346582954,0.9999128580093384,0.6405652608190261,0.5653715201786583,-0.11853899274553567,0.9999443888664246,0.6383514608655654,0.5816947919981817,-0.006795716817889894,0.999975860118866,0.638324735845838,0.6070471865790228,-0.15007305379424768,0.99998939037323,0.635558862345559,0.5269287688391547,0.02095409865890229,0.5089402198791504,0.6437546304294038,0.6535434535571504,-0.17464500325066695,0.9961625337600708,0.6280691674777437,0.47472642915589447,-0.014111107055630002,0.8937702178955078,0.6663417799132207,0.6498901656695771,-0.20872596757752546,0.9927569031715393,0.6260402117456706,0.4607935777732302,-0.024239285130585937,0.9021122455596924,0.6739253537995471,0.6550262093544004,-0.23356605895927965,0.9879183769226074,0.6244344013077869,0.46004721522331216,-0.03495074371541184,0.9104729294776917,0.6757123691695075,0.6511008909770417,-0.23299115129879533,0.9868278503417969,0.6245308450290132,0.4651486013616832,-0.01978206049783953,0.8959134817123413,0.6737175703048703,0.6494510735784256,-0.2092198589018412,0.9650928378105164,0.6512518252645217,0.6949663809367586,0.0506950107003961,0.999981701374054,0.647486921719142,0.6979535358292712,-0.05072685852646825,0.9999826550483704,0.6730175733566282,0.7592293841498235,0.06722065795745166,0.761745810508728,0.6566083856991356,0.7798603415489194,-0.05276276788541246,0.9853652119636536,0.6572394149644032,0.82930166210447,0.12930195501872466,0.8998579382896423,0.6285577109881807,0.8517161795071189,-0.0343530234481607,0.9844837188720703,0.6509337186813351,0.8426773241588044,0.13236290173871168,0.8927595019340515,0.6214401483535763,0.8626190372875755,-0.03357054005776131,0.9238767027854919,0.673687374591827,0.841877540520259,0.09613790767533434,0.9250677227973938,0.6456524474280219,0.8692236355372833,-0.08366661412375309,0.9698178768157959
11,0.6387262991496492,0.560249054431915,-0.12175890398877003,0.9999250769615173,0.6350876229149952,0.5580749801227022,-0.11268672027758184,0.9998986721038818,0.6349068709782189,0.5585031798907687,-0.11285357028245921,0.9998999238014221,0.6347328186035153,0.5589087332998001,-0.112844206392765,0.9999208450317383,0.6349323800631929,0.5599361419677732,-0.12677033852253636,0.9999570846557617,0.634631880692073,0.5616993342127117,-0.12690586447715752,0.9999727010726929,0.6343380859919954,0.5634988427162168,-0.1269978659493582,0.9999755024909973,0.6327389257294788,0.5662121840885704,-0.06730220672408382,0.9999417662620544,0.6325153657368249,0.5709072470664975,-0.13299582153558726,0.999942421913147,0.6404197062764846,0.566715792247227,-0.10110159878219872,0.9999159574508667,0.6404863493783131,0.5694686940738131,-0.12031852571027615,0.9999454617500305,0.6390974095889497,0.5840002042906622,-0.014795398046927788,0.9999772906303406,0.6383281299046104,0.6132164750780376,-0.14707730774368552,0.9999877214431763,0.6339527606964108,0.5292246750422884,0.016582677406924103,0.5232190489768982,0.642367933477674,0.6600374562399725,-0.18739780613354265,0.9922164678573608,0.6236319490841454,0.47909381645066373,-0.017455082439950524,0.8949345946311951,0.6605024661336623,0.6499770811625887,-0.214355644583702,0.9718619585037231,0.6206907391548153,0.4651887527533938,-0.027383898677570465,0.9034952521324158,0.6668033753122599,0.6533191851207185,-0.23860212777342105,0.9652072191238403,0.6188274213245935,0.4645589377198898,-0.03672992150698388,0.9113714694976807,0.6672852941921776,0.6479451009205406,-0.23763750961848656,0.9628235697746277,0.6191578762871875,0.46975215673446635,-0.02241973581590822,0.8956232070922852,0.6657090374401634,0.6469292981284003,-0.21479268414633607,0.923934817314148,0.6545338307108195,0.6986405645098002,0.05083646550774572,0.9999830722808838,0.6491477438381738,0.7018263714654102,-0.050873103524957365,0.9999837279319763,0.6774176461356024,0.7581924438476558,0.057202448163713705,0.7719081044197083,0.658491674491337,0.781882810592651,-0.06765356734395024,0.9861564040184021,0.657770000185285,0.8288828764642985,0.12132029788834703,0.8991837501525879,0.6286480188369749,0.8508539046560012,-0.056824729644826454,0.9852529764175415,0.6510884336062837,0.8410249795232496,0.124453284059252,0.8919394016265869,0.6215595296451021,0.8616836803300036,-0.05677186053778441,0.9234858751296997,0.6745124101638791,0.842227893216269,0.08768536852938785,0.9248600602149963,0.6456968273435317,0.8692874142101829,-0.11029991379805969,0.9713419079780579
12,0.6384473783629278,0.5650952424321853,-0.09900728911161419,0.999923586845398,0.6345526048115319,0.5625861610685073,-0.08798911316054203,0.9998998641967773,0.6343779597963602,0.5630110808781212,-0.088169951736927,0.9999008178710938,0.6342295987265447,0.5634359410830905,-0.08816948783184797,0.9999218583106995,0.6343856470925464,0.564984835897173,-0.1013317751032965,0.9999580979347229,0.6340643457003999,0.567216200487954,-0.10146216963018684,0.9999729990959167,0.6337294748851228,0.56935190643583,-0.10154810845851894,0.9999754428863525,0.6324083038738793,0.5702161141804284,-0.042432355295334526,0.9999440312385559,0.631792707102639,0.5764747602599005,-0.10576356830341471,0.9999419450759888,0.6404324361256188,0.5715086715562,-0.07796042763761107,0.9999168515205383,0.6404065234320502,0.5747548290661401,-0.09617128095456527,0.9999445676803589,0.6401523607117786,0.58739503962653,0.0010896037731851823,0.9999784827232361,0.6383820005825585,0.6195238913808547,-0.1259788472737584,0.9999857544898987,0.6326806409018377,0.5311390451022554,0.03182925156184603,0.5420089364051819,0.639866517271314,0.6673962967736378,-0.1803685396909713,0.9884172081947327,0.6197882873671392,0.4833531745842523,0.0037172186587537993,0.8990113139152527,0.6567326801163806,0.6505121043750215,-0.2106322441782269,0.9631274938583374,0.6160556554794309,0.4699356300490241,-0.0032587561756372467,0.9068596363067627,0.6623023424829753,0.6519918492862153,-0.2342243322304316,0.9561938047409058,0.614271032810211,0.4696173880781444,-0.013547585126278653,0.9140087962150574,0.661852077075413,0.6450333067349022,-0.2324061231953756,0.9530236124992371,0.6149722695350643,0.47474228569439453,-0.0017714660947344154,0.8979541659355164,0.6605617642402646,0.6446623223168506,-0.2108497372695377,0.9060463309288025,0.6573852419853207,0.7018032091004505,0.05107410826853341,0.9999843835830688,0.6510256682123454,0.7044700690678184,-0.051112943249089354,0.9999848008155823,0.6799001591546192,0.7578678590910771,0.03830560903464043,0.7881877422332764,0.6607385975973943,0.7824475611959181,-0.08365275263786312,0.9873126149177551,0.6575603536197114,0.8280281237193512,0.09219120719603126,0.9048957228660583,0.6296006679534909,0.8488829374313351,-0.08213491775095459,0.9863856434822083,0.650376120635441,0.8397541148321965,0.0948040862168584,0.8979727029800415,0.6216864177158898,0.8595396774155749,-0.08273680657148358,0.9281400442123413,0.6745896969522746,0.8425341197422569,0.05778131474341663,0.9289686679840088,0.6458572506904598,0.8694813694272718,-0.13565708569117949,0.9735298156738281
13,0.6380235944475443,0.56849718604769,-0.051941021212509667,0.9999284744262695,0.6340731058801921,0.5657469817570275,-0.04071127218859534,0.9999069571495056,0.6339001502309524,0.5660132459231783,-0.04087509097797527,0.999907910823822,0.633772013868604,0.5663162197385513,-0.040870027350527874,0.9999273419380188,0.633913695812225,0.5687247106007165,-0.05380187385848587,0.999961256980896,0.6335683465003965,0.5712655612400597,-0.05392837971448895,0.9999749660491943,0.6331862517765587,0.5736142311777386,-0.05400204594646178,0.9999771118164062,0.6322210720607209,0.5727452908243449,0.001530575798824433,0.9999485611915588,0.6312815342630655,0.5806713104248044,-0.06001437455415722,0.9999459385871887,0.6403563192912507,0.5747078010014123,-0.03308200389146802,0.9999226927757263,0.6402329853602815,0.5784718530518665,-0.05092870050242966,0.9999481439590454,0.6410873941012788,0.5895539964948379,0.04060490349573746,0.9999799728393555,0.6384156244141712,0.6226079378809245,-0.08945889004639213,0.999985933303833,0.631543341704777,0.5325275318963184,0.06918469082031928,0.5724753141403198,0.6374425104686189,0.6724630849702015,-0.1475232814039502,0.9887192249298096,0.6167492406708851,0.4871133114610397,0.044794234793101025,0.9068691730499268,0.6554917063031875,0.6507418683597016,-0.1876420144523892,0.965387225151062,0.6124548554420468,0.4750411782945903,0.03963940840746674,0.9138727784156799,0.6618086116654529,0.6507269246237616,-0.20988635718822468,0.9588071703910828,0.6107876420021054,0.4747979683535437,0.030952804987984035,0.9202799797058105,0.6614290492875232,0.6428163341113495,-0.20707819291523516,0.9557605385780334,0.6118519425392148,0.47977576255798315,0.04006025115294115,0.9049862027168274,0.6596580045563831,0.6430210675512038,-0.18734164237976064,0.9109271168708801,0.6598078744752063,0.7037712693214413,0.05141901820898053,0.99998539686203,0.653144778524126,0.7056786315781727,-0.051457028836011866,0.9999855756759644,0.6814950670514784,0.7581914714404511,0.024872841579573483,0.8052050471305847,0.6628753151212416,0.7821191787719723,-0.09246894248894279,0.9884569644927979,0.6576130969183782,0.8265223877770556,0.06303677175726205,0.9105055332183838,0.6311742084366931,0.84673957654408,-0.09631171311650953,0.9874542355537415,0.6505438123430521,0.8381155082157676,0.06505854427814481,0.9045851826667786,0.6220766799790516,0.8570113488606039,-0.09702770954796242,0.9332317113876343,0.674296939373016,0.8427914823804579,0.02867413695369446,0.9331299066543579,0.6459601725850783,0.8690862349101471,-0.14490960580962037,0.9756175875663757
14,0.6377317190170285,0.5703488980020792,-0.04074612877198625,0.9999314546585083,0.6337158935410633,0.5680598514420643,-0.03273718633822031,0.999911367893219,0.6335281985146655,0.5682836243084496,-0.032876626295702774,0.9999123215675354,0.6333878942898339,0.5685442158154076,-0.03285968638956545,0.9999306797981262,0.6335720913750782,0.5712466597557064,-0.045084031351975,0.9999634623527527,0.6331829616001671,0.5737712468419753,-0.045222526788711526,0.9999762773513794,0.6327425309589928,0.5761289664677208,-0.04529764481953209,0.9999781250953674,0.6320659586361473,0.5747221010071888,0.005435275978275707,0.9999517202377319,0.6310014469282964,0.5832911133766172,-0.05077994327460014,0.9999484419822693,0.6402707798140387,0.5763219969613209,-0.02519289436084882,0.9999265074729919,0.6401195083345683,0.5801893149103434,-0.04201696749244416,0.9999501705169678,0.642248121329716,0.5905500020299637,0.04696550059265322,0.9999812245368958,0.6386296425546916,0.6232967495918271,-0.0844050892761775,0.9999858140945435,0.6308622990335734,0.5336072036198205,0.06278168261051176,0.601007342338562,0.635803573472159,0.6757896014622276,-0.135248053073883,0.988908588886261,0.6146298698016572,0.4903911411762235,0.03241055054324012,0.9139595031738281,0.6539231572832377,0.6508787172181263,-0.19714372668947483,0.967310905456543,0.6096982955932615,0.47939703634807024,0.02495241370052098,0.9201591610908508,0.6610264352389741,0.650223156384059,-0.22082051166466293,0.9610003232955933,0.6080416611262727,0.4790165271077835,0.018255531049466554,0.9259111881256104,0.6609130195208955,0.6421691724232262,-0.2175086898463112,0.9580786824226379,0.6093616655894686,0.483873094831194,0.02850557972810097,0.9113279581069946,0.6588697484561372,0.6426571897097992,-0.19690947702952785,0.9152828454971313,0.6622552377837042,0.7047965015683852,0.05073958220226421,0.9999863505363464,0.6556084343365258,0.7068119576999117,-0.05077869466372897,0.9999863505363464,0.6826257961136951,0.7583200829369678,0.03190854085343223,0.8204470872879028,0.6644431591033932,0.7818850977080205,-0.09101942437035693,0.989497184753418,0.658472406864166,0.8236242124012535,0.08227224797010418,0.9161388278007507,0.6322702237537926,0.8446351408958431,-0.07794202885457444,0.9884275197982788,0.6518328411238531,0.8332231163978573,0.08537436276674268,0.9107422828674316,0.622624029432024,0.8543041348457332,-0.07657712857638083,0.9377989172935486,0.6736587456294465,0.842559879166739,0.05101222683276446,0.9372023344039917,0.6459499171801972,0.8684817228998453,-0.12126629373856948,0.9775334596633911
15,0.637742003372737,0.571915427276066,-0.05899971531970157,0.9999113082885742,0.6336863057953968,0.5704234719276425,-0.05110007609639847,0.9998875856399536,0.6334722484861098,0.5707023552485873,-0.05125343171613555,0.9998903274536133,0.6332999212401251,0.5710050463676449,-0.05123688355088231,0.9999125003814697,0.6335739578519546,0.5734654034887039,-0.06242974666612486,0.9999536275863647,0.6331587553024289,0.5758141551698954,-0.06257850251027514,0.9999693632125854,0.6326887709753851,0.5780806677682057,-0.06266888209751671,0.9999712705612183,0.6320843662534439,0.577161759989602,-0.010686525735738018,0.9999440312385559,0.6311290979385373,0.5855030911309376,-0.06128120848110741,0.9999349117279053,0.6402583309582299,0.5775743416377473,-0.04253309262650351,0.9999116063117981,0.6401096463203426,0.5811136245727536,-0.05804179087281225,0.9999373555183411,0.6435755167688639,0.5911244171006336,0.02844385584550243,0.9999815821647644,0.6389025909560064,0.624107355730874,-0.09093657732009883,0.9999828338623047,0.6306679436138695,0.5346003924097331,0.03914192212479453,0.6304981112480164,0.6339446578707011,0.6777787753513878,-0.1518296003341674,0.9871698021888733,0.613171589374542,0.49306774480002247,0.004329972953668661,0.9192531704902649,0.6498984115464344,0.6518154876572743,-0.22216685797486974,0.9659001231193542,0.6077051741736272,0.4825615712574548,-0.0061444687524012135,0.9243447780609131,0.656103900500706,0.6511600766863139,-0.24836407346384853,0.9591761827468872,0.6060957278524124,0.4819170492036,-0.010447295382618899,0.9294702410697937,0.6565814903804231,0.642931337015969,-0.24423930389540527,0.9561325311660767,0.6076142447335378,0.4866334659712653,0.0015179478696414391,0.9151268601417542,0.6549400329589841,0.6435263446399141,-0.22214615685599182,0.9116303324699402,0.6652474199022562,0.7063984138625006,0.04930688419512338,0.9999870657920837,0.6583314963749474,0.7093612364360261,-0.04935230995927536,0.9999868273735046,0.683703575815473,0.7585424559456958,0.0497512449111257,0.8353309631347656,0.6666936022894719,0.7822662319455824,-0.08498711798872262,0.9904079437255859,0.6603368554796488,0.8204778603145051,0.11903642671448837,0.9223621487617493,0.633147403172084,0.8424192871366225,-0.049859325907060055,0.9892598390579224,0.6542880960873192,0.8282900827271593,0.12398914311613349,0.9158730506896973,0.623871656826564,0.8504942808832436,-0.04626988630209648,0.9404035210609436,0.673670923709869,0.84169179882322,0.09173135352986195,0.9414854049682617,0.6461967859949381,0.8678048133850094,-0.0872274524399212,0.979188084602356
16,0.6377836499895365,0.5724100368363514,-0.07507048973015373,0.9999091029167175,0.6338244455201283,0.5715991445950097,-0.06724533587694165,0.9998862147331238,0.6335637433188299,0.5720170514924183,-0.06740385677133284,0.9998899102210999,0.633340958186558,0.5724422999790735,-0.06738822880600176,0.999911367893219,0.6337806888989037,0.5742888944489613,-0.07883893230131692,0.9999527335166931,0.6333748170307701,0.5765376823289051,-0.07899489168609888,0.9999686479568481,0.6329233935901094,0.5787338478224615,-0.07909319081476752,0.9999701380729675,0.6320804510797771,0.5789950455938064,-0.025571221618780057,0.9999457001686096,0.6314230782645086,0.586484839235033,-0.07607226403696193,0.9999342560768127,0.6403826117515561,0.5780551075935361,-0.058021102952105635,0.9999117255210876,0.640215638705662,0.5812139596257888,-0.0739185599344117,0.9999363422393799,0.6453698107174461,0.5918076923915315,0.013813063622053173,0.9999822378158569,0.6390452878815784,0.6241381270544866,-0.09762853873627522,0.9999809265136719,0.6310500553676057,0.5356089813368659,0.020075160271621165,0.6621183753013611,0.6318843245506284,0.678382905891963,-0.16978605943066727,0.9872952103614807,0.6126227004187444,0.49473074844905285,-0.01650576745825154,0.9255717396736145,0.6460061516080581,0.6523188199315749,-0.2446540755884987,0.9672462344169617,0.6067246403012954,0.4843897002083912,-0.027148292107241484,0.929714024066925,0.6514005490711754,0.6504552687917434,-0.2727562159299849,0.9605395197868347,0.6051125083650859,0.48354193142482194,-0.032938817782061425,0.9342846870422363,0.6523671644074573,0.6422026055199757,-0.26755844865526457,0.957554817199707,0.6068342855998445,0.48839261957577274,-0.020176833122968668,0.9207339882850647,0.6511836579867769,0.6433579359735758,-0.24466959621225076,0.9144158363342285,0.6671317594391956,0.7070757627487179,0.048277744757277606,0.9999876022338867,0.6600026028496875,0.7112244469778874,-0.048326991498470286,0.9999870657920837,0.6842992476054597,0.7589112009320937,0.06085272761327877,0.8504595160484314,0.6695175170898435,0.7826396209853033,-0.0802272015384265,0.9913120865821838,0.6611872587885173,0.8172827686582289,0.13881178987877701,0.928681492805481,0.6346307465008324,0.8392555696623663,-0.032306778643812435,0.9901393055915833,0.6557216491018021,0.8248288767678393,0.1441812479070254,0.9215202927589417,0.6258889589990886,0.84622711113521,-0.026055483626467826,0.9442631006240845,0.6737305845533095,0.8405458671706059,0.11335625084383141,0.9458821415901184,0.6468276636941089,0.8670388511248992,-0.06634753346443173,0.9808912873268127
17,0.6381190248898094,0.5716261948857986,-0.08569458212171277,0.9999104142189026,0.6340883612632748,0.5710490056446618,-0.07814181127718513,0.9998891353607178,0.6338252408163885,0.571498576232365,-0.07829210917864524,0.999893307685852,0.6335967676980152,0.5719454509871343,-0.07827676502721648,0.99991375207901,0.6341563497270855,0.5736894113676885,-0.09107659012079235,0.9999538064002991,0.6338540213448658,0.5760402679443357,-0.0912319868803024,0.9999691843986511,0.6335028341838289,0.5783431632178168,-0.09132628568581168,0.9999703168869019,0.6324744718415394,0.5789660896573745,-0.036880521156958154,0.9999485611915588,0.6320802603449137,0.5865657602037699,-0.09274141831057409,0.9999358057975769,0.64106753042766,0.5772824321474346,-0.06842903984444479,0.9999149441719055,0.6410089782306123,0.5804050275257653,-0.08614988901785438,0.9999378323554993,0.647084273610796,0.5912472418376374,0.007459998313736698,0.9999830722808838,0.6394158584730962,0.6235830068588254,-0.10794399955442968,0.9999790191650391,0.6314277955463952,0.5361993619373864,0.015541282003479335,0.6882416605949402,0.630261148725237,0.6782601203237257,-0.18464862576552793,0.9867005944252014,0.6139341218130927,0.49379745040621054,-0.022996108579848483,0.930227518081665,0.643121789182935,0.6528469869068687,-0.2616121419838495,0.9654603004455566,0.6081553220748899,0.48485819186483087,-0.03343040607869624,0.9335050582885742,0.6483277899878362,0.6487195321491783,-0.29020144683974114,0.958169162273407,0.6064602783748079,0.4841105529240197,-0.04028342770678655,0.9375925660133362,0.649364147867475,0.6402696371078488,-0.28453706758362896,0.9548640251159668,0.6081897258758542,0.4886649455342972,-0.027171859251601344,0.9245147109031677,0.6482793433325629,0.6422250287873401,-0.2615242600440978,0.9100944399833679,0.6676108666828697,0.7070305994578767,0.04862339134727203,0.9999879598617554,0.6605825628553115,0.7115222862788606,-0.04866404724972587,0.9999870657920837,0.6853720443589344,0.7591900399753022,0.05643442784036907,0.8639375567436218,0.6722817523138861,0.7832207850047517,-0.08190069837229588,0.9921140670776367,0.6608900478907991,0.8154191102300368,0.12618052107947209,0.9336622357368469,0.6365815775735035,0.8364716870444158,-0.04283304757305552,0.9908965826034546,0.6554975594793044,0.8241161210196355,0.1305304457034383,0.9255922436714172,0.6284079807145252,0.8431280238287785,-0.03667075963956967,0.9476655721664429,0.6737004501479009,0.8395249162401468,0.09881459304264609,0.9492976665496826,0.6479726059096197,0.8658995100430076,-0.07541278047221044,0.9823611378669739
18,0.6391414352825707,0.5708759273801528,-0.10250202084758447,0.9999151825904846,0.6346356987953183,0.5700235792568749,-0.09490626204226693,0.9998956322669983,0.6344094072069437,0.570443945271628,-0.09505659174174066,0.999899685382843,0.6342113835471014,0.5708868214062279,-0.09504532534629102,0.9999186396598816,0.6347052659307204,0.5729093773024421,-0.1075307850609533,0.999956488609314,0.6344719324793131,0.5754876783915925,-0.10768716420778734,0.9999709129333496,0.6341927477291649,0.5779916286468503,-0.1077833313794274,0.9999718070030212,0.6332767503602161,0.5779402187892366,-0.05181021850023949,0.9999520778656006,0.6328935742378232,0.586429941654205,-0.11173063191984377,0.9999393820762634,0.6424356324332098,0.5760384525571548,-0.08441333706889831,0.9999203085899353,0.6424651878220691,0.5800047346523827,-0.10172874527384657,0.9999414682388306,0.6483931439263477,0.589095250197819,-0.0041534144165260465,0.9999840259552002,0.6399625284331183,0.6255073462213786,-0.11990167424082751,0.9999783635139465,0.6329366479601176,0.5258343373026164,0.005263758164697455,0.7124977707862854,0.6293084110532485,0.6907626322337557,-0.19637902421610687,0.9865579009056091,0.6163384863308495,0.4776614512716018,-0.03434500476079327,0.935314953327179,0.6414493850299288,0.6653139429433002,-0.2844579566802296,0.9659801721572876,0.6109409213066098,0.46853409239224003,-0.0454459497971194,0.9379904270172119,0.6471176590238297,0.6586721403258184,-0.31434599075998565,0.95857173204422,0.6088619232177731,0.4680005575929367,-0.05301693422453742,0.9417120814323425,0.6484028731073649,0.6498747970376693,-0.3096549572689191,0.955277681350708,0.6107299702508107,0.47263659579413253,-0.038860492567930886,0.9293475151062012,0.6473597356251305,0.6523965529033112,-0.285039591363498,0.9110166430473328,0.6673563906124658,0.7061260921614507,0.046971352611269244,0.9999879598617554,0.6606116345950532,0.7112325038228713,-0.0470132092280047,0.9999867081642151,0.6860695600509641,0.7596377457891188,0.0471802163336958,0.8757003545761108,0.6734647904123575,0.7826166834150038,-0.08204005552189686,0.9928074479103088,0.6601429990359712,0.8146900926317484,0.11424484529665532,0.9376879334449768,0.6384685942104882,0.8334973062787734,-0.043910853990486665,0.9915177226066589,0.6546657000269205,0.824210781710488,0.11837720402649465,0.9282820224761963,0.6305715663092474,0.8399079748562401,-0.03792441817266599,0.9502069354057312,0.6736052989959713,0.8387034075600757,0.0834410184196063,0.9520334005355835,0.649049855981554,0.8640858020101271,-0.07662796505859916,0.9836170673370361
19,0.6389483911650518,0.5697294133050098,-0.07183388794240139,0.9999099969863892,0.6344724450792583,0.5691886407988409,-0.06511800528636998,0.9998906254768372,0.6343007411275589,0.5696841495377674,-0.06525747001703294,0.999894917011261,0.6341584035328454,0.5702424883842465,-0.06522672966654809,0.9999147057533264,0.6345563139234267,0.5712024194853644,-0.07670297998535844,0.9999536871910095,0.6344214149883812,0.573150495120457,-0.07685394865859829,0.9999684691429138,0.6342494419642855,0.5750035302979603,-0.07693272628156199,0.9999692440032959,0.6338011384010311,0.5767959577696662,-0.029097492886441083,0.9999510645866394,0.6335781608309061,0.5822103534426005,-0.08653654551931786,0.9999345541000366,0.6420550142015726,0.5737228138106207,-0.05641895404883791,0.9999193549156189,0.6421586513519284,0.5769628269331792,-0.0724460202402302,0.9999394416809082,0.6466449635369433,0.5904369660786217,0.014412927265012896,0.9999842643737793,0.6415011457034517,0.6149157030241827,-0.10339016339608596,0.9999749660491943,0.6342099411146978,0.5611895407949172,0.022901168492223525,0.7347630262374878,0.6311154161180765,0.638489188466753,-0.16687277725764676,0.985783040523529,0.6234486613954814,0.5253946176597049,-0.0170376369729638,0.9407060742378235,0.6387095212936398,0.6000517044748577,-0.2324706671493393,0.9674299955368042,0.6202219060489107,0.5211382695606774,-0.025295626318880476,0.942895233631134,0.6416980981826779,0.5901574560574121,-0.2594184990440095,0.9603099822998047,0.618837761878967,0.5193824853215896,-0.034284081762390464,0.9462825059890747,0.6421087605612616,0.5862530980791362,-0.25362568667956753,0.9572286009788513,0.6203957165990555,0.521156128815242,-0.021828750627381453,0.9347540140151978,0.6417075991630551,0.5907495779650549,-0.23255156917231415,0.9150252342224121,0.6662479247365676,0.7000448192868911,0.044959344395569374,0.999987006187439,0.6618542024067467,0.7053391865321565,-0.04500310367771555,0.9999846816062927,0.6848712052617751,0.7583717039653229,0.042680695759398576,0.886874258518219,0.6752442887851167,0.7752316611153734,-0.08833491461617601,0.993369996547699,0.6598570517131257,0.8144518664904999,0.10203541485326625,0.9424248933792114,0.6429187825747895,0.8289419668061389,-0.06476934094514163,0.9919882416725159,0.6542175854955398,0.8241150038582934,0.10575505963393615,0.9318539500236511,0.6340952140944341,0.8340781654630385,-0.061853507267577275,0.9515331983566284,0.6738720008305138,0.8380683439118518,0.07221844441124368,0.955437183380127,0.6508005193301606,0.8615426608494346,-0.098544844346387,0.9846410751342773
20,0.6379560589790341,0.5645129442214963,-0.018659773256097512,0.9999064207077026,0.6338779245104106,0.5648956486157006,-0.011842464442764003,0.9998890161514282,0.6337099262646263,0.5657371486936293,-0.011962422116526528,0.9998935461044312,0.6335589528083798,0.5667247193200246,-0.011915324841226843,0.9999136328697205,0.633909656320299,0.5653516616140091,-0.023864798176301896,0.9999488592147827,0.6337746603148321,0.5663982595716202,-0.024002576316706825,0.9999653697013855,0.6336186255727493,0.5673702427319115,-0.02406522822233714,0.9999655485153198,0.6335685372352597,0.5738724708557126,0.015771620241659023,0.999949038028717,0.6335819687162123,0.5740110346249169,-0.04104657050754341,0.9999262690544128,0.6406054002898076,0.568455464499337,-0.006198825527514724,0.9999103546142578,0.640675354003906,0.5697462320327756,-0.023086697824432366,0.9999234676361084,0.6435789448874334,0.5930180209023609,0.05104662501918415,0.9999819993972778,0.642778749125344,0.5960068651608056,-0.07226636441690577,0.9999744892120361,0.6344289507184706,0.6164518645831514,0.05225557004367664,0.6831849217414856,0.6334975600242612,0.5685868263244627,-0.12019710838794703,0.9870306253433228,0.6303110105650762,0.5952238065855842,0.0065729100789342545,0.8918172121047974,0.6370414069720673,0.5346110812255311,-0.14402911769492277,0.9702554941177368,0.6286896330969671,0.5967983790806359,0.0010070913604327556,0.9001519083976746,0.6375747476305278,0.5218334606715609,-0.16468688334737497,0.9634455442428589,0.6282164522579735,0.5928627823080332,-0.008440817998988288,0.9036110043525696,0.6377236826079229,0.513847357034683,-0.15661486067942204,0.960543692111969,0.6293094107082908,0.5904502630233761,0.0017850166452782453,0.8880002498626709,0.6378682238715032,0.5134711895670208,-0.1425697250025612,0.9218510389328003,0.665148660114833,0.6911191020693095,0.04415028563567568,0.999987781047821,0.6639995302472792,0.6947295648711065,-0.04419783800840375,0.999985933303833,0.6814723185130525,0.7557917271341592,0.043755143880844095,0.8936423659324646,0.676467863151005,0.7646583761487684,-0.0925110450812748,0.9939807057380676,0.6601985778127395,0.8147495099476402,0.08146721890994477,0.947227418422699,0.6497256943157738,0.8246252349444795,-0.08096489097390852,0.9926871657371521,0.6546107377324782,0.8239152312278744,0.0829480939677783,0.937689483165741,0.6403571673801964,0.8295031070709225,-0.08001010119915006,0.9555829763412476,0.6739453400884352,0.8378616452217097,0.051193468139639896,0.9588325023651123,0.6529365045683722,0.8591195617403299,-0.1187285103968211,0.985987663269043
21,0.6362105182238984,0.5527299353054589,0.01176054642003562,0.9998257160186768,0.6323785526411871,0.5536607759339466,0.013936477846332958,0.9997722506523132,0.6321303486824033,0.5547061749867028,0.013832919592303887,0.9997804760932922,0.6318802135331287,0.5558938639504566,0.013925591297447682,0.9998243451118469,0.6324215906006946,0.5533033932958328,0.0030870471881436507,0.9998703598976135,0.6322351302419387,0.553930272374834,0.0029238519524889383,0.9999105930328369,0.632027527264186,0.5545300109045843,0.0028669371003551183,0.9999129772186279,0.631442058086395,0.5645287087985444,0.034239360304283234,0.9998593330383301,0.6316886612347191,0.5623578803879872,-0.0191527129283973,0.9997977614402771,0.6385282788957864,0.5573251724243162,0.020109378120728896,0.9997444748878479,0.6385880470275876,0.557089589323316,0.006135805988950395,0.9997441172599792,0.6410956825528823,0.5859554478100366,0.0676302215583356,0.9999721050262451,0.6432701144899637,0.5802258900233674,-0.06292844372136248,0.9999603629112244,0.6388181328773496,0.6229561805725095,0.07788641564548013,0.6250069737434387,0.6373002750532964,0.5401657308850967,-0.10972730389663146,0.9855865836143494,0.6425924250057762,0.6047126727444783,0.040607681604368326,0.824298083782196,0.6341223035539896,0.5036478825977868,-0.13073945194482794,0.9646319150924683,0.6428159730775012,0.6039839250700811,0.03940321137862544,0.8408618569374084,0.6312904766627718,0.4974033253533497,-0.1492656150034495,0.9535330533981323,0.642783963680267,0.5982626591409953,0.027577673191470746,0.8452837467193604,0.6303309968539643,0.48202605077198546,-0.14160792231559746,0.9494789838790894,0.6429768971034455,0.5973530956677026,0.03511884185884678,0.8273532390594482,0.6315494196755542,0.48324919853891624,-0.1294106027909687,0.9079191088676453,0.664283614499228,0.6754755667277741,0.04483986858810695,0.9999854564666748,0.6655383348464963,0.6781576378004889,-0.044895932610545815,0.9999847412109375,0.676734866414751,0.7477079136031011,0.04833647406526972,0.8769673705101013,0.6762812801769799,0.7514380233628406,-0.08872978091239925,0.9927575588226318,0.6613215429442266,0.81422723361424,0.06537509784102438,0.9454489350318909,0.6575734853744504,0.8218391963413779,-0.0869500094226428,0.9916521906852722,0.6559678929192676,0.8234222480228964,0.06465131464813434,0.9349293112754822,0.6499613080705913,0.8287780063492908,-0.08554338046482628,0.9511314630508423,0.6721517103058948,0.837830669539315,0.03244852035173347,0.9555456638336182,0.6586130687168663,0.854028669425419,-0.1261776902845927,0.9843790531158447
22,0.6343137758118762,0.5354306782994949,-0.028947005420923228,0.9998155236244202,0.6300946269716532,0.5369697128023417,-0.02671149511422429,0.9997516870498657,0.6297571982656204,0.5380937763622826,-0.026823825202882283,0.9997498393058777,0.6293791685785564,0.5393464343888417,-0.02674827852419444,0.9998105764389038,0.630137182985033,0.53750832591738,-0.0376791085266242,0.9998637437820435,0.6298857774053298,0.5389108538627623,-0.03785178076276288,0.9999023675918579,0.6295930658067972,0.5404135789190017,-0.03792950168052421,0.9999067187309265,0.6282373104776653,0.5499957493373323,0.005008073683295923,0.999843180179596,0.628588681561606,0.551166452680315,-0.05397308144186222,0.9997511506080627,0.6369956680706566,0.5410337294851028,-0.01788993727947984,0.9997414946556091,0.6369851350784299,0.5418698140553063,-0.03140950100829026,0.9997361302375793,0.6391779405730109,0.569736576080322,0.04655307637793674,0.9999718070030212,0.6434384192739211,0.5773983393396647,-0.08722479789118678,0.9999479651451111,0.639150101797921,0.5703947050230842,0.09418189142431527,0.5784270763397217,0.6401953492845804,0.5769077556473866,-0.1732954983200345,0.9579779505729675,0.6379784771374291,0.5586325321878702,0.1003906766218798,0.81796795129776,0.6293711406844,0.551442286797932,-0.2584453452910695,0.9558810591697693,0.635696038178035,0.5561196156910485,0.10535090927566795,0.833424985408783,0.6237318617956976,0.5523183703422544,-0.28427345284393846,0.9440565705299377,0.6354574305670599,0.5517903736659456,0.09143904064382821,0.8400307297706604,0.6236764856747216,0.5313656917640139,-0.2795550225036484,0.93983393907547,0.6363973719733098,0.5537223526409691,0.09528464297098768,0.8213290572166443,0.6262667179107663,0.5355522734778265,-0.25954450901065546,0.8915830254554749,0.6631876196180068,0.6576516168458117,0.04466534171785625,0.9999751448631287,0.6661016549382888,0.6618783780506676,-0.044735619106463,0.999970018863678,0.6707835095269337,0.737083542346954,0.0442402641421982,0.8042072653770447,0.6744600619588577,0.738997479847499,-0.07947058251925873,0.9578231573104858,0.6627547264099118,0.8108943326132634,0.04821482822299002,0.8926852345466614,0.6638545257704596,0.816914628233228,-0.07630727823291503,0.9751237034797668,0.658005801268986,0.820306379454476,0.045686931695256894,0.8841034173965454,0.6585673093795773,0.8253314869744434,-0.07462403454950874,0.9137787222862244,0.6698714188167023,0.8371624452727178,0.005594494912241185,0.9145757555961609,0.664647463389805,0.848053407669067,-0.1198775804468563,0.9650039076805115
23,0.6309234942708694,0.5184989844049723,-0.011212918195607404,0.9998335838317871,0.6268445798328941,0.5208411540303909,-0.007317855581641195,0.9997761845588684,0.6265360372407093,0.521917573043278,-0.007426636054047513,0.9997744560241699,0.6261841961315697,0.5230798023087635,-0.007380819134414199,0.9998292922973633,0.6269672291619435,0.5219047716685701,-0.019582850313080203,0.9998772144317627,0.6268138068062915,0.5236425433840068,-0.019744051407490457,0.9999119639396667,0.6266213042395452,0.52550641809191,-0.01980726455471345,0.9999158382415771,0.6254574418067929,0.5337994711739673,0.023877351185572982,0.9998587369918823,0.6259878345898218,0.5366233382906229,-0.03969114795327185,0.9997750520706177,0.6343895775931219,0.5244843636240275,-0.00024038052984646716,0.9997669458389282,0.6344002178737093,0.5260068740163528,-0.01583138282543846,0.9997618198394775,0.6357132366725373,0.5582549929618833,0.06314197395529063,0.9999743103981018,0.6440107975687297,0.5660156045641216,-0.07270374580153394,0.9999480843544006,0.6379588535853792,0.5570931366511751,0.13563393801450724,0.5836237072944641,0.6432991930416649,0.5915127371038706,-0.14240956753492348,0.9556705355644226,0.6328938552311485,0.5561399596078053,0.18709371068647923,0.8309651613235474,0.6323789800916397,0.563396973269326,-0.20091578087636394,0.9486373066902161,0.6285880395344323,0.5543015394892009,0.20048453004232464,0.8439437747001648,0.6257875255175995,0.5645389063017706,-0.2191687503031321,0.9353793859481812,0.6288425036839074,0.5508983782359529,0.18759491536766282,0.8507722616195679,0.624402272701263,0.5517230834279738,-0.21407568965639379,0.9308953881263733,0.6303479126521516,0.5536323785781858,0.1835355654891047,0.832446813583374,0.6267391426222662,0.5596673071384428,-0.20093806641442424,0.877667248249054,0.6614548649106704,0.6422162617955887,0.04621043583112101,0.9999760985374451,0.6674017940248759,0.6444024375506807,-0.04627371792282375,0.9999706149101257,0.6643878034182954,0.7259806445666719,0.03157253768295048,0.7917234301567078,0.6738648278372625,0.7249821220125467,-0.07789746395179199,0.9614530205726624,0.6629721420151844,0.8050364102636061,0.012397283741406025,0.8991017937660217,0.6703494940485271,0.8079586114202223,-0.09710720777511592,0.9773934483528137,0.6589728559766495,0.8149571078164233,0.008020653948187826,0.8911952972412109,0.6652197871889384,0.8184140103203905,-0.09914257568972447,0.9212265014648438,0.6696766138076778,0.8338872517858229,-0.0274540390819311,0.9210829138755798,0.67638030392783,0.8361508488655086,-0.13805793289627344,0.9682697653770447
24,0.6274013604436599,0.5108015298843381,0.06538876257836815,0.9998449087142944,0.6237169078418183,0.5129592112132478,0.06910142744226112,0.9997940063476562,0.623340536866869,0.5142993228776112,0.06901726658855162,0.9997929334640503,0.6229330795151844,0.5157219886779782,0.06902070638856714,0.9998434782028198,0.6243241463388712,0.512402694565909,0.05744081341794556,0.9998851418495178,0.6244170716830659,0.5132169604301451,0.05730847897274151,0.9999170303344727,0.6244889242308478,0.5140802689961022,0.05725931003689763,0.9999198913574219,0.6230509076799662,0.5245294042995995,0.07841638699173924,0.9998714327812195,0.6252889803477693,0.5214518530028205,0.024264568729060024,0.9997882843017578,0.6306529385702948,0.5172206708363122,0.07031073809734409,0.99977046251297,0.6311468447957718,0.5168680139950341,0.05403211590434821,0.9997455477714539,0.6310545427458624,0.5585793903895784,0.09668908161776402,0.9999722838401794,0.6444696341242107,0.542354003020695,-0.01559172734352094,0.9999420046806335,0.6357779741287228,0.5870357360158645,0.16209419838019773,0.5418397784233093,0.6445662498474118,0.5490681384290965,-0.02256952215518269,0.9364511370658875,0.6323173574038912,0.5831577113696504,0.23740394988230284,0.7498332262039185,0.6407839434487477,0.5568071637834819,0.025404749172074446,0.8671628832817078,0.6288328255925857,0.5821035282952443,0.25605985607419685,0.7631084322929382,0.6363987241472513,0.5548371945108683,0.02756391550813401,0.8591837882995605,0.6292918988636559,0.5786095721381048,0.24760797534670137,0.7696720957756042,0.6347163558006284,0.5533206096717287,0.03309509158134459,0.8535592555999756,0.6304202812058581,0.5790928465979437,0.23612887135573785,0.7536016702651978,0.6356868658746988,0.555228644609451,0.028330448056970315,0.8043829798698425,0.6587747624942232,0.6366820948464527,0.03885967193969657,0.9999769926071167,0.6691091435296193,0.6328611373901364,-0.038941170062337584,0.9999717473983765,0.6598231809479846,0.718656824316297,0.015770611539483063,0.7848008871078491,0.6738226430756702,0.7158509067126679,-0.060637298119919615,0.9649149179458618,0.6615606120654511,0.7990303192819863,-0.03601136114448308,0.9006574153900146,0.6779896753174914,0.797562936374119,-0.11261457417692453,0.9793990850448608,0.6588533639907834,0.8090638518333432,-0.042146723983543244,0.8989802002906799,0.6733865771974833,0.8098881483078,-0.11504127989922246,0.928402304649353,0.6701206309454779,0.8310113583292276,-0.06600368909005605,0.9227226376533508,0.6911662629672456,0.8173132181167598,-0.1476877963968685,0.9705623388290405
25,0.6233350259917121,0.511741186891283,0.14117411577275815,0.9998566508293152,0.6201017669269013,0.5121624469757078,0.13886474221944806,0.9998114705085754,0.6194557019642418,0.5138573901993886,0.13880187283669193,0.9998099207878113,0.6188281876700262,0.515548012937818,0.13881463110446923,0.9998566508293152,0.6216195378984721,0.5090691873005456,0.1313913814723491,0.9998944401741028,0.6220577836036679,0.5084251182419911,0.13126018153769625,0.9999233484268188,0.6225187029157363,0.5076860019138879,0.13122381408299713,0.9999262690544128,0.6192233766828261,0.5218198503766739,0.11942445842017015,0.9998825788497925,0.6247183254786897,0.5102563193866183,0.0851132524865014,0.9998067021369934,0.6253486360822402,0.5183022720473152,0.13636804574302258,0.9997833967208862,0.6268442426409037,0.5149332642555234,0.12567517821277885,0.9997581243515015,0.6272471410887579,0.5622249194553918,0.11879600563219611,0.9999701380729675,0.644173809460231,0.5193498270852223,0.03349037463111536,0.9999458193778992,0.6392161965370176,0.6066460353987555,0.15328084443296697,0.4986584186553955,0.6467343517712181,0.4983118729931965,0.07818283289670942,0.9352676868438721,0.6479296173368179,0.6001955628395077,0.20891324026244018,0.6754533648490906,0.6479648470878598,0.5033663000379287,0.20275219380855553,0.7832676768302917,0.6493433237075803,0.5962831224714005,0.2244762820856911,0.6875981092453003,0.6466300180980133,0.49923217637198286,0.21750707541193273,0.7747327089309692,0.6507477641105649,0.5912838544164383,0.21773040379796701,0.6935610771179199,0.643985455376761,0.5045110140527995,0.22330669462680808,0.7694714665412903,0.650133611474718,0.5917022807257513,0.20746125153132838,0.6791099905967712,0.6436299732753206,0.5064524582454134,0.20752071206058767,0.7251894474029541,0.6560273732457839,0.6338460428374151,0.03030215241014956,0.99997878074646,0.6697993755340572,0.6254217386245724,-0.03040519495095524,0.999974250793457,0.6593394330569673,0.7115890417780192,0.0073009353929332265,0.7818818092346191,0.6751374397959025,0.7081549065453663,-0.03694781288504599,0.9619959592819214,0.6592955333845953,0.7921792779650003,-0.048551609886011884,0.8960299491882324,0.6853533012526374,0.7888512100492201,-0.0955036457095827,0.9754587411880493,0.6564836025238034,0.8031018631798876,-0.053783561262701216,0.9052982330322266,0.682565629482269,0.8031358378274096,-0.09619088002613609,0.9313444495201111,0.6684678554534909,0.828547324453081,-0.06907716047550948,0.9097792506217957,0.7037156581878659,0.7980596661567685,-0.1257842845150402,0.9531765580177307
26,0.6201837386403762,0.5137889078685213,0.15308044488940914,0.99981689453125,0.6170790297644475,0.5128654701369146,0.14974905784640985,0.9997872710227966,0.6161604387419561,0.5148729818207874,0.1496790898697716,0.9997866153717041,0.6152766023363383,0.5168181794030322,0.14968144127300803,0.999842643737793,0.6193112390381946,0.5082280976431708,0.1438533934099333,0.9998645782470703,0.6200079662459235,0.5068643484796794,0.14372848229748855,0.999898374080658,0.6207496234348839,0.5053927012852257,0.14367913986955363,0.9999064207077026,0.615550248963492,0.5219642894608632,0.12511464719261436,0.9998773336410522,0.6238497427531648,0.5057292716843739,0.09751467161944931,0.9997891187667847,0.6210008944783889,0.5207359995160781,0.1462409534624644,0.9997217059135437,0.6233873265130176,0.5155520915985106,0.13758958769696095,0.9996458888053894,0.6242799367223464,0.5644404547555104,0.11924302918570377,0.9999539852142334,0.6435392992837086,0.5086702993937898,0.03646914869812981,0.9999434351921082,0.638897245270865,0.6072140523365563,0.14262494019099636,0.45111793279647827,0.6502386740275788,0.4589666690145218,0.060176817221300916,0.9396095275878906,0.6536489060946871,0.6130088465554371,0.18147318959236136,0.6090680956840515,0.6511179600443155,0.43957800439425854,0.15945548436471388,0.7975546717643738,0.6570402213505333,0.6116450650351386,0.19416566597563872,0.6207656860351562,0.6509669610432214,0.4309243142604826,0.16631647220679685,0.7856923341751099,0.659712937899998,0.6065314905984058,0.18615257271698532,0.6261019706726074,0.6491508841514584,0.43431753260748707,0.17504227714879164,0.7784077525138855,0.6586407712527681,0.6054553815296715,0.17919267437287728,0.6128841638565063,0.6488753472055705,0.43788732801164876,0.1643812343478202,0.7309903502464294,0.6536942090306961,0.6309913618224005,0.027977243810892092,0.999980092048645,0.6694217784064154,0.6217893958091734,-0.02809108421206473,0.9999765157699585,0.6608129603522161,0.7049308725765769,0.012550587792481688,0.7957382202148438,0.6781327979905261,0.7012519138199939,-0.030896060913801177,0.9647519588470459,0.6579123854637142,0.7825961828231808,-0.01979207436421087,0.9025419354438782,0.6900092056819368,0.7833853415080476,-0.07175861682210646,0.9770894646644592,0.6540350300925115,0.7935190132686066,-0.023047370995794014,0.9133965373039246,0.6885467256818496,0.7965828674180163,-0.07249407864042687,0.9370896816253662,0.6660215531076701,0.8232946821621482,-0.04341273369001489,0.9112462997436523,0.7054589254515509,0.7917182683944698,-0.10161999038287567,0.9532003402709961
27,0.6185098477772302,0.5129910060337609,0.1361048804862158,0.9996126294136047,0.6153618250574382,0.5115302409444534,0.13361624436719072,0.9996100664138794,0.6143446019717622,0.5134047729628424,0.1335379596267427,0.9996019005775452,0.6133665902273993,0.5151945642062594,0.13353919684886928,0.9997147917747498,0.6178313800266808,0.5068607449531553,0.12686964826924454,0.9997249841690063,0.6186352985245838,0.5054090874535695,0.12674892927919107,0.9997903108596802,0.6195143716675892,0.5039065122604367,0.12669784256390157,0.999823272228241,0.6136724931853155,0.5198370524815148,0.11328708508184973,0.999808132648468,0.6229386091232296,0.5046359845570153,0.08144992526088439,0.9996899366378784,0.6191564321517942,0.5200068065098351,0.13070489338466093,0.9993457198143005,0.621818433489118,0.5146949614797317,0.12099658804280411,0.9991663098335266,0.622248462268284,0.5647272246224537,0.1235297098755836,0.9999141693115234,0.6422353846686224,0.5087517568043298,0.018777367046901146,0.9999405741691589,0.6378010732786993,0.6073492356709069,0.12270039916038507,0.40825387835502625,0.6527156387056621,0.4628413183348517,0.02757684716156549,0.9450262188911438,0.6535366756575445,0.6243345516068592,0.14035814745085573,0.5485924482345581,0.6571846825735906,0.41016416634832087,0.10516937417643404,0.8165480494499207,0.6561863388333999,0.6255951455661226,0.15009713215487336,0.5594910979270935,0.6599263940538675,0.39698591147150286,0.10551742017269129,0.8051828145980835,0.6595059411866321,0.6192965558597017,0.14259856513568325,0.5642622709274292,0.6579750026975356,0.3947801513331275,0.1177270455019814,0.7981775403022766,0.6588453514235357,0.617028851168496,0.13794885022299624,0.5523039102554321,0.6570131812776835,0.3999133978571209,0.1109087243676185,0.7534722089767456,0.6523365105901443,0.629813206195831,0.031060373304145662,0.9999809265136719,0.6687404853957037,0.6199108430317468,-0.031138032036168217,0.9999784827232361,0.6608860458646498,0.6994281445230753,0.02002157624810933,0.808912456035614,0.6810742752892627,0.6968945980072019,-0.043858754741294026,0.9679040908813477,0.658293465205601,0.775181470598493,0.003158817613231283,0.9088698029518127,0.6930297953741887,0.7800697071211675,-0.06618958328451427,0.9789384007453918,0.6557297927992682,0.7857202700206208,0.0019928401868258196,0.9212530851364136,0.6912526624543323,0.7923760175704953,-0.0696988014238221,0.942922830581665,0.6653534770011899,0.8119205270494729,-0.0157255932688713,0.9129148125648499,0.7035314372607636,0.7941798738070893,-0.09432811545474183,0.9553146362304688
28,0.6181111727442057,0.5129754355975558,0.13622524099690567,0.9993218779563904,0.6148005502564564,0.5109253372464859,0.1325697128261838,0.9993284940719604,0.6137055482183181,0.5125118596213202,0.13250122198036735,0.9992957711219788,0.6126393743923729,0.5140511444636751,0.13251199339117317,0.9994879961013794,0.6173094034194944,0.5066662260464257,0.12656820757048465,0.9995003938674927,0.6180795482226777,0.5051913057054789,0.1264476237552506,0.9996113181114197,0.6189233762877325,0.5036912849971225,0.12639444938727784,0.9996949434280396,0.6128000923565453,0.518386650085449,0.10864652395248409,0.9996057748794556,0.6220876540456497,0.5043694853782651,0.08009895001138956,0.9995006322860718,0.6185926692826405,0.5197286503655567,0.1297189491135733,0.9986563920974731,0.6212745462145122,0.5147001470838272,0.12093070596456522,0.9983502626419067,0.6198841112000599,0.5644557544163292,0.11964414524180544,0.9998635053634644,0.640735304355621,0.5112056885446818,0.021496158785053652,0.9999329447746277,0.6357926113264898,0.6095610260963437,0.10981574462992799,0.3696342706680298,0.6527135269982471,0.4699461068425857,0.04112206889050345,0.942156970500946,0.6493858013834268,0.6175613590649194,0.13814094066619867,0.4940832555294037,0.6589326551982332,0.4313074869768958,0.134462356354509,0.8123834133148193,0.6514074138232637,0.6210949727467125,0.15007138741867876,0.5041459202766418,0.6608745302472794,0.4155215033463068,0.13921375700405658,0.789749801158905,0.6531456879207063,0.6140712993485584,0.14468909714903144,0.508425772190094,0.6594752856663292,0.4128508176122391,0.14905694127082816,0.7785212397575378,0.6524574909891399,0.6120354516165594,0.1370901580367769,0.49760839343070984,0.6582351088523862,0.4188936250550404,0.13981785731656204,0.7242494225502014,0.6514185735157555,0.6303559201104297,0.027371313502745957,0.9999808669090271,0.6681751625878467,0.6187177828380037,-0.02743590718933513,0.9999798536300659,0.6585867813655305,0.6975253582000729,0.03421477193811109,0.7924773693084717,0.6831304345812114,0.6950098242078506,-0.04916701221040315,0.9664239287376404,0.6595348187855309,0.7742744837488443,0.019917279295623293,0.8995965719223022,0.695836964675358,0.7769155894006998,-0.07293055014950885,0.9770537614822388,0.6606409617832726,0.7848101087978905,0.01966918653675487,0.9204950928688049,0.6934924653598238,0.7887073363576613,-0.07588391697832514,0.9426524043083191,0.6646702510969976,0.8016892382076805,0.007680939377418584,0.8786634802818298,0.70410885981151,0.7974895886012483,-0.10033665171691344,0.9349948763847351
29,0.6173376628330773,0.5132332852908541,0.1329944946936198,0.9992302656173706,0.6140482732227868,0.511828359535762,0.1265525613512311,0.9992421269416809,0.6128796526363915,0.513284509522574,0.12649039200374051,0.999189019203186,0.6117665920938762,0.5147611021995542,0.12651215451104292,0.9994129538536072,0.6166948352541239,0.5084338528769354,0.12324530056544707,0.999447226524353,0.6174898965018133,0.5072821021080014,0.12313090179647712,0.9995582103729248,0.6183368563652036,0.5060599752834862,0.12308680202279766,0.9996587634086609,0.6118922437940322,0.5197099072592597,0.09561715360198697,0.9995431303977966,0.6212225726672578,0.5070462652615136,0.07820172714335574,0.999467134475708,0.6177101884569438,0.5197861143520898,0.12379292718001768,0.9984399080276489,0.6203849485942292,0.5156089970043725,0.11853731998375477,0.9981318712234497,0.6180325950895035,0.5655912314142497,0.09174152272088183,0.9998371601104736,0.6399491088730945,0.5150526966367447,0.034921570867300016,0.9999253153800964,0.6335895521300177,0.6154112441199164,0.07663433062178743,0.3433116674423218,0.6521589006696425,0.4773344968046458,0.08019135147333141,0.9221375584602356,0.6444670353616984,0.6134602563721789,0.10816632253783084,0.4452235698699951,0.6564266409192763,0.47149619800703846,0.1956661356346947,0.7361571192741394,0.6467523336410519,0.6210850613457813,0.11789462843111577,0.4545539915561676,0.6567118423325672,0.45879517878804865,0.20759137102535785,0.7134081721305847,0.6468888453074861,0.6137339745249064,0.11551534256764814,0.45841023325920105,0.6561976415770392,0.45827362452234516,0.21217802762985222,0.7029290199279785,0.646215074402945,0.610402657304491,0.10847666955419943,0.44862374663352966,0.6549292019435334,0.4640293921743118,0.19962264320680062,0.6538960933685303,0.6511910506657188,0.6327018329075402,0.016374061163514843,0.9999812245368958,0.6683151194027489,0.6184559839112416,-0.016426862836150177,0.9999810457229614,0.6553123201642714,0.6983031375067572,0.04484646650297299,0.781338095664978,0.6849577937807352,0.692661152567182,-0.04275271216673508,0.966553807258606,0.6597155383655,0.7741117324147901,0.03698966743956718,0.891912579536438,0.6979789802006309,0.7713671462876452,-0.06866714847939351,0.9747918844223022,0.6642959867204936,0.784280054909842,0.03658765982836483,0.9191845655441284,0.6948889987809315,0.7828674316406246,-0.07114038190671372,0.9421278834342957,0.6632982373237607,0.7922577500343319,0.025710720568895326,0.8372572660446167,0.7066700305257521,0.79891676562173,-0.09560491506542473,0.9076098799705505
30,0.6167436957359311,0.5163892507553098,0.14155046641826624,0.9979119896888733,0.6136719805853704,0.5154243877955843,0.13428578249045775,0.9980446100234985,0.6125144720077511,0.5168304937226429,0.13421991808073855,0.9979753494262695,0.6114251255989072,0.5182149256978714,0.13423653990030282,0.9984750151634216,0.6163703390530175,0.512391492298671,0.13251499746526985,0.9985306262969971,0.6172253148896351,0.5113914796284265,0.13241779782942356,0.998779833316803,0.6181134666715347,0.5103028399603705,0.13238443604537414,0.9990888833999634,0.6115123254912238,0.5234226976122172,0.09841436828885755,0.9988654851913452,0.6208776899746482,0.51133394071034,0.0888720782739775,0.9987640976905823,0.616973623207637,0.5230189067976814,0.1305841697113854,0.9960992336273193,0.6196772115571155,0.5195488997868127,0.1274722637874739,0.9954214692115784,0.6165041957582744,0.5686441132000511,0.0703451046986239,0.999805212020874,0.6396856512342177,0.5226063592093328,0.05363364203699995,0.9998924136161804,0.630036503928048,0.6192556381225582,0.06589480611894809,0.3144640326499939,0.6524333919797621,0.5100519069603509,0.09889524270381242,0.8353216052055359,0.6392819762229917,0.6117383854729785,0.09705059838348197,0.40099668502807617,0.6523995467594688,0.5288393318653104,0.20536229589155733,0.6656174063682556,0.6409771851130891,0.6194853918892993,0.10491674121336209,0.4096188247203827,0.6510006172316412,0.522976664985929,0.2194479429296084,0.6451854705810547,0.640363618305751,0.612666080679212,0.10464023361647763,0.4130784869194031,0.649851710455758,0.523720438991274,0.22169472660337164,0.6355026364326477,0.6403478946004593,0.609194571631295,0.0982471420047139,0.4042113721370697,0.6489960823740275,0.5271891926016123,0.20837889973606372,0.5908445715904236,0.6510904124804902,0.6336571608270914,0.008419843749808411,0.9999796152114868,0.6685931512287682,0.6183097532817292,-0.008486388543886794,0.9999808073043823,0.6528227039745873,0.6997080666678289,0.04682001226714677,0.7661652565002441,0.6870271001543314,0.6886572497231617,-0.03674991749493138,0.9606411457061768,0.6570247530937192,0.7723586388996666,0.03961810458983692,0.8815757036209106,0.6999289563723969,0.7603801761354715,-0.06875428525464872,0.968234658241272,0.6624356457165306,0.7820271117346623,0.03796044465686592,0.9158302545547485,0.6969512922423223,0.7703082084655757,-0.07136970348656174,0.93805330991745,0.6576718381472992,0.7872070108141214,0.028112191733505033,0.7894973158836365,0.70881404365812,0.7950097833360941,-0.08858296637024193,0.8685814142227173
31,0.6166745356151033,0.5261078647204805,0.13501165679522917,0.9967235326766968,0.6137828895023888,0.5246461936405724,0.1267659406576837,0.9964081048965454,0.6126761249133517,0.5258403386388504,0.12668811742748526,0.996702253818512,0.6116118635450087,0.5269357851573396,0.1266977633748735,0.9973952174186707,0.6165177549634658,0.5214748195239474,0.12655163322176244,0.9971540570259094,0.6174334781510487,0.5203740784100122,0.12647340723446432,0.9977380633354187,0.6183970587594165,0.5192095552171977,0.12644778745515,0.9980889558792114,0.6116849967411584,0.5312536784580772,0.08922866306134628,0.9982414245605469,0.6212021827697751,0.5203757286071775,0.08548950254917141,0.997363805770874,0.6168093562126157,0.5326201558113095,0.12274290408406932,0.9936820864677429,0.6194898315838402,0.5294569969177243,0.12180840756211958,0.9921611547470093,0.616274889877864,0.5751667193004061,0.05024896253432544,0.9998130798339844,0.640291276999882,0.5378417662211825,0.05804214892642836,0.9998438954353333,0.6272842850003921,0.6243744305201937,0.03542771430553068,0.34509801864624023,0.6547732608658925,0.5603851173605234,0.07795813275235036,0.7660995721817017,0.6353932721274237,0.6210402676037377,0.04545977669102803,0.3667362928390503,0.649157278878348,0.5833677300385063,0.14161624440125048,0.5995015501976013,0.6355638963835577,0.625927524907248,0.04866141200597794,0.37539350986480713,0.6488347445215494,0.5868941656180787,0.15088114589452736,0.5810535550117493,0.6353259784834723,0.6208380852426798,0.05028905264501058,0.3782520592212677,0.6454150949205668,0.5868339802537643,0.15185624446187695,0.5722985863685608,0.6363475527082167,0.6164728913988383,0.0470726594262357,0.3687790632247925,0.644618349415915,0.5876283543450489,0.1429195229496274,0.5321015119552612,0.6505211762019563,0.6415963734899246,0.0005668006438229758,0.9999770522117615,0.6687017236437113,0.6253189018794465,-0.0006529646593012973,0.9999763369560242,0.6505585755620681,0.707250036512102,0.04410329737833566,0.7786690592765808,0.6870811445372442,0.6868616240365162,-0.017635856914733128,0.9565140604972839,0.6544144443103243,0.772681071077074,0.02913005612790583,0.888096034526825,0.7013750961848664,0.7412911074502124,-0.049616729574544056,0.9665763974189758,0.6595620087214875,0.783972711222512,0.026660132567797375,0.9213043451309204,0.7014340043067928,0.7478142499923702,-0.0521719911268779,0.9405531883239746,0.6498848267963951,0.7861224702426362,0.019980087557009276,0.7814652323722839,0.7091198001589091,0.7778196028300691,-0.06281931655747547,0.8517284989356995
32,0.616889679431915,0.5417833583695546,0.13114128240517203,0.9934195280075073,0.6141319257872442,0.538724887371063,0.12292958838599063,0.9925130605697632,0.6130598442895069,0.5396372182028631,0.12284488465104779,0.9936788082122803,0.6119740128517148,0.5404579928943086,0.12285083638770233,0.9949908256530762,0.6168870466096057,0.5354529500007627,0.12415670199053622,0.9938026666641235,0.6178186791283741,0.5342406341007775,0.12409888676234648,0.9951393008232117,0.6188115801130019,0.5330206768853321,0.12408399198736457,0.9956867694854736,0.612038137231554,0.543816256523132,0.08542003376143315,0.996721088886261,0.6216053400720866,0.5346279978752134,0.08842461087873998,0.9927168488502502,0.6167653049741469,0.5485682232039313,0.1186442756227084,0.9896516799926758,0.6195635267666406,0.5454281943184986,0.1196295518960271,0.9858091473579407,0.6162865298134936,0.5854979906763347,0.03939554531659397,0.9998250007629395,0.640975497450147,0.5578642981392994,0.06686744721872463,0.9997746348381042,0.6264735834939136,0.6281345690999709,0.012084580239440706,0.3713858723640442,0.6564797299248828,0.6069069164139881,0.06497002094984052,0.6957730650901794,0.6330888799258638,0.6369552459035598,0.0058342499658465335,0.3381316363811493,0.6464538778577529,0.6255896108491077,0.08725739419460293,0.540149450302124,0.6323553630283898,0.64226941040584,0.005253538216597263,0.34801408648490906,0.6458809035164966,0.6288458892277307,0.09129379285233358,0.5236600041389465,0.6318247982433861,0.6388019221169605,0.008031647313120104,0.3498530983924866,0.6408603549003598,0.6271039928708755,0.0890152526753289,0.5157138705253601,0.6329433832849772,0.634454730578831,0.007780189817172603,0.3381255865097046,0.6404212542942589,0.6268531220299853,0.08623736138854703,0.4794483482837677,0.6496578778539381,0.655544805526733,-0.0048243290212537536,0.9999762177467346,0.6686456799507138,0.6380275538989473,0.004722085568521702,0.9999732971191406,0.6485263977731974,0.7167097977229524,0.04839245911155426,0.7938289046287537,0.6863763315337041,0.6890242116791858,-0.0060062727624816525,0.9508832097053528,0.6536881378718782,0.7765788367816376,0.033416185421603045,0.8980119824409485,0.7018890772547037,0.7207680055073327,-0.04711391893880705,0.966915488243103,0.6577519348689485,0.7911346435546871,0.031457595527172075,0.928512692451477,0.7057385172162733,0.7226846354348315,-0.051348974183201765,0.9452307820320129,0.6439350656100679,0.7890814849308556,0.0260597280625786,0.7940003275871277,0.7095276594161983,0.7523354360035484,-0.06268122919968193,0.850163459777832
33,0.6171066096850801,0.5570394209453036,0.13623437115124287,0.992249071598053,0.6143432855606077,0.5534862092563082,0.1280758387276104,0.9917612671852112,0.6133087021963934,0.554256589072091,0.12799171102898454,0.9929913282394409,0.6122255052839004,0.5550333465848647,0.12799753206116807,0.9945861101150513,0.617046328953334,0.5506663799285887,0.1323520775352205,0.9929752349853516,0.6179328339440479,0.549688032695225,0.13230368750435959,0.9943498969078064,0.6189014383724755,0.548715724263872,0.1323118869747434,0.9950456619262695,0.6122289129665917,0.55826199054718,0.0899646509970937,0.9964292049407959,0.6217410445213315,0.5510746223585944,0.1067921421357563,0.9906240105628967,0.616902090821947,0.5637001327105928,0.12327235511371061,0.9890074133872986,0.6197239109448021,0.561050578526088,0.12819354150976447,0.9842764735221863,0.6170103192329404,0.5957041161400929,0.03520539881927624,0.9998410940170288,0.6417657511574878,0.5763497522899079,0.09454098290630744,0.9997594356536865,0.6277626276016233,0.6314696226801189,-0.002714297195364323,0.4069756269454956,0.6573498725891109,0.6207351224763049,0.09344783382756366,0.6278702616691589,0.6305069122995646,0.6527316893850051,-0.01773468929209879,0.33742254972457886,0.6465513944625851,0.6433931146349222,0.09524185146604261,0.48798850178718567,0.6295328055109294,0.6605553916522432,-0.02132890296301671,0.3477807939052582,0.6454485859189711,0.6454396843910214,0.09680645316839213,0.4741545021533966,0.6283532312938143,0.6567610331944054,-0.016525288431772162,0.3468707799911499,0.63981613772256,0.6445141196250913,0.09201151515756331,0.4668132960796356,0.6294463889939441,0.6519929971013747,-0.01490529277361929,0.32459381222724915,0.6391837528773714,0.6441268665449957,0.09246959899153025,0.4335697889328003,0.6486686246735707,0.6671625937734328,-0.012113204052937877,0.9999772906303406,0.6684391123907903,0.65068267754146,0.012009888667879356,0.9999737739562988,0.6455047573362076,0.7219692315374099,0.052822509993399866,0.797223687171936,0.6860341378620689,0.7008603896413528,-0.006745672731527257,0.9484802484512329,0.6544840574264523,0.7786299262728006,0.04571436744715484,0.9039361476898193,0.7025071518761767,0.7075332692691255,-0.06553006528743673,0.9662268161773682,0.6583109191485811,0.7958232317652018,0.04450639975922446,0.9341689348220825,0.7067974618503022,0.7056014742170058,-0.07202439191085949,0.9493592381477356,0.6429996728897092,0.7891164405005315,0.034027333091944445,0.7980747222900391,0.712899759837559,0.7247451101030619,-0.09206255706293237,0.8526738286018372
34,0.6174028515815733,0.5680318951606748,0.15348844059876027,0.9924646615982056,0.6149135691778997,0.5643824662481033,0.14617178738117212,0.9923231601715088,0.6138657280376977,0.5650770664215086,0.146093235697065,0.9934046864509583,0.6127838305064607,0.5658266833850314,0.14609037020376744,0.9949431419372559,0.6175916075706479,0.5621980684144154,0.15209580276693607,0.9934506416320801,0.6184543183871676,0.5614355376788545,0.15205496932779033,0.9946690797805786,0.6193920884813578,0.5606708322252543,0.15208271528993328,0.9953573942184448,0.6125924876758028,0.5691570111683434,0.10621318008218487,0.9966481924057007,0.622190839903695,0.5629244617053437,0.1324779657380921,0.9909399747848511,0.6172359807150702,0.5743120159421646,0.14028900180544165,0.9897082448005676,0.6198736786842343,0.5723268491881232,0.14732728472777767,0.9851428270339966,0.6170485496520993,0.6021327972412107,0.0447585555059569,0.9998564124107361,0.6423442108290534,0.5887524468558172,0.12350932998316623,0.9997683167457581,0.6284114820616582,0.6331669177327834,0.007055341026612687,0.40848463773727417,0.6569070219993589,0.6290659751210891,0.12660079342978336,0.5655184984207153,0.6278694612639288,0.6687569175447734,-0.004601550740855078,0.32868531346321106,0.6492205449513024,0.6580894589424131,0.12446788485561093,0.4402972161769867,0.6267255731991356,0.6793254511696949,-0.00841193213127553,0.3405091166496277,0.6479839001383098,0.6593733923775806,0.1265804441911833,0.42869484424591064,0.6249065296990528,0.6749928934233527,-0.002315420916836175,0.3374912738800049,0.6420950327600748,0.6607212935175212,0.12211817502975458,0.4220026433467865,0.6260970796857559,0.6707190224102562,-0.0009996223546165435,0.30743923783302307,0.6407606601715085,0.660010264601026,0.12178666016885206,0.39167261123657227,0.6477858373097007,0.6698442493166239,-0.016872963562075575,0.9999778866767883,0.667584955692291,0.6576557312692912,0.016759016896997173,0.9999746680259705,0.6430085761206488,0.7202823485646925,0.04418927753743315,0.7685449719429016,0.6865993823323928,0.719312557152339,-0.009490635771570458,0.9437189698219299,0.6546246801103861,0.7787115045956199,0.04225820917636154,0.8829217553138733,0.7037469472203932,0.7007980261530191,-0.06869995413081983,0.9484730362892151,0.6584907208170206,0.7965083071163719,0.04181323929556777,0.9337002635002136,0.7057318074362615,0.696769479342869,-0.07498813415212288,0.9493493437767029,0.6428711192948475,0.7886211769921435,0.02554097143667084,0.7659587860107422,0.718553633349282,0.7053535989352632,-0.10139178654977249,0.8279001712799072
35,0.6180366362844192,0.5750470706394738,0.16780195747103002,0.9926151633262634,0.6160999366215294,0.5712613344192502,0.16187430300882877,0.9928717613220215,0.6150444814137047,0.5717824390956331,0.1617993833763258,0.9938266277313232,0.6139774169240676,0.5723958202770776,0.16179059318133757,0.9953227043151855,0.6186910663332255,0.5698615823473248,0.16781897289412356,0.9938697814941406,0.619533996922629,0.5693278244563509,0.1677790812083652,0.9949074983596802,0.6204276033810203,0.568732166290283,0.16781579341207223,0.9956046342849731,0.6135737759726385,0.5758327603340145,0.12448765103306084,0.996898353099823,0.6230483566011699,0.5709397639547072,0.15084000868456698,0.9910827279090881,0.6176638364791867,0.5806792140007017,0.15527393817901605,0.9905011653900146,0.6201451591082978,0.5794590370995656,0.16231759744031082,0.9860700368881226,0.6167476500783645,0.6052754861967902,0.05478448282395088,0.9998705983161926,0.6429038303239002,0.596230716364724,0.13973907360008778,0.9997671246528625,0.6280145832470483,0.6357309171131675,0.01667191276459821,0.4553421437740326,0.6575837373733517,0.6344964078494477,0.1339765267712729,0.5098308324813843,0.6269646848951065,0.6775023307119094,0.0029718188568949692,0.37303435802459717,0.6564297982624596,0.6646936161177496,0.12787056224686752,0.3966955542564392,0.6262008394513809,0.6896122881344383,-0.002098854311874933,0.37939900159835815,0.6566241741180416,0.6683919583048137,0.1281864262052944,0.38657233119010925,0.6242679987634928,0.6870456542287551,0.00485282503068447,0.37424784898757935,0.65148503269468,0.671393343380519,0.12477755312408714,0.3804857134819031,0.6252703683716907,0.68244286264692,0.006845582635807137,0.3307453691959381,0.6490739464759824,0.6701902917453217,0.12457925208977284,0.3531360626220703,0.6472739253725321,0.6686475549425395,-0.020325284717338417,0.999979555606842,0.6661133834293907,0.6598405463354925,0.020183669669287536,0.9999761581420898,0.6409680758203776,0.7200258578572951,0.02671092070106948,0.7875401973724365,0.6849449855940679,0.7335994056292939,-0.001276174852890628,0.9470275640487671,0.6544809835297718,0.7788368395396638,0.026541533427579055,0.8921704888343811,0.7040820462363103,0.6973424860409325,-0.03987604640424249,0.947822093963623,0.6586499793188909,0.7967875906399314,0.026405593486768852,0.9394810795783997,0.7042146410260879,0.6914599469729829,-0.04395475291780061,0.9531254768371582,0.6421719448907032,0.7891902225358143,0.0024765835409717926,0.7826308608055115,0.722705268859863,0.6972375767571583,-0.07283390664628571,0.8311700820922852
36,0.6189710497856138,0.5788152268954683,0.16494328124182556,0.9931715130805969,0.6175667013440811,0.5748625261442999,0.1596203778471265,0.993522584438324,0.6165378400257653,0.5751482435635156,0.15954822642462588,0.9943718314170837,0.6154883997780933,0.5755715744835987,0.1595363293375287,0.9957532286643982,0.6201781204768587,0.5740651147706165,0.16502952405384602,0.9944166541099548,0.6210720964840477,0.5736689976283479,0.16499690158026553,0.9953312277793884,0.6219718728746684,0.5731855562755037,0.16503834256104052,0.9959768056869507,0.6150303840637205,0.579069854531969,0.12536978572607035,0.9971793293952942,0.6242477553231373,0.5758737189429144,0.14923864943640566,0.9917019605636597,0.6181317142077851,0.5839628321783881,0.1533426254987716,0.9913902282714844,0.6208006705556595,0.5833707792418341,0.15970961792128419,0.9873018860816956,0.6160147820200236,0.6079974566187174,0.05321971007755823,0.9998834729194641,0.6430370415960036,0.6004672816821504,0.13787149041891092,0.999779224395752,0.6271226440157206,0.6371904832976202,0.010894731472113298,0.5060622692108154,0.6578121866498672,0.6375183326857428,0.12057901791163848,0.4611620604991913,0.6277967112404956,0.6833474789346965,-0.007665174520973645,0.43078282475471497,0.6604134678840634,0.6685610907418384,0.10594837048224034,0.3577146828174591,0.627720510959625,0.6970037341117856,-0.014034368390483509,0.43457719683647156,0.6615863697869434,0.673755724089486,0.10496886415140964,0.3490012586116791,0.6259495564869468,0.6969987477575026,-0.0071846750298781015,0.42929497361183167,0.6577467458588733,0.6772350873265944,0.1008857354521751,0.3434152901172638,0.626625003133501,0.6924136502402166,-0.004013913899793154,0.38216182589530945,0.6554258482796802,0.6751637969698221,0.10188579133578704,0.3187086582183838,0.6472574148859294,0.6691358106476917,-0.023870472024594025,0.9999813437461853,0.6647787536893569,0.6623016067913597,0.023704946413636196,0.9999780654907227,0.6402948311397004,0.7203675746917722,-0.003725764002384885,0.8066726326942444,0.6795401658330642,0.7366658738681245,0.009387253763686331,0.9507473707199097,0.6542301688875467,0.7791794981275282,-0.01985924023070505,0.9012348651885986,0.7031953947884693,0.6988655277660911,-0.026864998468330913,0.9487180113792419,0.6587475623403274,0.7968815837587626,-0.021595348949943263,0.9450281858444214,0.7033010840415952,0.6883149368422369,-0.028613463150603414,0.9570507407188416,0.6416706527982436,0.7904654332569663,-0.050248009072882766,0.8007784485816956,0.7226336700575688,0.7058208499635965,-0.05506388012851984,0.839983344078064
37,0.6201158251081191,0.5806161539895192,0.1579606550080435,0.993825376033783,0.618738177844456,0.5767320990562437,0.15248577892780296,0.9941586852073669,0.6177770171846659,0.5769281131880621,0.15241536625793994,0.9949190020561218,0.6167735627719332,0.5771933078765866,0.15240619225161411,0.99616938829422,0.6213347128459382,0.5759717515536714,0.15777960249355855,0.9949647188186646,0.6222844038690837,0.5754920669964378,0.1577535676104681,0.995784342288971,0.6232241868972775,0.5749520318848743,0.15779702195099415,0.996368408203125,0.6162574972425185,0.580460384913853,0.1190098726323672,0.9974516034126282,0.6253053631101333,0.5778184362820213,0.1426251419952937,0.9924723505973816,0.6189423510006493,0.5853942189897807,0.14669260042054305,0.9922271370887756,0.6220514433724537,0.5848081827163694,0.15293968447617115,0.9885200262069702,0.6159193209239411,0.6088888134275161,0.04736494943499563,0.9998950958251953,0.642956745624542,0.6012738602502002,0.13199961994375495,0.9997971057891846,0.6264119608061651,0.636876741477421,0.0013203419345830167,0.5492779612541199,0.6571121845926554,0.6372492245265413,0.10909058792250491,0.4165556728839874,0.6290532537869042,0.683083537646702,-0.018052756653300344,0.4713154435157776,0.6600741795131135,0.667983451911381,0.08884621177400856,0.32277610898017883,0.628996327945164,0.6966823424611769,-0.024654450799737646,0.46776631474494934,0.6612474662916998,0.673902036462511,0.08770827523299621,0.31539303064346313,0.6274651186806812,0.6980541246277943,-0.018123461625405714,0.460774689912796,0.6577717866216384,0.6774097016879487,0.08370779539857588,0.31027746200561523,0.6283467548234118,0.6938575540270121,-0.014602130305554179,0.4039674699306488,0.6559569886752534,0.6749919380460463,0.08489903679915833,0.28796443343162537,0.6474638972963602,0.6688948205539156,-0.02518932053021021,0.999983012676239,0.663994491100311,0.6638931597982131,0.025023356771894854,0.9999799132347107,0.640065767083849,0.7208803313119068,-0.015515919138644151,0.8243805170059204,0.6683405365262709,0.7321923698697768,0.0075380330107041715,0.9481149315834045,0.6541247895785738,0.7797534789357863,-0.044854644313454616,0.9099400043487549,0.7018023167337687,0.7037694454193112,-0.042548778812800114,0.9432699084281921,0.6589005351066586,0.7969605343682422,-0.04796066736536364,0.9503166079521179,0.7033924239022389,0.6930432353700907,-0.04475267396441526,0.9602148532867432,0.6414315223693845,0.7913878815514697,-0.07522133347977482,0.8186895847320557,0.7205319983618597,0.7225585341453549,-0.07017357221671511,0.845451831817627
38,0.6211298670087539,0.5807190043585638,0.15113948668752392,0.9927110075950623,0.6196437971932545,0.576930122716086,0.14485112769263125,0.9937180876731873,0.6186953851154869,0.5771812030247276,0.14477805452687392,0.9942915439605713,0.6177044630050657,0.5774169513157433,0.1447681601558412,0.9959391355514526,0.6222897189004077,0.576031286375863,0.1500564332519258,0.9945089817047119,0.6233006204877578,0.5754986848149979,0.1500324198177882,0.9950791597366333,0.6243023089000155,0.5749314257076805,0.1500688037702015,0.9958369731903076,0.6172133207321164,0.5804250495774403,0.11104761213064188,0.9972209334373474,0.626267964499337,0.5774979642459321,0.13282395516123086,0.9903393387794495,0.6198966673442293,0.5853999052728922,0.13936689155442367,0.9920806288719177,0.6232626693589344,0.5845254233905244,0.14544723587376723,0.9876081347465515,0.6160988654409133,0.6078825286456514,0.037898272488798394,0.9999053478240967,0.6429170080593651,0.5997939705848692,0.12457533968346453,0.9997877478599548,0.6261555978230064,0.6360487069402418,-0.009047031096581898,0.5861230492591858,0.6564535277230396,0.6356513500213621,0.10561330403600415,0.3754965364933014,0.6296840259007042,0.6808283465249195,-0.022433884362024908,0.5006325840950012,0.6556966747556412,0.6688002467155454,0.08742056488990779,0.29100656509399414,0.6296201654842919,0.6938037003789626,-0.027997508219310203,0.4892347455024719,0.655669387749263,0.6750579118728635,0.08890742978879379,0.28472423553466797,0.6278940745762414,0.6952744756426127,-0.02163367955280201,0.4798901081085205,0.6521537474223542,0.6782969849450244,0.08393486716917578,0.2800343930721283,0.6289249931062968,0.6913650001798354,-0.01897571065596171,0.4115823805332184,0.6511334010532921,0.6758164831570213,0.08381378906113757,0.25988662242889404,0.6476739696093965,0.6693956153733387,-0.02632530102772371,0.9999840259552002,0.6637680411338803,0.6642213157245088,0.026163206781659794,0.9999805092811584,0.6378529208047046,0.7188766615731372,-0.01185047067369201,0.836305558681488,0.6564470325197489,0.7230719941002979,0.010310567922091904,0.9359794855117798,0.6535479920251026,0.7789545416831967,-0.04430450719914264,0.916722297668457,0.6956967353820798,0.7139470747538972,-0.046052050164767655,0.93711918592453,0.6591299516814093,0.7939567123140603,-0.047911688259669696,0.9546642899513245,0.6999176434108185,0.7064922894750318,-0.049634946031229824,0.9624677300453186,0.6421005419322419,0.7917752913066316,-0.07144031418221335,0.8314587473869324,0.7109191145215712,0.739130217688424,-0.07235865454588614,0.8422362804412842
39,0.6218548502240859,0.5796384777341568,0.14950761965342924,0.9906677007675171,0.6202996032578602,0.5758289388247896,0.1428197115659713,0.9920137524604797,0.6193154505320955,0.5761609366961885,0.14274224213191433,0.992455780506134,0.6183011157172064,0.57645924942834,0.1427339843341282,0.9949840903282166,0.6229999269757949,0.5748794691903248,0.1482354419572012,0.9928690791130066,0.6240438733782084,0.5744231275149752,0.1482101874692099,0.9930642247200012,0.6250938381467543,0.5739806583949495,0.14824037679604113,0.9941885471343994,0.6178816284452162,0.5794144443103242,0.10937308732952386,0.99649977684021,0.6270605530057631,0.5765057035854881,0.1297605454921722,0.9860284328460693,0.6205179759434288,0.5846303803580145,0.1370206360306058,0.9914515614509583,0.623984679153987,0.5835287996700829,0.14337194349084575,0.9859199523925781,0.6161994252886087,0.6059714385441368,0.03150809055992534,0.9999145865440369,0.6426526393209182,0.5976891619818548,0.12334614098072046,0.9997779726982117,0.625652057783944,0.6344445449965338,-0.019259586916970346,0.6223472952842712,0.6555890134402681,0.6339642831257408,0.11040379319872169,0.338720440864563,0.6294424636023382,0.6793231913021629,-0.03490944877266882,0.5307320356369019,0.652587498937334,0.6719391090529302,0.09902055220944536,0.2626512944698334,0.6294781514576501,0.6923482928957255,-0.04167415638055118,0.5125809907913208,0.6527280535016737,0.6791439941951203,0.10147401392459864,0.257477730512619,0.6276721443448745,0.6929553900446208,-0.034793116311941805,0.501250147819519,0.6492644667625425,0.681735106876918,0.0955757828695433,0.25315019488334656,0.6284950631005422,0.6891251121248514,-0.03137031511536664,0.42375874519348145,0.6483724219458441,0.6789273023605343,0.09518243564026692,0.2350066751241684,0.6480208771569386,0.6688738703727719,-0.027548269129225176,0.9999840259552002,0.6638556310108726,0.6623378668512614,0.02737949245742388,0.9999791979789734,0.6336114662034168,0.7133905870573858,0.001747076307323628,0.8467404842376709,0.6477250473839893,0.7103335891451151,0.024867690327976418,0.9081570506095886,0.6500990884644642,0.7767381310462947,-0.020721389167010773,0.9227632880210876,0.6841868621962408,0.7264768225806096,-0.013385201884167528,0.9283550977706909,0.6565799389566691,0.7888918110302513,-0.022733794099518218,0.9584034085273743,0.6907403298786705,0.7267221314566472,-0.01772672220000198,0.9637228846549988,0.6405646664755682,0.7920057620320997,-0.04214021638035772,0.842783510684967,0.6920145307268413,0.7533271908760066,-0.03950988708862235,0.8358745574951172
40,0.6224427478654041,0.5777449965476986,0.15375539362430565,0.989950954914093,0.6208311728068758,0.5738320452826361,0.14656701513699116,0.9910078644752502,0.6198015638760155,0.5741968120847427,0.14648936390876763,0.991611659526825,0.6187509724072044,0.5745499525751384,0.14648215983595161,0.9945043921470642,0.6235872490065435,0.5728563206536427,0.1526698172092437,0.991949200630188,0.6246230108397345,0.5725112404142105,0.15264964401721948,0.9920309782028198,0.6256823982511245,0.5722347123282293,0.15269148094313478,0.9932222366333008,0.6183759382792879,0.5776315161160057,0.11026158013514106,0.9962937831878662,0.6276569860322132,0.5749348981039862,0.13299159833363117,0.9842883944511414,0.6210030674934385,0.5830591951097759,0.13971351555415557,0.9916401505470276,0.6244055390357968,0.5819975069590975,0.1471679977008274,0.9859586954116821,0.6160836219787595,0.6043149982179912,0.02908295935818126,0.9999229907989502,0.6424158011163981,0.5972235969134736,0.12694287938731053,0.9997785687446594,0.6246847186769755,0.6335072466305322,-0.030047747585922463,0.6590897440910339,0.6566381284168785,0.6350002918924601,0.11865126022270742,0.3079042136669159,0.6269540446145191,0.6792606898716516,-0.053140376295362175,0.5733532905578613,0.6505931309291292,0.6742768934794832,0.11410958298615041,0.2394258677959442,0.6271553141730168,0.691988464764186,-0.06197346321174074,0.5546613335609436,0.6510142258235383,0.682000751154763,0.11713891369955876,0.2367618978023529,0.6254540579659595,0.6919491784913196,-0.05426946657576729,0.5434673428535461,0.6479114328111918,0.682730868884495,0.11131355017423623,0.23245768249034882,0.6260053157806393,0.6883205379758559,-0.04952071849256752,0.4663498103618622,0.6472832032612389,0.6804379786763869,0.11045274989945542,0.21606439352035522,0.6478985803467884,0.6676088656697952,-0.029593507253697925,0.9999809861183167,0.6635483486311773,0.6629040053912569,0.02940820684390407,0.9999707341194153,0.626957103184291,0.707190838881901,0.006684829850148938,0.8612849712371826,0.6463558776038031,0.7032683065959382,0.05110442001106481,0.902980387210846,0.6434222953660145,0.7737910543169291,-0.01793228430407387,0.9301392436027527,0.672880731310163,0.746577862330845,0.024909996560641686,0.9317679405212402,0.6500339746475217,0.7838867068290707,-0.020135568348424768,0.96229487657547,0.6801217760358534,0.7537688272339953,0.021482845715114038,0.966514527797699,0.6358847941671096,0.7920637641634256,-0.03746984799592089,0.8574628233909607,0.6689785548618858,0.7677464808736525,0.0015899663524968268,0.8452708721160889
41,0.6229390893663675,0.5754114815167016,0.15723785587719502,0.9909422397613525,0.6211732608931403,0.5715270263808111,0.14977836906909936,0.9918926954269409,0.6200883609907966,0.571921748774392,0.14969906210899345,0.992438554763794,0.619017274039132,0.5723288484982079,0.14969187634331832,0.9950457215309143,0.6239439828055242,0.570401196820395,0.15588869495051239,0.9927415251731873,0.6249565039362224,0.5700524313109259,0.15587007914270665,0.9928147196769714,0.6260030916758943,0.569804867676326,0.1559213940586362,0.9938868284225464,0.618612946782793,0.575522126470293,0.10670529093061171,0.9966602325439453,0.6280399765287124,0.5725474476814267,0.13434378760201585,0.9858328700065613,0.6214879478727066,0.5809249486242019,0.1426086336374282,0.9924676418304443,0.6247639536857602,0.5798604335103713,0.1499875115496771,0.9873450398445129,0.6159238968576701,0.6032092911856513,0.026191616377660196,0.9999306797981262,0.6428259917667931,0.5968682357243126,0.12710841851575028,0.9997987151145935,0.6233271377427234,0.6337946738515579,-0.037533015917454435,0.6930723786354065,0.6608486618314467,0.6366265126637047,0.12411126664706633,0.29616180062294006,0.6224599821226935,0.679478996140616,-0.06423104682138986,0.6156505346298218,0.6511340362685064,0.667240044048854,0.12813510862844327,0.24332191050052643,0.6220322336469375,0.6924948249544413,-0.07465997806617189,0.5984907746315002,0.6519789917128423,0.6743083017213001,0.13130185199635364,0.25187167525291443,0.6206259114401678,0.6922166143144877,-0.06614413154976706,0.5882815718650818,0.6483306493077956,0.6749282905033653,0.12704360580870078,0.24533316493034363,0.6214013934135434,0.6881735001291545,-0.06045863245214732,0.5179017782211304,0.647736995560782,0.673156917095184,0.12540880601320942,0.2281469702720642,0.6459220579692293,0.6721755249159673,-0.030421332748872876,0.9999821186065674,0.6628654360771176,0.6669477786336624,0.030234973398702472,0.9999721646308899,0.6210694960185457,0.705099192687443,0.016676427793988417,0.8750892877578735,0.6475129621369495,0.7036300182342525,0.07152869563017569,0.9112768173217773,0.6365858095032825,0.7724431531769885,-0.0006382544226653389,0.9370559453964233,0.6683477589062279,0.7613791380609781,0.05533966911690573,0.9382489919662476,0.6424394335065566,0.7827711071286879,-0.002518911959071242,0.9660167694091797,0.6754621045930042,0.7742899877684453,0.05286916957369871,0.9697697162628174,0.6277404001780915,0.7922689557075497,-0.018327435358826593,0.8715375065803528,0.656030098029545,0.7773030962262832,0.03512894090797218,0.8601260185241699
42,0.6232902509825566,0.5737474373408724,0.1567470444100243,0.9918463826179504,0.6213291985648015,0.5701157212257382,0.15016071455819258,0.9927021861076355,0.6201833861214772,0.5705485139574321,0.15009095626217972,0.9931936860084534,0.6190931814057483,0.5709580608776634,0.15009092049939285,0.99554044008255,0.6241035836083546,0.5689686196190967,0.15490481087139668,0.9934661984443665,0.6250790476799009,0.5685088923999239,0.15488045087882443,0.993532121181488,0.6260992458888459,0.5680954984256197,0.1549301121916089,0.9944969415664673,0.6186868769781928,0.5743158936500548,0.10124051996639792,0.9969938397407532,0.6282242485455101,0.5707483393805365,0.13343247686113624,0.987247109413147,0.6218714169093538,0.5791480456079753,0.14382950024945387,0.9932195544242859,0.6250514200755525,0.5779589056968686,0.14910139994961868,0.98860764503479,0.6157962952341349,0.6028539385114395,0.021883144309478138,0.9999375939369202,0.6440738507679526,0.5969738483428952,0.12330799783979138,0.9998173117637634,0.6215311203684123,0.6363218256405418,-0.039158658257552534,0.723731279373169,0.6661135639463149,0.6388294884136743,0.11364521192652832,0.3044801652431488,0.6163984196526661,0.6791435701506475,-0.061875904990094016,0.6539295315742493,0.6516873870577128,0.6595891373498096,0.10592300700289858,0.263477623462677,0.6144359213965276,0.6922984276499063,-0.07240112306816235,0.6383421421051025,0.6513316154479978,0.6654584816523957,0.10677505508065219,0.2847074866294861,0.6129954286984032,0.6914296065058024,-0.06391733256833891,0.6290847063064575,0.6476819225719994,0.6664631928716385,0.1034694832350526,0.27577534317970276,0.6143137948853626,0.68688850402832,-0.058072334740843064,0.5653201937675476,0.6473290596689494,0.6651566948209486,0.10327016242912833,0.25660082697868347,0.6441374540328977,0.6793323823383873,-0.03211888335645197,0.9999836087226868,0.6620220933641703,0.6725388288497922,0.03193662097411495,0.999974250793457,0.6156825218881876,0.7053043944495061,0.01762930891875709,0.8875623345375061,0.6485944441386629,0.7068612660680496,0.09220491477421347,0.9197800755500793,0.6306536759649002,0.7714335662978034,0.007738997641302243,0.9433352947235107,0.6680323192051475,0.7691291178975783,0.08728388335023603,0.9443469643592834,0.6361807635852266,0.7826698166983463,0.005890883193933402,0.9694029688835144,0.6747452207974022,0.7819803323064528,0.08595413235681393,0.9727663993835449,0.6187566041946408,0.7932167700358796,-0.010580203233153687,0.8843348622322083,0.6529807976313997,0.7789153644016806,0.07210383787751194,0.8739551305770874
43,0.6234817726271491,0.5727449195725575,0.1539004730326788,0.992660641670227,0.6213489140783035,0.569050894464765,0.14656959474086756,0.9934312701225281,0.6201546447617664,0.5695875917162212,0.14650083567414957,0.9938737750053406,0.6190452694892881,0.5699662293706618,0.14650046229362482,0.9959859848022461,0.6241475411823815,0.5680475575583319,0.1511525045548166,0.9941189885139465,0.6251004644802636,0.5676403420312062,0.15112381726503366,0.994178295135498,0.6260951059205189,0.5672053098678587,0.15116625172751283,0.9950465559959412,0.61866739818028,0.573609125614166,0.09517432408673418,0.9972943067550659,0.6282657044274463,0.5698610748563491,0.12905330508947366,0.9885209798812866,0.6220803226743423,0.5782404541969297,0.14114793943507326,0.9938969016075134,0.6252497519765579,0.5770440510341097,0.1462095243590218,0.9897454380989075,0.6151798742158069,0.6028992210115702,0.016813353449106207,0.9999437928199768,0.645437601634434,0.5973448106220787,0.11956314763852523,0.9998347163200378,0.6193848013877866,0.6395469154630385,-0.03819705215947967,0.7513303160667419,0.6686325550079343,0.6396501234599519,0.09817942508629385,0.33994555473327637,0.610696835177285,0.6775658948080877,-0.05386741821255,0.6883875727653503,0.6517616987228391,0.6565426928656438,0.07343425537858687,0.287337064743042,0.6068389058113095,0.690145637307848,-0.0637536101043224,0.6741943359375,0.6496251923697333,0.6615472827638895,0.07161513056073866,0.3149477243423462,0.6055949858256746,0.6893719094140185,-0.05588132217526433,0.6658086180686951,0.6465782080377849,0.6624221069472174,0.0689624303685767,0.30329859256744385,0.6075310707092283,0.6845820001193452,-0.050153822238956154,0.6079927682876587,0.6463244216782703,0.66117661850793,0.07064382966075622,0.27894458174705505,0.6432763678686957,0.6855397003037585,-0.03425683011966091,0.9999849200248718,0.6611893245152062,0.6766936881201604,0.03407436220773627,0.9999759793281555,0.612244469778878,0.7061677796500067,0.013137689019952496,0.8987961411476135,0.6481121914727344,0.7071195398058207,0.11247525875057487,0.9267469644546509,0.6233954582895549,0.7756493585450304,0.006709826045282949,0.9489906430244446,0.6686609523636952,0.7680422578539163,0.1276981537895543,0.9496898651123047,0.6292677283287045,0.7878950919423781,0.00553795859117859,0.9724513292312622,0.6747725742203845,0.7787303175245008,0.12845184036663596,0.975426435470581,0.6081403306552339,0.7988280347415375,-0.011773087124207184,0.8958530426025391,0.6545315452984398,0.7772389173507687,0.11814746255321157,0.886012613773346
44,0.6233470865658348,0.5710701942443845,0.13392637606178004,0.9933913350105286,0.6211925591741286,0.5671725988388059,0.12460762390068594,0.9940857887268066,0.6199857984270365,0.5677113515990118,0.12453148577894477,0.9944846034049988,0.6188623615673607,0.5680208665984015,0.12452397474220815,0.9963860511779785,0.6241107004029407,0.566432441983904,0.1300235844084194,0.9947049617767334,0.6250946947506493,0.5661630920001436,0.12999387745346336,0.9947584867477417,0.6261055878230501,0.565838893822261,0.13002349159547255,0.9955396056175232,0.6184439778327939,0.5715188537325175,0.0749010324478149,0.9975642561912537,0.6282742755753651,0.5686303734779354,0.10644853072507035,0.9896639585494995,0.6219271353312898,0.5766638875007627,0.11990593586649208,0.9945051670074463,0.6251394561358858,0.5757497327668324,0.12646225116082593,0.9907662868499756,0.6138804027012413,0.602553067888532,0.0027113132977059887,0.9999493956565857,0.646014845371246,0.5975661005292617,0.10305041968822475,0.9998492002487183,0.617180720397404,0.6416201489312305,-0.04467733096431141,0.7761552333831787,0.6681484665189468,0.6391934752464291,0.07393379764897479,0.36659225821495056,0.6078184076717918,0.675568718569619,-0.056725692429712815,0.7192147970199585,0.651065054961613,0.656903905527932,0.036461949774197144,0.2874816656112671,0.6037982872554231,0.6874657579830712,-0.06624748014977998,0.7060955762863159,0.647149894918714,0.661743068695068,0.032799757059131324,0.31801000237464905,0.6027071697371345,0.6859713571412219,-0.05977673796670775,0.6984485983848572,0.6451490981238226,0.6615745782852169,0.029835919077907266,0.3044174015522003,0.6048209139278955,0.6813368882451736,-0.053456950506993686,0.6456053853034973,0.6454309872218538,0.6604408230100356,0.033333658320563155,0.2790801227092743,0.6424883399690897,0.6851119075502665,-0.034512425586581214,0.9999858140945435,0.6591849429266791,0.6784645165715896,0.034340013670069815,0.9999767541885376,0.6095331413405279,0.709318501608712,0.0073296335658856755,0.9088937044143677,0.6486690436090738,0.7088901962552748,0.11993073948792043,0.9323468208312988,0.6163612553051536,0.7847951684679301,-0.0008604493919327604,0.9540752172470093,0.6686474050794327,0.7682158385004313,0.14830881144319255,0.9544141292572021,0.6221821887152532,0.7969049283436364,-0.0021175070270796183,0.9751874804496765,0.6741992422512596,0.7779240335736952,0.15046017595699848,0.9777921438217163,0.6004843217985968,0.8066839660917006,-0.01939632306208035,0.9061785340309143,0.6549670423780165,0.7773818935666762,0.1439395925828388,0.8964669704437256
45,0.622460625852857,0.567895494188581,0.11519487287316997,0.9940405488014221,0.6203850712094985,0.5639356885637553,0.10437364961419782,0.9946682453155518,0.6191792385918751,0.5643971443176267,0.10428500899246755,0.9950296878814697,0.6180306196212766,0.5647390127182004,0.10426827498844687,0.9967430233955383,0.62348518371582,0.5632357903889245,0.11061366647481913,0.9952250719070435,0.6245791418211798,0.5630823612213132,0.11058246301753175,0.9952734112739563,0.6257320693561006,0.5629074709756031,0.11059973623071392,0.9959753155708313,0.6174918242863243,0.5678261944225853,0.05747266433068682,0.997805655002594,0.6279930404254366,0.5660963944026399,0.08569125107356476,0.9906728863716125,0.6210260868072507,0.573604665483747,0.1002328325595174,0.9950480461120605,0.624384454318455,0.5730523398944307,0.10805845686367574,0.9916712045669556,0.6119702254022867,0.6015336547579082,-0.0069736137453998825,0.9999544024467468,0.6460447158132278,0.5968859263828821,0.08792964241334365,0.9998552799224854,0.6143858654158454,0.6437635745320998,-0.036897128082013536,0.7984539270401001,0.666720845018114,0.6384185893195014,0.07485867738723752,0.38424235582351685,0.609197584220341,0.6739271112850731,-0.02633043314729417,0.7462869882583618,0.6498343007905139,0.6558932372501916,0.06062479913234708,0.2669219374656677,0.6066075580460681,0.6854492204529895,-0.03163569516369273,0.7335507869720459,0.6454486421176362,0.6615032536642889,0.06075192221573418,0.2965176999568939,0.6052981001990179,0.6831508806773591,-0.02699040759887013,0.7264226078987122,0.6435550706727161,0.6613386545862467,0.0574526431837252,0.28306517004966736,0.6069609880447384,0.6781569566045486,-0.02323304851140294,0.6766774654388428,0.6441064817564826,0.6601693051201953,0.05799209518092016,0.25912341475486755,0.6395243542534961,0.6839024986539566,-0.032644174141543233,0.9999859929084778,0.6563020093100409,0.678252679961068,0.03248941041529177,0.9999750852584839,0.6075057864189144,0.7141584157943723,0.011248074684824257,0.91792231798172,0.6503958191190444,0.7122128214154921,0.11614320491041451,0.9365395307540894,0.6117189782006397,0.793952347551073,0.009325625936928966,0.9586336016654968,0.6679329276084897,0.7691762089729306,0.14687740589891157,0.958628237247467,0.6170148134231566,0.8063052262578688,0.008719939114858525,0.9776099920272827,0.6727419802120751,0.779190817901066,0.1494115097182137,0.979842483997345,0.5970623476164678,0.8125900898660929,-0.006366579939744299,0.9153215289115906,0.6547912665775841,0.7770228556224275,0.14483095790658673,0.9053409099578857
46,0.6206557818821495,0.5648747222764149,0.12467388787439886,0.9946320652961731,0.6187310797827581,0.5612571631159099,0.1141537487506866,0.9951981902122498,0.6175886034965512,0.5615918636322019,0.11406729817390436,0.9955244064331055,0.6164897901671271,0.5619357722146168,0.11404842266014638,0.9970669150352478,0.6219682591302051,0.5605218461581636,0.12022179684468672,0.9956997036933899,0.6232276252337862,0.5602897899491444,0.1201888073767934,0.9957433342933655,0.6245727011135643,0.5600634029933382,0.120207373372146,0.9963748455047607,0.6158792172159464,0.5648006098611011,0.0647835859230586,0.9980244636535645,0.6269187859126497,0.5635708672659736,0.09284460033689222,0.9916011691093445,0.6192770838737485,0.5704632690974643,0.1089910813740321,0.9955399632453918,0.6228762081691194,0.5700090050697324,0.11653594268219805,0.992497444152832,0.6096789189747399,0.6004566856792992,0.0021597537345119855,0.999958872795105,0.6450841171400885,0.5960363881928578,0.09117320052215028,0.9998647570610046,0.61135093825204,0.6487415807587757,-0.008549713428198756,0.8181226253509521,0.6653037854603355,0.6389722704887387,0.09404029484306058,0.39081037044525146,0.6122685006686617,0.676730404581342,0.028353246301412567,0.7589089274406433,0.6477033836500983,0.6543718542371475,0.10203774635280877,0.24714912474155426,0.6104786293847217,0.6871376582554405,0.02870840568627628,0.7395635843276978,0.6435186266899107,0.6598196012633184,0.10586963370442386,0.2747438848018646,0.6098711984498157,0.6839085800307134,0.031714805002723404,0.7305423617362976,0.6416357500212531,0.6598312905856538,0.10319599945630341,0.2616353929042816,0.6123607771737232,0.6814349906785144,0.031470736967665794,0.6791589260101318,0.6424225977488923,0.6588685154914853,0.10013841731207707,0.240517258644104,0.6349844796316961,0.6820465258189607,-0.030862280247466893,0.9999862909317017,0.6530422653470718,0.6776532615934097,0.030723942869475898,0.9999752044677734,0.6048544117382593,0.7170112201145713,0.01660062010799135,0.9261034727096558,0.6514574187142506,0.7154942291123523,0.11137107078518181,0.9417113065719604,0.6079570855413161,0.7978505747658862,0.017948302546782147,0.9627479910850525,0.6668257934706548,0.7735744118690487,0.13612160661390843,0.9625457525253296,0.6124203239168436,0.8105292473520548,0.017603616184870968,0.9798083305358887,0.6711546829768587,0.7847449813570292,0.13812571955578662,0.9817391633987427,0.5973202637263704,0.8122322951044352,0.0033249843898894515,0.9235734343528748,0.6544331363269258,0.7777302265167232,0.13164738182510644,0.9136861562728882
47,0.618322123800005,0.5635467427117482,0.15489185495035981,0.9951672554016113,0.6165572694369722,0.5601257392338341,0.14461626112461085,0.9956772923469543,0.6155462656702312,0.560453573295048,0.14453438946178976,0.9959710836410522,0.614552683489663,0.5607822333063395,0.14451173671654285,0.997359573841095,0.6197225689887997,0.5592783706528797,0.15037630179098666,0.9961288571357727,0.6210421868732994,0.5589943732534133,0.15034190097025454,0.9961681365966797,0.6224593928882052,0.5587086898939948,0.15037673924650458,0.9967365264892578,0.6139014448438369,0.5637280634471346,0.09148295351437155,0.998221755027771,0.6246985384396142,0.5623041885239735,0.11847445304904661,0.9924396276473999,0.6171651516641886,0.569197344779968,0.1376858479210308,0.9959848523139954,0.6208043285778588,0.5685864959444316,0.14479599935667847,0.9932456612586975,0.6071660075868877,0.6006227527345926,0.026281555369496334,0.9999629855155945,0.6429682816777906,0.59599449293954,0.10976355991193221,0.9998769760131836,0.6089472736631119,0.6559690458433965,0.030388049242485837,0.8350143432617188,0.6630026851381572,0.6414267522948125,0.12001682754073818,0.3916696310043335,0.6140679410525728,0.6804556012153622,0.08882274457386558,0.7554247379302979,0.6458508763994486,0.6573247330529346,0.14350872114300722,0.2323969304561615,0.6118673563003537,0.6893247008323666,0.0942763014563492,0.7275416851043701,0.6417636053902759,0.6619303584098812,0.15010386896984912,0.26060470938682556,0.6153113705771307,0.6875613093376156,0.09598841762968469,0.7146416902542114,0.6399131621633254,0.6606438176972522,0.14846134733940866,0.24714593589305878,0.617430359976632,0.686558948244367,0.09189619688051084,0.6613245606422424,0.6408432790211265,0.6601133687155584,0.14234333623732834,0.22822916507720947,0.6306960344314572,0.6815093500273565,-0.030298392155340727,0.9999870657920837,0.6503833379064284,0.6776908789362224,0.030167114149246884,0.9999768137931824,0.6017160023961745,0.7182988354137962,0.021313333697617044,0.9334828853607178,0.6503550716808861,0.7174012984548293,0.1079009679811341,0.9470886588096619,0.6027108413832525,0.8006007569176807,0.01915875536256602,0.9664586186408997,0.6665611181940349,0.7789404273033138,0.12002870270184102,0.9662049412727356,0.6068225281579152,0.8142534136772153,0.018501721934548437,0.9818064570426941,0.6706293412617272,0.7904295870235984,0.12070123127528595,0.9835179448127747,0.5923844473702564,0.8116444230079647,0.00391134808638266,0.9311007857322693,0.6556654436247686,0.7848153012139454,0.11056702222142896,0.9219233989715576
48,0.6165124637739996,0.5640246016638617,0.16392916334526872,0.9956491589546204,0.6148086837359834,0.5604613474437166,0.15388558336666647,0.9961085915565491,0.6138990998268125,0.5607437150818959,0.15380705424717486,0.9963732361793518,0.6129948854446408,0.5610083477837696,0.15378359641347605,0.9976230263710022,0.6178179621696469,0.5596665143966673,0.15919918822390686,0.9965152740478516,0.619114770208086,0.5593461496489387,0.15916305461100164,0.9965507388114929,0.6204549346651347,0.5590436492647441,0.1592040783592632,0.9970622658729553,0.6120861070496693,0.5643915261541093,0.10117705443075721,0.9983993768692017,0.6224517209189275,0.5624449712889532,0.12519947673593243,0.9931947588920593,0.6155476059232436,0.5696542194911409,0.14651487427098403,0.996385395526886,0.6190562861306323,0.5690577864646909,0.15313586911984844,0.9939196109771729,0.6047447630337304,0.6031702245984756,0.03489072482500756,0.9999666213989258,0.6403538908277235,0.598089676243918,0.11233038029500411,0.9998884201049805,0.607875949995858,0.6621811900820047,0.037775833600400266,0.8498461246490479,0.6590340699468338,0.6451988169125145,0.11965742536953512,0.39813655614852905,0.6148979868207656,0.6862502898488723,0.08996330680591715,0.7360562682151794,0.6450363125119887,0.666136014461517,0.13973183206149503,0.21728989481925964,0.611660928385598,0.6943765793527872,0.09498435833624427,0.7018459439277649,0.6417158620698109,0.6714243548257007,0.14574785104819699,0.24498821794986725,0.6194809266499108,0.693607653890337,0.09597861394286152,0.6864367723464966,0.6395498377936224,0.6695247854505264,0.1438459089824131,0.23165884613990784,0.6208142025130132,0.693698099681309,0.09254687151738572,0.6349825859069824,0.6400863885879513,0.6672108445848735,0.1384936664785657,0.2151206135749817,0.6276748725346153,0.6841527666364394,-0.02830814926752021,0.9999876618385315,0.6480603609766276,0.6797672765595569,0.02817861666636806,0.9999781847000122,0.5996346507753643,0.7225780316761559,0.02336569939340863,0.9401244521141052,0.6482258098466053,0.7207617572375703,0.10155138650110784,0.9518194198608398,0.5972462943622041,0.8045362727982653,0.02183565204696995,0.9697962999343872,0.6673233355794631,0.7843442491122651,0.10484268005405148,0.9694802165031433,0.6006931866918288,0.8183659349169046,0.021209917377148346,0.9836038947105408,0.6711157202720639,0.7947419302804126,0.10476493686437602,0.9851118922233582,0.5828136358942302,0.8108881967408312,0.006941127953385666,0.937856137752533,0.6585354924201963,0.796316620281764,0.09309350741761066,0.9292141199111938
49,0.6151120935167582,0.5665362272943766,0.15808467737265988,0.9960814118385315,0.6133235846246989,0.562286271367754,0.14837472907134458,0.9964954257011414,0.6123927371842517,0.5625429528100148,0.14829937091895506,0.9967339038848877,0.6114004373550412,0.5628217101097104,0.14828042600836067,0.9978594183921814,0.6161908081599641,0.5616096615791318,0.1531897945063454,0.9968622326850891,0.6173884425844463,0.561332583427429,0.15315229296684257,0.9968941807746887,0.6186099154608588,0.5610465220042635,0.1531902134418487,0.9973547458648682,0.6100975530488147,0.5669437118938988,0.09946114208017073,0.9985588192939758,0.6205240539142061,0.5642596891948152,0.1185676651341574,0.9938730001449585,0.6141156622341698,0.572337688718523,0.1417213205780301,0.9967450499534607,0.6174495969499858,0.5717866795403614,0.14770633514438353,0.9945247769355774,0.6024874550955633,0.608408827441079,0.03547287429017679,0.9999698996543884,0.638015362194606,0.6027482186044963,0.10554952216999866,0.9998986124992371,0.6067406177520749,0.6682881695883611,0.043418227561882544,0.8608902096748352,0.6534936087472095,0.6513711861201692,0.11475345854248313,0.3925773799419403,0.6146183695111953,0.6865486604826787,0.10182594124759942,0.7031438946723938,0.6418382321085245,0.6716544389724728,0.140165912253516,0.20520956814289093,0.6126423444066726,0.6948483637401033,0.10796973769153863,0.6651245951652527,0.6394722274371553,0.6779486366680687,0.1466970000948224,0.2328689843416214,0.6210071086883542,0.6949415905135015,0.10828477037804463,0.6473796367645264,0.6366772174835201,0.6767697215080257,0.1451324969530105,0.21919363737106323,0.6207678505352562,0.6941247582435605,0.10419544066701614,0.59715735912323,0.6364372100148878,0.6725077441760469,0.13928276257855543,0.20418690145015717,0.6258027826036723,0.6906409178461344,-0.0254990519689662,0.9999883770942688,0.6459627662386209,0.6850951024464196,0.025365363380738654,0.9999797940254211,0.5980347190584453,0.7297883902277262,0.024580196450863553,0.9460872411727905,0.6478049346378868,0.729495709283011,0.09619279099362234,0.9563360214233398,0.5925446101597374,0.80919736623764,0.02647669379200253,0.9727911949157715,0.668264269828796,0.7924188903399872,0.09846604147127691,0.9724752902984619,0.5960492236273627,0.822870848860059,0.02616452329925127,0.985200822353363,0.6716340082032337,0.8020437717437741,0.09843087451798571,0.9865500926971436,0.5747820036751881,0.8156822936875476,0.013270127347537443,0.9438496828079224,0.6610847984041484,0.8059403777122494,0.08766655687774927,0.9359137415885925
50,0.6130613395145958,0.5709714719227379,0.1500438438994543,0.9964721202850342,0.6111730269023348,0.5658974954060143,0.13995261022022787,0.996845006942749,0.6101277640887667,0.5661486182894022,0.13987719054733,0.9970598220825195,0.6090568525450567,0.5664168221609931,0.13985979429313108,0.9980729818344116,0.6140411342893325,0.5652431811605179,0.14495788812637322,0.9971754550933838,0.6151393754141669,0.5650330747876846,0.14492257301296502,0.9972042441368103,0.616234491552625,0.564757282393319,0.14495412451880313,0.9976187944412231,0.6076623031071251,0.5708453638213018,0.09154547719018796,0.9987027645111084,0.6182991402489796,0.5678381613322664,0.11095534052167616,0.994485080242157,0.6118127788816177,0.5769879324095588,0.13400384421859463,0.997069776058197,0.6151102083069935,0.576412875311715,0.14019353772912702,0.9950711131095886,0.6001370617321556,0.6141126768929615,0.03126400898077657,0.9999728798866272,0.635474119867597,0.6084339158875599,0.10221145419137814,0.9999075531959534,0.6047993694032938,0.6743582112448553,0.041668010955410326,0.8686912655830383,0.6478486078126087,0.6578334399632042,0.11995510309934611,0.38129013776779175,0.6124677164213996,0.6911567534719192,0.10081803926399771,0.6493695378303528,0.6352441549301144,0.6712745853832787,0.15590991228818887,0.1871630847454071,0.6125160455703733,0.7000987223216462,0.10699485433953144,0.613083004951477,0.6333546076502116,0.6762683919497896,0.16408774554729455,0.21294622123241425,0.6176047120775492,0.7000885997499735,0.10789404639175956,0.5952226519584656,0.6299708417483736,0.6760257346289495,0.16236737072467797,0.20018623769283295,0.6176560691424775,0.6990167515618457,0.10348827253494938,0.5491422414779663,0.6292145456586562,0.6715980342456269,0.15517143245254236,0.18685872852802277,0.6224794098309105,0.6997905441692894,-0.023605393724782115,0.9999887943267822,0.6432039107595169,0.6927198614392959,0.023465105092951216,0.9999808669090271,0.5951790537152969,0.7408913203648155,0.02480439942862305,0.951444149017334,0.648685504708971,0.7383083718163623,0.09179168364831375,0.9599878787994385,0.5878930841173442,0.8178593737738469,0.027751098466770978,0.9754775166511536,0.6692748887198309,0.8004101327487396,0.09418674090078893,0.9750802516937256,0.5909456746918811,0.8311373353004451,0.027622502563255165,0.9866265654563904,0.67237434387207,0.8103802595819742,0.09432929988418302,0.9877994060516357,0.5707130874906265,0.8247173121997284,0.015339607030286313,0.9491946697235107,0.6638708642550875,0.8093914713178358,0.0832464577896254,0.941591203212738
51,0.6100757070950096,0.5752402169363836,0.12801594989640364,0.9967945218086243,0.6081839357103618,0.5698667662484302,0.1168193108269146,0.9971386194229126,0.6070406317710874,0.5701611263411382,0.11674484482833311,0.9973372220993042,0.605865110669817,0.5704362971442083,0.1167271311794008,0.998255729675293,0.6111457296780175,0.5689888034548076,0.12166622323649263,0.9974362254142761,0.6121183753013608,0.5687898550714763,0.12162821527038295,0.9974616169929504,0.6130816033908296,0.5685202360153195,0.12164751653160362,0.9978365898132324,0.6046725988388059,0.5743832486016407,0.0675820380981479,0.9988289475440979,0.6152559586933678,0.5718536496162412,0.08812421336770054,0.9950016140937805,0.6085061362811495,0.5813591854912892,0.11242859001670559,0.9973470568656921,0.611843531472342,0.5806945613452363,0.11828169056347432,0.9955254197120667,0.5973484635353086,0.618061462470463,0.014971653558313841,0.9999752640724182,0.6322656512260434,0.6124263865607122,0.0871757809604917,0.9998986124992371,0.6019831248692101,0.6790108697754993,0.026758553340498877,0.873453676700592,0.643149512154715,0.6634972231728686,0.10827829561063218,0.35022082924842834,0.6075653416769842,0.6939769847052435,0.08495363071560856,0.5955823063850403,0.6286354320389881,0.6708256670406884,0.14458997121879025,0.1687910258769989,0.6083755970001218,0.7024838924407956,0.09058147807206422,0.5602663159370422,0.6262189252035956,0.6733438185283113,0.15287080918039586,0.19213281571865082,0.6104702285357881,0.7017509068761549,0.09200940334371153,0.5429857969284058,0.6225127526691978,0.6720719405582969,0.15030355730227055,0.1805899739265442,0.61046621458871,0.6993662646838594,0.08783232654844009,0.5004197955131531,0.6220848032406395,0.669584328787667,0.14349452342305857,0.16867461800575256,0.617975945132119,0.7077444127627778,-0.023231246322393404,0.9999878406524658,0.6394779631069725,0.7001672540392192,0.023110807687044134,0.9999789595603943,0.5910011189324513,0.7522471717425752,0.024752919003367412,0.955982506275177,0.648370916502816,0.7425938452993117,0.08353606760501858,0.9600368142127991,0.5845034565244399,0.8279769659042354,0.024647939630917128,0.9777693152427673,0.6699878982135224,0.8038202234676902,0.08542764122997007,0.9769554734230042,0.5871863620621814,0.8412588443074904,0.024308628695351726,0.9877199530601501,0.6732040047645567,0.8139227134840825,0.08547696045466828,0.9886346459388733,0.5682333469390867,0.833987895080021,0.01303674187511205,0.952886164188385,0.6673926080976211,0.8110342076846527,0.07569138258695599,0.9440786242485046
52,0.6065415569714134,0.5770993709564206,0.10408477336168284,0.9966812133789062,0.6046753151076177,0.571892658301762,0.09188794834273198,0.9970166683197021,0.6034179261752535,0.5721577882766721,0.0918139157550675,0.9972817301750183,0.6021985922540934,0.572371527126857,0.0917940429278782,0.9982501268386841,0.6078663638659884,0.5709927916526791,0.09685644166810167,0.9973353743553162,0.608854327883039,0.5707850183759413,0.09681919089385436,0.997378945350647,0.6098197272845673,0.5705487864358082,0.09682704082557128,0.9977731108665466,0.6013663700648713,0.5758833953312462,0.04171537203448157,0.998860239982605,0.6120926022529599,0.5742907660348072,0.06502770600574354,0.9947927594184875,0.6048652359417503,0.5830996870994565,0.08888519342456541,0.9973878264427185,0.6083915948867795,0.5826388614518299,0.094900917155402,0.9954655170440674,0.5943090592111857,0.6190409217561992,-0.005611352968428815,0.9999763369560242,0.629042303562164,0.6140338488987511,0.06903532871178215,0.9998555779457092,0.5982132417815069,0.6802704657827101,0.0007933230804545522,0.8692719340324402,0.6401014413152419,0.6672449963433399,0.08699612830366403,0.31839683651924133,0.60192083631243,0.6985778365816386,0.04889568548117363,0.5390244722366333,0.6258005244391301,0.6763118045670642,0.1125626370310783,0.15199153125286102,0.6019024542399813,0.7060358456202912,0.0520227138485227,0.5067774653434753,0.623103080477033,0.6785365104675289,0.11884913955415993,0.17303523421287537,0.6023271833147319,0.7032497320856363,0.053856363041060284,0.4909735321998596,0.6191294431686398,0.6753968749727518,0.11486151920897615,0.1626332402229309,0.6026156970432823,0.7002084187098908,0.051714614778757065,0.452117383480072,0.6190471308571949,0.6737545626504078,0.11067725079400194,0.15192316472530365,0.6135793413434707,0.7112092001097539,-0.023064062957252766,0.9999845623970032,0.6353437270436966,0.7047983033316473,0.022961044577615587,0.999971866607666,0.587514976092747,0.7588966369628902,0.02852409466036727,0.9562556743621826,0.6464411258697507,0.7436505692345752,0.08350133512701303,0.937416672706604,0.5828313827514646,0.8339367798396515,0.032122039422392834,0.9790446162223816,0.6704322849001201,0.8039604851177756,0.09282415855143747,0.974679708480835,0.5850154689380098,0.8473903673035754,0.03198262671274797,0.9879072904586792,0.6738416773932318,0.8137825046266824,0.09352340959012506,0.987511157989502,0.5658952457564215,0.8365101388522552,0.020709789890263754,0.9494630694389343,0.6698676177433556,0.810660110201154,0.0862992418663842,0.9248829483985901
53,0.6031430346625188,0.576965054443904,0.0891453341713973,0.996716320514679,0.6013109122003826,0.5720915760312759,0.0766579842993191,0.9969962239265442,0.6000145997319899,0.5723478061812262,0.07658687265855921,0.9972980618476868,0.5988001755305696,0.5725683467728748,0.07656856551766392,0.9982810020446777,0.6046743818691795,0.571157109737396,0.08107410839625764,0.9973422288894653,0.6057740773473465,0.5709064347403388,0.08103026609335623,0.9973961710929871,0.6068718739918297,0.5706501041139872,0.08102826901844565,0.9978005886077881,0.5982393656458171,0.5760950752667016,0.027366572059275167,0.9988976120948792,0.6092003720147267,0.574687440054757,0.04783647699015479,0.9947747588157654,0.6015085441725592,0.5829155394009179,0.07442592850753235,0.9974462985992432,0.605203134672982,0.5824832677841184,0.0796781880514962,0.9954993724822998,0.5913503170013426,0.618155034950801,-0.015189758821257516,0.9999772310256958,0.6261168105261663,0.6137772713388712,0.05075418645782128,0.9998260736465454,0.5938561235155375,0.678412352289472,-0.0063253646583429374,0.8664736151695251,0.6375269992010931,0.6685592668397082,0.06282624974846837,0.29025596380233765,0.5965914794376916,0.6973048499652315,0.041711374977603535,0.4882294535636902,0.6226622462272642,0.6786733984947202,0.07855183333158489,0.1369139552116394,0.5963490281786235,0.7039545638220648,0.04498767094087918,0.45850756764411926,0.6196687374796184,0.6813619136810299,0.08279059146131784,0.15589743852615356,0.5964977008955816,0.6994997773851663,0.04603263174483018,0.44404661655426025,0.6162872246333528,0.6779174259730745,0.07891979334609846,0.14651280641555786,0.5966228723525998,0.6965719018663675,0.04416041345934248,0.40855658054351807,0.6165966306413919,0.6762458954538615,0.07661049632089476,0.13689294457435608,0.6101240106991356,0.7104185904775344,-0.020995345019868432,0.9999809265136719,0.631296030112675,0.7058491281100678,0.020909694316131718,0.9999634623527527,0.5849100487572804,0.7593584452356608,0.03098928386877689,0.9568290710449219,0.6438022375106808,0.7463336757251191,0.06901548600622583,0.9071616530418396,0.5825275472232271,0.834627510820116,0.03297149725258349,0.9801515340805054,0.6701804842267715,0.8045557703290663,0.07281012652175764,0.9698562622070312,0.5853919506072995,0.8478673321860173,0.03246534751462084,0.9877501130104065,0.6735000559261863,0.813780661991664,0.07282539361289567,0.9854524731636047,0.566176298686436,0.8360349723270957,0.02230164363448108,0.9448731541633606,0.67046616758619,0.8108634642192292,0.0666559266192572,0.8972581028938293
54,0.6000259382384161,0.5755173427718023,0.07627326697111127,0.9965881705284119,0.5982951249395095,0.5706871288163319,0.06359003484249112,0.9968311190605164,0.5970134241240362,0.5709174019949774,0.06351934011493407,0.9971989393234253,0.5958673868860515,0.5711254784039086,0.06350054485457281,0.9982102513313293,0.6017099584851944,0.5699537890298023,0.06801420875958031,0.9972473382949829,0.6029143639973229,0.5697823149817327,0.06796804411070684,0.9973596334457397,0.6041298202105928,0.5695975371769494,0.06796170302799767,0.9977719187736511,0.5954497354371204,0.5746389167649403,0.014892291758275982,0.9988871216773987,0.6063670107296533,0.5734314084053037,0.035344686678477684,0.9947093725204468,0.5984592710222514,0.5815056375094819,0.061914439499378165,0.9974178075790405,0.6021640811647685,0.5812569567135399,0.0671686734472002,0.9954535961151123,0.5886726532663615,0.6163125889641895,-0.02531681994774511,0.999977707862854,0.6234612022127421,0.6128708379609241,0.04033282441752296,0.9998115301132202,0.5897835833685736,0.6768108776637483,-0.01689431012907464,0.8637755513191223,0.6353615232876366,0.6662552509989055,0.05035523836101802,0.2677675783634186,0.5911009805543079,0.6971466490200584,0.025695552171340993,0.44424957036972046,0.6197720408439633,0.6772914460727144,0.06183103024959561,0.12346316874027252,0.5911825009754723,0.7044390576226367,0.027947996250752876,0.416768342256546,0.6161661641938343,0.6806681513786312,0.06550592418227874,0.14065733551979065,0.5912895185606818,0.6997305154800412,0.028713607674996748,0.4035050868988037,0.6136165176119119,0.6772385086332046,0.06155596481902256,0.13217057287693024,0.5913800154413493,0.6967139857155933,0.0279464693606964,0.3707309067249298,0.6143269470759798,0.6755104269300185,0.05991659015417096,0.12351230531930923,0.607290845257895,0.7076390436717439,-0.020030904188752165,0.9999789595603943,0.6279328823089596,0.7037648149899071,0.019971938165170795,0.9999598860740662,0.5830490589141842,0.7576870134898591,0.02091001975350081,0.9568663835525513,0.6415230154991147,0.7485405870846336,0.06151133807642116,0.8990483283996582,0.582199646745409,0.834663251468113,0.02059652964983667,0.9808151125907898,0.6694078155926293,0.8053818396159578,0.06282412705643632,0.9686346650123596,0.5856351324490136,0.8477716207504269,0.019702287923012454,0.9876940250396729,0.6729605317115781,0.8145450013024463,0.0625662057860089,0.984472393989563,0.5658642360142296,0.8363434536116461,0.00886615118277924,0.9405980110168457,0.6697460225650239,0.8112855025700156,0.05587722592587979,0.8854882717132568
55,0.5979927233287263,0.5721538322312488,0.06943994728582242,0.996625542640686,0.5963671905653815,0.5671639783041815,0.05711296988385061,0.9967936277389526,0.5951274582317894,0.5674198848860601,0.0570471328284059,0.9971996545791626,0.5940156596047534,0.5676423498562402,0.05702936085207119,0.9982170462608337,0.5996889659336633,0.5666924221175055,0.060739367135933434,0.9972354769706726,0.600879655565534,0.566721359321049,0.060684429641280825,0.997378945350647,0.6020615765026635,0.5667363779885426,0.060674108139106175,0.9977891445159912,0.5934949074472697,0.5711036086082456,0.0107523282836025,0.9989116787910461,0.604228329658508,0.570121828147343,0.027163549086877264,0.9947143197059631,0.5963277731622966,0.5783769760813029,0.055934488347598454,0.9974842667579651,0.5999404021671837,0.5782778535570414,0.06008566724402561,0.9955458641052246,0.5862403052193774,0.6121486544609067,-0.02884951346952999,0.99997878074646,0.6212964415550228,0.6106733594621928,0.03085838082645619,0.9997908473014832,0.5864134584154399,0.6729219130107331,-0.01930327650957873,0.8743544816970825,0.6335808753967282,0.6638653789247781,0.03894751103860989,0.2528420388698578,0.5850222723824635,0.6925401721681864,0.023163783703265432,0.4265545904636383,0.6193359936986648,0.6752713305609563,0.05087917170354296,0.111411452293396,0.5847900884492054,0.6999425411224363,0.02621048876150909,0.39360353350639343,0.6152131131717135,0.6792396034513198,0.05458545429365973,0.1269933581352234,0.5847438352448597,0.6948900495256694,0.026402760385203033,0.38048675656318665,0.6131337336131502,0.6754412548882618,0.05103781276515549,0.11929717659950256,0.5852998171533854,0.6922352705683024,0.02523972250720751,0.34609371423721313,0.6140883854457307,0.6738541398729594,0.04931927802307262,0.11152578890323639,0.6051695925848822,0.7058509724480762,-0.017780928154076843,0.9999770522117615,0.625473058223724,0.7012320501463751,0.017741473923836425,0.9999534487724304,0.5819298028945921,0.7558016402380804,0.007497045703764469,0.9594399333000183,0.6389148013932362,0.7480027011462617,0.04238150098494119,0.8846575617790222,0.5819988114493231,0.8351849079132077,-0.0023337386016334784,0.9821584820747375,0.6664549589157102,0.805064589636666,0.030584850541449,0.9667450189590454,0.5857459732464378,0.8480497854096545,-0.004137257300317285,0.9881430864334106,0.6702008196285789,0.8140836528369355,0.02901323357863084,0.9836643934249878,0.5651209218161444,0.8374452420643395,-0.01602808939559118,0.9422280788421631,0.6678715433393202,0.8137463569641109,0.020363081672361907,0.8759499788284302
56,0.5970515693937026,0.5660023093223568,0.07979723385402131,0.996903657913208,0.5954369919640674,0.5609219823564799,0.06793692218405856,0.997056782245636,0.5942582283701212,0.5611350791794911,0.06786775290966031,0.9974347949028015,0.5931537508964536,0.5612693718501497,0.06784845292568203,0.998363733291626,0.5986273833683555,0.5608336039951867,0.07178452525820048,0.9974674582481384,0.5998205832072664,0.5610479831695554,0.07173279694148468,0.9976038932800293,0.601022638593401,0.5612461396626061,0.07173086681536261,0.9979739785194397,0.5923320582934786,0.5647465535572594,0.019789518470809384,0.999008059501648,0.6031507492065427,0.5644180553300038,0.03843030141932621,0.9951746463775635,0.5954023344176154,0.5722131252288816,0.06571049328361235,0.9976956844329834,0.598940072740827,0.5725303002766198,0.07031599176781515,0.9959174394607544,0.5844731841768536,0.604827855314527,-0.020670659627233225,0.9999803900718689,0.6201024719646997,0.6061353700501575,0.03949373587965963,0.9997981190681458,0.583884034837995,0.6662616048540384,-0.010443215479608622,0.8851160407066345,0.6325145483016965,0.6601206694330485,0.04494328051805494,0.24827708303928375,0.5808615122522625,0.6871560215950009,0.034495668991335784,0.4163055419921875,0.6212762696402411,0.6733824593680242,0.0574231358511107,0.10062675178050995,0.5800828712327137,0.6945720621517724,0.03843737203361731,0.3772972524166107,0.6173513565744669,0.6793069243431088,0.06137237740414481,0.11470717936754227,0.5799035923821583,0.6885932275227136,0.03868420921665215,0.36460456252098083,0.61487557547433,0.6744414414678298,0.05855441966227119,0.10772073268890381,0.5810974240303036,0.6859755277633663,0.036686535139701174,0.3289213478565216,0.6156938638005935,0.672524639538356,0.05617183510746272,0.10073550045490265,0.6038052422659734,0.7034732529095238,-0.0173788443739925,0.9999755620956421,0.6240829893520897,0.6986974682126723,0.0173256685159036,0.99994957447052,0.5820341553006851,0.7534337690898347,-0.006802367119650753,0.962704598903656,0.6358158009392871,0.7461301377841401,0.036116385992084214,0.8887543082237244,0.5819738575390405,0.8352433851787019,-0.031106168617095253,0.9834441542625427,0.6616300991603303,0.8060982993670869,0.015145196551124427,0.9669719338417053,0.5857152938842771,0.8482238105365205,-0.03439038262835569,0.9888811707496643,0.6655518020902358,0.8155127235821311,0.01243860200712723,0.983703076839447,0.5645115579877579,0.8384479454585481,-0.05091793928295372,0.9440881609916687,0.6625698685646053,0.8167931318283077,0.0012195044463234293,0.8720744252204895
57,0.596774625778198,0.5582332168306621,0.09449762308171814,0.9971972107887268,0.595127783502851,0.5532596400805879,0.08316916525363918,0.9973350763320923,0.5940690551485331,0.5534031323024202,0.08309924315129004,0.9976788759231567,0.593024671077728,0.5534451586859565,0.08308222581233293,0.9985184073448181,0.5981718965939111,0.5532673137528553,0.08668686492102483,0.9977079629898071,0.5994209187371388,0.5534363831792556,0.08663351035543847,0.997832715511322,0.6006511586053028,0.5535852840968538,0.08663623226540426,0.9981652498245239,0.5919092553002491,0.5572610889162334,0.03455289642151909,0.9991031289100647,0.6027683496475217,0.5568011437143596,0.052232445776462536,0.9956305623054504,0.5953196167945859,0.5642672504697525,0.08016886668545856,0.9979117512702942,0.5987936326435632,0.5646310414586746,0.08441843007292063,0.9962975978851318,0.5835989611489429,0.5964188831193104,-0.006008064201367748,0.9999821186065674,0.619565061160496,0.5989246879305156,0.04844698426978926,0.9998106360435486,0.582287011827741,0.6576651385852266,0.004551280210060732,0.8960039615631104,0.6324744037219454,0.65268326146262,0.05197040140628812,0.2619175314903259,0.5782665337835037,0.6810810634068077,0.04930081672833432,0.43512704968452454,0.6223056248256136,0.6680072852543419,0.06658793560096193,0.09119747579097748,0.5771297148295809,0.6896844829831801,0.053968262376396764,0.38462987542152405,0.6185906359127586,0.6757240670067921,0.07109373339584893,0.10390758514404297,0.5769055400575906,0.6836557149887081,0.054314108434066685,0.3716754615306854,0.615886432783944,0.6706065177917477,0.06886636284845213,0.09751132875680923,0.5784864085061208,0.6802226679665698,0.051535026446383955,0.33032095432281494,0.616723310947418,0.6679533192089623,0.06562417032463208,0.09125252068042755,0.6031624742916649,0.6992634637015203,-0.016758453473448745,0.9999755620956421,0.6232872724533078,0.6946499535015648,0.016675066628626403,0.9999485611915588,0.5825799567358831,0.7519917402948648,-0.01451674890039222,0.9661951065063477,0.6323880757604323,0.7443356037139889,0.029869635403156264,0.8958777785301208,0.5820619600159779,0.8352313739912847,-0.053948986051338035,0.98492431640625,0.6555008632796149,0.8073914544922962,-0.0017779779686991678,0.9685841202735901,0.585780618871961,0.8484729937144684,-0.058704447134264856,0.9898370504379272,0.6589516895157947,0.817258044651576,-0.0056915498471685816,0.9845737814903259,0.5644712482179912,0.8385877626282824,-0.07826336797858985,0.948316216468811,0.6566467557634623,0.8191231727600095,-0.01938911339800272,0.8758607506752014
58,0.5967653189386637,0.5509795154844008,0.09097016709191455,0.9974613189697266,0.5951097965240475,0.5460105844906396,0.0790599105613572,0.9975848197937012,0.5941488827977859,0.5459958927971973,0.07899089945214131,0.9978981018066406,0.5931080375398906,0.5458730152675081,0.07897894425051549,0.9986574649810791,0.5981086356299261,0.5460218259266442,0.08257786120687208,0.9979231357574463,0.5993899072919571,0.5460581251553125,0.08252188542059485,0.9980377554893494,0.6006503173283165,0.5460954853466576,0.0825242344822202,0.9983365535736084,0.5918720126152035,0.5497741903577529,0.02983002492359705,0.9991886615753174,0.6025327903883795,0.5493992107255116,0.047236861022455334,0.996040940284729,0.595494963441576,0.5565847141402105,0.07656216557536803,0.9981055855751038,0.5990113156182423,0.5571816546576361,0.08077487477234428,0.9966375827789307,0.5834326199122835,0.589292000021253,-0.00984821197177682,0.9999836683273315,0.6194601995604376,0.5916524597576683,0.04339582861534185,0.999819278717041,0.5814943603106905,0.6502134203910825,-0.003999030538502013,0.9059596657752991,0.6336329596383228,0.642819101469857,0.04905170000025202,0.28338319063186646,0.576003221103123,0.675877145358494,0.03234259308748212,0.4596416652202606,0.6229593821934288,0.6614836999348228,0.06664195976087021,0.08258047699928284,0.5746765920094079,0.6871570178440636,0.035435590766636375,0.3979291617870331,0.6192801015717639,0.6707868371691019,0.07158356670822412,0.09400895237922668,0.5743326119014193,0.6823963761329648,0.03621644640474446,0.3846016228199005,0.6164738672120227,0.6659175566264558,0.06891930262957298,0.08817514032125473,0.575832641124725,0.6777455466134205,0.0346133737758334,0.33700886368751526,0.6173089572361534,0.662476815496172,0.06558426363127569,0.08256519585847855,0.6025044832910808,0.6936715313366478,-0.017095725823725965,0.9999749660491943,0.6226948278290882,0.6893926467214309,0.017010168518338878,0.9999449253082275,0.5831642780985149,0.7512734481266563,-0.019913088721555783,0.9691852331161499,0.6296467133930748,0.7428102203777855,0.03580836664353096,0.8965910077095032,0.5820839762687681,0.8348573633602684,-0.06606597373528136,0.9861648678779602,0.648865291050502,0.8090423737253458,0.0076974836627154404,0.9678672552108765,0.58565342596599,0.848349399226052,-0.07156491370073384,0.990633487701416,0.6521307025636942,0.8199623465538021,0.004040685967941363,0.9844942688941956,0.5646623696599685,0.837749668530055,-0.09191031040889872,0.9517525434494019,0.6496947016034804,0.8191086462565826,-0.009827379656157322,0.8714624643325806
59,0.5972231047494068,0.5451646379062105,0.08198700525930946,0.9977096319198608,0.595544213908059,0.5400620852197917,0.0692368143371173,0.9978205561637878,0.5945797375270296,0.5399539538792199,0.06917043817894797,0.9981037974357605,0.5935239553451535,0.5397651110376628,0.06916594100849965,0.9987881183624268,0.5985931685992647,0.5400561707360401,0.07249831057020593,0.9981260299682617,0.5998415521212984,0.539985028335026,0.07243668351854593,0.9982302188873291,0.601073781081608,0.5398808206830703,0.07243108845182825,0.9984988570213318,0.5922569036483762,0.5435189809117995,0.02009655348956584,0.9992682337760925,0.602842169148581,0.543046336514609,0.03505427369049616,0.9964298605918884,0.5959191884313307,0.5506673301969253,0.0676965184509754,0.9982888698577881,0.5995428783552984,0.5512254476547238,0.07139170723302021,0.9969626069068909,0.5837480545043943,0.5834926179477145,-0.020279638189822424,0.9999850988388062,0.6199211852891102,0.5856527396610802,0.0300871989290629,0.9998317956924438,0.5809015529496326,0.6422438059534342,-0.017468961867104678,0.9152544736862183,0.6351648245538981,0.6352580717631746,0.04043738884585243,0.34045112133026123,0.5740097318376811,0.6701372538294108,0.01505986041322882,0.5072269439697266,0.6235952820096694,0.6574418919427051,0.0657034656831196,0.07768921554088593,0.5727460111890519,0.6832536016191753,0.017273492793486046,0.44481131434440613,0.6199498278754094,0.666722214221954,0.07117414783154212,0.08724430203437805,0.5722977706364221,0.679903081485203,0.01799385582562535,0.43202832341194153,0.6171493291854855,0.6628927707672116,0.06799581604344501,0.08158895373344421,0.5737130982535223,0.6746839335986543,0.01728454234544187,0.38229021430015564,0.6180636422974719,0.659211891038077,0.0646718193377767,0.0765904113650322,0.6016582812581741,0.6887017096791945,-0.016501049085387152,0.9999747276306152,0.6221862128802704,0.6848802566528317,0.01642146964690514,0.9999424815177917,0.5835921815463472,0.7513099534170965,-0.011858459745001574,0.9721153974533081,0.6278709496770584,0.7414637378283906,0.04580667199833051,0.9037919640541077,0.5820133634975976,0.8350426673889156,-0.051390844689948194,0.9874311089515686,0.6418800371033802,0.8102874755859371,0.03428325842001607,0.9694699645042419,0.585501670837402,0.8484355637005394,-0.0565931089222431,0.9914571046829224,0.644394036701747,0.8216921823365344,0.0322646106992449,0.9851833581924438,0.5646205953189303,0.837095303194863,-0.08508553324001172,0.9558665752410889,0.6433611256735663,0.8199745723179405,0.020248496865055383,0.8770899772644043
60,0.5978434273174829,0.5408878888402664,0.07413687663418903,0.9979296326637268,0.5960879802703855,0.535863845688956,0.06068472989967888,0.9980284571647644,0.5950318574905393,0.5357441714831759,0.06061110539095739,0.9982853531837463,0.5939183388437541,0.5355806691305975,0.060612341335841556,0.998903214931488,0.5993369613374979,0.5358388526099066,0.06405481185231887,0.9983046650886536,0.6005510398319787,0.5357438904898504,0.0639938537563596,0.9983999729156494,0.6019273723874771,0.5355728455952233,0.06398561043398718,0.9986414909362793,0.592835916791643,0.538784735543387,0.009528246362294462,0.999338686466217,0.6035452808652603,0.5384749361446923,0.025057691495333385,0.9967734813690186,0.5962911026818409,0.546297114236014,0.059301252876009236,0.9984509944915771,0.6000090343611577,0.5468199729919432,0.0631310763103621,0.997249186038971,0.5844334806714736,0.5789968388421192,-0.028849972092679557,0.9999863505363464,0.6209316475050788,0.5811388935361587,0.019535720880542472,0.9998408555984497,0.5805931261607576,0.6347930005618501,-0.027068166408155632,0.9236354827880859,0.6360988497734067,0.630246031284332,0.0313775276499135,0.3942561149597168,0.5733485613550455,0.6661284719194682,0.003327566679633619,0.5537132620811462,0.6243741444178987,0.6556540506226674,0.05863848009279793,0.07589759677648544,0.5722879835537499,0.6790716409683224,0.004655483278578943,0.4940086603164673,0.6214576261384144,0.6646080136299131,0.06355921498366762,0.08293461054563522,0.5719887835638862,0.676834542410714,0.00508658070383327,0.48199447989463806,0.6186745796884806,0.661632806914193,0.0600083635321685,0.07716309279203415,0.5733658501080101,0.6718989355223517,0.005392810496102483,0.432384729385376,0.619558491025652,0.6579974804605753,0.05750258203063689,0.07272215187549591,0.6005775979587007,0.6853435908045085,-0.015408698096871369,0.9999755024909973,0.6216701388359066,0.6823295559201918,0.015332528895565434,0.9999427795410156,0.5842847040721345,0.7517810293606346,-0.0038774085547109783,0.9747227430343628,0.6267800773893081,0.7405488474028448,0.05592301072818889,0.9097760915756226,0.5820102027484346,0.835368134294237,-0.03613902270527821,0.9885888695716858,0.6351317252431594,0.8117294618061607,0.060302955923335864,0.9711703658103943,0.5854326060840059,0.8485287240573335,-0.041047336068004356,0.9921842217445374,0.6367620689528326,0.8232427937643865,0.059794404943074475,0.9858477115631104,0.5649376341274803,0.8371557865824014,-0.074647865231548,0.9596177339553833,0.6367004854338506,0.8222405382565086,0.04850904290963494,0.8830482363700867
61,0.5992987241063796,0.5368673375674654,0.07546183701072418,0.9981332421302795,0.597359616415841,0.5319190587316238,0.06212538480758664,0.9982221126556396,0.5961622646876741,0.5318740487098691,0.06204725546496252,0.9984539151191711,0.5950460076332089,0.5317982792854307,0.06204786917992997,0.9990107417106628,0.6008813398224964,0.5319334098270959,0.06554236912301606,0.9984710216522217,0.6021906750542774,0.5318860769271848,0.06548491844109124,0.9985572695732117,0.6037280729838778,0.5317592092922754,0.06547704754131178,0.998774528503418,0.5940773095403395,0.5347492865153718,0.010686250350305009,0.9994037747383118,0.6054473349026268,0.5346682156835281,0.02642598407609121,0.997090756893158,0.5973227807453698,0.5424676673752918,0.06046939641237256,0.9986021518707275,0.6011333278247286,0.5428461585726054,0.0643664308956691,0.9975171685218811,0.5852832589830668,0.5755453824996946,-0.028798892561878463,0.9999875426292419,0.6218634077480858,0.5776293737547735,0.02027668279728718,0.9998518228530884,0.5807146787643429,0.6292089070592605,-0.02862547295434133,0.9311700463294983,0.6366435391562323,0.6270191158567153,0.03045209624937601,0.44742637872695923,0.5736307195254732,0.6636568393026077,-0.0001228906180975695,0.5964688062667847,0.6254972491945536,0.6542062350681848,0.05685491200004303,0.08099339157342911,0.5726983121463227,0.6755195260047909,0.0003319099628632618,0.5402488708496094,0.6236249174390518,0.6625194379261559,0.06156534605792588,0.08329161256551743,0.5726062757628303,0.6741379380226131,0.0008159707599718648,0.5290507674217224,0.6208854930741443,0.6600794877324783,0.05759913772344587,0.07687623053789139,0.5741008673395427,0.6697675926344733,0.001885335689543612,0.48070016503334045,0.6217091713632854,0.6565952369144982,0.05565500195537292,0.07238401472568512,0.6000323108264376,0.6825239028249465,-0.014730947943670402,0.9999766945838928,0.621476169994899,0.6803528342928202,0.014653963329536567,0.9999443888664246,0.5848647407123018,0.7518055268696372,0.0044327063918379785,0.9770613312721252,0.6259751064436774,0.741231000423431,0.06523572185209817,0.9144794344902039,0.5820434910910468,0.8351206949778962,-0.0184367344581655,0.9896231293678284,0.6292611139161244,0.8134398783956251,0.08122552516204967,0.9722132682800293,0.5853880694934297,0.8482453499521525,-0.02237029190042188,0.9928270578384399,0.629814575399671,0.825101496492113,0.08196743708103892,0.9861068725585938,0.5650229811668394,0.8373529706682473,-0.053759931639901205,0.9630467891693115,0.6320533820560997,0.8252493892397196,0.07096594605328778,0.8872362971305847
62,0.6019983615194046,0.5330585326467239,0.07546104980366566,0.9983122944831848,0.5999731642859321,0.5280279312814983,0.06248029747179573,0.9983915090560913,0.59854804447719,0.5280747617994034,0.062401498641286544,0.9986017942428589,0.5974201202392575,0.5280028462409971,0.062402220708983255,0.9991044998168945,0.6036898987633839,0.5280927164213995,0.06571485591786246,0.9986161589622498,0.6050801992416379,0.5281207987240379,0.06565779468842911,0.9986949563026428,0.6066735642296924,0.5281464150973727,0.06565059082848682,0.9988902807235718,0.596506207329886,0.5306826182774133,0.011882316374352993,0.9994608759880066,0.6085626653262544,0.5314423595155986,0.026762385080967614,0.9973700046539307,0.5996148807661871,0.53869548695428,0.06067177887473785,0.9987338781356812,0.6035497392926894,0.539232448169163,0.06432035820824755,0.9977511167526245,0.5858255164963856,0.5723104545048303,-0.027661022982959225,0.9999886155128479,0.6232999563217161,0.574928193432944,0.020645465009978825,0.9998601675033569,0.5810393708092823,0.6245565022741042,-0.03031869754195212,0.9379274845123291,0.6374512638364516,0.6250770245279582,0.032600836668695704,0.4935748279094696,0.5744372095380508,0.6618619033268517,-0.005779442408986922,0.6341955661773682,0.6277835028512134,0.6519161190305434,0.061701238155364956,0.08384659141302109,0.5733065622193471,0.6728969437735418,-0.0061020972805895975,0.5802369117736816,0.626681542396545,0.6598494921411784,0.06653917623417716,0.08193482458591461,0.5739124962261741,0.6718806862831113,-0.005559203893478428,0.5695810317993164,0.6240400484630038,0.6577399509293689,0.062370323176894844,0.07524480670690536,0.5753856301307676,0.6680607489177156,-0.003861174592748285,0.5210395455360413,0.6246696846825732,0.6542906318392069,0.06051688279424392,0.07096114754676819,0.6001639042581828,0.6799262012754165,-0.013309665583074087,0.9999778270721436,0.6217151709965294,0.6785070776939388,0.013237020000815385,0.9999462962150574,0.5854260001863749,0.7516622236796784,0.012190808809828008,0.9791090488433838,0.6250527347837173,0.7420418432780672,0.0609799079596996,0.9193412661552429,0.5820519294057571,0.834191216741289,-0.00435800152232072,0.9905036687850952,0.6231913396290367,0.814996104581015,0.07594822826130046,0.9732171297073364,0.5851315089634483,0.8474487185478207,-0.007100845727005171,0.9933374524116516,0.6222841109548294,0.8272833108901974,0.07658945449760979,0.986143946647644,0.5651027764592849,0.8370734998158043,-0.02828256972134112,0.9657099843025208,0.628001546859741,0.8278956294059749,0.06486357759152137,0.890205442905426
63,0.6060340932437349,0.5301141892160686,0.08260959727423528,0.9984768629074097,0.6040075949260164,0.5248261008943828,0.07004692895071843,0.9985474348068237,0.6024235861642018,0.524843757493155,0.06996975775275908,0.9987375736236572,0.6011517013822281,0.5247388652392794,0.06997104947056086,0.9991909861564636,0.607803416252136,0.5250219038554598,0.07306023825492175,0.9987499117851257,0.6091840386390683,0.5250402671950202,0.07300471088715958,0.9988215565681458,0.6106241481644763,0.5250829339027403,0.07299846272383415,0.9989972710609436,0.600092576231275,0.5274683543613976,0.019876945710607927,0.9995132088661194,0.6126897624560761,0.5289444480623515,0.03369682963405335,0.9976259469985962,0.6034552165440148,0.5356703570910859,0.0678392078195299,0.9988556504249573,0.6074561715126034,0.5364495771271839,0.07119577399321962,0.9979674220085144,0.5867912326540263,0.5693382467542373,-0.020429488005382666,0.9999896287918091,0.625730764865875,0.5729823606354847,0.023798184655606732,0.9998691082000732,0.5816522342818121,0.6206200582640509,-0.0233348611742258,0.9440187811851501,0.6390718970979961,0.6235333170209609,0.03953456676432063,0.536111056804657,0.5758480446679248,0.6593588794980727,0.000649894398104929,0.6688469648361206,0.6309632761137823,0.6499921543257574,0.07104427218437191,0.09105730056762695,0.5745916485786435,0.6699798021997722,0.0004232617643927846,0.6176391243934631,0.6299150211470466,0.6576926180294579,0.07578979485801285,0.0833861455321312,0.5754109331539696,0.6689337338720045,0.0007109564895342452,0.6075572371482849,0.6272391796112058,0.6560228654316491,0.07166929287569859,0.07615433633327484,0.5769068888255525,0.6652967078345159,0.002453137451915865,0.5597372651100159,0.6278146164757862,0.6525526319231303,0.06984145705189021,0.07172445952892303,0.600890619414193,0.6765888588769092,-0.012220425238566734,0.9999787211418152,0.6223915713174,0.6764500175203594,0.012154934422246043,0.9999479651451111,0.5867529000554763,0.7513495121683389,0.019638610960516542,0.9808735847473145,0.623861273697444,0.7427992207663396,0.05365009105631281,0.9240455031394958,0.5819778612681794,0.8338512131146019,0.01024714499445898,0.9912289977073669,0.6183560456548416,0.818649075712476,0.06527545654347962,0.9738832116127014,0.5847530313900535,0.8468722360474719,0.007456946186721324,0.993698239326477,0.616146533829825,0.8313651783125737,0.06547433483813488,0.9856846332550049,0.5652746932847157,0.836755766187395,-0.013425155170261851,0.9678125381469727,0.6251887747219628,0.8300614816801885,0.05223053343194933,0.8926016688346863
64,0.6100663764136175,0.5279454605919971,0.09885839990207124,0.9986265301704407,0.6080469795635766,0.5224896430969235,0.08697764171021322,0.9986894130706787,0.6064447198595316,0.5223247630255561,0.08690399144377023,0.9988610148429871,0.6049410104751584,0.5221642068454195,0.08690488083021977,0.9992696642875671,0.611972071443285,0.523018647943224,0.08950694182089391,0.9988723397254944,0.6132444211414879,0.5230519924845012,0.08944712451526093,0.9989373087882996,0.6145155344690593,0.5230744617325916,0.08944362316812783,0.9990954399108887,0.6038704633712766,0.5251015305519102,0.03751369693449563,0.9995605945587158,0.6165784750665935,0.5272886276245115,0.04918838249785557,0.9978594779968262,0.6074598584856303,0.5332407729966298,0.08413025481360295,0.9989661574363708,0.6114784462111333,0.5343576516423905,0.08687655989612847,0.9981646537780762,0.588549390860966,0.567382786955152,-0.003911175485700367,0.9999905228614807,0.628751284735543,0.5717762351036069,0.035837222635745986,0.9998797178268433,0.5822924937520706,0.618435682569231,0.0022017458187682274,0.9494441151618958,0.6410126549857,0.6234121492930818,0.056174092526946724,0.577257513999939,0.5772588474409919,0.6573458330971851,0.03782122002116269,0.6972772479057312,0.6338436756815227,0.6485011850084574,0.09142838120460506,0.1056697815656662,0.5762801221438814,0.6675715872219627,0.04045677389284327,0.6456619501113892,0.6327721783093041,0.6555414710726053,0.0968052316989217,0.08980132639408112,0.5773452230862206,0.6662036061286922,0.03993542588848087,0.6358081698417664,0.629976882253374,0.6541885341916762,0.09320661255291526,0.08154161274433136,0.5786014999662124,0.6625222257205415,0.039651482405939256,0.5864444971084595,0.6304806487900867,0.650816806725093,0.09038565542016706,0.07645823806524277,0.601607821668897,0.6738956383296418,-0.011735689294125348,0.9999793767929077,0.6229288680212836,0.6752049701554431,0.011672514677047724,0.9999496936798096,0.588723768506731,0.7503572753497529,0.014033230893047786,0.9825962781906128,0.6228484170777454,0.7441434894289285,0.04253280365041322,0.9296815395355225,0.5820359826087949,0.8329867890902924,-0.003494324910986634,0.9918858408927917,0.6158391083989821,0.8233375787734981,0.04214794167450494,0.9749196767807007,0.584666574001312,0.8462315355028421,-0.007372117375156705,0.9940535426139832,0.6134115695953366,0.8361024022102352,0.04116256774536199,0.985733687877655,0.5654864226068766,0.836505738326481,-0.02701625712215899,0.9694567322731018,0.6232892019408087,0.8297222375869747,0.027495468713875315,0.8949617743492126
65,0.6139466336795258,0.5263932619776042,0.11704480413879662,0.9987616539001465,0.6119111350604463,0.5208737407411845,0.10618212499788825,0.9988176226615906,0.6103796499116078,0.5205229622977118,0.10611610433885024,0.9989725947380066,0.6087986588478086,0.5202874200684682,0.10611541313784459,0.9993407130241394,0.6158356666564939,0.5217037831033977,0.10864387729338232,0.9989831447601318,0.6170290299824304,0.5217862759317669,0.1085801684430667,0.9990420341491699,0.6181783522878371,0.5218436632837566,0.10857910535165237,0.9991843700408936,0.6075428519930155,0.5236366816929405,0.05870520754584242,0.9996034502983093,0.6202252592359268,0.5262837903840198,0.06874323306339125,0.9980708360671997,0.61130484853472,0.5316221049853731,0.1026461830096585,0.9990659356117249,0.6153084737913946,0.5329373819487433,0.10528546188558846,0.9983434677124023,0.5913182497024534,0.5658779995782032,0.01573970796806471,0.9999913573265076,0.631657768998827,0.5713015726634432,0.053801584296992826,0.9998900294303894,0.5829027295112608,0.6176843183381213,0.03316770100167818,0.9541765451431274,0.6425081542560029,0.6246365989957534,0.07751266828605102,0.612586259841919,0.5802305562155584,0.65608982188361,0.08524204213172194,0.7098692059516907,0.6356766411236352,0.64784151996885,0.11919396796396795,0.11389608681201935,0.5796999675886969,0.6656757201467238,0.09188794379255597,0.6514151096343994,0.6348571845463341,0.6543117080415995,0.1264252766966819,0.09445269405841827,0.5812458276748654,0.6640222855976646,0.09059810987008465,0.6407047510147095,0.6319831643785746,0.6527703438486369,0.12341565191745753,0.08554722368717194,0.5822284357888355,0.6603444303785049,0.08720980558012209,0.5877128839492798,0.6323065263884405,0.649459716251918,0.11856326524700432,0.08052434027194977,0.6023321356092177,0.6717278770038057,-0.012225718689816333,0.9999794960021973,0.6237875035830903,0.6740388887269153,0.01215390503140432,0.9999510049819946,0.5910415717533655,0.7478257656097409,0.0027032748662999665,0.984233558177948,0.6224701898438587,0.7455668381282259,0.03536360359617641,0.9355800151824951,0.5818505423409596,0.8293171525001523,-0.02522905134995068,0.9924494028091431,0.6159778441701613,0.826722283022744,0.02224534239087785,0.976403534412384,0.5845297898565017,0.8429487517901825,-0.029745517351797635,0.9943146705627441,0.6138555748122076,0.8390465225492202,0.020251520935978196,0.9862844347953796,0.5660989795412333,0.8363513554845533,-0.04954462761192448,0.9706639051437378,0.6218006048883709,0.8287281785692483,0.007165379323331369,0.9001455903053284
66,0.6177375538008552,0.5249513387680051,0.12098831534385676,0.9988803267478943,0.6158284425735471,0.5194690738405497,0.11041815621512271,0.9989287257194519,0.6142927237919396,0.519016521317618,0.11034313717058722,0.9990695714950562,0.612808993884495,0.5186583416802539,0.11033171926225929,0.9994015097618103,0.6195203304290768,0.520564155919211,0.11065630721194399,0.9990798830986023,0.6206591486930844,0.5207241994994025,0.11057770614113122,0.9991340637207031,0.6217460172516956,0.5208592738424026,0.11055602452584672,0.9992622137069702,0.6112708670752386,0.5221985799925666,0.06123996047036986,0.9996404051780701,0.6236927849905828,0.5252911550658087,0.06793843635490959,0.9982580542564392,0.6150655865669248,0.5301625728607176,0.1065296236957822,0.9991499781608582,0.618964532443455,0.5316886050360541,0.10647871792316432,0.9984979033470154,0.594266515118735,0.5641532131603783,0.020299550611525767,0.9999919533729553,0.6342262165887013,0.5709133556910921,0.052221181110611956,0.9998982548713684,0.5839578901018412,0.6173526031630376,0.04154332918780189,0.958035945892334,0.6434701715196879,0.6262255345072063,0.0740961357951164,0.644325315952301,0.5844327500888277,0.6561170816421505,0.09707951183829985,0.7039799094200134,0.6361598185130526,0.6470414246831618,0.12198802083730692,0.1144188940525055,0.5844522220747809,0.664380644048963,0.10517800993153023,0.6372199058532715,0.6353842020034787,0.6535186614309035,0.13003510790211809,0.09310167282819748,0.5868154985564092,0.6621459858758105,0.10326835747276028,0.6253852248191833,0.6326268758092605,0.6515515072005134,0.12903294031109125,0.08407320082187653,0.587644929545266,0.6587049313953941,0.09880802365286007,0.570246160030365,0.6328859227044239,0.648227672917502,0.12243684615407666,0.07940679043531418,0.603923211778913,0.6704500164304458,-0.009974942369652642,0.9999791383743286,0.6254619887896944,0.6729860390935622,0.009899314226848734,0.9999518394470215,0.5934262445994782,0.7435801114354812,0.005516052878062636,0.9856554865837097,0.6230073128427775,0.7463435769081112,0.031046292930841428,0.9408009648323059,0.5831596953528265,0.8213144319398059,-0.02158800310654831,0.9929039478302002,0.6166933366230554,0.8271895068032397,0.01591825607631887,0.9778427481651306,0.585941077981676,0.83489487852369,-0.02495877125433512,0.9944869875907898,0.6142490829740249,0.8389841846057343,0.013894462186310966,0.9867126941680908,0.5680663977350504,0.8351999027388433,-0.04188268993582042,0.9714136123657227,0.6211789829390386,0.8283655932971405,0.001962207725903549,0.9048454165458679
67,0.6213788543428691,0.5240035789353505,0.11018995387213565,0.998982310295105,0.6196884325572419,0.5186300465038842,0.09995118805340353,0.9990211725234985,0.6181564603533061,0.5181111557143072,0.09986407522644311,0.9991503953933716,0.6167304856436591,0.5176398260252815,0.099845740199089,0.9994509220123291,0.6231312308992656,0.5198789698737006,0.09709500244685576,0.9991615414619446,0.6242210268974302,0.5201040165764943,0.0970093326909201,0.9992126822471619,0.625296889032636,0.5202751823834009,0.0969757463250841,0.9993285536766052,0.6148856145995001,0.5211915118353705,0.051366258838347,0.999670684337616,0.627059711728777,0.5245800989014759,0.048664098552295115,0.998420774936676,0.6187397462981086,0.5291488562311442,0.09633219518831793,0.9992177486419678,0.6224362203053062,0.530927240848541,0.09247613464082986,0.9986273646354675,0.5971728375979829,0.5624636888504025,0.015993915604693543,0.999992311000824,0.6365190744400021,0.5702627880232672,0.02938376830092497,0.999904453754425,0.5862760305404661,0.6162549104009354,0.03361821291702133,0.9599961042404175,0.6442487478256222,0.6271049499511716,0.047611385264566944,0.6679565906524658,0.5890388880457194,0.6549040777342656,0.07760012958730966,0.6825175881385803,0.6363815733364647,0.6451421856880185,0.09537083378859924,0.11017405241727829,0.5894014494759693,0.6625666192599702,0.08400018875088006,0.6094489097595215,0.6356016806193757,0.6517239996365135,0.10158173846346986,0.0882301926612854,0.5918204358645844,0.6598096711294988,0.08174357222659243,0.5970369577407837,0.6328546541077746,0.6498557703835621,0.101331786598478,0.07946556061506271,0.5927482587950568,0.6562767165047778,0.07872152988399775,0.5411674380302429,0.6331105657986229,0.6465495262827189,0.09610286078282759,0.07501181215047836,0.606396400928497,0.6693757329668314,-0.002980559625263724,0.99997878074646,0.6276293754577633,0.6719776494162419,0.002904865012637205,0.9999527931213379,0.5964649506977624,0.739039702074868,0.02352914690439189,0.9863122701644897,0.6237677199499945,0.7462471417018343,0.02883348789598259,0.9438072443008423,0.5867990459714614,0.8131750021662028,0.006499818552817614,0.9926871061325073,0.617219121115548,0.8258125594684053,0.018913126204695013,0.9780297875404358,0.58896997485842,0.8252374138150892,0.0038710530581218838,0.9939989447593689,0.6142130851745602,0.8374953900064738,0.017381133791059246,0.9854863286018372,0.5731833628245759,0.8319438048771446,-0.011851698871968042,0.9687840938568115,0.6219297289848325,0.8284331883702956,0.004054918642421917,0.9027780294418335
68,0.625011565004076,0.5230229990822926,0.09995637110301421,0.9990252256393433,0.6234411120414731,0.5176645176751271,0.09017876386642452,0.999036431312561,0.6220208610807143,0.5170584031513756,0.09008326892341881,0.9991644620895386,0.6205879790442328,0.5164999978882924,0.09006225253854475,0.9994570016860962,0.6267858692577903,0.5190857120922632,0.08573243979896814,0.9991735816001892,0.6278696128300255,0.5193586894444054,0.08564717663185933,0.9992282390594482,0.6290356925555635,0.5195325868470325,0.08561621904373165,0.9993429780006409,0.6184804337365284,0.5200597814151217,0.04362431658165793,0.9996736645698547,0.6305433665003093,0.523773224013192,0.034625912670578254,0.9984694123268127,0.6224414569990973,0.5280587996755325,0.0868903713566916,0.9992110133171082,0.6259673510278971,0.5300838981355938,0.08124008327722546,0.9986376166343689,0.5997528825487407,0.5613103832517349,0.01358565613627433,0.9999924302101135,0.6387925403458729,0.5697449377604891,0.012940962213490684,0.9999038577079773,0.5895254339490615,0.6151619468416483,0.031902674532362375,0.9451635479927063,0.6450464504105702,0.6281804442405698,0.031234177734170622,0.6205258369445801,0.5926831892558504,0.6520344104085647,0.07325766852923798,0.6439444422721863,0.6366480112075803,0.642337095737457,0.07810742578336166,0.10585005581378937,0.5934728009360174,0.6589283568518499,0.07982955489839823,0.5707378387451172,0.6357247897556846,0.6485249672617228,0.08412003261702397,0.08544715493917465,0.5958699839455738,0.6555537070546829,0.07735518451247891,0.5581457018852234,0.6328493271555217,0.6465745125498088,0.08388570653540744,0.07681301236152649,0.596583523069109,0.6521659851074215,0.07411837322371342,0.5035074949264526,0.6332439763205389,0.6434506075722828,0.0790561782462256,0.07176010310649872,0.6086823769978111,0.6694629737309044,0.0037496681325137607,0.9999783039093018,0.6294113465717858,0.671933213302067,-0.0038223146194858197,0.9999533891677856,0.6001972794532773,0.7353239365986411,0.04497381003706581,0.9790956974029541,0.6244444591658453,0.747163879871368,0.026186677387782492,0.933910071849823,0.5916641490800036,0.8074778727122711,0.03276697562209196,0.985925018787384,0.6171040126255578,0.8246379630906238,0.014969609677791589,0.9704991579055786,0.5928063341549462,0.8184786490031648,0.030704166420868453,0.988032341003418,0.6137285453932623,0.8367071594510755,0.013245742428781725,0.9738081097602844,0.5814898678234642,0.827759970937456,0.020078788325190538,0.9414976835250854,0.6227968488420756,0.8288502539907179,-0.0007564361614640798,0.8717243075370789
69,0.6285266126905166,0.5222530807767594,0.0999629887087004,0.999100387096405,0.6269791024071827,0.5167692899703977,0.09073619118758605,0.9991018772125244,0.6256634167262483,0.5161132727350505,0.09065010015453606,0.9992219805717468,0.624238198144095,0.5155202984809872,0.09063639364072251,0.9994902610778809,0.6302827034677775,0.5182713747024534,0.0874822269592966,0.9992334842681885,0.6313973971775597,0.518559304305485,0.08740280206714354,0.9992871284484863,0.632669867788042,0.5187325358390806,0.08738325749124795,0.9993919134140015,0.6219199674470081,0.5190080881118773,0.04844258427619932,0.9996960759162903,0.6339483056749614,0.5229992389678952,0.03654346796018735,0.9985963106155396,0.6259839160101752,0.5272466778755185,0.0875973209738731,0.9992531538009644,0.6294219817434035,0.529311338492802,0.08323531321116852,0.9987295866012573,0.6022432003702434,0.5604930622237067,0.020583291883979518,0.9999926686286926,0.6412579774856564,0.5696885296276635,0.014709287979972676,0.999909520149231,0.5927162391798835,0.6138467993055068,0.044864838144608885,0.9406929612159729,0.646298117297036,0.6294345923832482,0.03351550458797385,0.631591260433197,0.595931129796164,0.647954532078334,0.0970857609595571,0.5910237431526184,0.6371556775910511,0.6420036997113906,0.08880507051944728,0.09681688994169235,0.5969989640372138,0.6544152941022597,0.10643808650118959,0.5220966339111328,0.6356988974979942,0.6483246053968154,0.09692570205245694,0.07797299325466156,0.5995904394558496,0.6508877992630002,0.10380703359842294,0.5101325511932373,0.6328292165483744,0.6461711815425324,0.09594202041625972,0.07004011422395706,0.5999507495335168,0.6477968352181568,0.09808895800794869,0.4597858488559723,0.6332657865115572,0.6427931734493797,0.08968917067561827,0.06545329093933105,0.6105814354760304,0.6696025116103033,0.005682053989065542,0.9999789595603943,0.6309880086353845,0.6720564314297264,-0.005758018259491236,0.9999558925628662,0.6045157722064424,0.7321240356990266,0.05215835459530351,0.9781319499015808,0.6247215339115685,0.7465963942664007,0.02665919539119515,0.9361967444419861,0.5966294714382714,0.8056836928640089,0.03532276456909518,0.985399067401886,0.6171086124011446,0.8241086295672821,0.009121644217520947,0.9712048768997192,0.5970880985260008,0.8162786671093529,0.032967467100492524,0.9879564046859741,0.6139725668089728,0.8363411341394693,0.006749300578875198,0.9733372330665588,0.5886113643646238,0.8253456166812347,0.025478455430961063,0.9378145337104797,0.6222883769444054,0.8291564243180407,-0.005992253214519999,0.8702300786972046
70,0.6322213275091988,0.5217172128813604,0.09952652092490874,0.9991665482521057,0.630665917055947,0.516233706474304,0.09125572528157908,0.9991564154624939,0.6293940867696489,0.5155572193009511,0.09117391662938248,0.9992700219154358,0.6279748882566177,0.5149308323860166,0.09117101367030818,0.9995155334472656,0.633924259458269,0.5177365779876706,0.08726772644690098,0.9992861747741699,0.6350732718195229,0.5180216210229055,0.08718962413924077,0.999339759349823,0.636346752302987,0.5182041645050046,0.08716729687792914,0.9994354844093323,0.6255083390644616,0.5182561516761778,0.05134886428713797,0.9997146129608154,0.6374033706528797,0.5224885702133175,0.03538422488740509,0.9987127184867859,0.6297540238925387,0.5266975045204159,0.08843930363655086,0.9992794990539551,0.6330291015761236,0.5285986798150197,0.08288713927779873,0.9988049864768982,0.6047370570046557,0.559850101811545,0.026563652870910504,0.9999926686286926,0.6437679171562192,0.5699972544397623,0.009820786941730015,0.999914824962616,0.595551138264792,0.6134450895445684,0.054333133782659235,0.933853030204773,0.6478596602167399,0.6307700191225322,0.031756010385496275,0.6432414054870605,0.5997486557279312,0.644113455499921,0.10948816559144423,0.5379488468170166,0.6377999731472557,0.6380325777190067,0.09814019948244092,0.08842527866363525,0.6012477925845552,0.6498257262366155,0.12019389697483604,0.47448834776878357,0.6358626042093548,0.6425074560301641,0.10701801819460728,0.07104793190956116,0.6038266335214885,0.6463786244392391,0.11664914190769193,0.46340641379356384,0.6329077499253407,0.6385485615049088,0.10671880543231958,0.06377486139535904,0.6037946139063153,0.6436209031513757,0.11009182887417927,0.41768816113471985,0.6335839714322767,0.6363230858530313,0.0993896712149892,0.05966563522815704,0.6126904317310875,0.6684586695262359,0.010300484911671709,0.9999798536300659,0.6321676169122967,0.6712242756571084,-0.010361673975629466,0.9999586343765259,0.6100517954145158,0.7286796535764419,0.06834062822163103,0.9781243801116943,0.6247408185686383,0.74492985521044,0.020802160671779063,0.9387063980102539,0.604196444579533,0.8026654226439337,0.0653472846640008,0.9854183197021484,0.6167455162320813,0.8236439909253797,0.003259730804711567,0.9720991253852844,0.603388488292694,0.81297858101981,0.06452451909759213,0.9881378412246704,0.6136226347514558,0.8358014719826828,0.00095148059273404,0.9731375575065613,0.6006572961807247,0.8191714252744399,0.06091551024333708,0.9360557198524475,0.6221553836550027,0.8290733167103354,-0.012370400082519547,0.8695225715637207
71,0.6360392366136824,0.5213684950556073,0.10208338775805072,0.9991676807403564,0.6344281060355047,0.5159451842308045,0.09500951596668782,0.9991025328636169,0.633149416106088,0.5152779187474933,0.0949312978557178,0.9992229342460632,0.6317376681736537,0.5146293163299559,0.09494275131395881,0.9994649887084961,0.6376517738614764,0.5173737406730651,0.08937673313277106,0.9992642402648926,0.6388484648295809,0.5176365937505449,0.08929603759731564,0.9993312358856201,0.6400477511542187,0.5178355336189271,0.08925991888557161,0.9994322061538696,0.6291829330580575,0.5176976919174194,0.05599416941404343,0.9996837973594666,0.6408976640020095,0.522151410579681,0.036086161860397856,0.9987573027610779,0.6336688177926199,0.5263680338859557,0.09253298044204711,0.9991698265075684,0.6367478523935587,0.5279108251844132,0.08450919368437355,0.99875408411026,0.6072144116674149,0.5593874709946768,0.034064486835684096,0.9999913573265076,0.6463549852371213,0.5706933072635105,0.004513818439694919,0.9999159574508667,0.5981158154351371,0.6136800084795269,0.06498163198786122,0.8923272490501404,0.6497739008494787,0.6321995190211704,0.031270640503082966,0.6382543444633484,0.6038533994129727,0.64017002923148,0.12096744435174117,0.4854571521282196,0.6385776979582649,0.6321715031351358,0.11365957111120223,0.08003338426351547,0.6058636324746267,0.6448989663805279,0.1327261645879064,0.42820683121681213,0.6360493353434973,0.6335711870874678,0.1229906773992947,0.0642383024096489,0.6083414367267063,0.6417764067649839,0.127710710465908,0.4181356728076935,0.632992013863155,0.6265944549015587,0.12448114305734631,0.05765196308493614,0.6078677943774632,0.6394619924681526,0.120876646893365,0.37697142362594604,0.6340405413082665,0.6264151981898716,0.11564716164554864,0.05395333841443062,0.6148897034781317,0.6663959281785146,0.015591960107641564,0.9999799132347107,0.6330313376017981,0.6697185448237825,-0.015625989503626314,0.999960720539093,0.616606444971902,0.7250798651150292,0.08776737637817858,0.9421857595443726,0.624473421914237,0.7420571821076528,0.011017948868019212,0.9364814758300781,0.6137478521891999,0.7996199045862468,0.1097157753471818,0.9634446501731873,0.6161072083881919,0.8233551689556663,-0.00315199354663492,0.9686132073402405,0.6113851666450498,0.8099323681422643,0.11157371526850123,0.9756872653961182,0.6130279319626943,0.835215624741145,-0.004985469173906104,0.9636271595954895,0.6158169150352475,0.8107762285641257,0.11241345162769514,0.8848539590835571,0.6219606569835117,0.8286940676825391,-0.019599518468437188,0.8492123484611511
