frame_id,NOSE_x,NOSE_y,NOSE_z,NOSE_v,LEFT_EYE_INNER_x,LEFT_EYE_INNER_y,LEFT_EYE_INNER_z,LEFT_EYE_INNER_v,LEFT_EYE_x,LEFT_EYE_y,LEFT_EYE_z,LEFT_EYE_v,LEFT_EYE_OUTER_x,LEFT_EYE_OUTER_y,LEFT_EYE_OUTER_z,LEFT_EYE_OUTER_v,RIGHT_EYE_INNER_x,RIGHT_EYE_INNER_y,RIGHT_EYE_INNER_z,RIGHT_EYE_INNER_v,RIGHT_EYE_x,RIGHT_EYE_y,RIGHT_EYE_z,RIGHT_EYE_v,RIGHT_EYE_OUTER_x,RIGHT_EYE_OUTER_y,RIGHT_EYE_OUTER_z,RIGHT_EYE_OUTER_v,LEFT_EAR_x,LEFT_EAR_y,LEFT_EAR_z,LEFT_EAR_v,RIGHT_EAR_x,RIGHT_EAR_y,RIGHT_EAR_z,RIGHT_EAR_v,MOUTH_LEFT_x,MOUTH_LEFT_y,MOUTH_LEFT_z,MOUTH_LEFT_v,MOUTH_RIGHT_x,MOUTH_RIGHT_y,MOUTH_RIGHT_z,MOUTH_RIGHT_v,LEFT_SHOULDER_x,LEFT_SHOULDER_y,LEFT_SHOULDER_z,LEFT_SHOULDER_v,RIGHT_SHOULDER_x,RIGHT_SHOULDER_y,RIGHT_SHOULDER_z,RIGHT_SHOULDER_v,LEFT_ELBOW_x,LEFT_ELBOW_y,LEFT_ELBOW_z,LEFT_ELBOW_v,RIGHT_ELBOW_x,RIGHT_ELBOW_y,RIGHT_ELBOW_z,RIGHT_ELBOW_v,LEFT_WRIST_x,LEFT_WRIST_y,LEFT_WRIST_z,LEFT_WRIST_v,RIGHT_WRIST_x,RIGHT_WRIST_y,RIGHT_WRIST_z,RIGHT_WRIST_v,LEFT_PINKY_x,LEFT_PINKY_y,LEFT_PINKY_z,LEFT_PINKY_v,RIGHT_PINKY_x,RIGHT_PINKY_y,RIGHT_PINKY_z,RIGHT_PINKY_v,LEFT_INDEX_x,LEFT_INDEX_y,LEFT_INDEX_z,LEFT_INDEX_v,RIGHT_INDEX_x,RIGHT_INDEX_y,RIGHT_INDEX_z,RIGHT_INDEX_v,LEFT_THUMB_x,LEFT_THUMB_y,LEFT_THUMB_z,LEFT_THUMB_v,RIGHT_THUMB_x,RIGHT_THUMB_y,RIGHT_THUMB_z,RIGHT_THUMB_v,LEFT_HIP_x,LEFT_HIP_y,LEFT_HIP_z,LEFT_HIP_v,RIGHT_HIP_x,RIGHT_HIP_y,RIGHT_HIP_z,RIGHT_HIP_v,LEFT_KNEE_x,LEFT_KNEE_y,LEFT_KNEE_z,LEFT_KNEE_v,RIGHT_KNEE_x,RIGHT_KNEE_y,RIGHT_KNEE_z,RIGHT_KNEE_v,LEFT_ANKLE_x,LEFT_ANKLE_y,LEFT_ANKLE_z,LEFT_ANKLE_v,RIGHT_ANKLE_x,RIGHT_ANKLE_y,RIGHT_ANKLE_z,RIGHT_ANKLE_v,LEFT_HEEL_x,LEFT_HEEL_y,LEFT_HEEL_z,LEFT_HEEL_v,RIGHT_HEEL_x,RIGHT_HEEL_y,RIGHT_HEEL_z,RIGHT_HEEL_v,LEFT_FOOT_INDEX_x,LEFT_FOOT_INDEX_y,LEFT_FOOT_INDEX_z,LEFT_FOOT_INDEX_v,RIGHT_FOOT_INDEX_x,RIGHT_FOOT_INDEX_y,RIGHT_FOOT_INDEX_z,RIGHT_FOOT_INDEX_v
0,0.6196488142013545,0.5516209602355956,0.1243662983179092,0.9975922107696533,0.6188790798187255,0.5467812418937681,0.12341113388538352,0.9933950304985046,0.6180683374404905,0.546260833740234,0.12335376441478725,0.9914087653160095,0.6171683073043824,0.5457080602645872,0.1234030872583389,0.9925222992897034,0.6210927367210384,0.5475029945373534,0.11181908845901486,0.9973312616348267,0.6219643950462337,0.547572612762451,0.11172719299793242,0.9982094764709473,0.6227952837944027,0.5476416945457458,0.11169949918985363,0.998945415019989,0.6151092648506162,0.5473864674568175,0.10722400993108748,0.9903655052185059,0.6228686571121212,0.5499854087829587,0.05376282334327696,0.9978461265563965,0.6175245642662045,0.5560861825942993,0.12045092880725858,0.9935467839241028,0.6195235848426816,0.5564677119255066,0.10438823699951169,0.9968867897987366,0.5986734032630917,0.5795869827270506,0.11163169145584098,0.9999592304229736,0.6220840811729426,0.5851969718933104,-0.020918635651469217,0.9999972581863403,0.5967093706130979,0.6336730718612668,0.10428395122289653,0.09146837145090103,0.6212501525878903,0.6418072581291195,-0.05650169774889943,0.9868459701538086,0.6005179882049558,0.6730703115463252,0.07094556838273999,0.033853672444820404,0.6237400174140929,0.6888438463211056,-0.051271088421344736,0.9740488529205322,0.5996965765953063,0.6849402785301207,0.07230854779481888,0.03880654275417328,0.6239780187606808,0.7031558156013483,-0.06439783424139024,0.9274088740348816,0.6018002033233643,0.6833695173263549,0.06428596377372739,0.03754425421357155,0.6240937113761901,0.7031646370887753,-0.05913556739687921,0.9165670871734619,0.6014763116836548,0.685590863227844,0.06723600625991821,0.033195674419403076,0.6235049962997433,0.699735641479492,-0.049289751797914484,0.8133141994476318,0.5932477116584773,0.6731105446815486,0.04895262047648427,0.9999943971633911,0.6034440994262694,0.6759493350982665,-0.049020390957593904,0.9999982118606567,0.6012756824493406,0.7453097105026244,0.1150685995817184,0.6188353896141052,0.5971956253051751,0.7517783045768736,-0.052985794842243195,0.9921471476554871,0.6078196763992304,0.8139396905899045,0.14293363690376276,0.8595370650291443,0.5819091796874998,0.8333805799484247,-0.06816343218088147,0.9840970039367676,0.6046721339225766,0.8295559287071224,0.1439124345779418,0.9158669710159302,0.5775845050811766,0.8445978760719295,-0.07051558047533034,0.9268835783004761,0.6223145723342893,0.8225905299186705,0.12571235001087186,0.6512705087661743,0.5969427824020385,0.8492514491081237,-0.10763348639011375,0.8996540307998657
1,0.6196488142013545,0.5516209602355953,0.1243662983179092,0.9975922107696533,0.6188790798187253,0.546781241893768,0.12341113388538352,0.9933950304985046,0.6180683374404904,0.5462608337402339,0.12335376441478721,0.9914087653160095,0.6171683073043822,0.5457080602645872,0.12340308725833887,0.9925222992897034,0.6210927367210383,0.5475029945373533,0.11181908845901484,0.9973312616348267,0.6219643950462336,0.5475726127624508,0.11172719299793238,0.9982094764709473,0.6227952837944026,0.5476416945457457,0.11169949918985361,0.998945415019989,0.6151092648506159,0.5473864674568174,0.10722400993108742,0.9903655052185059,0.6228686571121211,0.5499854087829587,0.05376282334327694,0.9978461265563965,0.6175245642662044,0.5560861825942991,0.12045092880725858,0.9935467839241028,0.6195235848426816,0.5564677119255063,0.10438823699951166,0.9968867897987366,0.5986734032630918,0.5795869827270504,0.11163169145584097,0.9999592304229736,0.6220840811729427,0.5851969718933102,-0.020918635651469217,0.9999972581863403,0.5967093706130976,0.6336730718612665,0.10428395122289649,0.09146837145090103,0.6212501525878904,0.6418072581291197,-0.05650169774889942,0.9868459701538086,0.6005179882049556,0.6730703115463252,0.07094556838273998,0.033853672444820404,0.6237400174140927,0.6888438463211054,-0.05127108842134472,0.9740488529205322,0.5996965765953061,0.6849402785301205,0.07230854779481885,0.03880654275417328,0.6239780187606806,0.7031558156013483,-0.0643978342413902,0.9274088740348816,0.6018002033233639,0.6833695173263546,0.06428596377372738,0.03754425421357155,0.62409371137619,0.7031646370887753,-0.05913556739687919,0.9165670871734619,0.6014763116836547,0.6855908632278439,0.06723600625991817,0.033195674419403076,0.6235049962997432,0.699735641479492,-0.04928975179791446,0.8133141994476318,0.5932477116584771,0.6731105446815485,0.04895262047648426,0.9999943971633911,0.6034440994262693,0.6759493350982663,-0.04902039095759389,0.9999982118606567,0.6012756824493405,0.7453097105026243,0.11506859958171838,0.6188353896141052,0.5971956253051751,0.7517783045768734,-0.05298579484224319,0.9921471476554871,0.6078196763992305,0.8139396905899041,0.14293363690376273,0.8595370650291443,0.5819091796874997,0.8333805799484246,-0.06816343218088146,0.9840970039367676,0.6046721339225765,0.8295559287071221,0.14391243457794178,0.9158669710159302,0.5775845050811764,0.8445978760719294,-0.07051558047533031,0.9268835783004761,0.6223145723342892,0.8225905299186702,0.1257123500108718,0.6512705087661743,0.5969427824020384,0.8492514491081233,-0.10763348639011373,0.8996540307998657
2,0.6196488142013548,0.5516209602355955,0.12436629831790919,0.9975922107696533,0.6188790798187254,0.5467812418937681,0.12341113388538355,0.9933950304985046,0.6180683374404905,0.5462608337402342,0.12335376441478724,0.9914087653160095,0.6171683073043821,0.5457080602645872,0.12340308725833887,0.9925222992897034,0.6210927367210386,0.5475029945373533,0.11181908845901484,0.9973312616348267,0.6219643950462339,0.547572612762451,0.11172719299793238,0.9982094764709473,0.6227952837944027,0.5476416945457456,0.11169949918985361,0.998945415019989,0.6151092648506162,0.5473864674568174,0.10722400993108745,0.9903655052185059,0.6228686571121214,0.5499854087829588,0.05376282334327695,0.9978461265563965,0.6175245642662045,0.5560861825942991,0.12045092880725855,0.9935467839241028,0.6195235848426817,0.5564677119255064,0.10438823699951166,0.9968867897987366,0.5986734032630918,0.5795869827270506,0.11163169145584101,0.9999592304229736,0.6220840811729429,0.5851969718933102,-0.02091863565146922,0.9999972581863403,0.5967093706130979,0.6336730718612668,0.10428395122289652,0.09146837145090103,0.6212501525878903,0.6418072581291195,-0.05650169774889943,0.9868459701538086,0.6005179882049558,0.6730703115463254,0.07094556838273999,0.033853672444820404,0.6237400174140928,0.6888438463211056,-0.051271088421344736,0.9740488529205322,0.5996965765953062,0.6849402785301206,0.07230854779481885,0.03880654275417328,0.6239780187606809,0.7031558156013485,-0.0643978342413902,0.9274088740348816,0.601800203323364,0.6833695173263546,0.06428596377372739,0.03754425421357155,0.62409371137619,0.7031646370887753,-0.05913556739687917,0.9165670871734619,0.6014763116836546,0.6855908632278439,0.06723600625991819,0.033195674419403076,0.6235049962997434,0.6997356414794919,-0.049289751797914484,0.8133141994476318,0.5932477116584776,0.6731105446815487,0.04895262047648428,0.9999943971633911,0.6034440994262693,0.6759493350982663,-0.04902039095759389,0.9999982118606567,0.6012756824493405,0.7453097105026242,0.11506859958171839,0.6188353896141052,0.5971956253051756,0.7517783045768734,-0.05298579484224317,0.9921471476554871,0.6078196763992307,0.8139396905899043,0.14293363690376276,0.8595370650291443,0.5819091796874997,0.8333805799484248,-0.06816343218088147,0.9840970039367676,0.6046721339225767,0.8295559287071225,0.14391243457794184,0.9158669710159302,0.5775845050811764,0.8445978760719295,-0.07051558047533031,0.9268835783004761,0.6223145723342892,0.8225905299186702,0.12571235001087183,0.6512705087661743,0.5969427824020384,0.8492514491081234,-0.10763348639011378,0.8996540307998657
3,0.619579025677272,0.5515839815139768,0.12611045198781146,0.9975922107696533,0.6188296556472775,0.5467811448233466,0.12541576517479755,0.9933950304985046,0.6180341839790342,0.5462628415652682,0.12535760189805706,0.9914087653160095,0.6171457052230832,0.5457162601607184,0.12540810746806003,0.9925222992897034,0.6210253800664627,0.5474890368325367,0.11359253312860211,0.9973312616348267,0.6219023977007182,0.5475560137203759,0.11349988026278354,0.9982094764709473,0.6227330616542268,0.5476222140448431,0.11347131473677494,0.998945415019989,0.6150889107159203,0.5473954132625032,0.1097706019878387,0.9903655052185059,0.6228453091212679,0.5499786240713935,0.055213539515222794,0.9978461265563965,0.6174662760325837,0.5560568213462826,0.12234153108937396,0.9935467839241028,0.6194502047130037,0.5563976526260372,0.10596068075725006,0.9968867897987366,0.5986349735941203,0.5795771275247843,0.1141978087169783,0.9999592304229736,0.622021629129137,0.5851110952241076,-0.02041211596557071,0.9999972581863403,0.5966705066817144,0.6336857625416343,0.1071375463690076,0.09146837145090103,0.6211733801024297,0.641641477176121,-0.05691745834691181,0.9868459701538086,0.6005540473120551,0.6730815155165533,0.07382596230932642,0.033853672444820404,0.6236797673361639,0.6888132487024576,-0.05237179132444516,0.9740488529205322,0.5997129866055078,0.6849047507558548,0.07536691267575532,0.03880654275417328,0.6238985078675403,0.7031558207103181,-0.06570534695472033,0.9274088740348816,0.6018416370664321,0.6832896181515282,0.06731482738895073,0.03754425421357155,0.6240189671516416,0.7031657201903203,-0.06027776950172013,0.9165670871734619,0.6014766744204927,0.685817752565656,0.07011963320629934,0.033195674419403076,0.6234408685139244,0.6997587391308373,-0.05033981746860911,0.8133141994476318,0.5932893395423886,0.6729504500116618,0.04950744467122212,0.9999943971633911,0.6034769194466725,0.6756363494055608,-0.04957752217139514,0.9999982118606567,0.6013326781136645,0.7450580937521795,0.11585070299250734,0.6188353896141052,0.5972331353596276,0.7516979302678786,-0.05583282416420321,0.9921471476554871,0.6078411391803193,0.8138902102197916,0.14308564024312148,0.8595370650291443,0.5819055267742699,0.8333627854074747,-0.0724093289779765,0.9840970039367676,0.6046821934836248,0.8295881254332402,0.14400992138045168,0.9158669710159302,0.5776078735079081,0.8445951121194017,-0.07488368781549587,0.9268835783004761,0.6224477836063926,0.8225882462092804,0.12566797988755357,0.6512705087661743,0.5969358699662342,0.849245773042951,-0.11258268249886372,0.8996540307998657
4,0.619825380189078,0.5517434988703044,0.1186067551374435,0.9975922107696533,0.619003217560904,0.5468477606773374,0.11687444299459451,0.9933950304985046,0.6181557212557109,0.5463381222316195,0.11681934126785817,0.9914087653160095,0.617227939196995,0.5457902738026208,0.11686505845614836,0.9925222992897034,0.6212507571492873,0.5475812332970753,0.10594989401953556,0.9973312616348267,0.6221026641981939,0.5476570231573921,0.10586061818259099,0.9982094764709473,0.6229261193956644,0.5477365936551772,0.10583557720695218,0.998945415019989,0.615163537434169,0.5474581258637562,0.09922490396669928,0.9903655052185059,0.6228800194604053,0.5500343476022991,0.04891244141118865,0.9978461265563965,0.6176738330296104,0.5562058499881197,0.11429648016180306,0.9935467839241028,0.6197009887014114,0.5566896864346093,0.09916373193264003,0.9968867897987366,0.5987566947937009,0.5796107649803159,0.10376475772687362,0.9999592304229736,0.6221890551703314,0.5854339718818662,-0.022734837606549253,0.9999972581863403,0.5968241027423311,0.6336980445044378,0.09521464897053578,0.09146837145090103,0.6213808144841872,0.642195437635694,-0.05597220063209531,0.9868459701538086,0.6004164372171672,0.6731843692915777,0.061206242655004746,0.033853672444820404,0.6237871783120288,0.68896563904626,-0.048834177798458486,0.9740488529205322,0.5996477808271132,0.6851981793131143,0.061922121899468524,0.03880654275417328,0.6240858793258663,0.7032158153397693,-0.06142548556838714,0.9274088740348816,0.6016823189599171,0.6836966497557501,0.05397697005953105,0.03754425421357155,0.6242061189242769,0.7032636591366356,-0.056641454356057275,0.9165670871734619,0.60147944348199,0.6849163923944743,0.05746831329805508,0.033195674419403076,0.6235826526369364,0.6997766818319044,-0.04699706882238386,0.8133141994476318,0.5931446586336405,0.6735299246651782,0.04753977358341215,0.9999943971633911,0.6033634849957055,0.6767441630363461,-0.047600667391504536,0.9999982118606567,0.6011606539998733,0.7459611041205265,0.11305977638278684,0.6188353896141052,0.5971219284193854,0.7519301124981469,-0.04480400569736956,0.9921471476554871,0.6077257224491661,0.8139259321349004,0.14263881104333054,0.8595370650291443,0.5818957890783034,0.833435123307364,-0.055990685016981165,0.9840970039367676,0.604607387951442,0.8294608354568478,0.14374624107565193,0.9158669710159302,0.5775152223450795,0.844653921467917,-0.05800805283444266,0.9268835783004761,0.6219068918909343,0.8226199780191691,0.12581997939518513,0.6512705087661743,0.5969603572572978,0.8492684466498235,-0.09357687256165909,0.8996540307998657
5,0.6202810934611727,0.551924577781132,0.10922045579978393,0.9977878332138062,0.619312684876578,0.5466400691441125,0.10593597058738975,0.9939270615577698,0.6183479445321216,0.5460550802094594,0.10588500244276859,0.9920952916145325,0.6173329251153126,0.5453803096498759,0.10592472893851139,0.9931042194366455,0.6217381494385853,0.5475663117000031,0.0963607536894934,0.9975498914718628,0.6225731134414669,0.54766343491418,0.09627460624490461,0.9983574151992798,0.6234296509197776,0.547752181121281,0.09625418377774098,0.9990324378013611,0.6152454801968164,0.5470605390412464,0.08465161025524134,0.9911339282989502,0.6231717858995707,0.5499945146696905,0.04076473989656991,0.9980273246765137,0.618036319528307,0.5562612124851769,0.10395431880440026,0.9940426349639893,0.6202125464166911,0.5570618595395767,0.09062477733407696,0.9971351623535156,0.5990781749997818,0.5796897087778361,0.08875266121966494,0.9999597668647766,0.6227645414216174,0.585957518645695,-0.02630270931736698,0.9999973773956299,0.5970471262931821,0.6334216645785737,0.07848357281514573,0.1034020483493805,0.622118508815765,0.6434483289718625,-0.053236794312085396,0.987907350063324,0.6003777452877587,0.6723311764853338,0.044748770232711496,0.03580283746123314,0.6245207650320868,0.6890182495117184,-0.0428060324596507,0.9759241938591003,0.5995545097759789,0.6848795328821452,0.04453562636460574,0.040698882192373276,0.6249185613223482,0.7029827151979715,-0.05416213364473409,0.9323576092720032,0.6014327577182221,0.6838307091167992,0.036749177053570725,0.03914955258369446,0.6249354515756878,0.7028540049280436,-0.05046309498803954,0.922128438949585,0.6014694997242516,0.6836619581495009,0.040995566972664405,0.03452763333916664,0.6242722102573937,0.699227518694741,-0.04135313395942959,0.8254203796386719,0.5928433622632705,0.6746982114655629,0.04347717644912854,0.9999944567680359,0.6031086206436154,0.6791367462703157,-0.04352399547185215,0.9999982714653015,0.6006325278963358,0.7478214246886113,0.1080970881240708,0.6354700922966003,0.5967692579541886,0.7527459587369643,-0.026949489276323988,0.9925747513771057,0.6077205232211519,0.8148019501141135,0.14253031654017306,0.864501953125,0.5819873401096887,0.8335422124181471,-0.029319238396627548,0.984898030757904,0.6046885711806158,0.8292777027402601,0.1441255099007061,0.9184520244598389,0.5773705959320066,0.8444875359535213,-0.030519764125347123,0.9303380250930786,0.6211799689701623,0.8225124955177303,0.12758047133684153,0.6582043170928955,0.597011988503592,0.8493006110191341,-0.061972941245351486,0.9030668139457703
6,0.6209399257387431,0.551983422892434,0.10981420193399696,0.997959554195404,0.6198318038667949,0.5460947326251435,0.10561991823571064,0.9944000244140625,0.6187367541449408,0.5453863808086937,0.10557603282587863,0.9926945567131042,0.6176177535738261,0.5445452639034813,0.10560918280056539,0.9936163425445557,0.6224518827029634,0.5472572377749849,0.09741225625787459,0.9977468848228455,0.6232922383717125,0.5473712342126027,0.09732700373445233,0.9984893798828125,0.6241998144558495,0.5474565386772153,0.09731049197060716,0.9991108179092407,0.6155336924961632,0.5463213648114884,0.08080729331289015,0.9918047785758972,0.6238133311271664,0.5497362256050107,0.043664481916597886,0.9981904029846191,0.6186089021818976,0.5561747567994252,0.10352092385292047,0.9944779276847839,0.6209578105381555,0.5572244712284631,0.09203956765787936,0.9973561763763428,0.5994663664272851,0.5797432235309052,0.08201672966991148,0.9999592304229736,0.6238616415432519,0.5865477783339361,-0.020733933656343385,0.9999974966049194,0.5972175751413615,0.6328093767166135,0.07826076405388964,0.10873392969369888,0.6232565062386646,0.6450874124254495,-0.03988994924085479,0.9888409376144409,0.5994232228824068,0.6719154272760661,0.054776235563414405,0.036154862493276596,0.6258615578923904,0.6890682526997154,-0.022398157577429488,0.9773496389389038,0.5994932702609468,0.683485160555158,0.055798879904406386,0.04134117066860199,0.626330687318529,0.7027328695569717,-0.03157133555838039,0.9361193180084229,0.6011523962020872,0.6833262222153796,0.048397326043673895,0.039599958807229996,0.6262444921902245,0.7023906605584278,-0.02840411641768046,0.9262953996658325,0.6013371178082054,0.6824835147176467,0.051383315558944404,0.03494590148329735,0.6255029082298276,0.6986337014607018,-0.02098796367645263,0.8347322344779968,0.5924709456307544,0.6756305898938857,0.03957315449203762,0.9999946355819702,0.6028621043477738,0.6810624309948509,-0.03961311770336967,0.9999983310699463,0.6000417368752613,0.749324718543461,0.10049513940300256,0.6573842167854309,0.596353186879839,0.7535484126635956,-0.014691859111189833,0.9931109547615051,0.6077925392559593,0.8161051682063507,0.13697801189763198,0.8713198304176331,0.5822402051516938,0.8335726039750231,-0.010297063338969428,0.985841691493988,0.6047714778355187,0.8291197930063516,0.13890878834894718,0.9221436977386475,0.577311335291181,0.8441955464226855,-0.010789314551012848,0.9343571066856384,0.6207070367676868,0.8224927306175228,0.1240567511745861,0.6683270335197449,0.597059367384229,0.849326508385794,-0.03896242039544239,0.9071015119552612
7,0.6217092531067981,0.5516281383378162,0.12921544143131794,0.998134434223175,0.6205394591603957,0.5453043154307772,0.12592768392392562,0.994881272315979,0.6193744897842405,0.5444941605840408,0.12588799766131803,0.9933214783668518,0.618187868595123,0.5435501984187532,0.12592045877661018,0.9941526055335999,0.6232543264116557,0.5466370429311478,0.11779586757932385,0.9979465007781982,0.6241182923316952,0.5467807326998027,0.11770440510341094,0.9986239075660706,0.6250550167901172,0.5468665003776547,0.1176870567458016,0.9991896152496338,0.6161238142422264,0.5455070989472524,0.1009026848844119,0.9925140738487244,0.6247397678239002,0.54933442899159,0.06418630118880951,0.9983544945716858,0.6193409715379985,0.5558028306279861,0.12257553147418153,0.9949365258216858,0.6217961720057893,0.5568432484354289,0.1112147369555064,0.9975836873054504,0.5998236366680687,0.57982747895377,0.09902564180748798,0.9999595284461975,0.6249195030757355,0.5869821293013433,-0.0026879848845835237,0.999997615814209,0.5971040691648208,0.6323412622724258,0.10609470222677497,0.11055052280426025,0.6244540146418978,0.6465403250285554,-0.014779339198555258,0.9897212982177734,0.5978889771870202,0.673687660694122,0.09964315476162089,0.03552645817399025,0.6279066988400048,0.6887944085257391,0.013972485118678631,0.9786940813064575,0.5989043951034543,0.6836478318486892,0.10425741917320655,0.04105697572231293,0.6282567364828924,0.7024735791342596,0.0073805731854268445,0.9399474263191223,0.6005786078316822,0.683512096745627,0.09717621968260828,0.039222538471221924,0.6280379687036783,0.7018739461898801,0.011402996523039676,0.9305593371391296,0.6009044834545678,0.682416657039097,0.09682782973561964,0.03483373299241066,0.6273246203150065,0.6976127624511717,0.01603342454348291,0.8447356224060059,0.5922820925712582,0.6755523494311739,0.038309824466705306,0.9999949336051941,0.6028254628181455,0.6809951032911026,-0.038358565739222916,0.9999984502792358,0.5996591363634379,0.7492971471377778,0.09262156976120808,0.6874039769172668,0.5960920776639663,0.7537885154996595,-0.017457505315542212,0.9937305450439453,0.6080077239445275,0.8170408810888015,0.12283743875367295,0.8820842504501343,0.5825076545987808,0.8334533844675333,-0.01499024203845432,0.987055778503418,0.6051802192415507,0.8290612339973445,0.12436595261096949,0.9284633994102478,0.5773751275879994,0.8439370529992236,-0.015550141302602623,0.9397847652435303,0.620909203801836,0.8226007359368457,0.10966859353440143,0.6932483315467834,0.5970510329518997,0.8493203674043923,-0.043934330557073846,0.9141846299171448
8,0.6226692795753476,0.5512194361005508,0.1506454284702028,0.9982879757881165,0.6214709026472907,0.5447567582130429,0.1480030479175703,0.995307445526123,0.62027279479163,0.5439391016960142,0.14796755399022776,0.9938766360282898,0.6190429959978373,0.5430114643914357,0.14800082104546675,0.9946226477622986,0.6241872974804465,0.5461398005485532,0.14005243309906545,0.998126208782196,0.625045151369912,0.5463300824165342,0.13995541291577468,0.9987452030181885,0.6259644900049479,0.5464452113424025,0.1399437595690999,0.9992610216140747,0.6169901626450672,0.5451314806938169,0.12259673156908574,0.9931491613388062,0.625649831976209,0.5490787982940671,0.08653785724725038,0.9985052347183228,0.6202843359538484,0.5555169633456636,0.14349125410829267,0.9953451752662659,0.62274580342429,0.5564914839608326,0.13243667525904512,0.9977904558181763,0.6002760870116095,0.5799570373126436,0.11823555720703936,0.999958872795105,0.6256583094596859,0.5875665715762545,0.017815458481865262,0.9999977946281433,0.5978722112519397,0.6323578885623384,0.12781105829136707,0.10348327457904816,0.625887754985264,0.6480582356452939,0.011594004716191968,0.9904347658157349,0.5991922327450341,0.6769289221082412,0.12868713246924532,0.03306136652827263,0.6300776839256284,0.6879004461424689,0.05202292038926054,0.9799181818962097,0.6011672326496666,0.6856944441795345,0.13523513248988556,0.03859521448612213,0.6303957939147946,0.7004592350551058,0.0478702803807599,0.9435599446296692,0.6034329005650109,0.6848293338503153,0.12848855533770148,0.03682480379939079,0.6300475461142401,0.6997066089085167,0.05263031710471423,0.9345826506614685,0.6039904458182196,0.6824436119624544,0.12616183236241335,0.032808855175971985,0.6294230273791719,0.6953602910041806,0.05465800900544437,0.8538824915885925,0.5921788709504261,0.675331686224256,0.037363095155784044,0.9999951124191284,0.6028617279870166,0.6804609162466864,-0.03742232822946138,0.9999985694885254,0.5994480167116435,0.7495388661112101,0.08449605086020057,0.7133567929267883,0.5959743431636263,0.7540141718728197,-0.019313566546354966,0.9942489862442017,0.6080918431282041,0.817490252426692,0.1058984362653323,0.890929102897644,0.5826247845377238,0.8333321758678978,-0.01944564205727406,0.9880183339118958,0.6056741237640377,0.8292040416172568,0.10660529988152635,0.9339774250984192,0.577370180402483,0.8438982776233124,-0.020257577140416407,0.9443789124488831,0.6209495646612981,0.82300694159099,0.09050780939204348,0.7140659689903259,0.5970159326280864,0.8492600815636767,-0.04934333520276203,0.9194161891937256
9,0.6233270645141599,0.5508460828236168,0.1591500844274248,0.998435914516449,0.6220978975296018,0.5444324748856677,0.15675903729030055,0.9957188367843628,0.6208932263510565,0.543629511765071,0.15672241875103532,0.9944097995758057,0.6196494323866705,0.5427200692040577,0.15675910711288446,0.9950820803642273,0.6248497281755717,0.5458660551479881,0.14851885310241147,0.9982964992523193,0.6257071137428281,0.5461046934127806,0.14841824471950527,0.9988594055175781,0.6266226461955476,0.5462554148265291,0.1484073604856218,0.9993284940719604,0.6175797905240736,0.5449532883507863,0.13166413626500534,0.9937536716461182,0.6263261386326379,0.5489839945520671,0.09399431198835369,0.9986452460289001,0.6209523183958867,0.5552499941417146,0.1519606030413082,0.9957386255264282,0.6234170556068417,0.5562124082020348,0.14051028788089748,0.9979851245880127,0.6008124096052985,0.5800210203443252,0.12805671564170285,0.9999587535858154,0.6259286846433363,0.5878920963832308,0.023935702822304186,0.9999979138374329,0.5986845186778474,0.6324374965259004,0.1360958733728953,0.09626565873622894,0.627300075122288,0.6483156817299975,0.022099183819123666,0.9909065961837769,0.6006586142948693,0.6788452591214857,0.13812503474099289,0.030998725444078445,0.6319900121007644,0.6840618201664512,0.07080496203686507,0.9808997511863708,0.6026850496019633,0.6877806918961658,0.1454280957579612,0.03675827756524086,0.6321340509823388,0.6953615103449138,0.06804145068994588,0.9466831684112549,0.6065139072281971,0.6860712545258656,0.13864076776163914,0.035010796040296555,0.6316896677017209,0.6947514704295563,0.07328403858201842,0.9380400776863098,0.6068323373794553,0.6824278899601525,0.13562405748026707,0.031287744641304016,0.6313310674258638,0.6907165731702529,0.0738406813570431,0.861788272857666,0.5921404463904241,0.6751797846385408,0.03717214858957697,0.9999952912330627,0.602912354469299,0.6802938716752185,-0.03723538613745143,0.9999986290931702,0.5993270874023435,0.7501812372888834,0.08245473802089687,0.7367249727249146,0.5959182500839231,0.7545055815151757,-0.01956990866788795,0.9947123527526855,0.6081864169665743,0.8180836524282179,0.10028853757040837,0.8988716006278992,0.5826220256941657,0.8333428978919979,-0.021086394201431945,0.9888427257537842,0.6062119977814808,0.8296756574085776,0.1006474388497216,0.9391584992408752,0.5773092848914008,0.8440042376518245,-0.022013891647968964,0.9485914707183838,0.6208523273468014,0.8236177427428105,0.08372897356748578,0.7339050769805908,0.5973037498337879,0.8492456606456207,-0.05102608384830609,0.9239617586135864
10,0.6235977666718617,0.5506232619285581,0.154768704516547,0.9985553622245789,0.6223050304821557,0.5442580223083493,0.15216475938047674,0.9960580468177795,0.6211046831948414,0.5434913345745629,0.15212741877351482,0.9948561191558838,0.619867088113512,0.5426249333790367,0.15216592720576688,0.9954569935798645,0.6251257640974859,0.5456983276775903,0.1438765725919178,0.9984387159347534,0.6259926012584138,0.5459545969963071,0.14377841566290167,0.9989556670188904,0.6269176159586223,0.5461260523114884,0.14377083182334893,0.9993847012519836,0.6177839926310945,0.5449654885700768,0.12730572585548666,0.9942712783813477,0.6266602260725835,0.5489045432635713,0.08937833309173579,0.9987667202949524,0.6212821211133681,0.5551211101668219,0.14771200375897536,0.9960588216781616,0.623746699946267,0.5560727238655088,0.13619357219764158,0.9981462955474854,0.6014095629964553,0.5799421072006223,0.12515365396227152,0.9999573230743408,0.6259945699146813,0.58798964704786,0.02032999662416321,0.9999980330467224,0.5997492023876733,0.6323822958128791,0.12475751382963991,0.09014268219470978,0.6282885500362938,0.6473975437028064,0.02047323871936116,0.9913107752799988,0.604964458942413,0.677485987118312,0.11440939030476974,0.028941461816430092,0.6328914012227737,0.6784474917820519,0.0714411241667611,0.9814347624778748,0.6076320426804677,0.6855715853827338,0.1197545673166002,0.03473927453160286,0.6330199820654729,0.6884135825293402,0.06886785211307658,0.9486836194992065,0.6120912585939677,0.6834907208170207,0.11388721508639195,0.03303178399801254,0.6326674665723525,0.6881485036441255,0.07375285763825686,0.940140426158905,0.6114205479621884,0.678996544224875,0.11178964121001103,0.029624106362462044,0.6324191042355125,0.684842583111354,0.0743465637522084,0.8668890595436096,0.5921065177236282,0.6750226514680041,0.037384891297136014,0.9999954700469971,0.6027232187134877,0.6801913567951744,-0.03744779548474719,0.9999986886978149,0.5993498342377797,0.7506196396691456,0.08520359439509252,0.7576155662536621,0.5959230899810788,0.7550461462565827,-0.020891577644007536,0.9951596260070801,0.6081922463008332,0.8185458557946338,0.10526771928582868,0.9062851667404175,0.5826081207820344,0.8334720219884596,-0.022210636255996556,0.9896842837333679,0.6063445244516642,0.8301513825144082,0.10580117957932603,0.9436919093132019,0.5772823078291753,0.8442039217267714,-0.023114245065620955,0.9524630904197693,0.6206769091742377,0.8242449658257617,0.08883369139262604,0.7511930465698242,0.5978835242135181,0.8492798294339857,-0.05225593319961,0.9285607933998108
11,0.6236263138907293,0.5504616175379069,0.14882536828517906,0.9986298084259033,0.6222573416573658,0.5441139306340896,0.14575020458017068,0.9962856769561768,0.621060354369027,0.5433890649250572,0.14571115289415626,0.9951730966567993,0.6198328784533906,0.5425743784223281,0.14574944547244473,0.9957213997840881,0.6251513106482367,0.545557848044804,0.13762723590646464,0.9985328316688538,0.6260365877832683,0.5458235553332735,0.1375321618148258,0.999018669128418,0.6269670111792425,0.546008287157331,0.1375255997691835,0.9994204044342041,0.6177448919841219,0.5449999162128991,0.12007803831781654,0.9946640133857727,0.6267548339707508,0.5488333787236892,0.08282775218997679,0.9988545179367065,0.6213780062539234,0.555051607745034,0.14150965724672582,0.996288001537323,0.6238764882087704,0.5559969288962225,0.13020786643028254,0.9982572793960571,0.6018576775278361,0.5798595207078114,0.11883307014192848,0.9999561905860901,0.6259557485580443,0.5881106546946931,0.016320072327341346,0.9999979734420776,0.6000759329114639,0.6323181135313848,0.11168185536350518,0.08531683683395386,0.6287957617214744,0.6463374171938212,0.020738309675029334,0.9903168678283691,0.6067753570420398,0.6744207722800115,0.09217382946184699,0.02807288058102131,0.6336682472910197,0.6728618468557082,0.07691192903688973,0.9787778258323669,0.6095032538686478,0.6815741964748925,0.09539952405861442,0.03468409180641174,0.6340966224670407,0.6818189212254113,0.07529808431863781,0.9450272917747498,0.613669351169041,0.678795162269047,0.08714848565203799,0.03292115405201912,0.6338546088763642,0.6815935833113531,0.08018447969641,0.9356133341789246,0.6127452288355144,0.6740593535559516,0.08885060868092942,0.029524538666009903,0.6334618381091524,0.6788283654621666,0.07992931178637909,0.8603223562240601,0.5920891080583842,0.6748780591147283,0.03706581156168663,0.9999954104423523,0.6024451766695292,0.6801512428692406,-0.03712271217788967,0.9999986886978149,0.5993696314947943,0.7507401806967595,0.08749728500843043,0.7686305642127991,0.5959584747041972,0.755441878523145,-0.021270543709397308,0.9954726696014404,0.6081915787288118,0.8186357498168941,0.10943418847663056,0.9107713103294373,0.5826503651482715,0.8336863892418993,-0.022974257809775203,0.9902729988098145,0.6063624330929345,0.8303074598312373,0.11019820485796242,0.9469528198242188,0.5773138472012108,0.8446411183902192,-0.023886580978121064,0.9555495381355286,0.620556500979832,0.8248008881296427,0.09371105198349267,0.762539803981781,0.5987236125128608,0.8492815767015726,-0.05325303386364662,0.9312960505485535
12,0.6235690576689581,0.5503306354795181,0.15105069449969694,0.9986824989318848,0.6221855095454621,0.5439867700849258,0.14809591216700413,0.9964687824249268,0.6210036022322516,0.5433065567697795,0.14805642494133534,0.9954317808151245,0.6197993976729254,0.5425378492900301,0.14809414659227638,0.9959393739700317,0.6250869188989909,0.5454416734831671,0.13991279176303312,0.9986089468002319,0.6259702733584809,0.5457218800272258,0.13982047523771007,0.9990683794021606,0.6268941010747634,0.5459145307540891,0.13982403235776078,0.9994484782218933,0.6177013635635373,0.5450152346066064,0.12234446789537153,0.9950165748596191,0.6266941751752578,0.5487776637077328,0.08501917379243029,0.9989299178123474,0.6213448047637936,0.5549888474600654,0.14368292859622406,0.9964566826820374,0.623827276911054,0.5559545414788379,0.13233826841626842,0.9983367919921875,0.6020183631352013,0.5798714944294519,0.1204457080789974,0.999954104423523,0.6259340320314677,0.5883663160460333,0.017946796491742124,0.9999978542327881,0.6018587367875232,0.6324589422770905,0.10210095196962352,0.07895351946353912,0.6292474899973185,0.6464461156300133,0.022873372797455094,0.9869093894958496,0.6147516914776391,0.6666462932314188,0.06850457915237967,0.02594037353992462,0.6345122252191813,0.6691009913172037,0.08236415003027231,0.9671247005462646,0.6179891977991374,0.6728087868009291,0.06898967112813674,0.03245585411787033,0.6355082920619417,0.6763697981834409,0.0811696201562881,0.9284918904304504,0.6208855049950733,0.6705922637666972,0.05987802573612755,0.030778121203184128,0.635266530513763,0.6755375811031883,0.08615402515445432,0.9162012934684753,0.6200495822089056,0.6665323700223648,0.06448894483702519,0.02764289081096649,0.6345077804156709,0.6734702621187479,0.08539744019508358,0.8331133127212524,0.5920996359416414,0.6748618381364002,0.03678669791136467,0.9999953508377075,0.6022063085011071,0.6801713398524689,-0.03684740918023244,0.9999986886978149,0.5993905714579988,0.7510555148124691,0.0887011029890605,0.777641236782074,0.5960504106112886,0.7559100713048659,-0.02044542059302329,0.9957225918769836,0.6081875511578149,0.8185826165335515,0.11082397316183358,0.9139916300773621,0.5827165671757286,0.833952985491071,-0.02542064876428671,0.9907490015029907,0.6063415663582936,0.8302550571305407,0.11150098038571216,0.9495446085929871,0.5773233039038519,0.8452095167977466,-0.026640318440539483,0.9581910371780396,0.6205887368747164,0.8252005849565776,0.09414518581969393,0.7697085738182068,0.5992910793849398,0.8491888318743019,-0.05551420269267897,0.9328286051750183
13,0.623498155389513,0.5500777091298782,0.15401529499462666,0.9987056255340576,0.6220612542969837,0.5438053369522092,0.15115911449704844,0.9966004490852356,0.6209056309291292,0.5431584511484416,0.1511178233793803,0.9956342577934265,0.619723890508924,0.542408388001578,0.15115570000239775,0.9961259365081787,0.6249946594238278,0.545291515759059,0.14267280101776117,0.9986525774002075,0.6258966071265082,0.5455973931721276,0.14258081402097422,0.9990922808647156,0.626814361980983,0.5457934447697228,0.14258590808936522,0.9994587898254395,0.6175334147044588,0.5449078713144572,0.1253185889550617,0.9953427910804749,0.6266014524868553,0.5486558709825786,0.0866520428231784,0.9989785552024841,0.6212808404650004,0.554725965431758,0.14661120346614287,0.996597945690155,0.6237688899040219,0.5557519912719724,0.13487148625510073,0.9983806014060974,0.6019459179469514,0.5797365069389341,0.12357173562049859,0.9999516606330872,0.6258942093167983,0.5886976991380961,0.01868812989975724,0.9999973177909851,0.6027060065950663,0.6324629340853007,0.1085616135171481,0.07341219484806061,0.6297044822147911,0.6473858032907756,0.02904086900608879,0.9814314246177673,0.6143606884138921,0.6609006404876706,0.08622911210571013,0.02523190528154373,0.6356376664979114,0.6665107982499255,0.10127134834017068,0.9431699514389038,0.6173718741961886,0.6672116126332961,0.0888611067618642,0.03273983299732208,0.6372604523386272,0.6724644984517776,0.10204236273254663,0.8970937728881836,0.6201847757611954,0.6662449274744304,0.08089034365756168,0.031042495742440224,0.6369328447750633,0.6709044916289191,0.10800645841019489,0.8808884024620056,0.6199971778052191,0.6633322783878868,0.08280663767031257,0.0279275793582201,0.6359163505690436,0.6693974188395906,0.10500587480408799,0.7901349663734436,0.59209839616503,0.6748626300266807,0.03733606157558303,0.999995231628418,0.6021210346903116,0.6802176748003275,-0.0373989022203854,0.9999986290931702,0.5994229418890813,0.7514448165893551,0.09010935723781582,0.7827443480491638,0.5962142688887457,0.7562696269580292,-0.01858841766204152,0.9960010051727295,0.6081521919795443,0.8185564449855256,0.11388535393135882,0.9168409705162048,0.5827432734625677,0.8342751894678384,-0.024249995659504607,0.9913414120674133,0.6062911544527323,0.8302172183990475,0.11494226945298053,0.9521343111991882,0.577266979217529,0.8457975625991817,-0.025408829376101484,0.9609627723693848,0.6205443314143586,0.8257834758077346,0.09795351113591871,0.7790998220443726,0.5995291267122538,0.8492049898420058,-0.05384403531040462,0.9361692070960999
14,0.6232156276702878,0.5495572498866488,0.15377415205751138,0.99881511926651,0.6216603108814782,0.5434014030865257,0.15104546163763313,0.9969063997268677,0.6205177426338193,0.5427756667137144,0.15100324324199124,0.9960333704948425,0.6193484221185954,0.5420389839581079,0.1510421054703848,0.9964756965637207,0.6246885061264036,0.544930211135319,0.14223256749766205,0.9987730979919434,0.625644859245845,0.5452754173960002,0.14214027523994438,0.9991734027862549,0.6266197085380552,0.5455030850001741,0.14214270029749182,0.9995059967041016,0.6170194591794693,0.5446728076253615,0.1267112072025026,0.9957844018936157,0.626429552691323,0.5484353491238183,0.0856101919497762,0.9990737438201904,0.6210653986249648,0.5542346801076614,0.1465977115290505,0.9968881011009216,0.6236461026327949,0.5554078289440698,0.13440381203378943,0.9985154271125793,0.6018750241824555,0.579423780100686,0.12617784674678523,0.9999521970748901,0.6255853397505622,0.5892250180244443,0.017302811651357573,0.9999972581863403,0.6026776194572445,0.6318020735468179,0.11425462088414597,0.06858307123184204,0.6298489928245542,0.6481565713882442,0.033600109815597516,0.9801997542381287,0.60983669587544,0.6593237655503407,0.10197331777640747,0.02332361973822117,0.6366143294743126,0.6639525379453384,0.1146338562880243,0.9284200072288513,0.6122703279767715,0.6660249352455136,0.10684620610305237,0.030568251386284828,0.6388920903205868,0.669447793279375,0.11655844279697958,0.8766006827354431,0.6152236376489909,0.6661596792084827,0.10187091614518842,0.028937870636582375,0.6385625651904512,0.667392117636544,0.1232100972107478,0.8568761348724365,0.6154375638280594,0.6638867872101917,0.0995798664433615,0.026114966720342636,0.6373233199119565,0.6658403362546645,0.11890496164560312,0.7596303820610046,0.5920414754322594,0.6747968997274123,0.03816058060952593,0.9999955296516418,0.601965546607971,0.6801361288343154,-0.038222159019538314,0.9999986886978149,0.5994563698768614,0.7516546402658731,0.09136300640446796,0.7997184991836548,0.5963800890105109,0.7564586009298049,-0.019816223212650835,0.9963645935058594,0.6081064360482349,0.8185921651976444,0.11604395253317691,0.9235530495643616,0.5826897501945493,0.8346453223909647,-0.025500010965125892,0.9921098947525024,0.6062220948083057,0.8303259287561686,0.11739128742899209,0.9559428095817566,0.5771705235753737,0.8462940471512925,-0.02639446205326488,0.9643436670303345,0.6204556482178821,0.8264177662985661,0.10124115773609701,0.7957414388656616,0.5994048016411915,0.8494579502514427,-0.05254817487938061,0.9413451552391052
15,0.6222079498427251,0.5485069121633255,0.15088178217411036,0.9988967776298523,0.6206086397171018,0.5425238302775789,0.14723659583500448,0.9971451759338379,0.6194908687046593,0.5419404523713245,0.1471924343279429,0.9963525533676147,0.6183600544929502,0.5412636603627883,0.14723288885184688,0.9967491626739502,0.6237354942730492,0.5440443447657992,0.13902804298060273,0.998866856098175,0.6247854079518997,0.5444441233362467,0.13893599872078208,0.9992369413375854,0.6258251190185544,0.5447189296994888,0.1389325980629239,0.9995421171188354,0.6158199906349179,0.5441661153520854,0.12091030627489084,0.9961519241333008,0.6259366137640814,0.5479420457567485,0.08192208494458876,0.9991529583930969,0.6201817410332813,0.5533247130257741,0.14294146512235906,0.9971081614494324,0.6229521019118169,0.5546767098563056,0.13152161091566078,0.9986163973808289,0.6017328126089911,0.5789967094148906,0.11960471272468562,0.9999515414237976,0.6251135434423172,0.5903690252985271,0.016865481402991066,0.9999972581863403,0.6007521339825218,0.6313657505171637,0.11450221112796233,0.064084492623806,0.6297459210668288,0.6481963055474413,0.0379093931189605,0.9799749851226807,0.5990023970603939,0.6655418395996091,0.11387481050831925,0.02163723111152649,0.6374485458646499,0.6610726032938273,0.124944443149226,0.9265205264091492,0.6003281746591838,0.6724036182676041,0.12092597335577007,0.028688861057162285,0.6402311801910398,0.6661906310490195,0.12793377872024259,0.8736715912818909,0.6038275480270383,0.6733586805207386,0.1168427243828773,0.02711445838212967,0.6399132422038484,0.6638112289564947,0.13495293174471168,0.8527283072471619,0.6047046303749082,0.6716025590896603,0.11234997489622657,0.02451329119503498,0.6385442801884239,0.6620574746813089,0.12958538617406568,0.7515426278114319,0.5919120005198885,0.6748806391443521,0.037931690577949775,0.9999957084655762,0.6017143590109686,0.6802436283656526,-0.037979009853942036,0.9999987483024597,0.5994634543146403,0.7517662082399638,0.09036782085895534,0.8133069276809692,0.5964787908962792,0.7565858755792887,-0.020095452772719513,0.9966834783554077,0.60806439433779,0.8187597138541082,0.11709791187729149,0.9290509819984436,0.5826314006532939,0.83505471093314,-0.02148470234658036,0.9927583336830139,0.6061582241739543,0.8307110462869913,0.11881919737373074,0.9590815901756287,0.5771286027772083,0.8467097776276721,-0.02178293251033339,0.9671633839607239,0.6202505929129462,0.8272139191627499,0.10415145073618202,0.8088938593864441,0.5993232675961082,0.8497900843620296,-0.046838943340948624,0.9454454779624939
16,0.6208291036742071,0.5474336521966114,0.144148749751704,0.9989877939224243,0.6192717330796376,0.5415417126246859,0.14006252416542592,0.9973963499069214,0.6181813410350252,0.5410225306238444,0.14001921777214316,0.9966811537742615,0.6171070746013093,0.5404426131929667,0.14006202242204113,0.9970372319221497,0.6224641135760713,0.5429985250745498,0.13199202162878848,0.9989647269248962,0.6235936726842605,0.5434417230742316,0.13190125610147196,0.9993030428886414,0.6246596523693626,0.5437343358993527,0.13190473211663103,0.9995803833007812,0.6143831712859015,0.5436348489352633,0.1129109246390206,0.9965131878852844,0.6252009357724868,0.5473458664757862,0.07508421955364089,0.9992300271987915,0.6188930852072576,0.5524628605161392,0.13622130453586573,0.9973506331443787,0.6218386786324634,0.5539254580225261,0.1250077219946043,0.9987275004386902,0.6014965857778274,0.5787501590592518,0.11203672247273576,0.999951958656311,0.6245441794395443,0.5917900340897694,0.01114779827850205,0.9999971389770508,0.6003818205424715,0.6293722731726508,0.10411346895354129,0.06217104569077492,0.6296086464609416,0.647930608476911,0.03116648461935774,0.9797805547714233,0.6048164350645879,0.6534247824123924,0.09292701482772822,0.020446117967367172,0.6381010787827625,0.6585876822471615,0.11178532285349704,0.9208468794822693,0.6061854566846572,0.6596511466162542,0.09795457486595421,0.02755068801343441,0.6410733239991322,0.6629395025117053,0.11373858664716988,0.8662300705909729,0.6092857071331566,0.6595079251698082,0.09457260668277735,0.025986865162849426,0.6406026789120263,0.660086107254028,0.1203074619174003,0.8435552716255188,0.6097359844616478,0.6581317475863862,0.09124971521752218,0.023580623790621758,0.6391575098037716,0.6583857263837538,0.11620053499937052,0.738554835319519,0.5916139636720927,0.6754135932241163,0.03831460369484763,0.9999958872795105,0.601241474492209,0.6808921507426667,-0.038355231178658335,0.9999988079071045,0.5994815536907738,0.7519661477633881,0.09464227961642398,0.8271855711936951,0.5965283002172195,0.7569857086454115,-0.01854746166084493,0.9969830513000488,0.608092413629804,0.8189789482525414,0.12460437097719732,0.9347439408302307,0.5826146142823352,0.835602154050554,-0.01794399730861186,0.9934001564979553,0.6061475362096511,0.8312047481536862,0.1264434512172426,0.9622142314910889,0.5771380543708798,0.8471927540642872,-0.01812140156647988,0.9699779152870178,0.6206965088844296,0.8277890988758628,0.11221115823302945,0.8230476975440979,0.5995669398988994,0.8501593964440479,-0.0432164638170174,0.9497923254966736
17,0.6194712621825078,0.5467169472149438,0.1337818122335842,0.9990811944007874,0.6180238127708432,0.5408587370600016,0.12963107270853855,0.9976423978805542,0.6169742056301659,0.5404067158699033,0.12958796960966923,0.9969964623451233,0.6159329022680008,0.539905410153525,0.1296301867280687,0.9973180890083313,0.6211957097053524,0.542196554797036,0.12117117558206825,0.9990628361701965,0.6223778077534264,0.5426470262663703,0.12107882733855922,0.9993689656257629,0.6234531334468294,0.5429279804229734,0.12108485464538842,0.9996197819709778,0.613098415306636,0.5432764989989142,0.10260654475007733,0.9968502521514893,0.6243354933602466,0.5468337365559166,0.06403994687965935,0.9993037581443787,0.6175379446574618,0.551903244427272,0.12636382579803462,0.9975934028625488,0.6205932344709122,0.5533594131469723,0.1146433538624218,0.9988435506820679,0.6013363804136,0.578654679230281,0.10571376532316203,0.9999507665634155,0.6237583773476734,0.5934063179152349,0.00032220439586256265,0.9999969601631165,0.6019398570060728,0.6271012340273172,0.10079366671187533,0.05959555506706238,0.6293941140174864,0.6480345368385312,0.01996487993746995,0.9787933826446533,0.6163671135902402,0.6369743125779286,0.08867614673716677,0.020211851224303246,0.6386051246098107,0.6575270959309165,0.10056019106081548,0.9117265343666077,0.6182915534291946,0.6432244454111369,0.09343700281211303,0.028655556961894035,0.6416177102497642,0.6609022770609172,0.10071010866335456,0.8559723496437073,0.6207814489092143,0.6400832414627072,0.08914652871234072,0.027150720357894897,0.641033942358834,0.6575468301773069,0.1059907334191458,0.8323873281478882,0.6205423133713857,0.6394719788006371,0.08645082009690144,0.024709569290280342,0.6396253994532991,0.6562436478478564,0.1037416815757751,0.7232359051704407,0.5911153350557596,0.6764814155442371,0.040015167530093855,0.999995768070221,0.6006846581186565,0.6821807129042485,-0.040047929648842115,0.9999987483024597,0.5995899847575593,0.7524197663579665,0.1015666544437408,0.8327105045318604,0.59667021547045,0.7579412988253998,-0.015622264519333833,0.9972262978553772,0.6081746476037159,0.8193364909717011,0.13532480810369757,0.9379397034645081,0.5827279193060735,0.8365118350301466,-0.011685084072606898,0.9939371347427368,0.6061999235834391,0.8316228883607042,0.1374728402921131,0.9644169211387634,0.5771594149725775,0.8477266039167127,-0.011713662770177631,0.9724065065383911,0.6220123461314607,0.828159027440207,0.12431670789207724,0.8325175046920776,0.6000656025750293,0.850963039057595,-0.03796794957348277,0.9534692764282227
18,0.6182606577873226,0.5465839113507949,0.12166897867407113,0.9991661310195923,0.616956521783556,0.5407168405396595,0.1182509547897747,0.9978640079498291,0.6159188168389453,0.5402918202536444,0.11820934861898418,0.9972807168960571,0.6148431267057144,0.5398078492709566,0.11824906574828278,0.9975712299346924,0.620027491024562,0.5419443011283873,0.1087802955082484,0.9991514086723328,0.6211814386504033,0.5423510227884563,0.10868438631296153,0.9994285702705383,0.6222959297043933,0.542613249165671,0.10868561587163375,0.9996554851531982,0.6121085711887901,0.5432326998029433,0.09480870557682851,0.9971542954444885,0.6233473760741095,0.5466439230101446,0.05181115636868134,0.9993703961372375,0.616312285831996,0.5518332106726507,0.11561627302850991,0.9978150725364685,0.6193228193691795,0.5532100370952059,0.10253929729972563,0.9989503026008606,0.6007326500756397,0.5786719935280933,0.10439005238669255,0.9999507665634155,0.6226353526115415,0.5944980263710019,-0.012604371990476329,0.9999970197677612,0.603942023004804,0.6253089530127387,0.10592291461569917,0.05892464146018028,0.6286868878773277,0.6486425910677225,0.006526049479309999,0.9796376824378967,0.6254928095000127,0.6232365846633908,0.0959841758012771,0.020624404773116112,0.638843865053994,0.656841444969177,0.08613133302756715,0.9157677292823792,0.6275909968784874,0.629266079834529,0.10098482391663954,0.0303194522857666,0.641849407127925,0.6593316146305626,0.08469432070851322,0.8622565269470215,0.6299373728888373,0.6224449566432405,0.09461930458034784,0.02880619652569294,0.6412771105766293,0.65579217672348,0.08967941360814227,0.8395417332649231,0.6290600112506318,0.623049197878156,0.09296190419367377,0.026437854394316673,0.639920594011034,0.6548481038638521,0.0888689945851053,0.7321146726608276,0.5902883938380648,0.6777715921401974,0.04259549719946723,0.9999955296516418,0.6001475640705651,0.6835846390042983,-0.04262204585330825,0.9999986290931702,0.5997757298605779,0.7529882516179763,0.10670255592891144,0.8326333165168762,0.5968979409762789,0.7591005325317379,-0.015880023581641055,0.9974030256271362,0.6083816562380107,0.8198630860873627,0.141050788121564,0.9381468892097473,0.5829891000475199,0.8378506694521218,-0.011329180481178414,0.9943113923072815,0.6063731925828113,0.8321772984095978,0.14321692841393602,0.9650955200195312,0.5771900875227789,0.8487202167510983,-0.011271786476884564,0.9741331338882446,0.6236830796514236,0.8283418689455301,0.13092858131442744,0.8354073762893677,0.6004977703094481,0.8522141081946233,-0.03670087627002169,0.9558018445968628
19,0.6168722680636812,0.5465437599590843,0.10931899994611735,0.9992408156394958,0.6157509616443085,0.5407263840947829,0.10603011058909548,0.9980588555335999,0.6147138050624299,0.5403163211686268,0.1059908224003655,0.9975305795669556,0.6136068991252351,0.5398333753858291,0.10602873989513936,0.9977938532829285,0.6186329449926101,0.5418677381106782,0.09617444319384434,0.9992299675941467,0.6196751134736194,0.5422482337270462,0.09607707815510881,0.9994815587997437,0.6207765170506065,0.5425091760499134,0.09606981745788025,0.9996873736381531,0.6110703519412446,0.5432556850569586,0.08466899118253159,0.9974222183227539,0.622033425739833,0.5465730445725574,0.03987145360027039,0.9994298219680786,0.6149593608719959,0.551864261286599,0.10409461430140898,0.9980069398880005,0.6177363293511524,0.553106491906302,0.09049522429704662,0.9990442991256714,0.5995224475860592,0.5787065420831949,0.09851433251585276,0.9999459385871887,0.6210397686277115,0.5951940860067092,-0.022571956984964853,0.9999969601631165,0.6043060490063256,0.6258572936058041,0.1036473080515861,0.056347593665122986,0.6273326379912237,0.6493542398725234,-0.005681477833007061,0.9801439642906189,0.6241081135613575,0.6226397292954579,0.0942199479256357,0.019894570112228394,0.6386966569083075,0.6562624726976664,0.07192403780562534,0.9183827042579651,0.6256524511745996,0.6271779997008184,0.09914345932858326,0.030010756105184555,0.6417416351182117,0.6578348943165367,0.07003965633256092,0.8664735555648804,0.6285654715129304,0.6187810557229175,0.0924508309790066,0.02858654409646988,0.6413359454699922,0.6542716383934019,0.07539195322564665,0.8445229530334473,0.6275396772793358,0.6207007970128737,0.09105993126119882,0.02634095959365368,0.6399826322283061,0.6535306606973917,0.07503945039851322,0.7370270490646362,0.5894488539014542,0.6790633814675464,0.044100668068443004,0.9999949336051941,0.599586268833705,0.6846942816461832,-0.0441225794809205,0.9999984502792358,0.5999405452183312,0.7535850167274472,0.10548671483993526,0.8183084726333618,0.5971025739397319,0.7599814483097618,-0.016772928142121852,0.9974802732467651,0.6085872377668106,0.8206936495644702,0.13947032817772448,0.9337817430496216,0.5833740864481242,0.8389953783580231,-0.01195389471415962,0.9945284128189087,0.6065357514790124,0.8330659321376251,0.14156038590839926,0.9637104272842407,0.5773731027330669,0.8497026188032963,-0.01184520871777619,0.9751814007759094,0.6247675657272336,0.8284438405718119,0.129040378332138,0.8307528495788574,0.6006294608116147,0.8534970249448499,-0.03747854254075457,0.9569610953330994
20,0.6154969607080729,0.546657231875828,0.09714815999780378,0.9992907047271729,0.6144511086600164,0.540895080566406,0.09363847651651923,0.9981905221939087,0.6133824501718791,0.5404837131500242,0.09359974094799582,0.9977009296417236,0.6122571979250224,0.5399971689496719,0.09363386822598316,0.9979450702667236,0.6172105448586597,0.5419587680271691,0.08351271493094305,0.9992873668670654,0.6181368555341444,0.5423158185822621,0.08341504186391827,0.9995207786560059,0.6191605687141415,0.5425561223711284,0.08340169766119544,0.9997112154960632,0.609935276848929,0.5433536938258577,0.07313227589641295,0.997615396976471,0.6205325841903684,0.5466263481548852,0.026951849221118845,0.9994761943817139,0.6136344364711214,0.5520948324884685,0.09240022195237019,0.9981126189231873,0.6161674295152934,0.5531380312783375,0.07840386224644522,0.9991052150726318,0.5978626693998061,0.5788280827658514,0.09101007580757137,0.9999274015426636,0.6193249447005134,0.5955670152391703,-0.03307087538497787,0.9999966025352478,0.6039618083408897,0.6251958778926301,0.10593289073024471,0.052568670362234116,0.6256693363189694,0.6499507256916588,-0.015680391035441835,0.9791387319564819,0.6227660093988688,0.616344208376748,0.10791859201022551,0.01844683103263378,0.6383951221193583,0.6560650638171601,0.05776879861950871,0.9148129820823669,0.624714590821947,0.6167864271572655,0.11428982509034015,0.028159093111753464,0.6415759325027464,0.656841489246913,0.05658744850328988,0.8615356087684631,0.6274693233626226,0.6101589798927305,0.10752723919493806,0.026843929663300514,0.6412461962018692,0.6531832592827931,0.06310222191470007,0.8393903970718384,0.626222114903586,0.6122873476573396,0.10498899923903596,0.02477732114493847,0.6398180655070711,0.6525502068655828,0.062040625938347374,0.7257992029190063,0.5886595368385312,0.6803901672363277,0.04537086167505807,0.9999938011169434,0.5990233830043246,0.685798496859414,-0.04538252715553554,0.999998152256012,0.6000012465885705,0.7541275892938883,0.10854389220476146,0.783787727355957,0.5972197754042486,0.7607765538351873,-0.01765636221638747,0.9973192811012268,0.6087093847138538,0.8214227233614236,0.14488121526581893,0.9216046333312988,0.5837613224983212,0.8398145471300393,-0.012441534961440728,0.9943820834159851,0.6065994756562366,0.8340346676962712,0.14719782684530525,0.9589219093322754,0.5776870352881291,0.8506237932613914,-0.012262809396322278,0.9747663140296936,0.6253480860165185,0.8284964442253109,0.13522555402347014,0.8118244409561157,0.6006967323166981,0.8544636487960812,-0.03814738754715236,0.9549455642700195
21,0.6141734497887745,0.5467902234622408,0.08769936455147603,0.9993550777435303,0.613121632167271,0.5410878198487415,0.08404071884495867,0.9983563423156738,0.6120075924055914,0.5406766601971216,0.08399597385099952,0.9979128837585449,0.6108748248645235,0.5401976398059297,0.0840216606855392,0.9981349110603333,0.6158480933734345,0.5420618261609756,0.07355591761214389,0.9993539452552795,0.6167280367442537,0.5423960804939267,0.0734566354325839,0.999565601348877,0.6176878299031936,0.5426144821303229,0.07343551133360178,0.9997381567955017,0.6087068234171183,0.5435311743191307,0.0640864578740937,0.9978426694869995,0.6190721375601629,0.5467334134238104,0.016064270000372607,0.9995259046554565,0.612325286865234,0.5524122289248872,0.08332732255969724,0.998275101184845,0.6147929991994583,0.5532621434756686,0.06880176269582336,0.9991846084594727,0.5965548549379618,0.57942875283105,0.08659283582653314,0.9999241828918457,0.6176192402839658,0.596236637660435,-0.04181628626372132,0.999996542930603,0.6026211908885408,0.6240772383553639,0.12194930400167187,0.05123326927423477,0.6242539933749605,0.6506648574556619,-0.02247339409909077,0.9791033267974854,0.6223901935986107,0.6133292147091454,0.15291262609618045,0.018059073016047478,0.6381670628275187,0.6560457825660703,0.05325166178601126,0.9139694571495056,0.6255389077322822,0.6101018650191168,0.16407086146729324,0.02779882587492466,0.6413989595004488,0.6565926245280671,0.05239264454160415,0.8611452579498291,0.6271274702889575,0.6065706559589927,0.1562035183821405,0.026560690253973007,0.6411549210548397,0.6528471146311077,0.05966472593801359,0.8392806649208069,0.6257458618709016,0.6087987354823519,0.15030017942190163,0.024749446660280228,0.6396607143538335,0.6521951913833615,0.05784769303032327,0.7232789397239685,0.5880906871386934,0.6817630512373785,0.04717643888933316,0.999992847442627,0.5985447304589405,0.6871039577892846,-0.047168253255741914,0.9999977946281433,0.6000068562371388,0.7545849118913919,0.11594372519424978,0.7565324306488037,0.5972839457648138,0.7617625917707167,-0.017620887341243875,0.9972056150436401,0.6087159395217893,0.8217715144157406,0.15770735144615167,0.9094483256340027,0.5840867468288964,0.8405959146363391,-0.008674804560307942,0.9942722320556641,0.606583716188158,0.8345686112131387,0.16068556181022092,0.9539787769317627,0.5780396716935292,0.8513765777860366,-0.008043459550078423,0.9742707014083862,0.6255619066102162,0.8282084754535126,0.1510512781994683,0.7962729334831238,0.6008387020656039,0.8552474634987963,-0.032709099458796624,0.9544931650161743
22,0.6129927822521752,0.5469304663794379,0.08292035864932193,0.9994128346443176,0.6118872318949016,0.541274775777544,0.07955165696995595,0.9985060095787048,0.6107320342745097,0.5408633811133245,0.07949837914534974,0.9981046319007874,0.609587843077523,0.5403993265969409,0.07951774150133128,0.998306930065155,0.6146548952375136,0.5421735933848787,0.06858933227402819,0.9994137287139893,0.6155342255319864,0.5424674647194996,0.06848835774830406,0.9996058344841003,0.616470396518707,0.542657285077231,0.06846226134470527,0.9997622966766357,0.6075190986905776,0.5438043202672683,0.060924553126096695,0.9980498552322388,0.6178245135716027,0.5468623842511855,0.01059773694723844,0.9995706677436829,0.6111193077904835,0.5527379631996152,0.07910583870751514,0.9984228610992432,0.6136401942798067,0.5534298317772999,0.0639105637158666,0.9992561340332031,0.5955215879849023,0.5804003698485235,0.08705812948090685,0.9999237656593323,0.6158999528203689,0.5967160003525867,-0.0458587763564927,0.9999964833259583,0.6003007854734146,0.6231059091431751,0.14320397377014155,0.049746811389923096,0.62308007138116,0.6520516208239961,-0.024739291838237205,0.97855544090271,0.6220458286149159,0.6120852691786627,0.2007785812020301,0.017606323584914207,0.6379941412380761,0.6560570631708414,0.05334367943661551,0.9113450050354004,0.626167365482875,0.6074516228267122,0.21653906064374095,0.027135690674185753,0.641173868519919,0.6563891257558547,0.052657905646732846,0.858277440071106,0.6268947873796733,0.6063487461635042,0.2074540727904864,0.025975044816732407,0.6408831085477553,0.6527011888367786,0.06091362514666145,0.8363184332847595,0.6254994205066133,0.6084718295506065,0.1984393481697354,0.024434074759483337,0.6394472616059437,0.6521406344005037,0.05832724230630055,0.7160705924034119,0.5876186319759911,0.6829490355082918,0.04900438019207543,0.9999919533729553,0.5979937604495454,0.6882423520088192,-0.048977030600820246,0.9999973773956299,0.5999679156712121,0.755077699252537,0.12360517127173282,0.7194763422012329,0.597298192977905,0.7630562356540131,-0.016955574894590028,0.996914267539978,0.608720745359148,0.8217273082051955,0.17262685894966118,0.8876008987426758,0.5843426108360288,0.8416262592588147,-0.0017366620978074405,0.9938345551490784,0.6065848384584697,0.8347643971443173,0.17649544094290043,0.9440464377403259,0.5782615116664338,0.8523331114224021,-0.00036569364102823337,0.9725222587585449,0.6255819014140535,0.827138371126992,0.16948703782899033,0.7712562680244446,0.6010757769857131,0.8558828302792136,-0.02328734871532235,0.9520870447158813
23,0.6119941081319533,0.5470390200614927,0.08068407454660956,0.9994651079177856,0.6108246070998052,0.541452154091426,0.07758549579552237,0.9986417889595032,0.6096672807421,0.5410653012139455,0.07752773889473502,0.9982789754867554,0.6085287468773976,0.5406367540359495,0.07754562326839988,0.9984633326530457,0.6136186565671645,0.5422926936830791,0.06644620703799381,0.9994677305221558,0.614504071644374,0.5425589135714937,0.06634495726653505,0.9996422529220581,0.615445758615221,0.5427301185471669,0.06631885383810313,0.9997840523719788,0.6064749377114429,0.5442265714917862,0.0601818753140313,0.9982380270957947,0.6168094686099458,0.5469548395701814,0.009056013263761993,0.9996111392974854,0.6101569839886254,0.5530381952013286,0.07732218440089902,0.9985602498054504,0.6126771109444752,0.5535932847431725,0.061895499378442735,0.9993219971656799,0.5948375787053787,0.5813319580895557,0.08768985356603345,0.9999252557754517,0.6142401167324609,0.5968930431774682,-0.04666572575058254,0.9999964833259583,0.5983109116554257,0.6231510622160772,0.1495332492249352,0.048778023570775986,0.6218649370329719,0.6536828075136454,-0.026382741651364724,0.9786481857299805,0.6217140146664208,0.6127353327614917,0.21175034514495295,0.017919715493917465,0.637701538630894,0.65622193132128,0.050626929530075596,0.9122518301010132,0.625933766365051,0.6084938509123663,0.2283495864697864,0.027586212381720543,0.6410921743937897,0.6565156561987737,0.04957510403224398,0.8603580594062805,0.6265536427497861,0.607519459724426,0.21875661739281238,0.02649165876209736,0.6407862050192694,0.6528921689305984,0.05828977376222608,0.8387836813926697,0.6252554518835882,0.6098662938390457,0.20935635907309386,0.02520686760544777,0.6393682820456366,0.652423228536333,0.055896107958895797,0.7170591354370117,0.5873085652078898,0.6839344041688098,0.049915293497698625,0.9999914169311523,0.5973549314907616,0.6890279241970604,-0.049883613948311104,0.9999971389770508,0.5998508742877413,0.7557844672884256,0.12676533503191806,0.6908127665519714,0.5972872189113069,0.7642451252256117,-0.016064351424574845,0.9967848062515259,0.6087136285645619,0.8216690949031281,0.17913755689348485,0.8723191022872925,0.5844868132046288,0.8425948177065165,0.0025431890040636053,0.9936800003051758,0.6066003629139489,0.8349150793892992,0.1833795181342533,0.9365066289901733,0.5783717070307048,0.8533164688519065,0.004250568138169389,0.9716182947158813,0.6255533303533278,0.8251322865486141,0.17725301895822787,0.754783570766449,0.6013254931994844,0.8564015047890796,-0.01800609002155916,0.9516444206237793
24,0.6111324446541919,0.5471817408289226,0.08218839147261207,0.9995133280754089,0.6099195327077591,0.5417022943496701,0.07908434165375569,0.9987661838531494,0.6088194932256423,0.5413565448352267,0.07902525578226358,0.9984381198883057,0.607721183981214,0.5409752982003345,0.07904191826071055,0.998606264591217,0.6126307930265151,0.5424848437309262,0.06800745704344338,0.9995171427726746,0.6134938870157511,0.5427197064672196,0.06790739744901654,0.999675452709198,0.614419945648738,0.5428655300821574,0.06788084868873866,0.9998040199279785,0.6055967824799671,0.5447880540575297,0.06136472193258147,0.9984085559844971,0.6157539520944865,0.5470596126147677,0.010525244687284737,0.9996479749679565,0.6093931078910825,0.5533565180642261,0.07871738076210018,0.9986876249313354,0.61180522271565,0.5538033144814625,0.06337613197309627,0.9993828535079956,0.5943003024373732,0.5819784879684446,0.08883654241050988,0.9999278783798218,0.6128595113754269,0.596946811676025,-0.04517785725849013,0.999996542930603,0.5976306949342998,0.623017745358603,0.15289121397903982,0.04781634733080864,0.6205070257186887,0.654827831472669,-0.023990974788154866,0.9788979291915894,0.6214123112814764,0.6147882546697341,0.21814241451876495,0.018568741157650948,0.6370698503085542,0.6565756899969916,0.05136470847896164,0.9148305654525757,0.625678764070783,0.6102202466556002,0.23527183362415846,0.02842475101351738,0.6406777790614534,0.6572542752538406,0.04990949875542094,0.8647148013114929,0.6264897653034752,0.6098121064049854,0.2253970146179198,0.027366893365979195,0.6405017903872896,0.6536639979907442,0.05851498565503527,0.8437305092811584,0.6251230938094,0.6119076524462016,0.21573443838528214,0.02628767304122448,0.6390752162252151,0.6530974779810221,0.055775690185172186,0.7223224639892578,0.5869911875043593,0.6846932053565975,0.050153148706470196,0.9999909400939941,0.5967642188072202,0.6896776863506859,-0.05012096730726104,0.9999969005584717,0.5997047492435997,0.7564169304711474,0.1284970294151987,0.6606982350349426,0.5972704121044701,0.7651783040591644,-0.01518385583268744,0.9965491890907288,0.6085652521678376,0.8216358848980492,0.1816281625202723,0.8540140390396118,0.5845145395823884,0.8432692391531804,0.0043905065394937975,0.9932817220687866,0.606563752038138,0.8350440757615222,0.18596939274242935,0.9274938702583313,0.5783787829535345,0.8542043396404808,0.00617638053372502,0.9698441028594971,0.6254295366150989,0.8232369678361071,0.18044338481766828,0.736228883266449,0.6014681049755639,0.856685239928109,-0.015663389968020566,0.9500657916069031
25,0.6103197813034055,0.5475343193326675,0.08052493610552375,0.9995577335357666,0.6090874297278265,0.5421140125819612,0.07749928555318283,0.9988800883293152,0.6080579859869818,0.5418020691190444,0.07743973519120893,0.9985835552215576,0.6070133311407904,0.5414649946349005,0.07745509977851592,0.9987368583679199,0.6116478681564328,0.5428545338766912,0.06643275107656203,0.9995622038841248,0.6124670812061852,0.5430496845926555,0.06633371561765668,0.9997056722640991,0.6133553539003642,0.543154500211988,0.06630684839827672,0.999822199344635,0.6047078047479899,0.5454642176628111,0.060005913142647034,0.9985630512237549,0.6146501013210839,0.5472634162221633,0.009221876439239295,0.9996813535690308,0.608688380037035,0.5538150651114324,0.07712561807462144,0.9988053441047668,0.6109533957072664,0.5542581217629566,0.06180036344698494,0.9994388222694397,0.5937732900891982,0.5825933115822926,0.08764566395963938,0.9999315738677979,0.6116700359753198,0.5970108747482297,-0.04558741482240811,0.9999966621398926,0.597136170523507,0.6239533816065104,0.1517490408250263,0.0474691279232502,0.6191310082163126,0.6556823832648138,-0.023544131059731747,0.9789401292800903,0.6210952111652916,0.6166667222976682,0.21721237727573928,0.01896742545068264,0.6363271900585716,0.6567609633718215,0.05098098676119529,0.9171391725540161,0.6255446621349877,0.6132122312273296,0.2343472101858683,0.028718343004584312,0.6398160491670879,0.6577090229306899,0.04928229376673696,0.8681498169898987,0.6265319875308443,0.6125630106244766,0.22434108214718945,0.027654143050312996,0.6398809569222583,0.6542732477188108,0.057886916611875776,0.84751957654953,0.6250714642660956,0.6145629457065035,0.21476448816912505,0.026790764182806015,0.6385054332869391,0.6536755868366784,0.054998757051570056,0.7256869673728943,0.5867450032915384,0.6852695175579613,0.05002790700112068,0.999990701675415,0.5963283402579168,0.6902256590979436,-0.04999697847025733,0.9999967813491821,0.5995687978608264,0.7571487580026895,0.12878653641257962,0.6244073510169983,0.5972495385578698,0.7657185878072462,-0.014402090199291699,0.9960713386535645,0.6083772012165611,0.8216256925037926,0.18136594806398657,0.828629195690155,0.5844790731157572,0.8435327223369049,0.0056712419393339306,0.9924311637878418,0.6065072894096372,0.8350587521280557,0.18567136015210822,0.9146768450737,0.5783791916710987,0.8546999880245749,0.007507067200328619,0.9668305516242981,0.6252266968999587,0.8218604462487353,0.18046760388783037,0.7104368805885315,0.6015082478523253,0.8567859155791142,-0.01398017624659197,0.9461433291435242
26,0.6095052668026513,0.5479537980897085,0.07794574712003977,0.9995971918106079,0.6082550406455991,0.5425928592681882,0.0751523633088384,0.998981237411499,0.6072780285562784,0.5422916855130874,0.07509356588125225,0.9987132549285889,0.6062746099063325,0.5419793810163223,0.0751088595816067,0.9988532662391663,0.6106656840869356,0.5433213659695214,0.06400223310504638,0.9996023178100586,0.6114349688802444,0.5434835604258943,0.06390394206557952,0.9997326135635376,0.6122764229774472,0.5435498680387222,0.0638778107506888,0.9998383522033691,0.6038011567933217,0.5460575257028849,0.05847805270126885,0.9987014532089233,0.6135146583829605,0.5475478598049706,0.00737485326826572,0.9997111558914185,0.6079419527735026,0.5542658567428587,0.07477944727454863,0.9989104866981506,0.6100805384772161,0.5547779713358195,0.05936061282243045,0.9994889497756958,0.5930016994476315,0.583140330655234,0.08579044001443042,0.9999347925186157,0.6102282643318173,0.596986411299024,-0.04657053862299236,0.9999967217445374,0.5960996576717918,0.6262504816055294,0.14681539578097202,0.04724949598312378,0.6173754828316822,0.6560341409274506,-0.025110960113150723,0.9793341159820557,0.6205382670675001,0.620077197892325,0.20657112726143417,0.019301703199744225,0.6354353853634422,0.65710722548621,0.046875420106308775,0.9206287860870361,0.6250379136630464,0.6179320079939703,0.2226592306579861,0.028972607105970383,0.6387059279850548,0.6591190780912124,0.04478297648685317,0.8733136653900146,0.6263545070375712,0.616501426696777,0.21266681126185816,0.027928130701184273,0.6390726242746623,0.6552652665546959,0.0534293082143579,0.8532852530479431,0.6248670118195667,0.6185539892741609,0.20397699560437874,0.027247045189142227,0.6377253055572507,0.6542779343468799,0.05108245919857704,0.732606828212738,0.5865991336958747,0.6854646035603111,0.04961509800383021,0.9999904036521912,0.5959636041096276,0.6904076150485444,-0.04958782632436069,0.9999966025352478,0.5994782430785041,0.7579005922589979,0.1274763928992407,0.6007035374641418,0.5972378219876968,0.7658825465611045,-0.014071172821734626,0.9958454966545105,0.6082630515098568,0.8217208606856207,0.17909239530563348,0.8156975507736206,0.5844714028494695,0.8434210453714639,0.005570311880936577,0.9921154379844666,0.6065879940986629,0.835049256256648,0.18325993503843027,0.9079931378364563,0.5783594369888303,0.8548282793589996,0.007327262525047571,0.9654086232185364,0.6249989134924749,0.8213417513029911,0.17720747164317532,0.6968528628349304,0.6015474574906483,0.8569373215947829,-0.014360483842236649,0.9447962045669556
27,0.6085514426231382,0.5482313667024883,0.07730823606252667,0.9996328949928284,0.6072437201227457,0.5429562841142924,0.07467926527772628,0.9990723133087158,0.6063047255788527,0.5426563075610567,0.0746215652142252,0.9988300204277039,0.6053364089557101,0.5423510960170199,0.07463799991777961,0.9989579319953918,0.6095682484763006,0.5436658212116784,0.06368986751352035,0.9996383786201477,0.6103085041046139,0.543801208904811,0.06359050082308904,0.9997568726539612,0.6111261725425717,0.5438372424670626,0.06356508391244067,0.9998528957366943,0.6028001376560753,0.5464392389569961,0.058433884488684765,0.9988255500793457,0.6123193178858073,0.5477509362357,0.00802465046622923,0.9997378587722778,0.6071163245609825,0.5545333640916004,0.07418873182364868,0.9990054965019226,0.6091466341699869,0.5551023960113523,0.05900183149746483,0.9995341300964355,0.592329258578164,0.5836036375590731,0.08502550529582155,0.9999382495880127,0.608728354317801,0.5969167266573222,-0.0457914950592177,0.9999968409538269,0.594964117663247,0.6299983586583816,0.1424189490931374,0.04732862859964371,0.6155221836907521,0.6562782440866739,-0.02697426660784652,0.979905366897583,0.6202173488480701,0.6254204562732149,0.1966362429516655,0.01951650157570839,0.6343696611268177,0.6578210507120401,0.04785066427263828,0.9244421720504761,0.6246493594987048,0.6241119606154302,0.21181141436099996,0.029042666777968407,0.6376503229141233,0.6616305044719148,0.04613159133254416,0.8786756992340088,0.6259918638638085,0.6228431258882792,0.20173427718026288,0.02800888381898403,0.638044612748282,0.6572570868900841,0.05474343772179312,0.859349250793457,0.6245886019298006,0.6245683840342928,0.19388857143265853,0.027464520186185837,0.6366047365324835,0.6556201577186581,0.05289715484582949,0.740175724029541,0.5865479316030227,0.6854385954993109,0.04912476167082785,0.9999901056289673,0.5957450066293986,0.6904428924833022,-0.04909911549517085,0.9999964237213135,0.599418681008475,0.758520834786551,0.1216877149684088,0.5834158658981323,0.5972461104393003,0.7658657005855012,-0.013113590090402529,0.995608389377594,0.6082887377057754,0.8220924905368256,0.16678577278341558,0.8059357404708862,0.5844639658927915,0.8434610451970778,0.0052040913075740835,0.9915974736213684,0.6068718382290429,0.8356008887290951,0.170259580867631,0.9033568501472473,0.5784663183348517,0.8551356775420048,0.006780809988932948,0.9632666707038879,0.6248617070061817,0.8212601627622328,0.16287670305797025,0.6851671934127808,0.6016133989606582,0.857239871365683,-0.015558548537748192,0.9421672821044922
28,0.6074377945491243,0.5482734901564459,0.07930768994348386,0.9996662735939026,0.6060692225183757,0.5430974636759074,0.07716609069279258,0.9991575479507446,0.6051589097295487,0.5428031614848543,0.07710874389324865,0.9989389777183533,0.6042278477123803,0.5425008160727363,0.07712467366031234,0.9990550875663757,0.6083377787045068,0.5437832321439469,0.06626329421997068,0.9996717572212219,0.6090590579169134,0.5439095173563273,0.06616256556340623,0.9997794032096863,0.6098529066358291,0.5439400519643509,0.06613751405051774,0.9998663663864136,0.6017530645642959,0.5465783085141861,0.062285014454807525,0.9989393353462219,0.6109743135316028,0.5478103314127238,0.012477705754073597,0.9997624754905701,0.6061717680522372,0.5545578224318366,0.07665841100471357,0.999096155166626,0.6081194792475015,0.5551618967737468,0.06160738521388596,0.9995766282081604,0.5921848177909849,0.5839822871344427,0.08777370729616706,0.999941885471344,0.6068891933986116,0.5966812610626218,-0.042033348232507685,0.9999969601631165,0.5969218730926511,0.630431292738233,0.14344978673117492,0.051118750125169754,0.6136756539344785,0.6563425455774576,-0.028412518756730204,0.9811611175537109,0.6212664127349851,0.6313124486378259,0.1919239853109631,0.023163476958870888,0.6327904258455546,0.6592003038951326,0.038601696624287515,0.9306081533432007,0.6250967877251759,0.6299598540578567,0.20642450026103418,0.03326505795121193,0.6363925967897684,0.6649604371615816,0.03559279976678745,0.8881763815879822,0.6262526937893456,0.6294149535042896,0.19616034499236507,0.03207927569746971,0.6366657921246117,0.6606143917356215,0.043871689321739314,0.8702731728553772,0.6249678424426485,0.630534836224147,0.18897188263280043,0.03153877332806587,0.6350772040230884,0.658306561197553,0.04325252968285763,0.758531928062439,0.5867492522512161,0.6852607778140474,0.048942432765449774,0.9999896287918091,0.5956577011517113,0.6903578468731468,-0.048919501368488556,0.9999962449073792,0.5994396243776591,0.7589578356061659,0.11411679344517839,0.5865258574485779,0.5973047154290332,0.7659420217786512,-0.015941622800060673,0.9956731796264648,0.6084212745938979,0.822638733046395,0.15187431808028895,0.8084282875061035,0.5845370514052253,0.8439815333911347,-0.00027603834667908186,0.991598904132843,0.6072377358164103,0.8363679391997197,0.15451686552592678,0.9048951864242554,0.5787668160029817,0.8558743102209905,0.0008997215756348211,0.9634320735931396,0.6248693517276216,0.8213419607707428,0.14513881823846264,0.6891521215438843,0.6019175444330485,0.8574038335255211,-0.022764539878283214,0.9425278306007385
29,0.6061968973704743,0.548146593570709,0.07097372284957337,0.9996979832649231,0.6048313736915585,0.5431073852947778,0.07000487957681925,0.9992380738258362,0.6039299760546,0.5428136689322333,0.06994351031524791,0.9990411400794983,0.6030339530536104,0.5424997840608867,0.06995446681976315,0.9991462230682373,0.6070304836545668,0.5437629137720378,0.05885316734867434,0.999703049659729,0.6077188014984127,0.5438816853931969,0.058749872392841726,0.999800443649292,0.6084679024560108,0.5438977088247023,0.05872462594083375,0.9998789429664612,0.6006596037319725,0.5466105886868066,0.06047885024121827,0.9990436434745789,0.609443140029907,0.5476099593298773,0.009566420236868513,0.9997850656509399,0.6050957339150562,0.5544000898088726,0.07015391183750966,0.9991825819015503,0.6069613797324042,0.555063782419477,0.05477504421557696,0.999616801738739,0.5921660355159212,0.5840817706925525,0.08891833254269187,0.999946653842926,0.6048401611191883,0.5959282381193975,-0.04327683416860442,0.9999971389770508,0.601383452756064,0.6240765111786977,0.14637550583907527,0.08002513647079468,0.6119665503501889,0.6560033219201221,-0.04115165988249436,0.9828400611877441,0.6232292873518804,0.6304885813168115,0.1913664472954613,0.06589937210083008,0.6313883662223814,0.6612382854734145,0.005920412571036389,0.9371625781059265,0.626706949302128,0.6322991217885696,0.20558708821024202,0.07441635429859161,0.6352547407150265,0.6681999291692459,-0.00016154410716678154,0.8984742760658264,0.6276075822966436,0.6328581537519179,0.19461867128099708,0.07269347459077835,0.6355732219559803,0.6645674977983744,0.007836256588676146,0.8821734189987183,0.6262558051518028,0.6321764894894188,0.18806413624967838,0.06974330544471741,0.6339172993387492,0.6619183693613322,0.00997042031958699,0.7798344492912292,0.5873353583472113,0.6850802523749212,0.04906542982373917,0.9999896883964539,0.5956282258033749,0.6902643374034334,-0.049049607770783536,0.9999961853027344,0.5995758448328288,0.759349635669163,0.10191312900611328,0.6058210134506226,0.5974024857793532,0.7661226170403613,-0.027402157895266996,0.9959398508071899,0.6086631281035284,0.8232894420623775,0.13225268189396172,0.8164889812469482,0.5846787588936939,0.8447363393647327,-0.017139616721708852,0.9919546246528625,0.6076510838099886,0.8372222287314275,0.1339317002466746,0.9079009890556335,0.5790672796113148,0.8568490930965964,-0.01676439422049692,0.9646348357200623,0.6250525474548336,0.8218376806804109,0.12197490377085543,0.7025094032287598,0.6022750684193199,0.8578184076717917,-0.042371724971703106,0.945337176322937
30,0.604990494251251,0.5476295743669779,0.053357783492122356,0.9997274279594421,0.6037193911416188,0.5429222788129532,0.05353454617517332,0.9993126392364502,0.6028477787971493,0.542618656158447,0.05347233712673185,0.9991352558135986,0.6019852416855945,0.5422736491475784,0.053479278939110864,0.9992302060127258,0.6057488969394136,0.5435294168336049,0.04199446626007555,0.9997320771217346,0.6063824534416196,0.5436200175966532,0.041889032402208856,0.9998199343681335,0.6070738026073997,0.5435879145349772,0.04186423149492058,0.9998906254768372,0.599744357381548,0.5464836103575568,0.050734734801309425,0.9991385340690613,0.6078902585165838,0.5468941926956175,-0.0020488276345921406,0.9998058080673218,0.6040484837123323,0.5538037266050064,0.054870730638504,0.9992624521255493,0.6057678546224319,0.5544846807207378,0.03897902433361324,0.9996539950370789,0.5920152544975278,0.5829970632280619,0.08464015062366209,0.9999514222145081,0.6035017950194219,0.5947064263480047,-0.051743772838796866,0.9999972581863403,0.6056051697049819,0.6114975724901468,0.14389668703079217,0.12905117869377136,0.6104762962886262,0.6547234995024541,-0.06258366054722238,0.9843918681144714,0.6251782144818984,0.6229914784431454,0.1824025298867906,0.14090277254581451,0.630203214713505,0.6638093573706487,-0.04148309781615221,0.943129301071167,0.629022567612784,0.6279348083904808,0.1953860470226832,0.14558517932891846,0.6341708898544309,0.6728324174880979,-0.051656865195504234,0.9078871607780457,0.6297597731862746,0.6288033706801275,0.18307120331696092,0.14395803213119507,0.6348733033452713,0.6697049702916823,-0.044394619709679034,0.8930772542953491,0.6280513916696817,0.6269429819924488,0.17842974407332277,0.13862620294094086,0.6332476718085149,0.666348758765629,-0.038324885549289825,0.7994562983512878,0.5882579105240955,0.685098598684583,0.04927971991045132,0.9999897480010986,0.5959966012409752,0.6902260865483962,-0.0492730056600911,0.9999959468841553,0.599802686486925,0.759810592447008,0.09231219951595575,0.6259599328041077,0.59760011775153,0.7662407858031133,-0.03862872171614849,0.9961286783218384,0.6091470411845614,0.8239662749426702,0.12191219862018307,0.8233892917633057,0.5849072490419658,0.8451064109802242,-0.03084546020587107,0.9921572208404541,0.6082824945449825,0.837747284344264,0.12320135363510672,0.909397542476654,0.5791811857904704,0.8574670961924957,-0.03100402328584874,0.9649407863616943,0.6251280631337844,0.8231750369071957,0.10793009464229851,0.7162894010543823,0.6024436916623793,0.8583620190620418,-0.05878389296787123,0.9480764269828796
31,0.603365840230669,0.5463211655616758,0.038214496736015575,0.9997541904449463,0.6021575961794169,0.5419642073767523,0.0384896501366581,0.9993801712989807,0.601344013214111,0.5416717137609207,0.03842919335833615,0.9992203116416931,0.6005292023931228,0.5413115211895532,0.038432355810488955,0.9993061423301697,0.6040586165019441,0.5425464510917661,0.02714438310691287,0.9997584819793701,0.6046614953449791,0.5426407286099022,0.027039873866098255,0.9998376369476318,0.6053096754210334,0.5425865513937811,0.027017871290445316,0.9999013543128967,0.5984718748501366,0.5459284748349869,0.03853917451841489,0.9992239475250244,0.606142163276672,0.5454887832914077,-0.013674557661371566,0.9998247027397156,0.6026338270732332,0.5524769221033365,0.04074256984250885,0.9993348121643066,0.6042046444756641,0.5531578472682406,0.025093302902366423,0.9996878504753113,0.5918344616889951,0.5815740738596232,0.07631580584815567,0.9999556541442871,0.6029263343129836,0.593683804784502,-0.06082911970359935,0.9999973773956299,0.6072069457599092,0.5999488268579752,0.13714378348418638,0.180991068482399,0.6092841216496057,0.6532247202736987,-0.08389186933636661,0.9858298301696777,0.6264814240591863,0.6077725461551118,0.17449857464858456,0.21425360441207886,0.6295756101608273,0.665665256977081,-0.0802214688554938,0.948627233505249,0.6311577984264916,0.6128119707107542,0.18644031158515376,0.21621108055114746,0.6335024952888486,0.6764981014387945,-0.09329687533234907,0.9166263341903687,0.6319160052708215,0.6137503061975749,0.1732836574316024,0.21494224667549133,0.6345328927040097,0.6737467680658611,-0.0868285783300442,0.9032127261161804,0.6296745538711545,0.6123885835920058,0.1701771548816135,0.20830292999744415,0.6329732401030401,0.6698079654148644,-0.07784928404060854,0.8179725408554077,0.5893397876194543,0.6852232881954735,0.04931411264198165,0.999989926815033,0.5965456060000826,0.6903045654296871,-0.04931315481662748,0.9999958872795105,0.6006010345050263,0.7601658105850216,0.08721437475511001,0.6425776481628418,0.5979469265256606,0.7662247249058312,-0.04131779745221136,0.9962781071662903,0.6097990393638608,0.8246285779135564,0.12066173191581447,0.8299916982650757,0.5850758075714109,0.8453894427844452,-0.03378555992884294,0.9923734068870544,0.6087242092405043,0.8385245459420336,0.12213658520153584,0.9099659323692322,0.5791616950716287,0.8577860304287498,-0.034125951810606875,0.9648292660713196,0.6249401961054118,0.825184457642691,0.1055700546928814,0.7299259305000305,0.6023235695702687,0.8588066935539242,-0.06310986961637222,0.9508249759674072
32,0.6018907325608387,0.5446225098201204,0.03048396722546644,0.9997786283493042,0.6005449414253232,0.5405064889362877,0.029992976385567856,0.9994418621063232,0.5997401969773426,0.5402742879731313,0.02993548166538986,0.9992979168891907,0.5989370550428115,0.5399593557630264,0.029935260702456733,0.9993752241134644,0.6024327584675377,0.5410299863134109,0.019454129628970144,0.9997825622558594,0.6030195219176153,0.5411499125616888,0.019351576890663368,0.999853789806366,0.6036444561822071,0.5411257232938491,0.019333001715131096,0.9999111890792847,0.5969919017383027,0.5449761816433495,0.02872121195708001,0.9993013739585876,0.604550526823316,0.5437653013638085,-0.019864333933219305,0.99984210729599,0.6013043590954369,0.5507824557168141,0.03273130676576068,0.9994009137153625,0.6028017418725147,0.551242923736572,0.018128150671587448,0.9997188448905945,0.5919853244509012,0.5798366716929841,0.0664930673582213,0.9999596476554871,0.6024105174200872,0.5929909757205416,-0.0648828848132065,0.9999974966049194,0.6082202621868675,0.5891524127551485,0.12846911847591394,0.23843754827976227,0.6084771582058495,0.652206080300467,-0.09199287167617248,0.9870386719703674,0.6275431581905907,0.5882640191486901,0.16891294164316986,0.28527817130088806,0.6292851362909586,0.6662629195622032,-0.09850842367325506,0.9534353017807007,0.6323453511510573,0.5881896615028379,0.17976754307746878,0.28556984663009644,0.6332793780735558,0.6785352757998873,-0.1130730227700301,0.9242883324623108,0.6330418876239229,0.5879878078188212,0.16702492492539533,0.2846629321575165,0.6343140329633437,0.6760700089590886,-0.10745018326810422,0.9121050834655762,0.6306929911885939,0.5888848747525893,0.1647569490330559,0.2772684097290039,0.6327901005744931,0.6714429208210533,-0.09676750738705903,0.8340248465538025,0.590654385089874,0.6852614334651399,0.04853511037571087,0.9999902248382568,0.597218368734632,0.6901451962334766,-0.048536076290266836,0.9999958276748657,0.602216918127877,0.7604429806981765,0.08941409055675775,0.6566110253334045,0.5988242285592213,0.7662600619452336,-0.03596014125006537,0.9963656663894653,0.6105602928570335,0.8250610436711989,0.13048559022801257,0.8359249830245972,0.5852331433977397,0.8457833698817657,-0.02317896389535494,0.99266117811203,0.6089912210191997,0.8392313820975162,0.1326633781194686,0.911527693271637,0.5793636066573004,0.8580103107861106,-0.023187265704785062,0.9656196236610413,0.6254551376615249,0.8265671661921906,0.11670430025884078,0.7427372932434082,0.6023209963526042,0.858802189145769,-0.05546931858573638,0.9538188576698303
33,0.6009710703577311,0.5434837324278693,0.024392621432031893,0.9998006820678711,0.5994248236928664,0.5395370772906709,0.023427936754056376,0.9994974732398987,0.5986577340534752,0.5393552507672988,0.023371124640107144,0.999367892742157,0.5978975313050403,0.5390584060123986,0.023368395545652926,0.9994375109672546,0.6012033786092483,0.5399641735213141,0.013579433717365771,0.9998042583465576,0.6017284597669327,0.540090979848589,0.013477174844592803,0.9998683929443359,0.6022987348692755,0.5400912182671681,0.013458927042250119,0.9999200105667114,0.5960336191313604,0.5442122834069386,0.021624016435816875,0.9993711113929749,0.6030581184795922,0.5426611099924358,-0.023862306826880987,0.9998577833175659,0.6005302344049723,0.5496583240372792,0.026573984484587386,0.9994605183601379,0.6018585715975078,0.5497023463249204,0.012860697334898365,0.9997467994689941,0.5925593376159665,0.5787971939359389,0.058372868703944314,0.9999632835388184,0.6011770367622373,0.5923234224319456,-0.06655312659484997,0.9999976754188538,0.6096771478652951,0.5760999168668473,0.11799321855817517,0.2924777567386627,0.6081024612699234,0.6513075045176911,-0.0956419461539813,0.988124430179596,0.6277790103639872,0.5634593486785886,0.1595483850155557,0.35096439719200134,0.629351711273193,0.6662858435085839,-0.10893182009458538,0.9577834010124207,0.6322560191154476,0.5573408109801153,0.1688120688710893,0.35012590885162354,0.6336808272770471,0.678135217939104,-0.12449531086853567,0.9312313795089722,0.6332021457808356,0.5560188276427129,0.15727909569229392,0.34946414828300476,0.6347333039556228,0.6757173912865772,-0.11944566028458725,0.9201715588569641,0.6309812903404233,0.5586964709418158,0.15577890042747763,0.3413746953010559,0.6331500819751192,0.6708691801343643,-0.10760185314076283,0.8486555218696594,0.5925873654229298,0.6850038358143394,0.047347232699394205,0.9999904632568359,0.5979499612535746,0.6892883794648303,-0.04734747526901106,0.999995768070221,0.605119705200195,0.760071185656956,0.08782482636826375,0.6604955196380615,0.6004514370645793,0.7660204768180843,-0.0371621465044362,0.9962621331214905,0.6115146534783497,0.8251989211354933,0.13317730703524175,0.834928572177887,0.5855239391326901,0.8461144140788484,-0.02152718167219842,0.9925262928009033,0.6091620870998924,0.8397409915924069,0.13572653212717595,0.9096145033836365,0.5798889636993405,0.8582554476601733,-0.021312178245612545,0.9647302627563477,0.6266553810664584,0.8275838306971955,0.11936556696891779,0.7490367293357849,0.6026851585933137,0.8593124968664982,-0.05564273925764217,0.9553655982017517
34,0.6011515430041718,0.5433465753282818,0.008169113365667205,0.999820351600647,0.5994804467473709,0.5394668987819125,0.009169811143406799,0.9995471835136414,0.5988065106528143,0.539315901483808,0.009112095673169406,0.9994304180145264,0.5981330854552129,0.539066123962402,0.00911188492817538,0.9994933009147644,0.6009516273226054,0.5398266468729289,-0.001806924315834681,0.9998236894607544,0.601348108904702,0.5399009908948623,-0.001912717497907575,0.9998814463615417,0.6018025772912159,0.5398328747068131,-0.001937108596653807,0.9999279379844666,0.5962187698909212,0.5441477775573729,0.016252810215311386,0.9994336366653442,0.601946105275835,0.5425536257880073,-0.03403261410338536,0.9998717308044434,0.6008475252560204,0.5493798477309089,0.013488635952983581,0.9995137453079224,0.6019922171320231,0.5491545609065462,-0.0016628810770011344,0.9997717142105103,0.5935197319303237,0.5776521955217631,0.05619902674640925,0.9999664425849915,0.5998297061238966,0.5917472617966786,-0.07271087254796706,0.9999977350234985,0.6113285933222087,0.5600489377975462,0.10996546851737155,0.3472684919834137,0.6078948889459879,0.6502289261136733,-0.09765560456684652,0.9890657067298889,0.626935415608542,0.5364533347742896,0.13766793246780118,0.4122660756111145,0.629560155527932,0.6654223288808547,-0.10919172955410816,0.9613787531852722,0.6308554172515866,0.5264782394681655,0.14343596196600364,0.4105413854122162,0.6344437854630604,0.6778305479458397,-0.12528077108519411,0.9368416666984558,0.6317145006997242,0.5250500134059359,0.13233469235045564,0.4100029170513153,0.6357173953737528,0.6750004325594218,-0.12137245876448491,0.9266889095306396,0.6297490852219715,0.5284871322768072,0.1336072692913668,0.40163499116897583,0.6340709481920512,0.6701481904302321,-0.10816420486995146,0.8596764802932739,0.5956536752837042,0.6847860438483099,0.046772671703781375,0.9999909996986389,0.5988401957920617,0.6882260663168768,-0.04677498596055164,0.9999958872795105,0.6087840931756152,0.7593849386487684,0.07723872895751677,0.6666604280471802,0.602631912912641,0.7657391088349474,-0.04572884525571549,0.9963563680648804,0.6122056790760583,0.8254990509578156,0.12245826125144953,0.8367764949798584,0.585988628864288,0.8462248359407694,-0.030160276591777786,0.9926173686981201,0.6094103574752805,0.8401446836335315,0.12467520364693227,0.906012773513794,0.5803704346929275,0.8583998782294133,-0.029850166557090607,0.9635862708091736,0.6283263223511829,0.8292175599506919,0.10469068161078858,0.7576743364334106,0.6034335459981643,0.8610338040760581,-0.06480390621083121,0.9575746655464172
35,0.6016722423689702,0.5435114247458319,-0.030330265419823768,0.99983811378479,0.5997685977390831,0.5395210998398915,-0.02643184076462472,0.999592125415802,0.5992152588708057,0.539326454911913,-0.026500418303268283,0.9994869232177734,0.5986605303628101,0.5391175099781579,-0.026496851124933777,0.9995436668395996,0.6008684992790219,0.5398788077490668,-0.03937977601640989,0.9998412132263184,0.6011112076895575,0.5398341383252823,-0.03949100230155245,0.9998932480812073,0.6014024768556865,0.5397828238351002,-0.039529459218361526,0.9999350905418396,0.596577623912266,0.5444247330938065,-0.0046631569641509205,0.9994900822639465,0.6007178000041413,0.5434152347700933,-0.06364240348339077,0.9998843669891357,0.6015017151832578,0.5494128806250433,-0.019782950675913256,0.9995620250701904,0.6025095479828968,0.549180654117039,-0.03747645250654645,0.9997943043708801,0.5947244099208284,0.5764878460339135,0.043161660219941805,0.9999693632125854,0.5987529907907756,0.5915614826338629,-0.09498292441878996,0.9999976754188538,0.6119255406515935,0.5459039432661872,0.08965208775230812,0.3972761332988739,0.6075936368533541,0.6487830417496814,-0.11797436369316913,0.9900230169296265,0.6238763383456636,0.510981671299253,0.0948823750019073,0.4692908823490143,0.6305822661944795,0.6631808553423197,-0.13063125929662153,0.9648430943489075,0.6272966265678404,0.500664094516209,0.09581173637083593,0.46752020716667175,0.6359031268528528,0.6760430949074878,-0.1489055314234324,0.9424157738685608,0.6274747167314798,0.4995354737554275,0.08440888321825432,0.46710512042045593,0.6375776665551319,0.6732458148683818,-0.1464837621365274,0.9331672787666321,0.6255935311317441,0.5031880429812837,0.09003025059189111,0.4590355157852173,0.6359169415065218,0.6687172923769267,-0.13012142458132328,0.8711456060409546,0.599622537408556,0.6846511585371832,0.047195531534297105,0.9999915957450867,0.5996839267866949,0.6872232011386323,-0.04720082059502599,0.9999960660934448,0.6127009987831112,0.7586990492684498,0.07049259138958791,0.6770632863044739,0.6047175305230273,0.7654204589979986,-0.05502365039927616,0.9965842366218567,0.6125964011464797,0.8259806122098646,0.11485828076090125,0.841818630695343,0.5864654421806332,0.8465500508035928,-0.04263581303613525,0.9930658340454102,0.609401898724692,0.8406723890985758,0.11787962168455118,0.9031621217727661,0.5807111382484433,0.8585819516863138,-0.042549860796758085,0.9640520215034485,0.6293589660099572,0.8318954689162114,0.09531360481466562,0.7733827233314514,0.6041084698268342,0.8634003332683013,-0.0785509205290249,0.9610738158226013
36,0.6018029161861962,0.543937027454376,-0.0721070685024772,0.999853789806366,0.5995742848941256,0.5400143640381947,-0.0664282458967396,0.9996321797370911,0.5991070423807414,0.5399300456047056,-0.06651522267077647,0.9995372891426086,0.5986619847161426,0.5399099673543655,-0.06650839410722253,0.999588668346405,0.6002964939389908,0.5404462797301154,-0.08070234145104349,0.9998568892478943,0.6003429361752098,0.5405655111585341,-0.08082273040033341,0.9999037384986877,0.6004262362207683,0.5408295137541632,-0.08087854118285963,0.9999414682388306,0.596372692925589,0.5451628395489282,-0.03325740250625779,0.9995406866073608,0.5989766682897293,0.5453977993556429,-0.09823429350342065,0.9998955726623535,0.6017894046647205,0.5499147943087984,-0.057323850691318484,0.9996051788330078,0.6025076048714771,0.5500425798552374,-0.07675734644290057,0.999814510345459,0.5963124173028126,0.5750632745879034,0.023951118479349772,0.9999716877937317,0.5981405939374649,0.5915712135178699,-0.12153468430042261,0.9999974966049194,0.6114857162748062,0.5346908909933905,0.07027243993112015,0.43412747979164124,0.6074211444173538,0.6476318427494591,-0.1414185200418744,0.9907817840576172,0.6180681705474851,0.49339818528720286,0.06494540550879066,0.5184811353683472,0.6324208463941299,0.6597808701651433,-0.15467960217169346,0.9677173495292664,0.6211272546223229,0.48261408550398666,0.06296363701777796,0.5170968770980835,0.6379593781062531,0.6732585276876173,-0.17498324300561624,0.9470822811126709,0.620500520297459,0.4817392774990624,0.051025896652468594,0.5168879628181458,0.6397653835160388,0.6710603986467631,-0.17354985645839138,0.938620924949646,0.6187851292746405,0.4857162739549362,0.05955687974180491,0.5086566805839539,0.6380997214998515,0.6665321179798668,-0.15449307262897483,0.8802906274795532,0.6031286239624021,0.6845873236656186,0.04822565210717063,0.9999922513961792,0.6006013172013416,0.6867324522563386,-0.04822797881705418,0.9999963045120239,0.6165015731539042,0.7583691290446687,0.07397461959293906,0.6913419365882874,0.6069715874535695,0.7660798719951082,-0.05912567270653586,0.9968263506889343,0.6131021550723482,0.826375271592821,0.1255671709775924,0.8500708937644958,0.5871195963450837,0.8468508703368047,-0.042615379339882284,0.9935891032218933,0.6094885979379924,0.8403009857450209,0.12981893079621443,0.9023995399475098,0.5812783735139027,0.8587396740913387,-0.042119109364492535,0.9650799036026001,0.6306726540837966,0.8347353816032406,0.10666642465761725,0.7904385328292847,0.6049604688371928,0.8645767586571826,-0.08011591838938845,0.9645671844482422
37,0.6012075815881999,0.5452828679765972,-0.09834645081843646,0.9998680353164673,0.5987300004277907,0.5415759631565636,-0.0925871720803635,0.9996684789657593,0.5983752455030166,0.5416174122265405,-0.09268875590392517,0.9995830059051514,0.5980595196996413,0.5417202779224939,-0.09267586113086765,0.9996293783187866,0.5990607074328829,0.5423331754548206,-0.10674043255192887,0.9998710751533508,0.5989239607538492,0.5428634268896918,-0.10686926692724223,0.9999132752418518,0.5988254649298529,0.5435559187616619,-0.10693748231445036,0.9999472498893738,0.5958025727953227,0.5468563318252562,-0.05540467309765515,0.9995864033699036,0.5971071055957247,0.5486572180475505,-0.11992593247975616,0.9999058246612549,0.6014413867677959,0.5515241214207238,-0.0818857875785657,0.9996441602706909,0.6017001390457151,0.5521746516227719,-0.10118318349122996,0.9998327493667603,0.5978475127901346,0.5745133536202565,0.006612114116017302,0.9999737739562988,0.5980995774269101,0.5925434078489029,-0.13792072555848522,0.9999973773956299,0.609869050979614,0.526742271014622,0.050891972971814,0.4627664387226105,0.6073582189423694,0.6469399350030078,-0.15704780093261167,0.9914692044258118,0.6106916887419562,0.4823832801410127,0.03981915776218685,0.5637306571006775,0.6339395795549663,0.656660347325461,-0.17381209007331294,0.9704116582870483,0.6134677478245323,0.4708812602928704,0.03576456518577675,0.5627680420875549,0.6398088063512527,0.6693087458610532,-0.19564450127737854,0.9515066146850586,0.6126790608678543,0.46967153719493293,0.023794774345255308,0.5626933574676514,0.6416198679379052,0.6679348758288789,-0.19476145718778876,0.9437950849533081,0.6110550352505273,0.47388364672660804,0.0342714360515986,0.5544206500053406,0.6397426298686433,0.663462650775909,-0.17390585456575658,0.8893154859542847,0.6052197132791788,0.6845787933894563,0.04895736734781944,0.9999927878379822,0.6017581122262134,0.6863806843757626,-0.04895267167261666,0.9999964833259583,0.6202055096626279,0.7580878904887605,0.07865458322422841,0.6998594999313354,0.6094068748610357,0.7671586751937862,-0.061477649318320386,0.9970093965530396,0.6138959612165176,0.8263755559921261,0.14137759634426655,0.8540558218955994,0.5881743873868667,0.8469500047819951,-0.044985599070787405,0.9939757585525513,0.6094789658273967,0.8393504619598384,0.14708813492740896,0.8993212580680847,0.5820816295487538,0.858727235453469,-0.04445613431079045,0.965467631816864,0.6315459149224414,0.8370220320565356,0.1199288210698536,0.8046931028366089,0.6054607323237825,0.864862409659794,-0.08572752816336492,0.9676328301429749
38,0.600564622879028,0.5480922613825114,-0.0994157886930874,0.9998803734779358,0.597884632859911,0.5443832363401138,-0.09352797056947432,0.9997007846832275,0.5975860953330991,0.5444968513080048,-0.09363491748060494,0.9996236562728882,0.5973435827663964,0.5446494477135791,-0.09361608603170936,0.9996656179428101,0.5980363198689049,0.5455091612679615,-0.10781501127140858,0.9998837113380432,0.5978169032505578,0.5463761006082805,-0.1079478359648159,0.9999217391014099,0.597644109385354,0.5472472480365206,-0.108020084457738,0.9999523758888245,0.5952943972178865,0.5499632222311834,-0.05585590600967405,0.9996272325515747,0.5961323840277533,0.5523844173976351,-0.12083598417895175,0.999914824962616,0.6010061332157677,0.5544455545289173,-0.08268745413848329,0.9996787905693054,0.6010047282491409,0.5557232958929876,-0.10215539251055031,0.9998489022254944,0.5985539981297081,0.5749274952071051,0.00710944148844906,0.9999753832817078,0.5986541509628294,0.5940681150981355,-0.1390502329383577,0.9999971389770508,0.6068215829985479,0.5223555105073109,0.04884440909538948,0.4831279516220093,0.6071118899754112,0.6472345760890412,-0.1579413758856909,0.992056131362915,0.604126417636871,0.4750246865408759,0.03262611203161732,0.6036036014556885,0.6344035591397963,0.6541245801108221,-0.17611110763890395,0.972786545753479,0.6058087382997783,0.46248872450419815,0.027571300151092652,0.603222668170929,0.6406897800309315,0.6652961526598246,-0.19835164036069589,0.9554133415222168,0.6049035021236961,0.4614109167030877,0.016051986121705594,0.6033068299293518,0.6423492414610724,0.6634339843477519,-0.19720863614763523,0.9483840465545654,0.6036915608814781,0.4653469860553739,0.02717051482094185,0.594782292842865,0.6401986956596372,0.6595969097954884,-0.17607587107590256,0.8974010944366455,0.6064669387681141,0.6848883203097749,0.05011866050107136,0.9999932050704956,0.6038121342658994,0.686774705137525,-0.05012103638478685,0.9999966025352478,0.6230661715779983,0.7579370379447934,0.0776754477194377,0.7139829993247986,0.612323336941855,0.7685462628092081,-0.062148426473140686,0.9972043037414551,0.6144874555724005,0.8262532438550673,0.14628886452742978,0.8624331951141357,0.5898417847497119,0.8466863649232043,-0.04803778752684591,0.994436502456665,0.6092365145683286,0.8388701813561572,0.15278334660189485,0.9011483788490295,0.5830118639128545,0.8585795743124822,-0.047660379324640526,0.9668687582015991,0.6318919335092814,0.8384119016783573,0.11840312204190657,0.8204778432846069,0.6062615513801572,0.8650258796555652,-0.09046599928821833,0.9706071019172668
39,0.6005483474050246,0.5530797447477066,-0.10703866630792613,0.9998905658721924,0.5976835114615302,0.5491400361061094,-0.10132305004767005,0.999728798866272,0.5973703673907685,0.5491094657352991,-0.1014351734093257,0.9996589422225952,0.597122548307691,0.5490990792001994,-0.10141304454633164,0.9996972680091858,0.5978322557040621,0.5506857957158767,-0.11571439015013825,0.9998947978019714,0.5975904158183503,0.5516790645463123,-0.11584825856345035,0.9999291300773621,0.5973822968346729,0.5526466999735149,-0.11592414783579957,0.9999567866325378,0.5952299765178133,0.5544979878834313,-0.06354529048715316,0.999663233757019,0.5960760678563797,0.5577836241040909,-0.12887370437383647,0.9999223947525024,0.600961351394653,0.5588859251567293,-0.09013244594846448,0.9997089505195618,0.6010698216302051,0.5607508812631876,-0.10970994979143138,0.9998628497123718,0.5984448603221346,0.5755736248833789,-0.0003390746058097914,0.999976396560669,0.599238210065024,0.5994312184197559,-0.14589757663863037,0.9999964833259583,0.6024793233190261,0.5207944205829073,0.035981932601758394,0.49430161714553833,0.6070281403405323,0.6491430589130943,-0.16598457481179912,0.9924315810203552,0.5981803400175909,0.4708649243627273,0.011507019121199839,0.6384463906288147,0.6344774603843686,0.652355909347534,-0.1862312648977551,0.9747146368026733,0.5986453992979864,0.45733254551887487,0.004789082612842317,0.6387815475463867,0.6412411911146978,0.6615986670766555,-0.2089458180325371,0.9585735201835632,0.5974685651915411,0.4563793250492638,-0.006306065053546001,0.6389716267585754,0.6426515170506065,0.6587824293545311,-0.20804368385246813,0.952114999294281,0.5968173078128267,0.4605565854481286,0.006053254187905359,0.6298834681510925,0.6403067418507165,0.6558020353317258,-0.18627849902425486,0.9036962389945984,0.6083159531865798,0.6857861501829962,0.0507530021880354,0.9999933242797852,0.6063224315643307,0.6881141747747146,-0.05076788610645701,0.9999964237213135,0.6261107512882775,0.7577930961336404,0.07436280495354104,0.7242136597633362,0.6145196795463559,0.7699357220104759,-0.06177078379052023,0.9972155690193176,0.614795705250331,0.8262390000479558,0.13838650669370373,0.8691299557685852,0.5910379239491051,0.8464544194085253,-0.05033135925020488,0.9946358799934387,0.6092201760837007,0.8392664602824615,0.14451345098870133,0.9012900590896606,0.5838550039700097,0.8585586019924705,-0.05024054816790987,0.9660991430282593,0.6311904038701736,0.8398103271211892,0.10587920205933701,0.8335578441619873,0.6071372526032581,0.8655546597072052,-0.09634371506316317,0.9728657007217407
40,0.6008582472801205,0.5575687817164827,-0.11140794392142972,0.9998978972434998,0.5978720750127517,0.5536409940038405,-0.10668193261538228,0.9997522830963135,0.5975206868989125,0.5536129236221312,-0.10679936451571323,0.9996885061264038,0.5972311581884109,0.5535741227013722,-0.10677618661097113,0.9997240304946899,0.5980212109429492,0.555309918948582,-0.12131799842630109,0.9999042749404907,0.5977373429707116,0.5564333234514506,-0.12145306680883675,0.9999353885650635,0.597455321039472,0.5575888395309445,-0.1215310958879334,0.9999603629112244,0.5953049131802147,0.5586913875171113,-0.0688925563224724,0.999694287776947,0.5959800004959104,0.5626436914716445,-0.13524748831987377,0.99992835521698,0.6010741557393753,0.5629142812320163,-0.09522094183734481,0.999734103679657,0.6014033521924698,0.5652566501072472,-0.11511510472212515,0.9998742938041687,0.5983407378196713,0.5768685391971041,-0.005373076735330479,0.9999769330024719,0.5997011065483091,0.6057786958558216,-0.15101574552910663,0.9999954700469971,0.5992291876247948,0.5217446838106425,0.02887304457170621,0.5018557906150818,0.6073344111442563,0.6520029851368492,-0.1702978583318846,0.992403507232666,0.5930229272161208,0.47076107774461995,0.0001572133308010426,0.6687084436416626,0.6342559593064442,0.6512683221272058,-0.18864201371158862,0.9757183790206909,0.592222966466631,0.45578170759337266,-0.007680797044719969,0.6698601841926575,0.6420098151479445,0.6587797846112929,-0.21088140649454926,0.960330605506897,0.5911184140614099,0.45499261873108976,-0.018376772691096572,0.6702306866645813,0.6429049117224555,0.6551573753356931,-0.21006285122462673,0.954364001750946,0.591042215483529,0.45990915043013414,-0.00520838743874005,0.6603480577468872,0.6406222854341777,0.653184866905212,-0.1885588933314595,0.906785249710083,0.6107760310173032,0.6874827282769336,0.05110903020415985,0.9999932050704956,0.608912999289376,0.6901555197579516,-0.05113028277243885,0.9999960660934448,0.6295320578983848,0.7577353937285284,0.07195962454591476,0.7335854768753052,0.6167769908905026,0.7717569402285982,-0.06474228629044121,0.9969862103462219,0.6156885879380359,0.8263163890157423,0.1278252972023827,0.8750395178794861,0.5917731216975618,0.8461904679025918,-0.053655953066689605,0.9945846199989319,0.6096439821379522,0.8395534413201464,0.13195727084364203,0.9007352590560913,0.5850798913410729,0.8582126413072855,-0.053581670991012006,0.9631469249725342,0.6312780925205772,0.8412872655051091,0.09357682381357461,0.8449679613113403,0.6080892733165193,0.8657456159591671,-0.1010776042938232,0.9745440483093262
41,0.6011235066822593,0.5604626178741452,-0.10145057567528312,0.9999049305915833,0.5979828630174906,0.5567437103816438,-0.09077841437288689,0.9997740983963013,0.5976370828492298,0.5567748342241556,-0.09091550910047119,0.9997161626815796,0.5973410572324478,0.556789113794054,-0.0908895394631794,0.9997487664222717,0.5980610949652533,0.5588514651570999,-0.1047906243375369,0.9999129176139832,0.5977245279720849,0.560326186248234,-0.10494186111858908,0.9999411106109619,0.5973506297383987,0.5618068150111604,-0.10503042680876593,0.999963641166687,0.5953823532376967,0.5619892239570615,-0.04784348255821634,0.9997228384017944,0.5955713902200969,0.5674600924764358,-0.11134471126965109,0.9999340176582336,0.6011503679411749,0.5658945577485218,-0.07941217997244422,0.9997571706771851,0.6017218078885757,0.5687728949955528,-0.0984497677002634,0.9998847246170044,0.5991521716117856,0.5792805773871282,0.011425909865647548,0.9999772906303406,0.6008257593427383,0.6116842508316038,-0.12778032422065727,0.999994695186615,0.5970126782144817,0.5238689831324983,0.04011839266334259,0.5178625583648682,0.6072893636567249,0.6562902637890404,-0.14040988917861658,0.9927731156349182,0.5886559963226315,0.4735785671642846,0.01150842467322945,0.6984067559242249,0.6324516977582657,0.6505132777350286,-0.1524289476019995,0.9773720502853394,0.5868340270859852,0.4582452842167443,0.0048771742332194504,0.6999944448471069,0.6409094810485837,0.6563149060521805,-0.17206393820898863,0.9631072878837585,0.5857204590524943,0.4575195014476774,-0.005475641514307683,0.7004501819610596,0.6419673391750877,0.6520166107586449,-0.17121362260409756,0.957664966583252,0.5859829579080852,0.4631194429738179,0.006256900029256936,0.6904250383377075,0.6396437815257479,0.6509645496095926,-0.15201895279543734,0.9128588438034058,0.6140209862164085,0.6893154042107714,0.05074571200779504,0.9999932646751404,0.6107385993003842,0.6919098343167982,-0.0507644434060369,0.9999959468841553,0.633790256295885,0.7576005322592596,0.05354672053030556,0.7520248293876648,0.6190039157867429,0.7738314577511375,-0.07572974073035374,0.9971458911895752,0.6168361578668864,0.8262980103492733,0.10407948696187559,0.8848068714141846,0.5923240372112817,0.8459323678697854,-0.07257952785917687,0.9949568510055542,0.6099399106843129,0.8391965031623836,0.1069013112357684,0.9068555235862732,0.5860512801579064,0.85754759141377,-0.07301704489759034,0.964894711971283,0.6330655455589291,0.8422654083796905,0.07182529393051348,0.8585343956947327,0.6082540937832421,0.8661740286009649,-0.12113865358488894,0.9767738580703735
42,0.6011831215449739,0.56244979926518,-0.0832316367753914,0.999913215637207,0.5977698717798503,0.5588698642594472,-0.0693736374378204,0.9997955560684204,0.5974420836993624,0.5589139546666824,-0.06952141278556412,0.9997434616088867,0.5971648693084715,0.558967510291508,-0.06949528152389182,0.9997729063034058,0.5978094458580014,0.5614444000380376,-0.0827916643449238,0.9999212622642517,0.5974502410207473,0.5631695985794065,-0.08295108037335527,0.9999467134475708,0.5970333882740563,0.5648739389010835,-0.08304166431937895,0.9999669790267944,0.5953126737049645,0.5647543890135627,-0.02295017998133386,0.9997501373291016,0.5951962045260835,0.5716339639254976,-0.08341082589966906,0.999940037727356,0.6011890581675936,0.568267978940691,-0.05886848816382031,0.9997802376747131,0.6017918774059838,0.5714213984353199,-0.07709925786725108,0.9998953342437744,0.6008150475365772,0.5828013437134876,0.03227711506187914,0.9999786615371704,0.6027376157896857,0.6150943296296253,-0.10043606311082835,0.9999944567680359,0.5956769585609434,0.5263886962618144,0.05618094152637888,0.550538957118988,0.6068141375269206,0.6628540754318235,-0.11158081399542939,0.9931454062461853,0.5849226338522773,0.47754050663539316,0.029831211974046045,0.7274912595748901,0.6294463992118833,0.6500882608549933,-0.12803658396005624,0.9791297912597656,0.5820524726595195,0.4635039457253045,0.024174342570560302,0.7289972901344299,0.6377964496612546,0.6533390045166012,-0.14679592464651373,0.9661567211151123,0.5808969974517819,0.4628148479121069,0.014637281692453784,0.7294158339500427,0.6393428053174697,0.6481365254947115,-0.14524550778525208,0.9612023234367371,0.5814473152160642,0.46796208364622915,0.024989092988627285,0.71994948387146,0.6368520532335551,0.6480773789542059,-0.12732177994080945,0.9198868274688721,0.6169153060231887,0.6912035788808546,0.050610411592892215,0.9999935030937195,0.6127006207193644,0.6936541863850182,-0.050632080542189706,0.9999958276748657,0.637359045233045,0.7578210200582228,0.03310355488210915,0.7746933102607727,0.6217175347464422,0.7756442666053769,-0.08701884171792434,0.997401773929596,0.6178246395928516,0.8261959910392758,0.07981868918452939,0.8945430517196655,0.5935999052865162,0.845523415293012,-0.08887308527316362,0.9953842163085938,0.6102837647710524,0.8387269990784778,0.08258414672953737,0.9143387079238892,0.5865600398608614,0.8567920872143333,-0.08951281500714162,0.967613697052002,0.6357509936605179,0.8420275245394022,0.04893840669122123,0.8714460730552673,0.6081885559218267,0.8665999003819054,-0.13642200210264743,0.9789397120475769
43,0.6013301372528074,0.5662728241511751,-0.06458759871976713,0.9999203681945801,0.5976803847721642,0.5625696710177828,-0.051713967642613795,0.9998146295547485,0.5973479407174244,0.5623196857316151,-0.05186090937682558,0.9997676610946655,0.5970721346991399,0.5620796033314294,-0.051837855471031986,0.9997944235801697,0.5977543183735436,0.5658745578357149,-0.06415107516305785,0.9999286532402039,0.5973985433578489,0.5678190742220195,-0.06430492379835671,0.9999517202377319,0.5969719665391102,0.5697256616183688,-0.06439074586544716,0.9999698996543884,0.595355381284441,0.5679152454648697,-0.006956460539783748,0.9997744560241699,0.5952315500804354,0.577500190053667,-0.06299674729151382,0.9999452233314514,0.6016946554183957,0.571649612699236,-0.042550733366182855,0.9998006820678711,0.6020475625991818,0.5751315150942119,-0.05947963733758242,0.9999046325683594,0.6030153342655724,0.5864546775817868,0.044338332382695994,0.9999799728393555,0.6048285126686093,0.6193568825721738,-0.08240145710962155,0.9999940991401672,0.5948625104767933,0.5281835402761184,0.06829338627202167,0.5718385577201843,0.6059975896562846,0.6697720255170546,-0.10178110493080951,0.9932178854942322,0.5814134665897912,0.4812481735433849,0.04819053367578555,0.7522777318954468,0.626012141363961,0.6501591648374282,-0.12977537044457021,0.9802428483963013,0.5780000346047535,0.46866442390850593,0.04289160816531094,0.7537984848022461,0.6333344323294501,0.6511533260345457,-0.1495334667818886,0.9682835936546326,0.5768398284912106,0.46794946534293014,0.03507093595606939,0.7541792392730713,0.6349128518785746,0.6455135958535327,-0.1470907292195728,0.9637110829353333,0.577544513770512,0.47275663954871017,0.044296675381649796,0.7447060942649841,0.6324734551565985,0.6461126310484746,-0.1290511569806507,0.924477219581604,0.6193130578313553,0.6930215443883619,0.0504398282085146,0.9999936819076538,0.6145619409424916,0.6954432351248602,-0.05046980359724587,0.9999957084655762,0.6403747711862834,0.7584412796156743,0.016051019382263925,0.7913897037506104,0.6240648525101795,0.7772628903388973,-0.0951375727142606,0.9975593090057373,0.6184058768408636,0.826167455741337,0.055017787005220115,0.9008311629295349,0.594598875726972,0.8453120827674862,-0.10456779428890768,0.9956130385398865,0.6111077734402246,0.8385107823780601,0.057095325312444115,0.9191611409187317,0.586287690911974,0.856243138653891,-0.10587578415870662,0.9690670371055603,0.6369711944035118,0.8424838100160867,0.021758064068853847,0.8814127445220947,0.6084242769650048,0.8668850166457036,-0.15402013957500452,0.9806286096572876
44,0.6016861660139898,0.5692628485815863,-0.020046267265986108,0.9999264478683472,0.5977228573390413,0.5659170099667138,-0.01198100437011037,0.9998313784599304,0.5973894102232794,0.5655490875244138,-0.012106668337115212,0.9997891187667847,0.5971131188528875,0.5651870489120481,-0.01209057973963873,0.9998133778572083,0.5979060683931621,0.5691138386726378,-0.024002176099124216,0.9999352097511292,0.5976059283529006,0.5709830590656823,-0.024131046773566454,0.9999561309814453,0.5972400086266652,0.5728243436132157,-0.024196927995321197,0.999972403049469,0.5955298117228914,0.5709758383887151,0.02488986583692686,0.9997963309288025,0.5956079483032224,0.5807575685637335,-0.029410897301776054,0.9999496936798096,0.6027618033545354,0.574217595372881,-0.005622753793639792,0.9998188018798828,0.6028561047145296,0.5773510422025405,-0.022001021761181086,0.999912679195404,0.6049311740057806,0.589359252793448,0.06703728405492643,0.999981164932251,0.6064121757234844,0.6220606395176476,-0.05929609451975139,0.9999938011169434,0.5945573977061678,0.5304603236062183,0.0888374132769448,0.6004635095596313,0.6046032701219828,0.6742868287222723,-0.09827512566532402,0.9931504130363464,0.5787376318659099,0.4853100853306904,0.07056583112904,0.7754049897193909,0.6226702060018264,0.6506486364773338,-0.14185841147388725,0.9813165068626404,0.5746372376169475,0.473998130219323,0.06450101711920327,0.776763379573822,0.6295264158930094,0.6502644811357767,-0.16205477544239583,0.9703323245048523,0.5734208106994626,0.4732439202921729,0.058952040331704245,0.7770886421203613,0.6303314362253458,0.6446736216545101,-0.1590839560542787,0.9661084413528442,0.5742881093706401,0.47761991705213247,0.06770565499152453,0.7679126858711243,0.6281727824892314,0.6456137384687148,-0.14109396615198672,0.9291951656341553,0.6214844550405227,0.6960875443049837,0.05064207081283839,0.9999938607215881,0.6172137294496806,0.6981208222252979,-0.05067760901791706,0.9999956488609314,0.6427087630544387,0.759882819652557,0.014457788983626017,0.809882640838623,0.627505460807255,0.7789037210600712,-0.09977532263313016,0.9977601766586304,0.619157494817461,0.8261713572910849,0.046033297904900114,0.9087306261062622,0.5956208501543314,0.8453736850193565,-0.11916949344532825,0.9959423542022705,0.6124317356518334,0.8385501350675306,0.04732452439410344,0.9256035685539246,0.5858854208673747,0.855728002956935,-0.12146751454898284,0.9713712930679321,0.6365072063037325,0.8435770153999325,0.010640061573524554,0.8915437459945679,0.6097574472427365,0.8671858804566515,-0.1716144084930419,0.9823290705680847
45,0.6023990784372599,0.5717006274632042,0.01565219669469765,0.9999321699142456,0.5979506322315757,0.5689511469432282,0.02477152279378579,0.9998463988304138,0.597652493204389,0.5685721720967971,0.02465088116005062,0.9998084306716919,0.5974013754299706,0.5682191695485794,0.02466214368385927,0.999830424785614,0.5981216447693958,0.571936169692448,0.013016645324283411,0.9999410510063171,0.5978270581790377,0.5736977509089876,0.012898568539614122,0.9999601244926453,0.5974590420722958,0.575423981462206,0.012840474400270195,0.9999746680259705,0.5958594458443776,0.5740166936601909,0.05852584934660364,0.9998161196708679,0.5960019997188021,0.5832698072705947,0.0051248242280312935,0.9999537467956543,0.6042297329221451,0.5765005673680984,0.02922974389844706,0.9998350739479065,0.6042736717632835,0.5793055176734921,0.01320798418351582,0.9999198913574219,0.6062226670128955,0.5914525134222846,0.09071308406335962,0.999982476234436,0.6073737944875441,0.6243597592626295,-0.035304600532565775,0.9999935626983643,0.5947293945721215,0.5327302677290777,0.11096101679972235,0.6339620351791382,0.6035623226846965,0.6765324507440835,-0.0841691149132592,0.9931008219718933,0.5776044402803691,0.489195919036865,0.08681962415575978,0.7971775531768799,0.6196332369531901,0.650813383715493,-0.14717363842896047,0.982492983341217,0.5722924113273617,0.47802968961851916,0.08020307826144352,0.7983503341674805,0.6259442193167548,0.6497081756591794,-0.1682341699089322,0.9725158214569092,0.5708215662411278,0.47714865207672097,0.07618456019886899,0.798625648021698,0.6262030465262274,0.6436361380985802,-0.16445494166442318,0.9686273336410522,0.5721981116703576,0.48164360182625887,0.08444229311176704,0.7900692820549011,0.6244894708905898,0.6447658402579168,-0.14650101363658896,0.9344533681869507,0.6244771770068575,0.6998228175299506,0.05057430746299877,0.999994158744812,0.6207359228815349,0.7017351474080763,-0.05062684171966141,0.9999956488609314,0.6449148484638756,0.7623432108334129,0.01313691227031605,0.8271138072013855,0.6314225588526041,0.7806987251554214,-0.10033597541706898,0.9979527592658997,0.6197454707963124,0.826545531409127,0.04385150713579993,0.9157297015190125,0.597432550362178,0.8448839102472574,-0.12111237794160837,0.9962466955184937,0.6132208636828829,0.8386300614901947,0.0448863805404731,0.9316686987876892,0.5869100178991042,0.8543620126588001,-0.12364082677023747,0.9736596941947937,0.6359172735895426,0.8452408347811013,0.009514121471771164,0.9004950523376465,0.6111171688352309,0.8673147831644327,-0.17260579147509159,0.9838719964027405
46,0.6037028125354219,0.574214458465576,0.01570377205498516,0.9999338388442993,0.5987841912678307,0.5719533903258185,0.024890793820044818,0.9998553395271301,0.5985060470444813,0.571531237874712,0.02476923383240188,0.9998212456703186,0.5982634254864281,0.571188402175903,0.024779018812945905,0.9998420476913452,0.5988117831093921,0.5749262060437881,0.013154543768281915,0.9999447464942932,0.5984217558588298,0.5765826054981774,0.013038781282791335,0.9999626278877258,0.5979211109025135,0.5783038105283462,0.012982498291447491,0.9999755024909973,0.596692941870008,0.5769391894340512,0.05927394351788927,0.9998318552970886,0.5963138478142872,0.5860151035445074,0.006688325426408224,0.9999545216560364,0.6058613368443078,0.5788245098931446,0.029403004928358956,0.999846339225769,0.6059967671121866,0.5816863911492481,0.013367311969133357,0.9999236464500427,0.6074123961584906,0.5924044830458501,0.08932080588170456,0.9999833703041077,0.6077531984874178,0.627203365734645,-0.03268112210290771,0.9999922513961792,0.5951452357428412,0.5340840390750338,0.10477305054664607,0.6627019047737122,0.6036718402590068,0.6789762513978137,-0.08390456310340333,0.992842435836792,0.5777158413614543,0.4919768537793838,0.06850381514855791,0.8160312175750732,0.6168138350759231,0.6517718144825524,-0.1676205613783427,0.9830737709999084,0.571271707330431,0.48099903549466794,0.05977210024637833,0.8168794512748718,0.6226978557450429,0.6499563234192982,-0.19147938447339186,0.9736872315406799,0.5698183809007914,0.4804180809429711,0.05585403971906217,0.8171024322509766,0.6228365114756991,0.6434432387351987,-0.18744127367224003,0.9700360298156738,0.5717128549303325,0.48452994397708327,0.06587724712278159,0.8088343739509583,0.6214015824454169,0.644381008829389,-0.16750705667904436,0.9375175833702087,0.6278099468776155,0.7025902237210951,0.04915810397693087,0.9999943375587463,0.6244956374168393,0.705234382833753,-0.04923788596476825,0.9999954700469971,0.646552651269095,0.7647216830934793,0.018389359622129363,0.8413960337638855,0.6341020584106443,0.7818801488195143,-0.0963360203163964,0.9980481863021851,0.6219447118895391,0.8257302420479907,0.05825527693544113,0.9216694235801697,0.5998499086924959,0.8427553040640691,-0.09912846556731629,0.9963659048080444,0.6157410757882251,0.8374300343649723,0.06106955047164642,0.9357618689537048,0.589181326116834,0.8512454032897945,-0.09951065714870176,0.9746297001838684,0.6362954327038353,0.8458955611501418,0.02724979797245135,0.9080056548118591,0.6118945377213612,0.8668607388223916,-0.14408477097749703,0.9849691390991211
47,0.605337333679199,0.57655028956277,-0.010313139376895762,0.9999351501464844,0.600186923571995,0.5745396699224197,-0.001037743052334656,0.9998628497123718,0.5998860529490877,0.5740058745656692,-0.001169934988554033,0.9998323321342468,0.5996233020509989,0.573551455565861,-0.0011563715658017555,0.9998518824577332,0.6000175714492795,0.5777930736541745,-0.011912008448104767,0.9999479055404663,0.5994656341416492,0.5795294625418523,-0.012039175579723498,0.9999647736549377,0.5987643923078262,0.5814082043511524,-0.012105742412885378,0.9999762773513794,0.5980224285806925,0.5790707383837016,0.038586045056581475,0.9998457431793213,0.5967773454529895,0.5892131890569412,-0.011307196904505993,0.9999556541442871,0.6074998957770208,0.5807112864085604,0.004756109270134141,0.9998569488525391,0.6076110584395269,0.5840092539787289,-0.010185983883483064,0.9999276399612427,0.6098709021295817,0.5924021414348055,0.06845594511500423,0.9999842047691345,0.6077163525990075,0.629856273106166,-0.04598777836986948,0.9999912977218628,0.5954553842544552,0.5347830448831827,0.07812436659421236,0.6907987594604492,0.6022521001952033,0.6799349359103608,-0.1013061717152595,0.992573618888855,0.5783230526106695,0.4934924815382274,0.037525767300810114,0.8332045078277588,0.6139610358646934,0.6527279751641406,-0.18908512592315663,0.9840822219848633,0.571437665394374,0.4831764715058461,0.02756292857229708,0.8336749076843262,0.6193426455770217,0.6493727701050891,-0.2156205884047916,0.9753239750862122,0.5701709934643334,0.4833856974329265,0.023188587278127656,0.8338399529457092,0.6195613861083982,0.6427119493484494,-0.21088852584362022,0.9719533920288086,0.5721872431891302,0.4863755175045556,0.034595569968223557,0.8258771896362305,0.6184190409524097,0.6438014388084409,-0.18932629440511967,0.9415202736854553,0.6307743889944891,0.7031732099396839,0.04665118562323704,0.9999944567680359,0.6267348647117612,0.7068414602960856,-0.04674756558878079,0.9999952912330627,0.648082031522478,0.766359380313328,0.022469188565654403,0.8552535772323608,0.6356963242803297,0.7831803594316751,-0.09073259085416789,0.998150646686554,0.6251278110912866,0.8241629804883681,0.07056316956877705,0.9272456765174866,0.6016431842531473,0.8406028577259604,-0.07361781469413209,0.996437668800354,0.6192465424537656,0.8345577393259318,0.07477466006364138,0.9390197992324829,0.592017533097948,0.8470785975456233,-0.07169337634529382,0.9749507308006287,0.6366993580545695,0.8461262072835646,0.04116947273058549,0.9148374199867249,0.6119935376303534,0.8659605639321459,-0.11265187667948853,0.9858985543251038
48,0.607054759774889,0.5776002253804885,-0.03989776557178368,0.999935507774353,0.6019099678312027,0.5758615612983701,-0.030542152414896644,0.9998689889907837,0.6016068254198343,0.5753129260880604,-0.03068076369485683,0.9998416900634766,0.6013572420392715,0.5747818742479595,-0.030662498303822096,0.9998600482940674,0.6015978540693008,0.5793064934866766,-0.041510688302306704,0.9999504685401917,0.600961990015847,0.5811854209218703,-0.041651495339049535,0.9999665021896362,0.6001736010823928,0.5831877061298913,-0.04172988800149009,0.9999768137931824,0.5999013951846528,0.5804132172039573,0.013508115708827968,0.999858021736145,0.5978359699249265,0.591047258036477,-0.03750796818307466,0.9999567270278931,0.6094059654644555,0.581418544905526,-0.02316895228411469,0.999866247177124,0.6092689258711675,0.5851945638656614,-0.0382578436085688,0.9999311566352844,0.6133499656404765,0.5919455340930391,0.04807355518319775,0.9999847412109375,0.6080198202814372,0.6319040622029983,-0.06681392544082229,0.999989926815033,0.5963535904884335,0.535498763833727,0.05357878639229704,0.7172638773918152,0.6002982514245166,0.6806599838393071,-0.1346855563776833,0.9926502704620361,0.5792657119887212,0.4941257476806638,0.01480509596211569,0.8488492965698242,0.6114877360207691,0.6529029914310998,-0.21809682718345086,0.9852114319801331,0.5728573986462182,0.48516097324235075,0.005004007422498291,0.8489933609962463,0.6168648583548406,0.6472540463720047,-0.24607910897050575,0.97710120677948,0.5715541447911942,0.4862064072063989,-0.0006331389769911769,0.8491173982620239,0.61708733013698,0.640760745321001,-0.24083873203822534,0.9740044474601746,0.5732639959880281,0.48805847764015176,0.011313661134668753,0.8415730595588684,0.6159820079803464,0.642617036615099,-0.21821322653974795,0.9458312392234802,0.6333639213017052,0.7028623546872816,0.045490430082593625,0.9999942183494568,0.6276910526411871,0.7071316344397405,-0.04557578776563915,0.999994695186615,0.6496308616229463,0.7668657745633803,0.027963480938758153,0.8681545853614807,0.6373287064688543,0.7841623544692989,-0.08898426145315166,0.9982588887214661,0.6270370977265491,0.8228479879243029,0.08408593876021245,0.9325814843177795,0.602141053336007,0.83985378571919,-0.061215998019490896,0.9965523481369019,0.6213023866925917,0.8317098089626853,0.08907748482057022,0.9416977763175964,0.5937004838671001,0.8444939528192789,-0.05808693319559095,0.9753169417381287,0.6366713557924539,0.845989380564008,0.055778525024652456,0.9214469790458679,0.6124892898968285,0.8654756869588576,-0.09707300705569126,0.9868540167808533
49,0.6087657673018316,0.5775563461439948,-0.08909608197531527,0.9999369978904724,0.6035556248256135,0.5756206870079038,-0.07996651821969342,0.9998769760131836,0.6032202107565741,0.5750138487134658,-0.08011682636237567,0.9998520612716675,0.6029720476695466,0.5744257620402742,-0.08010275837566169,0.9998694062232971,0.603195296015058,0.5796279413359503,-0.0903663385925548,0.99995356798172,0.6025035841124395,0.5818573730332508,-0.09051500651985403,0.9999685287475586,0.6017003365925377,0.5842446003641398,-0.0906019174626895,0.9999777674674988,0.601645355565207,0.5802155784198213,-0.031432776259524474,0.9998697638511658,0.599428011689867,0.5927779776709418,-0.07976858754243167,0.9999582171440125,0.6112322739192415,0.5819339632987973,-0.0701111542194017,0.9998759627342224,0.610903567927224,0.5856571657317022,-0.08442580117178812,0.9999351501464844,0.6151983993394031,0.5889289719717841,0.01160957584423677,0.9999850392341614,0.6089998279299051,0.6361195308821539,-0.09676117309635235,0.9999879002571106,0.5985117435455319,0.5264282022203715,0.01748225806014877,0.7370008230209351,0.5994276200022013,0.6927746278899053,-0.17309003376534998,0.9923526048660278,0.5804662840706958,0.4817048370838163,-0.024323336141450064,0.8624674081802368,0.6102257609367367,0.66693348799433,-0.2680643439292907,0.9857684373855591,0.5747594646045137,0.47337478228977725,-0.03594856054655143,0.8624048829078674,0.6147551127842492,0.6599748969078061,-0.29815894014069,0.9781061410903931,0.573161321026938,0.47427681258746535,-0.042376111767121714,0.862520694732666,0.6151377507618492,0.6538198207105906,-0.29499867590410356,0.9752287864685059,0.5746961576598029,0.47586718627384705,-0.02826503344944545,0.8552505970001221,0.6141535503523687,0.6560096859931943,-0.2693335739629608,0.9483535289764404,0.6344863499913894,0.7026077287537708,0.0433763374175344,0.9999935626983643,0.6283854160990031,0.7080043809754505,-0.043461899778672604,0.9999936819076538,0.6511675442968093,0.7670576402119224,0.025214549899101248,0.8789173364639282,0.6396532501493178,0.7852276631763999,-0.08756997968469343,0.9982805848121643,0.6266533391816272,0.8229829856327598,0.08831836485436981,0.9362453818321228,0.603548717498779,0.8406062926564895,-0.05286090863602498,0.9964982867240906,0.6205188614981512,0.8310107401439117,0.09266354204820731,0.9427064657211304,0.5958111252103531,0.8439259018216809,-0.049240439917360004,0.9747010469436646,0.6366470422063553,0.8461743593215938,0.05427228819046699,0.9265838861465454,0.6140959399087085,0.8655394945825845,-0.09491971156426833,0.9875034689903259
50,0.6100479841232297,0.5763696891920904,-0.054043159527438,0.9999344348907471,0.6045568585395811,0.5754733647618973,-0.044904187108789156,0.9998797178268433,0.604152863366263,0.5745927401951378,-0.04504047791872704,0.9998568296432495,0.6038546749523706,0.5736526659556795,-0.04501933215984274,0.9998745322227478,0.6043087295123506,0.5791103567395889,-0.05582644183720859,0.9999541640281677,0.603657577719007,0.5811426247869216,-0.05597337345991814,0.9999685287475586,0.6029536366462704,0.5832700048174174,-0.056048962048121834,0.999976634979248,0.6027361478124342,0.5793948292732236,-0.0029359562056405185,0.9998783469200134,0.601466952051435,0.5914403455598011,-0.05262870149953022,0.9999540448188782,0.6122464333261759,0.5806409205709182,-0.03702935688197611,0.9998827576637268,0.6119197692189895,0.5835649592535834,-0.052138247553791296,0.9999364018440247,0.6146195530891416,0.5936036058834617,0.03997930349516015,0.99998539686203,0.6125561407634187,0.6248319012778143,-0.07393856484975131,0.9999833106994629,0.6017217959676466,0.559831026622227,0.057893992162176514,0.7593314051628113,0.6008787597928725,0.643011082921709,-0.13676704817584578,0.9909144043922424,0.589465272426605,0.5230558548654827,0.031407807448080596,0.8757827281951904,0.6051673344203401,0.610283621719905,-0.20793375117438168,0.9858593344688416,0.5863154155867438,0.5148438794272284,0.02571449072233267,0.8755654692649841,0.6064724513462609,0.6006965569087435,-0.23318338585751386,0.9785705208778381,0.5856617246355327,0.5131421795913149,0.017429418622383043,0.8756822943687439,0.6061651536396568,0.5972400043691906,-0.22922689680542252,0.9759697914123535,0.5865825414657589,0.5179670844759258,0.027298052023564053,0.8689494729042053,0.6057368244443618,0.5997839518955773,-0.2086614132991858,0.9502249360084534,0.6332383905138286,0.6997759308133803,0.042341672416244217,0.9999922513961792,0.630697131156921,0.7047228557722907,-0.04242682254740168,0.9999914169311523,0.6507156286920817,0.7673423102923799,0.021823292970657337,0.8895485401153564,0.6418065888541082,0.7815037063189911,-0.10201603621244426,0.9982494115829468,0.6260916284152438,0.8232467395918707,0.06284808835812974,0.9411787390708923,0.6081267220633367,0.8377345357622416,-0.09633199380976809,0.9965179562568665,0.6196772217750547,0.8314850739070344,0.06470244069184573,0.9457115530967712,0.5993212393351961,0.8417967064040044,-0.09561745034796847,0.9740172028541565,0.637682131358555,0.8470248392650056,0.02453299649059771,0.9326455593109131,0.6176788278988427,0.8653503656387325,-0.146115031838417,0.9882488250732422
51,0.6092018348830084,0.5729553495134623,0.02736931507076535,0.9999172687530518,0.6041789753096442,0.5735667245728626,0.036573603962148926,0.9998706579208374,0.6038446017674034,0.5730060373033794,0.03646353089383669,0.9998434782028198,0.6036206977707996,0.5722740650177,0.03650366738438605,0.9998703002929688,0.6040175284658156,0.5751703977584837,0.0250950701534748,0.9999449849128723,0.6035411034311564,0.576299691200256,0.02494882739015987,0.9999596476554871,0.6030707001686093,0.5773499897548127,0.02488572922136102,0.9999687671661377,0.6029232859611509,0.5774375489779878,0.06873723875199042,0.9998776912689209,0.6027153049196512,0.5834624716213769,0.01557891340926289,0.9999273419380188,0.6111252307891843,0.577028736046382,0.04024032929113931,0.9998502135276794,0.6109062671661374,0.5779116119657242,0.024256065700735355,0.9998856782913208,0.6135173678398129,0.6014974440847121,0.09853419475257391,0.9999723434448242,0.6149463398115973,0.6038135051727291,-0.025040270926962996,0.9999751448631287,0.6047965168952939,0.6084334152085438,0.119963633694819,0.6990734934806824,0.6009928022112163,0.5622198428426468,-0.0709863638239247,0.9905175566673279,0.6010352679661339,0.5889067615781509,0.10807274356484409,0.840828537940979,0.6008462684495106,0.5178072886807575,-0.09492501148155752,0.9857390522956848,0.59951125894274,0.5847420811653135,0.10998303006802282,0.8441563844680786,0.5997604915073937,0.504375920976911,-0.11228506724749288,0.9781011343002319,0.6000519803592135,0.5805548506123677,0.10091716381055965,0.8454071879386902,0.5987192119870863,0.503468665906361,-0.10426168218255039,0.9751730561256409,0.600632812295641,0.5838715698037826,0.10426380932331081,0.8365969657897949,0.5988403405461991,0.5078316620418001,-0.09340520075389314,0.9500024914741516,0.6319087352071486,0.6937125478472025,0.04210950051035198,0.9999914765357971,0.6331476875713891,0.6955026728766303,-0.042186693102121336,0.9999913573265076,0.6500453744615824,0.7664618321827475,0.022511050477623928,0.8857356905937195,0.6437434622219628,0.7721798777580258,-0.115420075399535,0.9983048439025879,0.6269912157739909,0.8234019262450079,0.040048723242112554,0.9402354955673218,0.6153127551078794,0.8319049698965887,-0.13502298401934754,0.9966262578964233,0.6206937483378816,0.8317031741142269,0.04002184152070963,0.9478183388710022,0.6055845924786156,0.8364082285336082,-0.1369299052017075,0.9756895303726196,0.6394943799291335,0.8483814494950427,0.003671830174114021,0.9333081841468811,0.621261508124215,0.8648031984056741,-0.18672063648700704,0.9888417720794678
52,0.6077106254441395,0.5633889692170276,0.06961785123816555,0.9998828768730164,0.6035252077238897,0.564687999657222,0.07852481851088147,0.9998381733894348,0.6033148016248427,0.5647920744759694,0.07843143406457131,0.9997963905334473,0.6031693492616923,0.5647065520286558,0.07848983079727204,0.9998437762260437,0.6033400194985523,0.5649978348187035,0.0653070118544357,0.9999219179153442,0.6030437452452521,0.5657182710511341,0.0651643954749618,0.9999390244483948,0.6027794378144398,0.5663359471729821,0.06510625888726539,0.9999534487724304,0.602585845334189,0.5717622382300238,0.10516645514539305,0.9998517632484436,0.6030689426830834,0.573353554521288,0.045747418967740865,0.9998812675476074,0.6097127965518404,0.5677975450243266,0.08053617472095145,0.9997671842575073,0.6094635571752273,0.5681206890514916,0.06229985092899627,0.999779999256134,0.6110760944230212,0.5998691303389411,0.12996426892599883,0.9999439716339111,0.6161972624914984,0.5881152749061582,-0.005586222239903032,0.9999611973762512,0.6051249452999656,0.6460134029388425,0.1507340338081121,0.6382610201835632,0.6053014091082979,0.5422075918742586,-0.03713990715997557,0.9903571009635925,0.6054018667766023,0.631120385442461,0.13752805697066436,0.7729741334915161,0.601206987244742,0.500806847640446,-0.0187323553221566,0.9846688508987427,0.6033084954534256,0.6344320603779381,0.14290930937443452,0.7816134691238403,0.5999803849628991,0.4864216787474494,-0.02964756850685388,0.9755514860153198,0.6045556817735941,0.6293598021779738,0.13346655560391285,0.7834317088127136,0.5994188581194193,0.48678165418761093,-0.019408353950296095,0.9718099236488342,0.6054019859858919,0.630174065487725,0.13367295988968433,0.7747046947479248,0.5995646851403369,0.4908652152333939,-0.015230952522584343,0.9459571242332458,0.6313565816198073,0.68599967275347,0.04519191405602861,0.9999908208847046,0.635849549089159,0.6862878424780706,-0.04525956586003301,0.9999914169311523,0.6477411576679772,0.7604850275175908,0.03484668886022907,0.8830887079238892,0.6442914622170581,0.7602357421602519,-0.10888151249715254,0.9981512427330017,0.6288981982639854,0.8243485263415742,0.031358826905488954,0.9404094815254211,0.6228327955518447,0.8275616645812984,-0.13816142912421903,0.996548593044281,0.6233706525393892,0.8325985312461849,0.029368441126176273,0.9479045867919922,0.6137424928801398,0.832906787736075,-0.14182046992438174,0.9761295914649963,0.6407124519348142,0.8498154895646228,-0.0033369469057236423,0.9330047965049744,0.6251298325402393,0.8608870727675297,-0.18273188791104716,0.9888190031051636
53,0.6062292269298005,0.5492884227207726,0.02017437432493481,0.9998807311058044,0.6022074852670939,0.54963960306985,0.029355721707854936,0.9998350143432617,0.6019533736365179,0.5503322907856529,0.02924620110009396,0.9997958540916443,0.6017125368118283,0.5509609205382208,0.029277506364243353,0.9998425841331482,0.6020816411290847,0.5505301679883682,0.015635942774159556,0.9999195337295532,0.6018228701182771,0.5519231353487285,0.015501958663974478,0.9999367594718933,0.6015694652284892,0.5534014684813361,0.015430069874439909,0.9999498128890991,0.6006690127508978,0.5604928357260566,0.06270690815789355,0.9998498558998108,0.6012653997966219,0.5633955989565166,0.0017515785326915091,0.9998654723167419,0.6085425325802392,0.555065836225237,0.033440811080592,0.9997444152832031,0.6081781319209505,0.556258724417005,0.014653575207505898,0.9997480511665344,0.6087893503052846,0.5838524818420407,0.09755858544792444,0.9999444484710693,0.6158984473773408,0.5850604874747137,-0.038325693810890814,0.9999485611915588,0.6102359073502674,0.6217472161565505,0.13294962325266424,0.5817632079124451,0.6108323710305348,0.5953711152076718,-0.10620701690869669,0.9748311042785645,0.6093353935650414,0.5920096635818479,0.13806847142321715,0.7136947512626648,0.6008155839783802,0.572064490829195,-0.1468745115612234,0.9395567178726196,0.6070075733321051,0.5917634776660372,0.14492999144962848,0.7267768383026123,0.5974043778010775,0.5622901746204919,-0.16541852152773306,0.9227089285850525,0.6073510306222096,0.5883088384355815,0.133704145678452,0.7295422554016113,0.5973899619919911,0.5614050584180011,-0.15898581008825977,0.9161362648010254,0.608264933313642,0.5891960144042966,0.13393123000860208,0.719865083694458,0.5988195896148678,0.5638238685471668,-0.14615205377340312,0.8820170760154724,0.6312265276908872,0.6717108181544709,0.04650842792221476,0.9999895691871643,0.6377229469163074,0.6727774160248889,-0.046586036149944554,0.9999898672103882,0.6425573604447499,0.7475338612283975,0.045104190121803944,0.8672366142272949,0.6437517830303734,0.7469123431614464,-0.09021852761507029,0.9972473382949829,0.6306354795183452,0.8231321539197645,0.04419125989079474,0.9389283657073975,0.6310805712427409,0.8264987400599885,-0.10680236220359797,0.9959569573402405,0.6259293113436015,0.8312135594231738,0.04184061243597949,0.9462258815765381,0.6245671919413972,0.833478690896715,-0.10960962942668365,0.9746717810630798,0.6396880916186738,0.8492651973451882,0.006414539393569744,0.9309508800506592,0.6324261018208093,0.8562587806156698,-0.14967445305415555,0.98745197057724
54,0.6045933927808487,0.5322807414191107,0.0071818140468427015,0.9998913407325745,0.6002337983676362,0.5329093354088916,0.016546689213386586,0.9998494386672974,0.5998732226235524,0.5336164781025475,0.016433768120727353,0.999813437461853,0.5994904194559367,0.5343009999820162,0.016443633846938602,0.9998566508293152,0.6002633980342318,0.5348105055945258,0.0022537495142647135,0.9999268054962158,0.5999887909208023,0.5369038139070781,0.002121011433856821,0.9999423623085022,0.5996690869331358,0.5392309035573685,0.0020516537395971098,0.9999541640281677,0.5981320210865563,0.5449552467891146,0.050883846623556925,0.9998632073402405,0.5987178002085002,0.5507913368088856,-0.01319999157318047,0.9998751282691956,0.6070932933262414,0.5381597944668358,0.020671351413641643,0.9997673630714417,0.6067423224449154,0.5404207655361718,0.0011797466714467235,0.9997702240943909,0.6064827901976446,0.5665304865155899,0.09224912247487471,0.9999489784240723,0.6162094150270732,0.5764256102698186,-0.047343388332852274,0.9999508261680603,0.609534680843353,0.5985465884208676,0.15856984896319246,0.5454245805740356,0.6148351243564057,0.6151835075446535,-0.11070508967552861,0.9690703749656677,0.6096296140125816,0.5693528720310753,0.2076238683291843,0.7252931594848633,0.6044566443988253,0.6077919670513696,-0.1526146050010408,0.9416899085044861,0.6081653680120193,0.5644286036491392,0.22212654054164876,0.7350166440010071,0.5992779323032922,0.6030676722526547,-0.16807421083961208,0.9253208041191101,0.6085599763052801,0.561514387811933,0.20980089540992455,0.7402903437614441,0.5987252201352797,0.6007697965417587,-0.16261940832648952,0.9192157983779907,0.6089774949210028,0.5657189437321252,0.20432435103825153,0.7301068305969238,0.6005218403679982,0.6017891321863444,-0.1519622791026319,0.8843088746070862,0.6303930844579422,0.6546487365450175,0.04836928110037529,0.9999851584434509,0.639946559497288,0.6564195002828322,-0.04844790760959895,0.9999855160713196,0.6354033248765125,0.7351173026221136,0.03829452299645967,0.7976403832435608,0.6427321093423023,0.7348870328494478,-0.08880683162382666,0.9880218505859375,0.6321130326816011,0.8157280547278265,0.015678987864937096,0.8879502415657043,0.638411610467093,0.819990972110203,-0.12042992987803045,0.991550087928772,0.6274998307228086,0.824601258550371,0.011104597683463772,0.9083738327026367,0.6331790310995916,0.8296704343387056,-0.1244409527097429,0.9637370109558105,0.6399597661835803,0.8463664480618064,-0.022576643020978986,0.9032753705978394,0.6411779267447333,0.8522489343370706,-0.16163149731499799,0.9835501313209534
55,0.6017105000359668,0.5214608005114961,0.05568852509771072,0.9999000430107117,0.5977915338107515,0.5220631003379819,0.0633055994553225,0.9998626708984375,0.5975010088511873,0.522717487812042,0.06320870098258764,0.9998303651809692,0.5971920881952555,0.523350850173405,0.06321232478533469,0.999869704246521,0.597947858061109,0.5235645822116305,0.049962030776909395,0.9999328255653381,0.5977803111076352,0.5252574154308862,0.04982605800032613,0.9999469518661499,0.5975664802959985,0.5270535537174768,0.04976926706731317,0.999957263469696,0.5962652053151809,0.5322189262935091,0.08531389151300699,0.9998761415481567,0.5967094404356817,0.5356923239571705,0.023527760258210545,0.9998840689659119,0.6043767826897755,0.5265559605189729,0.06463061230523243,0.9997847676277161,0.6042518121855597,0.5280705094337461,0.046227436299834904,0.9997830986976624,0.6046003546033585,0.560631934234074,0.11735612430742803,0.9999518394470215,0.6154180560793192,0.5568151678357803,-0.015868704606379777,0.9999462962150574,0.6073734675134927,0.5800942284720282,0.20026148749249312,0.5214399695396423,0.6166428021022249,0.5626834009374888,-0.029223926844341403,0.9579670429229736,0.6097077846527097,0.563039307934897,0.29117426680667047,0.6869174242019653,0.6098521011216297,0.5715058292661392,0.00486062392592429,0.8904451131820679,0.6087923611913406,0.5569344401359555,0.31359556317329396,0.70248943567276,0.6053801962307518,0.5688553580215996,0.003987957962921673,0.8755701780319214,0.6090081368173869,0.5573908993176049,0.30359915175608215,0.7098425030708313,0.6038585271154128,0.5719919826303207,0.009175771049090783,0.8672149181365967,0.6097000701086859,0.5586227859769546,0.2897363188011305,0.6993194818496704,0.6051025271415708,0.572144441945212,0.0073645208563123295,0.8305263519287109,0.6300564765930172,0.6416552799088611,0.04661341181823184,0.9999846816062927,0.641229575020926,0.6394670554569786,-0.04669765798108916,0.9999843239784241,0.6312653575624736,0.7257076093128746,0.023555007922862248,0.7838892340660095,0.6428616540772571,0.7216117024421689,-0.08264932281204629,0.9888402223587036,0.6329011355127605,0.8056995085307526,-0.023626738360949917,0.8878097534179688,0.6452849984169003,0.8068583658763336,-0.1415363130824906,0.9920929670333862,0.6290009839194158,0.8154286163193836,-0.02942635118961333,0.911331057548523,0.6405014276504514,0.8196787442479812,-0.1475098156503268,0.966154932975769,0.642384246417454,0.8427224346569602,-0.055855993048420954,0.9059932231903076,0.654969705854143,0.8364782111985339,-0.18344760260411663,0.9844871759414673
56,0.5983110921723499,0.5171200190271648,0.13228683615369452,0.9999096393585205,0.595088069779532,0.5173539042472837,0.1346770296405468,0.999876081943512,0.5947254623685561,0.5184399604797361,0.1345999943225511,0.9998469948768616,0.5943745238440374,0.5194879889488218,0.13461598916245351,0.9998824596405029,0.5957555362156457,0.5166051472936355,0.1248957646478499,0.9999393820762634,0.5958914399147031,0.516969755717686,0.12476026027330324,0.9999520778656006,0.5960220967020304,0.517331254482269,0.1247209834467087,0.9999613761901855,0.5940631849425178,0.5267409529004776,0.13074248092515123,0.9998883605003357,0.5964869652475626,0.5220547471727641,0.08521771494831354,0.9998952746391296,0.6006124581609451,0.5223826748984197,0.13231568395027085,0.9998045563697815,0.6012318968772885,0.5211591005325316,0.11852111744561361,0.99980229139328,0.60124511378152,0.5624753832817075,0.14111360077347068,0.9999541640281677,0.6148567131587435,0.5346320084163119,0.03625401561813694,0.9999497532844543,0.6045957122530253,0.5894250273704525,0.21145559889929627,0.4767493009567261,0.6195356811795913,0.509725578342165,0.08960957439350227,0.9440088868141174,0.6116624372346058,0.5822175860404966,0.3080586084297724,0.6214526295661926,0.6175036498478478,0.52483092376164,0.22749818116426457,0.8139961957931519,0.6119772451264515,0.5799202305929998,0.33231418941702145,0.6361711621284485,0.6165524516786844,0.5227623684065681,0.24414347239903034,0.798724889755249,0.6133129801068984,0.5811711277280532,0.3249038772923605,0.6433826684951782,0.6152202793530053,0.5300725536687031,0.24957306257316036,0.7900699377059937,0.6133347477231704,0.5765400256429397,0.3076336958578653,0.6342864036560059,0.6149741377149307,0.5297088418688091,0.23271735566002977,0.756171703338623,0.6298406328473769,0.6382810286113192,0.03767317746366772,0.9999858140945435,0.6425310117857794,0.6319714239665437,-0.03777412005833215,0.9999855756759644,0.6308452912739342,0.7193266170365467,0.013585259818605006,0.7874400019645691,0.6448275174413406,0.7135012098721092,-0.0529508835503033,0.989111602306366,0.632921048573085,0.7982117363384788,-0.05198817881090298,0.8849726915359497,0.6526074085916789,0.794792030538831,-0.12336394190788263,0.991769015789032,0.6296828133719304,0.8087531600679667,-0.0583659761718341,0.9172056913375854,0.6486877833093913,0.8098714828491207,-0.13047727474144521,0.9678514003753662,0.6434255838394162,0.8398787668773102,-0.07760762548340215,0.9027043581008911,0.668234574794769,0.813373254026685,-0.16084944903850548,0.9823392629623413
57,0.5948355538504462,0.518148338794708,0.16170264525072908,0.9999179840087891,0.5918470484869818,0.5175741910934446,0.16031041932957507,0.999888002872467,0.5912363341876437,0.5192170330456323,0.16023719704576894,0.9998617172241211,0.5906414372580389,0.5207977550370351,0.16024413183331482,0.9998937845230103,0.5933269364493231,0.5140278679983954,0.15308606134993683,0.9999451637268066,0.5938045586858475,0.5130573511123655,0.15295137528862265,0.9999566078186035,0.5943161657878329,0.5120276093482969,0.1529082248253481,0.9999650120735168,0.5906537992613654,0.5265190482139586,0.14097530267068312,0.9998992085456848,0.596468753474099,0.5134693571499414,0.10697683622794488,0.9999054670333862,0.5964040126119339,0.5241980467523846,0.1564418311629976,0.999821662902832,0.5979567102023531,0.5200653757367812,0.14600607188684595,0.9998194575309753,0.5987247620310099,0.5680508579526626,0.14022517821618483,0.9999525547027588,0.6146307247025623,0.5180504356111797,0.04859891302351439,0.9999538660049438,0.6090447187423703,0.5999063151223316,0.19415863433054506,0.43295764923095703,0.6230349898338314,0.4726546091692786,0.08713163450094202,0.946413516998291,0.6213392138481137,0.5921509419168742,0.2740043437906673,0.560948371887207,0.6217631782804214,0.4625277800219397,0.2063989672277654,0.8267039060592651,0.623397920812879,0.5867607934134345,0.29577125438622054,0.5751651525497437,0.6219423055648801,0.45734726701463946,0.21814203714685773,0.8092341423034668,0.6244169660976953,0.5836278302328924,0.2879036990659576,0.5818019509315491,0.6205496532576422,0.4626895214830124,0.22518059025917725,0.8002501726150513,0.6247403826032363,0.5808544584683006,0.2727729986820901,0.5734578371047974,0.6203565086637222,0.4640436342784334,0.21137298079473624,0.7639599442481995,0.6290282607078549,0.635750956194741,0.03002834506332873,0.9999858736991882,0.642814184938158,0.6269540531294684,-0.030148550655160616,0.9999865293502808,0.6314622436250956,0.7141668404851638,0.010044990080807883,0.803394079208374,0.6488435115133011,0.7080468314034595,-0.03455067968794276,0.9880056977272034,0.6322089467729838,0.7946563976151598,-0.0528733981507165,0.8888331651687622,0.6611010772841315,0.7890578184809001,-0.09333266424281252,0.9887101054191589,0.6292467866625102,0.8056633523532319,-0.0587593469236578,0.9235528707504272,0.6590457030705039,0.8052652290889191,-0.09947184366839268,0.9683406352996826,0.6412322776658191,0.8369269030434741,-0.07737840525805947,0.8975825309753418,0.6781424505370002,0.7970172984259465,-0.12860208302736276,0.9681866765022278
58,0.5925594551222663,0.5180484022412979,0.14551838338375084,0.9998559951782227,0.5894941261836457,0.5170056309018813,0.14281994572707576,0.999843418598175,0.5886471935680931,0.5187934415681019,0.14274471061570299,0.9998083114624023,0.5877979857580999,0.520508437497275,0.1427450192826134,0.9998621940612793,0.5916224462645392,0.5121446064540316,0.13602145101342875,0.9999083876609802,0.592308391843523,0.5105428831917896,0.13588769648756294,0.99992436170578,0.5930499928338184,0.5088989734649656,0.1358305726732526,0.9999417662620544,0.5879288622311181,0.525250937257494,0.1208349283252443,0.9998729228973389,0.5963003277778622,0.5089325904846189,0.08885176437241687,0.9998652935028076,0.5935039469173974,0.5243295192718503,0.139604308775493,0.9997002482414246,0.5957322716712949,0.5188727208546228,0.1298280136925833,0.9996631145477295,0.5971232822963166,0.569258710316249,0.12374153073344907,0.9999265074729919,0.6147656389645164,0.5137492605618066,0.022818216521825092,0.9999517798423767,0.6096302321978975,0.6091126561164852,0.14834082690732814,0.39454159140586853,0.6254753010613574,0.4657691359519956,0.021264037835810847,0.9510746002197266,0.6242175119263782,0.6035356129918776,0.1850258160914693,0.5056530237197876,0.6293215070452006,0.4182123873914989,0.0844196287649018,0.8428338170051575,0.6278535536357333,0.6017768434115816,0.19912738970347804,0.5191829800605774,0.6310628175735471,0.4058246816907608,0.08332246690988536,0.826420783996582,0.6288282343319481,0.5928234134401591,0.1904890862958771,0.5251476168632507,0.6297176275934488,0.40414822953087925,0.09500774656023292,0.8179264664649963,0.6283019934381755,0.5913977418627054,0.18251659359250744,0.5174605250358582,0.6292769261768884,0.40930658323424185,0.08963107381548194,0.7831872701644897,0.6279129437037874,0.6348710622106277,0.029947622892047665,0.9999850988388062,0.6427053349358691,0.6258218629019598,-0.030059336365333613,0.9999870657920837,0.6318356786455424,0.7117890238761899,0.02011203643466744,0.814738929271698,0.6539934669222147,0.7063051836831226,-0.03885618512119564,0.9878654479980469,0.6334912470408846,0.7907729506492611,-0.018487755528518123,0.8941554427146912,0.6678507924079892,0.7857861944607322,-0.06912478740726195,0.9876154661178589,0.6314636571066716,0.8018223438944132,-0.02231655056987489,0.9298941493034363,0.6666439805712016,0.8007276415824887,-0.07248569109610145,0.969890296459198,0.639491019930158,0.826112740380423,-0.042338075914553214,0.8943924903869629,0.6801176616123741,0.7967231580189292,-0.10149290135928557,0.9589564204216003
59,0.5923512390681673,0.5173676507813587,0.14465573855808794,0.9991294741630554,0.5892806632178167,0.515731722967965,0.1421340039798191,0.9991260170936584,0.5883937478065489,0.5172304408890858,0.14206057659217283,0.9989762306213379,0.5875118170465738,0.5186730827604019,0.14207248347146162,0.999320924282074,0.5915219562394276,0.5114008426666257,0.13643228645835598,0.9993175268173218,0.5922135846955433,0.5099050436701091,0.13632045047623764,0.99941086769104,0.5929695589201788,0.5083207964897153,0.13629440729107167,0.9995865225791931,0.5876509393964492,0.5234297105244226,0.11915319412946695,0.9993928074836731,0.596145381246294,0.5086603198732647,0.09264149644545142,0.9992585182189941,0.593090144225529,0.5235079969678604,0.1382315231221062,0.9985947608947754,0.5954481414386201,0.5186531135014123,0.129968469270638,0.9981733560562134,0.5963261791637962,0.5692912799971441,0.11747992613485876,0.9998578429222107,0.6149038297789435,0.5157385502542766,0.028637782776994348,0.999934196472168,0.6098522254398888,0.6132047380719863,0.08475864231586452,0.3591838777065277,0.6261436513492036,0.4708437894071849,0.02335635544732212,0.9539662003517151,0.6235405342919482,0.6046637841633385,0.044983627753598314,0.4562029540538788,0.6322244456836152,0.4213058429104939,0.07383182580981931,0.8540499210357666,0.6277071322713577,0.6075498070035659,0.04470173333372384,0.4693340063095093,0.6344633851732524,0.40528873716081876,0.06940310198281488,0.8360607624053955,0.6273095386368885,0.5973722440855841,0.0398066088557243,0.4746628403663635,0.6333575384957446,0.4030023157596586,0.07892511710524554,0.8266283869743347,0.6265417320387701,0.5965979014124186,0.04206884907824649,0.46746373176574707,0.632982516288757,0.4083173496382575,0.07773079244153835,0.7879025936126709,0.6270085198538641,0.6360077142715451,0.02661110913114887,0.999982476234436,0.6427754078592569,0.6256271856171741,-0.026717214552419516,0.9999869465827942,0.6317570039204186,0.711451593467167,0.04274752680212257,0.8028480410575867,0.6587809971400667,0.7030129398618422,-0.045756043387310825,0.9861452579498291,0.6353253960609433,0.7891395790236333,0.03005245498248508,0.8893780708312988,0.672856908185141,0.7834550806454246,-0.07018085207257949,0.9856434464454651,0.6359629290444507,0.799711886474064,0.028313356212207236,0.9324542284011841,0.6716818417821608,0.797117163453783,-0.07294704786368775,0.9698740839958191,0.6396697504179816,0.8135743226323806,0.007518271622913222,0.8654610514640808,0.6828952312469478,0.7991769620350424,-0.10537059967006951,0.9392213821411133
60,0.5929941075188769,0.5181456276348657,0.1595197153942925,0.9991360306739807,0.5898497496332438,0.5164578182356696,0.15530520294393804,0.9991488456726074,0.5888842105865475,0.5177773901394433,0.15523487712655742,0.9990102052688599,0.5879121763365607,0.5190379500389096,0.1552603785480771,0.9993375539779663,0.5922135489327565,0.512907460757664,0.1515965397868837,0.9993297457695007,0.5928635120391843,0.5116865379469733,0.15149512461253567,0.9994164109230042,0.593532129696437,0.5103378619466507,0.15148234026772628,0.9995867609977722,0.587994519301823,0.5243589673723491,0.12481211040701179,0.9993973970413208,0.5961602653775893,0.5107370580945694,0.10722077957221435,0.9992790222167969,0.5935895459992542,0.5242272104535781,0.15026491667543132,0.9986026883125305,0.5960712654250007,0.5203484041350226,0.14456337903227118,0.9981787800788879,0.5953153763498575,0.5705990842410493,0.11268327236175532,0.9998565316200256,0.6151591113635468,0.5194359047072272,0.05152253588395457,0.9999326467514038,0.6096706134932379,0.6213210156985689,0.04749586826988626,0.3333902060985565,0.6260251045227048,0.4834555208683012,0.07782404318984062,0.9368062019348145,0.622616226332528,0.6078932728086196,0.02990360079067092,0.4264858663082123,0.6297903963497704,0.4607437976769036,0.16833116986921848,0.8585671782493591,0.6265304292951308,0.6135322264262606,0.029525137799126744,0.44844621419906616,0.6316677212715145,0.4517404198646543,0.1733131717358316,0.8382691144943237,0.6263835753713333,0.6023454836436677,0.027200901082583828,0.45314881205558777,0.6310114639145985,0.4509626899446758,0.17901807086808333,0.8283818960189819,0.6251432146344864,0.6008214133126393,0.028503025003841928,0.43851155042648315,0.6307389719145635,0.4552939747061046,0.17180794775485983,0.7856500148773193,0.6269846303122382,0.6390795588493343,0.019179098627396984,0.9999781847000122,0.6439524820872713,0.6259666919708249,-0.019271309168211043,0.9999859929084778,0.6310029557773043,0.7126212154115945,0.0630268935114145,0.7570201754570007,0.6619312439646037,0.6997772812843319,-0.041142626319612755,0.9798828363418579,0.6361887199538092,0.7870276246752054,0.06682689019611901,0.8663297891616821,0.6768702983856199,0.7800279770578653,-0.06752266947712213,0.9768990874290466,0.6380024433135983,0.7966956240790228,0.06714707027588569,0.929779052734375,0.6750855343682423,0.7921299576759334,-0.0702280053070613,0.9658982157707214,0.6374508466039382,0.8052741919245034,0.05308905243873594,0.819796085357666,0.6871065054621013,0.8019066061292371,-0.09930393780980787,0.902911365032196
61,0.5935814040047779,0.5206511259078976,0.16873827768223618,0.9988973736763,0.5903842960085185,0.5187802842685152,0.16332056309495646,0.9989801645278931,0.5894296595028465,0.5201712965965268,0.16325287755046564,0.9988467693328857,0.5884097559111456,0.5216067535536628,0.16327941630567816,0.9992057681083679,0.5926139882632662,0.5150395563670565,0.16030925789049688,0.9992180466651917,0.5932319572993684,0.5137521777834209,0.16020848580769123,0.9993212819099426,0.5939531496592928,0.5122208476066588,0.16018900488104132,0.9995072484016418,0.588403020586286,0.5271745783942083,0.12873617634177204,0.9993382096290588,0.5967273678098404,0.5126738156591141,0.11424945529018125,0.9992200136184692,0.5939068675041196,0.5272494690758839,0.15808504394122525,0.9983283281326294,0.5966239401272362,0.5234278304236273,0.1532814368605613,0.9978569746017456,0.5942980936595369,0.5738711970193042,0.10566624589264388,0.9998371005058289,0.6166405831064493,0.5233639206205093,0.06606772720281565,0.9999224543571472,0.6080494829586571,0.626159254142216,0.05342785625585486,0.3169550597667694,0.6273113812719069,0.507646105970655,0.11540745500741256,0.9012868404388428,0.617804065772465,0.6084951536996022,0.07300558835268017,0.384884238243103,0.627204596996307,0.5048269110066548,0.2375742045896393,0.7760800123214722,0.6196726833071025,0.611854711600712,0.07787358335086274,0.4050840735435486,0.6281337159020557,0.5031974460397446,0.2515823596556271,0.7565208077430725,0.6196074724197385,0.602091608728681,0.07820251137018201,0.40929457545280457,0.6275465215955458,0.5032034005437576,0.2553267181717923,0.7473590970039368,0.6197949171066282,0.6030967712402341,0.0736717439123562,0.395986944437027,0.627473780087062,0.5069319026810779,0.24135455380060833,0.7087764143943787,0.6272386227335245,0.6401807240077424,0.014783369934385901,0.9999773502349854,0.6449316569737022,0.625952773434775,-0.014869099551080053,0.9999857544898987,0.6301426512854437,0.7144089290073936,0.06319031577025139,0.7475256323814392,0.6643736413546968,0.6973113162176946,-0.04473050060415905,0.9788175225257874,0.6352477243968416,0.7850804907935003,0.06305260711482591,0.8548255562782288,0.6805486866406029,0.7726346288408549,-0.08032679762691255,0.9736194610595703,0.636350059509277,0.7945439900670729,0.06295846407966951,0.9262180328369141,0.6776606644902907,0.7840281282152444,-0.08338309095374172,0.9637672901153564,0.6345321604183739,0.802825672285897,0.05351531835538999,0.7706291675567627,0.6916458419391084,0.8017917922564912,-0.10590950532683299,0.8702638745307922
62,0.5938945787293568,0.5289981399263652,0.14089102617331906,0.996161162853241,0.5908164586339675,0.5264620542526243,0.13248743457453585,0.9965993165969849,0.589750129835946,0.5278608526502335,0.13241051435470574,0.9965765476226807,0.5886056934084208,0.5292832289423259,0.1324220704180853,0.997465193271637,0.5931544814790994,0.5225976620401653,0.13105603754520412,0.9971555471420288,0.5939034223556516,0.52122391802924,0.13096613373075205,0.997580885887146,0.5948442322867254,0.5195994223867142,0.13092658306871136,0.9981122016906738,0.5886391827038353,0.5340453284127369,0.09533192259924747,0.9981544613838196,0.5981149639402115,0.5199880719184873,0.08539999212537489,0.9974350333213806,0.5943131787436347,0.5358217341559272,0.12883572621004916,0.992996335029602,0.5969645125525336,0.5320228440420967,0.1262565216847828,0.9906682372093201,0.5939621686935421,0.5807871835572376,0.06846248709729737,0.9997929334640503,0.6191451328141346,0.5333102771214074,0.04648549365145817,0.9998263716697693,0.6064625910350252,0.6329041498047961,0.03640404120087622,0.3136168420314789,0.6300831181662421,0.5495170176029203,0.06542196167366841,0.8220394849777222,0.6103156004633219,0.6134242704936433,0.061409742970551746,0.3492104709148407,0.6260695712906971,0.5591140312807898,0.13626948233161648,0.6998960375785828,0.6095107708658488,0.6140656266893656,0.06593657662825922,0.3682049512863159,0.6263226628303524,0.5594064831733702,0.14438017404505177,0.6820892095565796,0.6104166184152873,0.6071023702621458,0.06728897451290061,0.3717581629753113,0.6251036558832438,0.5598487828459056,0.15004973108214986,0.6737148761749268,0.6115139620644703,0.608145383426121,0.06286323097135336,0.35912415385246277,0.6245851431574138,0.5634264137063705,0.1418802252305405,0.6388430595397949,0.6279790180070056,0.6461480821881973,0.011171136789822149,0.9999743700027466,0.6462493044989446,0.6305553538458686,-0.01125637534340577,0.9999828338623047,0.6284745795386175,0.7180459771837504,0.048767605211053555,0.7399328947067261,0.6668168204171314,0.6952774047851559,-0.0285411253305418,0.9746542572975159,0.6337577394076753,0.7855481880051746,0.042940499686769065,0.8501453399658203,0.6847089477947776,0.7589283500398906,-0.044925817740815,0.9679127931594849,0.634600222110748,0.7961071593420842,0.04165691126670154,0.9272815585136414,0.6828754203660145,0.7682010752814152,-0.0460230041827474,0.9613835215568542,0.6286670582635059,0.8015004192079813,0.029129638097115912,0.7288759350776672,0.6947776028088157,0.7920160974775038,-0.06272325111286978,0.8338676691055298
63,0.5943812761987957,0.5424314686230248,0.1306903087667056,0.9926186203956604,0.5916303600583754,0.5394024252891538,0.12063341438770289,0.9924067854881287,0.5904000350407189,0.54075117451804,0.12055523416825698,0.992790937423706,0.5891557301793777,0.5420298610414775,0.12056107733930854,0.9947543740272522,0.5942560996328079,0.5358205284391129,0.12277273237705226,0.9935266375541687,0.5951816507748192,0.5345982960292268,0.1227097502776554,0.9946258068084717,0.5963216219629557,0.5332108327320642,0.12270401992968145,0.9957423210144043,0.5891693438802444,0.5459804722240991,0.07535055418099673,0.995569109916687,0.5998054998261585,0.5340071746281212,0.08481929259640827,0.990551233291626,0.5946888174329482,0.5496990936143056,0.11657547099249699,0.989050030708313,0.5972517217908584,0.5458449278559001,0.11888831130095885,0.9850770235061646,0.5947787199701579,0.5911834137780323,0.04233220544244559,0.9998007416725159,0.6209616405623297,0.551667899744851,0.05680683372276167,0.9997584819793701,0.6064291357994076,0.6413994414465765,0.005699290947190353,0.3270946443080902,0.6323892065456932,0.5947582159723552,0.04635408813399926,0.7411125898361206,0.6065086262566699,0.6343248537608552,-0.021134445656623153,0.332385390996933,0.627219155856541,0.6159545455660136,0.047585703858307404,0.631396472454071,0.6044381397111072,0.635139111110142,-0.024693766316132883,0.3533145785331726,0.6265107188905985,0.6158044917242864,0.04947427519197972,0.6160402894020081,0.6055266141891477,0.6305012175015038,-0.02187984665589673,0.35550656914711,0.6238582985741749,0.6165800537381851,0.04071744911904844,0.608313798904419,0.606727804456438,0.6295771735055102,-0.01994226833007165,0.3357306718826294,0.6228984866823466,0.618446600437164,0.035017113360975446,0.5764650106430054,0.6285449794360567,0.6582702653748645,0.0010808770062534934,0.9999722838401794,0.6469943165779111,0.641605917045048,-0.0011858107738329893,0.999978244304657,0.6266658152852737,0.7244690179824826,0.03166904449462889,0.751840353012085,0.6673855730465478,0.6942424314362658,-0.016619307142017134,0.9517441987991333,0.6326747144971572,0.7904504776000973,0.00517088089670453,0.8611209392547607,0.6864849516323632,0.739868000575474,-0.07158291959869008,0.9618924856185913,0.6348697440964832,0.8026770847184312,0.0010364680950130673,0.9314526915550232,0.6883078030177522,0.7450375454766407,-0.07739449042294703,0.9588197469711304,0.6231011101177757,0.8027309826442169,-0.01675340820636068,0.7326470613479614,0.6944295934268403,0.7681387577738077,-0.0989170260195221,0.811270534992218
64,0.5952533466475347,0.5584441287176947,0.12923853567668364,0.9933249950408936,0.5928960766111099,0.5554224031312123,0.1195170994315828,0.9931440353393555,0.591526571341923,0.5566022549356731,0.11944291208471566,0.9934870600700378,0.5902037722723822,0.5575856617518831,0.11944369460855206,0.9952598214149475,0.5959070955004009,0.552537930011749,0.12418003678321832,0.9941586852073669,0.5969204919678821,0.5516889435904364,0.12413266301155085,0.9951494336128235,0.59801458631243,0.5508296898433138,0.12414517785821635,0.9961568713188171,0.5903377447809489,0.5608800751822334,0.06996573060750957,0.9959951043128967,0.6011821883065357,0.5522303904805863,0.09569406402962544,0.9914567470550537,0.5950648716517855,0.5656191825866697,0.11486956945487425,0.990062415599823,0.5978649633271351,0.562349154267992,0.12048107087612146,0.986462414264679,0.5962790795734948,0.6020234874316621,0.03293084885392868,0.9998199939727783,0.6216631463595796,0.5733368618147712,0.07780427613428657,0.9997795820236206,0.6075077874319891,0.6475052390779765,-0.005063087812491829,0.34305813908576965,0.6345182623182021,0.621309891768864,0.058050161174365414,0.6699991822242737,0.6058482255254469,0.6629705735615319,-0.022124469439898216,0.3158031702041626,0.6298747386251174,0.6557668055806838,0.024743623605796246,0.5727483034133911,0.6035689915929519,0.6696230002811974,-0.026309339223163464,0.3365068733692169,0.6280895369393482,0.6599865078926084,0.023711403033563047,0.5602697730064392,0.6045671752520967,0.6653198191097802,-0.023148491818990022,0.3373098373413086,0.6250853351184298,0.6610325557844976,-0.004329374911529689,0.5527953505516052,0.6058357630457194,0.6623758213860644,-0.020177903824618884,0.31416594982147217,0.6242059605462207,0.6598737716674801,-0.0003007393330335742,0.5228346586227417,0.6288045253072463,0.6707314065524507,-0.007912303354325037,0.99997478723526,0.647363858563559,0.6547897202627997,0.007809770965416513,0.9999801516532898,0.6245976686477658,0.7314212560653682,0.026999108706201813,0.7675939202308655,0.667463524000985,0.7030941350119452,-0.008966509013303682,0.9527561068534851,0.6326982293810159,0.7957142949104306,0.0021863313125712533,0.8718428015708923,0.6865802935191561,0.7209607720375057,-0.08134845495223994,0.964113712310791,0.6362177201679772,0.8087934357779363,-0.0015439500766141062,0.9375799894332886,0.6889506919043402,0.7183444687298363,-0.08913248042975148,0.9624629616737366,0.6192889673369268,0.8051331860678532,-0.020557172596454613,0.748852550983429,0.6944723316601341,0.7384480851037158,-0.11402757700000485,0.8254775404930115
65,0.5971034271376471,0.5712262885911121,0.1432759104030472,0.9934463500976562,0.59498769896371,0.5682773607117786,0.1361048907041549,0.9935224056243896,0.5936991895948135,0.569358716692243,0.13603986012084135,0.9938056468963623,0.5924447655677793,0.5703483751841951,0.13603477861200053,0.9955458641052246,0.5979034321648732,0.5655361958912438,0.14108945344175605,0.9944347739219666,0.5988151822771342,0.5647558365549358,0.14104617280619478,0.9953080415725708,0.5997649209839954,0.5639055762972148,0.1410646381122725,0.9963029026985168,0.5926156265395026,0.5737756678036279,0.09064680433699057,0.9962595701217651,0.602678230830601,0.565443990911756,0.11941907703876489,0.9914410710334778,0.5962098973137989,0.5782367178371972,0.13056471049785606,0.99067223072052,0.5994350263050622,0.5751936588968547,0.13640528150967182,0.9870619177818298,0.5978550996099197,0.6107122182846066,0.04687905551067418,0.9998372793197632,0.6227730665888103,0.590327509811946,0.1059540624065058,0.9997749328613281,0.6087444611958093,0.6490793142999919,0.02267721888742276,0.3990679979324341,0.6352739674704413,0.6327656592641555,0.09827069336814535,0.6051934361457825,0.6073885389736717,0.685432136058807,0.024660948451076227,0.3551473915576935,0.6319010359900336,0.6691046782902306,0.07958835363388059,0.516632080078125,0.6072598338127133,0.6987102712903701,0.02360009947525603,0.3672179877758026,0.6308492047446111,0.6762898342950001,0.08039537175957642,0.5057588815689087,0.6067856584276469,0.697825159345354,0.02633048961205141,0.3653796911239624,0.6282585109983169,0.6774842670985628,0.051089114243430725,0.4989018142223358,0.6072101337569098,0.6927560670035222,0.02668569159827061,0.3272145092487335,0.6276577847344532,0.6752065760748724,0.05773296108735457,0.47178080677986145,0.6287286656243458,0.6774948954582212,-0.011871617528543403,0.999976634979248,0.6470873781612938,0.6645147630146568,0.01178273618321067,0.9999808669090271,0.6233839324542452,0.7352207762854437,0.03268072812684943,0.7819611430168152,0.6681431685175211,0.7214810439518516,-0.019128816195630595,0.9534080624580383,0.6334606664521351,0.7985890269279476,0.030031216570309216,0.8806455135345459,0.6860665423529485,0.7064064758164539,-0.08535523502422226,0.959129273891449,0.6378470063209531,0.8117601326533723,0.02917441699121678,0.9419061541557312,0.6855957729475836,0.6990570528166631,-0.09184915178588454,0.9636989831924438,0.6197785632950916,0.8058968373707359,0.011971237776534891,0.7567252516746521,0.6974837405341008,0.7144296748297552,-0.11701960781855239,0.8194953203201294
66,0.5991546681949067,0.5793803249086649,0.14451158217021393,0.9939923882484436,0.5971131358827861,0.5761322600500922,0.13825290245669222,0.9941282272338867,0.5959772348403928,0.5770132166998725,0.13819258042744223,0.9943740963935852,0.5948453613689965,0.5778906226158139,0.13818212279251635,0.995965838432312,0.5998317377907887,0.5737295729773382,0.1431997916528156,0.9949465990066528,0.6007001876831052,0.572991893972669,0.1431605011224746,0.9957205653190613,0.601568497930254,0.5721871188708711,0.14318404793739312,0.9966333508491516,0.5948142426354541,0.5815624833106992,0.1003695945654596,0.9966170191764832,0.6042542372431071,0.5737173369952608,0.12395745877708703,0.9921562075614929,0.5982117891311642,0.5856953263282774,0.13280656550611764,0.9915468692779541,0.6014133572578428,0.5833777887480597,0.1385038839919226,0.9882334470748901,0.5989299484661644,0.6165729318346294,0.048458592274359266,0.9998533725738525,0.6241108621869765,0.6003278885568888,0.11332213793482095,0.9997847080230713,0.6099448101861134,0.6507676533290315,0.027706336975097647,0.45210444927215576,0.6351340702601838,0.6414079257420129,0.10702526931251793,0.5456314086914062,0.6100062097821914,0.6931166086878092,0.029162366156067154,0.4049417972564697,0.6357514415468486,0.6780178001948762,0.09352938490254534,0.4655446708202362,0.6114492603710716,0.7083025744983125,0.026455792212592692,0.409853994846344,0.6383303727422439,0.6853897333145138,0.09206753607307157,0.4560464918613434,0.6098663789885381,0.7101647104535781,0.029090143846614007,0.4062708616256714,0.6359740631920948,0.6893415161541527,0.07989874742925163,0.4497980773448944,0.6096905520984102,0.7049409730093816,0.030901485654924586,0.3570646047592163,0.6342723046030314,0.6863927926336013,0.08933571135359147,0.4253294765949249,0.6292645795004705,0.6802858505930216,-0.014213974281613308,0.99997878074646,0.6473789487566264,0.6692518523761202,0.014127190198217114,0.9999823570251465,0.6223972916603085,0.7360801185880386,0.03215906651956693,0.7983102798461914,0.66941670519965,0.7387557625770566,-0.01767024333987916,0.956534743309021,0.6341115134102955,0.8005965760775972,0.05870102984564642,0.8868498802185059,0.685868099757603,0.7017079727990283,-0.027920599813972182,0.9551963806152344,0.6386941501072472,0.8141137140137805,0.06115904477025779,0.9449625611305237,0.6833925281252176,0.6925772104944499,-0.028159519178526722,0.9650810956954956,0.6203845926693505,0.8065087880407057,0.042474659291162536,0.7621827125549316,0.7023569021906167,0.7043690715517313,-0.050039510003158,0.8178138136863708
67,0.6009467465536933,0.584406689235142,0.14886891884463166,0.9945425391197205,0.5989980186734878,0.5807898402214048,0.1431269066674368,0.9946958422660828,0.598018293721335,0.5813673342977248,0.1430714798825127,0.9949087500572205,0.5970074857984268,0.5820089731897624,0.14305488935538696,0.9963558912277222,0.6015911596161976,0.5790268370083398,0.14789190675531108,0.9954351782798767,0.6025251575878685,0.5784256441252569,0.14785447163241242,0.9961252212524414,0.6034793445042198,0.5777760403496875,0.1478845034326825,0.9969558119773865,0.5965742468833921,0.5857154931340897,0.1085243682776178,0.9969446659088135,0.6059586320604594,0.579580770220075,0.12902259741510658,0.9928897023200989,0.6001231721469331,0.5899125814437863,0.13747078137738358,0.9923701286315918,0.6032667824200219,0.5884850910731722,0.14291456299168714,0.9893685579299927,0.5991115757397241,0.6199082817350112,0.05208110223923408,0.9998679757118225,0.6248789497784203,0.6054401448794771,0.1168314493128231,0.99980229139328,0.6104797533580232,0.6513675808906552,0.028860189466442,0.4950193464756012,0.6365686825343537,0.6467894298689703,0.10907329278332842,0.4921315908432007,0.6142355697495594,0.6947920901434759,0.03044448707784924,0.44974464178085327,0.641876353536333,0.6831609623772754,0.09792520872184204,0.4210653305053711,0.6165964501244678,0.7093529190335951,0.0278435909588422,0.4502546787261963,0.646611382280077,0.6893928016935074,0.09744619684559953,0.4137580990791321,0.6151179620197837,0.7117647273199895,0.030796548670956055,0.4458247423171997,0.643791920798165,0.6946814400809148,0.0960735505180699,0.40783801674842834,0.614471215861184,0.7064005051340372,0.03241849895566701,0.38847672939300537,0.6412046892302373,0.6915668129920957,0.09631131823573788,0.38526028394699097,0.6298457537378581,0.6821480223110741,-0.015506115715418536,0.9999806880950928,0.6475493448121205,0.6717792136328558,0.015401047388357769,0.9999838471412659,0.6223316209656848,0.7352938635008672,0.023063278996518666,0.8141729235649109,0.6661544374057222,0.7454745922769815,-0.01888748257021818,0.9598070383071899,0.6348429322242733,0.8016453811100548,0.043905094079673274,0.8923963904380798,0.6845143198966976,0.7042502045631405,-0.0369853615760803,0.9511141777038574,0.6393184150968276,0.8147933193615502,0.04603146592687281,0.9477270841598511,0.6835149782044544,0.6951112151145932,-0.037600943392940914,0.9659056067466736,0.6210614340645924,0.8071130224636619,0.026193844374003142,0.7710215449333191,0.7039985980306349,0.7091593418802531,-0.06062635800668168,0.8180112838745117
68,0.6024572593825201,0.5866040604455127,0.15170443441186626,0.9927828907966614,0.6005334002631049,0.5828528881072995,0.14616269000938953,0.9940648078918457,0.5995919466018674,0.5832375015531265,0.14610745140484394,0.9938793778419495,0.5986019815717423,0.5836442930357795,0.14609365931579038,0.9960154891014099,0.603195067814418,0.5814440011978146,0.15075728084359843,0.9948058724403381,0.6042551193918497,0.5808333890778675,0.15072021271501262,0.9950541853904724,0.6053254740578784,0.5802268215588159,0.15075523981026234,0.9963144063949585,0.5980187858854018,0.5869100264140535,0.11225416596446713,0.9966907501220703,0.6075691410473412,0.5823141745158602,0.13238925614527286,0.9901326298713684,0.6016399553843904,0.5916732992444717,0.1404322113309587,0.9921649098396301,0.6048681667872835,0.5906504239354812,0.1457035660743713,0.9884449243545532,0.5992392574037821,0.620198001180376,0.05156603269279001,0.9998809695243835,0.6252518773078916,0.6069390518324713,0.11918477075440537,0.9998013377189636,0.6113608939307074,0.64932050875255,0.016476319703256838,0.5177410840988159,0.6397704601287839,0.6501161098480222,0.1055985284703118,0.44350725412368774,0.6185433183397563,0.6924376334462844,0.010190210757511,0.4514322578907013,0.6484396951539173,0.69259991134916,0.09453456125089096,0.37911728024482727,0.6213653564453122,0.7065419145992822,0.0057766282797924095,0.4431105852127075,0.6523580993924819,0.700634556157248,0.09403641649654929,0.37261271476745605,0.6206676398004801,0.7085057054247171,0.010550034418702121,0.43651390075683594,0.6496280976704185,0.7050893868718825,0.09028918551547183,0.3672574460506439,0.620092565672738,0.7033488035202023,0.013138429421399315,0.37153443694114685,0.647110911778041,0.7011209828513005,0.0913663404328482,0.3469214141368866,0.6307503632136751,0.6830162780625477,-0.017198575101792804,0.9999820590019226,0.6477661643709451,0.6731269001960751,0.017072291086826997,0.9999845623970032,0.6227094956806725,0.734664588315146,0.01719925802733216,0.8054797649383545,0.6572942529405863,0.7432357089860095,-0.015528372355869832,0.9498246908187866,0.6355712464877534,0.8020604252815243,0.024791956626410983,0.8885307312011719,0.6834962095533095,0.7110982043402532,-0.05048020466097762,0.9271141290664673,0.6401309234755377,0.8144967011043,0.025485653403614236,0.948905348777771,0.6844691600118362,0.7012565442493981,-0.054144136607646914,0.9621918201446533,0.6219836762973238,0.8079393625259396,0.003912977732917558,0.7636687159538269,0.7027837991714474,0.7244622588157651,-0.0803908709968839,0.7935464978218079
69,0.6041799613407677,0.5866530963352745,0.1471133662121636,0.9928617477416992,0.6021982669830319,0.5830959558486936,0.140621154648917,0.9942747354507446,0.6011514476367402,0.5835347516196112,0.14055754627500255,0.9939590096473694,0.6000840067863461,0.5839308840887885,0.14054126569202963,0.996133029460907,0.6049898198672701,0.5816772801535468,0.14642615871770034,0.9950470924377441,0.6060305356979367,0.5810759340013774,0.1464190517153058,0.9952051043510437,0.607095190456935,0.580450880527496,0.14646286240645812,0.996449887752533,0.5996231743267602,0.5870753339358735,0.10517730947051725,0.9967790246009827,0.609235072135925,0.582545721530914,0.1296441708292279,0.9903358221054077,0.603096168381827,0.5918775660651068,0.1348832075084958,0.9925446510314941,0.6064251763480047,0.5907588737351551,0.14179567226341785,0.9889371991157532,0.5999142476490563,0.618534399781908,0.04075367567794662,0.9998927116394043,0.6256054759025571,0.6069798537663048,0.11390026871647149,0.999815046787262,0.6127061843872068,0.6471846308026992,-0.002918037415760668,0.5403916835784912,0.6405528221811564,0.6485201614243641,0.09737099792276105,0.399996817111969,0.6208605919565471,0.6895748444965903,-0.016529655084013932,0.44885680079460144,0.6487155744007653,0.6912003534180775,0.08786717121090204,0.34193459153175354,0.6237130744116645,0.7045376556260242,-0.02197748486484799,0.43650341033935547,0.6519359588623044,0.6999599678175786,0.08787286111286705,0.3365028500556946,0.6231668353080746,0.7063260521207534,-0.016637567004987166,0.4277174770832062,0.6503663710185457,0.7015911970819743,0.08241413725273947,0.3315737247467041,0.6226374609129767,0.7010891965457368,-0.0136241430150611,0.35655736923217773,0.6478494678224833,0.698073429720742,0.0836940262998853,0.31312093138694763,0.6317270806857515,0.6831785372325349,-0.01954529048608881,0.9999836087226868,0.648173323699406,0.6739382028579709,0.019410470447369974,0.9999857544898987,0.6237620421818322,0.7350209219115118,0.011825681477785104,0.8207710385322571,0.647068301268986,0.7386476652962817,-0.0028697025962173936,0.9480997920036316,0.6359925491469245,0.8013459427016117,0.0039838951879313965,0.8982614874839783,0.6827421290533879,0.7229590824672151,-0.048333223855921176,0.9287754893302917,0.6408003142901826,0.8138448238372799,0.0029346526866512596,0.9536296725273132,0.6859922034399846,0.7155947276524132,-0.0540666028857231,0.9647773504257202,0.6232750909669056,0.8089995724814275,-0.01776756388135254,0.7838935852050781,0.6980665411267959,0.7464605314390996,-0.07900447433016126,0.8048034310340881
70,0.6059551732880726,0.5842599630355833,0.14610634360994604,0.9839290976524353,0.6038671783038545,0.5808158431734356,0.13856435162680483,0.9840790629386902,0.6027059384754723,0.5814076645033697,0.13849745179925638,0.9846984148025513,0.6015765139034813,0.5818837370191299,0.13848552703857414,0.9903960227966309,0.6067114438329422,0.5793505191802977,0.14525574019977017,0.985433042049408,0.6076783946582247,0.5788671561649865,0.14526404270103993,0.9856005907058716,0.6086605310440061,0.5783557585307527,0.1453207428966249,0.9878199696540833,0.6012804218700951,0.585203397274017,0.09787271533693581,0.9939408898353577,0.610841129507337,0.5804333022662569,0.12708621110234936,0.9750978350639343,0.6046075854982645,0.5899854489735192,0.1322697290352412,0.9889434576034546,0.6079345158168246,0.588764120851244,0.14051716668265202,0.9805331230163574,0.6010571871485026,0.6161142962319508,0.03160524088889359,0.9999026656150818,0.6271141495023452,0.6058198537145338,0.1121709593704768,0.9997671842575073,0.6139328922544204,0.6454500998769485,-0.01728208525413979,0.5817618370056152,0.642172300815582,0.6429225444793698,0.1019160396286419,0.3632112443447113,0.6207559125764026,0.6889256102698187,-0.03596913511199609,0.48120489716529846,0.6470839347158157,0.6824212482997346,0.09879504165479111,0.3089331090450287,0.6231441685131616,0.7033235822405131,-0.04320220647911938,0.4620201289653778,0.65014431306294,0.690377388681684,0.09984558565276005,0.30472368001937866,0.6225283741950987,0.7050332001277375,-0.037805140497429016,0.4508383572101593,0.6484309622219627,0.6922713824680871,0.09359926900693344,0.3000730574131012,0.6220887729099815,0.7005995341709679,-0.033266707802457454,0.3694992661476135,0.6459188376154215,0.6892784902027672,0.09456440614802493,0.2833189070224762,0.6329650759696956,0.6825953977448596,-0.022575039044022548,0.9999781250953674,0.6491565993853975,0.6735749483108517,0.022437647357583034,0.9999730587005615,0.6230150869914461,0.7342234185763764,0.013008629371012954,0.8324862718582153,0.640010971682412,0.7330425160271777,0.02048007526568003,0.935839056968689,0.6362463678632461,0.7993256654058181,0.005786895525774781,0.906029999256134,0.6788594688688003,0.743448834759848,-0.011828885067786484,0.9287747740745544,0.6413991093635556,0.8124064496585297,0.0042499526004706085,0.9573291540145874,0.6847634366580415,0.7423346076692849,-0.01667035216731684,0.9667712450027466,0.6239674074309209,0.8088932684489656,-0.016597536181299277,0.7964844107627869,0.6842431511197767,0.7686192478452407,-0.03997717379991496,0.8060742020606995
71,0.6078144686562672,0.5820295027324129,0.1442396544984408,0.9854836463928223,0.6057673130716594,0.5785500747816901,0.13571767636707843,0.985614001750946,0.6046060562133786,0.5792166880198885,0.13564678962741572,0.9861745238304138,0.6034959861210412,0.57973815032414,0.13564192865576058,0.991322934627533,0.6085331627300805,0.5771508336067197,0.14323642764772682,0.9868406653404236,0.6094559993062698,0.5768364429473875,0.14325485953262868,0.9869899749755859,0.6104109764099118,0.5765006235667635,0.14330454277140747,0.9889920353889465,0.60320565359933,0.5830542802810667,0.09039610539163857,0.994530439376831,0.6127490077699931,0.57861521754946,0.12373293574367245,0.977499783039093,0.6063873291015622,0.5879748310361588,0.12879076600074763,0.9900227189064026,0.6097299439566474,0.5869420647621152,0.13807428734643112,0.9824201464653015,0.602338978222438,0.613611897400447,0.022938565603856514,0.9999123811721802,0.6291232262338908,0.6051787376403805,0.11063851522547853,0.9997866153717041,0.614421280792781,0.6442116277558461,-0.02719432861267704,0.6233030557632446,0.6460771611758638,0.6401076827730449,0.10897885624851494,0.33703505992889404,0.6200855834143499,0.6927474277360095,-0.04522362431245189,0.5321056842803955,0.6450962884085516,0.6719065666198727,0.11210803708859847,0.2875871956348419,0.6208049399512151,0.7059955392565043,-0.05321740651769295,0.5140033960342407,0.6473311815943034,0.6798995767320902,0.11466682021106987,0.28855159878730774,0.6200644067355562,0.7071978143283295,-0.047283996428762146,0.5036339163780212,0.6453588587897161,0.6807497433253694,0.10975456131356098,0.2826727330684662,0.6198852028165542,0.7038282053811207,-0.042251830335174274,0.4279378056526184,0.6430368338312418,0.6777630158833092,0.10904497440372189,0.2669597864151001,0.6336410471371239,0.6825281092098777,-0.024330921683992646,0.9999793171882629,0.6500945125307352,0.6740438222885129,0.024206688893692825,0.9999739527702332,0.6196154424122399,0.7324965613228931,0.025944871618412423,0.8490328788757324,0.6383765220642087,0.7312596321105953,0.03847987823454395,0.9413466453552246,0.6341707536152428,0.7959964701107566,0.03061156988676104,0.9152820706367493,0.6695152095385957,0.7692601323127743,0.020420433846967553,0.935564398765564,0.6395100440297805,0.8079556976045877,0.029849836908813022,0.9614678621292114,0.6762813823563708,0.775488071782248,0.017898522583501674,0.9699472784996033,0.6250836048807413,0.8039623720305302,0.009169354524263843,0.8164182305335999,0.6645015869821818,0.7897502677781237,-0.0036195423187954066,0.8246542811393738
72,0.6098025441169737,0.5796818545886446,0.1382058015891483,0.9863435626029968,0.6078046526227676,0.5763140763555252,0.12956439256668084,0.9862111210823059,0.6066931230681281,0.576980934824262,0.12949398394141873,0.986824631690979,0.6056063583918978,0.577533115659441,0.1294900660003934,0.9917481541633606,0.6105436001505167,0.5749011005674087,0.13669626138039992,0.9873554110527039,0.6114816835948396,0.5745904769216262,0.13669523490326738,0.9875511527061462,0.6124623588153291,0.5742767657552443,0.13672808813197265,0.9894173741340637,0.6052131737981521,0.5809273294040131,0.0837733357080391,0.9948627352714539,0.6148256540298459,0.5763004864965164,0.11623450304780682,0.9783445596694946,0.6084687948226926,0.5857033865792408,0.12276069053581778,0.9906763434410095,0.6117932064192633,0.58470264673233,0.13150792249611437,0.9833269715309143,0.6036998271942136,0.6121436493737354,0.015344077375318316,0.9999210238456726,0.631804822172437,0.6050009965896603,0.11088984651224948,0.9997893571853638,0.6146846873419622,0.6438331467764715,-0.031189618845071095,0.6596493124961853,0.6522584387234276,0.6431908283914836,0.10983400408710747,0.3071448504924774,0.6182033623967849,0.6961084706442693,-0.041402385809591824,0.5692747235298157,0.6440495882715495,0.6706585475376672,0.11444456045116692,0.2601015865802765,0.61816896540778,0.7083037682941978,-0.048732647885169275,0.5474509596824646,0.6451693926538737,0.6797611083303176,0.11629950531891409,0.2616526484489441,0.6172261101858953,0.7090560129710604,-0.042387147513883436,0.5359112024307251,0.643723768847329,0.6805279237883428,0.1131127461791038,0.25608208775520325,0.6170382278306141,0.7061693753514968,-0.03802136353084018,0.45364242792129517,0.6410753641809733,0.6769993492535179,0.11269543000629964,0.24182657897472382,0.6343650289944237,0.6850810698100496,-0.02700801928128514,0.9999788999557495,0.6508717128208703,0.6778366412435256,0.026885287995849324,0.9999719262123108,0.6129704032625468,0.7299979584557666,0.027021074281739325,0.8595444560050964,0.638333405767168,0.7302365933145791,0.052562634008271325,0.9417764544487,0.6291136945996962,0.7935345581599641,0.03985538061408857,0.9217007160186768,0.6604101623807632,0.7856750624520434,0.041297046467661844,0.9403889179229736,0.6349669950348987,0.8029396448816568,0.04008447561978494,0.963843047618866,0.6666615894862581,0.796142390796116,0.03933573189590656,0.9723281860351562,0.6225495423589431,0.8026509250913343,0.02293443136316324,0.8291904926300049,0.6497673920222689,0.7991930399622232,0.019838552629309034,0.8383384346961975
73,0.6118992669241766,0.5781565564019336,0.11825410617249348,0.9876939654350281,0.6098608119147162,0.5745840838977265,0.11020606458187099,0.9875743985176086,0.6087690898350304,0.5752485820225304,0.11013920030423568,0.9881290197372437,0.6076805199895583,0.5758291295596528,0.11013211373771933,0.9925652742385864,0.612583494186401,0.573130016667502,0.11614131480455392,0.9886037707328796,0.6134772249630516,0.5728705814906526,0.11613265552691046,0.988778293132782,0.6144326380320955,0.5725774918283733,0.11615300029516215,0.9904587864875793,0.6071179645402087,0.5793112771851674,0.06636556812695091,0.9953718781471252,0.6167475666318618,0.5743700504302975,0.09623792384351998,0.9804683923721313,0.6106431109564642,0.584016464437757,0.10474912332636965,0.991597056388855,0.6138645734105789,0.582757999215807,0.11190542706421437,0.984962522983551,0.6053554415702816,0.6114883065223691,-0.00025288328262312214,0.999928891658783,0.6338356733322141,0.6051038435527254,0.09812318256923125,0.9998010993003845,0.6149224570819307,0.6454882570675438,-0.03556639046541281,0.6934570074081421,0.6561195594923834,0.6455808588436668,0.09947914843048364,0.28719377517700195,0.6135947942733762,0.6946329883166719,-0.033549689448305525,0.6103395819664001,0.6425829172134396,0.6691644855907981,0.10579445106642582,0.23638814687728882,0.6123282534735541,0.7066686494009833,-0.03930691422096319,0.5884143114089966,0.6437019416264123,0.6772931235177173,0.10775403103658127,0.2387753427028656,0.6111755217824661,0.7070076908384048,-0.03348107465675898,0.5773366689682007,0.6432376146316525,0.6776007192475452,0.10523297148091447,0.23335863649845123,0.6115465266363959,0.7039644190243308,-0.030136528877275318,0.4991670250892639,0.6401952232633316,0.6743047714233394,0.10468716089214593,0.22058522701263428,0.6349553704261777,0.6886136480740135,-0.030071196439010742,0.9999796152114868,0.6510424784251618,0.6833583780697411,0.029955117510897758,0.9999714493751526,0.6063743421009606,0.7276770336287359,0.009968770604713682,0.8729238510131836,0.63858368396759,0.7305015495845246,0.061705685939107593,0.941750168800354,0.6226167917251584,0.7926503300666805,0.022890550516811856,0.9288409352302551,0.6562788060733247,0.7909105011395042,0.05734851248562334,0.9447751641273499,0.6293325969151085,0.8003755075590948,0.023666272252531977,0.9667325019836426,0.6615499053682596,0.8013619865689955,0.05632588826119898,0.9744287133216858,0.616984278815133,0.8071179287774218,0.013091992056329866,0.8439610600471497,0.6443304572786601,0.8018027901649472,0.04426068543855631,0.8509565591812134
74,0.613955782141004,0.5774902343749997,0.11221078825848438,0.9889177083969116,0.611795503752572,0.5735555188996448,0.10078695161002019,0.9888095259666443,0.6106132422174724,0.5741830553327285,0.10072623320988242,0.9893100261688232,0.6094276734760826,0.5747775844165255,0.1006793183939797,0.9933048486709595,0.6146338071141921,0.5720540915216716,0.10876363962888713,0.9897362589836121,0.6154707125255037,0.5717928682054789,0.10875104218721385,0.9898925423622131,0.6163375616073605,0.5714862585067746,0.10876512719052173,0.991405189037323,0.6087566001074651,0.5781730072838916,0.06384869813919064,0.9958322644233704,0.6185699513980317,0.5733236125537324,0.08638421509947092,0.9824050664901733,0.6126398648534499,0.5832105023520331,0.09561916462012696,0.9924310445785522,0.615824803284236,0.5817104271480013,0.10565920834030419,0.9864505529403687,0.606917231423514,0.6111601182392663,0.0004905438050627712,0.9999359250068665,0.6357067142214091,0.6055246404239106,0.09715253583022522,0.9998109340667725,0.6150836995669771,0.6486280202865597,-0.030640892152275345,0.7239362597465515,0.6584184033530096,0.6465894290379113,0.10022448471614288,0.2688269019126892,0.6079784853117803,0.6912788237844192,-0.011508889549544873,0.6468968987464905,0.6424800293786181,0.671407193796975,0.11153347556080132,0.2150927037000656,0.6059261969157624,0.7027334741183686,-0.015285500990492949,0.6248276233673096,0.6430447391101289,0.6776110529899594,0.11475889746631888,0.21822208166122437,0.6046714544296262,0.7031494958060125,-0.010188300135944565,0.6143284440040588,0.6418853964124405,0.6782551305634632,0.11179253565413608,0.2129916399717331,0.6057957853589736,0.6997954794338768,-0.008135669784886492,0.5403011441230774,0.6394514117922099,0.6757853780473978,0.1100027597376278,0.2015579491853714,0.6346568567412237,0.6927032061985557,-0.03340880109795501,0.9999791979789734,0.6509236233575001,0.6879046133586335,0.03328083279941761,0.9999685287475586,0.6014114328793114,0.725856086186,-0.012420442420989272,0.8849753141403198,0.6372022782053264,0.7308633668082098,0.07705790453723496,0.9412152767181396,0.6180267538343154,0.7941617999758035,-0.012862201914789952,0.935297966003418,0.6565302201679771,0.7900206174169264,0.07434075261865339,0.9486136436462402,0.6255067774227685,0.8018939903804231,-0.013089616728081765,0.9691379070281982,0.662184163502284,0.7993612919534951,0.07352897178913861,0.9761234521865845,0.6099408081599642,0.8154776573181148,-0.023123783784519344,0.8569658994674683,0.643849352427891,0.8002812794276642,0.06535781113696948,0.8613351583480835
75,0.6153387376240319,0.575379281384604,0.10692174200500755,0.9900212287902832,0.6131433929715835,0.5710756080491199,0.09329002904040468,0.9899239540100098,0.6118766461099894,0.5716400044304981,0.0932271689176559,0.9903751611709595,0.610615129130227,0.5722069042069569,0.09316757768392558,0.9939715266227722,0.6161306330135887,0.5698063748223439,0.10218809608902245,0.9907587766647339,0.6170404519353591,0.5695951598031177,0.102177967769759,0.9908995628356934,0.6179652418409072,0.5693281258855545,0.10218781914029798,0.9922609329223633,0.6098066500255037,0.5754732642854961,0.05728900006839204,0.9962474703788757,0.6201382960591995,0.5716045907565523,0.07719210066965644,0.9841564893722534,0.6139411176953994,0.580997003827776,0.08861109635659623,0.9931839108467102,0.617281375612531,0.5798880168369835,0.09988458263022554,0.9877977967262268,0.6075017673628668,0.6106916768210272,-0.0011285566990929,0.9999423027038574,0.6368469919477187,0.6054897648947577,0.08841804883309769,0.9998265504837036,0.614122492926461,0.6517119407653806,-0.023797985325966553,0.7514123320579529,0.6590808919497895,0.6470273852348325,0.09273595767361772,0.28101056814193726,0.605665280137743,0.6879092846597941,0.00927779876760074,0.6802536845207214,0.6426335947854176,0.672554242610931,0.10353921002575325,0.20010186731815338,0.6030861241476874,0.6995344008718215,0.0076931385057313105,0.6583454012870789,0.6418473141533985,0.6782349518367219,0.10745602377823416,0.20398688316345215,0.6020735434123445,0.6979963728359764,0.011705611167209485,0.648469865322113,0.6400663120406012,0.6778624142919265,0.10356798044272826,0.19834771752357483,0.6037250161170957,0.6947080067225861,0.012515827108706743,0.5792707204818726,0.6390398195811677,0.6762320143835883,0.10091777890920633,0.1881503164768219,0.6329126153673441,0.6955215198653082,-0.03264398122472421,0.9999803900718689,0.6499147823878695,0.6902609825134274,0.03251981495746543,0.9999696612358093,0.599082347324916,0.725361609458923,-0.0078717896681545,0.8964003324508667,0.6365980471883499,0.732033836841583,0.08810237603528154,0.9432579278945923,0.613924842221396,0.796520216124398,-0.00953533757211906,0.9416911602020264,0.6568429470062253,0.7908481121063229,0.09208190547568454,0.9530380964279175,0.6209029010363984,0.8050531063761026,-0.010126189468428488,0.9721325039863586,0.662816672665732,0.7998518773487633,0.09188899440424778,0.9782452583312988,0.6039947799273897,0.8186638559613906,-0.02143149645167535,0.8708868622779846,0.6439210959843225,0.8006582941327772,0.08399655169674324,0.8731632828712463
76,0.615176679406847,0.5722259231976098,0.10261011464255192,0.9910128116607666,0.6131384100232802,0.5677940181323458,0.08923212885856625,0.9909252524375916,0.6119207194873262,0.568263815130506,0.08916218004056381,0.9913330078125,0.6107211845261707,0.5687442558152332,0.0891102186271122,0.9945709705352783,0.6161941937037874,0.5668265189443313,0.09757469573191228,0.9916771054267883,0.61725674527032,0.5666054895945956,0.09755953316177636,0.9918040633201599,0.6183476260730196,0.566346408639635,0.09756829121283118,0.993028998374939,0.6099293981279643,0.5719048500061032,0.049159998978887266,0.996621310710907,0.6204570565904887,0.5694455845015387,0.07271250486373898,0.9857298135757446,0.6138182623045783,0.5778302175658087,0.08512192198208396,0.993861198425293,0.6172812955720082,0.5774648172514777,0.0956597717744963,0.9890083074569702,0.6070811901773723,0.6090199470520017,-0.008229080570994739,0.9999480247497559,0.6375266654150824,0.6047561935016084,0.08015139698982235,0.9998384118080139,0.6120633448873245,0.6531811152185709,-0.027159928211144026,0.7761324644088745,0.6581554174423214,0.6477738806179589,0.0758200155837195,0.28734469413757324,0.6058710013117106,0.6864267230033871,0.004131431890917674,0.7073493599891663,0.6425612194197515,0.6723844221660066,0.07304932964699605,0.18492598831653595,0.6040347303662978,0.6988423636981416,0.0024114080538441014,0.6830476522445679,0.6400571329253057,0.6788013117653979,0.07463234237262177,0.18975448608398438,0.6035973140171593,0.6947945203099929,0.005794278612094263,0.6731663942337036,0.6386047840118405,0.6774965218135286,0.07081453395741323,0.18397359549999237,0.6049284798758368,0.691538630213056,0.007156244186418395,0.6063106060028076,0.638366251332419,0.6758308802332194,0.07027121271405898,0.17508113384246826,0.6302715522902349,0.6959495186805722,-0.03182981849781103,0.9999808669090271,0.648056066036224,0.6913155266216819,0.031704340662275024,0.9999690651893616,0.5977348140307832,0.7263392227036609,-0.0008871905771749371,0.9067004323005676,0.6373921990394589,0.7335570846285135,0.10171163082122799,0.9476163387298584,0.6085016489028928,0.8009755747658862,-0.005048372777777591,0.9474841356277466,0.6573806524276731,0.7911081518445693,0.11189573024000435,0.9574956893920898,0.6146318026951378,0.8101295471191402,-0.006182600669230203,0.9748308658599854,0.6630697999681743,0.7996357696396961,0.11221348345279689,0.9802437424659729,0.5965717264584129,0.8216110757419037,-0.019645462451236585,0.8834804892539978,0.6477427993501933,0.8020882947104313,0.10429267670427045,0.8846580386161804
77,0.6140688112803865,0.5701072607721598,0.10377773642539972,0.9919049143791199,0.6122837458338053,0.5655276690210612,0.09264951837914326,0.9918262958526611,0.6112121139253887,0.5658731920378546,0.09257315184388837,0.9921948313713074,0.6101530279432021,0.5661787373679023,0.09255191577332356,0.995110273361206,0.6152599964823038,0.5648056609289984,0.09868105437074384,0.9925031661987305,0.6164253660610741,0.5646102717944551,0.09865216357367375,0.9926177859306335,0.6176377211298258,0.5643704073769702,0.09866907213415413,0.9937196373939514,0.6093662483351568,0.5692805698939729,0.04358711647135868,0.9969576001167297,0.6195672852652411,0.5679573195321217,0.07192768795149664,0.9871425628662109,0.6127921853746684,0.5754967059407913,0.08890314059598102,0.9944702386856079,0.6162684031895226,0.5755783421652655,0.09641766463007242,0.9900957345962524,0.6063739793641223,0.6069077474730353,-0.013368118880316611,0.9999531507492065,0.6375285676547455,0.6039228677749631,0.07361604677779329,0.9998502731323242,0.609219179834638,0.6557060411998201,-0.03664663992822169,0.7984476685523987,0.6564812064170835,0.6490200553621561,0.0653725160019738,0.3203430771827698,0.6064415131296428,0.6854002049991059,-0.011724162527493066,0.7349018454551697,0.6416373355048041,0.6717095954077581,0.049725264843021096,0.173561692237854,0.6053372519356861,0.698632284573146,-0.014641228092036074,0.7109472751617432,0.6375840272222243,0.6782719288553507,0.04982760867902207,0.17863553762435913,0.6051297000476289,0.6918952141489298,-0.011524443700909614,0.7016521692276001,0.636109033652714,0.676585119111197,0.04647699764796663,0.17241525650024414,0.6061947958809986,0.688806045055389,-0.00898094954235213,0.6384183168411255,0.6365747111184253,0.6747124535696845,0.04692502043076921,0.16428242623806,0.6274436167308259,0.694522130489349,-0.030570077523589118,0.9999816417694092,0.6457323806626454,0.6916003584861752,0.03044677137264182,0.9999691247940063,0.5968192969049724,0.7299892289297918,0.009915579190211634,0.9159804582595825,0.6394138676779607,0.7355019875935143,0.10720757820776526,0.9511295557022095,0.6011866331100462,0.8065173217228476,0.013964519150821222,0.952703058719635,0.6577241880553106,0.7930451103619163,0.1272298925689288,0.9614101648330688,0.6063756738390238,0.8168477450098306,0.013479411708457125,0.9773001074790955,0.6625484432492934,0.8020089949880324,0.1284899805273328,0.9820462465286255,0.5883619155202591,0.8251600146293636,-0.0005832682230642837,0.8948795795440674,0.6493157999856127,0.8026069062096728,0.12079377514975406,0.8945749998092651
78,0.6132764901433669,0.5696232012339998,0.1178400752799851,0.9927058219909668,0.6114794356482367,0.5649915473801747,0.10573942789009634,0.992635190486908,0.6104985373360767,0.5651361175945824,0.1056612480963979,0.9929689764976501,0.6095118352345055,0.5653496606009344,0.10563440578324448,0.9955946803092957,0.6143697006361821,0.5644371322223116,0.11252802567822587,0.9932457208633423,0.6155049443244931,0.5641757896968294,0.11249925281320294,0.9933493733406067,0.6166759337697707,0.5638825825282503,0.11252035413469583,0.9943410158157349,0.6089376739093233,0.5685475281306673,0.05646255559154917,0.9972600936889648,0.6185262288366042,0.5674978579793655,0.08294420689344403,0.9884160757064819,0.6121675508362904,0.5747776610510686,0.1010097246084894,0.9950187802314758,0.6155969517571582,0.5749033706528797,0.10957119188138412,0.9910762906074524,0.6047341142381938,0.6060084513255526,-0.0030486622658957314,0.999957799911499,0.6370852896145409,0.6039159911019458,0.08154057221753253,0.9998623728752136,0.6064153228487285,0.6587575639997207,-0.02256168411113321,0.8177315592765808,0.6551826374871387,0.6515240771429877,0.0807252779603004,0.3276548385620117,0.606975562231881,0.6849292261259893,0.010219150422407043,0.7412692904472351,0.6400261231831139,0.6719800301960533,0.08016111999750133,0.16030901670455933,0.6064611332757129,0.6977281587464466,0.008951143132123559,0.7108632326126099,0.6357669251305713,0.6787805284772597,0.08263964887176238,0.16584011912345886,0.6060666799545286,0.6909394179071695,0.011558905483356538,0.6996312141418457,0.6337858114923747,0.6765603916985645,0.08010629415512081,0.15949994325637817,0.6069987944194246,0.6877277680805749,0.01281961591116019,0.6330079436302185,0.6343543836048668,0.674071019036429,0.07801941718373975,0.15221333503723145,0.6241631575993126,0.6934950794492446,-0.02904772503035408,0.9999824166297913,0.6435432417052129,0.6917935030800952,0.02892905415168829,0.9999703168869019,0.5958606311253136,0.7375727585383821,0.014946106156068182,0.9243005514144897,0.6412201438631328,0.7381747058459687,0.0992823319775717,0.9546172618865967,0.5931926284517557,0.8143517392022266,0.02076944269772086,0.9573598504066467,0.6579948527472357,0.7973328658512657,0.11739426744835711,0.9649422764778137,0.5977688244410921,0.8257758549281525,0.020581947905676697,0.9794528484344482,0.6620608006204874,0.80716289792742,0.11854996106454299,0.9836313724517822,0.5794494509696958,0.8308860693659097,0.0052948528368558165,0.9048324823379517,0.6497528518949234,0.806447122778211,0.10968239520277291,0.9033501744270325
79,0.6127451624189102,0.5706913624491008,0.1196487677948815,0.9934262037277222,0.6109261478696548,0.5660468561308722,0.10779401553528645,0.9933638572692871,0.6098767161369321,0.5661100949559891,0.10771497743470324,0.9936661720275879,0.6088436671665733,0.5663414563451492,0.10768723913601462,0.9960311651229858,0.6137707522937227,0.5656628131866452,0.11376197487115855,0.993914783000946,0.6148024422781805,0.5654268809727256,0.11373196520975652,0.994008481502533,0.6158892904009134,0.5651438508714945,0.1137532097952706,0.9949009418487549,0.6081164564405166,0.5696942329406736,0.06000420344727377,0.9975327253341675,0.6177878669330049,0.5685085620198929,0.08265703150204246,0.9895662069320679,0.6115573712757653,0.5759950433458598,0.10309290651764183,0.9955118298530579,0.6149500880922587,0.5759125334875922,0.11060594362871982,0.9919576644897461,0.6017547369003293,0.608936924593789,0.0015257571092141512,0.9999618530273438,0.6356774415288651,0.6048884868621824,0.08075903398650029,0.9998695850372314,0.6039813501494269,0.664127217020307,-0.0033299472981265597,0.8340206742286682,0.6528407863208223,0.6536950043269563,0.08961754207100182,0.3161539137363434,0.6066955838884623,0.6866131544113155,0.03602071085146494,0.7106935977935791,0.6367371797561643,0.6724150351115632,0.10548934542707031,0.14580883085727692,0.6064175026757375,0.6974303603172299,0.03751470538388404,0.6736323237419128,0.6325248820441107,0.6793166960988724,0.11020810625382826,0.15115544199943542,0.6059410503932405,0.6911629761968336,0.040008870884776095,0.6600937843322754,0.6308235883712766,0.6771279982158113,0.10727033168077464,0.14516660571098328,0.6067659531320841,0.6881995252200532,0.03894265038626533,0.5954983830451965,0.63133407660893,0.6737961530685421,0.10376890152692789,0.1387966424226761,0.6212048717907495,0.6954232522419518,-0.02632466038422924,0.9999829530715942,0.6416533146585734,0.6935029183115274,0.026214394931282303,0.9999710321426392,0.5944091779845099,0.7498567172459191,0.019414558314851345,0.9317594766616821,0.6418888057981216,0.7409411702837259,0.08642477201563967,0.9579811692237854,0.5838888117245262,0.8235400642667494,0.03180868589053196,0.9615362882614136,0.6584629041807989,0.8026317102568488,0.10358430147171016,0.9681746959686279,0.5862522602081296,0.8368198599134169,0.032513273081609166,0.9813514351844788,0.6621723975454055,0.8133009314537045,0.1048253551125526,0.9850746989250183,0.5700942243848526,0.8379377279962807,0.0221202827990055,0.9134596586227417,0.6481164455413815,0.8141775880541116,0.09598585750375471,0.9112935066223145
80,0.6110068508556907,0.5752243365560257,0.12662828011172153,0.9940329790115356,0.6090843575341358,0.5704792346273148,0.11594194471836085,0.9939810633659363,0.607880902290344,0.5706379362515038,0.11586635325636177,0.9942648410797119,0.6067509549004688,0.5708905867167879,0.1158427476882934,0.9964074492454529,0.6120140501431054,0.5699463435581749,0.12072896403925754,0.9944825768470764,0.6129656876836501,0.5697354827608379,0.12069687289851047,0.9945698976516724,0.6139861311231338,0.5694860066686356,0.1207211839301245,0.995373010635376,0.6059651408876688,0.5742926767894198,0.0688771871583802,0.9977720379829407,0.6161654370171681,0.5727846997124806,0.08959612569638656,0.9905351996421814,0.6096029758453366,0.5810526967048643,0.1111806092517716,0.9959411025047302,0.6129951477050779,0.5805304237774438,0.11709240632397783,0.992710530757904,0.5986632943153378,0.6144989814077102,0.011258799452999867,0.999965488910675,0.633349697930472,0.6094398788043427,0.08357439445597781,0.9998713731765747,0.6014934727123802,0.6721745065280367,0.013071651390886728,0.8486735224723816,0.6482056209019249,0.6586816719600129,0.09383020699024196,0.3010016679763794,0.603922126974378,0.6901123796190531,0.04693637677867496,0.688261091709137,0.6317478895187375,0.6745636633464265,0.1162480697035789,0.13230356574058533,0.6037907992090494,0.6976626328059602,0.04877572807017712,0.6463746428489685,0.6275113667760573,0.6804104787962775,0.12149533437831056,0.13756723701953888,0.6033212184906003,0.6927077497754774,0.051620659711105465,0.6312999129295349,0.6261418257440836,0.6782260434968128,0.1183486069951738,0.13198988139629364,0.6044660278729027,0.6901648078645976,0.04996595696679181,0.5650737881660461,0.6264051539557318,0.6750588348933626,0.11478305991206846,0.1262926161289215,0.6190413560186111,0.7000373431614464,-0.023548987614256986,0.9999825358390808,0.6396810667855395,0.6976522122110637,0.023436582780310074,0.9999697208404541,0.5920757872717719,0.7624743206160405,0.018273573102695593,0.9382712841033936,0.6419335671833579,0.7470218130520409,0.07480879809175216,0.9580145478248596,0.5763002395629879,0.8333857059478755,0.027135301221694254,0.9651674032211304,0.6588208505085533,0.8106968539101733,0.08629490797008783,0.9703657627105713,0.5768213800021578,0.8479350413594924,0.027684910994555258,0.9830050468444824,0.6623338631221223,0.8216883114406037,0.08706199271338322,0.9860711097717285,0.5635115248816351,0.8443928412028717,0.019734174625149786,0.9203795790672302,0.6498817392757958,0.8242535046168733,0.0778202361294201,0.9145269393920898
81,0.6082391636712208,0.5818541577884127,0.1438315802386828,0.9946229457855225,0.6062541518892558,0.576873787811824,0.13352836838790344,0.9945771098136902,0.6049247826848709,0.577103747640337,0.13345459678343358,0.9948334693908691,0.6037460259028841,0.577213633060455,0.13343452406781053,0.9967637062072754,0.6093449064663475,0.5761940274919779,0.13779737161738526,0.9950299263000488,0.610301670006343,0.5760129741259981,0.1377621561288833,0.9951086044311523,0.6113215991428917,0.5758010472570143,0.13779071143695282,0.9958318471908569,0.6027206863675796,0.5806819149426049,0.08407707938126152,0.9979936480522156,0.6136331166539871,0.5792309130941116,0.10387819824474194,0.9914745688438416,0.6065461737768987,0.5880596552576335,0.12816027083567205,0.9963430762290955,0.6099054949624195,0.5873990910393849,0.13337592801877424,0.993431031703949,0.5957205482891625,0.6208132011549811,0.029229245847091065,0.9999688267707825,0.6305182780538283,0.6167701772281099,0.09310391864606307,0.9998801350593567,0.5979013732501435,0.679152280943734,0.02926209236362149,0.860267162322998,0.6431564433234076,0.6669663258961266,0.10232680897627552,0.28603705763816833,0.600035876887185,0.6932471411568775,0.06726142476711951,0.6619167327880859,0.627354664461953,0.6800557783671786,0.1266756060932363,0.1203976646065712,0.600030331952231,0.6993115391050063,0.07001100863729201,0.617475152015686,0.6228291239057264,0.6833304030554632,0.1321781887539795,0.12552142143249512,0.6001742175647188,0.6946798988751,0.07271235329764228,0.6005174517631531,0.6213575584547857,0.6807836975370132,0.1298570325332028,0.12024884670972824,0.6014778767313274,0.6922129784311564,0.07024131523711337,0.5347734093666077,0.6218224235943383,0.6789364729608804,0.12551246061921115,0.11521659791469574,0.6155054160526817,0.7081544314111979,-0.02120965352015835,0.9999831318855286,0.636671389852251,0.7049966488565714,0.02107860344861234,0.9999708533287048,0.5892131839479716,0.7719941735267636,0.019162051007151595,0.944258451461792,0.6421381132943287,0.7549256682395932,0.07817139433962955,0.9592787623405457,0.5731093270438055,0.8439372607639853,0.02024548780838293,0.9684720039367676,0.6590805428368702,0.8187394448689048,0.08850316320146828,0.9724113345146179,0.5727506875991819,0.8592303855078557,0.019872849753924768,0.984520673751831,0.6626202106475827,0.8298286148480003,0.08909965008497234,0.9870190620422363,0.5585456354277472,0.8507860660552975,0.010066728134240418,0.9269840717315674,0.6512925982475277,0.8280117222240989,0.08004806627120287,0.9182313680648804
82,0.6056747572762623,0.5867304512432641,0.14214106351137154,0.9951541423797607,0.6034887875829421,0.5817712732723779,0.13139326891728803,0.9951134324073792,0.6020962255341663,0.5819519162178036,0.13132310530969069,0.995345413684845,0.600903705188206,0.5819433808326718,0.1313052858625139,0.9970842003822327,0.6067671350070405,0.581159664903368,0.1347589465124266,0.995522677898407,0.6077844875199451,0.5809985331126619,0.1347176743405205,0.995593786239624,0.6088582089969087,0.5807912996837068,0.1347375203456197,0.9962449669837952,0.5997672660010198,0.5855561699186049,0.08120113738945549,0.998193085193634,0.6110705426761079,0.5843150377273556,0.09726986427392273,0.9923207759857178,0.6038443957056315,0.5928927932466777,0.12659568446023117,0.9967042207717896,0.6072364568710324,0.5924808604376655,0.1306050458124705,0.9940791726112366,0.5916662727083475,0.626175785064697,0.03257092446354881,0.9999718070030212,0.6273514407021656,0.6238290599414278,0.08464703613093917,0.9998878836631775,0.5930474860327581,0.6841200504984171,0.042143366093348164,0.8714950084686279,0.639770948886871,0.6765053527695789,0.09048811085522171,0.2935543358325958,0.596410649163382,0.694439888000488,0.09342874799455911,0.6272468566894531,0.6244356291634693,0.6877215487616399,0.11401557198592589,0.11035367101430893,0.5968068276132853,0.7004145128386359,0.09820467739232944,0.5796746611595154,0.6200611983026774,0.6896328176770888,0.11906358493225909,0.11507709324359894,0.5980069484029494,0.6960083910397117,0.09872577818376672,0.5620509386062622,0.6180407473019188,0.6853657058307099,0.11760091973202563,0.11004816740751266,0.5987868070602415,0.6942571418625965,0.09560919510466707,0.49966365098953247,0.6188447407313753,0.6846160139356338,0.11320625543594354,0.1056540384888649,0.6100943599428447,0.7171551619257241,-0.018299393435674046,0.9999834895133972,0.6320186734199521,0.7130956496511184,0.01817160739696451,0.9999712109565735,0.5858258673122948,0.7785153746604916,0.018070678146822103,0.9497268795967102,0.6412131633077347,0.7600433179310386,0.07280278312308444,0.9600145816802979,0.5736838102340696,0.8528478741645809,0.00762069371661969,0.9715335369110107,0.6596071805272781,0.8239062530653813,0.07952617726155686,0.9740638136863708,0.5742354495184759,0.8686147638729637,0.005929972257997303,0.985958993434906,0.6633527108601158,0.8349520530019483,0.07980778249246731,0.9878635406494141,0.5547420041901722,0.8558330144201002,-0.008043919184378214,0.9333155751228333,0.652423468657902,0.8281404699598036,0.07234784769160404,0.9203420877456665
83,0.6030639427048816,0.5890171936580111,0.11640651311193188,0.9955285787582397,0.6009342891829352,0.5843522906303402,0.10536416534866601,0.9954667687416077,0.5995046700750075,0.5843844175338742,0.10529429210083821,0.9957042932510376,0.5982642105647493,0.5842736738068715,0.10527726347957334,0.9972997307777405,0.6042928150721956,0.5840488042150223,0.10699731324400215,0.9958877563476562,0.6053339311054773,0.5839719891548154,0.10694636957986009,0.9959709644317627,0.6064083882740563,0.5838584627423964,0.1069452292152813,0.9965641498565674,0.5967676350048607,0.5879283887999396,0.0579702444374561,0.9983381628990173,0.6082656332424706,0.5876925093787054,0.06611245466130117,0.9929639101028442,0.6009719491004941,0.5947989038058688,0.10216893468584329,0.9969437718391418,0.6043866872787473,0.594831790242876,0.10385497063398355,0.9945433139801025,0.5859171271324155,0.63028472832271,0.019776752963662138,0.9999737739562988,0.6234759892736159,0.6283652458872111,0.05343954994210172,0.9998868703842163,0.5866438371794562,0.6869180951799662,0.04338599241205622,0.8800366520881653,0.6361514329910275,0.6821278452873227,0.055587772758943665,0.29893383383750916,0.5939846805163789,0.694693519387926,0.10531246236392425,0.572868287563324,0.6213702763829909,0.6937946864536827,0.07615933471492356,0.10003592073917389,0.596070029054369,0.7006263239043096,0.113267333805561,0.5282167792320251,0.6171085034097941,0.6968100496700829,0.08006272975887567,0.10435909032821655,0.5976586256708416,0.6968764390264236,0.11093108866895943,0.511934220790863,0.6153188824653623,0.6916489856583729,0.07855023954595836,0.09974400699138641,0.5971454194613863,0.69623749256134,0.10660840996674124,0.4551851153373718,0.6164340513093128,0.690212706157139,0.07543300422174587,0.09580225497484207,0.6025193163326805,0.7232373867716104,-0.012771632229643204,0.9999816417694092,0.6252660342625206,0.718884752477918,0.012669596129230085,0.9999674558639526,0.5814635464123314,0.7831014786447794,0.023933679504053923,0.954383134841919,0.6388577001435413,0.7621958664485383,0.059604321207318955,0.9563166499137878,0.5734980429921829,0.8576908656529014,0.010395477133403927,0.9741196036338806,0.659811426912035,0.8239930561610627,0.06423703091485157,0.9741945266723633,0.5750153575624736,0.8727762545858107,0.008442604328904828,0.9870922565460205,0.6634007964815409,0.834215881143297,0.06447130590677258,0.9880245327949524,0.5527471457208903,0.8596995762416291,-0.0028811638376542506,0.936643123626709,0.6536668436867847,0.8281499419893533,0.0601183759314673,0.9124541878700256
84,0.5993483253887719,0.5891495176724022,0.09369133753435947,0.995843768119812,0.5973797883306228,0.5847722087587627,0.08252613395452495,0.995795488357544,0.5959067821502683,0.5847449507032119,0.08245852206434517,0.996029257774353,0.5945839984076361,0.5846020766666955,0.08244383547987252,0.9974884986877441,0.6008414558001924,0.5846401708466663,0.08292737283876961,0.9962267279624939,0.6019115907805304,0.5846444044794352,0.0828607755047934,0.9963169097900391,0.6029944453920635,0.5846453973225183,0.08284516951867507,0.9968605637550354,0.593098780087062,0.5882103919982907,0.03710932135581968,0.9984627366065979,0.6046946695872712,0.5889261024338857,0.039380667145763104,0.9935802817344666,0.5971749629293166,0.5947295154844009,0.08028441433395654,0.9971038699150085,0.6005956990378241,0.5950066225869313,0.08030670327799656,0.9949307441711426,0.580585215772901,0.6313892636980326,0.006381388833480214,0.9999741315841675,0.6192438244819638,0.6314037680625912,0.0244316912123135,0.9998880624771118,0.5799402117729184,0.6877692801611761,0.03761628749115124,0.8566005229949951,0.6315577711377822,0.684485714776175,0.024010871936167973,0.30610746145248413,0.590967854431697,0.6936407157352988,0.10243386541094093,0.5166325569152832,0.6182452116693766,0.6978469201496665,0.0425078926341874,0.09074993431568146,0.5945740563528876,0.6999421715736386,0.11192812068121769,0.4764552712440491,0.6146683948380604,0.7034617832728791,0.04533817619085309,0.09457878023386002,0.5966235058648244,0.6955125468117846,0.10776889686073571,0.4617253839969635,0.6128271664891921,0.6986866950988766,0.04395064115524289,0.09034239500761032,0.5952737348420276,0.6953783614294866,0.1029519928353173,0.4106904864311218,0.6137964163507731,0.6963262064116338,0.04188983695847645,0.08677585422992706,0.5943633931023731,0.7255121077810012,-0.0078264443469899,0.9999817609786987,0.6173960736819673,0.7221196208681375,0.007741275682513199,0.9999682307243347,0.5749615294592718,0.7843982202666142,0.032433949943099685,0.9574492573738098,0.6350090691021507,0.7658216612679614,0.05225072119917186,0.9526847004890442,0.5711468594414845,0.8576685735157554,0.024205460798527503,0.976034939289093,0.6576705557959417,0.8213158181735443,0.06061723828315733,0.9737257957458496,0.5737093687057493,0.8713973794664651,0.023079767690173204,0.9877650737762451,0.6599715948104855,0.8308666484696521,0.061541925477130055,0.9877016544342041,0.5530509880610872,0.860240508828844,0.01578156314790248,0.9351838231086731,0.6565362521580285,0.8313096352985923,0.06048089116811751,0.8994097113609314
85,0.5949867316654748,0.5879516226904731,0.10829857502664833,0.9959985613822937,0.5932832070759362,0.583726836953844,0.09876200237444464,0.9959868788719177,0.5918331844466072,0.5837497421673363,0.09871124029159542,0.9962099194526672,0.5905050924846101,0.5836677432060239,0.09870483896562027,0.9975615739822388,0.5967890960829596,0.5835243361336842,0.0982243942362921,0.9964877367019653,0.5979224358286174,0.5835770283426555,0.09813504389354157,0.996597170829773,0.5990726402827669,0.5836616992950436,0.09812351358788349,0.9971088767051697,0.5891485674040655,0.5873018945966446,0.05606076728020393,0.9985260963439941,0.6008502602577206,0.5881916522979734,0.053382278127329666,0.9941045045852661,0.5928637725966315,0.5935003246579849,0.09543604467596323,0.9971616864204407,0.596342965534755,0.5939291783741539,0.09395064370972765,0.9952276349067688,0.5758006300245009,0.6295967357499256,0.027661659196019157,0.9999727010726929,0.6146475468363077,0.6321838600294928,0.028706546074577725,0.9998936057090759,0.5732300026076178,0.6840598974909098,0.0627935564943722,0.8050933480262756,0.6267607263156343,0.683236263479505,0.03184764954660618,0.3214614987373352,0.5872000472886219,0.6919280222484041,0.1357188388705253,0.4652828872203827,0.6165684444563727,0.7014447774205885,0.06298258953860825,0.08308253437280655,0.5903736438070022,0.6999679395130699,0.14938691726752684,0.4292025864124298,0.6140917965344017,0.7096508162362232,0.0669300441231046,0.08634980022907257,0.5934187378202163,0.6930686235427853,0.14413161192621496,0.4159298837184906,0.6119624699865066,0.7058337892804823,0.06765095548970355,0.08240300416946411,0.5922778606414791,0.6920824067933216,0.13604923060962126,0.3700252175331116,0.6125033838408331,0.7024842483656744,0.06364671556012969,0.0790613666176796,0.5849945289748053,0.7252020188740318,-0.0011495171913078843,0.9999826550483704,0.6083356687000816,0.7226979579244338,0.0010777550749480713,0.9999704957008362,0.5680099981171741,0.7836781501770016,0.04604220730917792,0.9604283571243286,0.6284898860113959,0.7684141278266903,0.013158442159848547,0.9521023035049438,0.5684296403612407,0.8573455572128292,0.03610813440089777,0.9779372215270996,0.6527106864111761,0.8175352641514365,-0.028045891544648576,0.974027156829834,0.5714647327150615,0.8696869288172037,0.0351221662546907,0.988577127456665,0.6522551315171374,0.8294276152338296,-0.032096456310578746,0.9876519441604614,0.5518551877566744,0.8601643323898311,0.03161846558962548,0.9358894228935242,0.6586580378668645,0.8321878433227535,-0.04105831959417887,0.8916013836860657
86,0.5912497060639514,0.5865401523453846,0.1282470549855913,0.9963985085487366,0.5896686349596294,0.5821630733353749,0.11992330359561097,0.9963880777359009,0.5882975663457595,0.5821944355964658,0.11988390024219236,0.9965887665748596,0.5870261328560963,0.5821346146719794,0.11987937475953778,0.9978052377700806,0.5931274311883106,0.5821039881025039,0.1192755935447556,0.9968389272689819,0.5942696247782023,0.5820305483681812,0.11918089304651527,0.9969374537467957,0.5954798204558234,0.5819427439144677,0.11917997811521797,0.9973979592323303,0.5857476864542277,0.5857525757380891,0.0785421910030501,0.9986734390258789,0.597356729848044,0.5861893926348003,0.07271344480769973,0.9946939945220947,0.5892427393368309,0.5921854002135138,0.11549839930874956,0.9974451065063477,0.5927378654479978,0.5924107772963385,0.11400842198303762,0.9957046508789062,0.5713369011878965,0.6276592935834608,0.05024534301566223,0.9999752640724182,0.6097976888929092,0.630751093796321,0.04015586535845482,0.999904215335846,0.5673094664301188,0.6815603886331828,0.08964745604566161,0.7692587375640869,0.6220771295683721,0.6802702052252629,0.044802747400743595,0.36675283312797546,0.5824835845402305,0.6886067152023312,0.17063565169061923,0.4214248061180115,0.6141856806618824,0.7032345839909142,0.07870829956872119,0.15193584561347961,0.5847349286079404,0.6968758021082193,0.18715624042919696,0.38917580246925354,0.6128211906978059,0.7111143759318757,0.08242454571383337,0.148455411195755,0.5883625711713516,0.6884772709437776,0.18099182524851382,0.37709757685661316,0.6104807325771874,0.7079189896583553,0.0844333891357694,0.14239001274108887,0.5876739570072717,0.6869784542492454,0.17083074152469627,0.3361009955406189,0.610517621040344,0.7047864334923877,0.08004001357725685,0.1274677962064743,0.5765090261186869,0.7235060095787045,0.002883242789123738,0.9999843239784241,0.5996093409402028,0.721205537659781,-0.002941359805741479,0.9999734163284302,0.5629574639456609,0.7840090036392208,0.05047935396432874,0.9641776084899902,0.6208986469677513,0.7679169484547204,-0.01858179324439593,0.9568471312522888,0.5667655467987058,0.85826632295336,0.03350761777588297,0.9798548221588135,0.6454168217522754,0.8190725837435038,-0.08489775463947025,0.9765079617500305,0.5697916967528205,0.8703353285789486,0.031830273249319606,0.989622175693512,0.6448505452701021,0.8336114083017618,-0.0913648854541991,0.9888138771057129,0.5498697025435308,0.8607760701860696,0.02729566831673893,0.9406681656837463,0.6536890813282554,0.830263883726937,-0.10514752678573128,0.9019888043403625
87,0.5877980283328462,0.5856160572596956,0.13459345464195518,0.9967478513717651,0.58631751196725,0.5806537985801694,0.12636106184550688,0.9967390298843384,0.5850396939686364,0.5804867931774682,0.1263254338077136,0.9969192147254944,0.5838453020368302,0.5803058930805749,0.12632802554539266,0.9980136156082153,0.5897621325084139,0.5812433481216428,0.12508607230016155,0.9971513152122498,0.5909294162477763,0.5811937212944027,0.12499137882675439,0.9972410798072815,0.5921798654964989,0.5810964209692816,0.1249837805117879,0.9976563453674316,0.5825859699930461,0.5836924961635042,0.08418306144220485,0.9988008141517639,0.5941344652857097,0.585168657984052,0.07534057934369356,0.9952223896980286,0.58576910836356,0.5911077397210255,0.12165798076561515,0.9976856708526611,0.589312079974583,0.5917058859552653,0.11951963539634426,0.9961259365081787,0.5669426849910189,0.6257686870438709,0.058633188264710534,0.9999763369560242,0.6052901097706384,0.6287774835314066,0.039164797589182836,0.9999134540557861,0.5634946141924174,0.679202364172254,0.09975509122014042,0.7200408577919006,0.6171681523323056,0.6779823728970116,0.05127188846735016,0.3920604884624481,0.5762201854160851,0.6938975368227274,0.18065200660909916,0.38035330176353455,0.6095822249140055,0.7017328994614734,0.09296075637851439,0.2177533656358719,0.5781238470758707,0.7008828486715041,0.1978189344917024,0.35166800022125244,0.6086341329983299,0.7076103176389419,0.09651813272918969,0.213422954082489,0.5816831486565723,0.694112692560468,0.19090105124882278,0.3407759964466095,0.6068118980952668,0.7048509035791666,0.09912749241505346,0.20632784068584442,0.5817679541451588,0.6920702815055844,0.18056834020784915,0.30405864119529724,0.606585277829851,0.7023765070097784,0.0947781682014465,0.1835656613111496,0.5691213250160214,0.7211658750261576,0.006294896586665082,0.9999846816062927,0.5911062802587234,0.7196310877799985,-0.006335874394114525,0.9999754428863525,0.5607963766370498,0.7847442695072716,0.056775419520480264,0.9672110080718994,0.6134615881102423,0.7660461579050334,-0.021381661854684347,0.9605239629745483,0.5658881987844192,0.859004722322736,0.0399061753281525,0.9811335206031799,0.634732069287981,0.8277921284948072,-0.07669323579508011,0.9772223830223083,0.5684870362281798,0.8710810780525204,0.0379751672702176,0.9899861812591553,0.6350784029279434,0.8433166418756753,-0.08241118857903137,0.989054799079895,0.5493261507579256,0.861280182429722,0.03145728010152066,0.9391889572143555,0.6436274988310675,0.8302102208137508,-0.09782759419509339,0.9002899527549744
88,0.5847846882683887,0.5840030721255709,0.1147043930632727,0.9970597624778748,0.5833512476512361,0.5782439793859206,0.10540173394339421,0.9970489144325256,0.5821105957031247,0.5778159362929205,0.10535771527460638,0.9972097873687744,0.580934919629778,0.5774748155048912,0.10536582831825522,0.9981940388679504,0.5868163619722636,0.5795730539730615,0.10354016252926412,0.997429609298706,0.5879787036350792,0.5797189865793497,0.10345196596213745,0.9975124597549438,0.5892009905406403,0.579793150084359,0.103428275670324,0.9978878498077393,0.5795865825244355,0.5805181860923764,0.0626497645463262,0.9989106059074402,0.5911429779870166,0.5838221413748602,0.05098416656255719,0.9956964254379272,0.5827220814568653,0.5892622334616522,0.10197014702217914,0.9978960156440735,0.5861945935658044,0.5906032051358902,0.09932574885232102,0.996500551700592,0.5637393610818043,0.6220334036009649,0.04516576422112326,0.9999772310256958,0.6011326619556969,0.6274097067969182,0.015364073243524339,0.9999217987060547,0.5635963082313535,0.6759887218475339,0.08426848309380663,0.6703668236732483,0.6122383815901618,0.6772878646850583,0.027292844360428184,0.42793601751327515,0.5748690315655297,0.6971191338130402,0.14923264384269708,0.3429335951805115,0.6061114532606939,0.6997728058270043,0.06776419548051694,0.2812073528766632,0.5767537678991043,0.7032028147152488,0.16320779408727365,0.3173193037509918,0.6054274439811704,0.7041558691433494,0.06939828427774562,0.2750904858112335,0.5794268165315898,0.6989232625280104,0.15608991767678937,0.30747780203819275,0.6039519020489281,0.7014374000685553,0.07133108760629378,0.2667122781276703,0.5800655705588201,0.6971776723861691,0.14854678490332188,0.27452048659324646,0.6035423840795242,0.6997144988604951,0.06929340490273064,0.23637667298316956,0.56281886271068,0.7198031800133838,0.008972991896527149,0.9999849200248718,0.5835487995828899,0.719190192222595,-0.009022959933749262,0.9999772906303406,0.5588158828871588,0.7840097870145522,0.060644778609275786,0.9695345163345337,0.606349660669054,0.7645445500101359,0.016877659184059923,0.963402509689331,0.564622936929975,0.8580352323395861,0.05277950699840271,0.9819833636283875,0.6197617939540315,0.8362947991916108,0.014716913098319701,0.9778041839599609,0.566851837294442,0.8710341606821329,0.05138306883828978,0.9901356101036072,0.6197779893875119,0.8506573200225827,0.014352627856923005,0.9890872240066528,0.5487388270241871,0.8610319614410397,0.04201607730771812,0.9366579651832581,0.6315864375659395,0.8372999787330624,0.005946626301322672,0.8985539674758911
89,0.5820920552526199,0.5821921127183094,0.10696057208946767,0.9973349571228027,0.5806362271308896,0.576057035582406,0.0988170783434595,0.997314989566803,0.57938083750861,0.5755674242973325,0.0987616549645151,0.9974550008773804,0.5781828471592492,0.5751960907663616,0.09878842277186253,0.9983402490615845,0.5841280102729794,0.5774611387934001,0.09327998714787615,0.9976755976676941,0.5852926441601342,0.5778055003711153,0.0931369372776576,0.9977540373802185,0.5864259907177514,0.5780878799302234,0.09309611150196616,0.9980944395065308,0.5767103127070833,0.5781932813780646,0.05988246394055228,0.9989990592002869,0.5882362501961842,0.5819870982851298,0.0435061780469758,0.9961205720901489,0.5800442218780515,0.5873142412730623,0.09611519064222059,0.9980700612068176,0.5834322282246178,0.5891242555209566,0.08772242665290828,0.9968317747116089,0.5613823567117961,0.6171821475028989,0.05039827632052555,0.9999765157699585,0.5970095685550143,0.6266225593430652,0.006038948080302878,0.9999291896820068,0.5653552140508377,0.6705425551959444,0.08065812119415824,0.6164284944534302,0.6060897929327825,0.6770050338336396,0.009262947857912093,0.47384434938430786,0.5783421073641093,0.6949493459292817,0.12649396892104825,0.3108048439025879,0.6033960563795904,0.6961760589054649,0.04411129344786914,0.3428518772125244,0.578558620384761,0.6998905403273443,0.13819273476089744,0.28875893354415894,0.6031574845314023,0.7014449511255534,0.04400474673935343,0.33508050441741943,0.5812145471572874,0.6967887095042634,0.13146342060395644,0.27989137172698975,0.602057840142931,0.6991309182984484,0.046499202400445916,0.3262213170528412,0.582425168582371,0.6957099063055853,0.1254187311444963,0.25038978457450867,0.6012954575674871,0.6970367125102448,0.04577622168830461,0.29071223735809326,0.5570158038820536,0.7189705252647396,0.01360747154269899,0.9999852180480957,0.5769942232540674,0.7183452776500153,-0.013669569005391421,0.9999789595603943,0.5550624728202818,0.7827687195369173,0.06422421964151516,0.971103310585022,0.597663673332759,0.7641364387103485,0.019875664716320372,0.9643534421920776,0.5603170650345936,0.8554852655955719,0.056104524965797126,0.982337236404419,0.602619876180376,0.8406472512653892,0.014661957824137057,0.9771184325218201,0.5627706936427522,0.868326766150338,0.054671801945992846,0.9900696277618408,0.5998912147113252,0.8545499903815129,0.014049988718969477,0.9880367517471313,0.5483661055564877,0.8605292541640142,0.045542217471769855,0.9325281977653503,0.617767238616943,0.8501931326729906,0.005239538209778924,0.8901970982551575
90,0.579481768608093,0.5807599289076666,0.10921865786824903,0.9975559115409851,0.5779192021914888,0.5747645514351978,0.10206421911716455,0.997510552406311,0.5766194173267907,0.5743615184511455,0.1019928001931735,0.9976291656494141,0.5753593189375739,0.5740374360765726,0.10202389700072148,0.9984292984008789,0.5814621499606538,0.5759283219064983,0.09504036775657104,0.9978752136230469,0.5826480201312471,0.5762779678617203,0.09487126937934326,0.9979568719863892,0.5837413089615956,0.5765673909868511,0.09483292507273805,0.9982696771621704,0.5736886467252457,0.577407085895538,0.06688815908772602,0.999055027961731,0.5852756312915255,0.5801840833255221,0.04732683492558341,0.9964845776557922,0.5774029493331907,0.5860532982008795,0.09935916385480331,0.9981644153594971,0.580776590960366,0.5876432606152123,0.08846708365849082,0.9970892071723938,0.5594131725175038,0.6140914065497259,0.06297817847558426,0.9999741315841675,0.592737519741058,0.6261136514799932,0.00426820613044713,0.9999353885650635,0.565101567336491,0.6667649780000957,0.08508552483149934,0.5600071549415588,0.6003372124263215,0.676706572941371,0.004731448899422369,0.5218502283096313,0.5829394987651277,0.6803933416094096,0.11738248254571636,0.288272500038147,0.6019073384148731,0.6915914211954386,0.04041393388594897,0.3986915051937103,0.5853578414235794,0.682781842776707,0.1272858134337833,0.2740200459957123,0.6024423173495699,0.6946485774857654,0.03985202248607361,0.3913865387439728,0.5869638238634379,0.6800365124429972,0.12063076879296977,0.2660578489303589,0.6016008138656613,0.6921781335558207,0.04286617381232123,0.3825801908969879,0.5867106693131581,0.6804053732327049,0.11557565778493875,0.23868344724178314,0.6005929453032355,0.6907762544495716,0.04224791824817655,0.3448697030544281,0.5515214937073842,0.7184204731668742,0.019524231047502574,0.9999858736991882,0.5712704965046471,0.7174205797059192,-0.019583723321557035,0.999980628490448,0.5488771677017209,0.7819433382579254,0.07343450167349404,0.9730976223945618,0.5897544401032581,0.7677933948380602,0.003875021875969,0.9673734307289124,0.5526076827730448,0.8519414407866337,0.07265560414109909,0.9834083318710327,0.5873484100614272,0.8461928350584844,-0.0021081030289808807,0.9788869023323059,0.5545584985188072,0.8635260377611429,0.07202311679720876,0.9906972050666809,0.5834527373313901,0.8581737467220847,-0.0022378814140600802,0.9886437058448792,0.5466778414590017,0.8605305245944428,0.06589173408491268,0.9344788193702698,0.6021132758685518,0.8638211999620706,-0.008870793187192503,0.8968955278396606
91,0.5762142760413032,0.5801390222140719,0.11490880485091885,0.9977186918258667,0.5746241705758228,0.5744582567896159,0.10878114487443646,0.9976178407669067,0.5732783470835002,0.5741290671484808,0.10870142281055445,0.9977046847343445,0.5719551597322734,0.5738247820309228,0.10873658912522448,0.9984425902366638,0.5783438512257164,0.5754464507102963,0.10154075984443932,0.9980278015136719,0.5796513063567023,0.5758276087897162,0.10138558362211496,0.9981208443641663,0.5808764900479995,0.5761717217309132,0.10135484848703652,0.9984170794487,0.5702461991991312,0.5776032328605649,0.0761427351406642,0.9990515112876892,0.5821983201163153,0.5796691724232261,0.05330965965986249,0.9967997074127197,0.5741003496306281,0.5856547662190026,0.10587921908923553,0.9981485605239868,0.5776069351605004,0.5869365283421104,0.09486395014183857,0.9972641468048096,0.5578568356377736,0.6132776175226481,0.07719979073320113,0.999957263469696,0.5879574230739046,0.625734882695334,0.0037672358481878675,0.9999399185180664,0.5649594443184986,0.6651017206055774,0.09635656944343017,0.5072861313819885,0.5950534054211205,0.6763605696814398,0.01214226304686495,0.5663299560546875,0.5847123060907633,0.6731272527149743,0.12090122508151185,0.265585720539093,0.6015977314540315,0.6868588754108971,0.0602099557274154,0.4538872241973877,0.5897409728595185,0.6737321853637692,0.13044889420270914,0.2580930292606354,0.6030268856457298,0.6858878680637901,0.0607465972558462,0.4461187720298767,0.5904305509158541,0.6706439512116564,0.12350996711424414,0.25087007880210876,0.6022775615964614,0.6823571664946416,0.06354889273643491,0.4377061724662781,0.5885704006467544,0.6714659878185814,0.11857832074165339,0.22562606632709503,0.6011387450354437,0.6820705805506022,0.06166507724140369,0.3988816738128662,0.5467610410281588,0.7181107861655096,0.025799773287560245,0.9999855160713196,0.5662005901336666,0.7181297745023452,-0.025847142642097802,0.9999818205833435,0.5422023483685082,0.7819153138569419,0.0926750336374555,0.9677177667617798,0.5838556477001733,0.7765548467636105,-0.008027341003928861,0.9699845314025879,0.5426037498882836,0.8444033316203522,0.10879818967410491,0.9807905554771423,0.577235879216875,0.8551849160875589,-0.016202371727143006,0.9799563884735107,0.5435815198080878,0.8541339431490212,0.11009781946028976,0.9899815320968628,0.5731033120836528,0.8673108032771516,-0.01681404880114963,0.9884559512138367,0.5424924986703052,0.8581702266420632,0.11082488947681013,0.9195113182067871,0.5906684807368685,0.8738875303949625,-0.026997173045362734,0.8976300954818726
92,0.5726258873939511,0.5810522351946147,0.11601533400160921,0.9977970719337463,0.5711614762033732,0.5757744959422517,0.1111754851681845,0.9975852370262146,0.5698508007185796,0.5754859754017418,0.11109671592712397,0.9976219534873962,0.5685223289898461,0.575166583061218,0.11113567096846438,0.9983595013618469,0.5749156985964091,0.5767046519688195,0.10412501820496146,0.9981081485748291,0.5762854933738706,0.5771226525306699,0.10401185665811807,0.9982279539108276,0.5776652506419588,0.5775439228330337,0.10399652485336572,0.9985288977622986,0.5668250611850191,0.5788627624511716,0.08303977910961419,0.9989678859710693,0.5789629936218259,0.5812875798770356,0.05316683820315767,0.9970400929450989,0.570463134561266,0.5865425450461248,0.10869780055114196,0.99801105260849,0.5741461447307039,0.5875764352934698,0.09869681724480216,0.9973412156105042,0.555861619540623,0.614604796682085,0.09160529332501544,0.9999352693557739,0.5828297853469846,0.6256716813359939,-0.0033529703571860267,0.9999436736106873,0.5659537162099564,0.6657011355672561,0.10935560209410526,0.4573548436164856,0.5899968181337626,0.67674594436373,0.0007264720542090285,0.6087301969528198,0.5874443956783837,0.6686724611691063,0.1238430031708308,0.24830281734466553,0.6023299217224118,0.6852230753217422,0.049209703345383896,0.5063347220420837,0.5944574628557475,0.6686485648155209,0.1330642985446112,0.250634104013443,0.6046201722962512,0.6812270692416598,0.047885984195662375,0.49871549010276794,0.5940240519387379,0.665197692598615,0.1256232299974986,0.2444235235452652,0.6035230585506981,0.6757866672107149,0.05242817870208193,0.4908404052257538,0.5910577331270488,0.6661053402083258,0.12107833645173476,0.22022674977779388,0.6023991278239657,0.676429370471409,0.051325701922178245,0.453250914812088,0.5425071324620926,0.7175028187888006,0.0324314560741186,0.999985933303833,0.561318823269435,0.7198036960193086,-0.03247083606464521,0.9999831914901733,0.5357650484357559,0.7811856116567335,0.09413173347711559,0.9597967863082886,0.5805638790130613,0.7850843514714918,-0.02077617658568279,0.9723890423774719,0.5286606729030606,0.8390545368194576,0.10874372060809812,0.9758962988853455,0.5730896949768063,0.8645793625286644,-0.022773276176303616,0.9811214208602905,0.5272921017238069,0.8479039498737877,0.10999035962990347,0.9880993366241455,0.5688730376107349,0.8777382561138694,-0.02280673480459621,0.9882675409317017,0.528317673717226,0.8564378959791997,0.110747722855636,0.8980984687805176,0.5867779408182414,0.8775240881102422,-0.03367801351206642,0.8993406295776367
93,0.569295627730233,0.5845057095800125,0.11825461089611047,0.9979173541069031,0.5679796167782372,0.5794726882662089,0.11492262078183033,0.9976329803466797,0.5667259846414836,0.5791658486638748,0.114845845741885,0.9976462125778198,0.5654452068465093,0.5787656051771979,0.11489005876438953,0.9983532428741455,0.5716121792793272,0.5804016607148303,0.10574446618556971,0.9982197880744934,0.5729298012597217,0.5807922806058609,0.10562725386449263,0.9983556866645813,0.5742935316903248,0.5811556509562898,0.10561964639595572,0.9986433386802673,0.5638223460742403,0.5819239803722924,0.09036936163902279,0.9989221692085266,0.5756292240960255,0.5851494056837897,0.053221919600452666,0.9972613453865051,0.5670592120715547,0.5897161040987284,0.11252635802541455,0.9978704452514648,0.5707965697560989,0.5905276945659089,0.10013175904750819,0.9973892569541931,0.5534016319683618,0.6175366469791954,0.10474384533507479,0.9999058246612549,0.5776367340769084,0.6275441646575926,-0.007034364810013874,0.9999442100524902,0.5672059280531745,0.6657822625977649,0.13084091863461897,0.41185709834098816,0.5835823587008881,0.6777622427259169,-0.019966502061911983,0.6476221084594727,0.5895518609455651,0.6690394282341,0.14957992583513252,0.25402867794036865,0.6006605846541265,0.6849223784037995,0.013487766816147731,0.554115891456604,0.596008821896144,0.6679977297782895,0.16048508137464518,0.2809636890888214,0.6041201506342204,0.6815828578812733,0.008863703543985526,0.547209620475769,0.5959543211119512,0.6644785370145522,0.1526874667831829,0.2762007713317871,0.6026235904012405,0.6759882654462539,0.01616971354399408,0.5399291515350342,0.5932000313486369,0.6651615841048102,0.14698191561869206,0.24721427261829376,0.6013258423124038,0.6760327492441447,0.016790072992444033,0.5046142339706421,0.5387817110334121,0.7193503822599135,0.03718078700559478,0.9999856352806091,0.5568786042077198,0.7239375778606957,-0.03721509799361227,0.9999837279319763,0.5303379654884336,0.7830118656158443,0.07880068229777468,0.9629770517349243,0.5797578385898042,0.7901567067418775,-0.023368370054023594,0.9749321937561035,0.5116848570959907,0.8383646011352535,0.07381670432431355,0.9776428937911987,0.5723117555890762,0.8691729784011837,-0.0221288323934589,0.9825566411018372,0.5077369672911506,0.8465251769338331,0.07307336426206995,0.9890134930610657,0.5683293938636778,0.882995738301958,-0.02184287149991307,0.9889060258865356,0.510999172074454,0.8582932880946564,0.0689190473939691,0.9043723344802856,0.5863862207957673,0.8781514780861986,-0.031082766077348147,0.9058869481086731
94,0.5665323172296794,0.5882283466202869,0.11650180923087251,0.9981070160865784,0.5652732610702512,0.5832274215562001,0.11410148824964246,0.9978294372558594,0.563959787573133,0.5828804237501959,0.11402257936341417,0.9978489279747009,0.5627020256859913,0.5824446984699791,0.11406690371888019,0.9984868764877319,0.568834452969687,0.5841595309121266,0.10363293162414002,0.9983806610107422,0.5700550607272554,0.5845186557088577,0.10350998789072033,0.998511791229248,0.5713154860905236,0.5848074385098045,0.10351013264485763,0.9987709522247314,0.5611070632934567,0.5854089975357053,0.09256013908556526,0.9990097880363464,0.572620390142713,0.5891345211437767,0.05026441780584197,0.9975190162658691,0.5641219803265161,0.593310829571315,0.11222375077860691,0.998008668422699,0.5678438527243476,0.594123988492148,0.09809208916766299,0.9975937604904175,0.5509033986500329,0.620772634233747,0.11283459940126958,0.9999041557312012,0.5725689513342718,0.6304254157202581,-0.012240871334714543,0.9999472498893738,0.5658224804060797,0.6656519004276817,0.1492925684366907,0.37095943093299866,0.576461635317121,0.6797207253319874,-0.0419677237048745,0.6827914714813232,0.5884246025766642,0.6688254032816203,0.1777236491441726,0.2912304401397705,0.5965980478695458,0.6870847599846973,-0.027317072610769943,0.598085343837738,0.5952749184199739,0.6662060022354123,0.18997151851654043,0.33540594577789307,0.6010666728019711,0.6842081802231921,-0.035560097957828204,0.5918851494789124,0.5957392368997844,0.66311821937561,0.18162345247609266,0.33206966519355774,0.5995881336075917,0.6783583981650213,-0.02565463302390915,0.5852909088134766,0.5929674948964798,0.6643281681197026,0.17510177791118614,0.30091995000839233,0.5981146642139977,0.6787009647914338,-0.022792516116585042,0.5528956055641174,0.5350332192012239,0.7223382643290924,0.04173700628536087,0.9999861121177673,0.5520294989858352,0.728441670962742,-0.04175845938069478,0.999984622001648,0.5259012051991052,0.7875375185694009,0.06099429045404704,0.9664801955223083,0.5795015045574731,0.790451369966779,-0.03741672237270643,0.977344810962677,0.49712032590593586,0.8429587296077179,0.03884235152176446,0.9797288775444031,0.5720848117555888,0.8697521448135372,-0.034160885746989916,0.9841269254684448,0.49100630198206197,0.8502770083291186,0.036207453906536076,0.9900512099266052,0.5681606224605013,0.8828240224293296,-0.03343819291996103,0.9897939562797546,0.498806183678763,0.8626341547284804,0.025921567369784612,0.9132020473480225,0.5870997071266172,0.8780720864023477,-0.04029044099152087,0.9141894578933716
95,0.5642002395221162,0.5897945369992934,0.10785181841679976,0.9982883930206299,0.562951896871839,0.5846377832548957,0.1065727817160742,0.9980297088623047,0.5615086930138722,0.5842298524720325,0.10648505794150484,0.9980509281158447,0.560194362912859,0.5837726014001026,0.1065290591546467,0.9986246228218079,0.5666026881762911,0.5856745668819969,0.09538440832069937,0.9985357522964478,0.5677765199116296,0.586071351596287,0.09526375553437637,0.9986575245857239,0.5689695239067074,0.5863786322729925,0.09526591918298172,0.9988906383514404,0.5586481264659333,0.5870624320847645,0.08837912274258473,0.9991006851196289,0.5701296244348796,0.5909681013652254,0.04266848606722694,0.9977613687515259,0.5616064446313038,0.5948810219764706,0.10572651518242694,0.9981746673583984,0.5652813894408087,0.595978590420314,0.09034064156668523,0.997811496257782,0.5484995058604647,0.6223764606884544,0.11385938503912511,0.999904990196228,0.567207564626421,0.6324600798743109,-0.018717263505927145,0.9999508857727051,0.5625587429319107,0.6659186635698588,0.16471550294331133,0.3343717157840729,0.5693533965519493,0.6814554452896115,-0.04813747432615074,0.7144466638565063,0.5849997844014847,0.6711475610733029,0.20647659727505266,0.325914591550827,0.591037993771689,0.6894515327044892,-0.034042102178292594,0.6378898024559021,0.5913822872298102,0.6686362164361133,0.22107167371681746,0.38390102982521057,0.5955862896783009,0.6865910070283069,-0.042328635845998545,0.6322880983352661,0.5919320906911574,0.6654824154717578,0.21135613237108494,0.3817935883998871,0.5943318809781752,0.6796749796186171,-0.03231810757092066,0.6263264417648315,0.589364581448691,0.6668580821582246,0.2036670948777879,0.34874412417411804,0.5928205847740171,0.680569219589233,-0.029536107555031756,0.5966643691062927,0.5313148345266068,0.7248272504125319,0.044855416459696616,0.9999867677688599,0.5477502499307902,0.7315175873892644,-0.044870614260435086,0.9999855756759644,0.5230361683028082,0.7929976872035431,0.05793474295309609,0.9697373509407043,0.5778828654970438,0.7888593060629704,-0.04359510125858441,0.9795675277709961,0.4923559853008813,0.8483001232147213,0.03571528526289121,0.9816768765449524,0.5719117743628364,0.8686326878411426,-0.038571980063404336,0.9856004118919373,0.48663337230682346,0.8549620883805407,0.033015175802367056,0.9910089373588562,0.5679948517254418,0.8820474147796626,-0.03769626479063713,0.9906648993492126,0.4956702675138199,0.8659499849591932,0.02178271125469888,0.9215365052223206,0.5875049914632522,0.8778842534337721,-0.04572567961045672,0.9221680164337158
96,0.5621439525059289,0.5894910420690261,0.10235160206045418,0.998453676700592,0.5609225068773539,0.5842970728874204,0.10159157088824676,0.9982153177261353,0.5594936507088795,0.583861206259046,0.1015045896172523,0.9982369542121887,0.5581973365374971,0.583430286816188,0.1015509060450962,0.998752772808075,0.5644136411803107,0.5854781763894215,0.09082757702895569,0.9986771941184998,0.5655149119240894,0.585914920057569,0.09070794028895238,0.9987894296646118,0.5666590639523095,0.5862843121801101,0.09070815145969387,0.9989991188049316,0.5566049133028301,0.5872465491294858,0.09225177147558752,0.9991857409477234,0.5678065742765152,0.5910396082060675,0.0410207366304738,0.9979814887046814,0.5596543942178995,0.594671775613512,0.10026603596551073,0.9983380436897278,0.56299113035202,0.596035826206207,0.08595955350569312,0.9980169534683228,0.5463286961827957,0.6223651460238863,0.12129124956471574,0.9999091029167175,0.5618837577956061,0.6327757528850007,-0.01861802696117332,0.9999544620513916,0.5576502714838297,0.6662784763744896,0.1771843825067792,0.3016858696937561,0.5619316526821678,0.6824753097125459,-0.057631048453705626,0.7429273128509521,0.5803528342928203,0.6725669503211972,0.2224803021975925,0.3691265881061554,0.583462185519082,0.6922429357256206,-0.05944807364472319,0.6738093495368958,0.5858695677348543,0.6704045108386445,0.2376203566789626,0.43377435207366943,0.5876242841993057,0.6906763042722426,-0.07054818304521694,0.6687384247779846,0.5864805357796803,0.6667582818440025,0.2272557726928165,0.4326617121696472,0.5872376748493737,0.6823907307216096,-0.05977575491581641,0.6633519530296326,0.58414272069931,0.6680786217961989,0.21957458640847877,0.39941176772117615,0.5857939379555837,0.6834405711718965,-0.055005021925483406,0.6362470388412476,0.5279294405664714,0.7247982944761,0.04743814447096414,0.9999871253967285,0.543429466656276,0.7309725063187733,-0.04744620472192762,0.9999861717224121,0.521212897981916,0.7952782460621421,0.057395624475819695,0.9726678133010864,0.5747152975627352,0.7867031540189467,-0.05960091049117699,0.9815694689750671,0.49202754497528056,0.8543067710740222,0.038458558704171836,0.9834214448928833,0.5721888831683565,0.8689380713871543,-0.05603614465466565,0.9869319200515747,0.4865230057920726,0.8614412784576411,0.035968948581389,0.991858959197998,0.5683709859848021,0.8828443271773199,-0.05522537859422818,0.9914419054985046,0.496208699260439,0.8676056436129975,0.020589679107069957,0.9290331602096558,0.5885653138160702,0.8776205216135294,-0.06720294984323635,0.9293893575668335
97,0.5611748048237389,0.5885035003934584,0.10175681241921011,0.998604953289032,0.5600054281098499,0.5832041127341132,0.10136466941663191,0.9983862638473511,0.5587237204824171,0.5827184779303411,0.1012818628123828,0.9984075427055359,0.5574925065040586,0.5822151524679999,0.10131697101252414,0.9988714456558228,0.5631833655493598,0.5846492188317433,0.09062475743038309,0.9988064765930176,0.5642369559832979,0.585175163405282,0.09050777586443079,0.9989091753959656,0.5653173651014053,0.5856148140771046,0.09050364196300503,0.9990977644920349,0.5556309274264741,0.585673459938594,0.09750756642648148,0.999264121055603,0.5662744368825637,0.5901671392577033,0.04166441501251287,0.9981808066368103,0.5588364652224946,0.5939229931150161,0.09930982802595406,0.9984943270683289,0.561693945952824,0.5953345128468102,0.08557501797165186,0.9982086420059204,0.544234888894217,0.6200132931981766,0.1272034238491739,0.9999159574508667,0.5576739243098665,0.6309422152382984,-0.019038329273462284,0.9999586343765259,0.5511092764990668,0.6664502790996003,0.18661181330680837,0.2725653350353241,0.5542852606092178,0.6820663315909246,-0.06896389211927137,0.7686176896095276,0.5743985073907032,0.674311462470463,0.23601915836334217,0.4192381501197815,0.5758313366344994,0.6940941333770749,-0.0853556068880217,0.7063809633255005,0.5795308130128041,0.6733071855136323,0.25180791616439807,0.4840266704559326,0.5803613764899115,0.694521365846906,-0.09870779737830157,0.7018096446990967,0.580752212660653,0.6693747367177687,0.24123174888747068,0.48356783390045166,0.5807446650096345,0.6862589563642225,-0.08730478339961592,0.6969605088233948,0.5786652956690104,0.6701751112937924,0.23317240689481997,0.45132243633270264,0.5792086907795495,0.6864236763545442,-0.08099432268312995,0.6724914312362671,0.5254170077187672,0.7236317174775256,0.049794407295329204,0.9999879598617554,0.539822583539145,0.7292305401393342,-0.04980349317193029,0.9999872446060181,0.5200705170631407,0.7949689081736969,0.06345178676503041,0.9753332734107971,0.5716344867433818,0.7854657309395923,-0.06061268480760708,0.9834061861038208,0.49252517989703565,0.8568143010139462,0.050396096174206026,0.9850365519523621,0.5719683902604237,0.8694856967244826,-0.05847013433064731,0.9882175922393799,0.486585588114602,0.8653246947697226,0.048394298659903634,0.9926536679267883,0.5685589977673119,0.8842230405126295,-0.057728849777153535,0.9922664165496826,0.498042218174253,0.8696721349443703,0.02985221296548842,0.9359893798828125,0.589190864562988,0.8771722487040924,-0.07322409695812632,0.9363689422607422
98,0.5612024153981887,0.5865375246320449,0.09404791646770065,0.9987398982048035,0.5600920387676781,0.5808081456593103,0.09445192952241213,0.9985381960868835,0.5589371000017436,0.5802516613687785,0.09436714372464584,0.9985597133636475,0.5578050511223926,0.5796601091112407,0.09438837628279409,0.9989767074584961,0.5630402820450916,0.582580597060067,0.08264326623507906,0.9989219903945923,0.5640257086072646,0.5831938539232524,0.08252800649830269,0.9990165829658508,0.5649852548326763,0.5836968949862886,0.08251608993325911,0.9991861581802368,0.555631511551993,0.5823273386274063,0.09331472367048259,0.999334454536438,0.5655110103743415,0.5875805463109695,0.03355193196662833,0.9983600974082947,0.5588629552296227,0.5920730386461528,0.09312801254647113,0.998634934425354,0.5613696507045198,0.5934943931443348,0.07780921570956703,0.9983816146850586,0.5423482230731417,0.6160894155502317,0.12483877922807415,0.999922513961792,0.5550688964979986,0.6261664305414469,-0.027370510782514287,0.9999624490737915,0.5447964855602807,0.6663623946053638,0.18668121865817472,0.24711546301841736,0.5473028864179336,0.6795618125370568,-0.08422826954296653,0.7917240262031555,0.5683924300330023,0.6762999279158453,0.23809385555131085,0.44767287373542786,0.5691993679319107,0.6950465185301642,-0.10959070846438404,0.7356991171836853,0.5731054169791083,0.6770362564495629,0.2538950660399027,0.5186431407928467,0.5743584803172518,0.6969074657985139,-0.12452685896839408,0.7315705418586731,0.5753714612552094,0.6731767416000364,0.24267655951636166,0.5192956328392029,0.5757338762283323,0.6891179731913972,-0.11301614737936423,0.7272029519081116,0.5734767419951301,0.6729506339345657,0.2350600779056548,0.4867810308933258,0.5740256190299985,0.6887451989310125,-0.10538569603647499,0.7050989270210266,0.5244401608194622,0.7208349432264052,0.051831606456211606,0.9999887943267822,0.5374576909201483,0.7264947737966262,-0.05184436025364056,0.9999882578849792,0.5186164651598246,0.7931737014225547,0.07449691082750044,0.9777123332023621,0.5694810526711598,0.7845543197223115,-0.057620852334158736,0.9850562214851379,0.49144319381032653,0.8561246497290471,0.07075580103056768,0.9864960312843323,0.5697545647621152,0.8688469307763232,-0.05326248875686098,0.9893742203712463,0.4852418720722196,0.8656279921531673,0.06957447475620675,0.9933698177337646,0.5663082003593443,0.8837061660630359,-0.052658776726041495,0.9930090308189392,0.4994038905416214,0.8703118869236534,0.05126380893800938,0.9422568082809448,0.5887209296226499,0.8767430254391257,-0.06860813306910649,0.9426392316818237
99,0.561795217650277,0.5834394080298285,0.06869367233344484,0.9988584518432617,0.5607552068574085,0.5769609042576378,0.07082450560161042,0.9986662864685059,0.5596448762076238,0.576351908275059,0.07074036044733861,0.9986906051635742,0.5585295813424245,0.5756900906562802,0.07075048110314774,0.9990649819374084,0.5635886362620759,0.578936581952231,0.05669306708233694,0.9990226030349731,0.5644633361271447,0.5795471106256755,0.05657708091395239,0.9991118311882019,0.5652570605278012,0.579994463920593,0.056551874003240014,0.9992642402648926,0.5561077833175656,0.5775939038821627,0.07309362952198298,0.9993956685066223,0.564934842927115,0.5828387669154573,0.008794945767294844,0.9985202550888062,0.5593117765017915,0.5887091057641163,0.07215613382203234,0.9987571835517883,0.5616480469703671,0.5902445503643579,0.05291523358651567,0.9985350966453552,0.5407738447189329,0.6118763702256336,0.11420971687350949,0.9999281764030457,0.5532142145293097,0.6197468008313858,-0.04758737108537127,0.9999657869338989,0.5401636787823265,0.665181607859475,0.17298308866364606,0.2279636412858963,0.541993849618094,0.6752203907285415,-0.09359527123825886,0.8124905824661255,0.5632633430617193,0.6775411997522622,0.21947442122868116,0.4627923369407654,0.5646635430199757,0.6939067772456574,-0.10341460236481252,0.7620681524276733,0.5676342487335202,0.6810418929372511,0.23458117587225766,0.5381342768669128,0.5702000175203593,0.6966040134429928,-0.11666284650564188,0.7583130598068237,0.5704936334065026,0.6770775250026155,0.22422889471054067,0.5404031872749329,0.5720355800219942,0.6890122515814642,-0.10594736954995558,0.7543758749961853,0.5687030553817746,0.6752605812890187,0.21644573552267882,0.5082442760467529,0.5703058191708154,0.6881002988134108,-0.09909887207405904,0.7343286275863647,0.5240817240306307,0.7171929972512378,0.05332618909222736,0.9999892115592957,0.5365503805024281,0.7226599454879757,-0.05335024478180066,0.9999889731407166,0.5169535347393579,0.7913435884884421,0.08131614902189796,0.9795249104499817,0.5679847938673834,0.7838137728827337,-0.055952156228678544,0.9865248799324036,0.4913900835173468,0.8552289996828347,0.08544623138649118,0.9877033829689026,0.5644196799823213,0.86660885981151,-0.042560944599764665,0.9903740286827087,0.4861962922981805,0.8652139919144762,0.08487537194575578,0.9939404726028442,0.560157673699515,0.8812238301549634,-0.041740812041929774,0.9935990571975708,0.4990414696080342,0.8702043482235496,0.06809413709810799,0.9475801587104797,0.5839025361197332,0.8778404082570752,-0.05693715970431052,0.9481106400489807
100,0.5621462787900651,0.5803923623902454,0.054502144668783434,0.9989532232284546,0.5610465185982838,0.5733603256089344,0.056870797808681185,0.9987467527389526,0.5600071515355789,0.5727563398224964,0.05679553789751868,0.9987826347351074,0.5589543972696573,0.5721252764974318,0.05680143449987682,0.9991191029548645,0.5635529739516119,0.5751663344246998,0.04210511137332233,0.9991001486778259,0.5642198017665315,0.5755923867225644,0.04199008473328179,0.99919193983078,0.5648059351103644,0.5758147205625259,0.04195944698793545,0.9993289709091187,0.5561998588698248,0.57373696906226,0.062126813828945124,0.9994397163391113,0.5636713181223185,0.5778053317751202,-0.0053058065985429215,0.9986590147018433,0.559662410191127,0.5853329351970125,0.05902075458850176,0.9988439679145813,0.5616629447255813,0.5868102874074661,0.03894012788576737,0.9986627101898193,0.5401098983628407,0.6089348384312219,0.10899092597620823,0.9999309182167053,0.5512833101408819,0.6145206008638651,-0.05851173246545448,0.9999682903289795,0.5384912371635434,0.6625814591135295,0.16611605073724467,0.2159029245376587,0.5388661026954649,0.6710507852690557,-0.10283289913620264,0.8307985663414001,0.5602697168077739,0.6773327980722696,0.20786105607237126,0.4328438639640808,0.561490816729409,0.6919994643756318,-0.10820715597697661,0.7855497598648071,0.5644893033163885,0.6826503889901294,0.22206591154847816,0.506263017654419,0.5669134054865153,0.696116415091923,-0.12053872325590673,0.7818189263343811,0.5675290414265222,0.6781287619045799,0.21313290766307275,0.5097559690475464,0.5689862115042548,0.6887344155992777,-0.11082945508616306,0.7782002687454224,0.5656670263835359,0.6753502283777506,0.20499587995665405,0.4809103012084961,0.5672109365463254,0.6869234800338742,-0.10379378604037415,0.7588639855384827,0.5241947719029015,0.7135573472295486,0.05471589394978112,0.9999892711639404,0.5364233561924523,0.7186669145311624,-0.054738175230366816,0.9999894499778748,0.5155564512525284,0.7886825902121404,0.08478012872593739,0.9774747490882874,0.5663449066025867,0.7835162435259134,-0.062453531367438156,0.987621545791626,0.4914682575634545,0.8549401743071415,0.09560545576470235,0.9878190755844116,0.556718153612954,0.8650521363530836,-0.0399960578552314,0.9908528327941895,0.48668941174234637,0.865113954884665,0.09553461766668725,0.9937360882759094,0.5511047039713176,0.8782332011631553,-0.0373594753976379,0.9932125210762024,0.4996866473129815,0.8688854847635538,0.07955946890371182,0.9502331018447876,0.5753914730889453,0.8803873011044089,-0.05390381451163971,0.9512219429016113
101,0.5626983353069848,0.5784449951989308,0.056552225191678296,0.9990302324295044,0.5615331581660676,0.5710367798805234,0.0594102018246693,0.9987894892692566,0.5604892969131468,0.5703908596720011,0.059342574301574885,0.998842716217041,0.5593973738806586,0.5697128977094374,0.05934745028082811,0.9991471767425537,0.5635924628802705,0.5724473663738793,0.04424481434481482,0.9991549253463745,0.5639744877815245,0.5726027846336362,0.044130749468292485,0.9992567896842957,0.5643063647406439,0.5725674748420713,0.04410292846815925,0.9993792772293091,0.5560901386397223,0.5709053141730169,0.06572619149727478,0.999470591545105,0.5622830663408549,0.5740777441433496,-0.002855612466581595,0.9987748265266418,0.5600334712437218,0.5833250369344436,0.06157952340851935,0.9988934993743896,0.5615829246384755,0.5845141887664792,0.04107869038624421,0.998759925365448,0.5390520232064381,0.6064156753676275,0.11064860927207124,0.9999327063560486,0.5502428208078654,0.6115326387541632,-0.05657448906983645,0.9999700784683228,0.5366987381662639,0.6598599859646386,0.16273145015750606,0.20075097680091858,0.5368825554847715,0.6684679167611256,-0.09292219494070322,0.8473208546638489,0.5567571367536269,0.676859264714377,0.19324969425797456,0.4035714864730835,0.5596470134598865,0.6905251077243256,-0.09302214000906259,0.8062323331832886,0.5608512605939591,0.6842246770858761,0.20595956008349137,0.4758610129356384,0.5651551553181238,0.6958573358399525,-0.10875121674367355,0.8021171689033508,0.5643960646220614,0.6785281777381894,0.19745959863066664,0.47999680042266846,0.5669263754572185,0.6885250653539381,-0.09838636879410056,0.7987201809883118,0.5625601887702939,0.6750077128410337,0.19018521404692096,0.45318078994750977,0.5650353687150135,0.6858225975717813,-0.0903892827885491,0.7788766622543335,0.5245047416005814,0.7108805111476351,0.05532033528600418,0.999988853931427,0.5372632367270331,0.7162604110581531,-0.05536581522652078,0.9999895095825195,0.5151693616594585,0.7856127977371212,0.08417712854487552,0.9754020571708679,0.5643123473439895,0.7840941974094933,-0.062348610482045555,0.9884688854217529,0.49227607079914615,0.854487471921103,0.09288330887045175,0.9876986742019653,0.547835428374154,0.864424439838954,-0.03698248038334504,0.9908121228218079,0.4875303362097057,0.8646904775074545,0.09256228847163059,0.9935484528541565,0.540928815092359,0.8753822445869441,-0.032963268831372246,0.9919270873069763,0.5011946788855959,0.8684297578675403,0.07790126885686599,0.9520897269248962,0.5646737047604149,0.8845384461539127,-0.04965807018535476,0.9520732760429382
102,0.5630080393382478,0.5772711924144196,0.04016139379569461,0.9990938305854797,0.561755083288465,0.56963437965938,0.043986311342035005,0.9988054633140564,0.5606630614825654,0.5689546772411889,0.04391868316701479,0.9988675117492676,0.5595011387552531,0.5682523301669526,0.043930063609565986,0.9991528987884521,0.5633794069290159,0.5707172087260652,0.02800623487148965,0.9991941452026367,0.5634772692407878,0.5707050902502875,0.02789112329483031,0.9993062615394592,0.5635677729334148,0.57056975705283,0.027863157859870355,0.9994191527366638,0.5556544985089981,0.5691223672458101,0.05609952168805256,0.9994745850563049,0.5609938945089065,0.5718278578349519,-0.01613214186051793,0.998866617679596,0.5599137272153579,0.582349187987191,0.04733915557818751,0.9988868236541748,0.5611093504088263,0.5831836036273409,0.025819796057684072,0.9988215565681458,0.5380959493773322,0.6047426036425997,0.09954577258654998,0.9999294877052307,0.5492881928171427,0.6093870844159804,-0.06876924602048734,0.999970555305481,0.5350204127175465,0.6588873079844881,0.13440164795943663,0.1910632699728012,0.5357000061443871,0.6658255934715267,-0.10169324342693598,0.8619055151939392,0.5528331075395854,0.6798619934490746,0.13005818852356496,0.36477237939834595,0.5580513051577973,0.6898031047412324,-0.10048341985259732,0.8240200281143188,0.5564091324806211,0.6889545542853216,0.1364192915814263,0.4309101104736328,0.5630511794771464,0.6958694883755272,-0.1191237717866897,0.8188459277153015,0.5599695614406038,0.6828218664441786,0.12557844445109362,0.4347250759601593,0.5650342549596511,0.6885392001696993,-0.10921082815953657,0.815494179725647,0.5586574843951632,0.6782226460320606,0.12521888603057174,0.41088756918907166,0.5632665123258316,0.6853816526276721,-0.0987744020564215,0.7940301895141602,0.5260181307792662,0.7097471560750686,0.056122435629367806,0.9999876022338867,0.5385331869125364,0.7155202065195353,-0.05618746067796432,0.9999892711639404,0.515374514034816,0.7833161626543313,0.08632575656686506,0.9597064852714539,0.56181583234242,0.7862116200583318,-0.05686966904572075,0.9888038635253906,0.49318068538393267,0.8543511612074711,0.0997616120747157,0.9834367632865906,0.5402829817363191,0.8637762393270216,-0.027380132355860287,0.9898902177810669,0.4877173875059398,0.8643051215580527,0.09968352828707008,0.9918869137763977,0.5327960065432955,0.8725702439035683,-0.023178292864135322,0.9893352389335632,0.5021925909178595,0.8682963081768577,0.08431308290788102,0.9469916224479675,0.5550812193325585,0.8893492494310647,-0.04096784857766967,0.9493311047554016
103,0.5631339890616278,0.5768730929919649,5.284819219793669e-05,0.9991491436958313,0.5619189585958206,0.5692571435655864,0.005761908433799231,0.9988410472869873,0.560841621671404,0.5685803583690096,0.005693210209054604,0.9988873600959778,0.5596950565065654,0.5678695661681037,0.005715443912361348,0.9991703033447266,0.5630793162754602,0.570152836186545,-0.011349656858614507,0.9992393851280212,0.5629685521125791,0.5700305070195877,-0.011466393726212632,0.9993523955345154,0.5628855926649909,0.5698162402425491,-0.01150316042559487,0.9994599223136902,0.5555157576288493,0.5684298566409517,0.030366145712988703,0.9994768500328064,0.5599052889006475,0.5706737927028109,-0.04729186810405474,0.9989529848098755,0.5598313723291667,0.5820752143859861,0.011775779737425697,0.9989374279975891,0.5606800811631336,0.5827356559889655,-0.011244548378246165,0.9989084005355835,0.5384639620780942,0.6038800546101158,0.08205718610967905,0.9999221563339233,0.5477995991706845,0.6079214419637404,-0.0927716902324131,0.9999711513519287,0.5344859378678455,0.6593129038810727,0.09946626978261126,0.1757095903158188,0.5340844273567198,0.6629234109606059,-0.12182345390319818,0.8753925561904907,0.550041260038103,0.6858993172645566,0.06016694466982565,0.33055269718170166,0.555534049442836,0.6898415310042243,-0.11772984564304347,0.8406291007995605,0.5532248497009276,0.6956964118140081,0.059752862261874304,0.39230048656463623,0.5604010292461937,0.697077359472002,-0.13699683717318936,0.8348755240440369,0.5561862707138059,0.6900173119136261,0.04701649834002765,0.3960060775279999,0.5627927235194613,0.6897710136004853,-0.12891956716775888,0.8315891623497009,0.5554046188082011,0.6850041168076648,0.05366272910365034,0.3741835355758667,0.5611904382705686,0.6864587630544388,-0.11594244007553367,0.8083105087280273,0.527245451722826,0.7095681122371125,0.05724309917007171,0.9999858736991882,0.5391407745225087,0.7149151461465014,-0.05731688461133409,0.9999890923500061,0.5164287294660292,0.7819927471024646,0.08922236285039353,0.9132091999053955,0.5587696552276609,0.7893821290561127,-0.057078771825347596,0.9882590174674988,0.49429700544902233,0.8534867048263546,0.11548405545098435,0.9695276618003845,0.5339062060628617,0.8637080771582464,-0.0227439524339778,0.9881173968315125,0.48855565190315225,0.8632391589028491,0.11630370489188598,0.9833890795707703,0.5262510895729062,0.87254136289869,-0.01978610626288822,0.981410562992096,0.502301342146737,0.8682346497263222,0.09827540602002821,0.9336900115013123,0.5472491996628894,0.8933741859027313,-0.042632908054760506,0.9454628229141235
104,0.5630743810108727,0.5770043066569734,-0.037949849558728065,0.9992287158966064,0.5619034477642602,0.5695917163576396,-0.03137097709945269,0.9989457726478577,0.5609135815075463,0.5688666684286933,-0.031449905144316795,0.9989867210388184,0.559776152883257,0.5681182350431166,-0.03141919119017464,0.999243974685669,0.5626367977687288,0.5703396660940985,-0.04881481964673313,0.9993104934692383,0.5623557073729376,0.5702895266669135,-0.04893110256109917,0.9994140267372131,0.5621102758816308,0.5701463477952138,-0.04897803217172621,0.9995113015174866,0.5557106511933461,0.5687789406095229,0.0016911227256059618,0.9995217323303223,0.558592993872506,0.5710291862487791,-0.07772432279640007,0.9990533590316772,0.5599396330969671,0.5823454754693165,-0.023035218939185136,0.9990330338478088,0.5606102313314163,0.582666378361838,-0.046582937559911164,0.9990115761756897,0.5396861246653963,0.6040854896817885,0.06067612298897332,0.9999245405197144,0.5454983711242674,0.607723191806248,-0.11466320167694768,0.9999729990959167,0.5352435333388189,0.6597077948706487,0.07603314795664375,0.16315442323684692,0.5332881075995306,0.6619022692952834,-0.14574664064816062,0.8876526951789856,0.5498146108218599,0.691116082668304,0.024352010605590668,0.304969847202301,0.5533095036234171,0.6912139024053299,-0.14280011206865303,0.8559005260467529,0.5528829387256076,0.7009432213647022,0.02072902375033922,0.36569392681121826,0.5582398363522119,0.6998572485787524,-0.1595071647848401,0.8498896360397339,0.5554433941841123,0.6958762424332752,0.006827648223510802,0.36995285749435425,0.5608201026916502,0.6927407332829063,-0.15425173533814285,0.8467762470245361,0.5548565302576335,0.690936173711504,0.017013500471200246,0.34946396946907043,0.5592316848891119,0.6892978736332482,-0.13998730097498208,0.8229809403419495,0.5298807944570266,0.7092488254819593,0.05720887077706198,0.99998539686203,0.5393343227250234,0.7140062093734738,-0.05726474874785965,0.99998939037323,0.5173123410769869,0.7807919842856268,0.09174478266920358,0.8737362623214722,0.5533832260540551,0.7936279875891545,-0.058458667142050585,0.9885061979293823,0.49549926349094914,0.85187189238412,0.13043970508234837,0.9557508826255798,0.5294942872864856,0.8661759069987701,-0.016665731902633388,0.9878466725349426,0.48997372473989187,0.8618227941649297,0.13212702849081578,0.9751404523849487,0.5221204280853269,0.8757680535316463,-0.013879165000149176,0.9771164059638977,0.5022703068596974,0.8681315677506578,0.10890638168369016,0.9254450798034668,0.5437464782169884,0.8955621497971666,-0.04632561039179561,0.9469462037086487
105,0.56327417407717,0.5776728425707134,-0.05431587275649818,0.9993017911911011,0.5621727398463655,0.5703391500881737,-0.04739086717101078,0.9990448355674744,0.5612131868089946,0.5695858716964719,-0.047478886933198974,0.9990813136100769,0.56008300440652,0.5688205753053935,-0.047446208580264,0.9993144273757935,0.5627985307148522,0.5707178899220056,-0.06488642990589139,0.9993765950202942,0.5623317497117176,0.5706701806613375,-0.06499898572053225,0.9994707703590393,0.5618462460381641,0.5705698200634546,-0.06505193720970831,0.999558687210083,0.5561661958694455,0.5696177874292643,-0.011415254431111467,0.9995648860931396,0.5574518322944638,0.571847821984972,-0.09100448893649232,0.9991452097892761,0.560326484271458,0.5836061767169405,-0.03829290157716188,0.9991234540939331,0.5610972728048049,0.5834623285702294,-0.0619151876973254,0.9991067051887512,0.5406329393386838,0.6053011042731147,0.04983762204647062,0.9999282956123352,0.5444471563611709,0.6090288094111849,-0.12350671780960895,0.9999749064445496,0.536032472337995,0.6602930205208912,0.07362119661910191,0.15042708814144135,0.5330886381013051,0.6629884004592892,-0.1494202200855527,0.8986614942550659,0.5497477139745437,0.6938093236514496,0.029345000242548314,0.2827044129371643,0.5520826901708328,0.6946156808308189,-0.14442703170435764,0.8695436716079712,0.5524866359574452,0.7047658341271533,0.02669523140149456,0.3428035080432892,0.557555077757154,0.703905458109719,-0.1618367075920104,0.8630924224853516,0.555186901773725,0.6999736223902018,0.012378115020692346,0.34775564074516296,0.5600588866642541,0.6971633519445144,-0.1570593697684151,0.8600821495056152,0.5547917263848439,0.695079604216984,0.02206468758106763,0.3281179964542389,0.5583543011120384,0.6937694787979123,-0.14214814092431743,0.8350305557250977,0.533352960859026,0.710354684080396,0.056760538582290895,0.9999856352806091,0.539898439816066,0.7152243869645252,-0.05680671696152004,0.999989926815033,0.5209078737667625,0.7814624479838777,0.1015811381595475,0.8381513357162476,0.5479795898709976,0.7978483796119686,-0.04437314005834714,0.9883288741111755,0.4969824663230349,0.8498913049697873,0.1462497223700795,0.9481043219566345,0.5268097332545687,0.870447742938995,0.00384867712855339,0.9878815412521362,0.49165947863033815,0.8602780478341234,0.14855712609631666,0.970403254032135,0.5201120563915795,0.8804044025284898,0.006836865030761273,0.9742889404296875,0.5020742092813762,0.8679215243884492,0.12192628170762738,0.9234728217124939,0.5432696240288868,0.8963033284459792,-0.03229647598096301,0.9490595459938049
106,0.5634127685001915,0.5786488158362251,-0.06541445872613358,0.9993653297424316,0.562340325968606,0.5713167105402263,-0.05798588144992076,0.9991307854652405,0.5613755209105353,0.5706718427794317,-0.05807640105485914,0.9991625547409058,0.5603552154132295,0.5700172322137013,-0.05803986106600078,0.999374508857727,0.5631120358194621,0.5712105257170538,-0.07609192154237199,0.9994349479675293,0.562514063290187,0.5711077758244103,-0.07620512864419389,0.9995211958885193,0.5618228673934934,0.5710291777338298,-0.07625826096960472,0.9996010065078735,0.5564268997737337,0.5711057679993763,-0.019149414609585483,0.9996009469032288,0.556685846192496,0.572745186941964,-0.10131844771759846,0.9992274045944214,0.5605690564428054,0.585647278172629,-0.04838190834437096,0.9992017149925232,0.5616144009998864,0.5850837418011253,-0.07274627376879961,0.999191164970398,0.5428366473742892,0.60853773014886,0.04417166805693079,0.9999285340309143,0.5442728127752029,0.611195259434836,-0.1328116331781659,0.9999765753746033,0.5367922340120586,0.6621401837893891,0.06807605943509507,0.13694711029529572,0.5334258879934035,0.6661948680877683,-0.15820302878107337,0.9085992574691772,0.5499759282384598,0.6970729385103496,0.02051271004602312,0.2567155659198761,0.5520090375627787,0.699310437270573,-0.15417004227638237,0.882023274898529,0.5522178343364168,0.70969466141292,0.017008915383900907,0.31300148367881775,0.5574778318405148,0.7086987512452259,-0.17262617009026654,0.8753746747970581,0.5552796159471782,0.7049637709345133,0.00200201967465026,0.31780707836151123,0.5602023465292791,0.7025703617504662,-0.16799005482877993,0.8724660277366638,0.5550774982997346,0.6996363997459408,0.012792467099747481,0.29996106028556824,0.5585674984114508,0.6990071126392906,-0.15201148603643683,0.846838653087616,0.5369931680815558,0.7127390793391634,0.057147754515920336,0.9999856352806091,0.5402771592140195,0.7173693316323413,-0.057181529594319186,0.9999904632568359,0.5290959920201981,0.785704820496695,0.09974613615444725,0.8040016293525696,0.5452760440962653,0.800573372840881,-0.03325128768171581,0.9878747463226318,0.4996520144598822,0.8472589288439065,0.1468897466148648,0.9389942288398743,0.52639422246388,0.8737504260880602,0.01791527987058673,0.9880189299583435,0.4929712210382732,0.856059406484876,0.1487865665129252,0.9646362662315369,0.5200174416814529,0.8830992988177705,0.021201671620032607,0.972087562084198,0.5031887752669195,0.867866798809596,0.11914168319531844,0.9196291565895081,0.5439577664647781,0.896847079481397,-0.018448446611208563,0.9507753849029541
107,0.5635231767381937,0.5798623289380752,-0.08021853427801809,0.9994269609451294,0.5624248095921105,0.5726405433246065,-0.07212766408920285,0.9992151260375977,0.5616466641426084,0.5722062076841079,-0.07221920724425994,0.9992434978485107,0.560996319566454,0.5717301147324696,-0.07218053277049742,0.9994348287582397,0.5633116756166728,0.572227106775556,-0.09063377742256433,0.9994904398918152,0.5626481839588707,0.5720046894890919,-0.09075341671705241,0.9995684623718262,0.5618238687515256,0.5718494943210055,-0.09080283322504584,0.9996404051780701,0.5565333213124954,0.5730083976473125,-0.029262780983533163,0.9996390342712402,0.5563172255243571,0.5735077398163929,-0.11314345513071328,0.9993038177490234,0.5610238977840966,0.5877783724239891,-0.06173207781144548,0.9992792010307312,0.5618529473032268,0.5871259689331052,-0.08657215940100801,0.9992708563804626,0.5464615515300203,0.612239917687007,0.03752949338938507,0.999933123588562,0.5443036573273793,0.6141357234546113,-0.14220824071339191,0.9999786615371704,0.5375651751245769,0.6695764115878511,0.06055475154093331,0.1260632425546646,0.5334763016019546,0.6707780923162185,-0.16923212366444718,0.9176248908042908,0.5504284603255133,0.7017568928854803,0.007946657432642362,0.23700697720050812,0.5525744421141485,0.7041539975575035,-0.17104723325797483,0.8935474753379822,0.55227118900844,0.7152122242110113,0.0032978046020226796,0.2924456298351288,0.5579836470740179,0.7136578832353861,-0.19104342801230284,0.8871848583221436,0.5555678537913729,0.710194064889635,-0.012595781870186323,0.2977394461631775,0.5610189420836309,0.7076642956052505,-0.18694935015269679,0.884480357170105,0.555319125311715,0.7051145689828051,-0.00027447092413370155,0.28082141280174255,0.559410762786865,0.7040488600730892,-0.16920335165091915,0.8598332405090332,0.539249891894204,0.7152650424412315,0.05751592761703897,0.999986469745636,0.5403139846665517,0.7191304223878039,-0.05754234152180805,0.999991238117218,0.5375020521027698,0.7915264351027348,0.08765890470572876,0.7941361665725708,0.5457629237856181,0.8006067156791683,-0.04192814880183763,0.9883444905281067,0.5036588881696971,0.8445388300078251,0.13390668715749462,0.9353609681129456,0.5261796985353739,0.8746074863842551,0.006730333316539012,0.9886265993118286,0.4957312405109403,0.8507048538752962,0.1349563436848776,0.9610505104064941,0.5196383340018134,0.8832705344472609,0.009897413783307583,0.9713524580001831,0.5083201663834706,0.8691088761602125,0.10469378360680166,0.9218559861183167,0.542895916530064,0.8966740454946242,-0.03138515864099774,0.9544116854667664
108,0.5639468993459427,0.5809001547949653,-0.09656393400260375,0.9994820356369019,0.5627485428537639,0.573814671380179,-0.08838476368359152,0.9992905259132385,0.5622405273573736,0.5734202640397206,-0.08847942884479246,0.9993155002593994,0.5618889502116609,0.5729771120207647,-0.08843792336327685,0.9994884729385376,0.563420486450195,0.5734233941350662,-0.1061489948204585,0.9995402097702026,0.562721526622772,0.5731753400393892,-0.10627543117318829,0.9996108412742615,0.5618067809513634,0.5729888319969174,-0.10632297822407309,0.9996758103370667,0.5568692173276626,0.5745815208980012,-0.04262098419879162,0.999672532081604,0.5560620580400737,0.5743539265223909,-0.12314999486718854,0.9993723034858704,0.5619731800896779,0.5889688968658444,-0.07692527430398119,0.9993484020233154,0.5620596919740947,0.5883553283555164,-0.10077231356075828,0.9993423819541931,0.5503587535449435,0.6150120445660179,0.026740074756422202,0.9999369978904724,0.5438721997397284,0.6171651005744931,-0.14648588597774498,0.9999805092811584,0.5396777697971886,0.6761372651372635,0.05266978825841629,0.11719343066215515,0.5334935733250207,0.6754774587494983,-0.17180392146110526,0.9257466793060303,0.5513880235808233,0.7095852102552138,0.0007386284215109688,0.22274580597877502,0.5539535267012458,0.7075610569545198,-0.1797892200095312,0.9040254354476929,0.5530873247555321,0.7212735107966828,-0.004558116836207251,0.2783116102218628,0.5592900429453166,0.7175321051052636,-0.2005131981202533,0.8980515003204346,0.5564659953117368,0.7165433611188613,-0.020716140818383,0.2845876216888428,0.5619067072868345,0.711024919578007,-0.19700421690940847,0.8955753445625305,0.5559259074074878,0.7121234553200855,-0.007487967038261035,0.2671596109867096,0.56015191248485,0.7073584028652733,-0.17821451893874568,0.8722459673881531,0.5435253603117804,0.7181503977094374,0.05624234644430022,0.999986469745636,0.540357662950243,0.7200425982475277,-0.05625231670481815,0.9999916553497314,0.545018296582358,0.7952571443149018,0.07398322873881882,0.7668924927711487,0.5453262226922169,0.8000876069068905,-0.05365358505930217,0.9878775477409363,0.5100605062076021,0.8428691319056916,0.1238097305808748,0.9211975336074829,0.5260855538504461,0.8745816213744023,-0.002867706000272717,0.9882251620292664,0.500956663063594,0.847279402187892,0.12556874837194165,0.9514044523239136,0.5195509467806132,0.883251355375562,0.0006030414120427189,0.9655876755714417,0.5155681848525999,0.870680737495422,0.09416594994919636,0.9158790707588196,0.542190749304635,0.896148892811366,-0.04518785191965953,0.9556441307067871
109,0.5646206361906867,0.5813807896205354,-0.11856232924120762,0.9995333552360535,0.5633597203663415,0.5743613021714344,-0.11053729227610991,0.9993609189987183,0.5631715842655725,0.5739108494349885,-0.11063823572226929,0.999383270740509,0.5630850076675413,0.5734248331614901,-0.11060050981385362,0.9995390772819519,0.5635518176215033,0.5741045253617421,-0.12758221370833256,0.9995859861373901,0.5628337655748638,0.5738430585180007,-0.12771236492054797,0.9996496438980103,0.5618472525051659,0.5736585617065427,-0.1277643408094133,0.9997081756591797,0.5576789055551798,0.5752127630370001,-0.06226300724915093,0.9997047185897827,0.5559748513357977,0.5747904845646447,-0.1395188084670475,0.9994348883628845,0.5632396868297029,0.5892403568540298,-0.097808185751949,0.9994129538536072,0.5623955845832822,0.5887478300503319,-0.12070025673934386,0.9994078874588013,0.5534003768648418,0.6157964144434245,0.010940099480961044,0.999941885471344,0.5438959411212374,0.6188606653894694,-0.15557291379996702,0.9999823570251465,0.5431995919772554,0.6785384825297761,0.04248697906732557,0.10999339818954468,0.5339176739965164,0.6780009116445265,-0.1771555904831204,0.933128833770752,0.5518308332988191,0.71699400969914,-0.007391242945699816,0.20972827076911926,0.5554621815681455,0.7087339997291562,-0.1886720257146017,0.9135631918907166,0.5538665584155489,0.7274884309087477,-0.013125983372862846,0.26547589898109436,0.5607319644519259,0.7192438466208319,-0.2098733310188565,0.9080862998962402,0.5569174970899307,0.7239013842173981,-0.02961637981768164,0.2722885310649872,0.5636794720377238,0.7120003274508881,-0.2068882716553551,0.9058326482772827,0.5563107303210664,0.7199268255914957,-0.015559965435282454,0.25465574860572815,0.5618566734450201,0.708608165809086,-0.1872589524303163,0.8843816518783569,0.5481654388563971,0.7202317459242682,0.054695545562675994,0.9999873042106628,0.5407396078109739,0.7206979121480666,-0.05468711012176102,0.9999923706054688,0.5511853047779626,0.7961405464581077,0.06718989706465173,0.7610887289047241,0.5432617953845431,0.8001880237034386,-0.05920923533184185,0.988355815410614,0.5189164876937864,0.8462146656853808,0.126281617794718,0.9110428094863892,0.5256293756621222,0.8742539678301126,0.0018499983341566137,0.9887155890464783,0.5106219777039117,0.8500453948974606,0.12905671809400826,0.9451351165771484,0.5193652101925439,0.8838637096541264,0.005031122253941636,0.9651913642883301,0.5267740368843076,0.877017760276794,0.09584007603781558,0.9144433736801147,0.5414565137454439,0.8960747531482147,-0.047397301133189865,0.9586473703384399
110,0.565308310304369,0.5814868739673067,-0.13708597783531454,0.9995790123939514,0.5641329526901242,0.5745180215154373,-0.12874199705464495,0.9994235634803772,0.5641898632049558,0.5740306530679973,-0.12884664131062365,0.9994433522224426,0.5643036058970858,0.5735244955335341,-0.12880876553910114,0.9995839595794678,0.5636037315641128,0.5743463226727075,-0.14494813489062439,0.999626874923706,0.5629497851644241,0.5740726930754523,-0.1450802688087735,0.9996843338012695,0.5619435548782347,0.573893584523882,-0.14513690365212295,0.9997370839118958,0.5590603487832203,0.575426363945007,-0.0768357055527823,0.9997331500053406,0.5561245066778997,0.5749304618154251,-0.15032777658530638,0.9994907975196838,0.5643904651914322,0.5891548650605335,-0.11494755191462375,0.9994707107543945,0.5629235676356721,0.5887503249304633,-0.1367478179080145,0.999466598033905,0.5559404679707116,0.6157538907868518,-9.22133746956164e-06,0.9999468326568604,0.5443943347249709,0.6193007928984503,-0.16113124191761008,0.9999839663505554,0.5474227036748611,0.6759405238287786,0.035381303089005584,0.105594702064991,0.5348489471844262,0.678734707832336,-0.18322056617055613,0.9397413730621338,0.5531994410923546,0.7198520643370488,-0.013228252576664086,0.20499350130558014,0.5562250750405445,0.7080929892403736,-0.19989352524280538,0.9220238924026489,0.5546519415719167,0.7297758136476786,-0.019232886204762108,0.25956013798713684,0.56162200314658,0.7192997932434079,-0.22179312407970417,0.9167317152023315,0.557885888644627,0.7274914673396516,-0.035825795573847616,0.26749831438064575,0.5657196504729133,0.7126121282577511,-0.21904935453619265,0.9146401286125183,0.5571935977254592,0.7237718854631693,-0.02126689167427164,0.24811343848705292,0.5638801745006013,0.7093992812292913,-0.19863912463188163,0.8937624096870422,0.5517015746661592,0.7210480247225077,0.05325802160160879,0.9999875426292419,0.5408663562365938,0.7207629510334557,-0.053242671063968086,0.9999927878379822,0.5582484892436433,0.7957761968885145,0.060181828801121,0.7188165187835693,0.5410257509776522,0.8002856527056009,-0.061112392055136786,0.9857183694839478,0.5297361101422988,0.8513311675616669,0.12798504616533002,0.867135763168335,0.5252315129552566,0.8741008434976847,0.004738604397113832,0.9839199185371399,0.5219923598425726,0.8559085079601829,0.13148702595915107,0.9125877618789673,0.5190798180443897,0.8843647497040881,0.00775099783869726,0.9401007890701294,0.5393947090421402,0.8827699439866199,0.09499774255922858,0.8879607915878296,0.5419647795813421,0.8967593329293383,-0.04697219048227581,0.9529659152030945
111,0.5660028440611701,0.5814455611365179,-0.1484752376164708,0.9996205568313599,0.5649890593120028,0.5744752032416205,-0.13951769960778093,0.9994804859161377,0.5652045863015308,0.5740085772105623,-0.13962853423186705,0.9994980692863464,0.5654478532927374,0.5735220483371186,-0.1395898840257099,0.9996247291564941,0.5637441379683356,0.5743305172239028,-0.1550614035555294,0.9996638894081116,0.5630198189190453,0.5740830523627143,-0.15519582905939638,0.9997157454490662,0.5620260766574312,0.5739306143351961,-0.15526016908032547,0.9997632503509521,0.5606170518057685,0.5755107079233439,-0.08390165162937978,0.999758780002594,0.55637218100684,0.5750153320176258,-0.15451527323041636,0.9995413422584534,0.5653412188802444,0.589039531775883,-0.125027176950659,0.9995225667953491,0.5635489174297875,0.5886805091585429,-0.1459846328411783,0.9995194673538208,0.5576464193207874,0.6152750798634118,-0.0044348637947613095,0.9999504685401917,0.5449942197118484,0.6193912659372599,-0.1628569679600851,0.99998539686203,0.5497579915182929,0.6749388234955921,0.03348746523261069,0.10087900608778,0.5356566991124831,0.6787690929004121,-0.18798960191862915,0.9456603527069092,0.5550086123602729,0.7163820556231904,-0.013695281195188203,0.19551058113574982,0.5576274241719925,0.7076444217136925,-0.20906845033168783,0.9295530319213867,0.5561662282262527,0.7284217204366409,-0.01962199812488896,0.24896740913391113,0.5632756624902995,0.7190595848219732,-0.23151846187455302,0.924304187297821,0.5585943545613967,0.7257240312440052,-0.03618243299424647,0.25737524032592773,0.5683446833065575,0.7136460593768525,-0.22916256146771558,0.9223518967628479,0.5578895211219785,0.7222332715988156,-0.021599436624507813,0.2376617193222046,0.5666708435331069,0.7107233626501898,-0.2080692423241478,0.9017528891563416,0.5535070759909491,0.7207483274596074,0.051712205473865756,0.9999881982803345,0.541328179836273,0.7206420012882775,-0.051712171839816204,0.9999933242797852,0.5635229945182798,0.7951341322490143,0.057051194672073605,0.7079665064811707,0.5394224711826867,0.7999835661479401,-0.059467125045401685,0.9854568243026733,0.5396010943821495,0.8558711443628579,0.12900739950793125,0.8589493036270142,0.5251453927585055,0.8737524884087695,0.00841632188696946,0.9838694334030151,0.531721154281071,0.8609517148562836,0.13294404021331235,0.9022751450538635,0.5190718208040508,0.883966904027121,0.011983581738812575,0.9325887560844421,0.5521040252276828,0.887513548987252,0.09319476591689242,0.8871300220489502,0.5422286186899455,0.8978037578718998,-0.04403636923858095,0.9548921585083008
112,0.5668171950748986,0.5814058031354629,-0.14957792971815376,0.9996570348739624,0.5659062709127151,0.5744471549987791,-0.1401455023459025,0.9995304942131042,0.5661916272980823,0.5739994866507392,-0.14025747137410294,0.9995456337928772,0.5664886338370184,0.5735291004180906,-0.14021163114479604,0.9996599555015564,0.564075456346784,0.5743357794625416,-0.15482128219945082,0.9996967315673828,0.5631260769707813,0.5741068022591724,-0.1549575861011232,0.9997437000274658,0.5620796833719524,0.573951995372772,-0.15503214980874735,0.9997865557670593,0.5621850575719558,0.5756262898445126,-0.0820477553776332,0.999779999256134,0.5566512278148104,0.575075234685625,-0.14879091594900395,0.999586284160614,0.5662265998976569,0.5889580471175055,-0.12525677170072277,0.9995672106742859,0.564317805426461,0.5886351091521125,-0.1450913046087537,0.9995661377906799,0.5591189588819229,0.6151310767446243,-0.0015400458825752137,0.9999521970748901,0.5453085064887997,0.6197405253137858,-0.15635564284665238,0.9999865889549255,0.55138966015407,0.6744575636727466,0.04108111187815665,0.09362078458070755,0.5372532963752744,0.6795327118464876,-0.18089327684470577,0.95094895362854,0.5557443056787761,0.7175963231495446,0.001053378099043455,0.1821114867925644,0.5607565283775326,0.7085570301328383,-0.2003108365195137,0.9362232089042664,0.5564780950546262,0.7303081478391371,-0.003713357608233176,0.23406867682933807,0.5665718930108203,0.7198723997388563,-0.2220739458288464,0.9308673143386841,0.5579781549317493,0.7253444995198928,-0.01963698917201586,0.24248014390468597,0.5710225837571277,0.7156340122222897,-0.21934605836868276,0.9290313124656677,0.5573230266571042,0.7231760280472889,-0.006351196286933758,0.2232828438282013,0.5694899048124038,0.7129441295351298,-0.19906544259616296,0.9082721471786499,0.5559189796447752,0.721993027414594,0.04976740053721834,0.999988853931427,0.5427153468132017,0.7219905989510669,-0.049784149548837094,0.9999938011169434,0.5684834667614524,0.7946061236517765,0.060144192938293706,0.7079910635948181,0.53826539005552,0.8000478489058355,-0.043855324706860925,0.9854980707168579,0.5497929300580704,0.8594411407198221,0.13411315275090074,0.8615140318870544,0.525660066945212,0.8735526953424723,0.024130932334810486,0.9844444990158081,0.5421449865613661,0.8666887606893263,0.1387896646346364,0.8991373181343079,0.5197992716516765,0.8835764408111568,0.028869244163589804,0.9299718141555786,0.562982448509761,0.8894270368984762,0.09530422623668394,0.8913313150405884,0.5430429577827451,0.898606169223785,-0.02692433734025273,0.9575468301773071
113,0.5676642162459234,0.5814415778432571,-0.1485355364424841,0.9996907114982605,0.5668639046805243,0.5745452608380996,-0.13899299161774764,0.9995765686035156,0.5672070179666789,0.5741546102932518,-0.1391015512602669,0.999589741230011,0.5675564510481695,0.5737321138381956,-0.1390525238854544,0.9996926784515381,0.5647003837994164,0.5744245341845918,-0.15339195813451487,0.9997267723083496,0.5634441256523129,0.5741993699754985,-0.15352833696774065,0.9997691512107849,0.5622501356261115,0.574041640758514,-0.15360412767955228,0.9998077750205994,0.5637981925691875,0.5758241295814511,-0.07976900615862434,0.9997997283935547,0.5570389100483484,0.575084614753723,-0.14523587226867668,0.9996272325515747,0.5670782004083903,0.5889492051942005,-0.12371428353445864,0.999608039855957,0.56509667294366,0.58867324079786,-0.14318220998559672,0.9996086359024048,0.5604978408132277,0.6149154305458066,0.0025327102339360854,0.9999520778656006,0.5459619811602998,0.6201057042394362,-0.15287850201129904,0.9999877214431763,0.5533148918833048,0.6743133016995019,0.04614767799420014,0.0858563557267189,0.5402465888432092,0.6806396365165707,-0.17598826161452694,0.9557658433914185,0.5579260894230431,0.7196440049580162,0.00551915301808289,0.16667652130126953,0.5642057861600601,0.7109342387744355,-0.19294539264270227,0.9423285722732544,0.5588822228567938,0.7327409437724519,0.0006596113555133358,0.21555279195308685,0.5694865465164183,0.7219232593263896,-0.21433879903384606,0.9369306564331055,0.560365409510476,0.7270366566521778,-0.015749287445630335,0.22358521819114685,0.5734241332326613,0.7185003093310761,-0.21172454697745174,0.9352189898490906,0.5594775489398409,0.7251068864549906,-0.0020961466444922314,0.20572546124458313,0.5720437799181254,0.7159475173268997,-0.1916656064135687,0.9145968556404114,0.5576189313616069,0.7229176163673396,0.04871836368526729,0.9999891519546509,0.5445369243621824,0.7232449565614969,-0.048747120371886644,0.9999942183494568,0.5714177097593032,0.7951786892754686,0.05585014447569844,0.7043865919113159,0.5374096836362564,0.800491779191153,-0.0352041539869138,0.9846959710121155,0.5600701860019136,0.8663262878145487,0.12250665894576476,0.8624606132507324,0.5259792004312784,0.8732584101813177,0.030932488013058885,0.9840295910835266,0.5539350696972436,0.8762347102165218,0.12598714913640696,0.8943955302238464,0.5200420686176843,0.8834159306117463,0.03532506094447202,0.9200899600982666,0.5760987332889009,0.8941826479775561,0.07953227226223261,0.8945494890213013,0.5425031168120245,0.8990615929876051,-0.019658127244162764,0.958506166934967
114,0.568841230869293,0.581625698293958,-0.14973498966012677,0.9997214674949646,0.5680723207337512,0.5747400811740329,-0.13988228312560486,0.999618649482727,0.5684977241924829,0.5744748268808635,-0.13998764795916416,0.9996303915977478,0.5689229777881075,0.5741602642195562,-0.13993555775710506,0.9997230172157288,0.5657378298895697,0.5745372857366287,-0.15408661365509027,0.999754011631012,0.5643268448965888,0.5743366411754061,-0.1542192144053322,0.9997921586036682,0.5629643252917697,0.5742394004549296,-0.15429139477866027,0.999826967716217,0.565558794566563,0.5763931853430608,-0.07935654563563208,0.9998190999031067,0.5578404937471659,0.5757082070623123,-0.14399497679301665,0.999664306640625,0.5682750259126933,0.589209026949746,-0.12448875776359007,0.9996464252471924,0.5662831340517314,0.5889223592621937,-0.14373882710933678,0.9996473789215088,0.562377994401114,0.6154874154499597,0.0032909366934161096,0.9999547004699707,0.5470679317201884,0.6206930211612154,-0.15145081664834698,0.9999887943267822,0.5557547960962566,0.674570832933698,0.04132335212613853,0.08383574336767197,0.5436763031142096,0.6822164467402864,-0.1746647268533706,0.960131824016571,0.5621224267142158,0.7199653812817162,-0.007162150281614486,0.1720106601715088,0.566442206927708,0.71402530329568,-0.19335270396300716,0.9479269981384277,0.5630625792912072,0.7320864524160109,-0.013588791713118546,0.22512434422969818,0.5711322546005246,0.7250977805682588,-0.2155174434185027,0.9427435994148254,0.5652636476925439,0.7283117226191925,-0.03058359442012649,0.23492783308029175,0.5747059294155663,0.7222988860947742,-0.21344749586922773,0.9411813020706177,0.5643756934574669,0.725120367322649,-0.015246910442199016,0.21450437605381012,0.5732890725135801,0.7191518970898216,-0.19244080483913414,0.9215303659439087,0.5594761507851734,0.7241058843476429,0.048436069488525364,0.9999891519546509,0.5461428471973961,0.724458803449358,-0.04846440266285622,0.9999943375587463,0.57273553609848,0.7987207668168199,0.05782727918454576,0.7149271965026855,0.5372056995119365,0.8008870669773642,-0.032863791499819064,0.9851828813552856,0.5703241314206802,0.8746314968381605,0.12077430422816952,0.8704330921173096,0.5262166057314189,0.8731322509901861,0.03397259802690573,0.984220564365387,0.5658674887248445,0.887314082895006,0.12356673670666553,0.8968431353569031,0.520283576420375,0.883504986763,0.03831640726753642,0.914792537689209,0.5883766583033968,0.8990116613251817,0.07534003151314596,0.9019759893417358,0.542166187082018,0.8988175085612702,-0.01544819906620042,0.9605387449264526
115,0.5705312269074574,0.5831114275114875,-0.15506524997098098,0.9997490644454956,0.5697538733482358,0.5759430510657171,-0.14520183716501503,0.9996563792228699,0.5702057514871867,0.575714552402496,-0.1453112623521259,0.9996667504310608,0.5706564256123132,0.5754307235990249,-0.14526063033512654,0.9997501373291016,0.5674155763217379,0.5758737836565287,-0.15939837183271127,0.9997784495353699,0.5659660952431813,0.5757603951862877,-0.1595238668578011,0.9998127818107605,0.5644971217427932,0.5757678185190471,-0.1595961745296205,0.9998441934585571,0.5673893741198945,0.5778480257306777,-0.08433367801564076,0.9998362064361572,0.5592848794800892,0.5777444839477537,-0.14907339385577606,0.9996976256370544,0.5699471541813439,0.5904867087091716,-0.1297758643116269,0.9996806383132935,0.5679912277630395,0.5902421423367089,-0.1490827683891568,0.9996821284294128,0.5649929029600959,0.6166796530996047,-0.003226724656997247,0.9999569058418274,0.5489534820829116,0.6223678197179519,-0.1548349635941641,0.9999896883964539,0.5587745462145122,0.6757738726479664,0.028499429672956454,0.08040593564510345,0.5461736219269886,0.6838578701019284,-0.1790178396872111,0.9640278220176697,0.567461207934788,0.7186640262603756,-0.026936175541153965,0.1701391488313675,0.5672107781682693,0.7167725409780227,-0.20185545044285902,0.9529119729995728,0.5694401792117525,0.7319764580045425,-0.03486576653750878,0.22665263712406158,0.5714388694081984,0.7291693193571904,-0.22543449231556473,0.9478251338005066,0.5712085230009893,0.7305382098470412,-0.052490564914686316,0.2379610240459442,0.5745758090700419,0.7265352674892966,-0.22417877188750665,0.9464014768600464,0.5702608329909187,0.7253373605864385,-0.035450078926182196,0.21484225988388062,0.5729969705854141,0.7220737355095996,-0.2016080758401325,0.9271963238716125,0.5613336903708319,0.7269546627998349,0.04815601365906849,0.999988853931427,0.5477233937808443,0.7264952983175001,-0.04817351666944365,0.9999943375587463,0.5735462801797047,0.8041261349405557,0.0701522431203297,0.7158423662185669,0.5374047841344558,0.801315127100263,-0.03165939998413834,0.9855182766914368,0.5786226698330468,0.8814913000379285,0.13654925354889455,0.8770221471786499,0.5265583940914697,0.8731363858495436,0.04110385871359278,0.9840137362480164,0.5750158343996317,0.8945094823837276,0.1397573096411568,0.896229088306427,0.520638082708631,0.8838181138038632,0.04597887428743497,0.9047273993492126,0.5974452069827486,0.9025896225656778,0.09103411915046825,0.9078720211982727,0.5423809885978697,0.8985319529260904,-0.007755346785831662,0.9615508913993835
116,0.5728525263922553,0.5858945999826701,-0.1670945180313927,0.9997730255126953,0.5719566089766364,0.5783253840037752,-0.15750390461512967,0.9996887445449829,0.5723376410348072,0.5780109320368083,-0.15761648246220172,0.999697208404541,0.572722586563655,0.5776370934077669,-0.15756706637995577,0.9997723698616028,0.5698492969785415,0.5785472597394667,-0.17180151002747665,0.9997997283935547,0.5684749024254933,0.5785476752689904,-0.17192810986723212,0.9998308420181274,0.5669436011995586,0.5786443386759074,-0.17200900231088903,0.9998592734336853,0.5691746439252579,0.5802032470703122,-0.09672592920916417,0.9998487234115601,0.56140033858163,0.5807756560189381,-0.16191003152302325,0.9997265338897705,0.5722273877688813,0.5928934097290036,-0.14180831526006965,0.9997090101242065,0.5703594940049305,0.5927375078201291,-0.1612570264509745,0.9997120499610901,0.568298942702157,0.6181563275200977,-0.015271853322961495,0.9999591708183289,0.5508782369749884,0.625526746681758,-0.16473993190697253,0.9999903440475464,0.5610699227878023,0.6775752885001043,0.0177478827536106,0.07685557007789612,0.5479572176933286,0.6862106187002996,-0.18755757893834787,0.9673594236373901,0.5686649867466516,0.7205317633492603,-0.03476825678454977,0.16310268640518188,0.5679837856973917,0.7199048314775736,-0.21216914228030603,0.9569299221038818,0.5709085753985811,0.7350661652428759,-0.0426603195656623,0.21933980286121368,0.5720196894236971,0.7339659912245611,-0.2366698954786572,0.9512761235237122,0.5722151603017532,0.7333737492561336,-0.060173947364091845,0.2312707006931305,0.5747248615537368,0.7317210572106494,-0.2357191779783793,0.9499672651290894,0.571516474655696,0.7277682559830798,-0.04308877587318419,0.2073076069355011,0.5730014801025387,0.7261277743748252,-0.21212325394153586,0.9286511540412903,0.5634982517787386,0.7303303803716383,0.04760448027934344,0.9999884963035583,0.5497033051082063,0.7292412723813735,-0.04761264121958186,0.999994158744812,0.5748607925006319,0.808724178586687,0.07571648721184046,0.7170100212097168,0.538087201118469,0.802220421178,-0.027787566504308144,0.985593855381012,0.584520511967795,0.8868064590862815,0.14140529717717845,0.8854080438613892,0.5269531249999997,0.8732806614467072,0.05007745873715194,0.9839887022972107,0.5821487682206287,0.9004948173250465,0.14426036285502564,0.896432101726532,0.5211178558213367,0.8841283065932133,0.0552922192428793,0.8897241353988647,0.6036382743290489,0.9033024856022422,0.09105329385825561,0.9144846200942993,0.5433461325509205,0.8987236022949214,-0.001395754010549612,0.9626160264015198
117,0.5753158245767863,0.5893535579953872,-0.17429622411727896,0.9997930526733398,0.5744503446987694,0.5816306301525658,-0.16505847488130834,0.999713659286499,0.5747325437409534,0.5812321628843032,-0.16517167346818099,0.9997184872627258,0.575023407595498,0.5807527048247199,-0.1651226818561553,0.9997861981391907,0.5726278986249649,0.5819927709443226,-0.17946255973407194,0.9998176693916321,0.5713581681251523,0.5820141826357157,-0.17959358734743927,0.9998463988304138,0.5698642339025222,0.5820590530123027,-0.17967632753508422,0.9998723864555359,0.5712578756468634,0.5829279814447673,-0.10488823588405333,0.9998493194580078,0.5640731470925464,0.5836092693465094,-0.17057164439133227,0.9997512698173523,0.5746368135724746,0.5959606698581148,-0.14915536131177623,0.9997300505638123,0.5727282438959391,0.5958758609635486,-0.1687363590512956,0.9997376203536987,0.5716666068349563,0.6203079019274027,-0.022808695737538583,0.9999592900276184,0.5529445563043864,0.6290704931531631,-0.17219857616083956,0.9999910593032837,0.5635960664067947,0.6797633341380525,0.01312043464609554,0.07151668518781662,0.5498747825622556,0.6886755466461179,-0.19510163622243054,0.9704892039299011,0.5692275507109503,0.722537665707724,-0.035278509557247144,0.15042462944984436,0.5694332139832631,0.7246754663331165,-0.22108099886349258,0.9609436392784119,0.5701848404748097,0.7380850621632163,-0.0428080981331212,0.20356640219688416,0.5728697316987171,0.7397379057747973,-0.2459727576800754,0.9553111791610718,0.5716376764433722,0.7360510928290227,-0.06014851895826201,0.21496117115020752,0.575528596128736,0.7380549413817266,-0.24530682180609012,0.9541286826133728,0.5714462382452825,0.731042751244136,-0.043362735744033515,0.19238793849945068,0.5740230900900702,0.7324498295783992,-0.22113160448414926,0.93281489610672,0.5656600543430871,0.7331385425158905,0.04712203443050383,0.9999874234199524,0.5522943513733998,0.7318010159901207,-0.0471320070326328,0.9999938607215881,0.5775151797703332,0.8113740376063752,0.06926212055342534,0.7055639028549194,0.5389286024229865,0.8032062768936152,-0.02908624078014066,0.9817231297492981,0.5869721463748384,0.8911772063800263,0.12710502828870496,0.8891119956970215,0.527218415055956,0.8735842500414163,0.04888211967689647,0.9801063537597656,0.5847251466342378,0.9056248511586866,0.12914338154452182,0.89158034324646,0.5213498132569447,0.8844508971486769,0.05395630172320772,0.8554580807685852,0.6065041371754234,0.903087552956172,0.07342051906245092,0.9185681939125061,0.5432990874562942,0.8991648503712242,-0.005018871773167381,0.9587987065315247
118,0.5779025827135356,0.5918699332645958,-0.1766923214708055,0.999812126159668,0.5770714470318383,0.5843146000589641,-0.16746831025396067,0.9997387528419495,0.577331277302333,0.5839429855346677,-0.16758290444101598,0.9997413158416748,0.5775800858225137,0.5834599546023775,-0.16753359990460526,0.9998026490211487,0.5753558192934306,0.5845566340855187,-0.18214151901858183,0.9998346567153931,0.5741290892873488,0.5845444372722078,-0.1822777407509939,0.9998608827590942,0.5727251631872992,0.5844965713364735,-0.1823585114308765,0.9998844861984253,0.5737485425812855,0.5851688691547936,-0.10702150847230635,0.9998565316200256,0.5669080223355971,0.5857436827250886,-0.17375719291823244,0.9997742176055908,0.5772293073790411,0.5984695775168279,-0.15140025104795177,0.9997518658638,0.5752527151788982,0.5983220287731713,-0.1712745853832789,0.9997615814208984,0.5750284126826692,0.6227963958467753,-0.02463931111352783,0.9999608397483826,0.5548179796763826,0.6321561064038954,-0.17515599599906367,0.9999916553497314,0.5661651917866295,0.6815339446067807,0.012210036122373168,0.06655552983283997,0.5514752660478862,0.6918142318725582,-0.1993098178080149,0.973138153553009,0.570125295434679,0.7221700855663841,-0.035266453772783264,0.13831377029418945,0.57073187146868,0.731194390569414,-0.22619225084781636,0.9638451933860779,0.5702106560979567,0.737359351771218,-0.04329517270837509,0.18811647593975067,0.5735154884202137,0.7461188554763791,-0.25118582333837225,0.9571202993392944,0.5716596858842029,0.7358527745519362,-0.06044974784765922,0.19891414046287537,0.5763142415455407,0.7443233711378912,-0.25115507159914274,0.9560489058494568,0.5721456459590364,0.731517536299569,-0.04335038278784069,0.17770791053771973,0.5753155214445929,0.7392340523856022,-0.22648862387452798,0.9309501051902771,0.5693944113595142,0.7344440068517409,0.04635690067495616,0.9999869465827942,0.5552592413766041,0.7334955164364403,-0.04637510989393505,0.9999936819076538,0.58084408385413,0.8131458469799583,0.0556530983320304,0.6816694140434265,0.5412106752395627,0.8040342058454237,-0.024274185938494536,0.9734753966331482,0.5875773838588167,0.8954008068357191,0.10457288346120283,0.8853858709335327,0.5273991567747931,0.873508192811693,0.06315537861415314,0.9704933762550354,0.5851010050092422,0.9094258274350843,0.105719914819513,0.8780860304832458,0.5213694487299235,0.8839544398444035,0.06918624245694702,0.8088837265968323,0.6062150938170294,0.9070570860590249,0.049079310787575554,0.9179865121841431,0.542433360644749,0.8988754221371238,0.012119688745588058,0.9484803676605225
119,0.5807558315140856,0.5936311040605814,-0.17579576798847737,0.9998292922973633,0.5799828801836285,0.5861115234238758,-0.16642679912703368,0.9997612237930298,0.5802345020430427,0.5857439041137691,-0.1665421451841081,0.9997618794441223,0.580485345636095,0.5852626408849443,-0.16649136670998163,0.9998174905776978,0.5782613771302358,0.5862958703722269,-0.1812812881810324,0.9998499155044556,0.577054236616407,0.5862361158643448,-0.18141746606145573,0.9998738765716553,0.5756674221583772,0.5861269780567712,-0.1814977224384034,0.9998953342437744,0.5767010280064171,0.5866842542375833,-0.10574784917490816,0.9998639225959778,0.5698320610182624,0.5872793521199905,-0.17325473896094726,0.9997948408126831,0.5800881317683626,0.6001892021724153,-0.1504560862268719,0.9997720122337341,0.5780807392937793,0.6000013027872354,-0.170553216763905,0.9997831583023071,0.5785504783902844,0.6243215101105823,-0.024202859987105634,0.9999618530273438,0.5571384038243969,0.6343663794653752,-0.17534080530915933,0.9999920725822449,0.5693378363336834,0.6832336783409113,0.011571945462908052,0.06178068742156029,0.5530085342270985,0.693933820724487,-0.20081254286425437,0.9755856990814209,0.5722919889858789,0.7238391433443341,-0.03634912669658658,0.12836194038391113,0.5707035745893203,0.7376033374241416,-0.22717984318733206,0.9665944576263428,0.5725813371794561,0.7382854972566874,-0.04464223650949339,0.1759028434753418,0.5734630533627099,0.7534370064735408,-0.2520619068826947,0.9589564204216003,0.5738988825253074,0.7376207930701117,-0.0616938356842313,0.1864580512046814,0.576286796161106,0.751136343819754,-0.2524100209985459,0.9580238461494446,0.5743306721959794,0.7334885035242351,-0.04446347760302678,0.16581222414970398,0.5754913977214264,0.7460726789065765,-0.2276607070650372,0.9298934936523438,0.5731630393436974,0.7366842252867557,0.04583707781774655,0.9999856352806091,0.5589749285152978,0.7359660778726846,-0.04586309748036519,0.9999929070472717,0.5832822578293934,0.8158330116953166,0.0536562618400369,0.6725908517837524,0.5451385974884031,0.8062180621283391,-0.01692622242761508,0.9613041877746582,0.5884934033666336,0.8985050184386112,0.10288077379976002,0.888796865940094,0.5277997425624298,0.8731398531368796,0.07872058461819373,0.9537829756736755,0.585642109598432,0.9120510561125613,0.10409733120884207,0.8744405508041382,0.5216983335358752,0.8829490235873628,0.0857590644487313,0.7592750787734985,0.6057731083461216,0.9125761883599414,0.043277287057467806,0.9215172529220581,0.5419060724122182,0.8984260235513958,0.032095073163509374,0.9320752620697021
120,0.5838258709226334,0.594652598244803,-0.17187714619295935,0.9998450875282288,0.5831359079905918,0.587138601711818,-0.16218608532633091,0.999782383441925,0.5834129725183759,0.5867792010307307,-0.16230240251336767,0.9997816681861877,0.5837145056043351,0.5863242455891201,-0.1622493092502867,0.9998318552970886,0.5812701787267415,0.5872634223529265,-0.177207168510982,0.9998639822006226,0.5800472055162702,0.5871346184185572,-0.1773392898695809,0.9998857975006104,0.5786350386483325,0.5869747502463205,-0.17741904045854284,0.9999052286148071,0.5801035029547555,0.5875642708369663,-0.10106193040098459,0.9998725652694702,0.5728538428034103,0.5882342168263025,-0.16932046668870104,0.9998141527175903,0.5831821220261706,0.601211358819689,-0.1464719376393726,0.9997910261154175,0.5811569656644545,0.6009732059070039,-0.16679375682558317,0.9998030066490173,0.5822118231228417,0.6252221550260272,-0.021204509160348342,0.999962568283081,0.559764225142342,0.635882667132786,-0.17281111904552993,0.9999924302101135,0.5730465224811008,0.6848580121994015,0.011645067802497319,0.05750495195388794,0.5544095482145036,0.6954698204994201,-0.20004358802522926,0.9777896404266357,0.5756233913557869,0.7265481999942233,-0.038397368788719174,0.11894258856773376,0.5695912310055323,0.7443456871168952,-0.22480334937572471,0.969008207321167,0.5770700011934551,0.7397244981357027,-0.04695660386766705,0.16415442526340485,0.5727696044104439,0.7616216897964475,-0.24935114894594468,0.9602314829826355,0.5781126362936836,0.740331152507237,-0.0640318347939423,0.1743849664926529,0.5755903652736113,0.7582914727074755,-0.2500010558537074,0.9594116806983948,0.5779422589710782,0.7360901049205236,-0.046643683420760286,0.15457101166248322,0.574854471002306,0.7530170696122299,-0.22548095498766216,0.9284660816192627,0.57736097403935,0.739332786628178,0.045450253146035326,0.9999852180480957,0.563334081854139,0.7388400605746673,-0.04548498104725564,0.9999926686286926,0.5852302517209733,0.8189504197665625,0.058773554755108676,0.6736539006233215,0.5506630301475521,0.8093372259821207,-0.006130970934671999,0.9577577114105225,0.5891898819378443,0.9007020984377176,0.11488937714270192,0.8942238688468933,0.5283377426011218,0.8724554044859744,0.0993627322571618,0.9490212202072144,0.5857774172510419,0.9133463178362163,0.11687425694295336,0.8731539249420166,0.5221956695829119,0.8813559310776851,0.10773511773773604,0.7313080430030823,0.6044222967965264,0.9203418578420364,0.04996964644108501,0.925420880317688,0.5413935150418961,0.8976671150752479,0.05951148048043251,0.9271225929260254
