frame_id,NOSE_x,NOSE_y,NOSE_z,NOSE_v,LEFT_EYE_INNER_x,LEFT_EYE_INNER_y,LEFT_EYE_INNER_z,LEFT_EYE_INNER_v,LEFT_EYE_x,LEFT_EYE_y,LEFT_EYE_z,LEFT_EYE_v,LEFT_EYE_OUTER_x,LEFT_EYE_OUTER_y,LEFT_EYE_OUTER_z,LEFT_EYE_OUTER_v,RIGHT_EYE_INNER_x,RIGHT_EYE_INNER_y,RIGHT_EYE_INNER_z,RIGHT_EYE_INNER_v,RIGHT_EYE_x,RIGHT_EYE_y,RIGHT_EYE_z,RIGHT_EYE_v,RIGHT_EYE_OUTER_x,RIGHT_EYE_OUTER_y,RIGHT_EYE_OUTER_z,RIGHT_EYE_OUTER_v,LEFT_EAR_x,LEFT_EAR_y,LEFT_EAR_z,LEFT_EAR_v,RIGHT_EAR_x,RIGHT_EAR_y,RIGHT_EAR_z,RIGHT_EAR_v,MOUTH_LEFT_x,MOUTH_LEFT_y,MOUTH_LEFT_z,MOUTH_LEFT_v,MOUTH_RIGHT_x,MOUTH_RIGHT_y,MOUTH_RIGHT_z,MOUTH_RIGHT_v,LEFT_SHOULDER_x,LEFT_SHOULDER_y,LEFT_SHOULDER_z,LEFT_SHOULDER_v,RIGHT_SHOULDER_x,RIGHT_SHOULDER_y,RIGHT_SHOULDER_z,RIGHT_SHOULDER_v,LEFT_ELBOW_x,LEFT_ELBOW_y,LEFT_ELBOW_z,LEFT_ELBOW_v,RIGHT_ELBOW_x,RIGHT_ELBOW_y,RIGHT_ELBOW_z,RIGHT_ELBOW_v,LEFT_WRIST_x,LEFT_WRIST_y,LEFT_WRIST_z,LEFT_WRIST_v,RIGHT_WRIST_x,RIGHT_WRIST_y,RIGHT_WRIST_z,RIGHT_WRIST_v,LEFT_PINKY_x,LEFT_PINKY_y,LEFT_PINKY_z,LEFT_PINKY_v,RIGHT_PINKY_x,RIGHT_PINKY_y,RIGHT_PINKY_z,RIGHT_PINKY_v,LEFT_INDEX_x,LEFT_INDEX_y,LEFT_INDEX_z,LEFT_INDEX_v,RIGHT_INDEX_x,RIGHT_INDEX_y,RIGHT_INDEX_z,RIGHT_INDEX_v,LEFT_THUMB_x,LEFT_THUMB_y,LEFT_THUMB_z,LEFT_THUMB_v,RIGHT_THUMB_x,RIGHT_THUMB_y,RIGHT_THUMB_z,RIGHT_THUMB_v,LEFT_HIP_x,LEFT_HIP_y,LEFT_HIP_z,LEFT_HIP_v,RIGHT_HIP_x,RIGHT_HIP_y,RIGHT_HIP_z,RIGHT_HIP_v,LEFT_KNEE_x,LEFT_KNEE_y,LEFT_KNEE_z,LEFT_KNEE_v,RIGHT_KNEE_x,RIGHT_KNEE_y,RIGHT_KNEE_z,RIGHT_KNEE_v,LEFT_ANKLE_x,LEFT_ANKLE_y,LEFT_ANKLE_z,LEFT_ANKLE_v,RIGHT_ANKLE_x,RIGHT_ANKLE_y,RIGHT_ANKLE_z,RIGHT_ANKLE_v,LEFT_HEEL_x,LEFT_HEEL_y,LEFT_HEEL_z,LEFT_HEEL_v,RIGHT_HEEL_x,RIGHT_HEEL_y,RIGHT_HEEL_z,RIGHT_HEEL_v,LEFT_FOOT_INDEX_x,LEFT_FOOT_INDEX_y,LEFT_FOOT_INDEX_z,LEFT_FOOT_INDEX_v,RIGHT_FOOT_INDEX_x,RIGHT_FOOT_INDEX_y,RIGHT_FOOT_INDEX_z,RIGHT_FOOT_INDEX_v
0,0.42663061193057467,0.5739304031644544,-0.19066332195486335,0.9999635219573975,0.42391037770680007,0.5676403948238914,-0.18202722370624536,0.9998420476913452,0.42360723444393683,0.5676134569304327,-0.1822043333734783,0.9998695850372314,0.42343033722468776,0.5676692451749527,-0.18215243773800968,0.9998345375061035,0.42287291373525326,0.5690132226262772,-0.1977080694266727,0.9999414682388306,0.42176849416324047,0.5699579289981299,-0.19789441462073995,0.9999709129333496,0.42055039065224775,0.5710158194814409,-0.19800298213958725,0.9999603033065796,0.4187083039964947,0.5719249333654127,-0.1275467691676956,0.9998970031738281,0.4146035867077964,0.5748142497880114,-0.1993097767233847,0.9999189376831055,0.42619886313165917,0.5810667685100007,-0.16801647607769268,0.9999197721481323,0.4244756094047001,0.5825513771602083,-0.18971169186489914,0.999962568283081,0.42777663128716575,0.593083187511989,-0.06773843702727123,0.9999945163726807,0.39893433707100995,0.6066728063992091,-0.1965363862259046,0.999995231628418,0.4528016660894665,0.57376697404044,-0.053361901108707664,0.9889563918113708,0.3688283877713338,0.6304979341370713,-0.24713448073182784,0.9988839030265808,0.47999467764581927,0.5442210810525074,-0.1061329280691487,0.9968456625938416,0.3506207159587314,0.6631024343626837,-0.31573070032255984,0.9990940093994141,0.48659577454839414,0.5364009397370474,-0.11553817072084964,0.9938139915466309,0.3446014736379894,0.6740239892687112,-0.34422828810555584,0.9975801706314087,0.4873033114842004,0.5323099664279393,-0.13529588005372448,0.9950904846191406,0.34579738804272225,0.6759507213320048,-0.35375585811478755,0.9977872371673584,0.48470737763813526,0.5345033253942215,-0.11647252738475793,0.9957717061042786,0.3484599973474229,0.6741766912596563,-0.3226753962891441,0.9963564872741699,0.41098163979394076,0.7096735494477406,0.04810546838811465,0.9999910593032837,0.39733283093997407,0.7145917654037472,-0.04815473407506942,0.9999921321868896,0.4362408680575233,0.7652474147932868,0.14867878130504059,0.9759524464607239,0.4046508601733617,0.7927936673164363,-0.05763480684586931,0.9986164569854736,0.42668472954205094,0.834321406909397,0.24139306651694437,0.99716717004776,0.38121606196675967,0.8549035991941176,0.02215213397783893,0.9989846348762512,0.42104112080165296,0.8467944128172735,0.24641879605395456,0.9923880100250244,0.3746984669140406,0.8641064694949554,0.02793587052396365,0.9903852939605713,0.4449625219617572,0.8560601864542277,0.19944243920700877,0.9971916079521179,0.3960953661373683,0.8788581916264122,-0.030128255326833015,0.9983164072036743
1,0.42345870052065143,0.5741200464112415,-0.20587557000773285,0.9999670386314392,0.42059142674718575,0.5681351746831615,-0.19672845602035516,0.9998573660850525,0.42042931403432543,0.5679061123303002,-0.19687031635216287,0.999882161617279,0.4203304341861178,0.5677704828126088,-0.19684644511767774,0.9998506307601929,0.419328805378505,0.5696803467614308,-0.21088952166693548,0.9999471306800842,0.4182596674987244,0.5705380354608808,-0.21103415297610414,0.999973714351654,0.4171897845608845,0.5714890020234242,-0.21110897362232195,0.9999641180038452,0.41647033521107246,0.5719890134675158,-0.13976338590894413,0.9999069571495056,0.4116762689181735,0.5757708362170624,-0.2050718650221823,0.9999266862869263,0.42363551003592326,0.5811202798570901,-0.18248041165726514,0.9999275207519531,0.4217656646456035,0.5827426348413738,-0.20197758951357425,0.9999661445617676,0.427103336368288,0.5950578587395803,-0.07634020949314742,0.9999948740005493,0.3961610155446188,0.6099786485944472,-0.19450686935867567,0.9999954104423523,0.45110270806721253,0.5698969227927069,-0.060329902438180746,0.989310085773468,0.3668637863227297,0.6335398486682341,-0.22136115091187603,0.9988788366317749,0.4759875927652628,0.536827915055411,-0.11636804203901968,0.9969727396965027,0.34928626758711667,0.6632698246410911,-0.26974766680172496,0.9989523887634277,0.48135292189461804,0.5269618443080356,-0.12715375657592493,0.9940351247787476,0.343906806196485,0.6738395077841618,-0.2924336271626607,0.9970966577529907,0.4817674304757796,0.5225439344133648,-0.14361021433557772,0.9952551126480103,0.34483493055616077,0.674944458689008,-0.3034183221203939,0.9973559975624084,0.4794474550655906,0.5255747573716296,-0.12529588490724555,0.9958253502845764,0.34732456973620807,0.6732682415417257,-0.27621857013021167,0.9956209063529968,0.4125822561127796,0.7104312232562471,0.04721857543502533,0.9999901652336121,0.397759871823447,0.7151378870010371,-0.04727005437016485,0.9999911189079285,0.4388288268021174,0.7659854122570577,0.09957193051065708,0.977340579032898,0.40616277200835077,0.793885254859924,-0.06576046113456993,0.9986121654510498,0.4266733058861321,0.8342128617422914,0.180420038316931,0.9968063235282898,0.3809209133897506,0.8561217921120775,-0.004638809870396363,0.9988009333610535,0.4210522404738832,0.8466484972408833,0.18471135518380566,0.9916204810142517,0.3741173292909347,0.8661302600588112,-0.0006953379937580939,0.9880985617637634,0.4443241374833243,0.8564334375517705,0.13536424466541816,0.9969638586044312,0.3962642635617936,0.8790149177823743,-0.061560154972331846,0.9979970455169678
2,0.4206605357783179,0.5742196951593669,-0.1962777593306132,0.9999701976776123,0.41754052213260084,0.5686741045543123,-0.18666778802871697,0.9998711347579956,0.417427052770342,0.568389536653246,-0.18678705649716507,0.9998934864997864,0.4173370105879646,0.568200031348637,-0.18677787525313233,0.9998651146888733,0.4162768057414462,0.5702471051897319,-0.1997715779713221,0.9999522566795349,0.41529481836727666,0.5710664817265099,-0.19989240233387257,0.9999762177467346,0.4143615160669597,0.5719686899866374,-0.199946904182434,0.9999675750732422,0.4140112842832291,0.5726508174623759,-0.12952851674386429,0.9999160170555115,0.4092219097273689,0.5769995433943609,-0.19016111046075812,0.9999337196350098,0.4212815948895044,0.5811668344906396,-0.17307495410953241,0.9999344944953918,0.41947940673146905,0.5828713246754235,-0.1910806070481027,0.9999693632125854,0.4262208674635204,0.5966456447328837,-0.06753462466544335,0.9999951720237732,0.3939629171575817,0.6132869771548677,-0.1775653985994202,0.9999954700469971,0.44870663540703887,0.5668925608907425,-0.05213604436389035,0.9896571636199951,0.3653804881232124,0.6364977461951117,-0.19123235855783727,0.9988530874252319,0.47123415555272763,0.5300578815596442,-0.10914087689348625,0.9970929622650146,0.34927389706884093,0.6636843102318897,-0.22821414130074627,0.9986490607261658,0.4757562688418795,0.5187335831778388,-0.12055652162858413,0.9942706227302551,0.34494737046105506,0.6741170729909621,-0.24720436675207944,0.9962992072105408,0.4758883288928438,0.5143443890980309,-0.13458557554653705,0.9954262971878052,0.34577812722751056,0.6745503868375502,-0.25853602034705014,0.996611475944519,0.4737503664834156,0.5179591093744548,-0.11702658981084818,0.995904803276062,0.34796301467078056,0.6728253977639331,-0.23420415690967006,0.9943981170654297,0.4146446083273205,0.711472938741956,0.046367226008857974,0.9999896287918091,0.3991033298628669,0.7163748264312741,-0.04641777351498602,0.9999903440475464,0.4415455060345784,0.7666966812951221,0.0658715052264077,0.9790962338447571,0.4085591741970605,0.7957330465316769,-0.07453732916287009,0.9986938834190369,0.42695120743342785,0.8341099705014905,0.13936847043888903,0.9967470765113831,0.3811249962874819,0.8566026840891152,-0.023540226689406793,0.9987950921058655,0.4212279243128639,0.8465608494622363,0.1433298815573964,0.9915871620178223,0.37389946494783655,0.8664683886936728,-0.020413964028869348,0.9876515865325928,0.4441982422556193,0.8567053522382461,0.09360155867678774,0.9969457387924194,0.39635056172098415,0.879069762570517,-0.08138431773654048,0.9979475736618042
3,0.418571341889245,0.5741404260907852,-0.1551866561174392,0.999972939491272,0.4149343473570686,0.569138101169041,-0.1452505565115383,0.9998834133148193,0.4147193866116658,0.5690064379147118,-0.1453649488942963,0.9999035596847534,0.41451398559979014,0.5689512951033453,-0.14535422644444868,0.9998781085014343,0.41404129437037857,0.5705194064549035,-0.15813808057989387,0.9999567866325378,0.41324729663985094,0.5713644742965696,-0.15825946671622132,0.9999784231185913,0.4124588370323179,0.5723011578832351,-0.15831376016139975,0.9999706149101257,0.4111099847725458,0.5739956242697577,-0.09141907697277406,0.9999241828918457,0.4075339453560963,0.5785691789218355,-0.15085107641560686,0.9999399781227112,0.4194124826363153,0.5811500123568941,-0.13354077254022864,0.999940812587738,0.41800417389188477,0.5828590767724171,-0.15130211710929864,0.9999722838401794,0.42501191667148025,0.597946170398167,-0.037517667348895736,0.9999954700469971,0.39227975521768826,0.6167240687779015,-0.1429084068962505,0.9999954700469971,0.4453602118151526,0.5647592323166981,-0.0247476214809077,0.9896896481513977,0.36393479704856857,0.6393595508166718,-0.15439193206174026,0.9987149834632874,0.46556860378810316,0.5233393754277909,-0.07817863853914393,0.9971404075622559,0.35006257721355966,0.6645787443433486,-0.18758508392742693,0.9981227517127991,0.46969851851463296,0.5108990107263836,-0.08904045969247813,0.9943921566009521,0.34759082368441974,0.6754740340369085,-0.20541150995663227,0.9951063394546509,0.4695383310317991,0.5071851151330128,-0.10151142967598774,0.9954929947853088,0.34844265409878306,0.6754115768841331,-0.21515139256204865,0.9954834580421448,0.4674580897603714,0.5111778037888661,-0.08537103235721584,0.9958543181419373,0.3500529425484792,0.6733618344579422,-0.19286449210984355,0.9924439191818237,0.4173549720219202,0.7131007313728329,0.04586671952690395,0.99998939037323,0.4016059092112948,0.7187704801559445,-0.04590928820627074,0.9999898672103882,0.4444976006235393,0.7674098065921235,0.05979945883154866,0.9805514216423035,0.41219786150114857,0.7986764856747214,-0.08330177068710323,0.9987669587135315,0.4275732798235755,0.8339909621647421,0.13682884063039502,0.9964771270751953,0.3818556078842706,0.8564243027142112,-0.027239608711429993,0.9987232089042664,0.42166803564344113,0.8464853320802956,0.14153692892619535,0.9912537336349487,0.3741139624799999,0.8651204432759962,-0.023102473574025277,0.9867563247680664,0.44458942753928027,0.856918883323669,0.09537922362131727,0.9967228174209595,0.39631419948169144,0.878967440128326,-0.07973189907414568,0.9977543354034424
4,0.41600271718842624,0.5742172513689311,-0.11116366620574672,0.9999752044677734,0.4121514414037975,0.5699479460716246,-0.1008140480944088,0.999893844127655,0.4119140803813932,0.5699254870414732,-0.10092435308865133,0.9999120831489563,0.4116908175604682,0.569979918003082,-0.10090815701654975,0.9998892545700073,0.4114104713712418,0.5712405000414165,-0.11289456912449422,0.9999606609344482,0.4107071442263465,0.572135417801993,-0.11301762908697123,0.9999802708625793,0.4099820307322909,0.5731135470526556,-0.113066873380116,0.9999731779098511,0.4085793827261242,0.5756445969854079,-0.04964014834591318,0.999931275844574,0.4054241597652434,0.5803047588893342,-0.1050052466137068,0.9999452829360962,0.4170857012271879,0.5813090290342056,-0.09096729265792024,0.9999461770057678,0.41594983424459164,0.5830630029950821,-0.10769831006016045,0.9999747276306152,0.4240203797817228,0.5985085453305923,-0.004504361061844971,0.9999955892562866,0.39120481184550676,0.6200620208467753,-0.10530280470848079,0.9999953508377075,0.4421937899930134,0.5631203566278727,0.0033679357064621777,0.9899513125419617,0.36478876897266915,0.6419299619538441,-0.1309385154928479,0.9986611008644104,0.4595531710556573,0.5182776314871649,-0.04947185561593088,0.9972726702690125,0.353668746777943,0.6651082345417565,-0.17700330444744647,0.9980257153511047,0.46356606653758436,0.5063308426312035,-0.06032085413379326,0.9946815371513367,0.35218094417027046,0.6755732842854087,-0.1954273351601191,0.9950082898139954,0.46321179951940245,0.5028699772698537,-0.07225091462688783,0.9957072138786316,0.3532110554831367,0.6750737190246578,-0.2054552469934735,0.9953755736351013,0.4611502528190611,0.5067778212683539,-0.056428333052567045,0.9959922432899475,0.3545627330030712,0.6728744830404005,-0.18251154593058985,0.9922233819961548,0.42002035890306727,0.7140657799584522,0.04462842696479387,0.9999895691871643,0.4039748115198951,0.7202291829245427,-0.04467267149261064,0.9999898076057434,0.44701046092169605,0.7683172498430522,0.03944063346300805,0.9822995066642761,0.4155993734087261,0.8011070643152505,-0.0938946745225361,0.9988706111907959,0.42831512945038913,0.833892338616507,0.10739458756787432,0.9966437816619873,0.3828095223222458,0.8554777775491983,-0.04478978078280174,0.9987835884094238,0.42195503626550923,0.8466546280043462,0.11136662811040873,0.991722047328949,0.37448798418045026,0.8625905684062409,-0.041128469790731134,0.987262487411499,0.4453191978590827,0.8570095096315652,0.06568760648369786,0.9968780279159546,0.3963205388614107,0.8788991195814946,-0.09583593585661475,0.9978359341621399
5,0.41369331053325087,0.5747930203165323,-0.0920824794897011,0.9999774098396301,0.40982908436230236,0.5713967442512509,-0.08171230480074879,0.9999037384986877,0.4096084024224961,0.571419240747179,-0.08182387830955638,0.9999201893806458,0.4094060327325546,0.571497161047799,-0.08181398947324067,0.9998997449874878,0.40907172134944353,0.5727151547159465,-0.0936847369585718,0.9999643564224243,0.40838156342506393,0.5736783606665472,-0.09380943668740131,0.9999820590019226,0.4076668960707526,0.5747272849082944,-0.0938598150653498,0.9999756217002869,0.406400703532355,0.5775258047240118,-0.03229584325703658,0.999937891960144,0.40335946679115275,0.5824836884226114,-0.08733161517551963,0.9999501705169678,0.41497652275221675,0.5819864102772301,-0.07278040966817306,0.9999513030052185,0.41396493656294664,0.5838389975684026,-0.08937264542494497,0.9999770522117615,0.4229009304727825,0.5993727394512718,0.009514080593362447,0.9999958872795105,0.3906990919794353,0.6245626381465365,-0.09441201303686408,0.9999954104423523,0.4387663151536667,0.5624725495065959,0.01986966377922466,0.9903711080551147,0.3670626819133757,0.6468921848705833,-0.14492161018507815,0.9986251592636108,0.4532581371920447,0.5153742126056124,-0.026741044835320527,0.9974395036697388,0.3616271878991807,0.6646476251738409,-0.22189398748534056,0.9979627132415771,0.4573024460247583,0.5033149702208379,-0.036724682305274245,0.995024561882019,0.35955100485256725,0.670896812847682,-0.24444302065031856,0.9950544834136963,0.4567905511174881,0.49978762524468534,-0.047882052218275385,0.9959716200828552,0.36150770868573856,0.6688331246376034,-0.2521373621055057,0.9954001903533936,0.45491872089249724,0.5037511297634667,-0.03318105616906124,0.9962024092674255,0.36294784631047916,0.6679075717926022,-0.2271272131374903,0.9921704530715942,0.422080383130482,0.7146194798605779,0.04374915489128656,0.9999900460243225,0.40599382434572473,0.721272151810782,-0.04380015422190937,0.9999900460243225,0.44899074605533035,0.7697414023535589,0.021321310528687056,0.9838250875473022,0.41844484039715335,0.8023638691220961,-0.1073851157511983,0.9989527463912964,0.42879323618752596,0.8340821112905226,0.07940079952989303,0.9967425465583801,0.3837016054562158,0.8540868946484154,-0.06324950286320274,0.9988216161727905,0.4218660252434865,0.8471186178071154,0.08251409796731808,0.9921618700027466,0.37476257937295077,0.8593909944806777,-0.05979237939630233,0.9876935482025146,0.4461451019559586,0.8572189416204177,0.038810884340533175,0.9969854354858398,0.39636348996843596,0.8789168511118203,-0.11049565140690117,0.9979026317596436
6,0.4118972080094472,0.5753915616444176,-0.08301384385143004,0.9999788999557495,0.4079197772911615,0.5728122200284682,-0.07299209716064586,0.9999117255210876,0.4076546600886752,0.5729660851614813,-0.07310872471758295,0.9999266862869263,0.40740165284701735,0.5731724398476734,-0.07310935801693368,0.9999086260795593,0.407291132211685,0.5740393127713882,-0.08509249325309476,0.9999672174453735,0.40665904794420493,0.5750481707709173,-0.08521875951971322,0.9999833106994629,0.4060048094817568,0.5761486751692633,-0.08527024750198632,0.9999774098396301,0.40441564321517925,0.579834049088614,-0.02608783907656157,0.9999436736106873,0.4020267946379523,0.5843482068606782,-0.0819185695477894,0.9999535083770752,0.4134082947458538,0.5827653595379418,-0.06473686482225142,0.9999555349349976,0.4125539881842475,0.5845978072711396,-0.08151989557913367,0.99997878074646,0.42162414448601837,0.6007085578782214,0.012539554362384863,0.9999961256980896,0.3903193712234495,0.6289312090192519,-0.09350172174828389,0.9999946355819702,0.4356861719063348,0.5615097267287115,0.02723304262118679,0.9893520474433899,0.37039900507245727,0.6513434938022066,-0.16505128187792634,0.9972653388977051,0.447147818974086,0.512592428071158,-0.010767625165837146,0.9972742795944214,0.3680278641836982,0.6631741983549932,-0.2668231844902037,0.994184136390686,0.4509153672627038,0.5001590839454103,-0.019402580688308385,0.9948998093605042,0.36503993272781354,0.6648774896349223,-0.2931206899029867,0.9907425045967102,0.45021881205694997,0.4966313379151478,-0.030056450755468422,0.9958165884017944,0.3675935549395423,0.6613436426435195,-0.29718916586467187,0.991061806678772,0.4485170679433003,0.5006883842604499,-0.016721984125407673,0.9959293007850647,0.36949264918054836,0.6614107966423032,-0.27133675217628467,0.9840765595436096,0.4241677761077879,0.7161826099668227,0.04339178364191734,0.9999905824661255,0.40795132517814614,0.7235449893133977,-0.04344891969646724,0.9999899864196777,0.4512980563299995,0.7712115287780759,0.008533197614763458,0.9851157665252686,0.4207672289439608,0.8029937846320012,-0.12072504801409578,0.9989898204803467,0.4290088040488105,0.834450701304844,0.06315597891807552,0.996641993522644,0.38450595991952063,0.8530697039195465,-0.07752013163907184,0.9987198710441589,0.42176786150251094,0.8476051841463357,0.06610468200274873,0.9922181367874146,0.37508795687130503,0.8572572026933939,-0.0738862705017839,0.9869982600212097,0.44645555104528134,0.8573806779725206,0.026374222763947065,0.9968518614768982,0.3963716711316788,0.8787092396191185,-0.11933585682085578,0.9977087378501892
7,0.41032619476318344,0.5758300372532433,-0.06686691609876494,0.9999808073043823,0.40625013964516754,0.5743076154163902,-0.05673263594508168,0.9999200701713562,0.4059280369962963,0.5746776308332169,-0.056846833122628046,0.9999336004257202,0.40560928327696644,0.5751183390617368,-0.0568476614143167,0.9999174475669861,0.4058677187987734,0.5752792886325289,-0.06901268533297944,0.9999703168869019,0.40535942741802744,0.5762748854500904,-0.06913941268409998,0.9999848008155823,0.4048296434538703,0.5773684876305714,-0.06919085755944249,0.9999794960021973,0.40289494395256026,0.5825100558144702,-0.011400075313369073,0.9999492168426514,0.4014265111514498,0.5859693390982489,-0.06814977100917267,0.9999576807022095,0.4121518841811587,0.5832399010658261,-0.049311449485165706,0.9999597668647766,0.41146021911076114,0.5847664134843006,-0.06634409459573878,0.9999807476997375,0.42033450348036616,0.6027482594762527,0.02374119180520729,0.9999964237213135,0.3905659735202787,0.6309756398200985,-0.08413378042834142,0.9999945759773254,0.4324522861412591,0.5606238109724859,0.03912442459591796,0.98980313539505,0.3741808738027298,0.6526966673987249,-0.1616482176950999,0.9967935085296631,0.4414285617215291,0.5099998525210787,0.004956740676425397,0.9974473118782043,0.37138880661555684,0.6615369268826073,-0.2672347503049032,0.993272602558136,0.4445136078766412,0.4969472570078711,-0.0024728794648711146,0.9952512383460999,0.36768560920442833,0.6616768445287429,-0.294681714262281,0.9898775219917297,0.44384365677833537,0.49358518889972114,-0.01286142029400382,0.996095597743988,0.3707830454621995,0.6577324952398025,-0.29552265150206414,0.9901425242424011,0.4424420177936552,0.4979730342115672,-0.0007675523952847063,0.9961745142936707,0.372976573875972,0.6579376527241295,-0.2708942460162298,0.9825342297554016,0.42667582631111123,0.718376507077898,0.043275018674986676,0.999991238117218,0.4109144253390174,0.7266107780592779,-0.043332269894225235,0.9999904036521912,0.45434646180697824,0.7719077825546261,0.0023124260561806793,0.9864952564239502,0.4229391370500835,0.8042759980474197,-0.1300503143242427,0.9990647435188293,0.42961745432444964,0.8348761626652306,0.05806538100753509,0.9967703223228455,0.38538663642747045,0.852428453309195,-0.08150307642562046,0.9987550377845764,0.4221823709351674,0.8473920958382739,0.06139173007437158,0.9925991296768188,0.3752911542143138,0.855646853787558,-0.07777926581246508,0.9874245524406433,0.4466018319129942,0.857399453435625,0.02450643769864524,0.9969741106033325,0.3963902243546076,0.8790859477860583,-0.11998859622648779,0.9977787733078003
8,0.4093518376350401,0.57746536050524,-0.06716334862368445,0.9999825954437256,0.40521225673811756,0.5765553712844846,-0.0567181767097541,0.999927818775177,0.4049567086356025,0.5769858292170931,-0.056829257415873635,0.9999399781227112,0.40471611108098693,0.5774756261280602,-0.056824383458920866,0.9999254941940308,0.4047774161611282,0.5776212232453479,-0.06895837847675593,0.9999731779098511,0.40427945171083707,0.5788094741957526,-0.06908704957791734,0.9999862313270569,0.4037462030138287,0.5801484022821697,-0.06913919150829312,0.9999814629554749,0.4023574531078337,0.585190643583025,-0.010112624908132207,0.9999542236328125,0.4005617567471093,0.5891040767942154,-0.06657805527959548,0.9999616742134094,0.41157059158597653,0.5848002638135634,-0.04916775141443523,0.9999637007713318,0.4107582611697059,0.5864990949630735,-0.06615038428987773,0.9999825954437256,0.41959840399878345,0.6040124791009083,0.025919171351207675,0.9999966621398926,0.39108080182756677,0.6346802626337321,-0.08278070858546661,0.9999946355819702,0.42963613016264757,0.5592658434595378,0.041567240655422194,0.9901647567749023,0.3767535584313527,0.6546428884778701,-0.16357438308852051,0.9967469573020935,0.4359642701489583,0.5066968083381651,0.006758459138550926,0.9976193308830261,0.3717295450823646,0.6606400966644284,-0.27024714946746814,0.9934474229812622,0.43808956742286664,0.49353370751653375,-0.0010002800329987484,0.9955968260765076,0.36905308961868266,0.6618277685982837,-0.29860003420284803,0.9902104139328003,0.4375539805207932,0.49069776109286695,-0.011461865263325821,0.9963726997375488,0.37216344731194617,0.6581307274954656,-0.2981688456875936,0.9904425740242004,0.436476706607001,0.4954930186271665,0.0010002053542328732,0.9964239001274109,0.37400205220494936,0.6579110928944176,-0.27344273584229595,0.9829939603805542,0.4291573447840552,0.7201022250311712,0.04326449345265114,0.9999918341636658,0.41312061292784535,0.7289107833589823,-0.043321232604128956,0.9999908208847046,0.4569252865655079,0.7723317231450759,0.00013724461730037143,0.9877493381500244,0.4244003346988131,0.8058461989675245,-0.12797901396240502,0.9991421699523926,0.4305485095296585,0.8343978779656542,0.06203622754131042,0.9969263672828674,0.38610588652746997,0.852033334118979,-0.07844887801579063,0.998815655708313,0.4226499242441993,0.8460751516478399,0.06608133273465289,0.9929484128952026,0.37563157337052466,0.8549639804022648,-0.07077684093798907,0.9879916310310364,0.4464690191405158,0.85749865089144,0.02921870223113467,0.9971126914024353,0.39690989937101073,0.8798521365438184,-0.10898291873080385,0.997889518737793
9,0.40828199301447166,0.579405161312648,-0.07734952196478839,0.9999836683273315,0.4042160230023518,0.5789159570421489,-0.06697537207177703,0.9999339580535889,0.4040546979222977,0.5793053797313142,-0.06709221399256157,0.999944806098938,0.4039285327707016,0.5797202876635957,-0.06708458991987362,0.999932050704956,0.4036750469888958,0.5802187017032077,-0.07941970442022592,0.9999754428863525,0.40317226818629653,0.5816073758261542,-0.07955392705542697,0.9999872446060181,0.40261912005288236,0.5831925307001383,-0.07961644647376873,0.9999829530715942,0.4018288535731177,0.5872975621904644,-0.019086127345716304,0.9999583959579468,0.39948932783944247,0.5920801179749623,-0.0765005562986646,0.9999645948410034,0.4106520576136451,0.5864920275551929,-0.05872648188046044,0.9999669194221497,0.4097494040216717,0.5884958471570694,-0.07599643075040405,0.9999839663505554,0.418782374688557,0.6045664378574913,0.020800727446164395,0.9999967217445374,0.39141990627561274,0.639380632128034,-0.09125783251864565,0.9999940395355225,0.42666562284742066,0.5584223423685344,0.03970005017306122,0.9873448014259338,0.37646504725728697,0.6603440999984738,-0.17053847866398938,0.9959136247634888,0.4300028162343159,0.5042480255876266,0.005074566725774534,0.997249186038971,0.3732078526701244,0.6613471184458048,-0.28023331591061174,0.9921996593475342,0.4314319772379737,0.4906837233475274,-0.0026401112853948533,0.9952589273452759,0.37285629255431024,0.6624687552452084,-0.3083831872258866,0.9886956214904785,0.4307019855294906,0.4885270127228326,-0.013578219365860726,0.9960333704948425,0.376450364078794,0.6577945351600645,-0.3123539056096757,0.9888665676116943,0.42981824193681967,0.493451426710401,-0.0010141435628091635,0.9959366917610168,0.37727101785796013,0.6580179589135302,-0.2847796525274003,0.9796642065048218,0.4311044148036409,0.7204840183258052,0.043604016516889825,0.9999920725822449,0.41470003553799195,0.7301354289054867,-0.043658323373113345,0.9999906420707703,0.4585196520600998,0.7724764347076412,0.013790804467030928,0.9886704087257385,0.42571225762367226,0.8067959581102639,-0.12010686695575708,0.9991225004196167,0.4312927407877784,0.8336484108652383,0.08382184441600524,0.9967004656791687,0.3866122986589157,0.8512916701180591,-0.06253279628498211,0.9985939264297485,0.4232865818909234,0.8447809917586186,0.08869150419320375,0.9925915598869324,0.37633923462459,0.8542764510427199,-0.052326012083462284,0.9859539270401001,0.4464018804686408,0.8575555426733831,0.051406017770724614,0.9968291521072388,0.3975556790828703,0.8805256264550341,-0.08881246979747495,0.9974921941757202
10,0.40759662985801676,0.5825317519051686,-0.10731195615870608,0.9999839663505554,0.40352896962847007,0.5813767841884065,-0.09775691032409664,0.9999383687973022,0.4033686867782046,0.5815649747848508,-0.09788575523665968,0.9999480843544006,0.40327321631567803,0.5817516701562061,-0.09787893721035544,0.9999371767044067,0.4028770276478357,0.583086824417114,-0.10982188593064032,0.9999769926071167,0.40228762286049957,0.584547812598092,-0.10996146734271726,0.999987781047821,0.40167065688541936,0.5861610855375015,-0.11003834583929602,0.9999838471412659,0.401262445109231,0.5884569219180513,-0.04791651624920111,0.9999619126319885,0.3985424816608427,0.5940071037837434,-0.1037004417606762,0.9999663233757019,0.40967037592615385,0.5891934054238454,-0.08745068056242802,0.9999694228172302,0.4086941983018601,0.5917338456426345,-0.10424049177340095,0.999984860420227,0.41786012053489663,0.6038027133260451,0.0005483744932072445,0.9999967813491821,0.3922856066908153,0.6420997296060831,-0.11168585802827558,0.9999929070472717,0.4242862437452587,0.5553856849670408,0.025365752939667006,0.9869166016578674,0.3755356277738297,0.6670164448874334,-0.1933552201305116,0.9953676462173462,0.4244788186890736,0.5021696737834384,-0.006431332084217242,0.9972475171089172,0.3755892762116022,0.6595733301980151,-0.30766088707106437,0.991272509098053,0.4251261941024233,0.4880497225693292,-0.016389411202232747,0.9953569769859314,0.37669457963534747,0.6578552280153543,-0.33711657779557347,0.9876943826675415,0.4240504494735171,0.4864109150000978,-0.025256306997367306,0.9960882663726807,0.37999498758997213,0.6521828889846799,-0.34229513662202005,0.9877893328666687,0.4233203223773409,0.49119059613772775,-0.01047633330204657,0.995924711227417,0.380389356613159,0.6533204964229036,-0.3125777789524622,0.9776161313056946,0.43251779334885715,0.7201967631067545,0.0437231941946915,0.999992311000824,0.416877564362117,0.7308051960808887,-0.043775216809340864,0.9999905228614807,0.45873065590858436,0.7728724888392854,0.023324640334716852,0.9895634055137634,0.4264326947075978,0.8065560698509213,-0.10934546398265016,0.9991716742515564,0.43145831227302534,0.833086148330143,0.10158235728740687,0.9967837333679199,0.38766459907804196,0.8503095167023791,-0.04923134829316818,0.9986538290977478,0.4237597831657952,0.8436176640646794,0.10714432086263379,0.9927000999450684,0.37852008342742904,0.8532486455781115,-0.040033666789531686,0.9863559007644653,0.4463530591556002,0.8575307198933189,0.06543937155178611,0.9968727827072144,0.39791381784847785,0.8806554538863042,-0.08241954935448506,0.9975814819335938
11,0.40772392749786357,0.5833037699971878,-0.09701411809240065,0.9999817609786987,0.403695568016597,0.5816408940723962,-0.08769814169832635,0.9999393820762634,0.40347148094858426,0.5819937825202939,-0.08783033575330458,0.9999473690986633,0.40332291892596633,0.5823692866734094,-0.08782577163406777,0.9999392628669739,0.4030561523778096,0.5829072969300404,-0.09976416038615359,0.9999769330024719,0.402402467387063,0.5841069953782214,-0.09990149353231698,0.999987006187439,0.4017452708312441,0.5853278262274604,-0.09998277564133912,0.9999833703041077,0.40118619373866465,0.5887239592415943,-0.039566317972327965,0.999963641166687,0.3985637187957762,0.5925868971007209,-0.09549356581909312,0.9999642372131348,0.4093582408768788,0.590204390457698,-0.07769698032311027,0.9999703764915466,0.4083844270024979,0.5920979789325166,-0.09449270133461267,0.9999845027923584,0.41736773337636657,0.6021133456911356,0.009037697794181957,0.9999964833259583,0.3934404892580848,0.6410954100745061,-0.10679012611508365,0.9999892115592957,0.42376513736588595,0.549837051119123,0.0344120713749102,0.9823525547981262,0.3765830338001249,0.6729845608983718,-0.19331551705087924,0.993057370185852,0.42206275974001184,0.49815494503293695,0.0027420089480334076,0.9966962933540344,0.37952849694660706,0.6516247630119321,-0.3042708226612635,0.987385630607605,0.42127770951815996,0.4844548736299785,-0.007415035420230453,0.9947288036346436,0.3798158620085033,0.6448378205299374,-0.3343608941350663,0.9828190803527832,0.4198917763573781,0.48297215785299,-0.01453856761966432,0.9954761266708374,0.38302222916058115,0.6389120527676171,-0.3356312326022555,0.982865571975708,0.41965544990130815,0.4874014990670338,-0.0001843245566955625,0.9950524568557739,0.3837861767836978,0.6417918341500415,-0.3077290420021328,0.9675628542900085,0.43467066117695374,0.7188906635556899,0.04410672549690517,0.9999920725822449,0.42025456087929847,0.7299400312559943,-0.04415792812194141,0.9999896287918091,0.4578249726976665,0.7741472652980256,0.037320458037512626,0.9898856282234192,0.42733420389039156,0.8046483380453924,-0.1007625784192766,0.9990730881690979,0.4314405330589837,0.8332742350442064,0.12131549034799843,0.9964643716812134,0.38884336692946275,0.8496591976710725,-0.036012760336909956,0.9985249638557434,0.42416425517627154,0.843008834975106,0.12730180067675448,0.9919803738594055,0.38060862507138915,0.8527035304478232,-0.03056987183434621,0.9843311309814453,0.4462793299130029,0.857534129279,0.08432744656290322,0.9964603781700134,0.3978205774511608,0.8809001888547621,-0.0794602085437093,0.9973313808441162
12,0.40884847726140683,0.5789560471262247,-0.07945891533579141,0.9999807476997375,0.4049577585288454,0.576847388063158,-0.0688294100974287,0.9999403357505798,0.4047536986214772,0.5771118283271787,-0.06896263914448872,0.9999470114707947,0.4046117654868533,0.5774151836122783,-0.06896012840526441,0.9999415278434753,0.40413386140550867,0.5780846238136288,-0.08081144041248726,0.999977171421051,0.4033759159701209,0.5791251727512902,-0.08094542792865206,0.9999866485595703,0.4026229798793791,0.5800885472978862,-0.08102604661669047,0.9999833703041077,0.4021719855921607,0.5835344229425701,-0.019432404770382807,0.999965488910675,0.39924736022949203,0.5871055722236631,-0.07482685989567209,0.9999639987945557,0.4103907406330107,0.5857260806219916,-0.06011946371623446,0.9999714493751526,0.40925764441490153,0.5874559981482367,-0.07678178825548714,0.9999842047691345,0.41780048608779885,0.5966417295592169,0.026463012663381427,0.9999963045120239,0.394378066914422,0.6381107449531551,-0.08884499434913903,0.9999863505363464,0.424989307778222,0.542258536815643,0.05180861130356786,0.9792863726615906,0.3807151164327347,0.677409834521157,-0.17445905506610865,0.9923539161682129,0.4238723805972506,0.49068779008729096,0.019655083572225902,0.9965106248855591,0.38217301283563865,0.6400987914630342,-0.28217085429600297,0.9871192574501038,0.4227641454764773,0.47863520724432784,0.011138006632349314,0.9945824146270752,0.38185522215706946,0.6273275460515702,-0.3125725473676408,0.9825379252433777,0.4213268416268483,0.4769202726227894,0.0038116393610835055,0.9952989816665649,0.3840420893260409,0.6231317554201395,-0.3077746118818009,0.9824948906898499,0.4214297618184769,0.48112509591238817,0.016327405774167598,0.994776725769043,0.3851502852780476,0.6274374774524141,-0.2834935230868202,0.9668259620666504,0.43735992823328274,0.7151573215212137,0.04374773523637225,0.9999922513961792,0.42285477689334305,0.7241633330072672,-0.043801427206822785,0.9999894499778748,0.4569483476025715,0.7760268620082307,0.04103301130235193,0.9900411367416382,0.4287368220942359,0.7984159350395199,-0.10711581004517413,0.999039888381958,0.4313238092831201,0.8334288307598655,0.13350935620920992,0.9961108565330505,0.3910144422735485,0.8488314543451578,-0.04560540361063819,0.9984211325645447,0.4241419400487625,0.8424496940204071,0.14077355223042617,0.9915082454681396,0.38298079116003836,0.8511271817343572,-0.04004708102771212,0.9835266470909119,0.4463289899485449,0.857594503675188,0.10410326527697694,0.9960637092590332,0.3976534468787055,0.8808340873037062,-0.0877829055700983,0.9971476197242737
13,0.4085489409310475,0.5690669468470979,-0.05168527428592952,0.9999803304672241,0.40467292496136237,0.5668636134692597,-0.039829104606594334,0.9999421834945679,0.40455402902194415,0.5668882966041562,-0.039960305605615865,0.9999481439590454,0.4044984706810541,0.5669339248112266,-0.03995466434529847,0.9999443292617798,0.4037878862449099,0.5687489271163938,-0.05138890594244,0.9999775886535645,0.4030825597899299,0.5699753590992516,-0.051522430990423446,0.9999865889549255,0.40236253908702285,0.5711016927446635,-0.051599957155329806,0.9999833703041077,0.4022715926170347,0.5733572551182335,0.00914800547595535,0.9999675154685974,0.3993704182761054,0.5785172343254086,-0.04370571992227007,0.9999638199806213,0.41074029207229595,0.5753366214888433,-0.03314208867294446,0.9999728202819824,0.40946545686040586,0.5774298037801467,-0.04916021802595681,0.9999840259552002,0.41853076985904125,0.5863423109054563,0.04892073177865571,0.9999961256980896,0.39572770850998995,0.6301172886575969,-0.06237388370292525,0.9999828338623047,0.4273657458169118,0.5339298146111622,0.0719340977392026,0.9804237484931946,0.38937433532306104,0.6776075295039583,-0.14358511396816792,0.9922657012939453,0.4314818424837928,0.48246559330395267,0.03957695003066743,0.9967924356460571,0.3841925416673931,0.6288779939923965,-0.2465945405619484,0.9880436062812805,0.4314779451915194,0.47149539164134413,0.03508524766990115,0.9950024485588074,0.3826461340699875,0.6134535159383498,-0.2744825107710701,0.9837757349014282,0.4297598779201505,0.4691591237272533,0.02453714598502431,0.9956598877906799,0.38377764821052535,0.6098980920655384,-0.2715292836938584,0.9837304353713989,0.4295782242502483,0.4729668182986121,0.03392540269664354,0.9951698780059814,0.3853418001106806,0.614895677566528,-0.2485495614153997,0.9691565632820129,0.4392627877848487,0.7069921800068444,0.04227696806192396,0.9999922513961792,0.42475702081407796,0.7121728471347261,-0.04233723900147845,0.999988853931427,0.45630527734756443,0.7751153588294979,0.039005269695605534,0.9907331466674805,0.43066160338265536,0.7869044082505359,-0.11817231093134192,0.9991011619567871,0.43088008420807955,0.833556725297655,0.12158012336918281,0.9962108135223389,0.3950026163033075,0.847839054039546,-0.06866792344621248,0.9985037446022034,0.4241004151957374,0.8425053341048101,0.12796754666737142,0.9916760325431824,0.38653265152658717,0.8497836777142113,-0.06425878320421488,0.9843531847000122,0.4464342849595204,0.8576505848339622,0.09473264363997644,0.9961249828338623,0.39793919239725367,0.8800177659307203,-0.11007013491221831,0.9973001480102539
14,0.40729191814150106,0.5551552789551868,-0.08518746984856466,0.9999728798866272,0.4035647537027085,0.5526902369090486,-0.07297717769231113,0.9999284148216248,0.40356852582522784,0.5522326571600775,-0.07311673845563613,0.9999324679374695,0.40364126222474217,0.5517252547400335,-0.07309736407228876,0.999934732913971,0.40242327962602864,0.5557426316397528,-0.08352064543536727,0.9999708533287048,0.4016651783670696,0.557375371456146,-0.08366478000368388,0.9999814033508301,0.40086560249328596,0.5589977741241452,-0.08375040569475715,0.999977707862854,0.4018101624080111,0.5579153077942982,-0.016280835893537317,0.9999606013298035,0.3982054122856683,0.5671477079391477,-0.06397756029452595,0.9999478459358215,0.40988647852625143,0.5605992180960517,-0.06379563638142174,0.9999666810035706,0.40833718606403874,0.5637203761509484,-0.07840145251580644,0.999974250793457,0.41978076696395855,0.5708610926355632,0.032458962393658475,0.9999950528144836,0.39585852793284804,0.6123458095959251,-0.072018621170095,0.9999740123748779,0.43257297958646485,0.526085635593959,0.06030282974243161,0.9790998101234436,0.3927433882440837,0.6452009558677669,-0.15379252689225326,0.9908888339996338,0.44557691216468787,0.47897976211139115,0.02430805340409277,0.9968634247779846,0.3815502192292893,0.605711906296866,-0.26553552384887413,0.9885501265525818,0.4475208044052122,0.47159723384039726,0.019766404692615765,0.9950808882713318,0.3781613460608889,0.5925466792924061,-0.29461080176489685,0.9844657778739929,0.44650456820215473,0.4692403921059198,0.005498999995844696,0.9957384467124939,0.3780909512724193,0.5889912520136149,-0.29527113395077825,0.9844501614570618,0.44570118359156996,0.4727458868707927,0.01736313812434672,0.995246171951294,0.37991089820861795,0.5930704116821286,-0.2692970484495162,0.970461368560791,0.4398742505482263,0.6937814542225426,0.03885398837072507,0.9999914169311523,0.4245278903416223,0.695636929784502,-0.03892383288059914,0.9999866485595703,0.4540424857820781,0.7668517351150509,0.02928926037857308,0.9897282719612122,0.43091748186520146,0.7712235569953915,-0.12325404605695174,0.998865008354187,0.4308169092450821,0.8325492467199049,0.10115902274847027,0.9957152605056763,0.4007769133363449,0.8415857808930529,-0.07040486484766004,0.9983271360397339,0.42428814172744733,0.8427959714617044,0.10582840442657465,0.9906740188598633,0.3937622811113083,0.8435825007302417,-0.06580455750226971,0.9831928014755249,0.44789318016597185,0.8577404788562225,0.06039261997793799,0.9957205057144165,0.39947422913142594,0.8754766532352988,-0.11720054043190814,0.9971264600753784
15,0.40473486185073837,0.5431282111576623,-0.027019904128142744,0.999967634677887,0.40122948714664985,0.5402305364608763,-0.016395197063684454,0.9999157786369324,0.4011461411203655,0.5400341561862398,-0.016510915756225573,0.9999182224273682,0.4011031065668377,0.5397903919219968,-0.01648365418825829,0.999926745891571,0.40049807940210597,0.5420015556471686,-0.027618332632950354,0.9999610185623169,0.399905695234026,0.5430694358689442,-0.02776501689638408,0.9999737739562988,0.3992385864257811,0.5441773397581915,-0.027834936869995917,0.9999680519104004,0.39991259149142655,0.5445360302925106,0.0303494333954794,0.9999516010284424,0.3971491439001899,0.550721226419721,-0.02074536915336335,0.9999135732650757,0.4071563337530407,0.5486959542546951,-0.009160375488655897,0.9999602437019348,0.4061235776969363,0.5502537335668289,-0.024636216887405922,0.99996018409729,0.41654846497944403,0.5600133895874021,0.07314514283623011,0.9999942183494568,0.4004486765180313,0.5837550027029852,-0.04679472244211603,0.9999569058418274,0.4370940983295438,0.5333875553948536,0.10058570589338026,0.9792521595954895,0.40104311364037637,0.613592777933393,-0.1237310737371444,0.9866064190864563,0.45686749560492357,0.4977970804486953,0.07416360128138744,0.9969939589500427,0.39816219891820614,0.607008247716086,-0.20665900920118593,0.9850640296936035,0.4602761430399756,0.4922724570546829,0.074132618148412,0.9952508211135864,0.39504579475947765,0.6064125759260992,-0.23011947487081788,0.980206310749054,0.4602161782128468,0.4899045458861757,0.05914980223668471,0.995918869972229,0.39468070609228934,0.6055138426167621,-0.22885102203914084,0.9806687235832214,0.459030199902398,0.4933952314513068,0.06713301459593429,0.9954365491867065,0.3972630994660512,0.6065101538385661,-0.20872451407568787,0.9647340178489685,0.4362143039703367,0.6737351366451805,0.04159925909979001,0.9999902844429016,0.4262756560529979,0.6748880403382433,-0.04168411280427658,0.9999829530715942,0.4453727424144743,0.7507164597511288,0.01461907335823135,0.9888880252838135,0.4310675178255352,0.7512661865779328,-0.119706551517759,0.9981995224952698,0.4285139160496846,0.8312477793012343,0.03242961178932869,0.995537519454956,0.41123662505831016,0.8340404578617637,-0.09639700566019327,0.9976608753204346,0.4218547165393828,0.8422541618347165,0.03130894239459717,0.9897851347923279,0.4054935566016604,0.8393082261085506,-0.09583849949496129,0.9779001474380493,0.4419212920325141,0.858977649893079,-0.02231418230283972,0.9956595301628113,0.4130715702261241,0.8686890704291204,-0.14961296660559512,0.9965102076530457
16,0.4034613490104673,0.52350127015795,-0.014777509655271262,0.999963104724884,0.40013838069779517,0.5224326704229625,-0.004913516342639937,0.9999109506607056,0.39994179606437663,0.522617709636688,-0.005007022193499973,0.9999117851257324,0.39975419895989533,0.5227901560919623,-0.00497587748936245,0.9999253749847412,0.39968648723193556,0.5234636281217845,-0.019011582647051127,0.9999572038650513,0.39916512966155987,0.5243969448975152,-0.019147972656147816,0.9999697804450989,0.3985658364636555,0.525373019490923,-0.019199054475341516,0.9999638199806213,0.3985517757279531,0.527461653096335,0.039275172991412005,0.9999505877494812,0.3967221966811587,0.5309579116957526,-0.024199909823281414,0.9999014735221863,0.4051368432385579,0.5286366633006502,0.0026970131056649332,0.9999523162841797,0.4045487506049018,0.5297099845749988,-0.01647302870239531,0.9999451637268066,0.4127885213920046,0.5475602609770636,0.10333806691425182,0.9999938607215881,0.4068703974996292,0.5569066967282974,-0.05933401180165152,0.9999563694000244,0.4362499552113667,0.5522377763475688,0.12096689386027193,0.9124910831451416,0.40850250465529286,0.5867244805608474,-0.13153914487920695,0.9853938817977905,0.4593722232750482,0.5332265010901858,0.07367987866912565,0.995585024356842,0.4115069057260239,0.5853747589247564,-0.18849647875343042,0.9658372402191162,0.4631395041942594,0.527431866100856,0.07497333916170251,0.9941874742507935,0.4094031478677475,0.5860259626592905,-0.21052927928311477,0.9558632373809814,0.4635153804506572,0.5240058600902555,0.05837274773844646,0.9950694441795349,0.4085818495069229,0.5865469310964854,-0.2077453191791261,0.9542573690414429,0.4624341079166955,0.5277677680764877,0.06582201692674837,0.9942785501480103,0.4110879097666057,0.5874593436717985,-0.18977612044130043,0.9318650364875793,0.43183164937155566,0.65220752954483,0.047157322721821895,0.9999904632568359,0.4281036249228884,0.6539198637008664,-0.047241510237966244,0.9999834895133972,0.434999564715794,0.7324662293706617,0.0051226335427989895,0.979961633682251,0.4308383056095666,0.7308643307004653,-0.11023605827774315,0.998238742351532,0.425590635197503,0.8222492762974326,0.006108430427099975,0.993614912033081,0.4219150551727838,0.8229692850794107,-0.11482695192098613,0.9977889657020569,0.4188375030245098,0.8349701012883863,0.0029886255107287804,0.9885938167572021,0.4166468543665748,0.8325851423399785,-0.11598756675209312,0.9795286059379578,0.4356586277484892,0.8524409021650038,-0.04833372933540624,0.9943381547927856,0.4319130309990472,0.8581126417432509,-0.17017098771674283,0.9966456294059753
17,0.4032406670706611,0.5026310435363222,0.007844038094793046,0.9999609589576721,0.3999056475503102,0.5034557027476172,0.01609681759561811,0.9999149441719055,0.39958565746034874,0.5041268944740294,0.016018672287464147,0.9999144077301025,0.399246174097061,0.5048778074128285,0.016049253514834813,0.999929666519165,0.4001340227467671,0.5039539098739622,0.0009337282606533687,0.9999577403068542,0.39995926788875014,0.5048250768865856,0.00080738152776446,0.9999690055847168,0.399736702442169,0.5056664517947603,0.0007727505905287674,0.9999638795852661,0.398701706102916,0.5117919581277027,0.04989151635340279,0.9999529719352722,0.39898922273090887,0.5116319034780772,-0.018225740002734313,0.9998983144760132,0.4051318330424171,0.507322072131293,0.021930051382098876,0.9999531507492065,0.40531258668218323,0.507661758150373,0.0013275768075670588,0.9999423623085022,0.40964854700224723,0.5380560943058557,0.11819453580038883,0.9999915361404419,0.4146233967372348,0.5321100286075044,-0.057804403374237645,0.9999417066574097,0.4321876857961925,0.5648680772100174,0.14166878206389286,0.8275257349014282,0.4214433525289806,0.5487424177782874,-0.09311060521951206,0.9843218922615051,0.45223668813705425,0.558813097647258,0.11271414921752039,0.9600527882575989,0.4220584801265169,0.5301259245191299,-0.08948724833982326,0.966340184211731,0.4567139608519416,0.5518540493079591,0.12043388214494494,0.9645376205444336,0.4198287648814063,0.5239207097462243,-0.10358513008270938,0.9550353288650513,0.45664730072021464,0.5476345837116239,0.10375149997749494,0.9684405326843262,0.41857488155364975,0.5244590078081401,-0.0980493589171341,0.9525874853134155,0.45497079151017306,0.5506535921777995,0.10565838329493994,0.9621872305870056,0.4205677373068671,0.5278269537857598,-0.08852835829768857,0.9246402978897095,0.4265322165829793,0.6367304665701727,0.05112239143678118,0.9999892115592957,0.4297994588102611,0.6376872369221276,-0.05117751689893856,0.9999830722808838,0.42932957836559815,0.7179794141224449,0.006111118390357915,0.9101797342300415,0.4319027985845291,0.7163478374481198,-0.09944562890699926,0.9973598718643188,0.42392934305327257,0.8087220634732923,0.0012244007949318118,0.9765296578407288,0.42909058928489663,0.8117670706340241,-0.12689288812024246,0.9972414374351501,0.4177511078970771,0.8220304540225434,-0.0020512794011405613,0.9746182560920715,0.42334045086588157,0.8242831724030627,-0.1295827795352254,0.9761878252029419,0.43339765071868874,0.8397294861929754,-0.03893627151576635,0.9844306707382202,0.44495655468531997,0.8463541184152872,-0.175327153291021,0.9957666993141174
18,0.4051938908440724,0.4881060412951876,0.019537433769021693,0.9999634623527527,0.4018054332051957,0.4897702583244866,0.024398762200559865,0.9999221563339233,0.4012243773256028,0.4907427983624592,0.0243116212742669,0.9999215006828308,0.40059066840580515,0.49178207090922743,0.0243326378720147,0.9999358654022217,0.40309082780565514,0.48943767036710445,0.012231019139289836,0.9999608993530273,0.40332093238830546,0.490023715155465,0.012098509392568024,0.9999710917472839,0.4034960321017672,0.49056793706757656,0.012051532630409496,0.9999665021896362,0.40099910497665386,0.5001234718731469,0.04412211946078706,0.9999572038650513,0.40360756686755567,0.4973236245768408,-0.011246517832790109,0.9999063611030579,0.40701736296926205,0.4930008070809498,0.0287933820060321,0.999955952167511,0.40836392385619014,0.49211045588765806,0.011904185371739503,0.9999446272850037,0.4085518547466821,0.5317019598824635,0.10009626639740801,0.9999904036521912,0.4194442561694552,0.5115302290235244,-0.0452145615858691,0.9999443292617798,0.4270145297050474,0.5615256786346432,0.14798243045806878,0.7786484956741333,0.42888139401163355,0.48784759385245163,-0.05165198766626416,0.9853898882865906,0.44393293516976473,0.5557503359658374,0.16820370959384093,0.9474735260009766,0.4264678324971878,0.4462694278785158,-0.01658307526792798,0.969242513179779,0.44797554782458693,0.5504427228655131,0.1830242416688373,0.9506876468658447,0.4247369289398192,0.43083238516535055,-0.025287996338946475,0.9587129950523376,0.4480282962322233,0.5466029473713463,0.1669908490564141,0.9554327130317688,0.4228254633290425,0.42946751202855765,-0.01802689965282167,0.956329345703125,0.4463061749935148,0.5489664673805235,0.1629333087376185,0.948002278804779,0.4232580840587614,0.43492148688861276,-0.01433707507593291,0.9304326772689819,0.4228160994393483,0.6284306968961441,0.04660825825163294,0.9999892711639404,0.4286665924957818,0.6267940350941247,-0.04663790634700228,0.9999839067459106,0.4310015610286166,0.7058275239808216,0.02193126633730051,0.9008091688156128,0.43467146924563793,0.7045563544545852,-0.09436470312731601,0.9975230693817139,0.42557229569980054,0.7895741735185892,0.030799593643418374,0.9701628088951111,0.43004841463906407,0.7951805080686293,-0.10789034600768764,0.9973351955413818,0.4193545000893727,0.8031545042991635,0.029649907570066192,0.9715321660041809,0.42411279933793183,0.8068656614848542,-0.10867139228752676,0.9777787923812866,0.4372158510344367,0.8202965208462303,0.005432075953909334,0.9805493950843811,0.4440116771629876,0.829358373369489,-0.14270650190966463,0.9957749247550964
19,0.40698620336396335,0.49007716434342496,0.13140160569122855,0.9999513626098633,0.4037216918809071,0.4897608671869548,0.1344295252646718,0.9999163746833801,0.40269932321139723,0.49088494692529927,0.13434645235538478,0.9999116659164429,0.40156760896955196,0.4920491874217985,0.13435597760336734,0.9999324083328247,0.40647943615913373,0.48743933013507273,0.12528446401868543,0.999954342842102,0.4072654954024722,0.48684749007225014,0.12514111761535912,0.9999638795852661,0.4079743981361387,0.4862255011286052,0.12509802239281786,0.9999619126319885,0.40273794020925235,0.4986709577696662,0.13274362555571959,0.9999551177024841,0.4092441907950808,0.49020900300570874,0.08944976606539314,0.9998946189880371,0.4080492138862608,0.4959724826472144,0.13207796620471132,0.9999265670776367,0.4111559484686168,0.492576605081558,0.11894036786896837,0.9999053478240967,0.4048361982618057,0.5356237581798006,0.1463285001260893,0.9999868869781494,0.4248160430363244,0.4993677496910093,0.030336271944854932,0.9999468922615051,0.42248262166976913,0.5582910197121753,0.2100678292768341,0.7202427387237549,0.4403496239866527,0.45917893392699083,0.019852916487226528,0.9855257868766785,0.4383388204233985,0.5467242939131598,0.2878703713949236,0.9033726453781128,0.45003199747630507,0.421747759410313,0.06410861132400375,0.9710066318511963,0.4419231934206824,0.541665983200073,0.31071723784719185,0.9071277379989624,0.45159128137997195,0.41121510267257666,0.060173145681619626,0.9608030915260315,0.44237279721668765,0.5384499396596634,0.2995275518457803,0.9120581746101379,0.4497931190899438,0.4120660373142785,0.0732892631420067,0.9582468867301941,0.4409023438181194,0.5408275468008856,0.2858596591012817,0.9012671709060669,0.4491471656731195,0.41467110684939773,0.0693830847740173,0.9328280091285706,0.4170289720807755,0.6237737280981879,0.04249247780867983,0.9999887943267822,0.42786095908709915,0.6166116918836317,-0.04254776739648408,0.9999843239784241,0.43287832396371,0.6942621469497677,0.03165584834558622,0.8854501247406006,0.4404978428568157,0.6911838514464239,-0.10101625387157707,0.9971240758895874,0.4268449119159151,0.7756982973643708,0.0012949976005724485,0.9530321955680847,0.4291502560888016,0.7763386402811319,-0.1343918174505233,0.9953586459159851,0.4206859546048299,0.7862166540963305,-0.0025101638532110636,0.9656628370285034,0.42196357675961066,0.7836730820792058,-0.13775984964200422,0.9758281111717224,0.43748649954795815,0.8063154067311964,-0.018068416390035823,0.9593916535377502,0.43899767569133197,0.8097375137465337,-0.16079903287546968,0.9903419017791748
20,0.40904541526521937,0.49388071128300237,0.17109098583459847,0.9999514818191528,0.4059876458985463,0.4919785908290316,0.17435868148292807,0.9999204874038696,0.40469439796039014,0.49287076933043317,0.17427581527403416,0.9999144077301025,0.40328506486756444,0.49372962032045614,0.17427413144281922,0.999935507774353,0.40931560311998616,0.48943494984081787,0.16509634831121983,0.9999566674232483,0.4102753494467052,0.4885239430836267,0.16495267695614263,0.9999653100967407,0.41115773149899054,0.4876063721520558,0.16490860506892197,0.9999640583992004,0.4036834478378294,0.49853814073971314,0.16883278531687593,0.9999558925628662,0.41250714659690835,0.4895092836448122,0.1253340496548584,0.999897301197052,0.40856881652559535,0.500353133678436,0.17004092718873698,0.9999027252197266,0.4124661649976456,0.4968069698129379,0.15684537695986878,0.9998811483383179,0.401674106291362,0.5381322724478583,0.17471244952508375,0.9999848008155823,0.42735753229686174,0.5003827060971939,0.05428890122898985,0.9999511241912842,0.41698474458285717,0.5595998508589606,0.2397425992148262,0.6540111303329468,0.44827251519475647,0.47368760279246713,0.026412283635831292,0.9858785271644592,0.43586447834968545,0.5459608742168969,0.32555386126041397,0.8292364478111267,0.4671280324459074,0.4414378345012663,0.05718426342521392,0.9723019599914551,0.43851203918457005,0.5389109219823562,0.3498150655201502,0.8378387093544006,0.4710350411278859,0.42512730445180597,0.05250002326709881,0.9624857902526855,0.43966200436864555,0.5356043645313805,0.34004480370453416,0.8420617580413818,0.46958430664879913,0.4139728605747221,0.0664413192442485,0.9596729874610901,0.43876333492142794,0.5388456089156013,0.3242690205574035,0.830513596534729,0.46832351514271303,0.4226555577346255,0.0627055665212018,0.9338706135749817,0.4137735273156845,0.6200041089739116,0.039213917989815966,0.9999895691871643,0.426664055245263,0.6084988917623244,-0.039320886188319734,0.9999856352806091,0.43435994131224476,0.6823504941804065,0.028095645617161467,0.8921583890914917,0.4444086458001816,0.676590047563825,-0.09871731613363534,0.9972826838493347,0.42786465287208536,0.7622055496488295,-0.023007679863699834,0.9549827575683594,0.4295349453176769,0.758876504216875,-0.14805067245449333,0.9954327940940857,0.42138986587524396,0.7720484733581539,-0.028529753981690307,0.9684309959411621,0.42131294863564606,0.7652559178216114,-0.15271156643118172,0.9777864217758179,0.4369032868317193,0.7949213079043793,-0.044009499624371506,0.9602640867233276,0.43617260456085183,0.7926721487726479,-0.1726928165980747,0.990304708480835
21,0.40988816874367834,0.4935977263110022,0.187366383416312,0.9999037981033325,0.4071176341601779,0.49074375288827055,0.1898530532206807,0.999873697757721,0.40582419804164316,0.4914005722318374,0.18978468435151227,0.9998481869697571,0.4043622970581053,0.492042245183672,0.18978860165391642,0.9998927116394043,0.4101615701402935,0.4886556403977528,0.18133108956473207,0.9999359250068665,0.4111277861254554,0.48777800542967636,0.181198820897511,0.9999462962150574,0.4120736241340635,0.48686876893043496,0.18116533160209647,0.9999514222145081,0.40390811647687624,0.49695025597299824,0.17890328424317486,0.9999138712882996,0.4136353739670343,0.4884146366800578,0.13928563467093868,0.9998540878295898,0.40874721918787255,0.5002684823104311,0.18421678777251915,0.9995940923690796,0.4127698174544741,0.4971649025167735,0.17219438425132197,0.9996311664581299,0.39829600879124216,0.539637516226087,0.1760060712695121,0.99997478723526,0.42926176105226765,0.5057277696473255,0.06634663298193895,0.9999537467956543,0.40989512460572364,0.5706812381744383,0.21677807867527,0.5917292833328247,0.45339580859456724,0.5086156921727314,0.04863918282956414,0.9779278635978699,0.4273036769458224,0.5630455340657913,0.27511624523571543,0.7486506700515747,0.47086911712373986,0.5074250715119496,0.09108512263212881,0.9564092755317688,0.42991115961756005,0.5613787838390893,0.29391271770000443,0.7570401430130005,0.4758028405053273,0.49891569955008347,0.09014051673667767,0.9417752027511597,0.43232723900250003,0.557264765671321,0.28804001424993775,0.7608892321586609,0.47444453324590385,0.48401997515133427,0.101195428520441,0.9364385604858398,0.4317072868347166,0.5589532034737721,0.2745002827474048,0.7506484985351562,0.4726556931223186,0.49195989966392495,0.09617335540907719,0.9013156890869141,0.4134581293378556,0.6193219304084775,0.03456153643450565,0.9999898076057434,0.42808368120874657,0.6075426033564973,-0.03470200560986994,0.9999865889549255,0.4343161778790608,0.6751910584313525,0.01821721149608492,0.8811277747154236,0.4452378954206192,0.6733105744634353,-0.08481018266507553,0.995876669883728,0.42978417958532045,0.7572077597890579,-0.040723833282079,0.9415181875228882,0.4313931269305091,0.7564791730472017,-0.14931710915906082,0.9928634762763977,0.42305634192058,0.7666512710707525,-0.04695357967700275,0.9667508006095886,0.4232247003487176,0.7636248673711501,-0.15407976657152167,0.976557731628418,0.4368243992328642,0.7880313055855883,-0.06245386251913647,0.9399207830429077,0.43717430319104855,0.7915097628320963,-0.17725020902497418,0.9824234843254089
22,0.41034204023224946,0.4912223849977764,0.1648539883749825,0.999872624874115,0.4076465708868842,0.48795609474182106,0.1631335292543683,0.9998306632041931,0.40636217594146706,0.4884496186460765,0.1630710738045828,0.9997870326042175,0.40489346555301103,0.4889090512480052,0.16307503283023828,0.9998292326927185,0.4104679405689237,0.4862188254083904,0.1571662234408514,0.9999207854270935,0.41137296046529476,0.4854244845254079,0.15704532776560093,0.9999354481697083,0.4122680825846534,0.484548896551132,0.15700582393578114,0.9999446868896484,0.4039615665163311,0.4935822188854215,0.14175147499356944,0.9998396635055542,0.413450046948024,0.4864386515957966,0.11375647400106696,0.9998457431793213,0.408854625054768,0.4975627013615197,0.1584655148642403,0.9993821978569031,0.4128777095249719,0.4950814391885483,0.14990562668868468,0.9995391964912415,0.39527655925069516,0.5388214622225078,0.13329482972621912,0.9999662041664124,0.43062931639807545,0.5100559677396499,0.05680077650717324,0.9999577403068542,0.3994204776627675,0.5844028558049881,0.1592910592045102,0.5355114340782166,0.4517457681042805,0.5453553966113497,0.06665102222136085,0.9727104902267456,0.41696237495967303,0.5842575533049446,0.20273624360561363,0.676087498664856,0.45927114742142794,0.5621408334800173,0.13264299524681902,0.953349232673645,0.4199755864483968,0.5881664378302436,0.21761827979769016,0.6851673722267151,0.46029520715985955,0.5623275978224616,0.13936001541359078,0.9350724816322327,0.4225644690649848,0.582833021027701,0.2144893429109027,0.6885350346565247,0.4576112117086136,0.551044051987784,0.1443320419107164,0.9286746382713318,0.42199742623737857,0.5822785786220003,0.2031095232282365,0.6787400245666504,0.45670782923698405,0.5544098871094838,0.13615338025348522,0.8873224854469299,0.4154877918107167,0.6177274039813447,0.025519020349851665,0.9999899864196777,0.43142233235495414,0.609731328487396,-0.025656294051025583,0.9999876618385315,0.4327328171048843,0.6755730101040428,0.013311136247856271,0.8818490505218506,0.44369186844144526,0.6779714209692815,-0.06718458916459762,0.9955214262008667,0.4321365066937036,0.7564189536230901,-0.03575655434812816,0.939140796661377,0.4348192913191657,0.7635687146868021,-0.13298798927239003,0.992238461971283,0.4254138452666144,0.7667530570711405,-0.04088286736181802,0.9675540328025818,0.42765285202435066,0.7732173119272502,-0.136869956765856,0.9771972894668579,0.4368529243128638,0.7824315241404938,-0.05314122459718157,0.9251826405525208,0.4419923850468225,0.7988963910511558,-0.16377824928079326,0.9768154621124268
23,0.41030751722199554,0.4920669589723857,0.16702902615070336,0.9998036623001099,0.40762375763484393,0.4883795610495974,0.16396918254239212,0.9997416138648987,0.40637824961117314,0.4887552218777791,0.16390206515789024,0.9997014403343201,0.4049546965530939,0.4890881512846263,0.16390245131083891,0.9997525215148926,0.41033130373273563,0.48689623985971703,0.16085112648350844,0.9998713731765747,0.41120762910161685,0.48618337852614246,0.16073766691344116,0.999897837638855,0.4120726202215465,0.4853742803846085,0.1607048443385532,0.9999099969863892,0.403904787983213,0.49330855522836936,0.13716682110513953,0.9997983574867249,0.41312247259276236,0.4875256282942634,0.12236335724592204,0.9997938275337219,0.40877627474921074,0.4981806891305104,0.15860423062528878,0.9992295503616333,0.4127136085714611,0.4962246835231779,0.15383733894143778,0.9994004368782043,0.39432465178625903,0.5375145861080712,0.11523920042174197,0.9999662637710571,0.4316059095518927,0.5159270082201275,0.07556790603058676,0.9999577403068542,0.3909392944404055,0.5899637188230239,0.13079612765993384,0.5021935701370239,0.4446082123688287,0.568008209977831,0.08358989145074568,0.9442761540412903,0.4062046876975466,0.6020965150424409,0.16688759326934804,0.6093378663063049,0.4445542216300962,0.5954511421067372,0.1379929112536566,0.8593807816505432,0.40920652151107767,0.6095329029219488,0.17842031504426673,0.6175727844238281,0.44162679825510276,0.606324505805969,0.14589955849306918,0.8425066471099854,0.4114769305501664,0.6048539859907964,0.17659741597516188,0.6205635666847229,0.43749004517282736,0.6067120109285624,0.14826905557087483,0.8366509079933167,0.4110268746103557,0.602532761437552,0.16800776166575287,0.6117353439331055,0.4366351876940044,0.6016856159482681,0.14001465886831277,0.7994109392166138,0.4170963653496331,0.6160298092024663,0.015813897410407653,0.9999897480010986,0.434490839072636,0.6111954024859834,-0.015965542030919867,0.9999879598617554,0.4294817396572656,0.6819475327219279,0.003690672466265303,0.8865406513214111,0.44297539336340747,0.6842791523252212,-0.05080099936042511,0.9943856596946716,0.4335831446307044,0.7601740070751732,-0.04632401157702716,0.9400368928909302,0.4374365968363624,0.7689796260425018,-0.11748139581509993,0.9913122653961182,0.4282956268106186,0.7695646865027288,-0.051740064365523177,0.968678891658783,0.4311539028372081,0.7790072577340259,-0.12224528576646526,0.9769601821899414,0.43805470381464257,0.7835361310413902,-0.0691924976451056,0.9170217514038086,0.44545604586601234,0.8045176710401258,-0.1535829773971012,0.9703711271286011
24,0.4108074792793817,0.4936495065689085,0.17311613048825936,0.999780535697937,0.40821806362697033,0.4900005374635966,0.16922182440757744,0.9997240900993347,0.4069880851677484,0.4904047148568287,0.16913966664246144,0.9996832609176636,0.4056420862674711,0.4907924064568108,0.16912294370787476,0.9997418522834778,0.4111147446291786,0.48896012050764875,0.167785044653075,0.9998537302017212,0.41206042851720515,0.4885473310947416,0.1676822819880076,0.9998794198036194,0.4130022704601286,0.48802231209618685,0.16766172647476188,0.9998937845230103,0.4044245873178753,0.4953975873334065,0.13860035219362798,0.9997907876968384,0.4139493286609648,0.4908321108136856,0.13085603117942804,0.9997484683990479,0.4092071047851016,0.4991709062031334,0.16284823971135268,0.9991915822029114,0.4130327216216494,0.49763082436152845,0.1603437845196042,0.9993296265602112,0.39568756648472353,0.5363727450370785,0.10473198784249164,0.9999684691429138,0.43180181128638107,0.521517947741917,0.09372355746371401,0.9999575614929199,0.3871212891169955,0.5820086377007618,0.13318640536495613,0.5113477110862732,0.4394701233931948,0.5740769164902821,0.10355591199227737,0.8678024411201477,0.3956387715680256,0.6068001202174593,0.19629092727388647,0.5709670186042786,0.43842541916029776,0.606783078398023,0.154754974586623,0.7781836986541748,0.39770763090678607,0.6150322352136881,0.21015424025910232,0.5753612518310547,0.4336564949580599,0.6141471556254793,0.16517356953450604,0.762310802936554,0.3996813671929494,0.6141487308910911,0.21282305589744013,0.5769835114479065,0.4288057233606064,0.6136151501110619,0.1657567239233425,0.7568142414093018,0.3996073390756333,0.6111467123031613,0.1997511944600513,0.5652987957000732,0.4279529299054825,0.6111989719527106,0.15587937044245848,0.7233153581619263,0.4179551967552728,0.6143575566155567,0.007388105163616789,0.9999904036521912,0.43612911956650846,0.6113554256302967,-0.007560347366545878,0.999988853931427,0.426512254987444,0.687647131511143,-0.01677977378879274,0.8968650698661804,0.44270626817430747,0.6837719525609695,-0.03517960142344235,0.993988573551178,0.43201689549854805,0.7673634205545694,-0.08419824540615078,0.944269597530365,0.4403865984507967,0.7568517480577737,-0.09897134091172895,0.9911540150642395,0.42945415973663315,0.7780436277389522,-0.09151318179709567,0.9706642031669617,0.43479170628956365,0.7674342002187453,-0.10569010802677695,0.9778357744216919,0.4357839993068148,0.7895919169698439,-0.11442549526691431,0.9182310104370117,0.44753742218017556,0.7987875921385625,-0.1324642162237848,0.9684046506881714
25,0.41137333512306196,0.5013429062707081,0.17230669856071465,0.9997400641441345,0.4091526772294724,0.4975043569292339,0.1683636682374136,0.9996961951255798,0.4080089867115019,0.4978803532464161,0.16827408288206364,0.9996631145477295,0.40678569504192874,0.49825500079563667,0.16825184609208782,0.9997323155403137,0.4120436523641857,0.4966474430901662,0.1683830065386635,0.9998153448104858,0.4130470028945376,0.4963487855025698,0.16832049574170788,0.9998399615287781,0.4140934841973439,0.49593062400817844,0.16833227276802054,0.9998534917831421,0.4057565212249754,0.5024308059896739,0.13328527254717684,0.9997903108596802,0.41545160157339894,0.49874409096581573,0.13567820191383356,0.9996291995048523,0.4098737486771173,0.5066877058574129,0.16163549827677856,0.999119222164154,0.4135148618902477,0.5051106963838847,0.1616475113800593,0.9991377592086792,0.397537279980523,0.5386525562831331,0.08720543767724714,0.9999710917472839,0.43269559400422214,0.5325729182788301,0.10889682982649117,0.999943733215332,0.3866541785853248,0.5783242957932606,0.11020090744963709,0.554625928401947,0.4347911281245094,0.5873747927801947,0.11130406835249487,0.7845410108566284,0.3836085779326301,0.6076875448226926,0.17480980988059716,0.5888099074363708,0.4273848482540673,0.6224268078804014,0.14035704173147673,0.7019139528274536,0.3831756131989613,0.6174425482749937,0.1859505070107323,0.5802979469299316,0.4231525472232272,0.6281595962388171,0.14840687758156224,0.6877867579460144,0.3853523748261586,0.6187811408724101,0.19230544673545014,0.5799750089645386,0.4195296951702661,0.6271105766296383,0.14805748249803263,0.6827746033668518,0.38630232896123595,0.6158635820661269,0.17962348024759967,0.5600525140762329,0.4186043747833795,0.6251107590539111,0.14047008327075408,0.6526985168457031,0.41848005652427656,0.6221939972468782,-0.0028806377800979777,0.999990701675415,0.43779527885573233,0.6191666807447158,0.002709873293393424,0.9999880790710449,0.42330044848578297,0.6997333339282441,-0.02510990264958568,0.9059227705001831,0.44391554934637867,0.6815641794885905,-0.017817247180002067,0.9862267971038818,0.42788363099098187,0.7836384807314187,-0.09313130059412544,0.9479773640632629,0.44357303977012613,0.7382214103426248,-0.07852668557316062,0.9829394221305847,0.42839278408459236,0.7957558631896968,-0.10067249169307091,0.9721135497093201,0.43966373716081875,0.7430810723985941,-0.08527197385472907,0.9730666875839233,0.4302779223237717,0.8040490610258916,-0.12679577028112748,0.9179675579071045,0.4483247654778615,0.7849372369902471,-0.10662543137690847,0.947350263595581
26,0.4123425100530895,0.5157756209373472,0.15501841604709618,0.9997448921203613,0.4106231885296956,0.5113817427839549,0.1437915159123284,0.9997101426124573,0.4095664773668559,0.5115566628319874,0.14370260025773723,0.9996802806854248,0.40849002259118194,0.5116938889026639,0.14367520170552384,0.9997479915618896,0.4136031465870992,0.5106227976935248,0.14950560267482477,0.9998188614845276,0.4147098209176743,0.510242073025022,0.14935475736856454,0.9998405575752258,0.41587771858487793,0.5097635669367652,0.14930334921394067,0.9998542666435242,0.40766867569514664,0.5145642246518813,0.10299019962549205,0.9998055100440979,0.4174354408468517,0.5122191326958789,0.11713553177458894,0.999624490737915,0.4108235129288263,0.5206634249005996,0.1379636334521429,0.99916672706604,0.414393901824951,0.5193247454507008,0.1426685350281851,0.9991575479507446,0.3994100596223557,0.5459838339260644,0.05242823032396178,0.999973714351654,0.4333256823675971,0.5483883687428063,0.09686214136225832,0.9999347925186157,0.3891914606094359,0.5811294027737206,0.04587640522846151,0.5976182222366333,0.42944523521832034,0.6033445136887684,0.08016609336648664,0.7114328742027283,0.37798912865774953,0.6024276580129349,0.0740590725626264,0.625505805015564,0.4115794880049567,0.6229902250426154,0.06438939848116462,0.6408544182777405,0.37621903760092584,0.6108437146459305,0.07641098882470808,0.6148938536643982,0.406256911584309,0.6233700088092256,0.06476287075451438,0.6296459436416626,0.3778076733861649,0.6121142693928306,0.08282299510070251,0.6141154170036316,0.4026479831763674,0.6207613570349554,0.06328645007950916,0.6250887513160706,0.3791009604930876,0.6099136420658653,0.0781023332050868,0.5914412140846252,0.4035781715597423,0.6199765920639035,0.06264309499944956,0.5976353287696838,0.41908515862056167,0.6393546427999222,-0.007826045128915987,0.9999905228614807,0.43897999354771183,0.6358913421630856,0.007689779491296834,0.999985933303833,0.42088603121893725,0.7175699591636655,-0.008851460367441173,0.9144164323806763,0.44654179641178654,0.6882833446775161,-0.011936726554163859,0.9782959818840027,0.42421501704624703,0.8023743169648303,-0.049650906877858274,0.9521593451499939,0.44426789879798867,0.7042504327637805,-0.046511079796722934,0.9672117233276367,0.42673142296927297,0.8160542266709461,-0.05464821894254001,0.9743083715438843,0.4400558122566766,0.7047568883214674,-0.04984970241785047,0.9701892137527466,0.42486205101013164,0.8171707698277061,-0.07588515366826734,0.9209708571434021,0.44276580299649904,0.7252231819289068,-0.059367952495813336,0.925687313079834
27,0.4138391613960264,0.530212467057364,0.13945866227149956,0.9997477531433105,0.412283362661089,0.5253153477396282,0.12291971615382598,0.9997173547744751,0.41131408555167037,0.5253541512148718,0.12283545732498163,0.9996883273124695,0.41034010904175877,0.5253446825913017,0.12281029437269478,0.9997580647468567,0.41531221526009676,0.5244679663862498,0.1336610419409615,0.9998166561126709,0.41649054374013605,0.5239895505564551,0.13345486138548163,0.9998359680175781,0.4177311480045317,0.5234604673726215,0.13336343211787083,0.9998525381088257,0.40978992836815953,0.5274287104606626,0.07898415859256469,0.999817967414856,0.41942856482097063,0.5257308781147001,0.1051927268505096,0.9995956420898438,0.4123966838632309,0.5354510920388356,0.11781722051756717,0.9992033839225769,0.4159240339483532,0.5343525818416048,0.12757229634693684,0.9991648197174072,0.4016471590314591,0.5564771822520662,0.0297904566994735,0.9999761581420898,0.43423010621752034,0.5636564033372059,0.08668003614459716,0.9999262690544128,0.38958477548190507,0.5850482412746971,0.008548801232661513,0.6350078582763672,0.42539138027599854,0.6129481775420049,0.06610446295567918,0.6445602774620056,0.3771110330309185,0.5972540293421061,0.01660149501902715,0.657712996006012,0.40109402877943834,0.6200253401483805,0.032755911084158054,0.5802268981933594,0.3749401066984447,0.6039915902273992,0.014275336052690227,0.645841658115387,0.39648826122283914,0.6187971029962809,0.029553236173731914,0.5713714361190796,0.375880033629281,0.6043775933129444,0.015868198445865067,0.6445423364639282,0.391688674688339,0.6162914190973552,0.02741550420011791,0.5669575333595276,0.3771415650844572,0.6024557845933094,0.018496846620525614,0.6169365048408508,0.393696297918047,0.6154120053563796,0.030129823088645917,0.5416556596755981,0.41958518283707735,0.6575177039418899,-0.009960434964991036,0.9999907612800598,0.439076906442642,0.653708069665091,0.009849904776949964,0.9999830722808838,0.41980238386562874,0.7323419877461022,0.00863811349429722,0.9199385643005371,0.44922737904957344,0.6961892332349502,-0.00016282706388405423,0.9469938278198242,0.4231365501880644,0.8126075046403064,-0.010208194436771522,0.948944091796875,0.44642937949725536,0.6942449212074276,-0.029886263795196998,0.8802345991134644,0.42587428092956525,0.8260470492499211,-0.01315979765994207,0.9725629091262817,0.4428306554044994,0.6962748953274316,-0.03263391676758016,0.9213497042655945,0.42302109854561926,0.8246531861168994,-0.03356547094881533,0.9018423557281494,0.44140451295035205,0.688074914046696,-0.04162494393863847,0.8435454964637756
28,0.4161202618053979,0.5361541254179816,0.13497172210897712,0.9997478127479553,0.4144124720777782,0.5315573028155733,0.1179203012159892,0.9997259974479675,0.4134501176221028,0.531640325273786,0.11784135443823672,0.9996995329856873,0.4124757604939595,0.5317292724336894,0.11782456508704588,0.9997684359550476,0.4176066381590705,0.5308042475155419,0.12950783818960185,0.9998192191123962,0.41885482839175614,0.5304449013301302,0.1293279505201748,0.9998365640640259,0.4201683631965091,0.5300824795450481,0.12925270221063062,0.9998552203178406,0.4119487081255229,0.5344161101749962,0.07191143823521474,0.9998287558555603,0.4219059348106382,0.5326420954295565,0.10251421353646682,0.9996029734611511,0.4148997145039693,0.5413187009947638,0.11266878928456982,0.9992359280586243,0.41830832702772935,0.5406813689640588,0.12436603605747217,0.9991903305053711,0.40370858226503625,0.5629282917295181,0.026074014816965363,0.9999780058860779,0.4360405376979281,0.5725191099303106,0.08680596394198278,0.9999163150787354,0.3886241350855144,0.5904459936278204,0.007924355087535712,0.6698983907699585,0.42468763249261016,0.6128409249441962,0.08750152545315874,0.5861921310424805,0.3807747083050862,0.5985885262489317,0.022873422290597627,0.6782211065292358,0.40409122109413126,0.6203335710934228,0.08177274188825058,0.5267294049263,0.3790065748350959,0.6048346894127978,0.021348453419549104,0.6612464785575867,0.40096288664000357,0.6199119704110279,0.08330953972680223,0.5198732018470764,0.3801026676382335,0.6047088588987075,0.023410375629152547,0.6589593291282654,0.3954351067543028,0.61833336012704,0.08029815043721876,0.515656590461731,0.381080377101898,0.6027368647711615,0.024806900535310997,0.6259105205535889,0.3972737201622552,0.6174873590469357,0.07951728169407159,0.4927830398082733,0.41948313713073715,0.66558461018971,-0.011933642599199493,0.9999909996986389,0.4385918974876402,0.662876166616167,0.011827355969165048,0.9999826550483704,0.4195408812591006,0.735719880035945,0.01021095135116151,0.9275128245353699,0.44995702845709645,0.7077210443360462,0.020182693829493857,0.9435076713562012,0.4235636327947887,0.8142466272626601,-0.009497253064598346,0.9535889625549316,0.44764040538242866,0.6981689691543576,0.0016821639878409258,0.8782323002815247,0.4256456060068946,0.8271822077887395,-0.012346503670726495,0.9749205112457275,0.4439100725310188,0.706296919073377,0.0001582087150641901,0.9243658185005188,0.4223606850419724,0.82360018151147,-0.03390926793217657,0.9087164998054504,0.4442795855658393,0.6834737505231581,-0.007989913358220023,0.8358737230300903
29,0.4184856099741797,0.5362322415624343,0.13572784577097205,0.9997104406356812,0.4168136307171411,0.5314630082675387,0.12488726547786162,0.9997060298919678,0.4158042090279713,0.5314611315727231,0.1248095159019742,0.9996811151504517,0.4147848793438501,0.5314567446708676,0.12480394967964711,0.9997566342353821,0.4200376902307781,0.5309779218264986,0.13248644960778094,0.9997976422309875,0.4212874667985097,0.5307270629065375,0.13241944760084146,0.9998135566711426,0.4225965883050644,0.5304939389228819,0.132415565422603,0.999841570854187,0.4142182546002522,0.5342625617980955,0.08050375218902311,0.9998276829719543,0.42436395032065233,0.5331543615886141,0.11004200918333865,0.9995768070220947,0.41729324885777047,0.5412231496402193,0.11966128306729447,0.9991897344589233,0.42055175645010795,0.5411891068731033,0.12925800787551056,0.9991273283958435,0.40541815161704997,0.5632050991058347,0.03510013542004993,0.9999791979789734,0.43925451891762846,0.5746851001467022,0.09994829339640476,0.9998999238014221,0.3884811077799114,0.5955091595649716,0.039653166543160145,0.6947901248931885,0.43064414603369555,0.6183660064424785,0.12106002100876395,0.5345660448074341,0.38598990099770664,0.6034779787063596,0.08376097934586657,0.6573526263237,0.4123045793601443,0.6258467895644049,0.15140053432966977,0.47567078471183777,0.38439615879740013,0.6075712919235227,0.08928926480667929,0.6350359320640564,0.4100383537156239,0.6266440289361133,0.15935957932046474,0.4697141945362091,0.3858514990125382,0.6073963522911069,0.09138930801834375,0.6304556131362915,0.40554626924650994,0.6250145673751828,0.15669548809528344,0.46582794189453125,0.38666398440088523,0.6058901361056734,0.0872055497552667,0.5915387272834778,0.4062670367104665,0.6236160346439903,0.15024079765592296,0.44535619020462036,0.4191265208380561,0.6644209231649123,-0.01611265300640037,0.9999909400939941,0.43807422092982684,0.6624473639896935,0.016010518505104945,0.9999812245368958,0.4193560651370455,0.7359853608267644,-0.0009580115554854267,0.9344380497932434,0.44947179130145465,0.7143411074365885,0.032760662745152186,0.9369882941246033,0.4235096488680156,0.8136980567659646,-0.027779328024813095,0.9578226208686829,0.45101825765201004,0.7124484947749543,0.020395411923527708,0.8494104146957397,0.42514702592577236,0.8255881564957751,-0.03065577788012367,0.9770490527153015,0.4500920764037539,0.7187046085085185,0.01967897242201225,0.9196920394897461,0.42176055908203103,0.8241303801536557,-0.05477375127375123,0.9146677255630493,0.4538092102323258,0.7132372413362772,0.009264067427388256,0.7945396304130554
30,0.4221936430249893,0.534477136816297,0.13590255337102064,0.9997246265411377,0.4205215905393871,0.5297065751893177,0.12621982714959545,0.9997279047966003,0.41931298119681204,0.5297320723533628,0.12614269767488745,0.9997054934501648,0.4181301815169196,0.5297560930252073,0.12613071586404523,0.9997752904891968,0.4238062330654687,0.5291351744106836,0.13256671151944563,0.9998117089271545,0.4249123249735149,0.5288178392818994,0.13250065722635807,0.9998260736465454,0.42602713448660695,0.5285515104021342,0.13248661139181675,0.9998522996902466,0.41710060153688683,0.5322927645274569,0.08232536039182115,0.9998421669006348,0.42734576123101353,0.5310948133468626,0.10887081197329926,0.999607264995575,0.4204818265778676,0.5392520802361622,0.12116588588271816,0.9992531538009644,0.4238246398312703,0.5391778400966096,0.12910355755261005,0.9991917610168457,0.4063254611832753,0.5601690087999613,0.034475500615579725,0.9999810457229614,0.44244662352970654,0.5720050215721129,0.1014397853187152,0.999902069568634,0.39121754595211555,0.5959727457591463,0.04115426428616045,0.7232295870780945,0.4402870859418594,0.6230342473302566,0.11429769950253618,0.5126362442970276,0.3919959434441156,0.6114917295319691,0.08561815598181312,0.6598140001296997,0.42321758270263654,0.6288654344422473,0.119664183471884,0.42903706431388855,0.39193595136914916,0.6150367907115388,0.09225125589541022,0.6298885345458984,0.42065070016043504,0.6305042249815802,0.12547834132398872,0.4236930012702942,0.39421284539358936,0.6144431318555557,0.09356465722833357,0.6236400008201599,0.41755209820611117,0.6278052943093433,0.12266187965869899,0.42011579871177673,0.39450584990637627,0.6131341883114403,0.08909132608345571,0.5773078203201294,0.41776122961725487,0.6263208287102833,0.11800679415464395,0.40176069736480713,0.4180260743413651,0.6602785944938656,-0.016569949952619407,0.9999916553497314,0.4375088257449012,0.6593038354601175,0.01646127429391656,0.9999823570251465,0.4191670962742395,0.7351275512150353,-0.013923031690397427,0.9409413933753967,0.44745292748723686,0.7178337795393803,0.024563893782240994,0.9422814249992371,0.42352859037263035,0.8120839697974065,-0.03760954248053685,0.9619490504264832,0.45452762927327817,0.7195263743400571,0.025311866801764275,0.8590438365936279,0.4249030811446052,0.8235660280500136,-0.03993986940809657,0.9792369604110718,0.455692398548126,0.7217407209532598,0.02593296545424631,0.9260255098342896,0.4216622889041899,0.8235531449317928,-0.06240957773157525,0.9222927093505859,0.45873163257326377,0.7340818779809131,0.017060909393642625,0.7991621494293213
31,0.42604059151240736,0.5314931358609878,0.12863577008247368,0.9990223050117493,0.42417831676346895,0.5265306609017506,0.11865727582148138,0.9991045594215393,0.42279434374400526,0.5265476107597349,0.11857478150299611,0.9991145133972168,0.4215119336332592,0.5265754035540987,0.11855554474251605,0.9992763996124268,0.4276149562426974,0.5260987469128198,0.12365533347640713,0.999413013458252,0.4286661582333699,0.5258669410433086,0.1235856977956635,0.9994955062866211,0.42964755296707136,0.5256870644433155,0.12355660689728595,0.999588131904602,0.4202369655881607,0.5293885094778876,0.07459761500358578,0.9995550513267517,0.4306216486862726,0.5285375969750539,0.09793359168938223,0.9990268349647522,0.42376394612448537,0.5362331509590146,0.11437550676720477,0.9984071850776672,0.42738070062228595,0.5364571298871719,0.12086357857499798,0.9983988404273987,0.4071503000599995,0.5567303146634781,0.025560343478407167,0.9999809265136719,0.4452999975000107,0.5676799433571948,0.0938341345105852,0.9998916983604431,0.3922623498099189,0.5928912281990049,0.036035875443901313,0.7417809963226318,0.44974108849252953,0.6235143252781457,0.09648579465491426,0.515078604221344,0.39861152257238097,0.6158893687384466,0.08524383412940158,0.6043763756752014,0.4330603335584911,0.6280542339597427,0.08885091096162792,0.38826829195022583,0.4008175534861427,0.6210687398910519,0.0933541853513036,0.5747019648551941,0.4297931185790469,0.630313866479056,0.09402876836912967,0.38323450088500977,0.4030703502041951,0.619461757796151,0.0926421510321753,0.5684190392494202,0.42789220469338535,0.6272528920854838,0.09090342521667476,0.37985455989837646,0.40268420151301776,0.6174312250954761,0.08778534127133229,0.525202751159668,0.428297390256609,0.6259013192994252,0.08696450910397933,0.3632029592990875,0.41672288179397565,0.65775978905814,-0.016990588685231543,0.9999906420707703,0.43728548628943287,0.6568042142050603,0.01687091886997222,0.9999806880950928,0.41877637931278755,0.7332886985370087,-0.022299552845236437,0.9466282725334167,0.44488304257392863,0.7113175017493109,0.022774050225104595,0.9423867464065552,0.4231082797050474,0.8108404125486097,-0.054338000342249844,0.9655131101608276,0.4582952363150458,0.7391462240900308,0.0017363127054912707,0.867417573928833,0.42502531153815115,0.8221075381551466,-0.0576729098068816,0.9811132550239563,0.4614661940506524,0.7414515188762116,-0.00028420598911387505,0.9307451248168945,0.4210198564188819,0.8228858453886845,-0.07811201140284534,0.9277277588844299,0.46201244507517114,0.7684896826744075,-0.013690474629402155,0.7982276678085327
32,0.4287642283099036,0.5272105813026425,0.12664884584290634,0.9990493059158325,0.42675416980470915,0.5222384674208502,0.11630208087818958,0.9991216659545898,0.4254321481500351,0.5221167819840565,0.1162303039005824,0.9991354942321777,0.42424334287643417,0.5220096451895575,0.11621097283703935,0.9992783665657043,0.4303144965853008,0.5221963184220448,0.11984581393854953,0.9994319677352905,0.43144942692347915,0.5220732927322385,0.11976243598120548,0.9995161890983582,0.4324870875903536,0.5219723973955425,0.11972808007683067,0.9996042251586914,0.4229279330798556,0.5248449887548172,0.07228415161371227,0.999561071395874,0.43341590080942405,0.5247765762465337,0.0908351042440959,0.9990818500518799,0.42655912211963093,0.5318433029311042,0.11205535892929344,0.9984216690063477,0.43023305790764926,0.5325974634715487,0.11697673648595804,0.9984473586082458,0.4078597153936112,0.5518629755292618,0.024983985030225333,0.9999815821647644,0.4474273477281841,0.5645922711917329,0.08529107932533533,0.9998989701271057,0.3938034585544039,0.5923370855195179,0.037587098883731004,0.7569593787193298,0.45488291467939085,0.6178346259253362,0.08630219995975491,0.532118558883667,0.40598999857902507,0.615791891302381,0.09736688456365036,0.5506662130355835,0.43754323635782494,0.624211604254586,0.09135057606867376,0.355236291885376,0.4101288693291799,0.622272295611245,0.10708132939679277,0.5228319764137268,0.4327384233474729,0.6258079596928185,0.09809426175696503,0.34982892870903015,0.41223863874162925,0.6187129582677566,0.10435709357261654,0.5168333649635315,0.43166133165359477,0.6227984956332613,0.09550373937402448,0.34637439250946045,0.4112073608807153,0.6165283032826012,0.0984787204435893,0.47720763087272644,0.43265112723622984,0.6213540554046628,0.09005345468010217,0.33089038729667664,0.4155726475375037,0.6557823351451326,-0.01685084929423672,0.9999898672103882,0.43713563340050815,0.6547784481729777,0.016720408946275703,0.9999805688858032,0.4173113908086502,0.7297993506704055,-0.02883400935679673,0.951818585395813,0.4429313038076671,0.7067527839115684,0.022022626123258036,0.9438532590866089,0.42207852687154473,0.80857606274741,-0.07909259146877694,0.9687939286231995,0.45707849604742845,0.7621302315167015,-0.017238171744559487,0.8775469064712524,0.4250845500401086,0.8207203217915122,-0.08442683517932889,0.9829157590866089,0.45959924800055346,0.7698942525046208,-0.02187923232891729,0.9366258978843689,0.4194498019559041,0.8225704942430765,-0.10118047520518297,0.9336279630661011,0.45671797905649436,0.7896663836070466,-0.032068188461874196,0.8068274855613708
33,0.4297370748860493,0.5200186439922876,0.13264287369591843,0.9991384148597717,0.4278986036777494,0.5149246573448178,0.12263243964740202,0.9992031455039978,0.42673490217753796,0.51461911542075,0.12257676422595973,0.999215841293335,0.4256646122251236,0.5142364859580991,0.122561542051179,0.9993441700935364,0.43141169037137694,0.5152898481913972,0.12498881603990276,0.9994855523109436,0.432669059719358,0.5152539798191613,0.12488396103893001,0.9995620846748352,0.4339035281113214,0.515172971997942,0.12484994381666177,0.9996415972709656,0.42433886357716133,0.5168623651776993,0.07875673802835598,0.9996015429496765,0.43491798979895435,0.517826095649174,0.09109392315149303,0.999170184135437,0.42782324382237,0.5246779152325219,0.11780051461287902,0.9985653758049011,0.4314592216696056,0.5257933190890718,0.1210862306611878,0.9985917806625366,0.40883076786994915,0.5465595943587165,0.03537900298833845,0.9999827742576599,0.4489674755505151,0.5605473296982899,0.07551903288279257,0.9999083280563354,0.39676119600023524,0.592479508263724,0.05874421223998067,0.7706222534179688,0.45986014519418966,0.6112469826425821,0.08076451186622888,0.565419614315033,0.40977961335863367,0.6119518314089092,0.13672895580530162,0.5037045478820801,0.4418119694505417,0.6217776962688988,0.11575483935219896,0.3321835398674011,0.4130589016846246,0.6179285492215835,0.1504012303692953,0.47789034247398376,0.4367565529687062,0.6238695740699765,0.12491382871355323,0.32431909441947937,0.4148202632154735,0.613654712268284,0.14746539741754525,0.4722368121147156,0.43556229897907783,0.6207230636051719,0.12393344044685359,0.32043370604515076,0.4141399213245935,0.6114409003938945,0.13814739648784902,0.4359561800956726,0.4368636241980959,0.6187889490808757,0.11578376825366696,0.30568942427635193,0.41537665809903807,0.653060093947819,-0.014709952074502188,0.9999897480010986,0.4369274028709954,0.652083953789302,0.014578890614211552,0.9999814033508301,0.4147714717047553,0.7255854606628414,-0.03201007172465323,0.9564839601516724,0.442648889337267,0.7057971409388948,0.0229032482286649,0.9468508958816528,0.4200264436858039,0.8022139481135774,-0.09172486982175278,0.971592903137207,0.4535946650164465,0.7747395038604733,-0.019976648555270253,0.88728266954422,0.42428246310779005,0.8128837926047184,-0.09768710200275689,0.9844649434089661,0.4551336382116588,0.7852939929280958,-0.025190665333398733,0.942039966583252,0.4186137080192564,0.8211926868983673,-0.10909444136278966,0.9383734464645386,0.4499439588614871,0.7909054619925359,-0.029253945818969167,0.8160687685012817
34,0.4300029831273213,0.512210394654955,0.12631409040519162,0.9992116689682007,0.42838624034609096,0.5073391420500617,0.11646365012441358,0.9992692470550537,0.42729857223374484,0.5071690286908829,0.11641901220594128,0.9992810487747192,0.4262345577989304,0.5068718297140936,0.11640462172882893,0.9993965029716492,0.4316781801836829,0.5074173688888548,0.11807100112949094,0.9995301365852356,0.432875324147088,0.5072906008788515,0.11794777469975601,0.9996007680892944,0.43409304874283905,0.5070763145174296,0.11791195507560452,0.999673068523407,0.424689300571169,0.5094683774879998,0.07381184239472657,0.9996356964111328,0.4350960527147563,0.5095842267785751,0.07968184341277391,0.9992469549179077,0.428195479086467,0.5174596956798007,0.11209636713777264,0.9986834526062012,0.4317170594419749,0.5178509405681063,0.11381082066467825,0.998712956905365,0.4092236816883085,0.5426998427936006,0.03787251535270894,0.9999831914901733,0.4501810022762841,0.5553333640098569,0.05791818467634062,0.9999166131019592,0.40033400143895814,0.5922674230166841,0.07370270735451151,0.7788353562355042,0.4635532992226735,0.6040397150175909,0.0742280236312321,0.6010119915008545,0.4129043093749453,0.6057268142700193,0.15731891351086746,0.45684850215911865,0.4463134007794514,0.6177090525627134,0.12089785571609218,0.3179178833961487,0.415501364639827,0.6110594562121797,0.1732450979096548,0.43347427248954773,0.44169616018022784,0.6216533167021612,0.1312187064971242,0.3066968619823456,0.4178396318640026,0.6060838818550107,0.1698747243200029,0.4282546043395996,0.44001374074390937,0.6180116517203191,0.1302573978900909,0.3020802140235901,0.417313789469855,0.6034763251032145,0.15870525922094064,0.39556023478507996,0.441508056436266,0.6155055999755856,0.12133657208510802,0.2877454161643982,0.4154312687260762,0.6498146057128904,-0.011587783414870495,0.9999901056289673,0.43683657901627654,0.6496807592255726,0.011465481189744808,0.9999827146530151,0.41148927126611967,0.7186937928199764,-0.03200857689870254,0.9607164859771729,0.4429205221789222,0.7056010467665532,0.01036546153149434,0.9502120614051819,0.4165088074547902,0.7894156626292634,-0.09011146490062982,0.9741992950439453,0.45217371072087953,0.7792948092733107,-0.03995698320546319,0.8972538709640503,0.42068294967923825,0.7980200852666579,-0.09569518374545229,0.9859133958816528,0.4535373474870407,0.7905116149357383,-0.04562065822205372,0.9472193717956543,0.41808318580899906,0.8162601658276145,-0.10378907940217422,0.9433098435401917,0.44653198293277174,0.7907628144536696,-0.046929331283484164,0.8281558752059937
35,0.4292523835386547,0.5062966959817066,0.11347700740609845,0.9992548823356628,0.4277940835271561,0.5012737819126671,0.10363271044833314,0.9993029236793518,0.42670289618628343,0.5012246676853722,0.10358348020485464,0.9993110299110413,0.4256103737013679,0.5010375005858283,0.1035698498998369,0.9994154572486877,0.4309145450592039,0.5012314030102318,0.10451442961181907,0.9995589852333069,0.4320782567773544,0.50116400037493,0.10438632028443467,0.999627411365509,0.43327150855745566,0.5009996942111421,0.10434682560818531,0.9996953010559082,0.42398762617792385,0.5038779820714676,0.0611414836985724,0.9996509552001953,0.43449021662984555,0.5037023246288297,0.06391378758209089,0.9993059039115906,0.4274386729512894,0.5119632806096756,0.10031662583351131,0.9987309575080872,0.4308447105543952,0.5119725789342605,0.10083163955381932,0.998782217502594,0.4091767779418398,0.539555409976414,0.031904526161296014,0.9999807476997375,0.45069315859249637,0.5487735986709592,0.04234832418816428,0.999923586845398,0.4027589934212819,0.5919414690562654,0.07267992092030386,0.7521376609802246,0.4646590939589907,0.5951908656529015,0.0645116043942315,0.6168137192726135,0.4152631027357917,0.5991585731506345,0.15457251710551118,0.4119250178337097,0.449513370650155,0.6122302634375433,0.11695484433855324,0.29409775137901306,0.41719497016498,0.6046963879040306,0.17123102034841256,0.3910178542137146,0.44543852976390275,0.6179752537182397,0.12779815686600543,0.2827787399291992,0.4205058855669837,0.5989701730864386,0.16766607931682034,0.3863174021244049,0.44347041760172146,0.6143808143479481,0.12650473202977858,0.27806201577186584,0.42007216385432633,0.5961163486753188,0.15585211132253912,0.3569343686103821,0.44463367887905647,0.6114606908389497,0.11748544658933362,0.26416996121406555,0.41563497611454536,0.645674886022295,-0.009191854816994492,0.9999895095825195,0.4370812186173028,0.6464743375778195,0.009077053317534068,0.9999833703041077,0.4079910550798687,0.709115738528115,-0.019122229755989133,0.963273286819458,0.4441519822393143,0.7022053837776181,0.002775340407554592,0.9492865800857544,0.4112281629017419,0.7748175842421392,-0.07278863787651059,0.9752283692359924,0.4524047085217065,0.7741555963243754,-0.054300933863435444,0.9038465619087219,0.41458131756101313,0.7820332816668916,-0.07789372525044846,0.9867293834686279,0.45363497648920315,0.7855232392038614,-0.05997611358761785,0.9504006505012512,0.41380876898765545,0.8065061279705589,-0.07986571384327748,0.9415532946586609,0.44742997884750346,0.7893588457788736,-0.06282097016062052,0.8278657793998718
36,0.4281215991292679,0.5014797210693357,0.10338551061494004,0.9992812275886536,0.42672230686460205,0.49637379390852765,0.09351402627570284,0.9993247985839844,0.42562683054379036,0.4964243454592566,0.09346458422286165,0.9993299245834351,0.42454292603901433,0.4963424571922845,0.0934557661414146,0.9994272589683533,0.429782130037035,0.4963328301906583,0.09386122013841353,0.9995788931846619,0.43094928860664344,0.4963732642786841,0.09373202174901957,0.9996467232704163,0.4321276886122565,0.49632851225989183,0.09369629408632,0.9997115135192871,0.4229495218821932,0.4993643232754296,0.05197233674781661,0.9996640086174011,0.4336437293461388,0.4991859035832539,0.05326128931982174,0.9993535876274109,0.4263481914997099,0.5074617045266285,0.09096582148756295,0.9987675547599792,0.42966820427349617,0.5072524598666597,0.09068713826792575,0.9988321661949158,0.40888185415949124,0.5360326647758482,0.02736929953098296,0.9999783635139465,0.4501814467566352,0.5426398396492003,0.03262388621057781,0.9999298453330994,0.4039330312183923,0.5914246456963672,0.06915001784052163,0.7265567183494568,0.46437296015875656,0.5870624542236325,0.05295332616993356,0.6360892653465271,0.41730233856609866,0.5947380151067458,0.14755745317254743,0.3713566064834595,0.4509367925780158,0.6069422807012282,0.10317932750497541,0.27484333515167236,0.4194998826299393,0.6007716894149777,0.16359953113964618,0.35259366035461426,0.44733039907046707,0.614032891818455,0.11314126955611359,0.26256921887397766,0.42291865433965387,0.5949368902615135,0.1598128663642065,0.3483491539955139,0.4453511587211062,0.6107279368809289,0.11151925580842148,0.2575753629207611,0.4224721883024486,0.5923454897744311,0.14881579663072306,0.32195231318473816,0.44612656065395884,0.607591104507446,0.10363062726599825,0.24389022588729858,0.4156685718468255,0.6405654634748184,-0.006637134735605543,0.9999891519546509,0.4376180308205738,0.6415363499096458,0.006521404082221641,0.9999841451644897,0.4041143306664056,0.6986860701016013,-0.00793463030297841,0.9655936360359192,0.4465526785169327,0.694318958691188,-0.011130319269640102,0.9501583576202393,0.404886438165392,0.7637635333197453,-0.065850698522159,0.9765186309814453,0.4543510326317376,0.7704393233571729,-0.07989485402192384,0.911275327205658,0.4080070989472524,0.7725777421678812,-0.07161319873162675,0.9875835180282593,0.4552014725548878,0.7810622317450383,-0.08668068093912938,0.9539411664009094,0.40500270043100606,0.7943620375224518,-0.07071109477962763,0.9411500692367554,0.4488223212105885,0.7868847676685875,-0.09241883600396765,0.8323485255241394
37,0.42751299227987,0.4975756287574765,0.11274886088711869,0.999336302280426,0.42603632807731606,0.49245595932006814,0.10351160849843702,0.9993752241134644,0.4249155402183531,0.4925618486745014,0.10346777311393188,0.999377965927124,0.42382631557328343,0.4925129881926943,0.10346541936908443,0.9994662404060364,0.4291225433349608,0.4923278450965879,0.10359787664243147,0.9996136426925659,0.43029048698289035,0.4924037201063971,0.10347383831228524,0.9996768236160278,0.43149447526250545,0.4924048176833559,0.10345376133918757,0.9997362494468689,0.4222494874681743,0.4953028500080106,0.06206347963639665,0.9996861219406128,0.4330261366707936,0.49539055568831286,0.06158193977815762,0.9994105696678162,0.42580259101731416,0.5035255040441238,0.10007633311407901,0.9988567233085632,0.42911017196519013,0.5031849707875931,0.09945486102785378,0.9989253282546997,0.40851188812937034,0.5332402365548268,0.03490911775401659,0.9999776482582092,0.4487099383558544,0.5372451628957473,0.033101840955870473,0.9999362230300903,0.4039266926901679,0.5907647575650894,0.07050922768456593,0.7154843807220459,0.4636179191725593,0.5817070364952084,0.04965746062142506,0.6650107502937317,0.4173967276300701,0.5957224539348055,0.1462690093687602,0.33551350235939026,0.45017947384289314,0.6046436922890797,0.09378672561475204,0.29205214977264404,0.42004765953336426,0.6019975900650022,0.16147716300828108,0.31868380308151245,0.44676303948674856,0.6112597720963612,0.10271739384957718,0.2718964219093323,0.4224983300481522,0.5962801201002936,0.15756776928901667,0.3148546516895294,0.4450820931366509,0.6080730267933434,0.10142571266208371,0.2652062773704529,0.42209592120988004,0.5943437167576379,0.14740443187100538,0.2911798357963562,0.44583141377993973,0.6052082657814023,0.09441783215318403,0.24594029784202576,0.4154195794037408,0.6363188402993335,-0.004938518122902936,0.9999887347221375,0.4380781556878769,0.6367364934512544,0.004808198953313485,0.9999849200248718,0.4001454719475335,0.6898628916059218,-0.003397075073527436,0.968246579170227,0.4491297764437537,0.6850628852844235,-0.01436908045184931,0.9529553055763245,0.3981415024825503,0.7580339653151372,-0.06798891616719106,0.9782705307006836,0.45776969364711195,0.7634269186428612,-0.08045683056116101,0.9188856482505798,0.40146998933383377,0.7685852459498811,-0.07449898336614877,0.9886153340339661,0.45839213984353183,0.773387115342276,-0.0877780614154679,0.9578409790992737,0.39374592985425655,0.7851221987179344,-0.07499635773045672,0.9437898397445679,0.4527738426412853,0.7826647230557029,-0.09650311895779196,0.8416619300842285
38,0.42726038098335245,0.4963038921356199,0.13166807379041393,0.9994004964828491,0.42564695392336144,0.49125863569123385,0.12342400529554906,0.9994357824325562,0.4244912590299332,0.4912867001124789,0.12338513370071133,0.9994381666183472,0.4233767730849128,0.4911779556955608,0.1233877443841525,0.9995176196098328,0.428695259775434,0.49109181932040596,0.12339390814304346,0.9996514916419983,0.4297776324408393,0.4910759474549973,0.12327585688659116,0.9997085332870483,0.4308924555778501,0.49097264068467256,0.12327209881373809,0.9997621178627014,0.42185757500784715,0.4938641599246431,0.0822002790868282,0.9997162818908691,0.43243065731866,0.49375032356807136,0.08093604711549618,0.9994685649871826,0.4255146426813941,0.5019091452871047,0.11875192693301605,0.9989665746688843,0.42877093383244086,0.5015444363866531,0.11799609788826528,0.9990293383598328,0.4077899651868001,0.5330411400113784,0.05078503840735978,0.9999789595603943,0.447946786028998,0.5345478722027368,0.04516107152615272,0.9999423027038574,0.40335520335606145,0.5905521222523278,0.08427644627434863,0.714978814125061,0.4629224683557236,0.5804581727300369,0.057789133382695035,0.6946374177932739,0.41749206185340865,0.5967613441603521,0.15665064028331205,0.3062129616737366,0.4487369145665848,0.603866066251482,0.09677459533725462,0.324230432510376,0.4209269174507684,0.602640320573534,0.1716588011809757,0.29118484258651733,0.4454517228262763,0.6106631687709261,0.10449688370738705,0.29466262459754944,0.4227286636829374,0.597603004319327,0.1668586381844111,0.28776609897613525,0.4438085096223011,0.6071496401514322,0.10401379764080043,0.2862243354320526,0.4219666429928369,0.5953658631869723,0.15727863652365542,0.26650580763816833,0.4446865081787107,0.604209334509713,0.09755699975149969,0.2609580159187317,0.41520610451698287,0.6344612768718172,-0.0045214510855397985,0.999988317489624,0.4385901076453071,0.634673954759325,0.004378506029024718,0.9999855756759644,0.39646000095776135,0.6838887606348307,-0.005549521305199178,0.9711581468582153,0.45186091150556273,0.6800542405673433,-0.011204257650699993,0.9563965797424316,0.39046882390975934,0.7574908852577206,-0.07734426004546026,0.9802356958389282,0.46275167720658417,0.7567693352699276,-0.07917148162211687,0.9260179400444031,0.3935719174998145,0.7693351132529118,-0.08468631005712915,0.9896878004074097,0.46345576643943764,0.767129974705832,-0.0855681730168206,0.9616948366165161,0.3814646763460975,0.7797124828611097,-0.0947397128811904,0.9482543468475342,0.46107920833996346,0.7752782991954255,-0.09622707537242339,0.8524846434593201
39,0.42660730992044704,0.4972704495702469,0.14037465495722629,0.9994601011276245,0.4248909635203223,0.4923228272369927,0.13200559573514115,0.9994919300079346,0.42367119959422495,0.4922356103147777,0.13196938761642996,0.9994940757751465,0.4224537628037587,0.4920657839093887,0.13197393885680603,0.999565601348877,0.4279345750808714,0.49223726817539737,0.13195430146796355,0.9996862411499023,0.42889973095485123,0.49215330311230227,0.1318452079381261,0.9997376203536987,0.4298871151038577,0.49197396125112236,0.13184441562209803,0.999785840511322,0.4211408274514333,0.4948256807667866,0.08973641565867829,0.9997444748878479,0.4315226537840705,0.4944792619773317,0.0888823395328862,0.9995215535163879,0.4247315006596699,0.5025619370596747,0.12707766017743516,0.9990691542625427,0.42793272393090365,0.5023395861898148,0.12631613888910834,0.9991258382797241,0.4067572832107542,0.5339126246316089,0.05871801440204891,0.999980628490448,0.4474280067852563,0.5345837780407494,0.05213306312050135,0.9999479055404663,0.4028805545398165,0.5919149398803708,0.0931378128273146,0.7181021571159363,0.4619317259107315,0.5819863183157782,0.06319686546921727,0.7212150692939758,0.4163897693157194,0.6011092407362799,0.16757413404328475,0.28158140182495117,0.44735715559550676,0.6053907973425726,0.10203037985733572,0.3550868034362793,0.4196815167154582,0.606965294906071,0.18339720496109546,0.26830193400382996,0.44388818315097245,0.6121197206633429,0.109550906079156,0.3173407316207886,0.4216517771993362,0.6026804242815287,0.17798364205019807,0.2653212547302246,0.4421308057648793,0.6086717367172239,0.10959940914596826,0.30819517374038696,0.4206139096191949,0.5997044290815078,0.16792506916182376,0.24631191790103912,0.44316728625978724,0.6055668149675639,0.10295003780296867,0.2780127227306366,0.41519402861595134,0.6344081180436267,-0.003851315601994947,0.9999876022338867,0.43891258410045064,0.6348347323281421,0.0037069381680339556,0.9999859929084778,0.3932672849723269,0.6818877254213602,-0.003959377682102577,0.973718523979187,0.45379238895007523,0.6798056806836806,-0.005555133398489228,0.9590957164764404,0.38198795744350955,0.7586771624428881,-0.07555029370955055,0.9818174839019775,0.4675785865102493,0.7507522855486185,-0.06906200061951362,0.9316445589065552,0.3841823194708141,0.771176947866167,-0.08276041245886254,0.9905964136123657,0.46833328519548667,0.7620496392250058,-0.07378917517406597,0.965060830116272,0.36994035669735487,0.7752857242311747,-0.09463245520102122,0.9513630867004395,0.47138264264379204,0.7679099661963322,-0.0822530171700886,0.8589566349983215
40,0.42569418038640683,0.49937359946114657,0.1283594546573502,0.999508798122406,0.4240185882363999,0.494494934592928,0.11917941506419857,0.9995383024215698,0.4227256144796097,0.49433819566454185,0.11913875234978534,0.9995405077934265,0.42142156021935584,0.4941059248788014,0.11914164934839516,0.9996050000190735,0.4270576511110576,0.49451757924897305,0.11864127921206605,0.9997156262397766,0.42790820172854815,0.4943977662495202,0.11854551008769439,0.9997624754905701,0.42876864075660687,0.49417079091072064,0.11853146893637516,0.9998059868812561,0.420157856600625,0.49705980760710555,0.07651271436895639,0.9997674822807312,0.43045150893075107,0.496832192795617,0.07421623958008627,0.9995669722557068,0.42365524172782876,0.504537122590201,0.11535324134996955,0.9991525411605835,0.4268282277243476,0.5043563331876479,0.11398678379399431,0.999204695224762,0.40547005278723564,0.537753241402762,0.050828636331217605,0.9999811053276062,0.4459806314536501,0.5351271152496335,0.04351579323410986,0.9999523758888245,0.40260005848748326,0.5956519263131275,0.09072833955287929,0.7072988152503967,0.4612924933433531,0.5832192710467745,0.054278140621525875,0.7402487993240356,0.4163442458425247,0.605845613139016,0.16723324273313786,0.25464487075805664,0.447007016624723,0.60900102853775,0.09688047000340048,0.3328481614589691,0.4196827198777878,0.6115892205919535,0.18286127107483993,0.24282850325107574,0.4435714730194635,0.6160890442984441,0.10420773902109687,0.29499077796936035,0.4217770397663114,0.6083230955260137,0.17726398493562417,0.24014151096343994,0.4416143468448092,0.6135009288787838,0.1041903755494526,0.285927951335907,0.4206146989549907,0.6049157840864996,0.1675545909575053,0.22309818863868713,0.4426458954811094,0.6103580815451484,0.09780182412692476,0.2572588324546814,0.4152751794883181,0.6358045390674043,-0.001695098581590822,0.9999863505363464,0.4391354288373673,0.6358111415590555,0.001569699762122971,0.9999856352806091,0.3906031063624789,0.6838361229215346,0.008433906933558832,0.9757513403892517,0.45548903346061687,0.6811813303402489,0.00704336562526545,0.9612308740615845,0.37433025666645575,0.7599758522851123,-0.045641315302678495,0.9832274913787842,0.47301875693457446,0.7514214447566437,-0.03370980482016289,0.9365528225898743,0.3755950144359042,0.7727112395422796,-0.051031363436153936,0.9913715124130249,0.4736085602215356,0.7628434164183476,-0.03589478113821573,0.9678313732147217,0.36364732895578633,0.7696139420781813,-0.060206502569573245,0.953216016292572,0.4791797408035821,0.7643908790179658,-0.039930338731833846,0.8606460690498352
41,0.42381109169551284,0.5046438097953794,0.11618062960250031,0.999553382396698,0.4222703840051376,0.49986581887517634,0.10660155734845565,0.9995803833007812,0.42099343538284284,0.4997819295951296,0.10655402498585832,0.9995827674865723,0.4197027495929171,0.49958132846014813,0.10655401774815146,0.9996410012245178,0.4253573758261542,0.4996681434767584,0.10562069969517839,0.999742329120636,0.42624393957001805,0.4995001580033981,0.1055360025593212,0.9997850656509399,0.4271212313856395,0.49924369454383827,0.10551173665693823,0.9998244047164917,0.4184490680694578,0.5024093074457984,0.06347695865801399,0.9997887015342712,0.4288193600518361,0.5024740542684281,0.05921178098235809,0.9996087551116943,0.4218129336833952,0.5099195616585865,0.10331054776906962,0.9992273449897766,0.42502635802541444,0.5095126560756136,0.10137126552207125,0.9992762804031372,0.4042213857173918,0.5453570757593424,0.04077697162117275,0.9999805092811584,0.44436679652758987,0.5405083111354281,0.02880578381674629,0.999955952167511,0.40250493713787605,0.6025461946214945,0.0815950859870229,0.7024245858192444,0.4594838772501262,0.590081829684121,0.04192330592444963,0.7583854794502258,0.4172772926943641,0.6115417088781082,0.15455145112105773,0.23000961542129517,0.4464918766702922,0.6161904948098316,0.09019589668938088,0.30736786127090454,0.4208727172442843,0.6165561011859346,0.16891525898660925,0.21942463517189026,0.44289550014904544,0.6237483961241583,0.09743476914507998,0.2706536054611206,0.422595656769616,0.6139792408261977,0.16291257292032235,0.2169850915670395,0.44122107539858113,0.6213674749646865,0.09747239628008429,0.26183265447616577,0.42148207596370135,0.6110972421509876,0.15443133371216902,0.20173215866088867,0.44221008675439,0.6181139656475609,0.09126960826771596,0.23549845814704895,0.4144315540790556,0.639900914260319,0.0009897745247664192,0.9999849796295166,0.4387988907950263,0.6396947537149699,-0.001091132592409849,0.9999848008155823,0.38836234978267103,0.6870113457952224,0.03374400126880832,0.9774333834648132,0.4571189224719999,0.6839235595294404,0.02859476773134831,0.9619975686073303,0.3701886398451667,0.7597034164837425,0.010620251297950741,0.9844330549240112,0.47745008809225875,0.7537164160183494,0.025922824974570945,0.940159261226654,0.3705095308167592,0.7725660426276066,0.008394393431288852,0.9919558167457581,0.47846792936325055,0.7653140953608918,0.026128174258129928,0.9699484705924988,0.36303612674985597,0.7661233936037333,0.0041425130995256555,0.95367431640625,0.48228709697723365,0.7651780349867681,0.0262920503105436,0.8539904952049255
42,0.42184379271098527,0.5109661034175326,0.11089029801743365,0.9995875358581543,0.4203221499919889,0.5062392541340417,0.10140669132981978,0.9996130466461182,0.41910068818501045,0.5062361521380285,0.1013547729168619,0.9996160864830017,0.41787491270474003,0.5060857576983313,0.10134931185415808,0.9996699094772339,0.4234386299337658,0.5058855618749344,0.10054268389940257,0.9997636675834656,0.424394243955612,0.5057351061276025,0.10046734277691155,0.9998031258583069,0.42532035878726393,0.5055224256856099,0.10044187456369395,0.9998392462730408,0.4166554357324326,0.5088104878153117,0.057996912194149805,0.9998055696487427,0.4270645652498516,0.5092806126390182,0.05410296320915219,0.9996430277824402,0.4198952887739452,0.5163626449448719,0.09802070962531222,0.9992862343788147,0.4231951040881019,0.515809209006173,0.09627375666584283,0.9993308186531067,0.40328816856656735,0.5531026261193409,0.03389455175825526,0.9999796152114868,0.44298522387232075,0.5492532270295276,0.02365073396691253,0.9999576210975647,0.4021759246076855,0.608313202857971,0.06750989226358274,0.688727080821991,0.45622386847223534,0.6015189783913746,0.03494851355041775,0.7550905346870422,0.4173940403120856,0.6144084964479716,0.12928148039749685,0.20769695937633514,0.4441314927169253,0.623638159888131,0.08185654772179463,0.2777816355228424,0.42107934440885253,0.621763273647853,0.14080665494714456,0.19822771847248077,0.4404094491686138,0.6316450578825811,0.08778717986174989,0.2443985790014267,0.4228890878813606,0.6170488442693436,0.1350067645311355,0.19602152705192566,0.4389890968799589,0.6289811253547666,0.08812073682035715,0.23634761571884155,0.4219044796058108,0.6145811489650179,0.12876309497015812,0.18237224221229553,0.43995319690023127,0.625457726206098,0.08286452570131843,0.2126578837633133,0.41251563344682945,0.6452887552125111,0.0019201249150293204,0.9999839663505554,0.43748798455510796,0.6454041668346947,-0.0020073621001626754,0.9999839067459106,0.3861518561840056,0.6885356136730736,0.05204662316079648,0.9773980379104614,0.45845405970300923,0.6870186448097226,0.05078343655581451,0.958314836025238,0.3691915546144756,0.7590566584042137,0.051824492535420805,0.9847721457481384,0.4801988380295888,0.7565629209790907,0.07017860401953968,0.9410067796707153,0.3693197650568824,0.7721609558377943,0.05173191939081462,0.9920731782913208,0.4817938864231107,0.7682610818317954,0.07226891028029575,0.9707558751106262,0.3641939486776078,0.7651209269251138,0.048111230241400835,0.9473453164100647,0.4828310089451924,0.7653154832976201,0.07302548246724261,0.8330731987953186
43,0.42022978152547547,0.51491584777832,0.10612265701804838,0.9995427131652832,0.41868588754108954,0.5101998388767239,0.09631662390061782,0.9995591640472412,0.41747848306383384,0.5102231843130927,0.09626636739288053,0.9995680451393127,0.41627961482320497,0.5101041087082452,0.0962588114397866,0.9996378421783447,0.42187359588486784,0.5098486968449181,0.09539779084069383,0.9997418522834778,0.42286973425320196,0.5097632501806529,0.09532309451273505,0.9997869729995728,0.4238240437848225,0.509637950147901,0.0952950292399951,0.999829888343811,0.4151367715426852,0.5128286310604638,0.052679192168372,0.9997844099998474,0.42558654120990186,0.5135956321443828,0.048406641823904833,0.9996311664581299,0.4182735383510588,0.5203819683619906,0.09326059243508744,0.9992319941520691,0.4215846776962278,0.5199411290032521,0.09142613581248688,0.9992730021476746,0.4019187978335787,0.5551052519253319,0.028520212162818213,0.9999756813049316,0.4414184170109883,0.5569239701543532,0.018615456351212083,0.9999545812606812,0.39993169988904664,0.6098504287855963,0.0545267364808491,0.6645113825798035,0.4517399081162042,0.6109628217560901,0.02580275934721741,0.7257006168365479,0.415137468917029,0.6142978208405628,0.11184895421777447,0.18726970255374908,0.4408771063600265,0.629060409750257,0.0688317602234227,0.2503049075603485,0.41915065816470537,0.6203149182455877,0.1222276491778237,0.17877943813800812,0.4375025834356034,0.6365515725953236,0.07348608842917848,0.22017987072467804,0.42098026190485255,0.6154715061187741,0.11710955947637552,0.17677903175354004,0.43607735463551095,0.6336411067417687,0.07412965638296942,0.212896928191185,0.41991637519427694,0.6135556902204238,0.11139775088855193,0.1645108461380005,0.43698808891432606,0.6299969570977344,0.06977233077798567,0.19157597422599792,0.4094030388763971,0.6493613924298964,0.00270519516364272,0.9999829530715942,0.4343857220241,0.6501950298036845,-0.0027761992333190768,0.9999828934669495,0.38357370836394156,0.6890532408441813,0.06401114314794537,0.9750030636787415,0.45852316617965677,0.689208364486694,0.05004822989659648,0.9501810073852539,0.3692077900682175,0.7586659141949241,0.07166883519717623,0.9843825101852417,0.4802471135343822,0.7578433002744398,0.06667456041489325,0.9395915865898132,0.3694458697523388,0.7723378879683355,0.07234739863446776,0.9916368722915649,0.4819980067866187,0.7695871949195858,0.06963217428752352,0.9705218076705933,0.36430143628801603,0.7645312854221885,0.06981083769351241,0.9340855479240417,0.4828969393457683,0.7650134699685229,0.06997109970876146,0.803017258644104
44,0.41967695696013296,0.5148263812065121,0.10123350556407651,0.9995145797729492,0.4181873372622897,0.5101297123091559,0.0910016155668667,0.9995384812355042,0.41695862667901157,0.5100000381469725,0.09094975824866972,0.9995506405830383,0.41577420149530664,0.5097593597003389,0.09094041543347492,0.9996230006217957,0.4213843371186936,0.5102522271020069,0.08936443988765985,0.9997396469116211,0.4223654508590697,0.510269316605159,0.08928542307444977,0.9997872710227966,0.4233246956552776,0.510127794742584,0.08925360100609912,0.9998315572738647,0.4144918722765784,0.5127637726919989,0.04694550612143105,0.9997828602790833,0.42494241510118735,0.5139797942978992,0.03920855692454745,0.9996486306190491,0.417666994673865,0.5202280112675256,0.08833976962736671,0.9992231726646423,0.4208843375955308,0.5205101626259938,0.0855378265891756,0.9992755651473999,0.3996546438762118,0.5535576462745664,0.025727158891303187,0.9999731183052063,0.4387819417885369,0.557696097237723,0.010452377503471711,0.9999553561210632,0.39563596333776185,0.605867665154593,0.05860827959009576,0.6320642232894897,0.44749343735831104,0.6115317089217047,0.02053317358451229,0.7039704918861389,0.41102212922913667,0.6093734945569717,0.129020384805543,0.16870607435703278,0.4389655573027473,0.6292166743959696,0.06571900312389643,0.22570347785949707,0.4156611187117438,0.6126154576029094,0.14187644890376494,0.16110801696777344,0.4368671766349245,0.6359002930777411,0.0701731239046369,0.19848734140396118,0.4174046652657643,0.609158841201237,0.13652617250170018,0.1593015193939209,0.43516342214175613,0.6334300415856495,0.07098408149821414,0.19188858568668365,0.41620445677212287,0.6076561127390178,0.12883321642875667,0.148294135928154,0.4357425928115843,0.6301245468003407,0.06672142169305254,0.1726941168308258,0.40432896869523166,0.6506002766745428,0.005817776645666784,0.9999832510948181,0.42900311521121415,0.6513401882989063,-0.0058647813608071605,0.9999833703041077,0.3804848696504319,0.68993752343314,0.07472415832536558,0.9756287932395935,0.4568652859755923,0.6898280535425455,0.033947261020408126,0.952497124671936,0.36879204681941424,0.7580462421689711,0.0804435278688158,0.9853017926216125,0.4790722838469912,0.7573878373418532,0.05248438684003691,0.9432631134986877,0.3692495456763675,0.7716496688979009,0.08092664522784093,0.9919503927230835,0.4806940538542609,0.7695494464465547,0.05096982435456342,0.9721881151199341,0.3642419712884084,0.7653600215911861,0.08002402516348017,0.9324877858161926,0.4828335336276461,0.7652212704930983,0.04831391179135866,0.8001816272735596
45,0.4194147484643116,0.5127728700637816,0.09758130503552295,0.9995071291923523,0.41798943536622174,0.5080118588038851,0.08771436767918718,0.9995455741882324,0.4167630595820289,0.5076892375946045,0.08765765322106223,0.999556303024292,0.41558313029152977,0.5072903479848586,0.08764936008623664,0.9996282458305359,0.4211219234125953,0.5085867592266624,0.08512472765786301,0.9997467994689941,0.42210419774055463,0.5086714369910103,0.08503767635141092,0.9997931718826294,0.4230917232377187,0.5085644721984862,0.08500798174313129,0.9998379945755005,0.41406312499727504,0.5101890019008088,0.045429874850170915,0.9997876286506653,0.4245668973241532,0.5123013564518516,0.03334349777017318,0.9996684193611145,0.4173879172120772,0.5179743085588726,0.08531044934477122,0.9992290139198303,0.42049793430737065,0.5188874432018823,0.08124860056809015,0.9992881417274475,0.39757868306977395,0.5491857171058653,0.028195928835443078,0.9999719262123108,0.43625472528593856,0.557065233162471,0.003938525675662902,0.999957799911499,0.3915714595999034,0.5997484530721389,0.07054065551076616,0.5743382573127747,0.44310529998370546,0.610984807355063,0.017019241516079208,0.6470659971237183,0.40675703712872063,0.6042133195059636,0.14886487168925144,0.15200275182724,0.4362575582095554,0.6281711237771167,0.06479618655783789,0.21471379697322845,0.41130975995744956,0.6058254735810411,0.16375132884298046,0.14524751901626587,0.434873398712703,0.6343778065272738,0.06927073917218611,0.19077181816101074,0.4129075833729333,0.6035883324486867,0.15784504669053206,0.14361558854579926,0.4331830033234185,0.6319406577519004,0.06991490104368749,0.18396836519241333,0.4118950954505374,0.6025446670395985,0.1487133920192718,0.1337587833404541,0.4334056198596951,0.6290620991161888,0.06585678692374909,0.163542240858078,0.39923622437885814,0.6476967266627714,0.010751325337748443,0.9999840259552002,0.42345230664525685,0.6496429034641807,-0.01079548224141555,0.9999845027923584,0.37855342456272656,0.6884082930428639,0.07748077607580589,0.9713493585586548,0.4527095999036514,0.6883932607514512,0.017763762265842913,0.9547354578971863,0.3678363331726618,0.7537209255354743,0.07387308904102867,0.9836508631706238,0.4740427281175338,0.7567795259611944,0.022912141148533113,0.9457023739814758,0.3680346395288194,0.7659426740237645,0.07343152931758334,0.9905959367752075,0.4747093013354707,0.7694846357618057,0.01957631584789067,0.9727358818054199,0.36515551890645687,0.7659851312637327,0.07322846555284085,0.9131834506988525,0.4819758738790237,0.763863585676465,0.0151401786931923,0.7935096025466919
46,0.4195673372064315,0.5084824562072755,0.0958097002335957,0.9995383024215698,0.4182406970432828,0.503631498132433,0.086901544885976,0.9995777010917664,0.41702864510672444,0.5030508160591128,0.08683649812425882,0.9995877146720886,0.41584321941648184,0.5024401136807031,0.08683153135435921,0.9996542930603027,0.42124326569693415,0.5047377092497687,0.0830607690981456,0.999765157699585,0.4222307920455931,0.5048666868891034,0.08296113737991874,0.9998083114624023,0.4232655312333787,0.5047948837280274,0.08293816191809514,0.9998499751091003,0.4139682786805288,0.5050050037247793,0.047909914915050776,0.9998025894165039,0.4245717891624995,0.5083054048674446,0.03019712248018808,0.9996938705444336,0.4175486751965112,0.5133752993174963,0.08458907625504902,0.9992792010307312,0.42051596982138495,0.5149813038962225,0.0788788740124021,0.999336302280426,0.395395804303033,0.5419741034507752,0.03595002171184336,0.9999731183052063,0.43360974703516275,0.5539452620915006,-0.0013031323307327002,0.9999610185623169,0.38713298354830045,0.5908305474690027,0.09375132226518222,0.5248045325279236,0.4385877992425645,0.6077170985085619,0.01687143625957626,0.6090784072875977,0.40185646159308286,0.5980320487703594,0.1810778907367161,0.13715480268001556,0.43332949451037817,0.6250236834798536,0.06940569590244978,0.21353678405284882,0.40584766439029124,0.5981788005147658,0.19867635199001854,0.1312243491411209,0.4324627884796687,0.6309565203530447,0.07443391787154331,0.19184453785419464,0.40720142551830807,0.597648402622768,0.1916693383029529,0.12975068390369415,0.4309830052512031,0.6283247334616524,0.07460931731121877,0.184725821018219,0.40660815409251616,0.597068568638393,0.18082004487514497,0.12097041308879852,0.4307569742202756,0.6260408384459358,0.07055248000792094,0.1606614887714386,0.3935278151716504,0.6411963599068771,0.017705632273906046,0.9999850392341614,0.4171580834048134,0.6451149088995796,-0.017760928733540432,0.9999856352806091,0.3772960398878369,0.6852506722722734,0.0748427573059286,0.9675316214561462,0.446333474772317,0.6852919306073866,-0.0021971751636426506,0.9571874141693115,0.3664546889918192,0.7466056857790263,0.05410554749625063,0.9815427660942078,0.4658624240330287,0.755593339034489,-0.020642295160463883,0.9488129019737244,0.3660797246864863,0.7563131826264519,0.05198965775115145,0.9896334409713745,0.46493055990764065,0.7690448352268762,-0.02541841806045604,0.9737030267715454,0.36680870481899785,0.766979610919952,0.05209606928484771,0.8975128531455994,0.480512315886361,0.7615841065134317,-0.03151061588100029,0.7948313355445862
