frame_id,NOSE_x,NOSE_y,NOSE_z,NOSE_v,LEFT_EYE_INNER_x,LEFT_EYE_INNER_y,LEFT_EYE_INNER_z,LEFT_EYE_INNER_v,LEFT_EYE_x,LEFT_EYE_y,LEFT_EYE_z,LEFT_EYE_v,LEFT_EYE_OUTER_x,LEFT_EYE_OUTER_y,LEFT_EYE_OUTER_z,LEFT_EYE_OUTER_v,RIGHT_EYE_INNER_x,RIGHT_EYE_INNER_y,RIGHT_EYE_INNER_z,RIGHT_EYE_INNER_v,RIGHT_EYE_x,RIGHT_EYE_y,RIGHT_EYE_z,RIGHT_EYE_v,RIGHT_EYE_OUTER_x,RIGHT_EYE_OUTER_y,RIGHT_EYE_OUTER_z,RIGHT_EYE_OUTER_v,LEFT_EAR_x,LEFT_EAR_y,LEFT_EAR_z,LEFT_EAR_v,RIGHT_EAR_x,RIGHT_EAR_y,RIGHT_EAR_z,RIGHT_EAR_v,MOUTH_LEFT_x,MOUTH_LEFT_y,MOUTH_LEFT_z,MOUTH_LEFT_v,MOUTH_RIGHT_x,MOUTH_RIGHT_y,MOUTH_RIGHT_z,MOUTH_RIGHT_v,LEFT_SHOULDER_x,LEFT_SHOULDER_y,LEFT_SHOULDER_z,LEFT_SHOULDER_v,RIGHT_SHOULDER_x,RIGHT_SHOULDER_y,RIGHT_SHOULDER_z,RIGHT_SHOULDER_v,LEFT_ELBOW_x,LEFT_ELBOW_y,LEFT_ELBOW_z,LEFT_ELBOW_v,RIGHT_ELBOW_x,RIGHT_ELBOW_y,RIGHT_ELBOW_z,RIGHT_ELBOW_v,LEFT_WRIST_x,LEFT_WRIST_y,LEFT_WRIST_z,LEFT_WRIST_v,RIGHT_WRIST_x,RIGHT_WRIST_y,RIGHT_WRIST_z,RIGHT_WRIST_v,LEFT_PINKY_x,LEFT_PINKY_y,LEFT_PINKY_z,LEFT_PINKY_v,RIGHT_PINKY_x,RIGHT_PINKY_y,RIGHT_PINKY_z,RIGHT_PINKY_v,LEFT_INDEX_x,LEFT_INDEX_y,LEFT_INDEX_z,LEFT_INDEX_v,RIGHT_INDEX_x,RIGHT_INDEX_y,RIGHT_INDEX_z,RIGHT_INDEX_v,LEFT_THUMB_x,LEFT_THUMB_y,LEFT_THUMB_z,LEFT_THUMB_v,RIGHT_THUMB_x,RIGHT_THUMB_y,RIGHT_THUMB_z,RIGHT_THUMB_v,LEFT_HIP_x,LEFT_HIP_y,LEFT_HIP_z,LEFT_HIP_v,RIGHT_HIP_x,RIGHT_HIP_y,RIGHT_HIP_z,RIGHT_HIP_v,LEFT_KNEE_x,LEFT_KNEE_y,LEFT_KNEE_z,LEFT_KNEE_v,RIGHT_KNEE_x,RIGHT_KNEE_y,RIGHT_KNEE_z,RIGHT_KNEE_v,LEFT_ANKLE_x,LEFT_ANKLE_y,LEFT_ANKLE_z,LEFT_ANKLE_v,RIGHT_ANKLE_x,RIGHT_ANKLE_y,RIGHT_ANKLE_z,RIGHT_ANKLE_v,LEFT_HEEL_x,LEFT_HEEL_y,LEFT_HEEL_z,LEFT_HEEL_v,RIGHT_HEEL_x,RIGHT_HEEL_y,RIGHT_HEEL_z,RIGHT_HEEL_v,LEFT_FOOT_INDEX_x,LEFT_FOOT_INDEX_y,LEFT_FOOT_INDEX_z,LEFT_FOOT_INDEX_v,RIGHT_FOOT_INDEX_x,RIGHT_FOOT_INDEX_y,RIGHT_FOOT_INDEX_z,RIGHT_FOOT_INDEX_v
0,0.46120960116386395,0.5627677576882498,0.12713104997362404,0.9999313354492188,0.45943636383329106,0.556703002112252,0.1288015476294925,0.9998432397842407,0.4581888811928882,0.5559006197111946,0.12877260574272692,0.9997013211250305,0.457036870718002,0.5551611713000705,0.12878574345793037,0.9998212456703186,0.46283474649701783,0.5581514545849391,0.11923292875289906,0.9999361038208008,0.4639177450111932,0.5583545821053639,0.11914108693599694,0.9999262094497681,0.46485518642834234,0.5584041884967257,0.11916007399559018,0.9999551773071289,0.45415704165186177,0.5569311261177062,0.12328558628048206,0.9998594522476196,0.46440522330147865,0.560201370716095,0.07925386322396137,0.9999237060546875,0.45892182247979285,0.5673656037875583,0.12645018696784965,0.999854326248169,0.4616412682192664,0.5683103220803394,0.11325209523950294,0.9999037981033325,0.4382764492716105,0.5931814329964773,0.1217047704117638,0.9999889135360718,0.46217819622584744,0.5957993660654339,0.009930792876652305,0.9999980926513672,0.43567661387579776,0.650724523408072,0.09767025773014333,0.03974967822432518,0.45777270708765283,0.6423042842320029,-0.05728285669216087,0.9745622873306274,0.4521748585360388,0.6745543292590548,0.05325478666595043,0.04878001660108566,0.45879820329802373,0.678897452354431,-0.0788061941840819,0.7152318358421326,0.4563351299081528,0.6837230835642132,0.04982855032597265,0.08806690573692322,0.45972090704100466,0.6889313902173719,-0.09406732139842848,0.5833327174186707,0.4573123148509431,0.6829118950026373,0.04325246331947185,0.08780646324157715,0.4598951697349543,0.6865653003965102,-0.08745374126093727,0.5223482847213745,0.45637355446815486,0.6797252246311731,0.04910388929503299,0.06777513027191162,0.45918530906949706,0.6835535764694212,-0.07752870528825692,0.3185057044029236,0.4272363764899115,0.6874597651617865,0.038543601227658104,0.9999972581863403,0.43680275423186127,0.6896645069122314,-0.03865379563399722,0.9999990463256836,0.43658269473484596,0.7730422360556461,0.062394560660634674,0.9379112720489502,0.43332903981208815,0.7719043714659551,-0.045545624941587426,0.9987128973007202,0.44281507475035503,0.8469953247479031,0.08256912497537476,0.9554566144943237,0.4071797456060135,0.836723460469927,-0.0515245454651968,0.994574248790741,0.43960168702261765,0.8714271068572992,0.0824294645871435,0.9801125526428223,0.40105660131999427,0.8596912843840459,-0.05338713995047971,0.9730186462402344,0.45422498754092605,0.8648503610066,0.057522211383496016,0.9331417083740234,0.4154423424175804,0.867298330579485,-0.08725127960954389,0.973811149597168
1,0.4605934739112851,0.5627890280314852,0.14556075079100464,0.9999343752861023,0.4588115538869583,0.5566623653684339,0.14759339434759944,0.9998497366905212,0.4575707903930116,0.5558756538799828,0.14756061817918498,0.9997173547744751,0.4564135491847988,0.5551502619470866,0.14758128566401338,0.9998294115066528,0.4623616005693159,0.5580994929586136,0.1373231321573256,0.9999385476112366,0.46352814095360884,0.5583208731242586,0.13721860647201528,0.9999299645423889,0.4645782181194847,0.5584043656076702,0.1372368782758712,0.9999570250511169,0.45365144354956466,0.5570174574851988,0.1423347700919423,0.9998647570610046,0.46425540021487605,0.5603860735893248,0.09514171906879966,0.9999257326126099,0.45829708746501374,0.5674245272363931,0.14493650794029228,0.9998523592948914,0.46129087294851,0.5683357170649935,0.13078570919377455,0.9999018311500549,0.43830195495060487,0.5927874735423495,0.14565323974405012,0.9999890327453613,0.46231605325426356,0.5954514128821234,0.017793756138001167,0.9999982118606567,0.4370769900935035,0.649414137431553,0.12571433676140642,0.04015006870031357,0.4577942941870004,0.6443987573896129,-0.03892612334872993,0.9759084582328796,0.4521326431206291,0.6749562416757852,0.08007547717009267,0.053390808403491974,0.45923470088413765,0.6809731602668757,-0.04367244397955277,0.7313739657402039,0.4560689168316975,0.6837575776236394,0.07836869092924251,0.09647458791732788,0.4599744124071938,0.6898216979844224,-0.05612876095942083,0.6056522130966187,0.45761044366019077,0.6829658457211082,0.07173075729182785,0.09573530405759811,0.4601439535617824,0.6871358530861988,-0.04987194963863913,0.5470380783081055,0.4566596448421475,0.6799038376126967,0.07594909050634924,0.07518772780895233,0.4595393564019882,0.6844635725021359,-0.041984024909990154,0.3488864600658417,0.4264553436211175,0.687182659762246,0.04481456322329382,0.9999974370002747,0.43679075666836303,0.6901718258857723,-0.04493852917637141,0.9999991059303284,0.43668219532285407,0.7724376865795675,0.06663384820733746,0.9415640830993652,0.4336711704730987,0.7723440476826257,-0.06643571034073828,0.998836100101471,0.4429669482367376,0.8482233251844131,0.0640685317771775,0.9593522548675537,0.4046709912163868,0.8444637111255096,-0.09376457844461708,0.9950913786888123,0.43958052226475275,0.8701553106307975,0.061703816588435816,0.981893002986908,0.39697651181902194,0.8566442319325034,-0.09732704524482998,0.9755803346633911,0.46080112372125875,0.8656650985990246,0.0355731346777507,0.9392093420028687,0.4116190041814528,0.8788816622325348,-0.13135727899415148,0.976321816444397
2,0.46014283895492536,0.5628103239195685,0.15636096979890543,0.9999369382858276,0.45840595279421104,0.5566155723163058,0.15877934779439645,0.9998558163642883,0.45716980525425477,0.555840708528246,0.1587430672986166,0.9997325539588928,0.45600647330284094,0.555125660555703,0.15876995112214762,0.9998370409011841,0.46203911815370813,0.5580616406032015,0.14799179732799522,0.9999405741691589,0.4632555535861421,0.5583062035696844,0.1478808462619781,0.9999332427978516,0.4643690841538563,0.5584196397236414,0.14789849221706383,0.9999585151672363,0.4533110865524835,0.5570478200912473,0.1542375826409884,0.9998694658279419,0.46414641482489427,0.5605259537696836,0.10470563279730928,0.9999272227287292,0.4578347538198741,0.567455811159951,0.15594809353351585,0.9998521208763123,0.4610124545437947,0.5683527333395819,0.14109419499124792,0.9999008178710938,0.4383072759423935,0.5925846917288641,0.15983185640403197,0.9999891519546509,0.4624131066458564,0.5951982821737014,0.022602853870817584,0.9999982714653015,0.43801744835717316,0.648305887835366,0.1405896210244723,0.04096626490354538,0.4578362533024377,0.6458313039370942,-0.03070113041571207,0.9770791530609131,0.4521045284611836,0.6752187558582847,0.09180478996464181,0.06413217633962631,0.45957033889634247,0.6821197509765622,-0.02943001027618134,0.7492335438728333,0.455846640893391,0.6837517704282485,0.0906314342149666,0.11482559889554977,0.4602135147367203,0.6903125439371378,-0.04100573243839398,0.6311826705932617,0.45788295950208374,0.6829770343644275,0.0838600027774061,0.11362840980291367,0.460376852750778,0.6874672804559977,-0.034850094041654026,0.5754002332687378,0.4569326817989347,0.6800128153392244,0.08758900421006335,0.09093528240919113,0.4598495176860262,0.6849938273429867,-0.02758333736232347,0.38345998525619507,0.425962265048708,0.6867819087845934,0.04844539921198571,0.999997615814209,0.43677889960152744,0.6903646111488339,-0.04857440569571084,0.9999991655349731,0.43673061898776444,0.771906961713518,0.06769147387572694,0.9455921649932861,0.4339218080043791,0.7726085799080982,-0.07790100499987598,0.9989464282989502,0.44309497135026094,0.849295502049582,0.052732039562293435,0.9630730152130127,0.40320881349699816,0.8489714486258366,-0.11643070259264532,0.9955602884292603,0.43957976358277434,0.8691807031631466,0.049148720077105905,0.9835623502731323,0.3945320291178565,0.8544847267014636,-0.12091573008469167,0.9778963327407837,0.46443093844822453,0.866261368138449,0.021384549726332927,0.9449371099472046,0.4093446246215273,0.885535953726087,-0.15584883306707648,0.9785967469215393
3,0.45994138291903885,0.5627803274563378,0.15613919539110993,0.9999388456344604,0.45829936010496936,0.5565023473330903,0.15923891791275563,0.9998608231544495,0.45706414835793613,0.5557332226208275,0.15919943494456149,0.9997460246086121,0.455897191592625,0.5550231831414356,0.15923143710408885,0.9998429417610168,0.4619441534791672,0.5579844968659535,0.14803460708686278,0.9999421834945679,0.4631746632712226,0.5582622153418402,0.14792641316141394,0.9999362230300903,0.46429134351866563,0.5584008915083747,0.14794347626822327,0.9999596476554871,0.4531922178609028,0.5569713268961223,0.1569323492901665,0.9998738169670105,0.46413133399827117,0.5605732372828889,0.10547667060579569,0.9999285340309143,0.4576162917273383,0.5673956871032713,0.1564300826617649,0.9998508095741272,0.4608819603919981,0.5683133448873244,0.14101588938917425,0.9998993277549744,0.4382867719445908,0.5926540510995044,0.1610015107052666,0.9999890923500061,0.4624564673219406,0.5951224003519329,0.02297041208616324,0.9999983310699463,0.43828922339848086,0.6474277888025552,0.13560651242732996,0.04867444187402725,0.4579006578241074,0.6466183423995969,-0.03819246478378771,0.9788239598274231,0.45202020151274525,0.6752846632684977,0.0778000814574105,0.09098799526691437,0.45981166022164455,0.681991863250732,-0.04738407406423771,0.7690340280532837,0.4556058619703563,0.683644080162048,0.07485586915697368,0.15110932290554047,0.46052418521472366,0.6902335303170337,-0.06115225063902989,0.6593746542930603,0.4579571783542631,0.6829170192990981,0.0678083302719252,0.14943882822990417,0.4606693940503255,0.6874476500919884,-0.05464739831430569,0.607055127620697,0.45705849954060124,0.6799974748066491,0.0732060577188219,0.12359032034873962,0.46018099273954094,0.6850004843303132,-0.04574111407356601,0.4244020879268646,0.4258391763482773,0.686250475474766,0.048698811978101705,0.9999977946281433,0.4367645272186822,0.6902107136590137,-0.04882026634046008,0.9999992251396179,0.43671339239392937,0.7713443432535441,0.06460887619427269,0.950562059879303,0.43406026789120244,0.772614981446947,-0.07633173742464608,0.9990500211715698,0.44316655908312097,0.8501900911331173,0.05099386775067872,0.966654360294342,0.4031383744307925,0.8491152644157406,-0.11102444614682874,0.9959979057312012,0.43958722863878497,0.8684427482741215,0.04769275422607147,0.9851411581039429,0.3942195934908729,0.8532805987766807,-0.11529123421226224,0.9800564646720886,0.46395356144223876,0.8666857140404833,0.017084737281714158,0.9502980709075928,0.4091191921915325,0.8853121502058843,-0.15287276804447167,0.9807040691375732
4,0.45964247243744966,0.5630623613085063,0.15649076274463103,0.9999431371688843,0.4581638063703263,0.5567224979400632,0.15956023292882093,0.9998712539672852,0.45692833832332047,0.5559586218425203,0.15951787957123342,0.9997665882110596,0.4557436636516024,0.5552561521530148,0.15955108659608017,0.9998548030853271,0.46175544943128294,0.5582393050193784,0.14829164743423456,0.9999462962150574,0.46296953558921794,0.5585466401917591,0.14818445188658572,0.9999411702156067,0.46406319396836393,0.5587197065353391,0.14819865822792044,0.9999624490737915,0.45307681134768873,0.5570976223264419,0.15730102743421276,0.9998833537101746,0.46396973984582063,0.5608350890023365,0.10553830287286209,0.9999332427978516,0.45730695809636773,0.5676352262496946,0.15682959215981612,0.9998603463172913,0.46057494197572957,0.5685485959053037,0.14130694610731936,0.9999051690101624,0.4382528313568658,0.5927178025245663,0.16100795822484143,0.9999896287918091,0.46249446272850014,0.5948610390935622,0.023101002456886417,0.9999984502792358,0.4386671968868799,0.6465655735560822,0.13765537355627327,0.06305110454559326,0.4579830544335499,0.6464557971273146,-0.04173281533377509,0.9805623292922974,0.4521905907562799,0.6753842898777549,0.08154065161943432,0.13136553764343262,0.4599343521254401,0.6818552187510896,-0.057836690545082066,0.7887853384017944,0.4556264817714689,0.6836842502866469,0.07905156910419461,0.19883224368095398,0.46058773228100347,0.690190037659236,-0.0728595540991851,0.6879290342330933,0.4586245724133081,0.6829205547060282,0.07157893734318867,0.19676613807678223,0.4607411512306756,0.687469148635864,-0.06621827429958749,0.6393430233001709,0.45762377125876263,0.680060791969299,0.07687633995498927,0.16768620908260345,0.46029852969305834,0.6849967735154285,-0.05635648210133822,0.46805959939956665,0.4257878269468033,0.6856670226369582,0.04846859808479034,0.9999979734420776,0.4367586152894154,0.6897855247770033,-0.04858513112579071,0.9999992847442627,0.4366672933101652,0.7711147512708387,0.06132850625685281,0.9552479386329651,0.4341516247817446,0.7726561358996796,-0.07586969307490754,0.9991439580917358,0.4432986276490346,0.8509985361780436,0.050490431061812786,0.9699236154556274,0.40324221934591004,0.8489128453390935,-0.1106993926422936,0.9963942766189575,0.43965726069041644,0.868178066185542,0.04724009111523626,0.9865778684616089,0.39424939666475545,0.8528585689408434,-0.11504757532051627,0.9820166826248169,0.4635357150009698,0.8667621340070448,0.016020484109010007,0.9551863670349121,0.4091937550476617,0.8853740794318059,-0.1533959529229572,0.9826140403747559
5,0.4592170272554668,0.5631554194859094,0.15748878163950777,0.9999446272850037,0.45782052363668146,0.5567060368401661,0.1602852429662431,0.9998753070831299,0.4565714444432938,0.5559687631470814,0.16024070765290935,0.9997777938842773,0.45536014522824947,0.5552857143538337,0.16027589355196264,0.9998600482940674,0.4614012139184132,0.5582277383123123,0.14906995594501488,0.9999472498893738,0.4626072892120904,0.5585518615586413,0.14896569039140423,0.999943196773529,0.4637092309338704,0.5587785209928238,0.14898223706654135,0.9999629855155945,0.4527631138052257,0.5569657240595134,0.1571243728910173,0.9998871684074402,0.46371641840253536,0.5608592271804806,0.10562828587634218,0.9999327659606934,0.45690518702779476,0.5677172950335909,0.15755282555307654,0.9998607635498047,0.46014899015426614,0.5686080319540838,0.1420863475118364,0.9999037981033325,0.4382194502013068,0.5927167654037473,0.15999041540282105,0.9999899864196777,0.46247234344482396,0.5943942274366103,0.022921673634222563,0.9999985098838806,0.43951575841222473,0.6459572570664539,0.13413466981479094,0.07720784097909927,0.45806886128016855,0.6458063534327912,-0.04184402567999702,0.9819939732551575,0.45265415481158644,0.6752617376191272,0.07518547454050606,0.16711260378360748,0.45991234013012455,0.681775001117161,-0.06147258111408776,0.8048025369644165,0.45612881524222215,0.6835722361292155,0.07166701108217235,0.23844681680202484,0.4603094339370725,0.6902193750653944,-0.07729762537138798,0.7105759978294373,0.45986732585089524,0.6827051537377491,0.06392965699945174,0.23621945083141327,0.46058052352496537,0.6875502262796671,-0.0708620736641543,0.6647611856460571,0.4585896245070864,0.6800118548529486,0.07022498377731864,0.20482978224754333,0.46022802506174343,0.6850031001227239,-0.060202927461692236,0.5012068748474121,0.4257262374673569,0.6850849611418585,0.048365430321012204,0.9999980926513672,0.43675158960478627,0.6891829592841009,-0.048479202070406485,0.9999993443489075,0.4366063313824788,0.7707681928362162,0.06004499920776909,0.9588398933410645,0.43417982629367263,0.7726132597242079,-0.07416764221021103,0.9992258548736572,0.44343444364411466,0.8515097396714343,0.0506802969745227,0.9726961255073547,0.4032425871917178,0.8493769288063046,-0.10994966924190516,0.9967418313026428,0.43974739568574067,0.8681005086217604,0.047337558546236565,0.9877803921699524,0.3941555857658384,0.8528811097145077,-0.1145015241844313,0.9837226271629333,0.4634607902594973,0.8667640396526879,0.015654948380376604,0.9593837857246399,0.40933909586497697,0.886014512607029,-0.15363247607435493,0.9842910766601562
6,0.45874594705445404,0.5629446591649734,0.1593060625450951,0.9999470710754395,0.4573119282722471,0.5564138736043654,0.16209137141704552,0.9998816251754761,0.4560377197606221,0.5557280472346713,0.16204551458358757,0.9997916221618652,0.4547937316553931,0.5550802026476176,0.16208160902772623,0.9998674392700195,0.46095512594495475,0.5578908477510722,0.1507304838725498,0.9999493956565857,0.46217256784439065,0.5582318987165176,0.150627257994243,0.9999462366104126,0.4633152416774202,0.5585345557757784,0.15064405756337296,0.9999643564224243,0.45223105379513306,0.5566680499485559,0.15868631771632596,0.9998927712440491,0.4634395650454928,0.5607101951326641,0.10646128909928453,0.9999344944953918,0.4564662686416079,0.5675767200333729,0.15927581829684112,0.9998654723167419,0.4597386862550461,0.5684335129601612,0.14360091473375042,0.9999058246612549,0.43817911403519744,0.592679257052285,0.16146378687449855,0.9999904036521912,0.46243833558899994,0.5938481143542695,0.022016446239181916,0.9999985694885254,0.44043543083327136,0.6451892682484215,0.13504125092710761,0.09323740005493164,0.4581387988158632,0.6454037955829073,-0.043295478927237625,0.983248770236969,0.45326149378504044,0.6748512285096302,0.0736076576369149,0.2064347118139267,0.459806248119899,0.6817063331604001,-0.06755604797175949,0.8193621635437012,0.4569397704941884,0.6832032850810457,0.06951904275587623,0.28128233551979065,0.45989893078803995,0.690264112608773,-0.08417730012110297,0.7315022349357605,0.46094698054449873,0.6822734049388337,0.06124771577971319,0.27903756499290466,0.4603149209703715,0.6876144698687959,-0.07774432854992999,0.6882651448249817,0.4593595760209218,0.6797986660684855,0.06828084119728631,0.24511294066905975,0.4601099124976564,0.6850002203668863,-0.06641244835087229,0.5318438410758972,0.4256967970303125,0.6847319177218842,0.049030034244060494,0.9999982118606567,0.4367506589208328,0.6886284078870497,-0.04914250065173419,0.9999994039535522,0.43654336759022283,0.7703612991741722,0.05995832245264732,0.9622995853424072,0.43417311991964047,0.772525380338941,-0.07556886013065062,0.9993005394935608,0.44348545415060836,0.8516328590256823,0.051036216744354775,0.9752439856529236,0.4033368749277931,0.850111355100359,-0.11424228889601565,0.9970577955245972,0.43983025125094805,0.8678048968315121,0.04766889065504072,0.9888886213302612,0.3941745332309176,0.8532130752290995,-0.11914227030106947,0.985274612903595,0.4632985702582766,0.8666627321924478,0.015660842434070732,0.9632191061973572,0.4094619120870316,0.8862509999956399,-0.15949885674885333,0.9858111143112183
7,0.45853504793984523,0.5625211528369356,0.16165338158607476,0.9999493360519409,0.4570217830794196,0.5559538040842327,0.16473145910671771,0.9998873472213745,0.4557293798242294,0.5553087626184734,0.16468421305928904,0.9998041391372681,0.4544736427920203,0.5546863062041143,0.1647220288004193,0.9998742341995239,0.4607282451220919,0.5573928236961363,0.15305630820138105,0.9999513626098633,0.46196044853755386,0.5577426348413738,0.15295271873474114,0.9999489188194275,0.4631325134209222,0.5580870015280585,0.15296905083315704,0.9999656081199646,0.4518710085323876,0.5563275115830555,0.16187288037368222,0.9998974800109863,0.4632863444941382,0.5604295832770209,0.10824296708617887,0.9999353885650635,0.4562746448176246,0.5672657557896202,0.16175834579127168,0.9998688101768494,0.45958019835608327,0.568097068582262,0.14567619519574296,0.9999068379402161,0.43816051823752244,0.5926377500806533,0.1644722763981137,0.9999908208847046,0.46238402894565017,0.5932861566543576,0.022477287852338372,0.9999986290931702,0.4410468212195803,0.6447193162781848,0.138039116348539,0.10811389237642288,0.45819445167269,0.6455001524516512,-0.043897169083356835,0.9844236969947815,0.45362978833062284,0.6745217357363016,0.07478266273226053,0.2420554906129837,0.4596795592989238,0.6816197327205109,-0.0667988833572183,0.8322219848632812,0.457554199014391,0.6829128691128319,0.07093671517712725,0.31881770491600037,0.45955936908721906,0.6902898413794378,-0.08288477978536057,0.7494430541992188,0.46137145076479213,0.6819252678326195,0.06258496407951625,0.3165447413921356,0.46007965973445325,0.6876503501619609,-0.07638107495648516,0.7082974314689636,0.45964204413550214,0.6796450155121936,0.06943318992853162,0.28090980648994446,0.45998638783182394,0.6850018245833257,-0.0655520935143743,0.5578378438949585,0.4256976076534814,0.6844393117087224,0.0495648567165647,0.9999983310699463,0.4367510327271051,0.6881980487278526,-0.049677129196269154,0.999999463558197,0.4364723997456685,0.7699872681072777,0.0580549396574497,0.9652941823005676,0.43417155657495754,0.7724108798163274,-0.07760467806032723,0.9993667006492615,0.44351718170302235,0.8515527112143376,0.04570790295089992,0.9774893522262573,0.40341234377452284,0.8506506170545302,-0.11949705077069141,0.9973390102386475,0.43998497213636106,0.867471827779497,0.04197213090956209,0.9898567795753479,0.3942663558891839,0.8534552046230857,-0.12472110709973738,0.9866543412208557,0.46308114954403445,0.8666002818516318,0.008919887953171769,0.9666123390197754,0.4094128072261808,0.8858913694109231,-0.1659543974058968,0.9871655106544495
8,0.4585589332239966,0.562490015370505,0.16104387683527804,0.9999487400054932,0.4569721886089868,0.5559496760368345,0.16434212497302456,0.9998870491981506,0.4556769873414719,0.5553220323153902,0.1642930235181535,0.9998089671134949,0.4544247022696901,0.554720490319388,0.16432881270136143,0.999875009059906,0.46070849640028794,0.5573512145451134,0.15242038028580795,0.9999501705169678,0.46192915780203664,0.5577066966465538,0.15231661370822355,0.9999490976333618,0.46309551766940504,0.5580633469990319,0.15232793901647834,0.9999646544456482,0.45180212259292585,0.5564372045653204,0.1623229137488773,0.9998974204063416,0.4631877711841036,0.5604322876249038,0.10762497186660762,0.9999315142631531,0.45628919005393964,0.5673600452286853,0.16144072626318245,0.9998634457588196,0.4595718375274111,0.5681405101503643,0.14504472996507364,0.9999006390571594,0.4381554058619906,0.5926585146359031,0.16519111948353896,0.9999910593032837,0.46233892866543336,0.5927374703543524,0.022709164076617775,0.9999986290931702,0.44136018242154784,0.6443221432822088,0.14193591986383702,0.12084171175956726,0.45823813421385606,0.6454481584685187,-0.04377718557204517,0.985484778881073,0.45384476014545966,0.6744691797665183,0.08191669647182734,0.26886922121047974,0.4595529283796036,0.6815433195659089,-0.062112493067979786,0.8429798483848572,0.4579839502062114,0.6828373670578,0.07934463556323729,0.34727251529693604,0.4593143931456973,0.6902656282697401,-0.07699172134910308,0.7640977501869202,0.4616390858377727,0.6817891870226176,0.07111100064856662,0.3449864983558655,0.4598572492599485,0.6876368216105866,-0.0705282138926642,0.7245986461639404,0.4597970971039361,0.6796277403831479,0.07686847427061623,0.3082119822502136,0.4598278769424981,0.6849946618080136,-0.060714840250355825,0.5792075991630554,0.42572694846561954,0.6842129264559061,0.049589476627962904,0.9999984502792358,0.4367445460387636,0.6877805999347139,-0.049703408351966294,0.9999995231628418,0.4363718373434882,0.7696944066456382,0.05484288324202807,0.9680718779563904,0.43417308245386377,0.7723060573850355,-0.07904029403414041,0.9994267225265503,0.44355312585830664,0.851490645749228,0.03759289053933959,0.979547381401062,0.403492897748947,0.8506748642240247,-0.1238722071051597,0.9975948333740234,0.4401732095650262,0.8672701307705466,0.0333926460040467,0.9907383918762207,0.3944129696914126,0.8536107693399697,-0.12934973963669363,0.9879084229469299,0.4628986963203973,0.8666093451636174,0.0002314591006974552,0.9696928858757019,0.40938765491758056,0.8855446338653561,-0.17013623373849043,0.9883962869644165
9,0.4586611177240097,0.5625393492834906,0.16112275081021438,0.9999445676803589,0.4570486724376676,0.5560211232730318,0.16459228609289434,0.9998798370361328,0.45576407994542784,0.5553984045982359,0.16454245405537735,0.9998048543930054,0.4545191262449535,0.5548069562230789,0.1645785335983548,0.9998689293861389,0.4607813647815157,0.557384589740208,0.15252808630466455,0.9999451637268066,0.4619896973882401,0.5577282939638408,0.1524238867419106,0.9999459981918335,0.4631490511553626,0.5580706443105423,0.15243254687104899,0.9999610185623169,0.45188745771135586,0.5565713473728722,0.16315775002752025,0.9998924136161804,0.4631581553391046,0.5604164038385662,0.10790544471570418,0.9999220967292786,0.4563669979572294,0.5674944009099685,0.16172936303274965,0.9998496174812317,0.4596230038574762,0.568230639185224,0.1451614754540579,0.9998866319656372,0.43817026274544835,0.5926837154797142,0.16599173545837392,0.9999910593032837,0.4623204844338551,0.5923649702753336,0.023798964917659746,0.9999985694885254,0.44134363361767337,0.6439893467085699,0.1421312021357672,0.13214612007141113,0.4582909848008835,0.6454022407531735,-0.042136601784399555,0.9863554239273071,0.4539118281432558,0.6744138836860654,0.0816076163734708,0.2913803458213806,0.4594874756676808,0.6814778208732601,-0.056118432006665615,0.8526305556297302,0.4582667785031453,0.6826689703123907,0.07896079016583303,0.37095093727111816,0.45915853296007414,0.6902567948613845,-0.0702425509691238,0.777411699295044,0.4618074664047784,0.6816240123340058,0.07098875982420781,0.36873793601989746,0.45971087728227866,0.6876308747700279,-0.06382264228803769,0.7394222617149353,0.4598587129797252,0.6795753581183294,0.07665358398641856,0.33101099729537964,0.45971775480679083,0.6849887337003433,-0.054623113891908076,0.5988536477088928,0.42575809444699947,0.6840193016188482,0.04940910147769108,0.9999985098838806,0.4367308557033537,0.6873978189059663,-0.04952385840671401,0.9999995231628418,0.4363001874514987,0.7695442761693679,0.05274826458522249,0.9704725742340088,0.43417712535176933,0.7722455484526495,-0.07859004076038084,0.9994801878929138,0.4436011476176124,0.851459315844944,0.03437889181077479,0.9813809990882874,0.40354863490377135,0.8505330119814187,-0.12381737232208245,0.9978240728378296,0.44030041013445154,0.8671219365937365,0.030090112398777673,0.9915078282356262,0.394513325180326,0.8537282705307003,-0.12929806837013785,0.9890285730361938,0.46299182772636394,0.8666332415172028,-0.0029343118458720176,0.9724289774894714,0.4094511900629314,0.885494835036141,-0.1697584092617034,0.9894980788230896
10,0.45866817150797146,0.5625004564012798,0.1623308381864002,0.9999443292617798,0.457023193155016,0.5560390625681193,0.16612600386142723,0.9998803734779358,0.4557485495294841,0.555427825450897,0.16607601302010663,0.9998096227645874,0.45451013445854166,0.5548492482730318,0.16611454657145902,0.9998700022697449,0.46075290356363546,0.5573509386607576,0.1540330827236175,0.9999447464942932,0.46195539406367686,0.5576850226947236,0.1539269110986164,0.9999465942382812,0.4631165547030311,0.558026201384408,0.15393625966140195,0.9999607801437378,0.4518827404294693,0.5566524386405942,0.16570507884025565,0.9998924732208252,0.4630756258964536,0.5603841151509963,0.1103620501501219,0.9999200701713562,0.45636403134890946,0.5675531540598185,0.16324775985309048,0.9998456835746765,0.4596008249691553,0.5682521189962113,0.14664784542151854,0.9998824000358582,0.43818571482385893,0.5927318675177435,0.16857188216277524,0.9999911189079285,0.46232069390160674,0.5922388076782223,0.02614017187484672,0.9999985694885254,0.441638865641185,0.6438228675297325,0.1424064827816826,0.1380157619714737,0.45835327591214836,0.6454638259751453,-0.03885720308337891,0.9872426986694336,0.4540694304874963,0.6745930382183617,0.07841454254729403,0.3073553144931793,0.4595185858862738,0.6814406616347173,-0.05197743347712923,0.8622768521308899,0.45862573981285076,0.6826107978820798,0.07535001529114584,0.38987499475479126,0.4591934953417095,0.6902487414223804,-0.06615708108459198,0.7908100485801697,0.46199989318847634,0.6815822022301807,0.06754846083266391,0.38755908608436584,0.459736861501421,0.6876421536718094,-0.05961888549583297,0.7544450759887695,0.46000110932758853,0.6796501364026748,0.07347427223409922,0.348721444606781,0.4597268802779059,0.6850083913121902,-0.05042352303862569,0.6187593936920166,0.42578482798167616,0.683863270282745,0.04929699770041872,0.9999986290931702,0.4367152690887449,0.6870736684117995,-0.04941325485706327,0.9999995231628418,0.4362728817122321,0.7694780077253065,0.0508315324783325,0.9728211164474487,0.4341850493635448,0.7721978732517784,-0.07960658499172751,0.999529242515564,0.4436463866915019,0.8514831747327528,0.031698173816714956,0.9830661416053772,0.4035803607531954,0.8504083190645486,-0.12554445649896342,0.9980326294898987,0.4403355760233741,0.8670363732746665,0.027343762932079164,0.9922292232513428,0.3945083643708909,0.8537712539945326,-0.1310600842748369,0.9900538325309753,0.4632218113967348,0.8666807975087842,-0.006132678468877979,0.9749502539634705,0.40945779000009785,0.8855083652905051,-0.17178292317049837,0.9905018210411072
11,0.4586380192211694,0.5623692001615249,0.16344777217933104,0.9999451041221619,0.45697904399463085,0.5559897354670931,0.1674862589154924,0.9998831152915955,0.4557088017463682,0.5553883143833702,0.16743598197187687,0.9998170137405396,0.45447870322636175,0.5548189963613235,0.16747638753482263,0.9998734593391418,0.46067894697189304,0.5572542411940435,0.15535359084606165,0.999945342540741,0.46187728898865815,0.5575794833047046,0.15524566684450414,0.9999479651451111,0.46302709749766735,0.5579279695238383,0.15525562890938344,0.9999611377716064,0.4518720703465596,0.5566401192120141,0.16783536289419437,0.9998947978019714,0.46294543487685047,0.5603439245905193,0.11236190519162581,0.9999195337295532,0.4563506892749239,0.5674978119986396,0.1646094415869031,0.9998455047607422,0.45955495919500056,0.5681767259325297,0.14796222448348995,0.9998806118965149,0.4382033007485524,0.5927688223975043,0.1710098445415496,0.999991238117218,0.4623202809265679,0.5921977690287996,0.027925249668104293,0.9999985694885254,0.442007175513676,0.6438664776938299,0.14386626737458358,0.14649662375450134,0.45850997141429334,0.6457284399441308,-0.035826155756201045,0.9881122708320618,0.4541391994271957,0.674953244413648,0.07806250665869027,0.3293517827987671,0.4596332081726617,0.681423119136265,-0.047546546161174756,0.8717430233955383,0.45879610776901225,0.6827576466969079,0.07480837553739544,0.41396960616111755,0.45939388700893924,0.6902364713805059,-0.06162378021648949,0.8042050004005432,0.4620008366448537,0.6817558118275231,0.06697806652103148,0.41163909435272217,0.45995355674198674,0.6876790506499151,-0.05497736494456017,0.7695988416671753,0.4600384729249135,0.679855634484972,0.07304808092968801,0.37171095609664917,0.45987173233713396,0.6850481952939711,-0.045901876475129784,0.6393795609474182,0.42579665694917934,0.68376350402832,0.04939257470624785,0.9999987483024597,0.43670699170657545,0.6868576390402654,-0.04951016019497596,0.9999995231628418,0.436266220467431,0.7694367664200915,0.04909540819270268,0.9750490188598633,0.43420507737568426,0.7720986638750345,-0.081788757443428,0.9995742440223694,0.44370821373803254,0.8515463369233264,0.028906630139265727,0.9846102595329285,0.4036028410707199,0.8502224411283217,-0.12974392665284015,0.9982224106788635,0.4403692534991671,0.8670278498104637,0.024464654283864143,0.9928993582725525,0.39446665474346687,0.8537473082542415,-0.1354269909007208,0.9909929633140564,0.46341235552515275,0.8667381746428349,-0.009407956352723491,0.9772602915763855,0.40939434937068375,0.8854586379868639,-0.17659002840518942,0.9914156198501587
12,0.45853806478636583,0.562162479332515,0.16305952966213216,0.9999427199363708,0.4568528703280855,0.5558879341397964,0.1671138997588838,0.9998793601989746,0.45558682935578465,0.5553056342261176,0.16706296886716562,0.9998162984848022,0.4543583001409256,0.5547531400408061,0.16710392364433826,0.9998704791069031,0.4605462167944224,0.5570950644356861,0.15506058165005268,0.999942421913147,0.46173551423209036,0.5574125937053133,0.15495329839842653,0.9999464750289917,0.46288018652370977,0.5577782579830712,0.1549635205950055,0.9999590516090393,0.451783900601523,0.5566285865647449,0.16759754291602535,0.9998922348022461,0.4627910690648213,0.5603173375129697,0.11251927188464568,0.9999136924743652,0.45625990203448685,0.5673972828047613,0.1642654836177825,0.9998366236686707,0.4594458963189804,0.5680419938904896,0.1477273191724504,0.9998711943626404,0.4382063329219816,0.5927899769374301,0.1706693002155848,0.9999911785125732,0.46231881039483186,0.5922075407845631,0.028337433348808956,0.9999985694885254,0.4423908352851865,0.6439404623849048,0.14281600543430867,0.15501193702220917,0.4586990978036606,0.6460162128720962,-0.034844009152480517,0.9888311624526978,0.45415352327483016,0.6752736738749909,0.07774985730648037,0.34719133377075195,0.45982495290892444,0.6814152530261446,-0.046617851725646406,0.8797845244407654,0.45886184998920965,0.6829978466033932,0.07419885279876842,0.4332428276538849,0.4596132116658345,0.690292850562504,-0.060568361197199105,0.8155561685562134,0.4619318161691936,0.6820322121892652,0.06625936797686982,0.43102285265922546,0.46021595001220683,0.6878281269754679,-0.053990641129868344,0.7824207544326782,0.4600361909185135,0.6800797207014898,0.07260807763252936,0.39032721519470215,0.4600740202835626,0.6851127896990092,-0.044980236036436874,0.6567878127098083,0.42580514294760546,0.6836774945259091,0.04931208831923346,0.9999988079071045,0.43670025127274625,0.6867529562541413,-0.04942937152726307,0.9999995231628418,0.4362601748534609,0.7693859560149053,0.047869835687535126,0.9769583344459534,0.43423607775143197,0.771976428372519,-0.08244966566562649,0.9996142983436584,0.44375840851238774,0.8515924266406464,0.02732251765472547,0.9859797954559326,0.4036222517490385,0.850086859294346,-0.13106005617550434,0.9983923435211182,0.44038892899240745,0.8670383402279441,0.022851955677781775,0.9934808015823364,0.39445352298872793,0.8536771825381684,-0.13679435849189753,0.991828203201294,0.46349684425762694,0.8667965207781106,-0.010940565408340517,0.9793052673339844,0.4093219731535228,0.885425644261496,-0.1777804378952298,0.9922329783439636
13,0.458404526540211,0.5619149327278135,0.16271276048251554,0.9999435544013977,0.4567060462066103,0.5557281017303464,0.16672741472721092,0.999882161617279,0.45544411284582936,0.5551668473652428,0.16667647021157395,0.9998228549957275,0.45421132189886887,0.554630260808127,0.1667180346591131,0.999873697757721,0.46041195222309633,0.5568766457693914,0.15476040882723666,0.9999432563781738,0.4616005378110066,0.5571803740092683,0.1546542993613651,0.9999478459358215,0.46274979540279915,0.5575561097690035,0.15466511419841214,0.9999595880508423,0.45165600521223864,0.556583317688533,0.16705831842763075,0.999894380569458,0.46267319662230333,0.5602457949093407,0.11241185963153834,0.9999138712882996,0.45612004569598585,0.5672410437038964,0.16385481442723948,0.9998371005058289,0.45932566608701414,0.5678533196449277,0.1474311458212988,0.9998703598976135,0.43820187364305746,0.5927950722830634,0.1696807133299963,0.999991238117218,0.4623138189315794,0.5922155618667599,0.02836432047188281,0.9999985694885254,0.44267211386135624,0.6439251099314005,0.1411975430590765,0.1629321426153183,0.4588392538683753,0.646136254923684,-0.035846935744796464,0.9895607233047485,0.4543403318950106,0.6753093378884449,0.07345650387661794,0.3673862814903259,0.4599525443145205,0.6813886029379705,-0.0484187810548714,0.8882667422294617,0.459007999726704,0.6831114564623149,0.06928540446928566,0.45469269156455994,0.4596904703548974,0.690424823760986,-0.06295055427721566,0.8277832269668579,0.4620876908302305,0.6821915609495978,0.06130535719650129,0.45260336995124817,0.46033439891678923,0.6880559665816168,-0.05641753173300196,0.7963895201683044,0.4602283324514114,0.6801592571394781,0.06819414677364483,0.41113176941871643,0.4602012744971682,0.6851674880300247,-0.046933855435677914,0.6762071847915649,0.42581448980740116,0.683543275083814,0.04916624682290211,0.9999988675117493,0.43669616409710454,0.6866601007325305,-0.04928281381726263,0.9999995231628418,0.4362520422254288,0.7692835535321914,0.047293554246425604,0.9787337183952332,0.4342618150370459,0.7718355246952598,-0.08128866446869709,0.9996505379676819,0.44378844584737487,0.8515921882220673,0.027242230144994585,0.9872223734855652,0.40363920841898215,0.8499896066529405,-0.1288826663579259,0.9985455274581909,0.4404030655111583,0.8670323882784158,0.02280206499355179,0.9940145015716553,0.39445888570376786,0.8536009379795615,-0.1345467716455459,0.9925847053527832,0.4635145119258334,0.8668480515480038,-0.011153204286737096,0.9811674356460571,0.4092617171151296,0.8853925313268385,-0.17553692204611634,0.9929708242416382
14,0.45826992307390463,0.5616843564169745,0.16240894496440877,0.9999446272850037,0.4565644638878956,0.5555696266038075,0.16639839836529316,0.9998853206634521,0.4553060259137833,0.5550269160951884,0.16634781190327227,0.9998295903205872,0.4540688906397136,0.5545027988297596,0.16639065870216907,0.9998771548271179,0.46028402362550985,0.5566706095423015,0.15453064186232424,0.9999443888664246,0.46147357906614006,0.5569623300007409,0.15442583816392075,0.9999493956565857,0.46262860809053674,0.5573432479585918,0.15443821336541852,0.9999603629112244,0.45152040294238477,0.5565308025905061,0.16660788697855805,0.9998968839645386,0.4625682898930139,0.5601753439222061,0.11243331560066763,0.9999147057533264,0.45597190601485094,0.5670800600733072,0.16349161309855317,0.9998391270637512,0.4592054034982407,0.5676652176039557,0.14719575345516198,0.999871015548706,0.4381610206195284,0.5927897998264855,0.16870990054947982,0.9999913573265076,0.4623094550200869,0.5922256554876052,0.028356805337326853,0.9999985694885254,0.44292012453079205,0.6437949470111299,0.13766981576170234,0.17189255356788635,0.4588948905467985,0.6459960733141215,-0.038049545085855875,0.9902334213256836,0.45458451083728224,0.675155208792005,0.0644323544842856,0.38827502727508545,0.45999463030270143,0.6813473258699687,-0.05166154663477623,0.8964945077896118,0.4592003524303434,0.6830714055470055,0.059499309211969345,0.4765872657299042,0.45963788458279176,0.6907064386776512,-0.0674722605517932,0.839919924736023,0.4622967592307497,0.6822777339390342,0.05167927422693795,0.47460803389549255,0.460314619541168,0.6884759068489071,-0.06090040419782908,0.810351550579071,0.46045979005949816,0.6801318117550438,0.05916761766586982,0.4324079751968384,0.46023132375308423,0.685326700551169,-0.05031013403620037,0.6960035562515259,0.42581993511744887,0.6834176148687087,0.048996910027095227,0.999998927116394,0.43670424393245133,0.6866063424519127,-0.049111754234348,0.9999995231628418,0.43622653058597005,0.7691743680409019,0.04725951030850408,0.9804108738899231,0.43427237612860525,0.7717394249779834,-0.0805404669472149,0.9996834397315979,0.443801232746669,0.8515722513198849,0.028399051938738127,0.9883680939674377,0.40365171943392053,0.8499145473752698,-0.1264030379908425,0.9986845850944519,0.4404097821031296,0.8670224257877891,0.02405027880200317,0.9945108294487,0.3944674083164758,0.8535384348460603,-0.13191813145365028,0.9932740330696106,0.4635061919689176,0.8668734959193634,-0.010153120250574174,0.982879102230072,0.40923197524888155,0.8853590777942109,-0.1730263433286121,0.9936405420303345
15,0.4581932595797945,0.5615450109754287,0.1623921790293284,0.9999425411224365,0.456482501540865,0.5554737789290289,0.1661729088851383,0.9998819231987,0.45522707189832395,0.5549446923392156,0.1661224173648016,0.9998276829719543,0.45399161662374204,0.5544310620852877,0.16616484139646795,0.9998734593391418,0.4601976794855933,0.5565415160996571,0.15446032328265047,0.9999421834945679,0.4613816865852899,0.5568252665655951,0.15435553661414547,0.999948263168335,0.4625326199190955,0.5572046330996919,0.15436680359499788,0.9999589323997498,0.4514416626521517,0.5565032056399751,0.1656465517623083,0.9998931884765625,0.46247899276869614,0.5601289442607332,0.1121824871216501,0.9999109506607056,0.4558926590851373,0.5669862610953191,0.163242369038718,0.9998313784599304,0.4591262740748267,0.5675489255360192,0.14716161489486687,0.9998641014099121,0.4381242130483898,0.5928053958075384,0.1677312574216297,0.9999911189079285,0.46230028867721534,0.5922188282012937,0.0288806127650397,0.9999985694885254,0.4430471377713338,0.6437705142157416,0.13697445052010665,0.17645734548568726,0.45904579418046115,0.6464104124477927,-0.03451248428651263,0.9907921552658081,0.45477642331804524,0.6757388353347775,0.06342959936176024,0.3990250527858734,0.4604327448776788,0.6813242316246029,-0.04477812711681636,0.9036005735397339,0.4593362288815633,0.683678351129804,0.05888080682073318,0.48923811316490173,0.4599359120641434,0.6909912109374997,-0.05991991795599458,0.8503425717353821,0.46243004287992184,0.6828579510961257,0.05134044662117956,0.4872908890247345,0.4606050516877853,0.6888871516500197,-0.053573365190199417,0.8223204016685486,0.46062815274511043,0.6805890202522275,0.05838498462523731,0.44422462582588196,0.4604920446872709,0.685558462142944,-0.04338569571929317,0.7127214074134827,0.42582283786364944,0.6833427889006476,0.04881773793271607,0.9999989867210388,0.4366695412567682,0.6865813459668837,-0.048932047401155726,0.9999995231628418,0.4361957200935907,0.7691000240189685,0.04639540261455942,0.9817672371864319,0.434272139413016,0.7716933369636532,-0.08004326564925054,0.9997121095657349,0.44380576355116685,0.8515342303684776,0.027113000995346463,0.9893606305122375,0.4036616189139228,0.8498652764729087,-0.12437828247036246,0.9988071322441101,0.44041295647621137,0.8670141492571146,0.0227541403046676,0.9949290156364441,0.394463732412883,0.8535006931849884,-0.12982111275196068,0.9938753843307495,0.4634999845709117,0.8668852499553131,-0.011197393733475884,0.9843583703041077,0.40922038214547274,0.8853456769670754,-0.17023840418883723,0.9942284822463989
16,0.4581391751766203,0.5614978926522388,0.1631549056087221,0.9999372959136963,0.4564241119793481,0.555443603651864,0.16672805249691003,0.9998717308044434,0.45517185500689894,0.5549221992492673,0.16667742303439542,0.9998185038566589,0.45393907002040296,0.5544152855873106,0.16671973892620623,0.9998641610145569,0.46012347851480734,0.5564959492002213,0.15518297297613953,0.9999362230300903,0.4612956038543154,0.556777545383998,0.1550769111939838,0.9999444484710693,0.46243528127670264,0.5571552651269093,0.1550863542727061,0.9999552369117737,0.4513858369418551,0.5565095407622198,0.16541743235928663,0.9998841285705566,0.4623870917728967,0.5601241009575977,0.11273589347090034,0.9999009370803833,0.4558436504432132,0.5669626542500085,0.16376262051718568,0.9998111128807068,0.4590590698378425,0.5675142492566787,0.147925688113485,0.9998462200164795,0.4381030533994945,0.5928486296108788,0.16784250353063848,0.9999906420707703,0.46230363590376694,0.5922420791217256,0.03034681411726133,0.9999984502792358,0.4427045030253272,0.6441589627947124,0.13818989098072046,0.1795760542154312,0.4593281558581759,0.6474758744239804,-0.026169994313802028,0.9911588430404663,0.45475857598440966,0.6772480658122468,0.06762108228036331,0.40648385882377625,0.4615377119609286,0.6818405951772414,-0.031179568916559205,0.9084663987159729,0.45928493312426955,0.685161857945578,0.06369091410722048,0.4981068968772888,0.4609701607908519,0.691439068317413,-0.04434963007058414,0.8572339415550232,0.46220789892332875,0.6840854968343459,0.056522597159658135,0.4961778223514557,0.4614834853581018,0.6893919076238356,-0.03836476393043993,0.8302345871925354,0.4604667936052593,0.681647227491651,0.06282815603273252,0.4522585868835449,0.4613740691116876,0.6860781686646594,-0.029604947886296668,0.723669171333313,0.425820698056902,0.6833251629556925,0.048562376626900244,0.9999989867210388,0.43656940630504043,0.6865927781377517,-0.04867917490856985,0.9999995231628418,0.4361736152853282,0.769104947362627,0.04495103923337798,0.9829413294792175,0.4342692937169754,0.7716965249606538,-0.07929989823273247,0.9997369647026062,0.44381084782736624,0.8514768106596806,0.024142267022814058,0.9902245402336121,0.4036682776042392,0.8498303719929282,-0.12335084847041533,0.9989138841629028,0.4404181659221647,0.8669879368373322,0.019725756826145302,0.9952837824821472,0.3944423811776296,0.8534958600997922,-0.12877265810966484,0.994392454624176,0.4634935038430348,0.8668956228664939,-0.01334092167339154,0.9856300354003906,0.4092198422976901,0.8853439518383568,-0.16783538545880988,0.9947381615638733
17,0.45811457804271133,0.5614950128964012,0.16381761900016234,0.9999335408210754,0.4563967542988911,0.5554426244326998,0.16721926501819057,0.9998646974563599,0.4551468321255273,0.5549234747886655,0.16716833668095718,0.9998129606246948,0.4539167463779447,0.55441837140492,0.1672095209360122,0.9998576045036316,0.460077768564224,0.556490075588226,0.15579342373779834,0.9999319911003113,0.4612359259809764,0.5567697371755325,0.15568531623908444,0.9999420046806335,0.4623598371233256,0.5571436813899446,0.15569176801613394,0.9999527931213379,0.4513651839324404,0.5565226112093241,0.1652755277497427,0.9998775124549866,0.4623052018029347,0.5601272497858318,0.11317448935338424,0.9998944401741028,0.45582531690597516,0.5669679539544239,0.16423048206738056,0.9997967481613159,0.4590192036969319,0.5675151944160459,0.14857084495680664,0.9998339414596558,0.4381131376538956,0.5928954907826012,0.168345831973212,0.9999902248382568,0.46231796911784556,0.5922875438417705,0.03159974813461302,0.9999983906745911,0.4423894362790242,0.6450816631317136,0.1431217840739658,0.18381328880786896,0.4596926518848962,0.6487984810556682,-0.019296327366360586,0.991631805896759,0.4548346400260923,0.6794914296695161,0.07833354387964518,0.415397584438324,0.46282209157943704,0.6826507960047037,-0.020010439506066686,0.9145975708961487,0.4592562632901326,0.687410177503313,0.07562357783317562,0.5082256197929382,0.462292488983699,0.6919767686298912,-0.03151255859328166,0.8661772012710571,0.46206146989549884,0.6858438951628546,0.06858139644776068,0.5061978697776794,0.4626301484448567,0.6899298446519031,-0.025720684656075056,0.8406518697738647,0.4603484468800679,0.6832406061036242,0.07378765866160389,0.46154236793518066,0.462577141182763,0.6867623891149245,-0.01829916538138474,0.7388397455215454,0.4258224861962453,0.6833273274557928,0.04836813488176889,0.9999989867210388,0.4364459650857106,0.6866080488477431,-0.04848838384662354,0.9999995231628418,0.4361723474093844,0.7691120590482435,0.04368800936000686,0.9841025471687317,0.43426615766116533,0.7716843928609571,-0.07841150377477915,0.9997603893280029,0.44381769469806104,0.8513875246047968,0.021513923364026195,0.9910285472869873,0.40367201907294115,0.8498175995690478,-0.12275669234139573,0.9990124702453613,0.4404274557318004,0.8669388719967429,0.017045611222939825,0.9956227540969849,0.3944067418575285,0.8534664818218772,-0.12816303457532605,0.9948738813400269,0.46350186467170695,0.8669060400554108,-0.015140751616231025,0.9868039488792419,0.40919009106499793,0.8853303704942972,-0.16659812373774385,0.9952087998390198
18,0.45811549169676624,0.561479830741882,0.1647758096456527,0.9999237656593323,0.4563959147248947,0.5554207393101281,0.16817218363285058,0.9998440742492676,0.45514556084360375,0.5549034527369905,0.16812102922371447,0.9997910261154175,0.4539158599717274,0.5544001102447507,0.16816189033644532,0.9998379349708557,0.4600615850516726,0.5564610345023016,0.15686334584440498,0.9999209642410278,0.4612079824720108,0.5567352942058016,0.15675316154956812,0.9999345541000366,0.4623160208974564,0.5571006962231224,0.15675869669233045,0.9999462366104126,0.451364481449127,0.5565196037292478,0.16588114159447798,0.999859631061554,0.46225557327270483,0.5601059845515657,0.11439470095293856,0.9998776316642761,0.45583126630101867,0.5669615830693924,0.16505871883460446,0.9997588992118835,0.45900491901806406,0.567504320825849,0.14956617185047688,0.9998027086257935,0.4381227578435623,0.5929014325141904,0.16888778805732718,0.9999894499778748,0.46235330871173297,0.5923394186156133,0.03275853203875676,0.9999982714653015,0.4420273303985594,0.6460396902901783,0.14505810652460366,0.18380862474441528,0.46005675026348636,0.6497347014290943,-0.016707166450630334,0.9919605255126953,0.4548544509070258,0.681210090432848,0.08207243170057021,0.41269317269325256,0.4638126492500303,0.6832774383681157,-0.015764768581305225,0.9187769889831543,0.4591204047203062,0.6894259742328095,0.07962885584150037,0.5061725974082947,0.4633011043071744,0.6925318377358569,-0.027062552954469396,0.8719179034233093,0.46166572485651264,0.6876327157020565,0.07259054162672585,0.5040009021759033,0.46351496747561843,0.6905433603695457,-0.02128657911505017,0.8472944498062134,0.46009245685168654,0.6847126586096624,0.07758193122489107,0.45925211906433105,0.4635714948177335,0.6874459879738941,-0.01401311281536306,0.7481216788291931,0.4257981402533393,0.6832456656864708,0.04805857528533252,0.9999989867210388,0.4363857277802056,0.6866028172629217,-0.04818442282932143,0.9999995231628418,0.43616949915885905,0.7690461618559699,0.04343808580722125,0.9849271774291992,0.43427179455757114,0.771587835039411,-0.07773014796631672,0.9997800588607788,0.4438217835766926,0.851278047902243,0.020490195815052296,0.9916926026344299,0.40367671166147484,0.849766029630388,-0.12230253602777202,0.9990973472595215,0.44044285927500026,0.8668679305485312,0.015995738655328745,0.9958875179290771,0.39438415936061294,0.8533493757247921,-0.12761684400694706,0.9952800273895264,0.46349422761372133,0.8669076970645355,-0.015388241623129156,0.9877545833587646,0.40913132343973413,0.8853072064263475,-0.1661899894475936,0.9956099390983582
19,0.4581033178738183,0.5614698818751742,0.16753616929054252,0.99991774559021,0.4563794612884519,0.5554027863911217,0.17087279004710054,0.9998325705528259,0.45512893625668094,0.5548897300447734,0.17082091144153042,0.9997787475585938,0.4538993035043987,0.5543915067400248,0.17085978303636817,0.9998266100883484,0.4600374826363153,0.5564306718962531,0.15968909306185577,0.999914824962616,0.46117660062653654,0.5566975321088516,0.1595746274505342,0.9999303221702576,0.46227777089391414,0.5570534195218765,0.15957746420587804,0.9999427199363708,0.4513547905853814,0.5565277303968155,0.1676565080881118,0.9998475313186646,0.46222079055649873,0.5600900224276949,0.11678264141082759,0.9998676776885986,0.45582710930279297,0.5669835346085682,0.16748330465384884,0.9997344613075256,0.45898257238524276,0.5675081031663075,0.15215866480554846,0.9997827410697937,0.4380901711327687,0.5928986855915612,0.1705006935766764,0.9999889135360718,0.4623988492148261,0.5924287864140099,0.03486421640430176,0.9999982118606567,0.44167803696223645,0.6468548195702686,0.15048943459987635,0.18219944834709167,0.46039768287113714,0.6507090364183695,-0.010613575218511475,0.9923158884048462,0.4548565455845422,0.682891704354967,0.09387466013431545,0.4109249711036682,0.4646151466029029,0.6836180516651695,-0.0033661554301423675,0.9237235188484192,0.45897815227508526,0.6912174531391686,0.09286127580063679,0.5060499906539917,0.46403040630476794,0.6929103374481198,-0.013282247659351138,0.8790244460105896,0.46124099918774175,0.6894589594432283,0.08580657456602364,0.503548800945282,0.4641713866165704,0.6910660658563883,-0.007528988484825403,0.855546772480011,0.4598532906600405,0.6862896680831906,0.08958099803754258,0.45870229601860046,0.4642314987523213,0.6880102651459827,-0.0014342600346675936,0.7604385614395142,0.4257640498025075,0.6831372329166954,0.04780906641057557,0.9999989867210388,0.43637673003332933,0.686605950764247,-0.047941617454801265,0.9999995231628418,0.43616729719298203,0.7689851658684863,0.044206270362649625,0.9859108924865723,0.43428001233509594,0.7714868511472426,-0.07671830803155896,0.9997990727424622,0.4438258681978496,0.8511728661400927,0.0202737236129386,0.9923507571220398,0.40367541824068326,0.8497022645814074,-0.12219908194882523,0.9991773366928101,0.4404641253607612,0.8667880807604105,0.015729590851281363,0.9961715936660767,0.39436214991978213,0.8532076665333335,-0.127489999788148,0.9956754446029663,0.46348794017519246,0.8669185468128746,-0.015374392164604997,0.9887076616287231,0.40907807861055623,0.8852934139115466,-0.16536924626146038,0.9959902167320251
20,0.458085570165089,0.5614885500499178,0.17137300712721681,0.9998940825462341,0.45635823181697277,0.5554148912429806,0.17461941327367503,0.9997859001159668,0.455107967342649,0.5549051744597295,0.17456660568714133,0.9997247457504272,0.4538784044129506,0.554411332947867,0.17460388243198388,0.9997816681861877,0.46000696676118014,0.5564336231776643,0.16360991214002873,0.9998904466629028,0.4611390939780642,0.5566950457436695,0.1634907581976481,0.9999122023582458,0.46223673735346094,0.5570428013801572,0.16349230068070542,0.9999282360076904,0.45134213992527533,0.5565725650106155,0.17029020360537928,0.9998078942298889,0.4621866387980323,0.5601169041224886,0.12021016755274358,0.999833881855011,0.4558206617832182,0.5670493330274307,0.1709137627056666,0.9996474981307983,0.4589508141790115,0.5675501125199451,0.1558115363121032,0.9997130632400513,0.43799652116639254,0.5928988065038405,0.17265106907912653,0.9999872446060181,0.4624482912676673,0.592605788367135,0.038071691244840604,0.9999980330467224,0.441040607009615,0.6474371007510591,0.15532899456364763,0.1739996373653412,0.46069702591214845,0.6516101530620027,-0.002424532687291502,0.9922275543212891,0.45472957066127206,0.6844174180712015,0.10372522068875172,0.39339277148246765,0.46522695592471514,0.6841715335845944,0.01203622546579156,0.9250736832618713,0.4587744780949182,0.6925266861915584,0.10384441976036339,0.4884108006954193,0.46458440678460233,0.6932675821440557,0.0037123433181217714,0.8804724216461182,0.46064647521291435,0.6909591232027323,0.09705260757889062,0.48572614789009094,0.46460194758006484,0.691582746165139,0.009331951396805895,0.8571725487709045,0.45948990753718766,0.687661904948098,0.09969515821763443,0.44207265973091125,0.4646351839814865,0.6886118377958022,0.014130795480949528,0.762615442276001,0.42569034440176806,0.6830269030162264,0.047547622770071005,0.999998927116394,0.4363721719809939,0.6866070985794064,-0.04768824375101496,0.9999995231628418,0.4361681844506943,0.7689198391778125,0.0451782489461558,0.9863990545272827,0.4342881296362194,0.7713959864207673,-0.07539605668612887,0.9998137354850769,0.44383090138435344,0.8510801741055076,0.019724664624248225,0.992853045463562,0.4036530349935802,0.8496480652264182,-0.12246920232261924,0.9992419481277466,0.4404842691762105,0.8666964837482993,0.015003928169608109,0.9963681101799011,0.3943234877926961,0.8531396797725128,-0.1278056736503328,0.9959791302680969,0.46348740117890475,0.8669492789677208,-0.015946664368467665,0.989413321018219,0.40905233025550825,0.8852687784603659,-0.164411950962884,0.9962895512580872
21,0.4580644420215059,0.5615386281694682,0.17412246721131452,0.9998804926872253,0.4563356237752095,0.5554591894149777,0.17729698547295153,0.9997612833976746,0.4550860890320367,0.5549512181963236,0.1772433821644101,0.9996960163116455,0.45385749425206845,0.5544607741492132,0.1772794659648622,0.9997576475143433,0.459978640930993,0.5564778191702704,0.1663367271423339,0.9998776316642761,0.4611058167048861,0.5567403793334958,0.16621497060571389,0.999902606010437,0.46220222285815626,0.5570860045296803,0.16621438605444766,0.9999207258224487,0.45132045575550606,0.556655725411006,0.17221151888370506,0.9997854828834534,0.4621555839266094,0.56019594839641,0.12233699538878026,0.9998151063919067,0.4558020055294035,0.5671492389270234,0.17340753121035432,0.9995941519737244,0.45891429952212726,0.5676339081355501,0.15835922360420218,0.9996704459190369,0.4378268931593212,0.5929010289055957,0.17476128935813895,0.9999861121177673,0.46247480256216844,0.5929048606327599,0.040518137173993225,0.9999979138374329,0.4403810117925915,0.6477889060974118,0.16165999642440243,0.16628380119800568,0.46090962461062823,0.6522615466799052,0.006172621343284843,0.9921321272850037,0.4543168442589894,0.6854285529681612,0.11677492984703602,0.3785461187362671,0.4658700117043084,0.684687873295375,0.028997962296541238,0.9264920353889465,0.458191851207188,0.6933542302676607,0.1183947011828422,0.4737629294395447,0.46527423518044586,0.6935328722000118,0.02238164333892719,0.882166862487793,0.45992360370499724,0.6919246605464386,0.11167256534099573,0.47077953815460205,0.46518208810261297,0.6919675809996466,0.0280290942106928,0.8590832948684692,0.45891900658607465,0.6885493295533314,0.11298667426620206,0.4280032515525818,0.4651433254991257,0.6890922904014585,0.031376673001795995,0.7652923464775085,0.4256263307162692,0.6829873408590041,0.047459234403712386,0.999998927116394,0.4363579852240424,0.6866420490401128,-0.047603833356073905,0.9999995231628418,0.43616869364465966,0.7689031447683058,0.046291909899030384,0.9870083928108215,0.4342823309557777,0.771374768870217,-0.07498909277575352,0.9998276233673096,0.44383483784539335,0.8509995681898931,0.019889589399099343,0.9933428764343262,0.40360825998442496,0.8495998467717848,-0.1229346586125237,0.9993017315864563,0.44048760363033823,0.8666012661797655,0.015095263985650875,0.9965820908546448,0.39426606212343474,0.8531324812344138,-0.1282370452369962,0.9962714314460754,0.463491584573473,0.8669824804578505,-0.015243923876966742,0.9901191592216492,0.4090339839458464,0.8852035726819716,-0.16391533144882742,0.9965702295303345
22,0.45803946682385016,0.5615684475217544,0.17516271940299433,0.9998685717582703,0.4563114557947429,0.5554799216134205,0.17832322674138198,0.9997406005859375,0.4550626354558125,0.554972560065133,0.1782692338739122,0.9996735453605652,0.45383435147149204,0.5544841000011986,0.17830555055822636,0.9997372031211853,0.4599503449031283,0.5565037965774534,0.16738871378558015,0.9998668432235718,0.46107516714504765,0.556770416668483,0.16726643783705566,0.9998949766159058,0.46217224172183424,0.5571162479264393,0.1672645871128354,0.9999146461486816,0.4512839990002766,0.5567131672586711,0.17292224764823905,0.9997670650482178,0.46213381545884247,0.5602602958679197,0.12315278968640729,0.9998021125793457,0.4557713082858492,0.5672115853854586,0.1743270461048398,0.9995419383049011,0.45887253625052293,0.5676961609295434,0.15931053885391772,0.9996312856674194,0.43762980358941195,0.5929005742073057,0.17583030504839753,0.9999845623970032,0.4624811172485349,0.5933013967105318,0.04201549312898089,0.9999977946281433,0.4396905039037975,0.6479317137173242,0.16585901422160004,0.15859264135360718,0.4610467757497513,0.6527053185871666,0.01371305366046726,0.9921274185180664,0.45340047648974807,0.6857634237834382,0.1254631604467119,0.3638642132282257,0.46661402583122236,0.6849532859666003,0.043700625534568494,0.9290319681167603,0.4571131816932131,0.6940155863761899,0.12807397118636532,0.4586242735385895,0.46611686604363556,0.6937053084373471,0.03839218180094445,0.8854361176490784,0.45884195651326837,0.6926547476223534,0.12124583742448256,0.4554053246974945,0.4659077831677026,0.6922070571354455,0.044133684837392384,0.8629147410392761,0.4579506320612769,0.6891079238482881,0.12178283823387957,0.4136100709438324,0.46582293936184455,0.6893667612756997,0.04635401847107068,0.7708294987678528,0.42555040376526954,0.6829448631831574,0.047314565203019535,0.9999988675117493,0.4363422708851949,0.6866932119641982,-0.04746042447430744,0.9999995231628418,0.43615679230008786,0.7688679541860304,0.04596120331968578,0.9873492121696472,0.43426016313689075,0.7713394420487536,-0.07586317041090554,0.9998389482498169,0.4438357855592453,0.8508886166981284,0.01759723398302282,0.9936962127685547,0.4035541619573319,0.8494961925915305,-0.12420088925531927,0.9993491172790527,0.4404765810285294,0.86648907150541,0.012733535362141467,0.9967222809791565,0.3942298165389468,0.853125805514199,-0.1294468564646584,0.9964964389801025,0.46348899688039485,0.8670003192765369,-0.016274840304894102,0.9905937314033508,0.40901227763720904,0.8851171646799356,-0.16448911939348487,0.9967847466468811
23,0.4579920904976979,0.5615816967827931,0.17533780251230505,0.9998595714569092,0.4562642685004641,0.5554862976074216,0.17832662633487148,0.9997254014015198,0.45501626900264175,0.5549792068345203,0.17827301451138078,0.9996576905250549,0.4537877048764908,0.5544923084122791,0.178309433375086,0.9997214078903198,0.4598992237022943,0.5565139685358317,0.16745147492204387,0.9998593330383301,0.46102346777915937,0.5567844493048528,0.16732887455395282,0.999890148639679,0.4621232799121309,0.557132245813097,0.16732392651694153,0.9999107718467712,0.4512122503348757,0.556742077214377,0.17231565501008705,0.9997533559799194,0.4621062278747557,0.5603007997785293,0.12266748036657056,0.9997946619987488,0.455708119698933,0.5672518542834688,0.17424700302737092,0.9994968771934509,0.45880646790776913,0.5677419730595177,0.15930726868765688,0.9996007084846497,0.437408684832709,0.5929003391947062,0.17582941225596826,0.9999830722808838,0.46248283982276894,0.5938480479376653,0.04230247310229708,0.9999977350234985,0.43900174583707513,0.6480293222836082,0.170692953467369,0.15197305381298065,0.4611074847834449,0.6531045811516895,0.019214454758912314,0.9921948909759521,0.45200761812073825,0.686114246504647,0.13789440755333213,0.3503676950931549,0.4671623885631559,0.6853874325752255,0.05491481497883794,0.9323534965515137,0.45561464173453176,0.6948558347565784,0.14205010916505534,0.44391387701034546,0.46680490970611555,0.6940732972962512,0.050708540848323255,0.8899003863334656,0.4574628455298286,0.69350631066731,0.13498100617102207,0.44040578603744507,0.46646420444760983,0.6926037788391111,0.05658972721014702,0.8681842088699341,0.4565871128014154,0.689874184131622,0.13435875730855118,0.39960402250289917,0.46635126045771985,0.689790868759155,0.05783393319164001,0.7785981893539429,0.4254823131220679,0.6829312511852806,0.0471709897475583,0.9999988079071045,0.43630208543368726,0.6867932762418472,-0.047314402886799375,0.9999995231628418,0.4361246619905742,0.7689853855541771,0.04541628222380364,0.9876214861869812,0.43417207854134676,0.7713671122278483,-0.07674938057150155,0.9998481869697571,0.44383744171687517,0.8508019685745235,0.015571838351232657,0.9939911961555481,0.4034069206033432,0.8493690643991738,-0.12542988296066004,0.9993885159492493,0.4404623866081236,0.8664021679333274,0.01073375357581036,0.9968364238739014,0.39403091924531103,0.8531200357845847,-0.13061632513999932,0.9966844320297241,0.46348632233483433,0.8670057858739577,-0.01698662223560469,0.990953266620636,0.40898602519716515,0.8850145595414294,-0.16478958513055522,0.9969584345817566
24,0.45793879713330926,0.5615711484636576,0.17613446755068635,0.9998576641082764,0.45621593253953097,0.5554672275270732,0.17890891815934853,0.9997226595878601,0.45496895398412407,0.5549581459590365,0.17885622509888233,0.9996554851531982,0.45374018379620124,0.5544688718659534,0.17889319104807708,0.999716579914093,0.45984881009374323,0.5565008095332551,0.16815664427621016,0.9998590350151062,0.4609744795731133,0.5567728229931419,0.16803293696471616,0.9998908042907715,0.46207898259162883,0.5571209941591533,0.16802556642464223,0.9999114871025085,0.45113863859857817,0.556719420637403,0.17221498915127337,0.9997484087944031,0.4620911845139093,0.5603020003863741,0.12280878020184374,0.9997972249984741,0.45563643319266156,0.5672552381243021,0.1747076204844883,0.9994765520095825,0.45873606034687564,0.5677559580121718,0.15989729847226816,0.9995920658111572,0.43721055473600096,0.592884450299399,0.17601157213960367,0.9999818205833435,0.4624870368412561,0.5944211176463533,0.0424726462789944,0.9999977350234985,0.43842895116124814,0.6481506892612999,0.1742356440850666,0.14655525982379913,0.46113168937819327,0.6533851776804239,0.020093087639127448,0.9925034642219543,0.4507005504199435,0.686730475085122,0.14569406722273137,0.3374190628528595,0.46742863910538784,0.6860489044870646,0.055712621552603564,0.9367818236351013,0.45428191253117134,0.6957382082939145,0.15061534387724734,0.4292392432689667,0.467165319408689,0.6946877666882103,0.05150090998836924,0.8962916731834412,0.4561574195112499,0.6944832648549758,0.143408211001328,0.425405353307724,0.4667186924389428,0.6932803630828854,0.05742548480629918,0.8757785558700562,0.45527387601988634,0.6908969368253433,0.14224033547299242,0.38571032881736755,0.46660080296652634,0.6904554980141773,0.05867111917052948,0.790221095085144,0.4253879061767031,0.6829113466399053,0.04707076155713624,0.9999987483024597,0.43621764949389846,0.6869097045489716,-0.04721247968929152,0.9999995231628418,0.43608482480049116,0.7692571043968197,0.045222665369510626,0.9879679083824158,0.43401756627219046,0.7714495709964204,-0.07714444803340091,0.9998570680618286,0.44383894886289305,0.8507507187979558,0.01497784352728298,0.9942851662635803,0.4031000230993541,0.8492793662207463,-0.12552991275276448,0.9994255304336548,0.44044175658907186,0.8663557154791691,0.010139240830072331,0.9969561100006104,0.393576132399695,0.8531026312283103,-0.13070420835699348,0.9968639016151428,0.46348808833530947,0.8670141288212363,-0.017320912969963884,0.9913031458854675,0.4089683294296263,0.8849326372146602,-0.1644491723605564,0.9971221089363098
25,0.4579054883548189,0.5616110869816369,0.1767708867788314,0.9998602867126465,0.4561883287770405,0.5555101530892506,0.17966771849564134,0.999728262424469,0.45494285481316676,0.5550047874450681,0.17961563680853154,0.9996632933616638,0.4537157850606099,0.5545253566333224,0.1796533512217657,0.9997208118438721,0.4598101930958882,0.5565534131867542,0.1688069709709712,0.9998626708984375,0.4609294133526936,0.5568344814436774,0.16868572916303354,0.9998942613601685,0.46203073944364254,0.5571874294962199,0.1686847439834049,0.9999143481254578,0.4510965696402956,0.5568327733448571,0.172058172736849,0.9997512698173523,0.46204029491969495,0.5603854060173032,0.12311799781663071,0.9998041391372681,0.45557794656072326,0.5673244833946225,0.17534065204007276,0.9994766116142273,0.45866912092481316,0.5678178889410834,0.16054132282733907,0.9995971322059631,0.4370201332228522,0.5929480263165062,0.17627186732632766,0.999981164932251,0.4624435790947503,0.59493921313967,0.042317010888031525,0.9999977946281433,0.4377234569617678,0.6483064327921183,0.17654782959393084,0.14379315078258514,0.4611345146383556,0.6535132850919447,0.020676841427172923,0.9928926229476929,0.44942599705287367,0.6875332423618858,0.1502153141157967,0.3306564688682556,0.46779076712472073,0.68708187682288,0.055716966731207684,0.9413236379623413,0.45270518319947356,0.6965409398078914,0.15549322835036677,0.4216541051864624,0.4675803431442803,0.6955083370208737,0.05128935245530944,0.9030534625053406,0.4545207951750072,0.6956058876855029,0.14802481702395842,0.4174990952014923,0.46710433278764973,0.6941817675318034,0.057232969786439596,0.8838319778442383,0.45365749938147387,0.6920185719217569,0.1467402164425168,0.37829190492630005,0.46699745569910295,0.6913177830832341,0.05871329339487209,0.8027806878089905,0.42532263398170456,0.6828935793467927,0.047030538852725685,0.9999986886978149,0.43611913323402385,0.687057244777679,-0.04717070407101084,0.9999995231628418,0.4360179977757588,0.7696285298892426,0.04414520465901918,0.9883886575698853,0.4337379983493258,0.7715570824486866,-0.07767452384744368,0.9998658299446106,0.4438404900687079,0.8507524268967761,0.013585353004080902,0.994559109210968,0.4026557471070969,0.8492296610559732,-0.12655176648071828,0.9994599223136902,0.44040921245302456,0.8663421971457341,0.008735994808375832,0.9970763921737671,0.3930374707494461,0.8531883546284263,-0.13183128152574808,0.9970335364341736,0.4634942063263482,0.86702013356345,-0.01833411534982067,0.9916439652442932,0.40896473441805137,0.8848788908549714,-0.1656664767435618,0.99727463722229
26,0.45783182297434105,0.5616628255162918,0.17638637976987015,0.9998653531074524,0.4561314693519045,0.5555718336786539,0.17963835511888768,0.9997377395629883,0.4548937210014886,0.5550717490059986,0.17958606992449072,0.9996760487556458,0.4536756064210617,0.554605642386845,0.17962373367377682,0.9997286200523376,0.4597340966973984,0.556624615192413,0.16848713329860135,0.9998683333396912,0.4608454261507305,0.5569181850978304,0.16836978409971504,0.9998993873596191,0.4619371644088198,0.5572801743234904,0.16837670505046837,0.9999184608459473,0.4510403939655847,0.5569811412266319,0.17117060252598346,0.9997570514678955,0.46195722648075627,0.5605080587523321,0.12300763555935446,0.9998139142990112,0.45547171320234003,0.5674026080540246,0.17536631226539603,0.9994860291481018,0.45856884462492786,0.5678832905633107,0.16032621945653636,0.999610185623169,0.43685248579297725,0.5930403607232227,0.1761802600962774,0.9999807476997375,0.46235600795064635,0.5954639673233029,0.04186676325542584,0.9999979138374329,0.4371607669762201,0.6485532896859303,0.17784298743520455,0.14490054547786713,0.4611225698675426,0.6535901461328776,0.022112670008625292,0.9934288859367371,0.4484618442399159,0.6884987814085821,0.15367344192096158,0.3290819227695465,0.46814143061637853,0.6883112260273522,0.05754175356456209,0.9465759992599487,0.45142104625701884,0.6974503414971485,0.159356813771384,0.4175753891468048,0.46796004261289303,0.6964645198413302,0.053155129615749606,0.9113319516181946,0.45325802905218915,0.6969608153615676,0.15155458152294152,0.41307196021080017,0.46749942813600787,0.6952952776636393,0.05904272475412911,0.8937256932258606,0.4523324293749671,0.6933116487094331,0.150155051265444,0.37423574924468994,0.4674148150852746,0.6923874872071398,0.060562351026705305,0.8188679218292236,0.4252324700355528,0.68288163117,0.04699390243206703,0.9999986290931702,0.4359420129231042,0.6872170652662002,-0.047131435253790425,0.9999995231628418,0.43585242458752205,0.7699819002832682,0.04229605410780223,0.9886881709098816,0.433334832532065,0.7716343164443966,-0.07838685661554333,0.999873697757721,0.44384072763579213,0.8507554871695379,0.010822682987366399,0.994733452796936,0.40210679258619014,0.8492574470383776,-0.12833991817065643,0.9994884729385376,0.4403724023274011,0.8663341982024053,0.005883597263268059,0.9971552491188049,0.3925330127988541,0.8534679855619154,-0.13377355933189386,0.9971758723258972,0.4635156759193963,0.8670209186417712,-0.02070542009813444,0.9917798638343811,0.4089691945484704,0.8848724876131326,-0.1677905138049806,0.9973939061164856
27,0.457598749228886,0.5616912892886567,0.17561672542776371,0.9998723864555359,0.45592958075659595,0.5556011438369748,0.1788422554731368,0.9997518062591553,0.45470997606004965,0.555105490343911,0.17878989492143896,0.9996941685676575,0.45351318376404876,0.5546507017953053,0.17882729726178298,0.9997420907020569,0.4594755504812511,0.5566681725638251,0.16765765760626103,0.9998757839202881,0.4605786280972615,0.556980422564915,0.1675413672413144,0.999905526638031,0.4616453187806263,0.5573538882391791,0.16754880632672983,0.9999234080314636,0.4508528292179106,0.5570905293737136,0.16986031745161323,0.9997686743736267,0.4617410131863183,0.5606390731675281,0.12230725863150183,0.9998254179954529,0.4551928664956772,0.5674765348434445,0.17467625566891254,0.999506950378418,0.4583139955997465,0.5679396765572682,0.1595850889171872,0.9996287226676941,0.4366952376706258,0.593190446921757,0.17554571671145294,0.9999807476997375,0.4621833213738031,0.5959927865437096,0.041344388148614325,0.9999980330467224,0.4368271555219376,0.6489006689616609,0.17982093010629918,0.14820118248462677,0.46111396040235225,0.6537801333836144,0.024872494009988637,0.9938982129096985,0.4477290119443619,0.6894437704767497,0.16037472571645456,0.3333267271518707,0.4682426818779534,0.6897081562450951,0.06353836464030399,0.9512276649475098,0.45050367712974526,0.6984055672373087,0.16703344370637613,0.41966331005096436,0.46813797524997147,0.6976558276585166,0.059814004919358635,0.9186575412750244,0.4524339130946566,0.6982843467167442,0.1589952132531574,0.41483041644096375,0.46769774045262996,0.6966580220631188,0.0656462877988815,0.9024738073348999,0.4514166014535085,0.6945720127650666,0.15692608228751584,0.37584465742111206,0.46758011664663024,0.6937288727079116,0.06664396662797242,0.8330820798873901,0.42508171967097674,0.6828677024160109,0.04697091717805179,0.9999985694885254,0.4356582735266002,0.6873314550944734,-0.047104597091674784,0.9999995231628418,0.43561205523354646,0.7702680213110784,0.04168672572289193,0.9890831708908081,0.4327295669487542,0.7716683575085228,-0.07878953026873721,0.9998816847801208,0.4438452482223509,0.8507752299308773,0.00907505383448941,0.9949409365653992,0.4013775953224725,0.8493043065071102,-0.12964416401726853,0.9995170831680298,0.440342330932617,0.8663399202483036,0.004100224721644604,0.9972596168518066,0.3918998207364762,0.8538265773228233,-0.13517384784562242,0.9973264336585999,0.46354544929095653,0.8670026063919064,-0.02182448346699986,0.9920207262039185,0.4089735175882065,0.884853853498186,-0.16915051937103265,0.9975211024284363
28,0.4572355994156426,0.5618615116391861,0.17530659352030065,0.9998787045478821,0.4556000683988841,0.5557801604270932,0.17819920480251306,0.999764621257782,0.4544126859733035,0.5552955746650693,0.17814711715493875,0.9997106790542603,0.4532496826989308,0.5548607128007068,0.17818469064576276,0.9997543692588806,0.459046184165137,0.5568677919251576,0.16726221144199363,0.9998825192451477,0.46014290366853966,0.5572087918009074,0.16714272797107688,0.9999110698699951,0.46118250744683376,0.5575925367219106,0.16714239631380345,0.9999278783798218,0.4505797718252452,0.5573957834924967,0.16951229401997148,0.9997796416282654,0.46141138757978145,0.5609574266842431,0.12193744970219471,0.9998360276222229,0.45480879374912786,0.5677267704691202,0.17410260609218042,0.9995254874229431,0.45794860720634434,0.5681417209761481,0.15915037436144686,0.999644935131073,0.4365828744002749,0.5933857321739193,0.17533337260995585,0.9999808073043823,0.46197453992707366,0.5964146818433487,0.0414955468050071,0.999998152256012,0.43677549532481585,0.6493291275841846,0.18136900067329398,0.15079855918884277,0.46112639222826257,0.6540673494338987,0.026044088389192296,0.9943097233772278,0.44751948373658296,0.6900792036737711,0.16372400905404766,0.33490997552871704,0.46819734317915757,0.6907417041914801,0.0656162501445838,0.955334484577179,0.4503510083471024,0.6991675427981783,0.17081867158412925,0.4191405475139618,0.46819550395011883,0.6986044151442388,0.06209793516567772,0.9250884652137756,0.45233172774314856,0.6992611425263539,0.16275193733828403,0.41397008299827576,0.4677662185260225,0.6977550472531996,0.06787364727684427,0.9101537466049194,0.45127675873892625,0.6955895968845909,0.16033229827880852,0.37526094913482666,0.4675521663257052,0.6948934555053707,0.06870228988783697,0.8455295562744141,0.4248675508158546,0.6828496609415323,0.0469694494136742,0.9999985098838806,0.4352364889213015,0.6873443143708362,-0.04710081336753707,0.9999995231628418,0.4353841108935218,0.7704590848514008,0.042727221016372934,0.9893158674240112,0.43190139446939724,0.7716720444815497,-0.07883755330528527,0.9998888969421387,0.4438529338155472,0.8507955704416543,0.009838131682148997,0.9950698018074036,0.40048635005950906,0.8493356432233534,-0.1307879358530044,0.9995419383049011,0.44032704234123204,0.8663543513842986,0.0048515893252832525,0.9973317980766296,0.3911765209266116,0.8541405115808755,-0.13645626221384316,0.997458815574646,0.4635719307831353,0.866981266226087,-0.021109817443149423,0.9921360015869141,0.4089882765497478,0.884727185113089,-0.17065599390438618,0.997629702091217
29,0.4569450514657155,0.5620391419955659,0.1749805433409554,0.9998852014541626,0.45533598065376263,0.555989713328225,0.17770113136087137,0.9997779130935669,0.45417248180934344,0.5555240784372599,0.1776491335460117,0.9997272491455078,0.45303384235927013,0.5551179681505473,0.17768670873982556,0.9997672438621521,0.4586808460099354,0.5570957592555452,0.16693956766809728,0.9998894929885864,0.4597646849496022,0.5574693867138452,0.16681772300175252,0.999916672706604,0.46077811717987044,0.5578631401062009,0.16681319900921404,0.9999324083328247,0.450349540369851,0.5577733125005447,0.1695596171276909,0.9997905492782593,0.4610975631645745,0.5612914443016049,0.12157064080238336,0.9998462796211243,0.4544949565614971,0.5680025560515265,0.17357782891818446,0.9995465278625488,0.4576286230768474,0.5683609621865406,0.15878912338188708,0.9996625781059265,0.43645604082516243,0.5937743050711493,0.17539817137377595,0.9999811053276062,0.4617594923291885,0.5967142224311826,0.0416178449988365,0.9999982714653015,0.43665161047662987,0.6500660266195022,0.18336284373487738,0.15367922186851501,0.4611586689949034,0.6544628228460037,0.02621814869344233,0.9946970343589783,0.4475409269332884,0.6906581231525963,0.16709702270371565,0.3386056423187256,0.4681334980896539,0.6920296549797055,0.06554013128791533,0.9591673612594604,0.45040081313678176,0.6998664515359059,0.1745651973145348,0.42091476917266846,0.4682034288133891,0.6997497235025676,0.06188837577189715,0.9311764240264893,0.4523120420319692,0.6999948620796199,0.16630128366606567,0.4153302013874054,0.46782602667808515,0.6988739201000755,0.0677687591740063,0.9174085855484009,0.45132267815726124,0.6963754739080154,0.16368178767817354,0.3767224848270416,0.46753032292638486,0.6960971048900055,0.06865859244550974,0.8573549389839172,0.4246064807687485,0.6828213725771219,0.04699212493641034,0.9999985098838806,0.43474415114947706,0.6873009000505717,-0.047121832306895914,0.9999995231628418,0.4351149354662212,0.7705819044794351,0.04287396988698412,0.9897032380104065,0.4310219807284217,0.7716573953628536,-0.07997053968054904,0.9998964071273804,0.44385820967810474,0.8507901992116651,0.009735439238803722,0.9952410459518433,0.3996295017855506,0.8493141889572139,-0.13450680034501206,0.9995693564414978,0.4402989549296241,0.8663428408758977,0.004720209831637992,0.9974329471588135,0.39053539804049886,0.854360062735421,-0.1404797677482877,0.997609555721283,0.4635808816977907,0.86696445941925,-0.021347145523343755,0.9923675060272217,0.4087891783033097,0.8845050232751024,-0.1750178349869591,0.9977598190307617
30,0.45644120233399504,0.5623562097549436,0.17548704658235814,0.9998932480812073,0.45487932903426015,0.5562938945634022,0.1780421384743281,0.9997938871383667,0.4537456418786728,0.55583609853472,0.17799089423247738,0.999747097492218,0.45263621466500403,0.5554512483733038,0.17802863717079154,0.9997833371162415,0.45811045765876746,0.5573918734277995,0.16746061699731002,0.9998976588249207,0.4591912388801573,0.557764889512743,0.1673370795590536,0.9999229907989502,0.46021923507962886,0.5581470693860733,0.16733252491269784,0.9999375343322754,0.4499274764742168,0.5582567180906021,0.1696152299642562,0.9998049139976501,0.4607351192406244,0.5616348675319124,0.12197359523602888,0.999858021736145,0.45403760331017606,0.5683887481689451,0.1738790239606584,0.9995754957199097,0.45712805475507445,0.5686456731387545,0.1593024858406611,0.9996854066848755,0.4361266093594685,0.5943400587354385,0.17560651089463908,0.9999817609786987,0.46158514789172556,0.597037807532719,0.041972839300121564,0.9999983906745911,0.43653395686830776,0.6511813759803768,0.18447975431169775,0.1601727455854416,0.4611899180071692,0.6549306869506832,0.025944029646260386,0.9950940608978271,0.4477802855627875,0.6913533670561651,0.16929560261113297,0.3500024676322937,0.4680281043052671,0.6931159905024934,0.0641529396176338,0.9628219604492188,0.4506105601787565,0.7006966829299923,0.1769995472260883,0.43017148971557617,0.46815437674522375,0.7008766685213359,0.06028308974845066,0.9370658993721008,0.45250348108155364,0.7006809353828427,0.168544892328126,0.424235999584198,0.46783499206815427,0.699948419843401,0.06622637084552216,0.924444854259491,0.45156716959817045,0.6970727409635268,0.16584435531071245,0.3854913115501404,0.46746606230735754,0.6971743685858587,0.06725589334964749,0.8689931035041809,0.42414143511227176,0.6828874145235331,0.04703330355031147,0.9999985098838806,0.43415057744298646,0.6873068911688665,-0.04716171856437409,0.9999995231628418,0.4347106976168494,0.7707796352250231,0.044241067128522035,0.9901479482650757,0.43025522146906153,0.7716400350843153,-0.08100931985037664,0.9999040365219116,0.4438696137496401,0.8508071371487205,0.012379032879003452,0.9954218864440918,0.398889785153525,0.8492974536759508,-0.13748574725219176,0.9995968341827393,0.44027452383722554,0.8663571596145626,0.007437581462519506,0.997542679309845,0.38995667440550646,0.8545397639274593,-0.14354141610009322,0.9977607727050781,0.46357641645840214,0.8669620173318041,-0.018112123365114835,0.992632269859314,0.40836363179343066,0.8843239562852039,-0.17962493470736904,0.9978953003883362
31,0.45577386106763546,0.5629324368068147,0.17807678708008348,0.9999004006385803,0.45427629181316903,0.5567998051643369,0.18009079609598425,0.9998080730438232,0.4531827671187263,0.5563366464206148,0.180040789927755,0.9997645616531372,0.4521182894706724,0.5559640645980832,0.18007897181170318,0.9997975826263428,0.4573710433074404,0.5578383190291265,0.16996863186359396,0.9999049305915833,0.4584554621151513,0.5581646561622617,0.16984421823705936,0.9999285936355591,0.4595194893223897,0.558506095409393,0.16984166630676806,0.9999420642852783,0.44940754515784104,0.5589127404349188,0.16990992213998515,0.9998176693916321,0.4602477814470016,0.5620586310114177,0.12378407780613213,0.9998685717582703,0.4534669552530559,0.5690097979136873,0.17568990247590194,0.999600350856781,0.4564869250570023,0.5691031404903953,0.16170306035450518,0.999704897403717,0.4356545652662003,0.595000977175576,0.1756242607321057,0.9999821186065674,0.46137964640344875,0.5974029183387753,0.04328813297407966,0.9999984502792358,0.43620728339467707,0.6521182230540681,0.18400889422212321,0.1622418314218521,0.461235531738826,0.6555809582982741,0.028383593154805035,0.9954192638397217,0.4478888366903575,0.6919373784746439,0.16942709003176,0.3550037145614624,0.4679233210427418,0.6941497308867315,0.06896140298673081,0.9659323692321777,0.45055138979639303,0.7014648778097967,0.17717123031616203,0.4342665374279022,0.46808853660310995,0.7020253147397719,0.06561429213200293,0.941994845867157,0.4524780035018919,0.701308987821851,0.16886572071484146,0.42828068137168884,0.46775664261409194,0.7011321970394676,0.07134216640676767,0.9303390383720398,0.4515889448778968,0.6976538249424522,0.16604381075927183,0.3894052803516388,0.46731402788843407,0.6982902288436887,0.07200538303170882,0.8786382079124451,0.4236094040530067,0.6829982365880691,0.046875552513769674,0.9999985098838806,0.4335581600666044,0.6873839293207438,-0.04700324673737796,0.9999995231628418,0.4343053664479935,0.7710409879684444,0.04809666935886653,0.9903525114059448,0.4295507081917352,0.7716847011021202,-0.07880488932132718,0.9999104738235474,0.44388469202177844,0.8509321076529363,0.01861441055578844,0.9955354928970337,0.3982122199875966,0.8492805668285912,-0.13445897059781203,0.9996193051338196,0.44024761744907903,0.8664349862507407,0.013916533094431666,0.9976138472557068,0.3892449404512131,0.8546248912811275,-0.14033906757831566,0.9978815317153931,0.463566812447139,0.8669625810214447,-0.010986647076372586,0.9928181171417236,0.4075785296303883,0.8843165278434749,-0.17652072863919385,0.9980063438415527
32,0.4551728708403449,0.5639332652091977,0.1802209436893462,0.9999057054519653,0.45372112393379194,0.5578036887305121,0.18191260525158465,0.9998189806938171,0.45268098967415926,0.5573724218777245,0.18186332966600138,0.9997777342796326,0.45167434300695125,0.5570576412337165,0.1819019023861203,0.9998081922531128,0.456638648680278,0.558716683728354,0.17203409203461228,0.9999106526374817,0.45769812720162506,0.55898448569434,0.17190941699913562,0.9999330043792725,0.45876707604953193,0.5592800855636594,0.17190803289413442,0.9999457001686096,0.44899778451238337,0.5601942692484172,0.17052735047680984,0.9998269081115723,0.45955869044576353,0.5628685082708084,0.12544391219105033,0.9998770952224731,0.4529716125556399,0.5700518863541737,0.17734844386577597,0.999617874622345,0.4558995340551647,0.5699125187737598,0.16371136009693138,0.9997191429138184,0.435286942550114,0.5956121495791842,0.1757386509861264,0.9999822974205017,0.4611136700425827,0.5976490191050936,0.044537777985845274,0.9999985098838806,0.4359034282820563,0.6526019828660145,0.1827429579836981,0.16140523552894592,0.4612834172589436,0.6561301095145087,0.029552369564771638,0.9956552982330322,0.4478418690817695,0.6924628751618518,0.16837940216064445,0.3534422814846039,0.4677814126014707,0.694880081926073,0.0705127839531217,0.9685200452804565,0.4503642763410294,0.7024321181433537,0.17615836560726156,0.43202629685401917,0.4678165350641521,0.702956470421382,0.06733176367623463,0.9459992051124573,0.4523057912077221,0.7022733518055504,0.168054825919015,0.42589738965034485,0.4674491669450485,0.7022539922169274,0.07281775133950366,0.9351283311843872,0.4514481127262113,0.6984702774456566,0.16509443776948104,0.38715022802352905,0.4669892830508094,0.6992993371827259,0.07343374512025286,0.8863978981971741,0.42321571537426517,0.6830970764160154,0.04666961239916935,0.9999985098838806,0.4330080304827007,0.6874439733369007,-0.046798229643276734,0.9999995231628418,0.4340873318059102,0.771314808300563,0.05377961556826316,0.9904803037643433,0.428853153330939,0.7717622654778613,-0.07539023863417757,0.9999156594276428,0.4438977062702177,0.8511309095791404,0.027231811332915502,0.9956252574920654,0.3974860898086001,0.8492915136473516,-0.13017931665693006,0.9996370673179626,0.44021858147212417,0.8665685449327738,0.02281075229070015,0.9976736307144165,0.38843190499714425,0.8547309875488277,-0.1359190664121082,0.9979791045188904,0.46357701420783975,0.8669666085924417,-0.0011482221806155774,0.9929417967796326,0.4066047387463704,0.8845010280609127,-0.17102210095950526,0.9980888366699219
33,0.4549186570303778,0.5648145948137553,0.18034780834402347,0.9999080896377563,0.4534688753741126,0.5587937729699268,0.1818419758762631,0.9998238682746887,0.45246176464217025,0.5583999957357131,0.18179246612957536,0.9997838735580444,0.45149033750806516,0.5581406099455695,0.1818299996001379,0.9998121857643127,0.45627074752535113,0.5596291729382104,0.17227160760334553,0.9999135136604309,0.45729004400117035,0.5598713823727196,0.17214826388018464,0.9999353885650635,0.45832744751657734,0.5601537329810004,0.17214648936476018,0.999947726726532,0.44883962869644145,0.5613722886357986,0.16957033233983168,0.9998310208320618,0.45899105668067913,0.5636739322117394,0.1255369646208626,0.9998825192451477,0.4527390820639472,0.570908975601196,0.17725642578942427,0.9996247887611389,0.4556148980345043,0.5706384999411445,0.1639254893575395,0.999725878238678,0.4351165567125591,0.5960377505847383,0.17419777725424077,0.999982476234436,0.46083521672657535,0.5978360993521551,0.04482484832406042,0.9999985694885254,0.4356585102421895,0.6530572227069307,0.18109989677156713,0.1642255038022995,0.46129937342235,0.6566238028662542,0.029078894853591903,0.9959191083908081,0.4477207422256468,0.6932416694504872,0.16599194535187306,0.35755932331085205,0.46758767707007254,0.6956883788108823,0.06890416975532257,0.9711475372314453,0.4502216909612926,0.7036158578736438,0.1735658952168055,0.4346468150615692,0.4674620441028048,0.7039248926298955,0.06543324408786634,0.9502059817314148,0.4521472428526195,0.7035754220826282,0.16547854840755455,0.4282263219356537,0.4670464583805627,0.7033537677356172,0.07086273687226428,0.9401507377624512,0.45129516891070753,0.6996623022215704,0.1626953516687665,0.38963982462882996,0.4665845147200991,0.7003527998924253,0.07176282192979537,0.8946993350982666,0.42291369438171367,0.6832062636102946,0.04638633951544759,0.9999985098838806,0.4324283174106051,0.6876055649348665,-0.046511904895305614,0.9999995231628418,0.43402865443910854,0.7715296438762117,0.05627777140055382,0.9906508326530457,0.42804327522005337,0.7719408290726795,-0.07382819737706862,0.9999215602874756,0.4439001858234404,0.8512720329420903,0.03258404827543666,0.9957339763641357,0.39669950093541806,0.8492913246154782,-0.1278444818087986,0.9996581077575684,0.44014003958020864,0.8666650652885433,0.028445464425853308,0.9977322220802307,0.387521650961467,0.8548131040164398,-0.13356275643621165,0.9980855584144592,0.46354930911745323,0.866957592964172,0.005133308510162998,0.9930643439292908,0.4053305097988672,0.8847077216420851,-0.16672803929873867,0.9981878995895386
34,0.4546257700238907,0.5652748755046296,0.17941532092435009,0.9999113082885742,0.4531853394848958,0.559340941905975,0.18050760711942393,0.9998301863670349,0.4521979544843944,0.5589633669172012,0.1804575392178126,0.9997920393943787,0.45123965910502817,0.5587252327374047,0.18049239260809755,0.9998182058334351,0.45593601720673677,0.5601797512599398,0.17145100363663257,0.9999167919158936,0.45691917112895397,0.5604251674243379,0.17132778934070034,0.9999381303787231,0.4579352174486431,0.5607192908014567,0.17132426628044664,0.9999499320983887,0.44859130723135787,0.5620069214275902,0.16761463837964186,0.9998371005058289,0.4585692048072813,0.5641657267298015,0.12454170073781688,0.9998881220817566,0.4524390603814804,0.571322531359536,0.1759347494159425,0.9996367692947388,0.45528720787593274,0.5710257564272196,0.1631080474172319,0.9997355937957764,0.4349175597940171,0.5963332363537377,0.17152829979147222,0.9999829530715942,0.4605353346892763,0.5979581117630002,0.04405183738895823,0.9999986290931702,0.4355709373950956,0.6537553480693269,0.17888753158705567,0.17224833369255066,0.46120976635387945,0.6574322240693224,0.027125560066529667,0.996162474155426,0.447634024279458,0.6946917891502378,0.1641222498246601,0.3709956109523773,0.4672514089516229,0.6960742133004322,0.06424288515533716,0.9735491871833801,0.4502582635198319,0.7052885464259553,0.1712151340075901,0.44584858417510986,0.46702584113393486,0.7046265840530392,0.06016753379787715,0.9540775418281555,0.45215071865490486,0.7052079524312698,0.16304938324860158,0.43911680579185486,0.46655741333961465,0.7041161792618884,0.06564726850816179,0.9447773098945618,0.4512527040072848,0.7011869788169858,0.1607138650757925,0.4001538157463074,0.46611647605895973,0.701053428649902,0.06698661723307198,0.9023863673210144,0.42259139248302985,0.6834292837551659,0.04620925603168349,0.9999985098838806,0.4318077155521936,0.6878616162708824,-0.0463302145046847,0.9999995231628418,0.43390002165521874,0.7716665046555653,0.0579224816390446,0.9908218383789062,0.4272217920848299,0.7721297008650639,-0.07515834165470937,0.999926745891571,0.44390046085630125,0.851288407189505,0.036664049593465656,0.9958144426345825,0.39580952865736807,0.8493208714893882,-0.13161717908723009,0.9996758699417114,0.4400559519018444,0.866700262682778,0.03275443336793353,0.9977642893791199,0.3865794496876851,0.8548747914178026,-0.13758549988269797,0.9981706142425537,0.4634043352944508,0.8669165730476375,0.01031193250923284,0.993114709854126,0.4039507968085151,0.8849398766245157,-0.1708730093070438,0.9982693195343018
35,0.4543382431779587,0.5653286269732881,0.17933873363903582,0.9999116659164429,0.45290744730404425,0.559393455301012,0.17952806864465976,0.9998310208320618,0.45193214416503885,0.559002944401332,0.17947697298867354,0.9997933506965637,0.45097726072583855,0.5587494134902952,0.17950910585267194,0.9998181462287903,0.45563827838216486,0.5602764129638669,0.1711345306464603,0.9999175071716309,0.45658495000430493,0.5605322531291415,0.17101379505225583,0.9999389052391052,0.45757686921528384,0.5608396768569943,0.17101007018770484,0.999950647354126,0.44834470493452866,0.5620480639593939,0.16492769505296428,0.9998382329940796,0.45820223178182307,0.5642597470964702,0.12315284184047148,0.9998906254768372,0.45211868286132795,0.5713549733161923,0.17479291089943466,0.999639093875885,0.45493408271244573,0.5710928099496021,0.16270058155059808,0.9997380375862122,0.4345376150948659,0.596616036551339,0.16788267748696456,0.9999833106994629,0.4601584647383007,0.5982871311051502,0.043367960091148086,0.9999986886978149,0.43511900135448983,0.6543676529611857,0.17522052952221454,0.17715977132320404,0.46094060029302303,0.6590112209320065,0.02717435743127549,0.9963651895523071,0.44711876000676815,0.6963793805667329,0.16213087567261278,0.3776896595954895,0.4666665230478557,0.6966139759336196,0.064793315742697,0.9756743311882019,0.44974841305187746,0.7071076256888249,0.16889163468565252,0.4508220851421356,0.466553485393524,0.705324338163648,0.06082526445388792,0.9574861526489258,0.4518056392669676,0.706719703333718,0.16087899761540542,0.44364726543426514,0.46596514156886487,0.7047519530568801,0.06618999072483604,0.9488310217857361,0.45089392747197815,0.7026649985994609,0.1586947296346936,0.40488559007644653,0.4654890034879955,0.7016966257776529,0.06745199518544331,0.9090770483016968,0.42205871428762143,0.6837073751858299,0.045835331082344034,0.9999985098838806,0.4312011446271622,0.688234392234257,-0.04594832999365668,0.9999995231628418,0.4337495429175239,0.771788930892944,0.058948234894445936,0.9910280108451843,0.42639811720166865,0.7723843915121893,-0.07528510455574304,0.9999321699142456,0.44389939989362426,0.8513454811913623,0.039353143849543144,0.995945155620575,0.3948297168527329,0.8495123420442849,-0.13111929850918902,0.999697208404541,0.4399850709097724,0.8668337191854201,0.035604544409683754,0.997826874256134,0.385618335008621,0.8549731492996211,-0.13703008805002478,0.9982765316963196,0.46316760522978623,0.8668619717870436,0.013896334450691931,0.9932519197463989,0.40272175329072113,0.8851563675062992,-0.16964111498423978,0.9983710050582886
36,0.4539645203522271,0.5652531913348604,0.1783575045210974,0.9999125599861145,0.45255736027445087,0.5593110033443993,0.17786353656223836,0.999832808971405,0.45159466436931045,0.5589235663413998,0.17781241961887895,0.9997965097427368,0.4506342223712374,0.5586700371333528,0.17784379763262603,0.9998194575309753,0.4552508166858126,0.5602036612374439,0.16959303021430963,0.999918520450592,0.4561460128852297,0.5604616097041536,0.16947635327066685,0.999940037727356,0.45709875311170284,0.5607747673988339,0.16947393034185676,0.9999515414237976,0.44797714522906695,0.5620548605918881,0.16208950706890643,0.9998415112495422,0.4577006467751092,0.5642457144601001,0.12077776981251574,0.9998942017555237,0.45170246958732585,0.5712906718254087,0.17311229407787315,0.9996446967124939,0.4544692022459845,0.5710483976772851,0.16127128090177256,0.9997432827949524,0.43402527400425484,0.5970190559114726,0.16401790380477899,0.9999836683273315,0.45968059727123783,0.5988589116505212,0.04247640488403182,0.9999987483024597,0.434351325035095,0.6549504620688299,0.16914031590734202,0.1830529421567917,0.4605383098125456,0.6607436980519972,0.02808442073208944,0.9965481758117676,0.44635883569717383,0.6976549148559568,0.15670724936894,0.38579061627388,0.4660042294434137,0.6974947384425569,0.06728099243981495,0.9776638150215149,0.4489480878625596,0.708597522122519,0.1632499498980385,0.4569634199142456,0.4659261362893239,0.7063559787614002,0.06361155765397206,0.9607322216033936,0.45117285762514364,0.7079240901129583,0.15537024608680172,0.4493393003940582,0.4652388870716093,0.7057275550706043,0.06890082263520783,0.9527157545089722,0.45025877782276674,0.7038351297378537,0.15332275586468824,0.41041237115859985,0.46478838069098316,0.7026207753590172,0.06993977214608871,0.9155752062797546,0.42140783156667416,0.68415880714144,0.04528153889945573,0.9999985098838806,0.4305954294545308,0.6887121047292434,-0.04538372190935269,0.9999995231628418,0.4335967906883783,0.7719735401017322,0.06121925807424951,0.9910526275634766,0.4256876076970779,0.7728485379900247,-0.07490489951201845,0.9999361038208008,0.4439008883067538,0.8514248081615989,0.04464393098439487,0.9960097670555115,0.3937930464744566,0.8499945231846396,-0.12849707901477808,0.999711275100708,0.4399485136781418,0.8670024088450836,0.041187403989689675,0.9978351593017578,0.3847614007336751,0.855249086448124,-0.1340999897037233,0.9983359575271606,0.4629676146166663,0.8667413234710689,0.02042364866605826,0.9932451248168945,0.4015033074787683,0.8856939383915489,-0.16580276106085087,0.9984304904937744
37,0.45366538422448277,0.5652318562780105,0.17595996516091475,0.9999104738235474,0.4522399297782351,0.5592960187367028,0.17537123135157984,0.9998282194137573,0.4512886592320031,0.5589185050555635,0.17532086798122942,0.9997925162315369,0.4503221435206275,0.5586780786514279,0.17535162227494366,0.9998135566711426,0.4548546893256049,0.5601893067359921,0.16674451572554444,0.999916672706604,0.4556831828185488,0.5604493515832081,0.16663165518215717,0.9999392628669739,0.45656822068350633,0.560768445900508,0.1666275475706372,0.9999508857727051,0.4475762690816605,0.5622133050646099,0.15899270049163267,0.9998399019241333,0.4570228976862769,0.5642851063183373,0.11717876451356064,0.9998953342437744,0.4513643043381825,0.5712760772023879,0.17069624875273015,0.9996410012245178,0.45406593339783785,0.5710426432745794,0.15851551549775253,0.9997426867485046,0.4335220413548604,0.5974673151969907,0.16067699236529207,0.9999837875366211,0.4591037477765762,0.5994809848921636,0.039589532677616376,0.9999988079071045,0.4334454664162225,0.6554810302598133,0.16525767275265277,0.1909700483083725,0.45998147044863,0.6619070581027436,0.024623393373829967,0.996699869632721,0.4448873451777865,0.6983732564108709,0.150441277878625,0.39238521456718445,0.46528846451214356,0.6986254061971389,0.06244529634714124,0.9794006943702698,0.4470351483140671,0.7095767532076152,0.15778687426022114,0.461838960647583,0.46533386962754364,0.7076391254152568,0.058363341965845625,0.9635463356971741,0.4494804382324217,0.7088141254016328,0.14924283793994353,0.45383328199386597,0.46458782809121246,0.7069461277553011,0.06378833587680541,0.9560847878456116,0.4487454082284653,0.7047148857797892,0.14702183817114142,0.414977103471756,0.464147239071982,0.7037964190755568,0.06515798611300329,0.9211879968643188,0.42056443946702116,0.684926629066467,0.04478130734392573,0.9999985098838806,0.4299340759004863,0.6897022877420695,-0.044876387502465906,0.9999995231628418,0.43351243989808197,0.7721917918750214,0.06395444242017606,0.991195559501648,0.4245165893009729,0.7736903939928323,-0.0743481948971748,0.9999405145645142,0.4438981005123681,0.8514771870204376,0.05141025047217094,0.9961305260658264,0.3927858676229203,0.8510828988892687,-0.12381269208022519,0.9997284412384033,0.43988506538527333,0.8671172976493831,0.04832128190568513,0.9978604912757874,0.3841089776584078,0.8563639845166883,-0.12898640121732435,0.9984092116355896,0.4626890344279151,0.8665757485798422,0.027981729752251067,0.9933070540428162,0.4006207176617212,0.8865158813340319,-0.1604110862527574,0.9985064268112183
38,0.4531289381640296,0.5652135355131964,0.17277918117386948,0.9998968839645386,0.451720436130251,0.5592764224324904,0.1725253816161836,0.9997979402542114,0.4507653542927331,0.5589082530566623,0.17247614690235674,0.9997591972351074,0.44977348021098523,0.5586787887981957,0.17250679773943756,0.9997797608375549,0.45429039852959746,0.5601642949240546,0.16345963009766162,0.9999033212661743,0.4550834034170421,0.5604223881449015,0.16334676401955733,0.999930739402771,0.4559234355177196,0.5607461810111998,0.1633402466773986,0.9999440908432007,0.4469493491309028,0.5623566218784875,0.15632923798901688,0.9998175501823425,0.4563473599297658,0.5642945834568566,0.11407221278973984,0.9998862147331238,0.45084987453051956,0.5712666034698484,0.1680333448307854,0.9996013045310974,0.4534826883247918,0.5710290431976316,0.15538391300610127,0.9997197985649109,0.43296061413628695,0.5977963822228565,0.15836249249322065,0.9999832510948181,0.4585185076509201,0.5999039854322158,0.03616891982299939,0.9999988079071045,0.4324721711022511,0.6558336274964466,0.1627031011240822,0.19981670379638672,0.45926451768193904,0.6623383249555312,0.019368921273521005,0.9968423843383789,0.4431977144309451,0.6990042924880978,0.14502171576023096,0.3990080654621124,0.46448944721903096,0.6995985865592953,0.053818833615098656,0.9809985756874084,0.4449709253651753,0.7103928123201639,0.15252184825284135,0.4659564197063446,0.4646515931401932,0.7089427965027942,0.049031472099678834,0.9661361575126648,0.4474828141076222,0.7096607225281848,0.14339900442532122,0.45761415362358093,0.46391094326972937,0.7081906897681096,0.054488383765731514,0.9591784477233887,0.44694148387227717,0.7055196932383943,0.1414724149874278,0.419315367937088,0.4635012788431983,0.704952650410788,0.056467842842851335,0.9263302087783813,0.41962581532342075,0.6858606645039147,0.04462060151355605,0.9999984502792358,0.4291935784476142,0.690889387471335,-0.044714576963867436,0.9999995231628418,0.43341214571680325,0.7722870298794334,0.06559570708445137,0.9911142587661743,0.42313045007841904,0.7743679199899943,-0.07494790277310777,0.999943733215332,0.44389169897351927,0.8514625191688534,0.054654314156089484,0.9961835741996765,0.3918277978897093,0.8525020122528072,-0.12540026221956518,0.9997419714927673,0.4398288249969481,0.8671152251107348,0.051645125555140614,0.9978242516517639,0.38352582369531885,0.8581715055874413,-0.13081354669162198,0.998446524143219,0.46243057165827045,0.8664439712251931,0.03096349287245953,0.9932281970977783,0.3999668538570402,0.8872368420873366,-0.16365960410663052,0.9985578060150146
39,0.45248138734272525,0.5652617062841141,0.17223648514066414,0.9998925924301147,0.4511128102030071,0.5593112077031814,0.1720097018139702,0.999788224697113,0.45013987592288407,0.5589471510478425,0.1719615101814269,0.999748706817627,0.4491142426218303,0.5587231210299898,0.17199225681168684,0.9997682571411133,0.45368985533714273,0.5601955550057545,0.16292568062032964,0.9998992681503296,0.454482875551496,0.5604503870010373,0.16281243520123612,0.9999282956123352,0.45530664835657375,0.5607688733509606,0.16280507147312157,0.9999421834945679,0.4462732868535176,0.562543782166072,0.15581195993082858,0.9998103380203247,0.455752772092819,0.5643663236073082,0.11299434517111093,0.9998847246170044,0.4502362310886381,0.5713227203914095,0.1674250104597636,0.9995907545089722,0.4528306926999771,0.5711025255067005,0.1547704292195183,0.9997144937515259,0.43235941188675997,0.5981510962758743,0.15841010383197232,0.9999831318855286,0.45797832863671417,0.6004488927977423,0.034452811096395745,0.9999988079071045,0.43153481228010976,0.6561308162552967,0.1630344173737934,0.20591121912002563,0.4584114543029238,0.6627649290221075,0.017986490311367162,0.9969214797019958,0.4419997658048355,0.699930930137634,0.1471774654729025,0.40527328848838806,0.4635466149875094,0.700497758388519,0.05247588870780806,0.9823012948036194,0.4436220884323118,0.7115563784326823,0.15503207147121423,0.47104519605636597,0.46383075969559784,0.7101905976022989,0.04753288871475626,0.9682396650314331,0.44622186592646984,0.7107956460544038,0.14569963344505849,0.4625396430492401,0.4631199691976817,0.7093841280255996,0.05308764832360401,0.9616898894309998,0.44573953151702855,0.7065752148628232,0.14359238318034573,0.4244421124458313,0.462699166366032,0.7060517992292128,0.0551459382687296,0.9304198622703552,0.418621425117765,0.6868003027779712,0.044712577547345825,0.9999983906745911,0.42841286063194256,0.6919643725667678,-0.0448095948568412,0.9999995231628418,0.43323276809283645,0.7723675591605046,0.06991024315357205,0.9910860061645508,0.4214659895215714,0.775196049894605,-0.07547850630113054,0.9999472498893738,0.44389183095523266,0.85147579056876,0.06186384675758222,0.9962510466575623,0.3908630243369509,0.8538904922349108,-0.1269953118903296,0.9997565150260925,0.4397971076624732,0.8671391844749446,0.059082513941185785,0.9978185892105103,0.3828243953841071,0.8601508293833047,-0.1326177205358232,0.9984986782073975,0.462341294969831,0.86637955052512,0.03827735606048786,0.9932448267936707,0.3995810730116706,0.887513433183942,-0.16664584875106803,0.9986222982406616
40,0.45158260890415713,0.5654393059866767,0.17445185269628244,0.9998817443847656,0.45031722698892845,0.559523022174835,0.17402923192296701,0.9997662901878357,0.44933435576302644,0.5591547591345649,0.17398231072085235,0.9997231960296631,0.44829027226992996,0.5589250751904076,0.17401363509041914,0.9997437000274658,0.45289149965558717,0.5603899308613366,0.1652316715036119,0.9998897314071655,0.4537147138799938,0.5606341225760321,0.16511729231902522,0.9999217391014099,0.45456053955214343,0.5609300426074434,0.16511071068899963,0.9999375939369202,0.4455193621771674,0.5628483976636611,0.15627539115292677,0.9997942447662354,0.4551507430417195,0.5645735979080198,0.11469726690224234,0.9998794198036194,0.44941452145576455,0.5714964134352545,0.16919432921069003,0.9995658993721008,0.4519596457481382,0.5713336246354237,0.15691313701016554,0.9997002482414246,0.43172035557883104,0.5985225966998506,0.15942638559000824,0.9999827742576599,0.4573589861392973,0.6012326002120969,0.03583128654531068,0.9999988079071045,0.43070431351661664,0.6564741441181725,0.16425858352865483,0.2060871124267578,0.45759970375469733,0.663352308954511,0.02187591844371386,0.9969580769538879,0.4414283207484652,0.7005883506366182,0.15378900553498942,0.40604937076568604,0.46257452539035226,0.7014464344297133,0.059057942458561455,0.9834773540496826,0.44321350710732577,0.7124425819941926,0.16167707272938311,0.47051313519477844,0.46271690811429683,0.7114255155835829,0.05448895884411673,0.970118522644043,0.4458539579595836,0.7117671029908313,0.1526831993034907,0.46160760521888733,0.46204697660037425,0.7106481603213716,0.06017178669571874,0.9639146327972412,0.4452668053763251,0.707451908929007,0.15030673273972095,0.4237987995147705,0.4616888753005435,0.7072010193552286,0.061803117181573566,0.9339472055435181,0.4177529973643165,0.6875034570693966,0.044728089869022346,0.9999983310699463,0.42761000820568607,0.6925919703074861,-0.04482674524188039,0.9999995231628418,0.4329385331698824,0.772620047841753,0.07589972317218777,0.9906889200210571,0.42000073875699706,0.776134942259107,-0.07526026581014902,0.9999505877494812,0.4438822771821701,0.851479143755776,0.07271346024104525,0.9962437152862549,0.3900469516004833,0.854727094514029,-0.12756186340536385,0.999769926071167,0.4398129429136002,0.8671509282929553,0.07044160025460376,0.9977675676345825,0.3820618322917391,0.8616592884063717,-0.13325147032737725,0.99854576587677,0.4625051013060976,0.8663452318736482,0.050421356835535565,0.9931293725967407,0.3991511821746824,0.8876067519187923,-0.1680442707879202,0.9986813068389893
41,0.4507285450186046,0.565621106965201,0.1770362585783004,0.9998635053634644,0.4495229499680653,0.5597867267472401,0.17668104001453938,0.9997298121452332,0.44853350349834964,0.5594268543379646,0.1766343802213668,0.9996787309646606,0.4474884322711397,0.559208217688969,0.17666532312120703,0.9997012615203857,0.4520248719624108,0.5605954323496135,0.16794712926660257,0.9998746514320374,0.45284733942576794,0.5608260546411784,0.1678314894437789,0.999911367893219,0.45369978206498257,0.5610971587044848,0.1678239132676805,0.9999306201934814,0.4447747690337043,0.563267876420702,0.15778155795165463,0.9997647404670715,0.4543522281306128,0.564768588542938,0.11692391123090465,0.9998703598976135,0.44862238679613364,0.57168116739818,0.17157513030937732,0.9995220303535461,0.45109097702162587,0.5715666549546375,0.1593829303979873,0.9996764063835144,0.43119866166795984,0.5990432313510348,0.16140384844371244,0.9999819397926331,0.456570985487529,0.6020439624786373,0.037452273922307135,0.9999988675117493,0.4301130958965845,0.6568194951329909,0.16768970021179735,0.20214751362800598,0.45682203003338384,0.6641374877520967,0.024367972037621893,0.9969878792762756,0.440953103985105,0.701020230565752,0.16107990656580234,0.3966101408004761,0.4616694390773771,0.7024207251412524,0.06228136494755742,0.984528124332428,0.4427468504224502,0.7132477419716967,0.16951844862529203,0.4594920873641968,0.4616839613233292,0.7125351718493866,0.05771700441837308,0.9717685580253601,0.445447083030428,0.7127923727035519,0.16056824709687906,0.4502231478691101,0.461043516227177,0.7118458185877115,0.06360361341919216,0.9658548831939697,0.4448627097266059,0.7082344770431515,0.15766765475273123,0.4137558341026306,0.46075450522559,0.7082693099975582,0.06509252275739394,0.9369892477989197,0.41708377003669717,0.6879915458815435,0.04479402069534572,0.9999983310699463,0.4269082580293926,0.6930797713143482,-0.04490011760166711,0.9999995231628418,0.4326588852064948,0.7730935556547978,0.08299165985413956,0.990027666091919,0.4186802932194299,0.7770797508103503,-0.07493268464292796,0.9999534487724304,0.4438233264854974,0.8514424545424321,0.08643440072025568,0.9961119890213013,0.38934828809329425,0.8552777920450478,-0.1270553231239318,0.9997817873954773,0.4398192737783702,0.8671624967030113,0.08486778214573856,0.9976333379745483,0.3813436525208608,0.8629539421626495,-0.13270719008786333,0.9985805153846741,0.46275773899895783,0.8662865434374124,0.06610963546804016,0.9927499890327454,0.39899455649512133,0.8877873710223603,-0.16792173896517065,0.9987288117408752
42,0.4496203712054659,0.5659413167408531,0.17710603943892878,0.9998540282249451,0.448383946929659,0.5601598279816762,0.17675518265792295,0.9997100830078125,0.4473495823996405,0.5598169122423442,0.17670812138489306,0.9996554851531982,0.44626632332801797,0.5596181597028458,0.17673875732081268,0.9996787309646606,0.4508920873914444,0.5608664870262143,0.16813115562711434,0.9998665452003479,0.4517141035624911,0.5610515509332927,0.1680160675730023,0.9999058246612549,0.45258599434580105,0.5612736105918882,0.1680078127554484,0.9999269843101501,0.4436476341315676,0.5638398017202102,0.1574917039700916,0.9997509717941284,0.453386091334479,0.5649004408291405,0.1177071020007133,0.999866783618927,0.4475803758416855,0.5720207742282319,0.17174572007996688,0.9995058178901672,0.45002890399524126,0.5719170842851908,0.1596791688885007,0.9996684789657593,0.4305752992630003,0.5996061137744355,0.16066254590238838,0.999981701374054,0.4557901901858191,0.6029059886932371,0.03883841985038347,0.999998927116394,0.4294007778167722,0.6572011607033863,0.16784863344260617,0.20378561317920685,0.45600100500243035,0.6649852752685543,0.026159267340387603,0.997058629989624,0.4404936730861662,0.7015449711254661,0.16252193025180264,0.40001046657562256,0.46092372706958207,0.703387606143951,0.06246005190270285,0.9856510162353516,0.44230223979268735,0.7139073967933651,0.1707595846482685,0.46099287271499634,0.4609712839126585,0.7134522369929719,0.057676926574536706,0.9736477136611938,0.44502572076661223,0.7136077693530488,0.16135085225105278,0.45131757855415344,0.4603700493063243,0.7127252391406464,0.06351128859179357,0.9680942296981812,0.4444857682500565,0.7088421957833423,0.15896562848772314,0.41523483395576477,0.4600951015949247,0.7091668214116774,0.0652134571756635,0.9406960010528564,0.41638994812965374,0.6883707506316046,0.04461346864700315,0.9999982714653015,0.42619417650359,0.6936117666108265,-0.04471374920436312,0.9999995231628418,0.4324462941714694,0.773438249315534,0.08382954065288813,0.9894172549247742,0.4175869124276296,0.7776340961456295,-0.07436611588512144,0.9999564290046692,0.4437445981161933,0.8513644729341776,0.09182203284331726,0.9959656000137329,0.3886464399950843,0.8557411875043592,-0.12346836094345359,0.9997931122779846,0.43983107634953067,0.8670901281493046,0.09077939305986674,0.9974900484085083,0.38061769008636454,0.8641944714954917,-0.12879636798586158,0.998614490032196,0.46296038542475,0.8662539669445578,0.07327617257833477,0.992348313331604,0.3990378992898122,0.8879202314785545,-0.16397828119141708,0.9987754821777344
43,0.448567074537277,0.5664179239954265,0.17718468393598277,0.9998435378074646,0.44721969025475616,0.5606011918612887,0.17688145680086945,0.9996880888938904,0.4461188929421559,0.5602561746324809,0.17683455646038046,0.9996300935745239,0.4449742232050212,0.5600637435913084,0.17686585783958425,0.9996540546417236,0.4498286451612198,0.5612694927624291,0.1684594184160232,0.9998569488525391,0.4506516448089053,0.5614077670233588,0.16834458283015652,0.9998993873596191,0.4515477768012453,0.561585986614227,0.16833717610154825,0.9999228715896606,0.4424355702740803,0.5645238740103583,0.1586911567619868,0.9997354745864868,0.4524849244526452,0.5651906830923895,0.11930746606418058,0.9998621940612793,0.44653248020580816,0.572521763188498,0.17200982740947168,0.9994888305664062,0.44905492237635997,0.5724224328994748,0.160175306882177,0.9996597170829773,0.42987482122012527,0.6002906390598839,0.16080345639160692,0.9999814033508301,0.45508691668510415,0.6039836611066542,0.041355039817946276,0.9999989867210388,0.42858308298247183,0.6577790771211893,0.16914949629987983,0.20663177967071533,0.4551403769424981,0.6658817325319559,0.029020397311874783,0.9971208572387695,0.4401575982570646,0.7023543885775971,0.16351780039923525,0.4054487943649292,0.4602077330861771,0.7042148232460018,0.06357476317456788,0.9867377281188965,0.4419474882738929,0.7147585528237476,0.17158839532307207,0.46397894620895386,0.46029791576521717,0.7143698232514515,0.05845115174140246,0.9755114912986755,0.44467787912913714,0.7145363177571975,0.16180158725806637,0.4540252685546875,0.4597497693129946,0.7135395731244765,0.06431859901973176,0.9703261256217957,0.44418113827705363,0.7096169505800516,0.15984576216765806,0.41796278953552246,0.4594782454626899,0.7099993790899001,0.06629900932312008,0.9444743990898132,0.4156374062810623,0.6888937149729044,0.04436242410114831,0.9999982118606567,0.4254545109612599,0.6942780034882678,-0.04445333895938735,0.9999995231628418,0.4322069559778484,0.773780580929347,0.08353807159832541,0.9883581399917603,0.4163978661809647,0.778215077945164,-0.07440940993172779,0.999958336353302,0.44363667028290865,0.8513499259948727,0.09463788547686164,0.9956297278404236,0.3878417636666977,0.8564070974077493,-0.12026376979691636,0.9997987747192383,0.43982127393994996,0.8670196039336064,0.09391212825264245,0.9971979260444641,0.37980456522532857,0.8655900546482628,-0.1252949327230453,0.9986082911491394,0.4630461820534295,0.8662318246705187,0.07652963974646156,0.9915739297866821,0.39906598244394553,0.8879528522491451,-0.15932997167110435,0.9987859725952148
44,0.44763350912502814,0.5671298197337556,0.17669667644160125,0.9998414516448975,0.44620635168892975,0.5612664631434847,0.17647336551121295,0.9996835589408875,0.445079023497445,0.5609274557658601,0.17642638768468574,0.9996236562728882,0.4439140796661375,0.5607521891593931,0.17645798027515402,0.9996470808982849,0.4488879323005674,0.5618972642081121,0.1680963260786873,0.999856173992157,0.44970940010888216,0.5619883349963595,0.16798246162278302,0.9998989105224609,0.4506163988794597,0.5621243068150109,0.16797570415905538,0.9999231100082397,0.44149480036326794,0.5652826649802069,0.15896239876747123,0.9997309446334839,0.45155515841075333,0.5656926495688299,0.11984137850148331,0.999863862991333,0.4456101868833812,0.5732470001493178,0.17174183257988512,0.9994899034500122,0.44817645890372115,0.573158206258501,0.1599408017737524,0.9996639490127563,0.4291852303913659,0.6009395974022999,0.16071591675281516,0.9999812841415405,0.4541807166167666,0.6050154038837975,0.042793103946106754,0.9999990463256836,0.4278701364994047,0.658420029708317,0.17016571078981663,0.20714783668518066,0.454275218929563,0.6666429604802809,0.029944214916654985,0.9971959590911865,0.43972173418317506,0.7032600879669186,0.16434283724852963,0.4085589051246643,0.45931532638413547,0.704955845219748,0.06180981578571453,0.9877620935440063,0.44155510408537707,0.7155358280454359,0.1723272204399108,0.46575045585632324,0.4593099372727528,0.7153022663933888,0.056108952845845876,0.9772853851318359,0.4443149404866353,0.7152941465377805,0.16223870898996073,0.4554122984409332,0.4587865284511019,0.7143937826156612,0.0620345096502985,0.9724511504173279,0.4437623151711053,0.710408818721771,0.1605625425066266,0.41946861147880554,0.4585656208651404,0.7108573641095839,0.06449270078114097,0.9480971693992615,0.414816128356116,0.6894251414707726,0.04418047113077979,0.9999982118606567,0.42450256007058257,0.6948022586958746,-0.04426464725817951,0.9999995231628418,0.43203536868095377,0.7740179606846397,0.0838338841285024,0.9878773093223572,0.4151128700801302,0.778810768468039,-0.0745471141168049,0.9999607801437378,0.4435170965535298,0.8513907943453103,0.09576550317662098,0.9954517483711243,0.3871616601943968,0.8573107940810063,-0.11902287708861481,0.9998072385787964,0.4398074933460778,0.8669538719313482,0.0950686680419104,0.9970534443855286,0.3791283028466359,0.8672570722443713,-0.12398163293089179,0.9986351728439331,0.4630394995212553,0.8661994712693346,0.0773754856416157,0.9911779165267944,0.39908234647342117,0.8879394667489184,-0.15696920965399053,0.9988201856613159
45,0.44684515084539117,0.5676158751760207,0.17652892427785047,0.99983149766922,0.44540780697550075,0.5617295214108056,0.176501269851412,0.9996604919433594,0.44428914274488157,0.5614029169082639,0.17645427116325915,0.9995974898338318,0.4431305161544253,0.561244201660156,0.1764862337282725,0.9996222257614136,0.44809135028294134,0.5623402033533367,0.1679733625480106,0.9998464584350586,0.44889044080461754,0.5624083706310814,0.1678606267486299,0.9998923540115356,0.44977723104613143,0.5625271984509057,0.16785542964935296,0.9999186992645264,0.440739082438605,0.5657191106251305,0.1594703257083892,0.9997144937515259,0.45057519333703155,0.5660945211138041,0.12008967058999193,0.9998582601547241,0.4448002483163559,0.573721304961613,0.17184595593384328,0.9994743466377258,0.4473569674151282,0.573635649681091,0.15985071701662873,0.9996559023857117,0.42849755202020895,0.6014340009008132,0.16140793902533387,0.9999812245368958,0.453036650589534,0.6058248298508777,0.04329737733517372,0.9999990463256836,0.42724494167736576,0.6589711904525754,0.17101024176393229,0.21246066689491272,0.45335897718157064,0.6672704747744965,0.029371929700885487,0.9972485303878784,0.4392266835485184,0.7040864229202267,0.16357874614851808,0.4167290925979614,0.4583973433290207,0.7057605113301955,0.059402897315365896,0.9886651039123535,0.4410906050886425,0.7164790817669456,0.17132010672773626,0.4714006185531616,0.4582837811538149,0.716332685947418,0.053007475499595884,0.9788458347320557,0.4437901377677915,0.7162073612213131,0.1615190561328615,0.4607023298740387,0.45771456190517945,0.7155149476868762,0.059204065586839376,0.9743191003799438,0.44315215008599396,0.7112527949469427,0.1598342026982988,0.42462125420570374,0.4575707793235777,0.7118783201490126,0.06212598468576156,0.9512380957603455,0.41404170819691233,0.6898936799594331,0.04427430363638059,0.999998152256012,0.42359549658639073,0.6951427630015778,-0.044358950214726564,0.9999995231628418,0.43192063314574086,0.7741938029016764,0.08699157642466677,0.9869264960289001,0.4140332826546258,0.7792824251311162,-0.07541989726679663,0.9999625086784363,0.44335541810308166,0.8513973900250023,0.10055028923920217,0.9951944947242737,0.3866182795592715,0.8584591882569444,-0.1212533744318144,0.9998133182525635,0.4397851271288733,0.8668491636003763,0.09995769624199181,0.9968681931495667,0.3786960874285015,0.8692728757858272,-0.12641557667936593,0.9986470937728882,0.463000553846359,0.8661373036248339,0.08218085169792172,0.9905864596366882,0.39909289479255655,0.8879442368234902,-0.15978694004671906,0.9988374710083008
46,0.4459496481078009,0.567932159560067,0.17688524893351953,0.9998271465301514,0.4445340718541825,0.5620030011449539,0.17678508971418644,0.999648928642273,0.44340779525893054,0.5616899933133803,0.1767377189227512,0.9995840787887573,0.4422258019447325,0.5615405900137762,0.1767688091312135,0.9996086359024048,0.44722914951188203,0.562580050740923,0.16815060845443172,0.9998422861099243,0.4480082069124492,0.5626249977520532,0.16804035220827368,0.999889612197876,0.4488748499325341,0.5627247980662752,0.16803693345614834,0.9999170899391174,0.4397879157747539,0.5659467458724973,0.15939268342086238,0.999705970287323,0.4495270933423721,0.5663081594875878,0.11976257179464607,0.9998573064804077,0.44383042795317496,0.5740299190793716,0.17214923543589447,0.9994697570800781,0.446403099809374,0.5739277243614194,0.1600137097494942,0.9996553659439087,0.427629905939102,0.6019109572683059,0.1613298488514763,0.9999813437461853,0.4518813141754693,0.6066259435244966,0.04302422351070811,0.9999991059303284,0.4265537193843295,0.6597235577447071,0.17002383257661538,0.2123710811138153,0.4523829460144041,0.6679083296230859,0.02942795647042137,0.9972898364067078,0.4388793366295949,0.705056980678013,0.16136626771518153,0.4191303253173828,0.4574115991592405,0.7067129748208179,0.0609499670565128,0.9894713163375854,0.4408058021749767,0.7175440141132896,0.16893817995275762,0.4724685847759247,0.45723877464021934,0.7173046129090441,0.05451753256576399,0.9802325367927551,0.4434948180403026,0.7171616809708729,0.15921338328293383,0.46133744716644287,0.4566366919449395,0.7165148956435063,0.06089380830526349,0.9759752154350281,0.44280138526644003,0.7122074791363304,0.15763049764292572,0.42480161786079407,0.45652378456933135,0.7128817183630803,0.0637436142989567,0.9539834856987,0.4130906266825538,0.6906326753752569,0.04446165923561367,0.9999980330467224,0.4227238578455787,0.6958575419017243,-0.04453861426029884,0.9999995231628418,0.43172646931239517,0.7744176592145644,0.09148407642330439,0.9852035045623779,0.41310051339013215,0.7798765386853895,-0.07491840486015588,0.9999637007713318,0.4432342716625757,0.8513813086918418,0.10775907231228687,0.9946033358573914,0.38609081166131143,0.8598749211856292,-0.1201705640980175,0.9998149871826172,0.4397806218692233,0.8666889309883115,0.1074575115527425,0.9965462684631348,0.37830218161855406,0.871421987669808,-0.1252410580004964,0.9986401796340942,0.4629217777933391,0.8660958852086744,0.09078406606401712,0.9894701838493347,0.3991245303835186,0.8879843269075662,-0.15980044305324548,0.9988278746604919
47,0.4447813187326702,0.5681349294526234,0.1768805082355226,0.999819815158844,0.4434132967676433,0.5621479800769258,0.17658041247299733,0.9996309280395508,0.4422513842582701,0.5618291752679004,0.17653232429708743,0.9995640516281128,0.44100771716662795,0.561659709044865,0.176562675833702,0.9995893239974976,0.44618114829063393,0.5627316951751706,0.1679066543068204,0.9998347759246826,0.44695960538727875,0.5627638782773696,0.16779704604830054,0.9998844861984253,0.4478130306516373,0.5628522736685614,0.1677937333072934,0.9999138116836548,0.438534845624651,0.5660545383180888,0.15851563470704208,0.9996951818466187,0.4484417668410708,0.5664473703929354,0.11892374370779304,0.9998543858528137,0.4425419543470653,0.574227144036974,0.17195586860179893,0.9994601011276245,0.44519536580358215,0.5740964770317074,0.15977264429841714,0.9996504187583923,0.42660624555179033,0.6023295113018579,0.16044900289603636,0.9999815225601196,0.45068596175738723,0.6074193784168785,0.04238110088876314,0.9999991655349731,0.4256623796054293,0.660509943962097,0.16977135028157908,0.2106499820947647,0.45132171085902606,0.6684733833585463,0.030410749837756143,0.9972878694534302,0.4378381158624374,0.7056377615247451,0.16224839431898927,0.41753679513931274,0.456339143003736,0.7076802986008777,0.06529832099165232,0.9901310801506042,0.43988091264452234,0.7183479121753145,0.16996651206697727,0.4694666266441345,0.4560786988054001,0.7182796171733308,0.05951955754842075,0.9813467860221863,0.44246337924684775,0.7179041981697079,0.1606021502188273,0.457902193069458,0.455481217588697,0.7174738270895819,0.06582281397921695,0.9772939085960388,0.44193847605160286,0.7129196831158227,0.15862399807998107,0.4213821589946747,0.4554030733449116,0.7138801523617333,0.06814915814570015,0.9560886025428772,0.4120893274034771,0.6916886857577729,0.044645020472151874,0.9999979138374329,0.4219128761972698,0.6969951919146943,-0.04471558215362683,0.999999463558197,0.4313245219843726,0.7748932531901765,0.09449582589524129,0.9822508096694946,0.4122174833502087,0.7806534971509658,-0.07367834257228031,0.9999641180038452,0.4431644584451401,0.8515325222696573,0.11163568070956634,0.9935364127159119,0.3855422207287378,0.8616172092301501,-0.11881589868238988,0.9998109936714172,0.4397773223263875,0.8666723438671653,0.11148317328521179,0.9960527420043945,0.3776926900659287,0.8735442655427111,-0.12383705505302968,0.9986055493354797,0.46284663081169103,0.8661141821316306,0.09610494247504639,0.9875692129135132,0.3991936683654783,0.8881063682692387,-0.15856776280062532,0.9987775087356567
48,0.4439163335732049,0.5685735072408401,0.17653043823582776,0.999810516834259,0.4425388489450725,0.5625464473451884,0.17612503383840827,0.9996110796928406,0.44137197307177933,0.5622146981103077,0.17607682517596646,0.9995399713516235,0.4401123702526091,0.5620293549128939,0.17610718650477264,0.9995676279067993,0.44529077751295887,0.5631275228091646,0.1673096333231244,0.9998269081115723,0.4460577973297662,0.5631468977246963,0.16720111838408871,0.9998789429664612,0.44689239518983004,0.5632297635078427,0.16719711295195983,0.9999105930328369,0.43760544231959736,0.566328760555812,0.15774943317685802,0.9996817708015442,0.44740525228636585,0.5667547157832552,0.11739874184131617,0.9998512268066406,0.44162736024175353,0.5746185864721023,0.17147803945200776,0.9994499683380127,0.4442786046436853,0.5744689192090713,0.15910781707082466,0.9996457099914551,0.4256292947701043,0.6028200183595926,0.1595930759395871,0.9999814033508301,0.4494250714778898,0.6079584581511358,0.04101062001926556,0.9999991655349731,0.4247064437185013,0.6611612677574155,0.16903310545853198,0.20723886787891388,0.45019968322345166,0.6689342532839091,0.03062414196985107,0.9972752928733826,0.43634560533932254,0.7058648177555626,0.16240243485995692,0.4092780649662018,0.4555017164775301,0.7082244345120018,0.06775759469185554,0.9907258749008179,0.4383820423058099,0.7186419112341741,0.17022298531872876,0.4597856402397156,0.4552392022950307,0.7187692114285058,0.06257858616965155,0.9823639392852783,0.44110955681119624,0.7182722432272772,0.16099960378238126,0.44796279072761536,0.45469444053513647,0.7179181626864839,0.06879122895853856,0.9784997701644897,0.44075526765414624,0.7133046763283862,0.15881172929491308,0.4120680093765259,0.4546048019613536,0.7144254309790472,0.07067918351718355,0.9580020904541016,0.4112374876226696,0.6928344215665542,0.0448717058769294,0.9999978542327881,0.42107880541256476,0.6981797848428994,-0.044938892764704544,0.999999463558197,0.4308631590434481,0.7752790331840511,0.09585692073617658,0.97987961769104,0.41130059616906284,0.7815191388130184,-0.07258276449782504,0.9999647736549377,0.4431111088820864,0.8517247847148347,0.1128513199942452,0.9927515387535095,0.3850053855351038,0.8631879942757739,-0.1177927340779985,0.9998114109039307,0.4397709173815589,0.86676287310464,0.11271172187158035,0.9956269264221191,0.37691309537206363,0.8751116735594608,-0.12281221300363535,0.9985887408256531,0.46282319341387046,0.8661311813763206,0.09764793259756901,0.9860302805900574,0.3992756996835979,0.8882342934608455,-0.15790896500859936,0.9987562894821167
49,0.44281961662428704,0.5689634510448998,0.1769572743347712,0.9998006224632263,0.4414472733225139,0.562908407620021,0.17665475308895104,0.9995871782302856,0.44028578315462363,0.5625557984624587,0.1766075815473283,0.9995118379592896,0.43903593165533866,0.5623469386781963,0.1766393427337918,0.999539315700531,0.44424229434558304,0.5635419624192372,0.1677753725222178,0.9998182058334351,0.4450359404087065,0.5635730828557692,0.1676671385765075,0.9998732209205627,0.4458918137209754,0.5636702810014995,0.1676631284611565,0.9999070167541504,0.43658077801976863,0.5665762628827774,0.15849246340138565,0.9996625185012817,0.44646569660731705,0.567127592223031,0.11760220591511039,0.999847948551178,0.4405265450477598,0.5749471953936982,0.17196688822337552,0.9994305968284607,0.4431977868080137,0.5748301574162071,0.15949768338884618,0.9996383190155029,0.42470262306077117,0.6032455767904006,0.16025637984275812,0.9999809861183167,0.4480516203812189,0.6083999957357131,0.04100105400596345,0.9999991655349731,0.42375628352165207,0.6617958341326029,0.16964440984385346,0.20223523676395416,0.4489471563271112,0.6692580580711361,0.03209754957684448,0.997262179851532,0.4348957887717654,0.7058657748358587,0.16324783223015915,0.40034568309783936,0.4547379127570559,0.7085372362818034,0.07081269632492744,0.9912768602371216,0.43702149987220745,0.7187241588320048,0.1711937542472566,0.4507957398891449,0.4546463676861352,0.7190166337149481,0.06588603055902886,0.9833087921142578,0.43975052748407617,0.7184434328760416,0.1620537898370197,0.43867725133895874,0.45415607009615194,0.7182227151734485,0.07224659813301901,0.9796223044395447,0.4394331957612717,0.7134756854602265,0.15970435951437262,0.40313634276390076,0.4540258577891756,0.7148057886532371,0.073859971335956,0.959767758846283,0.41048043285097374,0.6938410299164905,0.045153891295194606,0.9999977350234985,0.42016427261488765,0.6991644365446905,-0.04521779535072189,0.999999463558197,0.43048791204180015,0.7753400887761794,0.09571187943220134,0.978343665599823,0.4105197642530712,0.7821672695023669,-0.07469437420368191,0.9999657869338989,0.4430307652269089,0.8518095288957863,0.11232410797051015,0.9922518134117126,0.384404317821775,0.8642937626157484,-0.12197953526462822,0.999813437461853,0.4397629175867351,0.8668230380330764,0.11214965837342393,0.9953828454017639,0.3762519802365982,0.8761917437825879,-0.12720148222787034,0.9985832571983337,0.46281880480902515,0.8661423308508733,0.09651358340467722,0.9850597381591797,0.39933949538639596,0.8883215699877054,-0.16329708780561167,0.9987452030181885
50,0.4417082445962086,0.5693001099995202,0.1773159750870295,0.9997974634170532,0.44034507700375125,0.5632461292403083,0.1771787864821297,0.9995802044868469,0.4391874832766394,0.5628682426043916,0.17713240342480788,0.9995034337043762,0.4379588297435213,0.5626349057470047,0.17716443496091017,0.9995318651199341,0.4431633600166864,0.5639869315283637,0.1681947456938879,0.9998156428337097,0.4439782542841773,0.5640640871865406,0.16808723551886415,0.9998711943626404,0.44486002581460116,0.564206847122737,0.16808426891054418,0.9999058842658997,0.43556980150086516,0.5668375270707264,0.15938540909971502,0.9996580481529236,0.4454813190868921,0.5676867536136079,0.11797972215073443,0.9998475909233093,0.4394170386450629,0.5752093264034813,0.17243909920964914,0.9994285702705383,0.4420934779303412,0.5752082943916319,0.15981578784329542,0.9996383190155029,0.4237007830824169,0.6037732396806987,0.1611374616622924,0.9999809861183167,0.4467816506113323,0.6089191062109809,0.04032186099461145,0.9999991655349731,0.4228933351380482,0.6625588689531595,0.16962092816829674,0.19966211915016174,0.44761352794510956,0.6695369805608473,0.029763590491243757,0.9971802830696106,0.4342524000576562,0.7062117338180538,0.16127193229539047,0.39698728919029236,0.45382406541279363,0.7087144442967004,0.06759247183799741,0.9916435480117798,0.436481715100152,0.7192115647452215,0.16919185561793182,0.4469945728778839,0.45397901790482637,0.7191477877753119,0.06236767566629816,0.9839040040969849,0.43901585510798846,0.7189424395561215,0.15998457968235008,0.43458840250968933,0.4535563818046023,0.7183774147714884,0.06885215661355425,0.9803154468536377,0.4386091044970919,0.714037203788757,0.15772204569407866,0.39911413192749023,0.4533377604825154,0.7149958900042939,0.07066090617861062,0.960669994354248,0.40982768280165516,0.6951505780220029,0.045567704843623276,0.9999976754188538,0.4193260831492286,0.7004571795463559,-0.04562676676682061,0.999999463558197,0.4302825323172976,0.7753180231366835,0.09675194812672475,0.9768616557121277,0.4097992173263003,0.7828328609466548,-0.07780202350446153,0.9999669790267944,0.4429428492273601,0.8517853140830989,0.11354436512504301,0.9918088316917419,0.3838127510888234,0.8650572725704734,-0.12812993739332468,0.999816358089447,0.4397639104298181,0.8668191722461152,0.11334799634558808,0.9951713681221008,0.3757232742650166,0.8771539688110348,-0.13369215705565038,0.9985843300819397,0.4627987103802815,0.8661499432155061,0.09708262043339862,0.9842683672904968,0.3993495421750203,0.8884042211941306,-0.17091595743383672,0.9987513422966003
51,0.4405157489436011,0.5694721255983622,0.17454801968165798,0.9997842907905579,0.43920329638889843,0.5634844575609477,0.17426338323525012,0.9995506405830383,0.43805520619664856,0.563109879834311,0.1742161720991134,0.9994694590568542,0.4368442773818968,0.5628774659974232,0.17424731893198822,0.9995013475418091,0.44200309855597336,0.564294167927333,0.1652080970151083,0.9998029470443726,0.4428168765136172,0.5644186769212993,0.16510290290628155,0.9998623132705688,0.443702162163598,0.5646074039595466,0.16509966381958546,0.9998996257781982,0.43448450820786594,0.5670964956283566,0.1564116546085902,0.9996380805969238,0.4443317345210482,0.5681640063013347,0.1148085311055183,0.9998394250869751,0.438251335280282,0.5753461650439669,0.16963296617780405,0.9994061589241028,0.4408899383885518,0.5754638774054388,0.15693099583898265,0.9996247887611389,0.42273690615381493,0.6042518581662857,0.15828736594745083,0.9999806880950928,0.44555535316467265,0.6095028076853068,0.037204330308096736,0.9999991655349731,0.42215530020850023,0.6631555591310772,0.16569085419178003,0.200435608625412,0.4463581357683452,0.6698311652456008,0.02567630958344254,0.9971057176589966,0.4334879619734626,0.7066076431955606,0.1555252424308231,0.39685872197151184,0.45276597567966986,0.7089323146002631,0.0634457344455378,0.9918956756591797,0.4358109406062533,0.7197716525622773,0.16312195147786815,0.4462587833404541,0.4531070794378006,0.719293391704559,0.05833413984094345,0.9842967391014099,0.43811139464378335,0.7195466552461893,0.15392797333853578,0.43383675813674927,0.452715993779046,0.7185450758252822,0.06462315746716088,0.9807712435722351,0.4376946747303007,0.7147421836853024,0.15195647903851095,0.3984590470790863,0.4524199494293756,0.7151784539222714,0.06646070608070916,0.9611326456069946,0.4092496795313697,0.6963258538927347,0.045779602229595165,0.9999975562095642,0.4184041474546703,0.7015439799853731,-0.04583534715431075,0.9999994039535522,0.43017026782035805,0.7753141539437426,0.09648915891136438,0.9755858182907104,0.4090552449226378,0.7834585802895678,-0.07907369200672418,0.9999678730964661,0.4428213545254297,0.8517850075449258,0.11241086167948582,0.9915321469306946,0.3832686713763644,0.865925071920667,-0.1293442968811307,0.9998201131820679,0.4397731985364639,0.8668071883065356,0.1121040733797209,0.9950077533721924,0.37541412796292967,0.8783095342772343,-0.13486872528280525,0.9985865354537964,0.46273824061666197,0.8660995858056201,0.09614712893962857,0.9836962223052979,0.399355033465794,0.8885068399565557,-0.17107552800859716,0.9987605810165405
52,0.43968450256756353,0.5696331875664844,0.17302286199160977,0.9997764825820923,0.43836074386324186,0.563709827831813,0.1726231519665036,0.9995322227478027,0.43722096596445337,0.5633407115936276,0.17257590081010538,0.9994516968727112,0.43602200746536235,0.563117582457406,0.17260642818042202,0.9994843006134033,0.441076110090528,0.5645253283636908,0.1633702601705278,0.9997941851615906,0.4418608954974581,0.5646684816905427,0.16326817742415828,0.9998564124107361,0.4427271442753926,0.5648797835622512,0.16326559484004965,0.9998952746391296,0.43356266106877983,0.5672849518912176,0.15435899198055258,0.9996291995048523,0.443262879337583,0.5684562802314755,0.11150191341127663,0.999835193157196,0.437444814613887,0.5754797850336345,0.16792564988136283,0.9993948340415955,0.4399990192481448,0.5756882343973428,0.1549729875155857,0.9996169805526733,0.4216705373355319,0.6046526295798162,0.1559678695031574,0.9999806880950928,0.44451996088027934,0.6100352781159535,0.03482216905270302,0.9999991655349731,0.42132461496761847,0.6634783216885155,0.16208908259868612,0.19885726273059845,0.44512831313269463,0.6706117016928533,0.023726939569626525,0.997028648853302,0.43272413866860504,0.7071609888757975,0.1500853321381977,0.3900168538093567,0.45176081401961166,0.709078535011836,0.06383415077413829,0.9920063018798828,0.43484586817877613,0.7205196465764724,0.15763032734394067,0.4386144280433655,0.45226496117455595,0.7194182923861909,0.059067024716309105,0.9843910336494446,0.4372610296521866,0.7204150285039626,0.14847020038536612,0.4260387420654297,0.45190440246037056,0.7186637622969487,0.06536695829459596,0.9808416366577148,0.43680734974997365,0.7155336567333763,0.14648286657673965,0.3909652531147003,0.4515350231102533,0.7152480942862371,0.06692343971558976,0.9608814716339111,0.4085773442472728,0.6970256158283775,0.04589015330587112,0.9999974370002747,0.4176878247942241,0.7023144313267295,-0.045943727557148234,0.9999993443489075,0.429935038089752,0.7755090423992699,0.09605300937380105,0.9733511209487915,0.4083680808544157,0.7843386019979202,-0.07753932667630056,0.9999675750732422,0.4426604551928382,0.8517833897045677,0.11158875333411347,0.9909381866455078,0.382710061754499,0.8668231930051526,-0.12422763024057655,0.9998160600662231,0.4397729890687123,0.8667575172015596,0.11125759312084738,0.9946690201759338,0.37521677953856314,0.8793387430054797,-0.12934287360736296,0.9985435009002686,0.4626528910228182,0.8658811330795284,0.09553523510694499,0.9824637770652771,0.39938708373478465,0.8885656390871316,-0.16419465499264846,0.998713493347168
53,0.43859738707542395,0.5697925278118676,0.17361212415354585,0.9997721314430237,0.4372634274618964,0.5638990419251575,0.1733725905418395,0.9995200634002686,0.436118400948388,0.5635415213448658,0.1733259507587977,0.9994391202926636,0.4349135492529186,0.5633303523063657,0.17335677828107554,0.9994717240333557,0.43997615660939876,0.5646711128098622,0.1639505905764443,0.9997895359992981,0.4407650521823336,0.5648052011217387,0.16384933207716254,0.9998533129692078,0.44163968648229307,0.5650054471833362,0.1638478402580533,0.9998931288719177,0.43242731775556276,0.5674560155187331,0.15465763594423015,0.9996230006217957,0.44220849360738457,0.5685615965298242,0.11136578215020038,0.9998342990875244,0.4363760675702774,0.5756506562232968,0.1685479704822812,0.9993913173675537,0.4389229655265806,0.5758945584297177,0.1553805823837007,0.9996163845062256,0.42059954319681425,0.6050964610917224,0.1565226997647966,0.9999806880950928,0.4432575251374924,0.6104034883635381,0.03515984990767069,0.9999991655349731,0.4206811445099965,0.6639440808977397,0.16142972154276702,0.19523754715919495,0.44397958176476593,0.6714759417942588,0.02487167827785014,0.9970051646232605,0.4324109366961886,0.7081725018365039,0.1500279635190963,0.3849124610424042,0.45064275179590474,0.7093476176261898,0.06711289414337701,0.9922896027565002,0.43446821825844884,0.7213409696306499,0.15779508692877625,0.43351253867149353,0.45134809442928836,0.7197030067443844,0.062373539060354206,0.9848389029502869,0.4369447180203027,0.721312286172594,0.14866694424833565,0.420678973197937,0.45103800552231904,0.7189834203038893,0.06900173734341346,0.981353759765625,0.43644955839429556,0.7164683137621195,0.1464326492377689,0.3856613039970398,0.4505967063563209,0.7155155488422935,0.07036052708114894,0.9615461230278015,0.40780083366802744,0.6972580415861944,0.04629889439259254,0.9999973177909851,0.4169301399162836,0.7025085466248645,-0.0463512555829116,0.9999992847442627,0.4295500389167239,0.7757240159170965,0.09681212220873148,0.9719128608703613,0.4078568790640148,0.785151384557996,-0.0781599315149443,0.9999679327011108,0.44251550436019876,0.8517400724547246,0.11339518534285677,0.9904518723487854,0.3821629268782478,0.8676449145589552,-0.12410590691225865,0.9998137354850769,0.4397785561425343,0.8666622093745637,0.11317531530346184,0.9944657683372498,0.3750632533005304,0.8802379965782161,-0.12916352706296097,0.9985185265541077,0.46258135608264356,0.8654940520014078,0.09736805047307691,0.9815890789031982,0.39941571354866007,0.8885598608425681,-0.16425632366112292,0.9986831545829773
54,0.4374100897993358,0.5699971812111988,0.17422075867652886,0.9997600317001343,0.43610182745116083,0.564123167310442,0.17428191687379557,0.9994908571243286,0.4349467873573301,0.5637727516038074,0.17423557681696747,0.9994048476219177,0.4337310160909378,0.563560925211225,0.1742658406496047,0.9994432330131531,0.43884043182645505,0.5648589168276104,0.16467921520982462,0.9997767210006714,0.4396480722086768,0.5649840286799837,0.16457728190081453,0.9998435974121094,0.4405420081956044,0.5651690210614883,0.16457629288945871,0.9998863935470581,0.43126239861760796,0.5676383478300909,0.15599568230765198,0.9996046423912048,0.4411604728017532,0.5687202879360742,0.11229157149791713,0.999825656414032,0.43518093143190634,0.5758752192769729,0.16941927117960787,0.9993735551834106,0.4377547298158916,0.5761500307491845,0.15600392775876176,0.9996046423912048,0.4195280781814028,0.6055009262902393,0.1584175744227,0.9999807476997375,0.4418857267924715,0.6106278794152393,0.034995780778782695,0.9999991655349731,0.42011048538344226,0.6645283477646962,0.16276174826281403,0.19312505424022675,0.4428193271160124,0.6720852800777977,0.0226716143212148,0.9969081878662109,0.4325129815510339,0.7094045400619503,0.15177257699625823,0.3829612731933594,0.4493514222758155,0.7096650140626086,0.06289157313959937,0.9923654198646545,0.43452033996582007,0.7222745146070204,0.15967900156974785,0.4304475486278534,0.45024809326444337,0.7200373802866251,0.05748491287231443,0.9848290681838989,0.43688444410051597,0.7222401193210053,0.15049120485782616,0.41733095049858093,0.4499821058341433,0.7193626727376663,0.06432901982750208,0.9812785983085632,0.43631854397909964,0.7174722075462338,0.14815682257924753,0.3824695348739624,0.4494426029069081,0.7159044946943007,0.0661242114646094,0.9608847498893738,0.40703254171780157,0.697635447978973,0.04706214911171366,0.9999973177909851,0.4162984694753373,0.7027950474194115,-0.04711466718997272,0.9999992847442627,0.4289703658648898,0.775838572638375,0.0995760647313935,0.9697590470314026,0.4074577212333677,0.785904046467372,-0.08057419828006196,0.9999685287475586,0.442339960166386,0.8516231894493099,0.11793093979358668,0.989863395690918,0.3817756141935074,0.8683278696877611,-0.12999496076788214,0.9998146295547485,0.43975736839430646,0.8665421571050368,0.11785232382161272,0.9941903948783875,0.3748645484447477,0.8810991270201542,-0.13550124551568707,0.9985046982765198,0.46250696778297407,0.8649001564298353,0.10191152713128494,0.9805357456207275,0.3994289687701632,0.888557282515934,-0.17218740369592386,0.9986787438392639
55,0.4363487388406479,0.5701718074934821,0.17116264488015848,0.9997461438179016,0.4350739913327351,0.5642904315676005,0.17138818332127154,0.999457597732544,0.4339369416236875,0.563948207242148,0.17134110842432287,0.9993666410446167,0.4327345286096843,0.5637338638305662,0.1713706982987267,0.9994120001792908,0.4377796334879737,0.5649899840354917,0.1617021735225404,0.9997615218162537,0.43859129122325335,0.5651060751506258,0.1615995023931775,0.9998320937156677,0.43949151379721485,0.5652784977640422,0.16159691086837216,0.9998781085014343,0.4302544525691439,0.5677905508450096,0.15436589717864982,0.9995846748352051,0.4401231357029504,0.5688298259462626,0.11051853597164149,0.9998146295547485,0.4341603338718412,0.5760917987142288,0.16676183683531617,0.9993515610694885,0.43668112839971246,0.5763745818819316,0.153233002764838,0.9995893836021423,0.41865754808698363,0.6057960970061163,0.15780471563339227,0.9999808669090271,0.4404232297624859,0.6106840457235061,0.03212368903415542,0.9999991655349731,0.41953684176717465,0.6650558761187959,0.16309790951865052,0.1912774294614792,0.441699171066284,0.6722965002059933,0.01694822409855467,0.9967129826545715,0.4321424492767877,0.7104056545666282,0.1523425847291946,0.37917205691337585,0.44823556201798553,0.710305707795279,0.053140328824520085,0.9921600222587585,0.4340776077338625,0.7229701008115492,0.16011345769677834,0.4252895414829254,0.4490904101303643,0.7210455826350617,0.04698531904390878,0.9842658042907715,0.4362088356699261,0.7230123911585123,0.15082384518214625,0.4119201898574829,0.448855776446206,0.7204455290521891,0.05376757628151346,0.9805154800415039,0.43572469779423284,0.7184035079819813,0.14871406768049505,0.3774760961532593,0.4482824581009999,0.7169712901115415,0.05625059136322564,0.9588582515716553,0.40639031188828584,0.6981076853615894,0.04773228402648651,0.9999972581863403,0.4155707470008303,0.7030398147446765,-0.04778612500854899,0.9999992847442627,0.42841516392571566,0.7757770521300176,0.10208801094974786,0.9666147232055664,0.40718887874058296,0.7863653983388624,-0.08225161603518891,0.9999683499336243,0.4419876302991592,0.8514056188719609,0.12209421055657516,0.9889950156211853,0.38150901113237634,0.8689495699746264,-0.13421006777456823,0.9998114109039307,0.4395858415535516,0.8664389814649306,0.12213323201451977,0.9938027262687683,0.37472691535949687,0.8819052764347617,-0.14001960882118764,0.998460590839386,0.4623942971229551,0.8638463991028918,0.10651046697582513,0.978931725025177,0.3994453898497988,0.8885689582143508,-0.17725632062980098,0.9986459016799927
56,0.4353362466607773,0.570264375209808,0.16748111077717365,0.9997405409812927,0.4340783655643461,0.5643434149878364,0.1675507954188755,0.99944007396698,0.4329424023628233,0.5639984437397545,0.1675033190420695,0.9993458986282349,0.43173945035253225,0.5637708306312559,0.1675324035542351,0.9993953108787537,0.4367942639759607,0.5650310805865694,0.15802446986947732,0.9997541904449463,0.4376201263495852,0.5651394145829334,0.15792242586612693,0.9998267292976379,0.4385353692940301,0.5653038348470413,0.15791884873594547,0.9998744130134583,0.429211879628045,0.5677872368267602,0.15118044401918132,0.9995729923248291,0.43921842234475256,0.5688504321234564,0.1074921493019376,0.9998098015785217,0.433142350401197,0.5762215971946714,0.1631011043276105,0.9993481636047363,0.4356473956789287,0.5765160424368719,0.1497821616274969,0.9995884299278259,0.4177423264299118,0.6058409554617743,0.15476718289511537,0.9999812841415405,0.4392286675316945,0.6107773610523766,0.029656959537948866,0.9999991655349731,0.41864209600857305,0.6653190016746517,0.16117089348179947,0.19424057006835938,0.4405287342412129,0.6726269739014759,0.013523205582584647,0.9967103004455566,0.4313392102718351,0.7110006792204717,0.14852772567953373,0.383409321308136,0.447200297457831,0.7113799333572385,0.04657937384077478,0.9923964738845825,0.43287651623998347,0.7236346500260487,0.15580322146415704,0.42747464776039124,0.4479148830686294,0.7226506301334923,0.040009121171065726,0.9845881462097168,0.4349284980978283,0.7238931638853887,0.14638233014515462,0.41375303268432617,0.44771318861416387,0.7220669218472069,0.04639473770345958,0.9808798432350159,0.4345559273447307,0.7193769284657066,0.144828319123813,0.3791014850139618,0.44716406464576697,0.7185480390276224,0.04946695332016261,0.9592532515525818,0.40560024891580837,0.6985419426645547,0.047807596517460665,0.9999972581863403,0.414860814809799,0.7034360408782956,-0.047860580257007034,0.9999992847442627,0.42795872688293435,0.775759649276733,0.10210297086409155,0.9643786549568176,0.4068678932530537,0.7869579127856661,-0.0817013846976416,0.9999679923057556,0.4415566802024839,0.8512217862265447,0.1222699024847575,0.9883924722671509,0.38124938947813836,0.8694846153259274,-0.1300266142402376,0.9998084306716919,0.4393020340374536,0.8663862517901826,0.12237277626991266,0.9934572577476501,0.37460838045392697,0.882537152085985,-0.13543227825845985,0.998416543006897,0.4622643223830629,0.8626855271203173,0.10685508613075524,0.9777534604072571,0.39944364428520185,0.8885865126337319,-0.17178073525428764,0.9986218810081482
57,0.4343916918550217,0.5703286784035816,0.16423613003322046,0.9997383952140808,0.4331587834017615,0.5643690245492116,0.16425298792975282,0.9994323253631592,0.4320170955998555,0.5640185424259728,0.16420532890728534,0.9993370771408081,0.4308008040700638,0.563781768935067,0.1642349192074366,0.9993897676467896,0.4358813405036925,0.5650539568492342,0.15482353695801318,0.9997506141662598,0.43671720453671026,0.5651556066104341,0.15472305757658816,0.999824047088623,0.4376337417534417,0.5653138637542723,0.1547202961785452,0.9998727440834045,0.428230137484414,0.5677516494478495,0.14822644421032488,0.9995686411857605,0.43835358619689924,0.56885004895074,0.10489058728728971,0.9998074769973755,0.4321799729551586,0.5763077463422499,0.159952973467963,0.9993546009063721,0.4346919638769965,0.5766013213566368,0.1467722879988806,0.999592661857605,0.4169402216161998,0.6058312228747773,0.15191621822970247,0.9999817609786987,0.4379528956753865,0.6108614018985201,0.028194256339754364,0.9999991655349731,0.4182249963283537,0.6656549692153928,0.15806371271610253,0.1992022544145584,0.4392562798091342,0.6728648373058861,0.012003179932279241,0.9967150092124939,0.4307680053370338,0.71181149653026,0.14366034609930847,0.3916245698928833,0.4462554412228718,0.7123777185167581,0.04345260145408764,0.9926121830940247,0.4320527817521775,0.7244061844689502,0.15040331525462008,0.4337352216243744,0.44692616547856995,0.7241090229579377,0.036657391914299536,0.9849046468734741,0.4340504424912587,0.7248645595141816,0.14095836792673377,0.4198358356952667,0.4467539412634711,0.7235022749219618,0.04276657477021215,0.9812549948692322,0.4336909847600117,0.720529336588723,0.13991522448403487,0.3844013810157776,0.44620615329061214,0.7199221559933251,0.0461963789803641,0.9597823619842529,0.4049593337944574,0.698965421744755,0.04763304750834191,0.9999971985816956,0.4141315281391142,0.7037396890776495,-0.04768455667155127,0.9999992847442627,0.42752627985818026,0.775913572311401,0.10097565991537907,0.9623745083808899,0.4065563840525489,0.7875208139419552,-0.08101857900619502,0.9999670386314392,0.44126562050410656,0.8511485287121359,0.12135843506881164,0.9877575635910034,0.38103604912757855,0.8701269507408138,-0.12498804309538426,0.9998007416725159,0.43906138028417296,0.8663879735129216,0.12149507254362102,0.9930017590522766,0.37446270755359085,0.8832317658833091,-0.12999114479337415,0.9983332753181458,0.4621663936546868,0.8614466582025796,0.10578714353697635,0.9765816330909729,0.3994367837905882,0.8885655317987711,-0.16591645181179038,0.9985706210136414
58,0.433190036671502,0.5703217812946862,0.16422730130808688,0.9997425079345703,0.431989640848977,0.5643546802656989,0.16428435742855063,0.9994386434555054,0.4308342090674807,0.5640000649860925,0.1642372842345918,0.999345064163208,0.4295978912285394,0.563761188302721,0.16426778435707085,0.9993999004364014,0.43476945672716394,0.5650442719459532,0.15484526370252874,0.9997528791427612,0.435629229886191,0.5651439087731496,0.15474574523312698,0.9998250603675842,0.43656276379312764,0.5653005242347715,0.15474467916148044,0.9998733997344971,0.42706197415079367,0.5677061864307946,0.1482662094490868,0.999575674533844,0.4373847799641743,0.5688401017870219,0.10492944185222894,0.9998084306716919,0.4309656339032307,0.5763029064450942,0.1599357353789465,0.9993699789047241,0.4335564809186116,0.5765965836388721,0.14675278578485754,0.9996010661125183,0.41604990363121014,0.6057746393339971,0.1515090755053928,0.9999822974205017,0.4367871088641029,0.6111167430877682,0.02843453985239777,0.9999991655349731,0.41760950684547404,0.6660582627568923,0.15612629354000085,0.20301075279712677,0.4378268906048364,0.6730657390185761,0.013146770532642087,0.9966501593589783,0.42991154108728663,0.712427186965942,0.13961531307016095,0.3962714374065399,0.4451509986604961,0.7129130942480901,0.0458209023943969,0.9925667643547058,0.431046026093619,0.7250399947166439,0.14586080397878368,0.4363730251789093,0.4458277063710347,0.7248370562280924,0.03922549262642859,0.9846906661987305,0.4331517176968709,0.7255851200648713,0.13653490032468515,0.4222400188446045,0.44563118985721023,0.7241523010390143,0.04522945625441413,0.9809471964836121,0.43279167498861015,0.7213643874440872,0.13584082722663873,0.38661813735961914,0.4450656703540255,0.7205692461558747,0.048545288933174925,0.9588528275489807,0.4041380303246632,0.6994312609945021,0.04752187973686625,0.9999971985816956,0.4134746815477097,0.7042773348944524,-0.04757174721785952,0.9999992847442627,0.4269014367035455,0.7763239843504766,0.10006076480661115,0.9600167870521545,0.4063166482107978,0.7880426526069637,-0.08061478308268952,0.9999664425849915,0.44101343069757715,0.851150490556444,0.12067823559045786,0.9871495366096497,0.3808537960052488,0.8707125834056306,-0.12212398967572616,0.9997965693473816,0.43883725575038346,0.8664163453238347,0.12086882271936956,0.9926451444625854,0.3743168686117443,0.8838418449674329,-0.12689389884471886,0.9982810020446777,0.46195872000285537,0.8604871783937722,0.10502371830599644,0.9755527377128601,0.39937309878213045,0.8885131852967394,-0.1625841272728783,0.9985437393188477
59,0.43189176065581164,0.5702881898198806,0.16379657600607184,0.999740481376648,0.43071404440062366,0.5643367716244286,0.1639294049569538,0.9994295239448547,0.4295463936669484,0.5639845200947351,0.16388288949217109,0.9993346333503723,0.42829985022544836,0.5637465102331976,0.1639138975313731,0.9993917942047119,0.4335494279861448,0.5650121160915916,0.15448163577488483,0.9997500777244568,0.43442875061716335,0.5651104262896944,0.15438263756888246,0.9998232126235962,0.4353748491832186,0.5652690359524316,0.15438147527830934,0.9998723268508911,0.4258427032402582,0.5676654679434637,0.14821807656969335,0.9995689988136292,0.4363180194582256,0.5688321062496728,0.1048561811447143,0.9998074769973755,0.42966760056359404,0.5762878145490371,0.1595948023455483,0.9993708729743958,0.4323629549571444,0.5765720793179101,0.14640561086790896,0.9996036887168884,0.4152836791106631,0.6057483656065802,0.15144818297454282,0.9999823570251465,0.4357371279171533,0.6114295755113871,0.02853749309267315,0.9999991655349731,0.41667418905666875,0.6663766503334042,0.15529325945036745,0.2002408653497696,0.43645216482026217,0.6731797661100112,0.013380661227607296,0.9966262578964233,0.4288036261286052,0.7127360803740361,0.13843422446932105,0.39020398259162903,0.44418613229479087,0.7132278255053925,0.046460065085973036,0.9926137924194336,0.4299994264330181,0.7254226497241426,0.14456570105893266,0.4302390515804291,0.44479746137346515,0.7254274521555215,0.03992449909980807,0.9846676588058472,0.4321518898010252,0.7259358423096789,0.1353986603873116,0.4160919487476349,0.44453814455441043,0.724671387672424,0.04595668773565971,0.9809024930000305,0.431874518735068,0.7217385785920276,0.13470466477530338,0.38054734468460083,0.44401010019438586,0.7210316760199407,0.04921014718711374,0.9584785103797913,0.40340240597724897,0.699914615494864,0.04745357909372872,0.9999971389770508,0.41292455196380595,0.7048831258501322,-0.04750246160796708,0.9999992847442627,0.4261860787868498,0.7768358213560917,0.09917909843581059,0.9575042724609375,0.4062249745641434,0.7884518623352047,-0.0805648314101355,0.9999656677246094,0.44068461486271426,0.8510799935885834,0.1206028065511158,0.9866668581962585,0.38067565986088325,0.8710929870605465,-0.1231712903295244,0.9997926354408264,0.4385809430054254,0.8664132782391136,0.12068741172552103,0.9923369884490967,0.3741554737091063,0.8841834613255088,-0.1280325932162148,0.9982349872589111,0.4615984788962771,0.8593797002519876,0.10476490855216974,0.9746871590614319,0.3991698435374667,0.8884210978235514,-0.1634427687951496,0.9985209703445435
60,0.43093602316720125,0.5702490346772328,0.15715685231345033,0.9997382760047913,0.4297392215047562,0.5643264974866592,0.15709833630493703,0.9994214773178101,0.4285758904048373,0.5639856662069045,0.1570526306118283,0.9993246793746948,0.4273430815764834,0.5637481195586065,0.15708368292876645,0.9993861317634583,0.4325959733554293,0.5649739554950166,0.1477679857185908,0.9997467398643494,0.4334803717476979,0.5650725228445868,0.14767059598650245,0.9998204708099365,0.4344171098300387,0.5652344124657764,0.14766716871942787,0.9998706579208374,0.4249684018748145,0.5676353965486797,0.14176493116787495,0.9995629787445068,0.4353890512670787,0.5688325933047701,0.09894560234887255,0.9998046159744263,0.428723027876445,0.5762913227081297,0.15313621418816695,0.9993717670440674,0.4314743603978836,0.5765549676758899,0.14011122797216682,0.9996050000190735,0.41469467452594194,0.6057410410472321,0.14628512731620236,0.999982476234436,0.4346705096108571,0.611700081825256,0.0243259484214442,0.9999991655349731,0.4156214807714733,0.6663318923541475,0.15032138228416436,0.19919367134571075,0.43536200523376445,0.6733238560812811,0.008740303066692177,0.9965954422950745,0.4276514172554014,0.7125270213399612,0.13216274742569234,0.386602520942688,0.44318463035992195,0.7136105469294953,0.038261826283165365,0.992618978023529,0.4287282798971447,0.7253629428999762,0.13770007959433958,0.4256491959095001,0.443641697508948,0.7262060233524864,0.03110507415341478,0.9845550656318665,0.4309772534029822,0.7259313651493614,0.12839578794581544,0.4114733338356018,0.443340161017009,0.7254540971347261,0.03667827940412928,0.9807555675506592,0.43081921168736026,0.7217043314661296,0.12834467036383487,0.3758040964603424,0.442906103815351,0.7216878243855064,0.04078630145106995,0.9579198360443115,0.4029209503105706,0.7003452352115083,0.0472898405577455,0.999997079372406,0.4123634874820707,0.7054001109940662,-0.0473360016942024,0.9999992847442627,0.42567012139729066,0.7772233775683808,0.09768126457929607,0.9546778202056885,0.4061335657324108,0.7888047490801126,-0.08096732603652133,0.9999641180038452,0.44032384923526197,0.850946484293256,0.12106146918875825,0.9861059188842773,0.380570591347558,0.8711070844105308,-0.12205545753240579,0.9997855424880981,0.438375674826758,0.8663255895887099,0.12133346221276686,0.991935670375824,0.37400884798594863,0.8842890177454262,-0.12660723945924207,0.9981539249420166,0.4611441484519411,0.8583411165646141,0.10536763497761312,0.9736441969871521,0.39891042368752594,0.8883338689804073,-0.16162802193846015,0.9984824657440186
61,0.43020773189408423,0.5702290807451518,0.14917984136513293,0.9997438788414001,0.42896901709692803,0.5643342052187236,0.14899496095521103,0.9994280934333801,0.4278121241501397,0.5640054617609294,0.148949761050088,0.9993327856063843,0.42658181871686646,0.5637608562197001,0.14898109734058373,0.9993948340415955,0.4318265140056608,0.5649513108389715,0.1396501174994877,0.9997504949569702,0.4327196512903484,0.5650500399725775,0.13955536612442554,0.9998236298561096,0.43363506964274795,0.5652138897350854,0.13955064692667546,0.9998729228973389,0.4242686527115956,0.5676057372774395,0.13438643344811024,0.9995664358139038,0.4345853269100187,0.5688356893403187,0.09151000635964525,0.9998075366020203,0.4280284379209789,0.5763181447982786,0.14548687807151245,0.9993892312049866,0.4307981678417749,0.5765526618276321,0.13244920309100827,0.9996185302734375,0.4141863422734395,0.6057413952691212,0.14050889355795718,0.9999827146530151,0.43341779112815837,0.6118736812046593,0.018536538311413348,0.9999991655349731,0.41486697452408905,0.666270189625876,0.14482288147721964,0.21400754153728485,0.4344075100762501,0.6734966414315356,0.0018205914047679725,0.9967008829116821,0.4266210470880779,0.7123926963124954,0.12476151947464256,0.3979141116142273,0.4422614846910747,0.7139596121651782,0.026696150563657272,0.9928946495056152,0.4277636408805845,0.7252738986696512,0.12963783868721548,0.43418723344802856,0.4425787883145466,0.7269365208489551,0.018629720647420193,0.9850205183029175,0.4299964794090814,0.725885348660605,0.12012228923184526,0.42030954360961914,0.44220926165580726,0.7262233410562784,0.023744650770510935,0.981365978717804,0.42987696187836766,0.7216421467917302,0.12080942541360849,0.3842383623123169,0.44186493243489927,0.7223048806190487,0.02896798928933483,0.9590747952461243,0.40264645900045104,0.7007413489477972,0.047139524987765705,0.999997079372406,0.4117446839809416,0.7058736528669082,-0.04718319763030322,0.9999992847442627,0.42530669484819666,0.777366699491228,0.09638220880712778,0.9542286396026611,0.4060476737362996,0.7891177296638485,-0.0808610875691686,0.9999634623527527,0.43998843431472756,0.8505999582154407,0.12201274803706572,0.9861158728599548,0.3805351597922187,0.8711963142667494,-0.11788856216839376,0.9997857213020325,0.43825002908706645,0.8661390355655121,0.12264554010970247,0.991735577583313,0.3739036832536968,0.8845008713858464,-0.12201025230543949,0.9980996251106262,0.4606934632573807,0.857149733815874,0.10677912256547378,0.9734757542610168,0.39872414725167393,0.8882576806204656,-0.15705210396221697,0.9984885454177856
62,0.42949269754546004,0.5702298011098587,0.1399006336927413,0.9997499585151672,0.42822955165590537,0.5643411619322638,0.1396356365510395,0.9994354844093323,0.4271089860371179,0.5640195250511166,0.1395903655460902,0.9993422031402588,0.4259210501398357,0.5637678452900475,0.13962058339800149,0.999403715133667,0.43103548799242275,0.5649479831968032,0.13015294628483903,0.9997549057006836,0.43192279509135634,0.5650441323007853,0.13006001072270523,0.9998274445533752,0.43281253916876633,0.5652044279234747,0.1300539749009268,0.9998756647109985,0.42369537268366114,0.5675601261002674,0.12585762739181514,0.9995699524879456,0.4337335135255539,0.5688303419521874,0.08237826930625095,0.9998109936714172,0.42738175051552885,0.5763370241437636,0.1365802007062094,0.9994065761566162,0.4301305762359072,0.5765355076108657,0.1233685957533972,0.9996324181556702,0.4135515545095715,0.6057318670409064,0.13380562875952035,0.999983012676239,0.43213178941181707,0.6119924034391128,0.011233636071639396,0.9999991655349731,0.41445866567747913,0.6662602782249447,0.13969867101737427,0.2259204089641571,0.43345637151173166,0.6737649236406595,-0.005428245663642882,0.9968328475952148,0.4256660291126794,0.7122573205402916,0.11962210599865226,0.40643370151519775,0.4415830305644442,0.714565299238477,0.017592296350215152,0.9932410717010498,0.4269136207444325,0.7251055002212521,0.12420866404260901,0.4409506916999817,0.44168179290635223,0.7280843155724659,0.009063929931393686,0.9856536984443665,0.42904479077884106,0.7257716212953836,0.11447204202413554,0.42739352583885193,0.44128134846687295,0.7273720128195623,0.013788264883416033,0.9821800589561462,0.4289813552583965,0.7215759175164356,0.11557903247220169,0.3908751308917999,0.4410577578204017,0.72327275787081,0.019702440074511926,0.9606790542602539,0.40232139570372427,0.7012073448726106,0.04699565555368149,0.999997079372406,0.41120000737053986,0.7065291455813814,-0.04703711707677158,0.9999992847442627,0.4248738501753124,0.7773963178907118,0.09470117006983071,0.9533987641334534,0.4060018130711145,0.7893746818814955,-0.08037425343479425,0.9999619722366333,0.43965537037168206,0.850152422700609,0.12288769377129413,0.9859647750854492,0.3804796457290648,0.8713550073759893,-0.11375602483749385,0.9997813701629639,0.4380973058087483,0.8659312708037236,0.12367130475384842,0.9914965629577637,0.3738533888544353,0.8847944140434261,-0.11752388200589584,0.9980232119560242,0.46021310005869165,0.8560978429658068,0.10809446424245829,0.9730508327484131,0.39858439053807926,0.8882012026650561,-0.1519067994185856,0.9984652996063232
63,0.428844162396022,0.5702352472714013,0.1391697921923228,0.9997653961181641,0.42762976373944944,0.5643726604325429,0.13894154386860977,0.9994677901268005,0.4265486044543128,0.5640642966542921,0.13889539922986704,0.9993797540664673,0.42542438762528534,0.563810016427721,0.13892390259674608,0.9994391202926636,0.43034187129565626,0.5649584668023243,0.12947884500026696,0.9997691512107849,0.43119965195655807,0.5650532501084461,0.129385877081326,0.9998375177383423,0.43205243519374287,0.5652115276881624,0.12938071723495204,0.9998828768730164,0.4231702693871088,0.5674890858786443,0.12514290447746,0.9995937347412109,0.43288850273404783,0.5688485026359555,0.08175174615212846,0.9998210072517395,0.42676452228001166,0.5763409597533088,0.13582265675067895,0.9994437098503113,0.42948052031653244,0.5765082733971729,0.12263854933636523,0.9996564388275146,0.4127623132296969,0.605755315508161,0.13286449355738497,0.9999837279319763,0.43108586158071227,0.6120795045580181,0.010794038325548167,0.9999991655349731,0.4140502989292143,0.6660704783030915,0.14032844049589968,0.24609561264514923,0.4324632499899181,0.6739661438124518,-0.0060721948011113035,0.9969976544380188,0.42504076531955154,0.7121612872396192,0.12272552294390536,0.42026224732398987,0.44087092535836336,0.7152904851096014,0.016044269874691958,0.9935803413391113,0.42647494162831967,0.7249765753746029,0.1277692088059016,0.45107153058052063,0.44092639684677104,0.7292151655469619,0.00755709025875798,0.9862460494041443,0.4285967980112346,0.7257365959031238,0.1181065542357308,0.4378347098827362,0.4404952909265244,0.7284397261483325,0.012139131714190749,0.982943594455719,0.4285559092249187,0.7215649434498375,0.11877984936748226,0.40113720297813416,0.4403352592672618,0.7242551837648661,0.01805532021181923,0.9622640013694763,0.40180408699171866,0.7015860404287062,0.04673048374908309,0.9999971389770508,0.4107831512178692,0.7069930093629015,-0.04677297600678033,0.9999992847442627,0.4240914702415465,0.7777094500405445,0.09342036460127144,0.9525718092918396,0.40599778635161243,0.7895780631474083,-0.07987661808729168,0.99996018409729,0.4394138421331131,0.8498322146279467,0.12221652248076025,0.9856363534927368,0.3803729644843509,0.8714876226016449,-0.11327895032508029,0.999776303768158,0.43793252110481246,0.8657946382250101,0.12270673854010439,0.9911207556724548,0.3737964000020706,0.8849977391106738,-0.11713709660938802,0.997934103012085,0.4598780368055614,0.8548838717596868,0.10734707415103908,0.9723355770111084,0.39840086017336146,0.8881311416625972,-0.15075259080954953,0.9984497427940369
64,0.42813539590154354,0.5704015016555783,0.1382798927170889,0.9997766613960266,0.42692323412213984,0.5645410673958913,0.1379618163619722,0.99949049949646,0.4258654636996131,0.5642520427703854,0.13791542223521636,0.9994052648544312,0.42479914682252046,0.5640033585684637,0.137943285703659,0.9994644522666931,0.42959916932242237,0.5650380151612415,0.12855141418320787,0.9997793436050415,0.43044948492731344,0.565101783616202,0.12845894779477796,0.9998445510864258,0.43129082833017607,0.5652390599250791,0.12845402359962457,0.999888002872467,0.4225313501698629,0.5674714514187401,0.12401785893099643,0.9996101260185242,0.4321095807211738,0.5688982146126881,0.08085121384688781,0.9998276829719543,0.4261338012559071,0.5765391077314101,0.13488839226109636,0.9994726181030273,0.4288156526429311,0.5766024129731312,0.12177363591534744,0.9996750354766846,0.4120086141995019,0.6058072975703646,0.13188828868525365,0.9999843835830688,0.4300591026033672,0.6121285012790132,0.010018467291125224,0.9999991655349731,0.41301293884004847,0.6669896040643961,0.1401840695313044,0.2573593556880951,0.43146254505429926,0.6740421533584592,-0.007753881067037579,0.9971021413803101,0.42479421411241786,0.7122733780315941,0.12379756846598211,0.433769166469574,0.439795729092189,0.7159200719424652,0.013133624382317058,0.9938332438468933,0.42627641899245106,0.7250414303370881,0.12907029305185586,0.4614110291004181,0.43993403315544105,0.7300919396536687,0.004601132656846725,0.9866872429847717,0.42846163255827746,0.7259159241403849,0.11940748755420952,0.4482288062572479,0.4395392153944286,0.729334017208644,0.008995179326406543,0.983515739440918,0.4283994257450102,0.7218651311738147,0.11987088471651071,0.41080135107040405,0.4393733961241584,0.7251233543668472,0.015024902272437293,0.9633927345275879,0.401368817261287,0.7020000508853363,0.046510827860661894,0.9999971389770508,0.41042770658220545,0.7073097109794613,-0.04655558403049194,0.9999992847442627,0.42344307388578123,0.778493077414376,0.09263197311333243,0.9507453441619873,0.40597717591694404,0.7897472228322707,-0.07994785713297976,0.9999584555625916,0.43936320543289165,0.8498111026627673,0.12157393183026989,0.9850892424583435,0.3802910557815005,0.8714861699513023,-0.11306119348321636,0.9997686147689819,0.43785846403666884,0.8658490419387813,0.12198989753212242,0.9908213019371033,0.3737572295325141,0.8850126964705326,-0.11685693157570698,0.9978622794151306,0.4597419066088538,0.8533553157533913,0.10683872124978469,0.9715215563774109,0.39824790188244397,0.8880508320672168,-0.14985069206782742,0.9984273314476013
65,0.42719893540654846,0.5706252728189738,0.1416462715182985,0.9997854232788086,0.4259133636951445,0.5647571938378467,0.141453155023711,0.9995059370994568,0.4248495672430309,0.5644925202642166,0.14140676770891455,0.9994227886199951,0.4237947506564002,0.5642579419272284,0.14143526681831897,0.9994820952415466,0.4286327293940951,0.5651304296084809,0.13207520544528956,0.9997862577438354,0.42950186218534175,0.5651548062052043,0.13198172918387815,0.9998494386672974,0.43035738127572176,0.5652615121432711,0.13197650036641523,0.9998915791511536,0.4215384278978618,0.5675042629241941,0.1275555851204054,0.9996206760406494,0.43124043004853363,0.5689463257789609,0.08454406772341042,0.999832034111023,0.4253002737249645,0.5768081290381293,0.1382565741028104,0.9994940757751465,0.42799317496163486,0.5767490540231974,0.12518150806426998,0.9996892213821411,0.4112399322646003,0.60585229907717,0.1348624054874692,0.9999849200248718,0.4290172253336223,0.6121657218251906,0.012626477490578374,0.9999991655349731,0.4111060730048587,0.6684334295136585,0.14181018429143083,0.2698381245136261,0.43047009110450724,0.6740403124264305,-0.006886336846011022,0.9972048401832581,0.42432383809770835,0.7124278187751767,0.12357544600963588,0.44183701276779175,0.438733226912362,0.7161449381283348,0.012302618260894498,0.9940086007118225,0.42580336758068604,0.7251943111419674,0.1285978036267416,0.4665272831916809,0.4390042849949426,0.7303217087473185,0.0035506598784455215,0.986920177936554,0.4280321240425108,0.7261245403970987,0.1188792541623115,0.4534958600997925,0.4386052540370394,0.7296043975012639,0.008117008861154313,0.9838293194770813,0.4280059584549493,0.7221811345645357,0.11964286821229111,0.4158886969089508,0.4383951749120438,0.7254388400486533,0.014204900152981275,0.9640027284622192,0.40085656132016845,0.7022658143724712,0.04645792469382284,0.9999971389770508,0.41007750119481745,0.707500566755022,-0.04650486718331062,0.9999992847442627,0.4229419520923067,0.7793545160974771,0.09241596311330791,0.9488523602485657,0.40593799778393314,0.7899451749665393,-0.07968118318489616,0.9999555945396423,0.4393697372504641,0.8498595254761829,0.11860122467790325,0.9844157695770264,0.38028443625995073,0.8714690804481502,-0.11208825494561872,0.9997524619102478,0.4378430340971263,0.8660288061414442,0.11900934875011439,0.9903595447540283,0.37374850852148855,0.8849470853805537,-0.1158594348600932,0.9977136254310608,0.4597237365586415,0.8517690726688927,0.1035499736666679,0.970260739326477,0.3981898146016255,0.8879967859813142,-0.1492419161966868,0.9983428120613098
66,0.42645633816719036,0.5707743661744251,0.14003329745360776,0.9997920393943787,0.4251257436616078,0.5648920025144302,0.14003913466419488,0.9995177984237671,0.42407167639051147,0.5646502545901704,0.1399924503905432,0.9994348287582397,0.42303173456873194,0.5644385388919282,0.14002045584576464,0.9994950294494629,0.4278382837772367,0.5651802062988278,0.1305200027567999,0.9997920393943787,0.4286964774131773,0.5651838353701997,0.13042674596820553,0.9998533725738525,0.429546204635075,0.5652680362973892,0.13041968345642083,0.9998946189880371,0.42082459245409265,0.5675344092505317,0.12712915092706673,0.9996272921562195,0.4304043846470967,0.5689628941672187,0.08349389519010267,0.9998352527618408,0.4246384850570131,0.5769850492477414,0.13700571443353374,0.99951171875,0.4272810569831301,0.5768347893442424,0.12374213997806816,0.9997013807296753,0.4105913800852637,0.6058456148420058,0.13479134184973574,0.99998539686203,0.4279751147542679,0.6121571557862415,0.012225494201162028,0.9999991655349731,0.40986964276858723,0.6695466041564938,0.14159275250775466,0.2712080478668213,0.42956092783382943,0.674043922764914,-0.00803907392546534,0.9972981214523315,0.4240240343979425,0.7125055364200044,0.12257453799247736,0.440189391374588,0.4378905517714362,0.716294511726924,0.011053176849548301,0.9942051768302917,0.4253757008484429,0.7251548034804204,0.12738839898790624,0.4629085659980774,0.4382165866238728,0.7305382524217874,0.0023189522592084746,0.9872207641601562,0.42761986170496236,0.7261201824460707,0.11765357000487187,0.44977572560310364,0.4378339980329784,0.7298381481851846,0.006906934721129279,0.9842066168785095,0.42761384163584004,0.7222919242722644,0.11865197185959128,0.4122978448867798,0.4376227378845213,0.725647129331316,0.012978847191802088,0.9646767377853394,0.40045470339911304,0.7024332284927366,0.04645748659968374,0.9999971389770508,0.4098231000559669,0.7076243281364438,-0.04650554316384449,0.9999992847442627,0.4223587785448345,0.780063038212912,0.0920319870114326,0.946097195148468,0.4058647155761717,0.7901000278336657,-0.07936811596155163,0.9999520182609558,0.439299576623099,0.8498795049531115,0.11560540923050466,0.9833794236183167,0.3803143049989426,0.8714199491909567,-0.11123967341014313,0.9997344017028809,0.43780156544276627,0.8662069048200332,0.11597243824175421,0.9898837208747864,0.37375116177967604,0.8848270024572096,-0.11496871582099363,0.997574508190155,0.45969549502645196,0.8503665566444394,0.0998861425689288,0.9686198830604553,0.39816051040376915,0.8879390222685675,-0.14858713150024405,0.9982531070709229
67,0.42579010554722363,0.5707752398082186,0.13158791235515044,0.9997969269752502,0.42444893292018326,0.5649030378886629,0.13132773041725151,0.9995236396789551,0.42338677389281115,0.5646831308092387,0.13128072236265448,0.9994410872459412,0.42234213267053855,0.5644906963620864,0.13130807429552072,0.9995034337043762,0.42716712185314704,0.5651480640683852,0.12182909058673036,0.9997949600219727,0.42800116113253983,0.5651433331625799,0.12173541890723359,0.9998553395271301,0.4288308995110646,0.5652061241013661,0.12172570718186237,0.9998961091041565,0.4201342454978396,0.567515044552939,0.11875194289854589,0.9996317625045776,0.42962166156087583,0.56893435716629,0.07518545240163799,0.9998363256454468,0.42398277265684925,0.5769738112177165,0.12879222397293355,0.9995269179344177,0.42658104726246404,0.5768038528306141,0.11554958799055638,0.9997115135192871,0.4099505134991235,0.6057892543928961,0.12830752623932695,0.9999858140945435,0.4269719455923351,0.6120422141892566,0.006594055678163253,0.9999991655349731,0.41000467794282075,0.6696164625031604,0.1366459640009062,0.28002703189849854,0.42872194051742535,0.6740426318986071,-0.013360257712858058,0.9973486661911011,0.4240964906556264,0.7124140722411016,0.11902597567864821,0.4419809877872467,0.4368969942842209,0.7163628986903596,0.0050869458621101695,0.9942294359207153,0.42539534143039137,0.7248746633529659,0.12399532496929164,0.46192535758018494,0.43741903730801157,0.7306614807673859,-0.003637845987187963,0.9871377944946289,0.4276067027023858,0.7259034344128197,0.11424161834376194,0.44876617193222046,0.43707719785826527,0.7299262728009902,0.0007095628551074434,0.9841220378875732,0.4276399016380308,0.7220312084470473,0.11512352292026787,0.41140225529670715,0.4368301025458743,0.7256621394838603,0.006922547402791676,0.964440643787384,0.40008066211427945,0.7024814333234511,0.046349414225135506,0.9999971389770508,0.40955084221703647,0.7076063479695998,-0.046397524114165964,0.9999992847442627,0.4216350436210631,0.7805392197200227,0.09112688899040218,0.9450889229774475,0.40578817895480546,0.7901690704481938,-0.07920748272112434,0.9999501705169678,0.4391399732657839,0.8498820117541718,0.11388194837740484,0.9831200838088989,0.3803335130214689,0.8714738249778744,-0.11067050269671844,0.9997286796569824,0.4377310863562991,0.8662906425339831,0.11419579833745952,0.9896671175956726,0.37374858600752675,0.8848218560218807,-0.11439101632152279,0.997508704662323,0.4596401376383643,0.8494520732334678,0.09765780674559725,0.9680626392364502,0.39813794919422674,0.8878187656402584,-0.14809060650212416,0.998229444026947
68,0.4249818342072621,0.5707577483994618,0.11780184209346764,0.999800980091095,0.4236048536641255,0.5648532186235697,0.11715787414993553,0.9995251893997192,0.4225095518997735,0.564648674215589,0.11711102404764716,0.9994429349899292,0.42143033742904645,0.5644662686756676,0.11713814990861071,0.9995076060295105,0.4263884084565297,0.5650506973266599,0.10752251978431425,0.99979567527771,0.4272248046738759,0.5650197965758185,0.10742949055773868,0.9998562335968018,0.4280637409005844,0.5650516458920067,0.10741633836712151,0.9998967051506042,0.4192429406302314,0.5673800110816953,0.10518916185413082,0.9996336102485657,0.42885660273688164,0.5688243184770854,0.061000877086605315,0.9998359680175781,0.42318837216922195,0.5769606147493632,0.11539997820343285,0.9995379447937012,0.4257615642888203,0.5767728924751279,0.10198496452399658,0.9997194409370422,0.40927238804953414,0.6056938818522859,0.11802556663751596,0.9999860525131226,0.42584334100995724,0.6118175455502098,-0.004153416505349532,0.9999991655349731,0.41063108614512833,0.6701825056757242,0.12780945960964468,0.29336661100387573,0.4279775960104804,0.6740442684718537,-0.021843549689011907,0.9973308444023132,0.42440421240670323,0.7123921343258446,0.11115709117480682,0.4392380714416504,0.4358541999544414,0.7164291279656543,-0.0011614635187600334,0.9939820766448975,0.42565271598952137,0.724668797424861,0.11614410983664644,0.4551575183868408,0.4365576820714131,0.7306986468178882,-0.009703342137592174,0.9863929152488708,0.4278676526887074,0.7256778189114158,0.10635771048920489,0.4420820474624634,0.43635912622724243,0.7299725055694577,-0.00562497196452958,0.9832513928413391,0.4278860415731156,0.7217779432024272,0.10717787827764233,0.40541815757751465,0.4360384208815436,0.725627609661647,0.0006545583983617168,0.9625936150550842,0.39996771982737933,0.7026122961725504,0.046271218359470345,0.9999971389770508,0.409206973654883,0.7076176098414826,-0.046316139293568453,0.9999992251396179,0.42128161362239275,0.7807573965617585,0.09046751367194308,0.9424855709075928,0.40572051405906656,0.7901767270905626,-0.07937033368008474,0.9999439120292664,0.438982387099947,0.8498486825398033,0.11657909495489932,0.9821873903274536,0.3803548106125421,0.8716475503785266,-0.1081517447318349,0.9997061491012573,0.4376880271094184,0.8662498269762308,0.11721326793943126,0.9886782169342041,0.3737590159688675,0.884933381421225,-0.1115681933505194,0.9972226023674011,0.45954216718673685,0.8487856268882747,0.10108213424682613,0.9660214781761169,0.3981107226439883,0.8876640626362388,-0.14498303106852933,0.9981063008308411
69,0.42441287381308396,0.5707325458526609,0.10645421785967686,0.9998013377189636,0.4229986684662953,0.5647826637540542,0.10590471582753314,0.9995161294937134,0.42190179058483646,0.5645931141717091,0.1058573288576943,0.9994340538978577,0.42080428004264814,0.5644206609044753,0.10588399129254472,0.9995020031929016,0.425791868993214,0.5649421129907878,0.09593978715794423,0.9997915625572205,0.4266429432800836,0.5648882184709818,0.09584607396806985,0.9998539090156555,0.42749071291514784,0.5648944156510487,0.0958298659750393,0.9998947381973267,0.41856550148555194,0.5672122955322263,0.09558768400124137,0.999629557132721,0.4282465491976055,0.5686788678169248,0.04997140052063122,0.9998329281806946,0.42263619644301254,0.5769492472921096,0.10476509481668468,0.9995396733283997,0.42516641446522285,0.5767521636826649,0.09092775710991446,0.9997220039367676,0.40886740003313315,0.6055941360337391,0.11130967714956824,0.9999861121177673,0.4245930952685218,0.6115519063813343,-0.013012653855340816,0.9999991059303284,0.41095389468329274,0.6708327719143455,0.12193559599774219,0.30161046981811523,0.42731699517794997,0.6740474803107122,-0.028794725877898067,0.9973094463348389,0.4246789625712801,0.7123472622462678,0.10449832124369479,0.4319620430469513,0.4351891483579361,0.7163558994020731,-0.005647848453372715,0.9936538338661194,0.4259235433169772,0.7245824967111856,0.109320398739406,0.4450489282608032,0.43598615186555023,0.730566459042685,-0.014005657478368702,0.9854128360748291,0.42818500655037994,0.725451530729021,0.09931739483560831,0.4322378933429718,0.4359217745917182,0.7298596007483343,-0.01005857150469507,0.9821227788925171,0.42813994288444496,0.7215274129595073,0.10038751214742656,0.396489679813385,0.43550823501178176,0.7254820670400344,-0.0037835097173228847,0.9602212905883789,0.40003446425710387,0.7027484774589535,0.04629926724093299,0.999997079372406,0.4087239009993415,0.7075895922524585,-0.046340656280517555,0.9999991655349731,0.4211581460067202,0.7808620486940653,0.08990221151283805,0.9388859868049622,0.4056362680026461,0.7902103083474292,-0.07911489967788965,0.9999367594718933,0.43887672083718415,0.8499921424048283,0.11878319254943298,0.9811294078826904,0.38038181321961523,0.8718116675104409,-0.1057661122509411,0.9996812343597412,0.43763214605195155,0.8665581618036539,0.11964291376726961,0.9875631928443909,0.3736863204411096,0.885072781358446,-0.10904479303530279,0.9968801736831665,0.45940040860857256,0.8481697354997904,0.1039029689771788,0.963636040687561,0.3981577915804725,0.8875713041850495,-0.1425683030060359,0.9979591965675354
70,0.42412199888910546,0.5706697566168646,0.10248870296137669,0.9998077750205994,0.4227010531084876,0.5646332008498053,0.1022599333098956,0.9995265603065491,0.42164607558931605,0.5644615820475984,0.10221156392778663,0.99944669008255,0.42056676064218773,0.5643006529126846,0.10223794622080662,0.9995152354240417,0.425442029748644,0.5647921528135025,0.09203680306673045,0.9997954368591309,0.42631137371063216,0.564744813101632,0.09194336299385339,0.99985671043396,0.42717026897839117,0.5647480130195615,0.0919267995016915,0.9998965263366699,0.41824276447296116,0.5670212166649953,0.09337904942887165,0.9996390342712402,0.4278421061379567,0.5684989179883682,0.04663040233509879,0.9998353719711304,0.42237314752169997,0.5769079940659656,0.10130488553217475,0.9995548129081726,0.42483064106532487,0.5767222114971703,0.08713374521051132,0.9997313022613525,0.40875459143093634,0.6055456076349528,0.11009187293904163,0.9999864101409912,0.42365847400256545,0.6113205705370219,-0.016011509126318345,0.9999991059303284,0.410951849392482,0.671156869615827,0.12117460263626911,0.31203192472457886,0.4267080894538332,0.6740581257002691,-0.03190052264503069,0.9973580241203308,0.4248783077512467,0.7122654131480622,0.10299913180725911,0.42890599370002747,0.434524744749069,0.7163936529840739,-0.008325975986995863,0.9934393167495728,0.4260719631399425,0.7245138440813333,0.10765285768679206,0.438318133354187,0.435395277397973,0.7305741752896987,-0.01678536552935838,0.9846571087837219,0.42848209823880856,0.7252140964780531,0.09746094069310593,0.42568492889404297,0.4353920221328733,0.7299092531204221,-0.012951821913676597,0.9812427759170532,0.4283075000558579,0.721300557681492,0.09876231955630432,0.39102160930633545,0.4349258482456205,0.7254364166940958,-0.006500964492027245,0.9584932327270508,0.4001935235091616,0.7028446980885094,0.04639806066240581,0.999997079372406,0.4082060456275938,0.7075096266610279,-0.046438445895910244,0.9999991655349731,0.4209839216300418,0.7809820958546225,0.09002045520714347,0.9378085732460022,0.4055250091212134,0.7903229457991461,-0.07739555303539544,0.9999308586120605,0.4387822585446492,0.8501836231776643,0.11984366391386299,0.9809766411781311,0.38042822735650184,0.8718420045716417,-0.1012979816113199,0.9996652603149414,0.4375362413270131,0.8669890982764104,0.12087533431393754,0.9870939254760742,0.373550988946642,0.8850709114755899,-0.10442648423569538,0.9966328144073486,0.45921669772693063,0.8473922405924111,0.10475050274814873,0.962990403175354,0.39823168941906506,0.887562353270394,-0.13834194370678488,0.9978803396224976
71,0.42379409755979247,0.5705801776477266,0.0970880059259278,0.999813973903656,0.4223489054611749,0.5644290362085612,0.09690901913813178,0.9995375871658325,0.42134453569139735,0.5642688921519685,0.09685991172279625,0.9994592070579529,0.4203072428703306,0.5641124742371693,0.0968857795000076,0.9995288848876953,0.4250589643205913,0.5646309852600095,0.0866572682346616,0.9997993111610413,0.42595771295683704,0.564609839235033,0.08656469264200752,0.9998592734336853,0.42683139869144965,0.5646201338086807,0.08654767849615638,0.9998983144760132,0.41791613357407686,0.566832501547677,0.08893686767135343,0.9996473789215088,0.4274658024311063,0.5683214936937602,0.04206943809986112,0.9998371601104736,0.42205899357795695,0.5768309439931594,0.09626208139317372,0.9995695352554321,0.42451215386390667,0.5766766054289679,0.08205767603857173,0.9997402429580688,0.40879848343985403,0.6055446062769205,0.10688514773334772,0.9999867677688599,0.42289317079952765,0.6109988229615345,-0.01977802552282809,0.9999991059303284,0.41142974751336214,0.6709749715668811,0.11778747056211739,0.31882038712501526,0.4260513748441422,0.6740358505930216,-0.03741204648145606,0.9973534345626831,0.42499553135463153,0.7121939539909359,0.09798132606915061,0.4255068600177765,0.433811695235116,0.7164674792970926,-0.016270754180316406,0.9930551052093506,0.42615259630339464,0.724477296216147,0.10219829295362741,0.431275874376297,0.4348775361265453,0.7306892139571051,-0.02532973454466887,0.9834015369415283,0.42865622554506555,0.7250718627657206,0.09171667631183347,0.41888317465782166,0.43484823278018386,0.7300960302352901,-0.021677490869270892,0.9797685742378235,0.42841597029141,0.7211563604218616,0.09356117418834137,0.3847445845603943,0.4343545343194687,0.7254510811397004,-0.014614964313139866,0.9555497169494629,0.4002394957201819,0.7028958388737266,0.04655598082712716,0.9999970197677612,0.40770953553063505,0.7074047258922029,-0.046594974930797284,0.9999991059303284,0.42072633930614994,0.7810875926698954,0.0898049882480076,0.9312482476234436,0.40539369072232906,0.7904995662825444,-0.07549353688955304,0.9999130964279175,0.43869209715298224,0.8503626261438639,0.11978321245738432,0.9791837930679321,0.38049079094614285,0.8717978732926501,-0.09577386655977789,0.9996047019958496,0.43744937777519205,0.8673412152699058,0.12078275595392494,0.9854266047477722,0.3734317038740429,0.8849599565778455,-0.09865690448454444,0.99600750207901,0.4590522280761172,0.8466691834586003,0.1035785677177565,0.9595052003860474,0.3982916150774273,0.8875639404569349,-0.1330510884523391,0.9975807070732117
72,0.4235616232667649,0.570211965697152,0.08657856179135182,0.999809980392456,0.42206205895968824,0.563960003852844,0.08677670168025148,0.9995178580284119,0.42108647738184224,0.5638301389557971,0.08672685644456316,0.9994345307350159,0.4200819994722092,0.563694882392883,0.0867530025541782,0.9995146989822388,0.4247629071984971,0.5641930494989664,0.07615358137658661,0.9997889399528503,0.4256579441683631,0.5642067176955085,0.07605939954519268,0.9998511672019958,0.4265172983918869,0.5642200384821208,0.07603975044829502,0.9998929500579834,0.41763132555144156,0.5664677551814485,0.08140332932983121,0.9996310472488403,0.42706093532698475,0.5678876025336127,0.03287307035976221,0.9998252391815186,0.42180299418313144,0.5765471237046376,0.08675928850259096,0.9995618462562561,0.4242501241820197,0.5764645525387353,0.07207384705543515,0.9997355937957764,0.4088290606226238,0.6054454190390448,0.10235213296754014,0.9999867677688599,0.4219799143927436,0.6105525612831113,-0.027299319154449858,0.9999990463256836,0.41253850034305006,0.6704987849508011,0.11334761083126063,0.3206694722175598,0.42543841941016036,0.6739464180810107,-0.04527307056954927,0.9972268342971802,0.4250031956604547,0.7121725405965529,0.09113172675882061,0.415862500667572,0.4331500257764541,0.7164775439671105,-0.025229555554687963,0.9920401573181152,0.4262433358601159,0.7244893057005743,0.09486234890563143,0.4180455803871155,0.4344151037079945,0.7307533213070458,-0.035100127064755966,0.9804173707962036,0.42864693232945017,0.7250637139592848,0.08380745074578691,0.4061588943004608,0.4344057423727851,0.7302255170685901,-0.03149399581764424,0.9762581586837769,0.4284477915082657,0.7211228081158226,0.08639732237373077,0.3729282021522522,0.4338856237275258,0.7254584244319368,-0.02365479945604289,0.9485623240470886,0.40049997142383015,0.7028693778174261,0.047143420789922966,0.9999968409538269,0.4070908299514223,0.7069439360073632,-0.04717774082507403,0.9999990463256836,0.42051878656659786,0.7810565914426528,0.08947916222470143,0.9135598540306091,0.4053252552236828,0.7906313521521429,-0.07444709730999807,0.9998729228973389,0.43862098540578554,0.8503929904529023,0.12102833475385387,0.9734561443328857,0.38060372982706325,0.871762210982186,-0.09048371038266587,0.999462902545929,0.437427485840661,0.8673280954360958,0.12206144077437259,0.9807509183883667,0.3734099558421542,0.8847643647875101,-0.09292490056582854,0.9945589900016785,0.45890172464506945,0.8461020452635625,0.10396132852349957,0.9497451782226562,0.3982997434479848,0.8875682932989934,-0.12812561563083097,0.9968794584274292
73,0.4234158311571392,0.5698334762028283,0.07114741429686544,0.9998030066490173,0.42186671750886084,0.5635528973170687,0.07177465025867731,0.9994909763336182,0.4209102068628581,0.5634517107691082,0.07172323380197794,0.9994004964828491,0.41993011236190775,0.5633401666368754,0.07174914170588761,0.9994950294494629,0.42456128171512036,0.5637940764427183,0.06059649544102802,0.9997756481170654,0.42544041531426546,0.5638299448149542,0.06049851849675175,0.9998403191566467,0.4262695797852105,0.5638375163078306,0.060473758833748927,0.9998862147331238,0.41743601219994664,0.5661651083401269,0.06980486682483125,0.9996065497398376,0.4266856602260043,0.5674657532146996,0.018727506298039633,0.999809741973877,0.42163719875471917,0.5762558630534578,0.072675261752946,0.9995520114898682,0.42406477076666677,0.5762340119906831,0.05724449945347647,0.999730110168457,0.4089270983423503,0.6052196145057676,0.09533465568508416,0.9999866485595703,0.4209174905504497,0.6101756930351254,-0.03915674404374189,0.9999989867210388,0.41369369200297745,0.6698541811534333,0.10740324109792704,0.3120471239089966,0.42476233073643255,0.6738542539732794,-0.05767442445669853,0.9970906972885132,0.42523769991738436,0.7121544531413484,0.08278576348509104,0.3964802026748657,0.4326808546270641,0.7165610568864003,-0.039030113656605976,0.9909310340881348,0.4267873295715875,0.7244169013840809,0.08608638601643695,0.39687442779541016,0.4340719393321444,0.7307518635477335,-0.04990415136728965,0.977070689201355,0.42903425012316,0.7249890191214422,0.07426935774939397,0.3857424259185791,0.4341182487351552,0.7302856922149655,-0.04645038428051129,0.9723031520843506,0.42858214037758946,0.7210497907229829,0.07766145850930892,0.35415884852409363,0.433564062629427,0.7254857846668785,-0.03754020147025583,0.9403994083404541,0.4008959650993345,0.7027466876166204,0.048174597748688264,0.9999966621398926,0.40635477559907074,0.7061485784394397,-0.04820560770375386,0.9999989867210388,0.4203604280948637,0.7809903723852971,0.09115361784185678,0.8881939649581909,0.4052572156701767,0.7907197339194157,-0.07661028887544355,0.9998096823692322,0.4385353028774259,0.8503588386944357,0.12673651001283096,0.9652538299560547,0.38071466428892936,0.8717418381146017,-0.09024386810404908,0.9992663860321045,0.43742205670901685,0.8673220276832577,0.1279522436005728,0.9735561609268188,0.3734028645924158,0.8846166014671322,-0.09269206545182632,0.992340624332428,0.4586549367223465,0.8456005368913919,0.10884440775428494,0.9378502368927002,0.39830287098884565,0.8875772135598314,-0.12848520108631672,0.9959983229637146
74,0.4232339731284548,0.5695588094847539,0.0598479699875627,0.9997907876968384,0.42165840012686573,0.5632657340594698,0.06066520586609837,0.9994518160820007,0.4207033532006398,0.5631835392543245,0.060611509105988885,0.9993529915809631,0.4197291570050374,0.5630841612815854,0.06063622034021783,0.9994638562202454,0.42436329552105473,0.5635010344641547,0.04915552352155956,0.9997570514678955,0.42522352167538213,0.5635433367320466,0.04905517175793646,0.9998263120651245,0.4260233223438261,0.5635390026228766,0.04902557879686353,0.9998764395713806,0.4172518840857913,0.5659608636583598,0.06058999225497243,0.9995777010917664,0.42632875101906886,0.5671344450541902,0.00794187998399138,0.999793291091919,0.4214402777808052,0.5760656527110506,0.06212294293301443,0.9995360970497131,0.4238376549312045,0.5760679500443593,0.04623419716954229,0.9997220635414124,0.40899288484028384,0.6049642818314686,0.08887243760483601,0.999986469745636,0.4201181369168416,0.6100003549030846,-0.048727522045373894,0.999998927116394,0.41420995507921476,0.669278378146035,0.10212413775069368,0.3053104877471924,0.4240299454757144,0.6738143069403508,-0.06824494759951316,0.9969539642333984,0.42537587881088235,0.7121228422437392,0.07734139391354149,0.37929868698120117,0.43204315815653105,0.71702755008425,-0.050320299714803673,0.9896113872528076,0.4270293746675762,0.7243083902767722,0.0805909829480307,0.37803834676742554,0.4336265521390096,0.7308579325675961,-0.06176521586520328,0.9732524156570435,0.4293890748705181,0.7248471140861508,0.06826281238879472,0.3675280213356018,0.43374425172805764,0.7304791586739674,-0.0583841794303485,0.9678707718849182,0.42859326430729433,0.7209890484809872,0.07199311554431911,0.33742740750312805,0.43315880724361944,0.725736798558916,-0.048872564466936226,0.9312301874160767,0.4012960340295517,0.7025372385978695,0.04920869576079502,0.9999966621398926,0.40580427135739994,0.7052736571856904,-0.04923784381576944,0.999998927116394,0.4205233837876999,0.7801944306918549,0.0942922751818384,0.8784328699111938,0.4051608307021003,0.7907541871070858,-0.07941043334347858,0.9997890591621399,0.4384317100048063,0.8502123934882023,0.1331246776240212,0.9642077088356018,0.3807824075222014,0.8717259083475382,-0.09365717321634288,0.999228298664093,0.4374268114566801,0.8672487565449303,0.1345344790390559,0.9720479249954224,0.37336995942252005,0.8845439689499988,-0.09646591927324018,0.991625189781189,0.45838589412825426,0.845208062444414,0.11481384571109494,0.9357182383537292,0.3982924793447765,0.8875830633299686,-0.13206890778882158,0.9958465099334717
75,0.42307897550719104,0.5694810492651801,0.05387129772986682,0.9997705221176147,0.4214801166738781,0.5631505029542103,0.054580021330288456,0.999391496181488,0.42051615459578356,0.563066448484148,0.05452592351606911,0.9992793202400208,0.4195391033376964,0.5629622067723953,0.05455127869333537,0.9994118809700012,0.42419851081711885,0.5634053349494932,0.042975862749985265,0.9997292160987854,0.42504239678382855,0.5634521586554389,0.04287454475249561,0.9998049736022949,0.4258235343864984,0.5634471723011559,0.04284164671386989,0.9998617768287659,0.417107147829873,0.5658817921366007,0.05461304187774656,0.9995304942131042,0.4260500499180383,0.5670185089111326,0.0014800780984972185,0.9997685551643372,0.4212418454033986,0.5760511296136037,0.056231305216039904,0.9995011687278748,0.4236244712557109,0.5760406800678796,0.040205066012484664,0.9997033476829529,0.40888506088938015,0.6046865122658863,0.08352723249367301,0.9999860525131226,0.4196729336466106,0.6099555236952643,-0.054838717941726935,0.9999988079071045,0.41362889068467257,0.6684703401156831,0.09657964514834536,0.2937059700489044,0.423390780176435,0.6738306522369382,-0.0747745226536478,0.996698260307312,0.42403424041611787,0.7120208552905488,0.07161165816443303,0.3560596704483032,0.4316183166844502,0.7176076650619503,-0.057497649746281736,0.9874500632286072,0.4255046444279805,0.724289011955261,0.0746373321328844,0.3543260991573334,0.4333432614803312,0.7309826459203445,-0.0694264573710305,0.9674361348152161,0.42780843036515354,0.7246649759156361,0.06219234487840105,0.34451213479042053,0.433529301200594,0.7306819490024018,-0.0659540530826364,0.9610731601715088,0.4272905358246393,0.7208024706159315,0.06621230521372383,0.31645551323890686,0.4329468446118489,0.7260170544896803,-0.056001044384070775,0.9181638956069946,0.40155792832374554,0.7022360154560631,0.049708007914679365,0.9999966025352478,0.4056620274271282,0.7047955359731398,-0.049736760237387226,0.999998927116394,0.420713059391294,0.779384340558733,0.09722308601651869,0.8643859624862671,0.40503529395375915,0.7907891188349039,-0.0810782011066164,0.9997607469558716,0.43833940880639194,0.8500956416130062,0.13735168810401638,0.9618317484855652,0.38079109021595525,0.8717136655535013,-0.09443802897419244,0.9991738796234131,0.43742463162967116,0.8671796560287471,0.13889281792300082,0.9692954421043396,0.3733356535434721,0.8845265848296024,-0.09725122813667565,0.9906538724899292,0.45808280280658153,0.8450900384357993,0.11903462495122631,0.9314374923706055,0.39827316403388957,0.8875588008335654,-0.13367231062480375,0.9956008195877075
76,0.42313257796423753,0.5693919590541292,0.05586695681725227,0.9997681975364685,0.42149530138288205,0.5630168982914514,0.056530611855643106,0.9993783235549927,0.4205105125904081,0.5629361152648923,0.056479205510445975,0.9992584586143494,0.4195213028362817,0.5628337230001175,0.0565079083400113,0.9993935823440552,0.42420207687786626,0.5632877179554527,0.04496333450078962,0.9997270703315735,0.4250111273356844,0.5633418185370306,0.044861450259174596,0.9998041391372681,0.4257565873009816,0.5633394207273208,0.044827570234026205,0.9998622536659241,0.4170991582529884,0.5658042958804537,0.0557674457984311,0.9995082020759583,0.42585254992757504,0.5669011473655698,0.0028330079545932146,0.9997710585594177,0.42120776517050584,0.5760612589972357,0.05792617702058381,0.9994984269142151,0.42356443916048303,0.5760447842734198,0.04196089868034633,0.999708354473114,0.4086589676993232,0.6044079525130133,0.08331079717193327,0.9999853372573853,0.4195506513118742,0.609842274870191,-0.05421652304274693,0.9999988079071045,0.41223985041890804,0.6676467333521159,0.0960938868778092,0.27979764342308044,0.42312873772212417,0.6738704868725365,-0.0723783576062747,0.9968545436859131,0.4206019852842602,0.7125528676169256,0.07263740194695333,0.32954007387161255,0.4315674296447207,0.7179903251784185,-0.0528145155736378,0.9880908727645874,0.42103292260851155,0.7253384300640647,0.07587731416736326,0.3281857669353485,0.43334190419742014,0.73104293176106,-0.06442073583602903,0.9687256217002869,0.4234612848077499,0.725564154556819,0.0638871151421751,0.31900283694267273,0.4335971380983078,0.7307707854679649,-0.060647580027580236,0.9626278877258301,0.4238301694393156,0.7214894907815113,0.06750258973666598,0.29311487078666687,0.4330298704760413,0.7262068901743204,-0.05109021961688993,0.920690655708313,0.4018364982945577,0.7018580385616844,0.049708334356546376,0.9999964833259583,0.40574158004352,0.7045937606266564,-0.04973671713045663,0.999998927116394,0.42114937816347375,0.7785673703466139,0.09752280179943353,0.8600220084190369,0.40496627432959403,0.7907631857054571,-0.07924758877073011,0.9997373223304749,0.4382827588490076,0.8501085332461762,0.13499729505607053,0.9617002010345459,0.38079469629696416,0.8717161076409472,-0.09186947771481101,0.999126136302948,0.4373816260269708,0.8671635849135259,0.13626775784151887,0.968421459197998,0.37332224420138754,0.8844802311488557,-0.09437147911105832,0.9898079037666321,0.4577803696904862,0.8452587672642295,0.11665342961038856,0.9305168390274048,0.39825263534273403,0.8875217761312209,-0.13181174099445336,0.9953685998916626
77,0.42318714771951926,0.5693598066057475,0.05336409573044093,0.9997705817222595,0.4215601333550043,0.5629649009023391,0.05405315480061937,0.999379575252533,0.42056074397904514,0.5628879819597514,0.054003703381334006,0.9992529153823853,0.4195612703050884,0.5627916233880177,0.054037217795848816,0.9993852972984314,0.42425716263907276,0.5632519211087905,0.04234160461596078,0.9997316002845764,0.42504065547670616,0.563316476345062,0.042238134571484134,0.9998080730438232,0.425753969805581,0.5633224708693365,0.04220352694392203,0.9998660087585449,0.41712336625371643,0.5657861845833911,0.05360412320920396,0.9994908571243286,0.4256923496723173,0.5668820551463534,-4.6274757811021194e-07,0.9997780919075012,0.42123280593327095,0.5761051024709427,0.055588967885289844,0.9994937777519226,0.4235931754112242,0.5760862469673154,0.03942009354276314,0.999713659286499,0.4084396132401056,0.6041613255228312,0.08145515940019059,0.9999842047691345,0.4195876581328254,0.6096371838024681,-0.05676383408052578,0.9999988675117493,0.41019855311938674,0.6669536113739011,0.09461813420057293,0.2618023455142975,0.4230096093245913,0.6739199485097609,-0.07345666204180032,0.9970359802246094,0.41675569755690417,0.7138086523328505,0.07238769680261609,0.30115699768066406,0.43179863010133995,0.7181224380220682,-0.051953068588461174,0.9888034462928772,0.4164403302328925,0.7274138416562759,0.07584119694573535,0.30044129490852356,0.4334879015173229,0.7310660515512735,-0.06355624475649423,0.9702628254890442,0.41906431402478883,0.7276866708483012,0.06391787720578054,0.29191479086875916,0.433807814972741,0.7307868991579325,-0.059453551577670204,0.9644638299942017,0.420084363222122,0.72315559387207,0.06735968525920591,0.2683482766151428,0.4332625312464575,0.7262433511870244,-0.05000637354595318,0.9240673184394836,0.4021403661796023,0.7014655487877979,0.04965036905237604,0.9999963641166687,0.40585624064717957,0.7045467206409995,-0.0496806889772415,0.999998927116394,0.42159791503633753,0.7781193971633908,0.09752596254859647,0.8554939031600952,0.40495122075080847,0.7905829940523417,-0.07696548913206369,0.9997130632400513,0.4382045320102145,0.8499913896833143,0.13362464904785148,0.9610843062400818,0.3807993658951349,0.8716610074043271,-0.09003893967185697,0.9990746974945068,0.4373039526598792,0.8671034455299373,0.13479238918849393,0.967548668384552,0.3733339539596011,0.8844075185911991,-0.09244475683995651,0.9890958070755005,0.4574824316161017,0.8454887236867629,0.11570706048182074,0.9285205006599426,0.3982404214995246,0.8874906011990134,-0.13045490022216516,0.9950937628746033
78,0.42323430095400105,0.569363348824637,0.0487005466861384,0.9997820854187012,0.4216737432139258,0.5629723463739664,0.049593476206064205,0.9994086027145386,0.42067062003271904,0.5628970367567877,0.0495435402861663,0.9992860555648804,0.41966614127159096,0.5628037776265823,0.049579158425331095,0.9994089007377625,0.42436309116227267,0.5632738590240476,0.03760790260774747,0.9997457265853882,0.42512971333094984,0.5633457268987381,0.037503042710678905,0.9998189210891724,0.4258145170552388,0.5633564080510818,0.037467104781951206,0.9998736381530762,0.4172242224216459,0.5658008388110567,0.05049827066915374,0.9995065331459045,0.4255733958312441,0.5669044000761847,-0.004383352957665918,0.9997919797897339,0.42132615787642325,0.5761518001556394,0.051465301322085495,0.9995131492614746,0.423696560519082,0.5761322753770008,0.03491281116647378,0.9997291564941406,0.40830052154404756,0.6040358202798023,0.07943503388336723,0.9999836087226868,0.4196005259241375,0.6093442882810317,-0.06046573924166813,0.999998927116394,0.4086114449160438,0.6665502633367263,0.09316482629094801,0.24755635857582092,0.42282733491488844,0.6739210452352248,-0.07720470513616284,0.9972460269927979,0.4145033921514237,0.7150147829736979,0.07166343842233927,0.27699995040893555,0.43192323872021243,0.7181644150188988,-0.05471783599683214,0.9896121621131897,0.41398331778390046,0.7291693074362615,0.07525347364800314,0.2769164443016052,0.43359702144350304,0.7310175504003249,-0.06642139256000516,0.972192108631134,0.41660050238881774,0.7295919827052522,0.06317842783672466,0.2689588963985443,0.4339550937925064,0.7307662282671245,-0.06202175766229626,0.9667780995368958,0.41770679184368653,0.7247557078089029,0.06659911679370059,0.24745666980743408,0.4334074522767746,0.7262646249362397,-0.05262077333671703,0.9286259412765503,0.40245729429381216,0.7012176564761567,0.04973782886351855,0.9999963045120239,0.4059685570853095,0.704462989739009,-0.049770286572830995,0.999998927116394,0.4221483741487773,0.7776295593806672,0.09803881113018303,0.8545459508895874,0.40493818862097586,0.790346503257751,-0.07473341971635815,0.9997062087059021,0.43812556266784647,0.8496987683432439,0.13505586002554204,0.9616432785987854,0.38080419812883626,0.8714638028826028,-0.0890212631651333,0.9990882873535156,0.4372109557901108,0.8670261962073187,0.13642232673508775,0.9675946831703186,0.37334353923797586,0.8842861192567003,-0.0914952512298311,0.989060640335083,0.4573650973183766,0.8455757396561755,0.11811576911381308,0.9297420382499695,0.39823248386383037,0.8874827436038422,-0.1293378244553293,0.995194673538208
79,0.4232568161828175,0.5693041358675273,0.04285630413464135,0.9997879266738892,0.42176201513835343,0.5629253149032589,0.044001935528857346,0.9994238018989563,0.4207593509129114,0.5628545658929005,0.04394991387213977,0.9993003606796265,0.41975313510213563,0.5627666558538161,0.04398560625101837,0.9994177222251892,0.42444322279521374,0.5632301637104576,0.031925152348620534,0.9997544884681702,0.4251959511211938,0.5633115751402716,0.03181743094963685,0.9998258352279663,0.4258581927844455,0.5633299623216899,0.0317795193088906,0.9998789429664612,0.41732095990862145,0.565788206032344,0.04642530307173726,0.9995089173316956,0.4254821147237503,0.5668911559241157,-0.008889224899134462,0.9998019933700562,0.42140903643199357,0.5761390158108299,0.046183784518923056,0.9995218515396118,0.4237917925630295,0.5761221511023382,0.02950566272650445,0.9997398257255554,0.40826525688171367,0.6038967745644703,0.07663448963846475,0.9999823570251465,0.4195490760462623,0.6090390154293603,-0.06339326341237338,0.999998927116394,0.4075110571725026,0.6657835449491225,0.09153227316481723,0.2313547432422638,0.4226548024586267,0.6738677382469174,-0.08059408366680142,0.9974316358566284,0.41341748322759336,0.7150989345141816,0.07077962479421068,0.25321149826049805,0.43193141647747557,0.718176322323935,-0.059645163587161446,0.9902926087379456,0.4133229775088172,0.7295090198516843,0.07434284240007397,0.2536882162094116,0.43363595093999574,0.730836006573268,-0.07169107709612162,0.9737630486488342,0.4153361873967305,0.730034506320953,0.06202888137527871,0.2463172972202301,0.4340045588357106,0.7305943165506632,-0.0672250371958528,0.9686596393585205,0.4163890285151344,0.7251591512135094,0.0656231269240379,0.22679546475410461,0.4334865621158053,0.7261301364217483,-0.05754980998379841,0.9322230219841003,0.4027685488973343,0.7010431902749195,0.049710931416068735,0.9999962449073792,0.4060566203934804,0.704325825827462,-0.04974481154765399,0.999998927116394,0.42253933889525264,0.777618849277496,0.09642526379653381,0.8525295853614807,0.40491638694490684,0.7900386129106791,-0.0715675517916679,0.9996916055679321,0.43808129855564637,0.8493987577302111,0.13491689775671273,0.9617804288864136,0.38080819419452105,0.8712114862033296,-0.0843638922486986,0.999086320400238,0.43711936473846413,0.866969367436,0.13662574504102973,0.96717369556427,0.37335213167326775,0.8841532979692728,-0.08668428702013829,0.9887629747390747,0.4573352285793847,0.8457060371126444,0.11840913444757456,0.9301801323890686,0.39822910342897666,0.8874986239842002,-0.12472034479890545,0.9952210187911987
80,0.42326468144144314,0.5689382842608859,0.038291991608483435,0.9997894763946533,0.4218053868838717,0.5625845398221694,0.039536558836698515,0.9994321465492249,0.4207956748349324,0.5625425747462679,0.039482118561863885,0.9993035197257996,0.4197846038000922,0.5624706115041458,0.039516372340066074,0.999420166015625,0.4244753403323035,0.5628861921174183,0.027524559492511397,0.9997602105140686,0.42520822286605814,0.5630139504160198,0.02741483886327061,0.9998297691345215,0.42585160051073323,0.5630783064024787,0.027375228277274528,0.9998826384544373,0.4173501082829065,0.5656320929527281,0.04268989818436757,0.9995040893554688,0.4254218161106108,0.5667897122246877,-0.012317448135997562,0.9998073577880859,0.42145009211131484,0.5759627512523103,0.041889454584036534,0.9995248913764954,0.42383626018251674,0.5759658609117777,0.025298063669885896,0.999746561050415,0.40824850116457245,0.6037403276988436,0.07374754760946542,0.9999807476997375,0.4194138058594293,0.6087968298367088,-0.06544201001524923,0.999998927116394,0.4072520000594001,0.6648952909878318,0.0901163320456232,0.21602177619934082,0.42259669644491993,0.67388345173427,-0.08302417610372811,0.9975727796554565,0.4127814463206698,0.7146751029150823,0.0707441622657435,0.23117060959339142,0.4319421759673525,0.7184961250850129,-0.06354889752609386,0.9907724857330322,0.41278308459690616,0.7291375551904947,0.07423006423882073,0.2320295125246048,0.433693993091583,0.7311211330550055,-0.07575102852923526,0.9747959971427917,0.41426007321902664,0.729654046467372,0.06205011925527025,0.22523827850818634,0.43409697583743484,0.7309287548065182,-0.07147774100303647,0.9698882102966309,0.41525878310203534,0.7249204363141737,0.06566022581287789,0.20752722024917603,0.4335349670478274,0.7265001756804327,-0.06153598395841459,0.9343867897987366,0.4030315612043651,0.7009246485573901,0.049522151798009846,0.9999961256980896,0.40611524922507136,0.7042476722172325,-0.04955672227910585,0.999998927116394,0.42303898589951633,0.7776638201304841,0.09483367736850462,0.8434973955154419,0.40490592122077923,0.7897396751812522,-0.0694139948913029,0.9996561408042908,0.43808752128056094,0.8493373462132041,0.13578615763357701,0.9592451453208923,0.3808000760419027,0.8710593938827511,-0.08119405997650961,0.9990535378456116,0.43704934631075154,0.8669924276215686,0.13769969386713837,0.9640451073646545,0.37335038185119607,0.8840790067400247,-0.0834550252982548,0.987956702709198,0.45734022940908137,0.8460639919553481,0.11904950823102672,0.9273919463157654,0.39822851419448835,0.8875394378389626,-0.122043984064034,0.9951156973838806
81,0.42339440499033226,0.5681593588420321,0.03226271734705992,0.999795138835907,0.4217866727284021,0.5619352153369357,0.033562050307435635,0.9994522333145142,0.4207615179674964,0.5619443075997487,0.033505390784037956,0.99932461977005,0.41974258508001033,0.5619068384170529,0.033541296568832216,0.9994376301765442,0.42445922749383086,0.5622381704194203,0.02140673952443258,0.9997695088386536,0.42520217044012865,0.5624409539358953,0.021295274208698946,0.9998363256454468,0.42583988479205526,0.5625799247196739,0.0212555061493601,0.9998875260353088,0.4173059182507649,0.5653351613453453,0.037566985136696256,0.9995172619819641,0.42532524721963044,0.566587242058345,-0.018025069045169,0.9998160004615784,0.4214812329837252,0.5755881394658766,0.03621891975469353,0.9995395541191101,0.42386668750217965,0.5756224036216733,0.019447913020849222,0.9997573494911194,0.408306334699903,0.6034238457679746,0.06997020021080967,0.9999800324440002,0.41923449124608697,0.6084967970848081,-0.06924074803079874,0.999998927116394,0.4074220197541371,0.6641615237508498,0.08686216196843552,0.20185504853725433,0.4226135296480994,0.6738421712602884,-0.08570837314639768,0.9977108240127563,0.4129425747053962,0.7144613708768569,0.06706233759011537,0.21117694675922394,0.4319313704967497,0.7188183699335368,-0.0653005093336105,0.9911214709281921,0.4129034434046062,0.7289948139871866,0.0704434377806527,0.2123575508594513,0.43369905863489405,0.7315020373889375,-0.07732126350913725,0.9754461646080017,0.4144146834100994,0.7294429029737196,0.05814144451703342,0.20606112480163574,0.43412694675581776,0.7314200401306149,-0.07316848869834625,0.9706584811210632,0.4153500957148414,0.7247756396021158,0.06194202963794978,0.1899666041135788,0.43353343180247694,0.7269970229693818,-0.06329879398856841,0.9354729652404785,0.40350046498434866,0.7007528611591881,0.049296255303280676,0.9999961853027344,0.4061592110565729,0.7042127864701404,-0.049332169336932026,0.999998927116394,0.42326812062944663,0.7777300221579411,0.09154635156903944,0.8457880020141602,0.404871219396591,0.7894758888653344,-0.06670689710548942,0.999647855758667,0.4381221839359827,0.8494130611419674,0.12898829281330104,0.9606898427009583,0.38077991264207,0.8709475312914163,-0.07728715570909633,0.9990766644477844,0.4370233799730026,0.8670693465641561,0.1304150462150573,0.9645276069641113,0.37334575482777166,0.8840483307838436,-0.07949352881738114,0.987892210483551,0.4573312538010731,0.8465734873499186,0.10999173628432404,0.9301126003265381,0.3982282868453433,0.8875652721949983,-0.11825780251196447,0.9952790141105652
82,0.4240400084427423,0.5670476113046916,0.017810016338314322,0.9998047947883606,0.4219979098864962,0.5609642965453009,0.01996593677571841,0.9994786977767944,0.4209730207920072,0.5610418915748594,0.01990781713809285,0.9993577003479004,0.4199566636766704,0.5610734411648339,0.01994930170476436,0.9994635581970215,0.42453815596444244,0.5612539478710716,0.007063470328492775,0.9997804760932922,0.42524550471987027,0.5615158012935091,0.006950247926371436,0.999844491481781,0.42585472038813976,0.5617105109351019,0.006910499078886847,0.9998929500579834,0.4173944098608832,0.5648954595838271,0.028697364910372652,0.9995368123054504,0.4252093468393596,0.5661050694329395,-0.03023778130965572,0.9998245239257812,0.42191553456442676,0.5749356508255002,0.023529303486325905,0.9995601773262024,0.42416628514017357,0.5750036086354935,0.005766144607748302,0.9997691512107849,0.40848568507603217,0.603094981397901,0.0654955725584711,0.9999796152114868,0.41909968767847317,0.6081043737275257,-0.07847231594579557,0.999998927116394,0.408655284983771,0.6639774901526312,0.08276978709868019,0.19292980432510376,0.4226646167891364,0.673345715659005,-0.093580088019371,0.9978412985801697,0.41326083881514397,0.7146352086748392,0.05995600266116004,0.19569669663906097,0.4318596269403183,0.7188633135386873,-0.07296977798853599,0.9915133714675903,0.41291056275367716,0.7291072845458981,0.06285366139241624,0.19721506536006927,0.43380998713629565,0.7316881179809567,-0.08590667545795436,0.9763489365577698,0.41472306081226873,0.7294124552181784,0.0496008651597159,0.1913561075925827,0.43435016529900666,0.7316586749894274,-0.08149295491831639,0.9717409610748291,0.41562904800687495,0.7247277975082393,0.054389235324093246,0.17650340497493744,0.43359060287475565,0.7273094092096598,-0.07089871242642398,0.9374534487724304,0.4040291207177296,0.7006290606089998,0.04968734702893664,0.9999959468841553,0.406166350841522,0.7042253698621475,-0.04972143290298323,0.9999988675117493,0.42352726544652647,0.7777410200663972,0.09106166362762447,0.8437583446502686,0.40482542429651514,0.789368345056261,-0.0636078881365912,0.9996228814125061,0.43827415789876645,0.849554598331451,0.12809575859989433,0.9610338807106018,0.38075889093535265,0.8707891191755018,-0.06925139927438323,0.9990756511688232,0.43705025570733186,0.8672117573874333,0.12932435444423124,0.9639472365379333,0.37335055555616087,0.8839742660522456,-0.07102308997086113,0.9876056909561157,0.45743888701711366,0.847098246642521,0.1066836093153272,0.9321619868278503,0.3982432654925753,0.8875805565289084,-0.11013298460415426,0.9953383803367615
83,0.4252106462206157,0.5658045053482053,-0.007891127946121347,0.999821126461029,0.4225707914148057,0.5598026003156387,-0.00432112177035638,0.9995218515396118,0.4215845525264738,0.559953383037022,-0.004384365850793461,0.9994116425514221,0.4205985043730053,0.5600763746670312,-0.004339442841176473,0.9995076060295105,0.42477060897009694,0.5600496666772024,-0.01798361986875533,0.9997986555099487,0.425345878941672,0.5603334750447952,-0.018098228371569082,0.9998576045036316,0.42586750728743394,0.5605454819543019,-0.018137792284999565,0.9999017119407654,0.41778999056134886,0.5643437521798267,0.0125498244272811,0.9995739459991455,0.4250279664993284,0.5653315697397503,-0.04979948944279124,0.9998388290405273,0.4229213331426891,0.574047803878784,0.000815114595129022,0.9995951652526855,0.42484170879636474,0.5741504924637928,-0.01794343212885515,0.9997880458831787,0.40904015813555017,0.6027895178113662,0.05648396526064189,0.9999799728393555,0.41905683875083904,0.6076596736907955,-0.09213848688772742,0.999998927116394,0.41105500033923537,0.664106464385986,0.07632590425865987,0.19196875393390656,0.42280414359910123,0.6725796358925953,-0.10465531242745257,0.9980038404464722,0.4162496200629641,0.7149594783782955,0.050821790045925526,0.18929526209831238,0.43207248364176054,0.7184472254344392,-0.08534426923309049,0.992206871509552,0.4156774061066762,0.7292432120868135,0.05316852884633198,0.19110308587551117,0.4344479194709231,0.7313778042793271,-0.09966540783643718,0.9782214760780334,0.417967356102807,0.7293609551021027,0.03815477796431097,0.1858610063791275,0.43536536267825515,0.7310488956315173,-0.09533757035221367,0.9739861488342285,0.41842830521719776,0.7249391743115013,0.044483897462487196,0.1720494031906128,0.4344324716499872,0.7268983806882583,-0.08342274491276055,0.94217848777771,0.4049558596951619,0.7005608763013564,0.050354887332235046,0.999995768070221,0.40631466593061155,0.7042134472302024,-0.05038165588464053,0.9999988079071045,0.4241425761154718,0.7777530874524794,0.09180197055850706,0.8421366810798645,0.40475277389798825,0.789335363251822,-0.05996415593794411,0.9996249675750732,0.43858785799571426,0.8498621668134413,0.13188067334038864,0.9619884490966797,0.3807446939604621,0.8706208058765952,-0.05984985541020118,0.999119222164154,0.43711569479533585,0.8674077527863635,0.13333696893283292,0.9636207222938538,0.3733574509620665,0.8838802099227901,-0.06104167763675959,0.9878131747245789,0.4577078648975915,0.8478152019636968,0.10919939173119404,0.9358346462249756,0.3982717045715875,0.8877125297273905,-0.09978218461785993,0.9956212043762207
84,0.42636202999523687,0.5645060113498139,-0.04217797666788099,0.9998371601104736,0.4233060530253817,0.5584999578339711,-0.03707253028239521,0.9995649456977844,0.4223914785044532,0.558702140195029,-0.03714481453810418,0.99946528673172,0.42146119049617203,0.5588930317333763,-0.0371034408786467,0.999552309513092,0.42507671288081555,0.5587171077728269,-0.05163408169256787,0.9998167157173157,0.42545836142131244,0.559012424945831,-0.05174996703863141,0.9998704195022583,0.42587801132883324,0.5592310922486439,-0.05179347028689723,0.9999103546142578,0.4183751744883399,0.5636127335684638,-0.010537396344755373,0.999612033367157,0.4247948348522184,0.564360461916242,-0.07700270446283473,0.9998525381088257,0.4241540534155708,0.5728638666016712,-0.029952643718570458,0.9996309280395508,0.4256557958466664,0.5730448501450672,-0.04990175935838902,0.9998067617416382,0.410281774827412,0.6025460124015806,0.042511340762887664,0.9999810457229614,0.41890978813171365,0.6072674274444577,-0.11341870256832663,0.999998927116394,0.41529944283621634,0.6640353202819821,0.06645750956875934,0.19372457265853882,0.4229394427367617,0.6715175049645558,-0.12769960143736425,0.9981123208999634,0.42354597875050115,0.7131655590874805,0.03726242035627363,0.19442619383335114,0.4323714315891264,0.7173290882791789,-0.11594767229897629,0.9927597641944885,0.4240221611091067,0.7267693928309846,0.038569835999182275,0.19636712968349457,0.4349604478904177,0.7306314161845613,-0.13303639888763422,0.9797529578208923,0.42599363752773806,0.7270910246031621,0.0211503505706787,0.19280019402503967,0.4364275080817085,0.7297169855662751,-0.12981217120374947,0.9758462905883789,0.4255619389670233,0.722897636890411,0.029788005458457112,0.17945533990859985,0.4353402308055331,0.7256564123289921,-0.11475163613046913,0.9459484815597534,0.40653425710541846,0.7005766902651103,0.05168320291808671,0.9999956488609314,0.4065519256251197,0.704225613389696,-0.05169319297586166,0.9999987483024597,0.42538426092692766,0.7775530866214204,0.0959448118294988,0.8290954828262329,0.4047082560403005,0.7893327372414721,-0.06707768014499116,0.9996181726455688,0.4390021800994871,0.8503083416393822,0.14625482239893497,0.9608690738677979,0.38076209596225175,0.8705132484436031,-0.06696204724056376,0.9991478323936462,0.4372299211365834,0.86760812486921,0.14850853128092623,0.960536539554596,0.3734135048730031,0.8837893400873453,-0.0683233593191419,0.9876108765602112,0.45814816440854733,0.8487796068191524,0.12329511514731811,0.9385470151901245,0.39829510109765165,0.8880150675773617,-0.11031945283923825,0.9958863258361816
85,0.4268770567008425,0.5637977991785319,-0.05773487745651174,0.9998509287834167,0.42371453727994624,0.5577116608619688,-0.05208145116588897,0.9996021389961243,0.4228480219841002,0.5578840085438317,-0.052160493191331606,0.9995115399360657,0.42195841499737313,0.5580461672374177,-0.05212618550285694,0.9995911717414856,0.4252584619181495,0.5579730510711667,-0.06686691407646449,0.9998325109481812,0.4255284011363981,0.5582557661192755,-0.06698315484183173,0.9998815655708313,0.4258936754294802,0.5584502015795023,-0.0670293673340763,0.9999178051948547,0.4187866696289605,0.5629143033708842,-0.021786132827401154,0.999645471572876,0.4246083787509371,0.5636064120701378,-0.08930508600813997,0.9998642206192017,0.4248292795249392,0.5721026420593258,-0.04422375619344943,0.9996635317802429,0.4261295633656636,0.5723406195640561,-0.06446032385740959,0.9998237490653992,0.4123182671410695,0.6023626106125965,0.03497390028621468,0.9999821186065674,0.4185689100197381,0.6069081323487415,-0.12382212834698808,0.999998927116394,0.42028232983180436,0.6638892769813534,0.062360818258353615,0.2029365748167038,0.4230039622102463,0.6705588476998462,-0.1418543285557201,0.9981996417045593,0.43330574801989946,0.7103974086897711,0.032155729138425404,0.21496443450450897,0.43226176840918384,0.7162125928061345,-0.13784027014459876,0.9932758808135986,0.43567169989858334,0.7228072745459417,0.033079397997685826,0.2159019410610199,0.43472613947732086,0.7297709328787665,-0.1564089549439293,0.9811861515045166,0.4369480729103086,0.7235403946467804,0.014253408807728966,0.21535718441009521,0.43666513902800397,0.7284463439668925,-0.15451350063085548,0.9776014089584351,0.4355549829346791,0.7194471154894144,0.024023901458297442,0.2025534212589264,0.43561354790415063,0.724228717599596,-0.13742229087012148,0.9494419693946838,0.4092985945088521,0.700702014991215,0.052585982211998505,0.9999956488609314,0.4068743739809306,0.704205615179879,-0.052582612420831384,0.9999987483024597,0.42720932619912266,0.7771533489227291,0.09691842091935017,0.8139282464981079,0.40467260139329075,0.7892788188798083,-0.07693300374916617,0.9996286034584045,0.4394062127385819,0.850637715203421,0.14985909845147807,0.9587873816490173,0.38087829436574644,0.8703242421150204,-0.08154420096959382,0.999182939529419,0.43738398551940894,0.86775015933173,0.15220864287444516,0.9559192657470703,0.3735911360808779,0.8833407827786033,-0.08359025695494239,0.9874083399772644,0.4586762496403283,0.850251311915261,0.12593347621815537,0.9404622912406921,0.3982921966484613,0.8883661593709669,-0.12947564103773657,0.9961667060852051
86,0.42708111490522094,0.5632034829684663,-0.06142230182886121,0.9998634457588196,0.423919184718813,0.5570105160985671,-0.05543499429311068,0.9996355772018433,0.42307613577161496,0.5571263585771831,-0.05551743486097878,0.9995532035827637,0.4222107563699993,0.5572238121713908,-0.05548920716558182,0.9996265172958374,0.4253524686608994,0.5573563218116757,-0.07039191424846646,0.9998465776443481,0.425557573352541,0.5576309033802574,-0.07050616219639776,0.9998915195465088,0.42591020464897134,0.5578024540628703,-0.07055191206080569,0.99992436170578,0.41900247079985464,0.5621259416852675,-0.024064387141593854,0.9996761083602905,0.4244374385901858,0.5628481796809602,-0.0923793541533606,0.9998744130134583,0.4251667422907691,0.5713812589645383,-0.047689987186874644,0.9996936321258545,0.4263877766472951,0.5716882467269895,-0.06815040441496029,0.9998393058776855,0.4142920093876973,0.6023085372788564,0.032222820339458315,0.9999833106994629,0.41814845970698744,0.6066598602703637,-0.12669944805758335,0.999998927116394,0.42457943047795954,0.6638456770351953,0.062343310564756366,0.24032245576381683,0.4230721124580926,0.6696644186973568,-0.1474229197416986,0.9983107447624207,0.4403160214424131,0.7077843734196251,0.03363914585539271,0.2685776352882385,0.43144783888544336,0.7157353571483064,-0.14878453335591718,0.9938262701034546,0.44371628250394524,0.7197825653212409,0.034573822362082327,0.26391276717185974,0.43353041836193607,0.7294462442398069,-0.16806842727320526,0.9827004075050354,0.4444884104388099,0.7208498835563657,0.015087192186287462,0.2660946846008301,0.4357824827943527,0.7280057021549766,-0.16721961136375146,0.9794371128082275,0.44274742943899953,0.7164848685264584,0.025231367988245816,0.25379037857055664,0.43486288615635443,0.7235241447176248,-0.14896040473665503,0.95335853099823,0.41211795892034236,0.7008843285696844,0.053010565042495704,0.9999957084655762,0.4073876755578175,0.7041249138968328,-0.05300540626049039,0.9999987483024597,0.4291624435356683,0.7763856615339002,0.09692948013544078,0.8040364384651184,0.4047230533191134,0.7889602984700881,-0.08345208764076228,0.999636173248291,0.43974404505320935,0.8507077489580424,0.15083968681948517,0.957850456237793,0.38106264557157227,0.8700542058263502,-0.0927757515438965,0.999219536781311,0.4375678530761171,0.8677553210939676,0.15329535858971727,0.952602744102478,0.3737830775124684,0.8826101882117131,-0.09544979397739678,0.9872507452964783,0.4590292045048303,0.8515710421970908,0.12617314032145904,0.9430473446846008,0.39830096619469757,0.8886948534420555,-0.14445210503680359,0.9964395761489868
87,0.4272113765989029,0.562885751043047,-0.06155687091606001,0.9998758435249329,0.4240414363997321,0.5565895932061329,-0.055789380520582174,0.9996688365936279,0.4232047685555047,0.5566711527960638,-0.055875553084271265,0.9995942711830139,0.42235461899212406,0.5567246283803664,-0.05585086760776381,0.9996612071990967,0.4254336033548626,0.5569807205881389,-0.07032972829682484,0.9998605847358704,0.4255965173244475,0.5572428175381249,-0.07044137673718585,0.9999013543128967,0.42592886856624035,0.5573893717357088,-0.0704815191881997,0.9999310374259949,0.4191468545368737,0.5615674104009354,-0.025501420668193258,0.9997063279151917,0.42436873912811257,0.5622785653386795,-0.09196398556232448,0.9998850226402283,0.42539742248398893,0.5710390244211467,-0.04829645880631036,0.9997226595878601,0.4266090810298918,0.5713372758456636,-0.06821134580033164,0.9998543858528137,0.4161341428756712,0.6023970995630534,0.028713564095752563,0.9999846816062927,0.4177958207471028,0.606582713127136,-0.12464191317558283,0.9999989867210388,0.42866033485957533,0.6632615566253659,0.061658201260226086,0.28329119086265564,0.4232192507811953,0.6693640828132625,-0.14324861168861383,0.9984080791473389,0.4454509658472876,0.7063579695565356,0.03702929610652582,0.3251791000366211,0.43068157945360436,0.715858777931758,-0.14407498325620371,0.9943258762359619,0.4487483160836354,0.718446964876992,0.03839785775968005,0.3153098225593567,0.43243619969912916,0.7297056896345953,-0.1624062069824763,0.984074592590332,0.44960342645645124,0.7194457837513512,0.019103198578315113,0.3196587860584259,0.43470893587384885,0.7282855681010652,-0.16255478390625538,0.9811061024665833,0.44791180321148444,0.7151098847389218,0.028839005636317378,0.3078472316265106,0.4340009561606814,0.723510704721723,-0.14461872662816722,0.9569336771965027,0.4143114975520541,0.7011361530848909,0.052400408791644204,0.999995768070221,0.4081470549106596,0.7040552701268874,-0.05239955005901198,0.9999987483024597,0.43095097712108044,0.7749688591275893,0.09395187241690495,0.7863394618034363,0.4048219365733009,0.7885391831398008,-0.0845775274293763,0.9996328353881836,0.4400729094232829,0.8506803001676283,0.14685540156705032,0.9536569714546204,0.3811818088803971,0.8698566811425341,-0.09914476211581907,0.9992341995239258,0.43780681235449637,0.8677223154476706,0.14906662574836177,0.9451584219932556,0.3738495809691291,0.8820536494255062,-0.10237716925995685,0.9865013957023621,0.45926457473209903,0.8528390101024078,0.11915257381541382,0.9436766505241394,0.3983726169381821,0.8889960510390141,-0.15200908098902013,0.996654748916626
88,0.4274974669728958,0.5618697370801651,-0.06533633843064304,0.9998874068260193,0.4242809678827011,0.5556049466133115,-0.059393584196056615,0.9996998906135559,0.42347673773765543,0.5557338953018185,-0.059486482505287416,0.9996324777603149,0.42265884705952217,0.5558276789528981,-0.05946511179208752,0.9996933937072754,0.4255281669752936,0.5559346812111987,-0.07361402703183034,0.9998736381530762,0.4256354910986762,0.5562161547797064,-0.0737233853765896,0.9999105334281921,0.42593277267047314,0.5563847967556542,-0.07376230614525928,0.9999372959136963,0.41937382817268354,0.5607936433383395,-0.028564167448452527,0.9997342824935913,0.4241286712033406,0.5613944155829291,-0.09365962743759151,0.999894917011261,0.42590705156326275,0.5701984763145445,-0.05201783499547411,0.9997493028640747,0.4269228126321518,0.5704604727881293,-0.07153269754988803,0.9998681545257568,0.4180591847215378,0.6025025452886306,0.02433963423328739,0.9999860525131226,0.41747131177357244,0.6065849610737389,-0.12488544114998404,0.9999990463256836,0.4330567044871192,0.6612235392842971,0.05962891089064731,0.33646342158317566,0.42290261558123976,0.6692741615431647,-0.14425380442823676,0.9984952211380005,0.45004719836371265,0.7034416811806812,0.037965780177286676,0.3849635720252991,0.4302344730922152,0.7156869394438604,-0.14828789745058324,0.9947848320007324,0.45350220884595577,0.7155854736055642,0.03963118174246377,0.37219247221946716,0.4316153858389171,0.7296350189617699,-0.1667637254510606,0.9853505492210388,0.45443186845098205,0.7165787458419797,0.020534017735293925,0.37746280431747437,0.433674200092043,0.7282255939074922,-0.16771183950560425,0.9826573133468628,0.45270033819334826,0.7124933396066935,0.029967789192284846,0.3661697506904602,0.43320506044796514,0.723192795685359,-0.14923805083547312,0.9603219032287598,0.41596600839069886,0.7013686878340581,0.051864050754478974,0.9999958872795105,0.4092178702354429,0.7041491849081853,-0.05185905035052978,0.9999987483024597,0.4324895322322843,0.773350552150181,0.09630355515650336,0.7782667279243469,0.40492905889238606,0.788310543128422,-0.08965922061886102,0.9996368288993835,0.4403049486024037,0.8505042689187182,0.15360956064292358,0.9520830512046814,0.38124231014932886,0.8698200566428045,-0.11028081178665157,0.999258816242218,0.43804792336055187,0.8675468581063404,0.15606096982955925,0.94142746925354,0.3738553345203398,0.8819951874869207,-0.11419827746493469,0.9861675500869751,0.45935935548373613,0.8542859707559853,0.1260284100260053,0.9455810785293579,0.3985202286924633,0.8893409473555425,-0.16579175421169817,0.9968813061714172
89,0.4277154053960526,0.5601788742201667,-0.0653121056301253,0.9998971819877625,0.42448533688272727,0.554209334509713,-0.05942202018839969,0.9997262358665466,0.42371068426540903,0.5543959804943628,-0.05951759581054957,0.9996652007102966,0.42291179554803016,0.554551633766719,-0.059498269749539215,0.9997211694717407,0.4255937593323842,0.5544725758688788,-0.07323575871331348,0.9998847842216492,0.4256628555910926,0.5547787427902219,-0.0733451283403805,0.9999183416366577,0.4259255852018082,0.5549780368804929,-0.07338439949921197,0.9999425411224365,0.4195805413382392,0.5598343287195475,-0.028982537346226814,0.9997586011886597,0.4238578958170753,0.5603456071444918,-0.09224817646401265,0.9999030232429504,0.4264039584568567,0.5688176955495559,-0.05223068967461583,0.9997729063034058,0.4272362615380966,0.5690468072891233,-0.07121140637568062,0.9998803734779358,0.41972851582935855,0.6024732402392794,0.02272867544421127,0.9999872446060181,0.41725358877863183,0.6066130740301947,-0.12329629531928465,0.9999990463256836,0.4370624414512087,0.6576192958014349,0.05823088043502396,0.3850826323032379,0.4223834795611243,0.6693634339741295,-0.1430377372673579,0.9985768795013428,0.45451526045799234,0.6990534169333318,0.038842052859919395,0.4396762549877167,0.4301418142659321,0.7155173301696773,-0.14828910955360952,0.9952166080474854,0.45888171536581834,0.71109230858939,0.04096635665212357,0.4248000681400299,0.4312715070588246,0.7295277731759204,-0.1665562574352536,0.9865562915802002,0.459669278349195,0.7123440146446225,0.022145802208355485,0.4309092164039612,0.4331020942756106,0.7280909248760765,-0.16768996076924453,0.9841207265853882,0.4578077341829025,0.7086472460201805,0.031061286159924085,0.42035990953445435,0.43282603451183843,0.7228709510394502,-0.14934595354965746,0.963527262210846,0.41758740629468627,0.7015433038984024,0.05114958488515442,0.9999959468841553,0.4104250601359774,0.7042994805744712,-0.051138079059975465,0.9999986886978149,0.43405084950583295,0.7720317193440025,0.09955435608114512,0.758148193359375,0.40533589209829035,0.7879540971347261,-0.09370795254196435,0.9996362924575806,0.4406412039484294,0.850314618859972,0.1635977110692432,0.947378933429718,0.38128389120101913,0.8697382535253249,-0.11860441884824202,0.9992826581001282,0.4382328450679777,0.8674396753311153,0.16677030665533876,0.9332427382469177,0.37391223737171697,0.8818709407533913,-0.12291210634367802,0.9857756495475769,0.45965901528085956,0.8563638210296627,0.13110882065125867,0.9452771544456482,0.3986269797597611,0.8895634549004687,-0.1750496723822184,0.9970910549163818
90,0.42795756799834095,0.5581863335200716,-0.07084077341215947,0.9999065399169922,0.4247125310557227,0.5526644502367289,-0.06456875907523288,0.9997509717941284,0.42398584399904504,0.5528909546988349,-0.0646636221025671,0.9996957182884216,0.42322997535978024,0.5530918717384335,-0.06464560287339344,0.9997469186782837,0.4256519734859464,0.5529369235038755,-0.0784976169466972,0.9998952150344849,0.4256993055343625,0.5533024379185265,-0.07860714282308302,0.9999257326126099,0.42591973883765066,0.5535718100411549,-0.07864709304911746,0.9999475479125977,0.41981818250247394,0.5588694640568321,-0.03229863100818224,0.9997808933258057,0.42344302875655015,0.5594723122460499,-0.09596077076026366,0.9999108910560608,0.4269934577601295,0.5669120447976246,-0.05714020218167984,0.9997943639755249,0.4276096080030712,0.5672007799148557,-0.07623539247683112,0.9998915195465088,0.42101085186004616,0.6023995637893673,0.020606577768921844,0.9999883770942688,0.4170830607414243,0.6066834500857758,-0.12544840893575118,0.9999991059303284,0.43953910555158326,0.6526655009814668,0.05611897962433949,0.4281199276447296,0.42148408038275564,0.6693967853273661,-0.14475728869438165,0.9986603856086731,0.4587070499147685,0.692307330880846,0.036507710388728534,0.4872700273990631,0.43007363847323804,0.7154652118682858,-0.15224295854568473,0.9956107139587402,0.46350107874189084,0.7044161421912054,0.038365241033690295,0.4696725606918335,0.43093858531543167,0.7297291687556672,-0.1710041633674076,0.9876501560211182,0.46430676324026904,0.7059870617730274,0.01909795760044029,0.4767393171787262,0.43292351450238886,0.7280743360519406,-0.17231547875063752,0.9854453802108765,0.4623948642185754,0.7023519022124152,0.028463992529681736,0.46695324778556824,0.43278359600475835,0.7227884343692231,-0.15344451921326768,0.9664564728736877,0.418984052964619,0.7016533000128606,0.05049661429865017,0.9999961256980896,0.4116979232856204,0.7044232743127001,-0.050483184201376756,0.9999986886978149,0.4355692054544174,0.7714753815105979,0.09777967589242113,0.7500050663948059,0.40615444268499085,0.7874149322509763,-0.08909756966999595,0.9996415376663208,0.440995932476861,0.8503785218511305,0.16391678793089723,0.9475539326667786,0.3813016610486165,0.8695299097469871,-0.10567971978868751,0.9993157982826233,0.43827817780630907,0.8675258210727143,0.16742829765592296,0.9323816299438477,0.37393397774015136,0.8815179075513563,-0.10926676328693112,0.9859004020690918,0.4600546010902948,0.8585473060607907,0.1269013038703373,0.9477383494377136,0.3986994002546581,0.8896934679576325,-0.1625706187316349,0.9973018169403076
91,0.4280545856271469,0.5558776276452198,-0.07764479475361957,0.9999154806137085,0.4247985618455068,0.5510864274842395,-0.07110476227743281,0.9997748136520386,0.42411637306213357,0.5513704112597871,-0.07119694054126736,0.9997248649597168,0.42338286723409363,0.5516262837818688,-0.07117923210774146,0.9997713565826416,0.4255936988762445,0.551420724391937,-0.08505850114992683,0.9999052882194519,0.42560598424502766,0.5518897448267253,-0.08517201415130066,0.9999328255653381,0.42572229419435753,0.5522645354270932,-0.08521190945591242,0.9999525547027588,0.4199742410864147,0.5577727402959549,-0.03673209090317997,0.9998019933700562,0.42290976984160267,0.558655878475734,-0.1004790474261556,0.9999189972877502,0.42729783569063434,0.5644736971173965,-0.06317371428012844,0.9998143911361694,0.427853168760027,0.5647926517895288,-0.08228003574269155,0.9999020099639893,0.42272318346159776,0.6020688772201535,0.019055111227290963,0.99998939037323,0.4169617039816718,0.606765122073037,-0.12798455059528346,0.9999991655349731,0.4420901800904953,0.6472921098981581,0.05558188845004351,0.46627187728881836,0.4208476279463085,0.6694529158728459,-0.14623651334217608,0.998749315738678,0.46348926254681155,0.6850612418992175,0.03422801984207969,0.5310452580451965,0.4300488693373542,0.7156280721936904,-0.1555080137082508,0.9959750175476074,0.468130598749433,0.6956810321126662,0.035708423810345766,0.5114209651947021,0.4307008964674811,0.7304161889212468,-0.17448905748980378,0.9886482357978821,0.46913336600576105,0.696689460958753,0.016905168497136653,0.5194367170333862,0.43294379115104653,0.7286568335124421,-0.1763884974377495,0.9866530895233154,0.46708091667720225,0.6932045613016398,0.026353736594319332,0.5103666186332703,0.43284953151430383,0.7232199515615187,-0.15697428030627109,0.9690965414047241,0.42012924466814294,0.7012903877667015,0.049978510396821135,0.9999961853027344,0.4127697995730807,0.7042827078274314,-0.04996443444064683,0.9999986290931702,0.4371660786015645,0.7709814139774864,0.09059135360377171,0.735602080821991,0.4073730673108781,0.786829132693154,-0.0862783170172146,0.9995847344398499,0.44155213066509774,0.8506789820534838,0.15174934736319945,0.9430426955223083,0.38143680180822087,0.8692787970815381,-0.09654424254383355,0.9992603659629822,0.4382948134626659,0.8677768383707315,0.15463651844433368,0.9251741766929626,0.3740614218371253,0.8811310938426422,-0.0996593683958053,0.9835842847824097,0.46088776673589416,0.8602012923785615,0.11143514556544162,0.9476224780082703,0.39888922146388445,0.8897093244961327,-0.15485280837331492,0.9973301291465759
92,0.4280873426369256,0.5538378136498585,-0.07762841177838185,0.9999236464500427,0.4247862228325433,0.5496202009064808,-0.07061703737292968,0.9997965693473816,0.4241654455661772,0.5499900136675151,-0.07070715044225961,0.9997514486312866,0.42343872615269235,0.5503128119877404,-0.07068869961159566,0.9997935891151428,0.4253653092043739,0.5499444161142619,-0.08456714089427672,0.9999145269393921,0.4252826247896465,0.5505034719194681,-0.08468520471027915,0.9999393224716187,0.4252257645130155,0.5509678023202076,-0.08472902476787564,0.9999571442604065,0.42005386522838023,0.5566689150674,-0.03465380445122717,0.9998212456703186,0.42201447401727926,0.5577406729970656,-0.0984190566199166,0.9999265670776367,0.4273625697408402,0.5622662390981399,-0.0625343499439103,0.9998325705528259,0.4279067363057816,0.5625035592487877,-0.08164448780672887,0.9999115467071533,0.4248243212699888,0.6016106792858666,0.021075629709022378,0.9999902844429016,0.41677814296313676,0.6067669102123803,-0.1266276898128645,0.9999991655349731,0.4455378966672078,0.6418805428913659,0.06002597170216693,0.5013975501060486,0.4200271487236021,0.6694216694150649,-0.14601563726152686,0.9988204836845398,0.46931669967515105,0.6760403837476454,0.038711513578891736,0.5717280507087708,0.4298486164637972,0.7146216818264549,-0.15859873592853538,0.9962611198425293,0.4736542591026849,0.6848810195922849,0.03996658144252639,0.5511001944541931,0.4304845614092689,0.7301903929029189,-0.17809231196131017,0.9894412159919739,0.47477641786847774,0.6842898964881894,0.02181258300053221,0.5597932934761047,0.43296660780906654,0.7280702420643395,-0.1800586270434515,0.9876315593719482,0.47263445258140546,0.6814253807067867,0.03099842417453015,0.5514588356018066,0.43288719228335765,0.7225611192839483,-0.1601651259831019,0.9711769223213196,0.42164307832717873,0.7008268748010905,0.04990077944738522,0.9999963045120239,0.41391211662973654,0.7041354588099884,-0.04988370080079349,0.9999986290931702,0.43888157861573335,0.7707818082400727,0.08868467147861203,0.7262796759605408,0.40863929476056765,0.7866219554628642,-0.08670134948832645,0.9995881915092468,0.4421649873256681,0.8509510687419343,0.14736540317535393,0.9410122036933899,0.3816809185913629,0.86902870280402,-0.09096362516283985,0.9992721080780029,0.4383787197726111,0.8678680385862074,0.14983910662787292,0.9215131998062134,0.37431587917464104,0.8804045609065461,-0.09361773974129128,0.9830167293548584,0.4617459722927636,0.8615476012229916,0.11045844469751626,0.9488748908042908,0.3992524428027015,0.8897862485476898,-0.151793537395341,0.9974828362464905
93,0.42804947240012015,0.5521914294787813,-0.0771685298000063,0.9999303221702576,0.4246880258832657,0.5484487244061058,-0.06998985324587137,0.9998140335083008,0.4241235758577072,0.5489008034978591,-0.07007796892098014,0.9997726082801819,0.42336507439613325,0.5492930259023391,-0.0700587376952171,0.9998118281364441,0.4250307185309272,0.5487117069108143,-0.08407437269176751,0.9999221563339233,0.42480327912739324,0.5493213312966481,-0.08419738646064481,0.9999446868896484,0.4245594390801019,0.549838146141597,-0.0842455461621284,0.9999608993530273,0.42002271243504097,0.5558275018419536,-0.033091458039624336,0.9998368620872498,0.42104643498148214,0.5568664601870943,-0.09746020755597519,0.9999323487281799,0.427251099688666,0.560412217889513,-0.061689195888383015,0.9998480081558228,0.4278319026742661,0.5605729613985332,-0.08096873547349653,0.999919593334198,0.42654811058725606,0.6006712368556428,0.023003988819462903,0.9999908208847046,0.4167067936488558,0.6066712038857593,-0.12633020664964398,0.9999991059303284,0.44901413406644525,0.636036019665854,0.06099237299391199,0.5207452774047852,0.4194893530436923,0.6696596639496937,-0.1472101564918245,0.9988729953765869,0.4749171367713381,0.6643158589090616,0.03850238951189175,0.6011101603507996,0.4296825536659784,0.7132095353943957,-0.16097843774727405,0.9965094327926636,0.47987401485443093,0.6718946797507146,0.03929704736386025,0.5781252384185791,0.4303934207984378,0.7294080053056986,-0.18059890142508908,0.9901325702667236,0.48111016750335667,0.66974024942943,0.02160393542477062,0.5884597301483154,0.43294194170406863,0.7269476771354673,-0.18241260051727287,0.9884844422340393,0.4786239632538384,0.667396429606846,0.03074220509401388,0.5810050368309021,0.43292892490114465,0.7213331512042451,-0.16249845155647813,0.9729576110839844,0.4234114936419894,0.7005089419228687,0.050190309115818545,0.9999962449073792,0.41523510558264576,0.7040398188999717,-0.05016976850373402,0.9999985694885254,0.44038858328546776,0.7706270064626417,0.0910046530621392,0.718908965587616,0.4101559638977049,0.7864690082413806,-0.0830553687044552,0.9995737075805664,0.442700284719467,0.8511727963175088,0.15094129400593886,0.9413254857063293,0.38216299074036714,0.8684103284563334,-0.08239875925438742,0.9992799758911133,0.43854825837271527,0.8678590161459783,0.15348530880042477,0.9209935069084167,0.37454713668142026,0.8786002618925908,-0.08454947684492381,0.9824407696723938,0.46275419592857336,0.8629031998770573,0.11253369855029237,0.9508051872253418,0.39972988281931177,0.8898395521300175,-0.1430428781679698,0.997601330280304
94,0.4280262487275258,0.5520551068442205,-0.0763783250536237,0.9999366998672485,0.4246530183723992,0.5484183226312908,-0.0693749449082783,0.9998309016227722,0.4241187197821479,0.5488828642027717,-0.06946422436407632,0.9997931718826294,0.4233535000256128,0.5492846012115475,-0.06944606836353026,0.9998291730880737,0.4248654408114295,0.5486390062740869,-0.0833748570510319,0.9999293684959412,0.42453698771340487,0.5492411596434454,-0.0834974252751895,0.9999497532844543,0.4241673350334165,0.5497575947216576,-0.08354640879801337,0.9999644160270691,0.4200123505932942,0.555824952466147,-0.03321739435195921,0.9998518824577332,0.4203866737229482,0.5567440339497155,-0.09717357712132585,0.9999381303787231,0.4273204445838926,0.559995605264391,-0.061232847613947705,0.9998623728752136,0.42782282403537186,0.5601593238966803,-0.08035442190510883,0.9999271035194397,0.4275853582790918,0.5997055087770732,0.021751021806682848,0.9999913573265076,0.4166740196091786,0.6067966972078593,-0.12614787242242262,0.9999990463256836,0.4521715164184568,0.6292947769165036,0.057129572438342206,0.545066237449646,0.41895468916211787,0.670463577338627,-0.14801015130111142,0.9989266395568848,0.480337493760245,0.6504913909094672,0.03449588481869015,0.6309929490089417,0.42951049719537987,0.7129319105829508,-0.16150362491607656,0.9967092275619507,0.486073178052902,0.6570021407944813,0.034777452477387005,0.6070253252983093,0.4302353458745137,0.7290520940508158,-0.1806662338120596,0.9906836748123169,0.48719019719532536,0.6541349666459217,0.016697393118270797,0.6183180212974548,0.4327325165271757,0.7264369760240824,-0.1824692738907677,0.9891768097877502,0.4845199806349616,0.6525074856621875,0.02639923260680265,0.6115328073501587,0.4328414193221499,0.7211080159459792,-0.16304750995976577,0.9743310213088989,0.4255436863218033,0.7006056785583493,0.04930372610688207,0.9999962449073792,0.4168883587632859,0.7042913079261777,-0.04929064139723775,0.9999985098838806,0.44166461314473815,0.7707143562180652,0.0888287525091852,0.7252268195152283,0.4121191373893191,0.786324642385755,-0.07099139094352719,0.999553382396698,0.44317613840103126,0.851614189147949,0.14327243651662547,0.9440762996673584,0.3833783268928526,0.8667025753429953,-0.061820283106395146,0.9992804527282715,0.4387602448463438,0.8678656612123758,0.14529342353343958,0.9239354729652405,0.3752651521137781,0.875312619549887,-0.06307585175548278,0.9819555878639221,0.4634506038257052,0.864489238602774,0.1034545664276395,0.9538400173187256,0.3999858098370686,0.889812270232609,-0.11851883104869292,0.9976872205734253
95,0.42799133573259607,0.551735620839255,-0.07660572890724451,0.999941885471344,0.42459051694188776,0.5483548726354324,-0.06977610907384324,0.9998440146446228,0.4240715682506559,0.5489050252096991,-0.06986893287726807,0.9998094439506531,0.4233348769801002,0.549381385530744,-0.06985345269952499,0.9998432993888855,0.4246962308883665,0.5485147050448824,-0.08354953122990469,0.9999351501464844,0.424287267242159,0.5491812058857506,-0.08367122134992051,0.9999538064002991,0.42382679581642135,0.5497711420059201,-0.08372160132442197,0.999967098236084,0.4199849333081925,0.555922540596553,-0.03440501125795499,0.9998643398284912,0.41996923429625355,0.5567927156175883,-0.09743005846227913,0.9999420046806335,0.42745963845934165,0.5597137144633699,-0.06191919573715752,0.999874472618103,0.42783381853784813,0.559892358098711,-0.08072449288197922,0.9999332427978516,0.428382976566042,0.5984433054924009,0.020089828129857767,0.9999918341636658,0.4166932463645933,0.6071614589009964,-0.12582765008722027,0.9999988675117493,0.4549793447766983,0.6212077600615362,0.0537116223147937,0.5787521600723267,0.4189174686159405,0.6717620015144345,-0.14794339963368003,0.9989665746688843,0.48428625975336326,0.6348129459789817,0.03795994371175764,0.6629284620285034,0.4293923343930924,0.71476046528135,-0.16029744403702867,0.9968459606170654,0.4908625228064399,0.6390933854239325,0.0392574254955564,0.6383363008499146,0.4300128366265976,0.7299265878541126,-0.1785234651395252,0.9910407066345215,0.49186817067010036,0.6362834964479716,0.02183367535471915,0.6498104929924011,0.4324363785130635,0.7276328495570588,-0.18068565939153935,0.9896745681762695,0.4889080447810034,0.6355604273932318,0.03009318528430801,0.6439265608787537,0.43266006963593595,0.7230045488902497,-0.16198899958814886,0.9754438996315002,0.42806863614491036,0.7006150875772745,0.04811515871967586,0.9999961256980896,0.418761280604771,0.7044777665819437,-0.04811350873538424,0.9999982714653015,0.4429694150175365,0.7707775167056489,0.08715181648731227,0.7324725985527039,0.41467152663639595,0.7862278767994468,-0.06394508257508275,0.9994720816612244,0.4438182209219249,0.8519527486392425,0.13562435784510196,0.9470159411430359,0.38521446926253167,0.8638462730816427,-0.05142042700733455,0.9992431998252869,0.43890454087938563,0.8678260598863871,0.13718811763184405,0.9270585179328918,0.37648389680044975,0.871760090759822,-0.052166586901460345,0.9810128211975098,0.4638256277356827,0.8656297939164294,0.09702244145529607,0.9568057060241699,0.39997373989650165,0.8895650403840197,-0.10400376043149398,0.9977149367332458
96,0.42796175224440414,0.5514715790748593,-0.07666040297065459,0.999946653842926,0.42437051619802185,0.5482592889240807,-0.07004526959998264,0.9998562335968018,0.4238812344414845,0.5489045057977946,-0.07014235534838265,0.999824583530426,0.42322500773838573,0.5494756834847584,-0.07013079034430636,0.9998562932014465,0.4243454626628329,0.5483661719730919,-0.08324033064501621,0.9999405741691589,0.42387098244258314,0.5491022723061696,-0.08336288354226518,0.9999576210975647,0.4233520644051686,0.5497829948152813,-0.08341773727110449,0.9999696016311646,0.4199338572365895,0.5560769149235314,-0.03614559546113012,0.999876081943512,0.41965051463672076,0.5569348709923878,-0.09646885033164701,0.9999460577964783,0.4276267690317969,0.5597074883324756,-0.06258369450058253,0.999885618686676,0.42785554698535355,0.5598345296723499,-0.08059845588036943,0.99993896484375,0.42890054924147447,0.5961555651256014,0.01587260039523243,0.9999922513961792,0.41671232495989097,0.6075276187488008,-0.12340036949941083,0.9999986290931702,0.45636782220431715,0.6127653292247224,0.05192500022905211,0.6111208200454712,0.4190276716436656,0.67258676971708,-0.14471374579838336,0.9990060925483704,0.4869535803794859,0.6190073064395356,0.0494320964174611,0.6937880516052246,0.4296741187572477,0.7163646153041291,-0.15509002847330902,0.9969913363456726,0.49357255356652374,0.6208316292081557,0.052203448861837365,0.669916570186615,0.43026094266346504,0.7304800697735374,-0.1718164439712251,0.9914352893829346,0.4943403465407233,0.6182836396353583,0.03424184048282247,0.6810325980186462,0.4325576858861104,0.7283251132283889,-0.1741565614938735,0.9901973009109497,0.49148868833269366,0.6186451571328296,0.04251038804650305,0.6758305430412292,0.4327983353819164,0.7243937901088167,-0.15677733974797375,0.9766210913658142,0.4306901999882288,0.7002809814044404,0.04602829867175645,0.9999960064888,0.42069462878363456,0.7043861865997311,-0.04603785819240976,0.9999979734420776,0.4442843403135025,0.7706701517105099,0.08020440999950679,0.7470420598983765,0.41795787981578264,0.78582820211138,-0.062311717867851224,0.9994513392448425,0.4445794011865341,0.8522297944341384,0.12172882131167814,0.9509076476097107,0.38705587557383925,0.860895352704184,-0.046231272178036804,0.9992534518241882,0.43897222365651795,0.8678502082824703,0.12270728775433126,0.9312300086021423,0.3782454984528676,0.8684431212288989,-0.04647992998361586,0.9809935688972473,0.4637919085366383,0.8659807426588872,0.08341978192329402,0.9601548910140991,0.399812282834734,0.8893268125397814,-0.09534693402903416,0.9978146553039551
97,0.4278028632913315,0.5510273507663179,-0.08747813467468529,0.9999502301216125,0.42391074384961785,0.5480889167104446,-0.08075075830732069,0.9998651742935181,0.4234873550278798,0.5487954667636323,-0.08085753832544595,0.9998356699943542,0.4229409388133456,0.5494437353951588,-0.08086195758410858,0.9998664259910583,0.4237430827958242,0.5481782623699731,-0.09387947704110822,0.999944806098938,0.42323857545852644,0.5489633645330154,-0.09400476792028967,0.9999604821205139,0.42271227581160387,0.549720227718353,-0.09406468038048059,0.9999713897705078,0.4198482028075625,0.5561359746115545,-0.04688198960253168,0.9998854398727417,0.419361067669732,0.5570005689348491,-0.10694205888680045,0.9999484419822693,0.427711966208049,0.5593705756323676,-0.07297999773706705,0.9998947381973267,0.4278553869043076,0.5594468218939643,-0.09088653091873437,0.9999434947967529,0.42998806067875434,0.5924599545342579,0.006016515581203355,0.9999925494194031,0.41673009055001375,0.6077800154685971,-0.13052879635776787,0.9999983310699463,0.45797877652304486,0.6027765801974703,0.04522369216595375,0.6376463174819946,0.41932151232446924,0.6732451881681166,-0.1531519774879727,0.9990262985229492,0.48882832782609104,0.5993606635502404,0.04844424309475079,0.7198706865310669,0.43072783095496026,0.7179424558367045,-0.16483636200428,0.9970561861991882,0.49572317940848193,0.5983907699584958,0.05160132423043248,0.6959159970283508,0.4314982022557938,0.731152830805097,-0.18142263463565272,0.9915916323661804,0.49622502071516833,0.5956075038228714,0.0336996592581272,0.7069894075393677,0.43363679136548705,0.7290005326271054,-0.18414425807339796,0.9904577136039734,0.49329649295125666,0.5967118297304423,0.042086159331457935,0.7024632096290588,0.43390784604208793,0.7254521880831034,-0.16666689855711792,0.977226972579956,0.43312643085207236,0.6998629433768133,0.04476928263902662,0.9999960064888,0.42255514349256224,0.704129099845886,-0.0447783542530877,0.9999977946281433,0.44551956823893935,0.770424115657806,0.07704069507973531,0.7609337568283081,0.42191749385425004,0.7853921430451525,-0.06281330830284523,0.9993579387664795,0.44489423206874285,0.8525262798581801,0.1176323858754975,0.9546802043914795,0.3890433498791285,0.8582732660429814,-0.03851578006786958,0.99922114610672,0.4389703801700045,0.8678621615682325,0.1185226732066699,0.9353755712509155,0.38029974358422397,0.8650831920760015,-0.03768700680562426,0.9803977608680725,0.46377748165811794,0.866339414460318,0.07965384647250172,0.9632573127746582,0.399809179987226,0.8892758539744783,-0.08284834261451444,0.9978266954421997
98,0.42742311017853857,0.5506015573229106,-0.09590094387531276,0.999954104423523,0.42329595940453646,0.5481554031372067,-0.09067761770316529,0.9998756051063538,0.4229333749839236,0.5488382118088855,-0.09077231479542591,0.9998487830162048,0.42249337349619165,0.5494954790387833,-0.09073031502110612,0.9998776316642761,0.4231073754174367,0.548312505653926,-0.10334225658859521,0.9999492764472961,0.4226463641439163,0.5490983690534317,-0.10346873658043992,0.9999635815620422,0.4221826085022516,0.5498713408197673,-0.10353720209428238,0.9999732971191406,0.4196799388953616,0.5561564087867734,-0.05446223095059392,0.9998956322669983,0.41915194477353757,0.5570795961788719,-0.11173284713711053,0.9999516606330872,0.4277608411652699,0.5584938849721633,-0.08232169683490478,0.9999040365219116,0.4278540509087697,0.5586725609643116,-0.09962331610066547,0.9999481439590454,0.43119506665638496,0.5877818039485384,-0.0005740881631416937,0.999993085861206,0.416685823031834,0.6079490627561295,-0.13303883224725715,0.9999979734420776,0.45942804898534484,0.592051177365439,0.038884391954966936,0.669333815574646,0.4197550458567481,0.673670947551727,-0.15992510361330842,0.9990454316139221,0.4888915930475505,0.582190086160387,0.04221472239920069,0.746920645236969,0.4321531040327887,0.7192505342619757,-0.17716863964285162,0.9970476627349854,0.4956092034067424,0.5788935916764393,0.044676307695252535,0.7248454093933105,0.433207697527749,0.7322161095482959,-0.1943987548351287,0.9916188716888428,0.49592508673667884,0.5754257900374273,0.027873143553733812,0.7350485324859619,0.4354583476270946,0.7306215763092037,-0.1972036144563129,0.9905835390090942,0.4930424724306377,0.5768855895314895,0.03606551427926334,0.7309185862541199,0.43561077543667365,0.7265603423118587,-0.17919082045555107,0.9775546789169312,0.43479643889835884,0.6994451097079681,0.0435946532658168,0.9999961256980896,0.4248557695320673,0.7038167902401512,-0.04360853891287529,0.999997615814209,0.4459875770977563,0.7711859481675281,0.06785966157913205,0.7777735590934753,0.4276541880198885,0.7842438953263415,-0.06378865476165496,0.9993468523025513,0.4449211588927675,0.8530243362699232,0.10071228742599482,0.9585654139518738,0.3918354579380578,0.8556434154510494,-0.03258429063217979,0.9992220997810364,0.4390127820628028,0.8680945140974858,0.10075290479830327,0.9401363730430603,0.3819990677492957,0.860034574781145,-0.030795030029756667,0.9808731079101562,0.46587111013276217,0.8657233340399603,0.06150936803647447,0.966400146484375,0.4000574546200886,0.8891741497176029,-0.07107233852148052,0.9979025721549988
99,0.4267520129680632,0.5497127226420808,-0.0934737037335123,0.9999583959579468,0.4225861864430562,0.5480689287185666,-0.08868510020630696,0.9998872876167297,0.42228037289210707,0.5487713677542547,-0.08876147610800603,0.9998630285263062,0.4219273788588386,0.5494667036192755,-0.08869478383234565,0.9998893737792969,0.4224268828119549,0.5482949887003215,-0.1014640058789934,0.999954104423523,0.4220394756112778,0.5491352796554563,-0.10158968951020916,0.9999669790267944,0.4216562969344001,0.5499609981264384,-0.10167590145553856,0.9999756813049316,0.4194092103413171,0.5561584370476857,-0.049278333836368135,0.9999057650566101,0.41890098111970064,0.5571326936994278,-0.1062776625156402,0.9999558925628662,0.42771421756063166,0.5570868526186259,-0.080171739416463,0.9999133348464966,0.4277924699442725,0.5574385234287804,-0.09754492044448848,0.999953031539917,0.4321140876838137,0.5842577832085742,0.0023449834569224267,0.9999936819076538,0.4165911640439713,0.6081273726054597,-0.12825083477156496,0.9999977946281433,0.4602338748318806,0.5811972294534953,0.0405289896896907,0.7003044486045837,0.4201938194887977,0.6745333245822358,-0.15939797801630828,0.999096155166626,0.4873931927340369,0.5635822023664199,0.04012839953814232,0.7719063758850098,0.4336904236248559,0.7211079938071112,-0.18027463853359216,0.9970975518226624,0.4943376140935078,0.5585922036852152,0.041489982179232984,0.751833975315094,0.435230459485735,0.7346364753586901,-0.19826690937791544,0.991813600063324,0.49450724124908424,0.5547044396400449,0.02720576024481227,0.7610969543457031,0.43787320681980657,0.7337345566068373,-0.20084433385304032,0.9908633232116699,0.4915907161576405,0.5566327231270924,0.03385071360639162,0.757327139377594,0.43779134239469236,0.7289334467479157,-0.18228069969585955,0.978287398815155,0.43578393714768526,0.6993263806615554,0.0435355019356523,0.9999963045120239,0.42786978738648535,0.7035766465323309,-0.04355510228446549,0.9999974370002747,0.44558725016457673,0.7739649806703837,0.06309326578463824,0.7959169745445251,0.4361661544867922,0.78270605461938,-0.07072817800300459,0.9993531703948975,0.4448282122611998,0.8533596958432875,0.09289007421050749,0.962333619594574,0.3941947264330726,0.8529923779623845,-0.030601588157670823,0.9992316365242004,0.4388112979275838,0.8683485490935186,0.09266390608889712,0.9449101090431213,0.38882430791854844,0.8579093439238408,-0.027464100452406052,0.9817048907279968,0.4578510854925426,0.8704964484487258,0.054035486174481236,0.969476580619812,0.3988314798900058,0.8892661809921261,-0.061921312021357644,0.9980018138885498
100,0.42618827394076736,0.5489569732121056,-0.08165590944034709,0.9999620318412781,0.42205980675561067,0.547907313278743,-0.07603808609502652,0.9998970627784729,0.4217850259372164,0.5486511281558443,-0.076106505628143,0.9998751282691956,0.4214804129941121,0.5493999004364011,-0.07605507267372945,0.9998994469642639,0.42191651633807575,0.5481769749096459,-0.08911373317241664,0.9999582767486572,0.42157362529209663,0.5490881817681447,-0.08923912793397899,0.9999698996543884,0.42123388051986677,0.5499843188694542,-0.089332731281008,0.999977707862854,0.41917172670364367,0.5561513900756834,-0.03609308121459823,0.9999147653579712,0.41869595221110734,0.5571513874190192,-0.09421422311237876,0.9999596476554871,0.4277338377067019,0.5560952237674166,-0.06801552304199761,0.9999215602874756,0.42773233481815864,0.5565114174570354,-0.08566668672221044,0.9999573826789856,0.43259311658995475,0.582349520070212,0.012182267848402257,0.999994158744812,0.41650412934167025,0.6082860878535676,-0.1180022708007267,0.9999973177909851,0.4596319692475453,0.5717177425112041,0.04649307961974823,0.7281110882759094,0.42038049357277985,0.6750268527439659,-0.15436284499508987,0.9991212487220764,0.48488000205584914,0.5475044778415132,0.04124728388019969,0.7944255471229553,0.4345797164099555,0.7211942349161418,-0.1783526829310825,0.9970844388008118,0.49200587102345034,0.5418254647936138,0.04119368823511258,0.7762160301208496,0.4363702399390082,0.7357498764991757,-0.1968520603009632,0.9919038414955139,0.4919591895171571,0.5378270983695981,0.027436974431787206,0.7846079468727112,0.43923109003475713,0.7343314800943643,-0.19922965211527677,0.9910049438476562,0.48910727586064995,0.5398252640451702,0.03493111420954975,0.7811740040779114,0.4389574578830172,0.7289313759122573,-0.1802824079990386,0.9787537455558777,0.4367732048034666,0.6992326906749178,0.04344341265303746,0.9999963045120239,0.4309939180101665,0.7033768704959321,-0.04347096553870608,0.9999969601631165,0.4457057186535424,0.7766750267573761,0.0550300387399537,0.8118693828582764,0.44541128958974546,0.7799547621182029,-0.07607841108526497,0.9993343949317932,0.44338951536587284,0.8532688481467108,0.07796791706766397,0.9656793475151062,0.40499974829809987,0.8509547608239305,-0.02682739730392182,0.9991936087608337,0.43850893889154685,0.8685828975268768,0.0771161922386714,0.9488707184791565,0.402543235676629,0.858615774767739,-0.022564776933618944,0.9823401570320129,0.44199072803769773,0.8780120321682516,0.03769679580415996,0.9721812009811401,0.4078566781112124,0.8856557658740447,-0.052790277238403016,0.9980281591415405
101,0.42535276923860804,0.5479211960520061,-0.06853544137307573,0.9999651312828064,0.4213855326175688,0.547487367902483,-0.061088918149471254,0.9999052286148071,0.42113302690642196,0.5483116780008586,-0.06117258050612038,0.9998853802680969,0.4208579565797531,0.5491620421409604,-0.0611779166119439,0.9999080300331116,0.42126529472214813,0.5477967534746441,-0.074666125859533,0.9999619126319885,0.4209659831864492,0.5488293613706314,-0.0747887660350118,0.9999724626541138,0.42065805537360035,0.5498614668846128,-0.07486874290875023,0.9999794363975525,0.4188976866858344,0.5561142393520897,-0.02410819583705492,0.9999226927757263,0.41846629551478776,0.5571245959826876,-0.08474285070385248,0.9999629259109497,0.4275282629898614,0.5551126905849999,-0.0539962691920144,0.9999288320541382,0.427443913902555,0.5554357784134999,-0.07228210312979558,0.9999611973762512,0.43319737826074856,0.5818736059325079,0.02188745556133133,0.9999945163726807,0.416504805428641,0.608409019878932,-0.1108186760119029,0.9999968409538269,0.45916680353028416,0.5644116912569316,0.05127465575933454,0.7534858584403992,0.42048433763640247,0.6752323916980195,-0.14969708536352422,0.9991216063499451,0.48402107102530323,0.5325625947543551,0.03835382908582685,0.8147443532943726,0.4346690756934028,0.7202449696404589,-0.1770721950701304,0.9971619844436646,0.49108522619519895,0.5261334197861806,0.037330996511237946,0.7982377409934998,0.43648888724190826,0.7354570490973333,-0.19584610760211935,0.9922424554824829,0.49142655474799,0.5218621339116776,0.023358282233987525,0.8058375120162964,0.43911752189908687,0.7324132067816594,-0.19825240075588216,0.9914097785949707,0.4883142071110859,0.5243139658655437,0.031702827023608326,0.8027249574661255,0.4389059373310632,0.7271326575960428,-0.1789521804877689,0.9798181653022766,0.43884326475007174,0.6993161116327555,0.0438009871968201,0.9999960660934448,0.43329348138400464,0.7033557466098237,-0.043830068728753474,0.9999960660934448,0.4479777795927863,0.7776818292481554,0.056371307373046846,0.8269553184509277,0.4518314191273278,0.7775747009686058,-0.08118090714727126,0.999218225479126,0.44245521170752367,0.8530038816588261,0.07932703324726646,0.9686079025268555,0.41293064611298674,0.848567916665758,-0.02483359197420732,0.9990272521972656,0.4384516264711106,0.868348041602543,0.07855168772595265,0.9521352052688599,0.4093576959201266,0.8557773521968293,-0.01958100822355065,0.9821479916572571,0.4371683273996623,0.8829407010759622,0.040373679250478724,0.9745497107505798,0.41571064335959274,0.8809248873165672,-0.04582744411059786,0.9978772401809692
102,0.42413362179483666,0.5470055988856721,-0.06435478020991595,0.9999681711196899,0.420451087611062,0.5468755619866505,-0.05665664502552575,0.9999133348464966,0.4202136925288607,0.547808332102639,-0.0567498197512967,0.9998953342437744,0.4199649989604948,0.5487930059432982,-0.05675845454846107,0.9999163150787354,0.42035122258322555,0.547202226093837,-0.06928459980658119,0.9999653697013855,0.42008428999355846,0.5483518481254575,-0.06941055655479428,0.9999749064445496,0.4198080786636896,0.5495289683341977,-0.0694790959358215,0.999981164932251,0.4184999125344411,0.5562772256987433,-0.020560283160635393,0.9999300241470337,0.4180782777922492,0.5572888766016276,-0.08010545500687187,0.9999660849571228,0.426881683724267,0.554058103901999,-0.05001855056200706,0.9999355673789978,0.42668647170066815,0.554176935127803,-0.06717454216309952,0.9999647736549377,0.4338797509670255,0.5814368520464213,0.02552315028650419,0.9999949336051941,0.41672716992241976,0.6091601252555845,-0.10729148983955378,0.9999967217445374,0.45835522583552746,0.5574514303888591,0.05056014380284716,0.7763135433197021,0.4206671893596647,0.6752109817096161,-0.14435118968997676,0.9991621971130371,0.48308090312140306,0.5213004537991113,0.036432904590453404,0.8330584168434143,0.4342788313116344,0.7197031361716131,-0.1756846755743026,0.9972934722900391,0.48916067991937884,0.5142214306763238,0.035260200819798866,0.818115234375,0.4361264611993515,0.7354697568075994,-0.19414528182574672,0.992685854434967,0.4898459579263412,0.5100776076316831,0.021452558359929486,0.8249919414520264,0.4386754376547675,0.7316529291016711,-0.1976303560393196,0.9919263124465942,0.48670932565416586,0.5128069221973417,0.029831191790955395,0.8221617937088013,0.43847555092402846,0.7259874582290646,-0.17796802435602452,0.9810920357704163,0.44174557583672636,0.6992570723806105,0.043945428729057295,0.9999961853027344,0.434462089197976,0.7032852683748514,-0.04397577920130319,0.9999958872795105,0.4523504461560928,0.7773120096751618,0.0554330936500004,0.8403699398040771,0.4548501457486832,0.7762580582073754,-0.0845781945756503,0.9992401003837585,0.44301144054957775,0.8525724002293175,0.079668658546039,0.9713956713676453,0.41608060257775425,0.8455453157424923,-0.02746130494134765,0.9990186095237732,0.43869522809982275,0.8678506459508619,0.07906926316874364,0.9556908011436462,0.40647066831588724,0.8480758530752995,-0.022481725098831302,0.9829179048538208,0.4496714123657769,0.8804787278175349,0.04256062230893542,0.976834774017334,0.41820677859442557,0.8769617268017356,-0.04681353760617118,0.9979538321495056
103,0.42294355205127154,0.5467683366366792,-0.06193743816443849,0.999970555305481,0.4195320657321383,0.5472152488572254,-0.054531193205288445,0.9999198913574219,0.41932215435164294,0.5482074533190043,-0.05462901102645054,0.9999034404754639,0.4191190821783881,0.5492963262966699,-0.05464034697839189,0.9999231696128845,0.41946158749716606,0.5475521240915568,-0.0659804889133998,0.9999682903289795,0.4192264071532656,0.548763961451394,-0.06610932201147077,0.9999769926071167,0.4189857227461677,0.5500370468412124,-0.06617779327290396,0.9999825954437256,0.418111900772367,0.5573578885623385,-0.01964503005146979,0.9999364614486694,0.41767713682992097,0.5584868192672727,-0.07559474025453836,0.9999688267707825,0.4261065832206179,0.5538298419543672,-0.04825391301086968,0.9999414086341858,0.42586178183555584,0.5537210736955913,-0.06389420756271905,0.9999678730964661,0.4344015376908436,0.5814591612134659,0.02395585931039281,0.999995231628418,0.4170751869678495,0.6110275404793872,-0.10178858190774913,0.9999966025352478,0.4572656963552745,0.5520536439759388,0.046842737868428214,0.7960747480392456,0.42102608169828126,0.6756825038364953,-0.13224349362509585,0.9991937875747681,0.4807628835950577,0.5112804898193901,0.03257916456620607,0.8494230508804321,0.43412592155592766,0.7205721429416108,-0.16118265220097125,0.9974455237388611,0.4860519170761106,0.502586074386324,0.03111812220886348,0.8358704447746277,0.4364665780748638,0.7366564529282703,-0.17809059832777288,0.9931620359420776,0.48650842819895035,0.4989482692309786,0.01869384992335523,0.842109739780426,0.4390751532145907,0.7331092357635496,-0.18263535031250536,0.9924728274345398,0.4837134727409905,0.5023350340979438,0.026558279778276163,0.8395289182662964,0.43880194425582864,0.7271074703761506,-0.1638266682624816,0.9824090003967285,0.4445837131568362,0.6991468667984005,0.04267044493130273,0.9999963641166687,0.43531837548528374,0.7032540610858369,-0.042704977627311416,0.9999959468841553,0.45690257889883834,0.7771549497331888,0.05140572871480667,0.8539769649505615,0.45670713101114524,0.776385721138545,-0.08894698981727868,0.9992801547050476,0.44492133174623744,0.8522061961037768,0.07956096146787912,0.9740132093429565,0.41361592411994913,0.8424587130546566,-0.034001547949654695,0.9990441203117371,0.43884389655930633,0.867153772286006,0.07960367479494637,0.9593183398246765,0.40302469645227684,0.8416677645274567,-0.028802647814154612,0.9838899374008179,0.4614628153187886,0.878018920762198,0.04715192743710107,0.9789522290229797,0.4144962481089999,0.8763567260333466,-0.0533788346818515,0.9980621933937073
104,0.42319948758397763,0.5495919602257862,-0.07325757326824321,0.9999719858169556,0.4193652800151278,0.550040793418884,-0.06649461090564725,0.9999240636825562,0.41916800141334515,0.5509115712983265,-0.0665939021323408,0.9999088644981384,0.4189974222864421,0.5519063319478713,-0.06660529917904305,0.9999281167984009,0.419128700665065,0.5505117484501427,-0.07771442426102498,0.9999704360961914,0.4188893922737665,0.5517146076474868,-0.07784331355776103,0.9999784231185913,0.41872051528521925,0.5530119095529826,-0.0779102476579802,0.9999834299087524,0.417992032425744,0.5598410606384274,-0.03179729341396262,0.9999417662620544,0.4175258346966333,0.5616400837898251,-0.08584942647388999,0.9999707341194153,0.42634183849607177,0.5565239889281134,-0.05928971756781848,0.9999460577964783,0.42589435917990526,0.5565592254911147,-0.07457130083015984,0.9999701976776123,0.43480149762971043,0.581564915180206,0.013638326153159134,0.9999954104423523,0.4178847534315925,0.6135256358555382,-0.10661500649792803,0.9999962449073792,0.45673337238175504,0.5467246157782415,0.035527008928225495,0.8141037225723267,0.4216531344822473,0.6767695426940915,-0.13016241980450488,0.9991835355758667,0.4767314595835547,0.5028776356152124,0.019521590535129814,0.8641775250434875,0.43478872520582995,0.7211836729730875,-0.15301377092088964,0.9975398182868958,0.4818280126367294,0.4928614207676476,0.01721338661653654,0.8518737554550171,0.4377649630819046,0.737290629318782,-0.16740466909749158,0.9935315251350403,0.4813462359564643,0.4897542646953036,0.005689192829387527,0.8575359582901001,0.4406381607055662,0.7340245894023347,-0.17391452746731884,0.9929084777832031,0.47915796892983553,0.493356485877718,0.0138208907097578,0.855181872844696,0.4402213300977432,0.7279427136693679,-0.15599146655627652,0.9835245609283447,0.44639355284827076,0.6989890694618222,0.04122471660375593,0.9999964833259583,0.43737437129020673,0.7032716802188326,-0.04126405300838605,0.9999959468841553,0.4601483694144655,0.7769137518746508,0.04283616691827772,0.8667923808097839,0.45922952890396096,0.7762641923768177,-0.09011745389018735,0.9993066191673279,0.4455902738230567,0.8517699837684627,0.07069728268044331,0.976366400718689,0.41806959935596993,0.840876654216221,-0.039422873514039156,0.9990592002868652,0.4388534656592776,0.8663502233369006,0.07091247056211741,0.9625884890556335,0.4073413601943423,0.8401097944804596,-0.033746819836752734,0.9847161173820496,0.46315760101590814,0.8772532463073727,0.040393523126840566,0.9808489084243774,0.4194764222417557,0.8749639579227988,-0.060461002162524605,0.9981460571289062
105,0.42456536548478246,0.5535868321146281,-0.09514795712062286,0.9999741315841675,0.41990765248026146,0.554122722148895,-0.08889872389180314,0.9999301433563232,0.4196983064923966,0.5548285637583049,-0.08900179330791741,0.9999162554740906,0.41951701811381725,0.5556489382471355,-0.08900809288024898,0.9999341368675232,0.4194424867630003,0.5548208900860375,-0.10089498758316036,0.9999729990959167,0.4191429827894481,0.5560666050229751,-0.10102112527404508,0.9999802112579346,0.4189767709800173,0.5574307748249596,-0.10108479921306879,0.9999847412109375,0.41819493004253916,0.5630149636949808,-0.05277432368269985,0.9999471306800842,0.41764678188732673,0.5659767593656265,-0.10705767550638738,0.9999731183052063,0.4274438270500726,0.560127452441624,-0.08002101927995678,0.9999508261680603,0.4267797921385082,0.5606351069041657,-0.0962637073227337,0.9999727010726929,0.43507208483559723,0.5818730933325629,-0.0025574753726167335,0.9999955892562866,0.41907574789864654,0.6156443817274908,-0.12034371452672135,0.9999959468841553,0.45591245974813166,0.5432655385562349,0.018283074256032695,0.8298256397247314,0.42245259795870077,0.6782110742160249,-0.13911393242222916,0.9991694688796997,0.4724664551871161,0.49702626807349043,-0.0033783820989940843,0.8774317502975464,0.43625686935016067,0.7211465767451691,-0.15873336281095224,0.9975321888923645,0.4772161688123428,0.48488282987049625,-0.007409286778420208,0.8662451505661011,0.43969996571540815,0.7368297253336222,-0.1725374447447912,0.9936535954475403,0.4764786584036689,0.48226546049118024,-0.018749823048710815,0.8713909387588501,0.44275647231510684,0.7334993106978277,-0.17967033641678937,0.9930964112281799,0.4746621208531514,0.4866175004414147,-0.009192928352526252,0.8692211508750916,0.4422237685748507,0.7276766725948876,-0.16163439495222903,0.9840739965438843,0.4477530445371353,0.6986769625118797,0.04036656490394046,0.999996542930603,0.43961742946079774,0.7030923281397135,-0.04040994133268082,0.999995768070221,0.4629362378801616,0.7766262429101123,0.037968688138893654,0.8775451183319092,0.46160036070006216,0.7751970955303733,-0.08896652417523516,0.9993010759353638,0.44570129428591027,0.8516512376921513,0.0673831407512937,0.9782944321632385,0.42208226493426715,0.8406253031321931,-0.04279858544468878,0.9990150928497314,0.4389214387961794,0.8653753399848934,0.06779953773532592,0.9651572108268738,0.41193001781191124,0.8404876044818329,-0.03680151179432867,0.985005259513855,0.46422602023397147,0.8770559293883184,0.037629843503236754,0.982413649559021,0.42565535732677984,0.8734706810542511,-0.06470663792320658,0.9981523752212524
106,0.4259001314640043,0.5569277320589335,-0.11115641125610891,0.9999757409095764,0.4205096312931604,0.5572841559137613,-0.1051478359316076,0.9999349117279053,0.4202748358249662,0.5579706651823859,-0.10525657790047777,0.9999221563339233,0.42006111911364946,0.5587378604071478,-0.10526170358061784,0.9999390840530396,0.41984962395259295,0.5580266884395052,-0.11744861113173616,0.9999751448631287,0.4194923809596468,0.5593262161527358,-0.11757654632840833,0.999981701374054,0.41929308005741645,0.5607638427189416,-0.11764391660690302,0.9999857544898987,0.4184761677469524,0.5657161337988714,-0.06792152476097854,0.9999517798423767,0.4178133317402429,0.5693586673055373,-0.12332919495446336,0.9999751448631287,0.4286042928695677,0.5630838036537168,-0.09528663807681625,0.9999548196792603,0.42773024950708644,0.5638285602842056,-0.11193723487002505,0.99997478723526,0.4354234806128909,0.5820022872516084,-0.015030704279031068,0.9999956488609314,0.4203518671648841,0.6174120511327468,-0.13380461420331677,0.9999956488609314,0.4546315065452028,0.5402760795184541,0.00594153367980782,0.8432806730270386,0.42340547272137213,0.6799412676266259,-0.15262168539421891,0.9991353750228882,0.4692887714930941,0.49103960309709804,-0.01742982332195554,0.8892448544502258,0.43876788445881415,0.7215851051466802,-0.17127417155674518,0.9974887371063232,0.4734194789613994,0.4777357654912129,-0.022424513899854243,0.8790685534477234,0.442426128046853,0.7368973578725538,-0.1843547033412115,0.9937346577644348,0.47258992706026326,0.47571110555103824,-0.033595681882330336,0.8837574124336243,0.4458449329648697,0.7335181031908304,-0.1925910460097448,0.9932385087013245,0.4708817124366758,0.48049263272966636,-0.02325571147458893,0.8817346096038818,0.44527360286031425,0.7277706725256781,-0.17448548972606653,0.9845443964004517,0.4498185532433644,0.6982470818928307,0.0402853206864425,0.9999966025352478,0.4413375948156627,0.702856498105185,-0.04032984269516807,0.999995768070221,0.46627951094082404,0.7764281664575845,0.03766485857112065,0.8880841135978699,0.46389645167759463,0.7743305018969942,-0.08656281147684365,0.9992964863777161,0.4455780531678879,0.8511287791388371,0.07259841412305829,0.980102002620697,0.42654014400073437,0.8415276493344984,-0.04250440118568282,0.9989972114562988,0.439098308767591,0.8637042794908791,0.07364323288202282,0.9677731990814209,0.4172210829598561,0.8425570845603938,-0.03717627206018991,0.9854041337966919,0.46520712716238816,0.8765304752758567,0.041393619669335205,0.9838857054710388,0.4321477770805357,0.8728156464440477,-0.06294893377593583,0.9981810450553894
107,0.4263188890048434,0.557840595926557,-0.10230288015944612,0.9999760389328003,0.4207262728895458,0.5584466440337043,-0.09640250078269409,0.999937117099762,0.42047740646771004,0.5593120864459444,-0.09651284388133453,0.9999248385429382,0.42024929523468,0.5602577362741741,-0.09652057758399414,0.9999420046806335,0.42007333891732335,0.5589837176459174,-0.10843411513737264,0.9999764561653137,0.41970186148370997,0.5603297063282555,-0.10856435575655524,0.999982476234436,0.4194554703576222,0.5618345788546968,-0.10863409787416453,0.9999862313270569,0.41856428895677816,0.5677201151847837,-0.060966036788054845,0.9999553561210632,0.4177872887679507,0.5710472771099633,-0.11529122995478762,0.9999762773513794,0.42897195560591544,0.5640999334199085,-0.08720644584723877,0.9999576210975647,0.42810478806495644,0.5645987136023383,-0.10352722129651473,0.9999760389328003,0.4359821770872387,0.5824646149362833,-0.010803459731063666,0.9999955892562866,0.4211370263780864,0.6191057375499178,-0.12900043555668417,0.999995231628418,0.453426339796611,0.5385666966438292,0.009165351957614929,0.8511648178100586,0.4243057906627653,0.6810143164225984,-0.1508011545453752,0.9989557862281799,0.46641798615455604,0.4856349331992011,-0.01290695735120347,0.8992830514907837,0.44130348903792227,0.7219699706350051,-0.17069659914289195,0.9971373081207275,0.47012535929679844,0.4715381196566989,-0.017920075210609596,0.8899588584899902,0.4452760202544074,0.7369661893163406,-0.18428459550653176,0.9933093190193176,0.4692998102733065,0.4697856971195764,-0.028339185618928488,0.8942914605140686,0.4487824422972541,0.7333416853632242,-0.19170157313346856,0.9928587675094604,0.4675161574568065,0.4744629689625329,-0.018434635017599368,0.89232337474823,0.4482358021395545,0.7277880345072062,-0.17387343687670564,0.9839212894439697,0.4522871579442703,0.6988871676581243,0.03986598891871314,0.9999966025352478,0.4420359807355061,0.7038816009249003,-0.039909498499972454,0.9999956488609314,0.4696223241942267,0.7763641101973393,0.03926125913858412,0.8943737745285034,0.46581240466662793,0.7743311268942693,-0.0827557938439505,0.9991394877433777,0.4456522762775419,0.8502346805163787,0.0782574036291667,0.9808522462844849,0.4313364011900763,0.8426175049373079,-0.04008038544229097,0.9987779259681702,0.4392417481967379,0.8617364883422848,0.07966127523354119,0.9686530828475952,0.4223594903945921,0.8445457032748627,-0.035436029146824546,0.984428346157074,0.46557884812355016,0.8759505118642531,0.048256000982863534,0.9845802783966064,0.4384807731424057,0.8734021953174043,-0.05981954282947946,0.9979398250579834
108,0.4263602341924393,0.5588829193796427,-0.10808042649711876,0.999976396560669,0.4208058970315114,0.559804090431758,-0.10202473338161192,0.9999394416809082,0.4205438000815253,0.560840467044285,-0.10213366832051952,0.9999274611473083,0.42030521631240825,0.5620053223201205,-0.1021425509027072,0.9999449253082275,0.4201906910964419,0.5601667949131555,-0.11458691017968309,0.9999778270721436,0.4198364189692904,0.5615369932992115,-0.11471989410264147,0.9999833106994629,0.41960052933011716,0.5631098014967779,-0.11479087769985194,0.9999867677688599,0.41884177497455033,0.570549644742693,-0.06519928585205756,0.9999585747718811,0.4182253224509101,0.5730652468545094,-0.12197256194693695,0.9999773502349854,0.42907173803874404,0.5650399923324583,-0.09239668654544009,0.9999602437019348,0.42825212904385135,0.5652907201222008,-0.10941670600857048,0.9999772906303406,0.43640876156943165,0.5830154521124701,-0.012858600329075534,0.9999954700469971,0.42215382371629967,0.6207987615040367,-0.13636857569217675,0.9999949336051941,0.4523681180817738,0.5369776317051476,0.008266897482930545,0.856477677822113,0.42512615663664666,0.6812172583171296,-0.16182693796498426,0.9986875057220459,0.46366308842386494,0.4818147633756908,-0.01458961442112922,0.9081270694732666,0.4436522058078219,0.7219257797513686,-0.18592230635029922,0.9967823028564453,0.4669052328382217,0.4679836613791327,-0.0199498706630298,0.8996124863624573,0.4479924517018452,0.7370704020772658,-0.2016311126095907,0.9929412603378296,0.4661755476679118,0.46586199062211153,-0.03069124232445443,0.9036321043968201,0.4517359639917099,0.7327967626707892,-0.2081204082284654,0.9925290942192078,0.4644694634846276,0.4700064514364513,-0.020280467293092172,0.9016832709312439,0.4511627393109455,0.7274116192545206,-0.18890189741338992,0.9833210110664368,0.45358326349939593,0.6998596174376348,0.04067939402801648,0.9999964833259583,0.44430596913610165,0.7055368747029983,-0.040722406974860584,0.9999954700469971,0.47173922232219134,0.7762437939643856,0.04203693164246421,0.8933037519454956,0.46872570684977916,0.775033935478755,-0.08010094783135818,0.998633086681366,0.4458618904863083,0.8482969811984468,0.08306598642042701,0.979072630405426,0.43582727653639636,0.8434029442923405,-0.036571434565952826,0.9981036186218262,0.43929537108966266,0.8597212825502665,0.08477062689406527,0.9667764902114868,0.4265984790665761,0.8466947095734729,-0.032218275485294184,0.9815451502799988,0.4648545154503411,0.8753827912466863,0.05365182789308682,0.9836146831512451,0.444639445202691,0.8742455720901485,-0.058775951181139235,0.9971242547035217
109,0.4267682126590182,0.561280536651611,-0.12534790933132167,0.9999774098396301,0.42149677617209275,0.5627209935869486,-0.11895180259432106,0.9999430775642395,0.42123991847038245,0.5637643507548739,-0.11906405580895281,0.9999315738677979,0.4210122193608963,0.5649591020175386,-0.11907067554337632,0.9999485015869141,0.4209631902830939,0.5631807599748881,-0.13237176665237965,0.9999794363975525,0.4205973352704727,0.5646258252007619,-0.13250897292579916,0.9999844431877136,0.4203285012926372,0.5662893959454125,-0.1325852751731872,0.9999876022338867,0.4199103908879414,0.5742385472570144,-0.07877231367996756,0.9999616742134094,0.41940184150423304,0.5765503423554554,-0.13945937412125717,0.9999787211418152,0.42967810545648827,0.5670189533914836,-0.10824140948908664,0.9999629855155945,0.42889984420367633,0.5673910651888163,-0.1263830153005463,0.99997878074646,0.4366282752582003,0.5840264490672518,-0.022019295234765313,0.9999953508377075,0.4235158119882854,0.62287928036281,-0.1515512628214699,0.9999945163726807,0.451550301483699,0.5370476041521342,0.0001782022948775973,0.8552243113517761,0.42588709592819196,0.6811110428401399,-0.17990986406803122,0.998119056224823,0.4607854153428757,0.4815315910748071,-0.02711046942110571,0.9147388339042664,0.44561000977243675,0.7216031585420878,-0.2098760724067687,0.9955277442932129,0.46331392271178085,0.46687817914145313,-0.03358623114015373,0.9068903923034668,0.4501177489757536,0.7368547064917425,-0.22935498314244396,0.9907782673835754,0.4625962793827055,0.46408665265355764,-0.04519570193120409,0.9107900261878967,0.45408818210874263,0.7314538104193548,-0.2341553726366587,0.9903841614723206,0.46117510710443743,0.468476616484778,-0.03328717553189821,0.9086970090866089,0.4534409480435505,0.7263815947941368,-0.21239287384918748,0.9787183403968811,0.4541432840483527,0.7010168143681114,0.041972249320575146,0.9999960064888,0.4465863398143221,0.7071577429771421,-0.042023476638964226,0.9999948740005493,0.4728879954133713,0.7764719724655147,0.04423554220369882,0.8814059495925903,0.47158067226409883,0.7746560164860314,-0.07733621128967826,0.9967942833900452,0.4460210118974956,0.8468319671494616,0.08726290421826495,0.9716652035713196,0.4401901773044039,0.8437815308570857,-0.03329693973064421,0.9955286383628845,0.4390471254076274,0.8588676418576918,0.08923476700271873,0.9580085277557373,0.43074159877640844,0.8494494301932195,-0.029185386374592767,0.9708463549613953,0.4641184985637663,0.8746956774166649,0.05898116390619956,0.9784668684005737,0.45051446046148,0.8737803425107679,-0.05893339716962403,0.993793249130249
110,0.4271807057516913,0.5638043403625486,-0.1328970130000795,0.9999757409095764,0.42215699298041187,0.5657392791339326,-0.12639097635235097,0.999941349029541,0.4219319139208111,0.5667829598699294,-0.12650600629193437,0.999928891658783,0.42175270829881917,0.5679828456469942,-0.12650979203837254,0.9999476671218872,0.4216686112540107,0.5661978398050578,-0.1400005998356001,0.9999796152114868,0.42131451538630876,0.5676588041441779,-0.14014066266162048,0.9999843239784241,0.42104732734816397,0.5693495597158158,-0.14022299179009023,0.9999874830245972,0.42131531664303357,0.577383002213069,-0.0851949154266289,0.9999620318412781,0.42084882089069886,0.5796124117715016,-0.14673112481832498,0.999978244304657,0.43032019649233116,0.5693357433591568,-0.11537392841918123,0.9999629855155945,0.4295468994549341,0.5697401608739577,-0.13375822135380327,0.9999786019325256,0.43708220294543654,0.5852142776761733,-0.026353088606681133,0.9999946355819702,0.4252923871789658,0.6243739179202485,-0.1590808106320244,0.999993622303009,0.4509730287960595,0.5373862249510626,-0.006625208152191978,0.8497726321220398,0.42678490025656546,0.6813646554946896,-0.19098385444709223,0.997483491897583,0.4583737484046389,0.4818839132785795,-0.04043048758591923,0.9192081689834595,0.4474737542016164,0.7193475008010861,-0.22662681766918716,0.9944192171096802,0.4603708454540796,0.466973098686763,-0.04804824031889436,0.9118645191192627,0.4514608655657085,0.7343643222536356,-0.24803795729364655,0.9887542724609375,0.4595928558281488,0.46383043953350594,-0.06025387368031908,0.9157992601394653,0.45546947547367617,0.728066493783678,-0.25231377695287965,0.9883939623832703,0.4583375641277856,0.4685193138463154,-0.04702236370316572,0.9134771227836609,0.45495814766202636,0.723197553839002,-0.22909604949610562,0.9746124148368835,0.45463784847940697,0.7021178654261995,0.043506386556795645,0.9999948143959045,0.4490027947085242,0.7078310217176161,-0.04356740223509922,0.9999934434890747,0.47333607333047023,0.7769104446683608,0.04812839861427032,0.8576162457466125,0.47475845728601707,0.7740515845162523,-0.07453504864658625,0.9919525980949402,0.4459497877529687,0.846445592812129,0.08980880251952576,0.9563655257225037,0.44412422350474745,0.8441730618476864,-0.030875902197190677,0.9893509149551392,0.43852874977248035,0.8587049892970491,0.09204042085579459,0.9413476586341858,0.43478447454316255,0.852563107013702,-0.026892232735242147,0.9529308676719666,0.46299029077802367,0.8740520664623802,0.060880771917956183,0.9669849872589111,0.45570398994854494,0.8721947414534429,-0.0579371060643877,0.9863097667694092
111,0.42769246782575315,0.5653990609305243,-0.12235764861106865,0.999972403049469,0.4227899636541092,0.5674891897610252,-0.11590055865900852,0.9999361634254456,0.4226045131683348,0.5685600706509178,-0.11601695248058859,0.9999218583106995,0.42248167565890704,0.56979113136019,-0.11602027841976706,0.9999439716339111,0.4223736405372618,0.5678749373980928,-0.1290859473603112,0.9999788999557495,0.42206799473081297,0.5693191664559498,-0.1292264227356229,0.9999834895133972,0.42184316515922526,0.570992849554334,-0.12931108559880933,0.9999868273735046,0.4224675442491257,0.5789960265159604,-0.07648855320044923,0.9999603629112244,0.42196662000247387,0.5812155842781064,-0.1359624300684247,0.9999764561653137,0.4311558485031126,0.5711213741983684,-0.1056256200586046,0.9999614357948303,0.43040722012519816,0.571537855693272,-0.12342801562377378,0.9999773502349854,0.43785638128008136,0.5869175945009502,-0.019360126980713425,0.9999936819076538,0.42685213003839745,0.6251273853438238,-0.15142279905932282,0.999992847442627,0.4507657698222567,0.5377001541001454,-0.0031356642288821067,0.8404268026351929,0.42776331646101795,0.6819569144930155,-0.18404449565070008,0.9970894455909729,0.4564272480351582,0.4822650143078393,-0.040303637832403164,0.9225378632545471,0.4496380269527433,0.7154596362795145,-0.2212951123714446,0.9940214157104492,0.4581027030944822,0.4668029998029979,-0.048361674270459565,0.9159799814224243,0.45343032308987186,0.7300764986446922,-0.2429107951266424,0.9880805015563965,0.45710117476327056,0.4638528747217993,-0.060128815152815374,0.9199994802474976,0.4569832793303896,0.7238444226128711,-0.24664076140948693,0.987749457359314,0.45595539127077356,0.46874948314258,-0.04679075820105415,0.9173799753189087,0.4564303798334937,0.719029879570007,-0.2235837118966238,0.9731983542442322,0.4554565089089528,0.703416115897042,0.044549786725214535,0.999993085861206,0.4500206334250312,0.7082432508468625,-0.044613870552607925,0.9999915957450867,0.47350906814847654,0.7774971587317328,0.051036622375249835,0.8198480606079102,0.47679840411458674,0.7737482701029093,-0.07350134296076635,0.9884217381477356,0.4464211182934895,0.8479097945349552,0.0852272557360785,0.9356952905654907,0.4473683697836738,0.8446105837821957,-0.033263198392731785,0.983555257320404,0.43827257922717483,0.859463478837694,0.08656971561057222,0.9224106669425964,0.4379464907305579,0.8551054477691646,-0.0294595608221633,0.937867283821106,0.46198373522077263,0.8736272999218528,0.05588717886379784,0.9519502520561218,0.4582597332341328,0.8700136235782074,-0.05898471165980609,0.9794518351554871
112,0.4285912471158162,0.5661509530884876,-0.12844159773417874,0.9999685883522034,0.42363185031073414,0.5682096617562428,-0.121976175052779,0.9999302625656128,0.42344538399151377,0.5693045224462234,-0.12209263592958446,0.9999138116836548,0.423319123472486,0.5705907838685169,-0.122094919851848,0.9999399781227112,0.42327093567166985,0.568573428903307,-0.1353068175060408,0.9999777674674988,0.4229820055621009,0.5700088143348692,-0.13544932752847666,0.9999822378158569,0.4227693149021692,0.5717167207172936,-0.135538891170706,0.999985933303833,0.42342610955238325,0.579886892863682,-0.08167968094348904,0.9999576807022095,0.42300890854426776,0.5822678685188292,-0.1417796869363103,0.9999737739562988,0.43228044935635135,0.5719734089715137,-0.1113393760153225,0.9999584555625916,0.4316088071891238,0.5725033249173843,-0.12932987191847387,0.9999750852584839,0.43879484960011056,0.5887410708836144,-0.02151914970683199,0.9999926686286926,0.4282717398234774,0.6255711078643795,-0.15644647649356289,0.9999920129776001,0.4506023211138587,0.5377473984445842,-0.006461009263460123,0.8237236738204956,0.42860153658049427,0.6825877547264096,-0.18495599116597847,0.9965876340866089,0.45499933872904075,0.4820100281919749,-0.04794204980134961,0.9236556887626648,0.45153598785400373,0.7108168653079439,-0.21912115088530937,0.9933068156242371,0.4563625744410922,0.4661671348980493,-0.05686028503945893,0.9179153442382812,0.4560434162616727,0.7248518518039155,-0.24080868405955166,0.9868441224098206,0.4553248388426643,0.46354005251611957,-0.06865032134311537,0.9220795631408691,0.4590509210314067,0.7191879647118701,-0.24441168478557032,0.9865342974662781,0.4543713986873624,0.4684623990740093,-0.054502175216163885,0.9188191294670105,0.4582658878394533,0.7144471304757251,-0.22123632941927218,0.9704636931419373,0.4562767088413236,0.7042552147592813,0.04593359689627373,0.9999912977218628,0.4515763521194456,0.7090059467724388,-0.04599283933639524,0.9999895095825195,0.4739188330514088,0.7776995199067249,0.05799136225666316,0.7797222137451172,0.478657794850213,0.7744801010404311,-0.07348030166966571,0.9835601449012756,0.4473787963390348,0.8495908004896977,0.08804900390761236,0.9166508913040161,0.4495453630174907,0.8448618156569341,-0.03379873537591524,0.9763931632041931,0.43857817479542305,0.8604429244995113,0.08870596310922074,0.9061545729637146,0.4404011556080407,0.8567921979086737,-0.029929221155388,0.9209209084510803,0.46153416633605937,0.873115035465785,0.05737073102167672,0.9386390447616577,0.45906885606901965,0.8685263497488835,-0.059069120032446694,0.9715166091918945
113,0.4302278723035538,0.5678795848573954,-0.13518373870423855,0.9999669194221497,0.4252811057226996,0.5700943367821827,-0.12784332494650563,0.99992835521698,0.4250963134425025,0.5711212907518657,-0.12796709867460382,0.999911367893219,0.4249533636229377,0.5723224486623488,-0.1279652250664574,0.9999384880065918,0.4250290317194801,0.5707044277872355,-0.14145607426762574,0.9999777674674988,0.42477193730218055,0.5722672939300534,-0.1416074178048542,0.9999821186065674,0.4245524287223814,0.5740818755967274,-0.14170211287481438,0.9999858140945435,0.424834335701806,0.5813545516559053,-0.0844031182383852,0.9999572038650513,0.4244341356413703,0.5843746696199688,-0.14565768550549227,0.9999733567237854,0.43413830399513226,0.5737230079514637,-0.11673293805548118,0.9999577403068542,0.4335349891866955,0.5747031654630386,-0.13512209068451603,0.9999746084213257,0.4397555087293895,0.5905699389321462,-0.022972737305930677,0.9999914169311523,0.4291411101818083,0.6264727899006433,-0.15740532726049417,0.9999913573265076,0.4503569943564276,0.5390144569533208,-0.01000746829169137,0.8111724853515625,0.4292343446186609,0.6831314206123349,-0.1843820938042231,0.9964403510093689,0.4535112219197407,0.4829456550734381,-0.052368301033441485,0.9246423840522766,0.45293264474187556,0.7071772217750545,-0.21734591679913648,0.9930635690689087,0.4545771462576728,0.4664291160447255,-0.06183887400797432,0.9199300408363342,0.45873980011258786,0.7205832583563665,-0.23997078197342997,0.9863640666007996,0.4535632397447312,0.4640978378908973,-0.07321029156446454,0.9241499304771423,0.46133152757372153,0.7152543834277558,-0.24067548045090256,0.9860535264015198,0.4527104513985768,0.4689688503742216,-0.058829133558486166,0.920321524143219,0.45991586106164095,0.7105559280940461,-0.2182462662458419,0.969296395778656,0.45696667092187043,0.7059792092868258,0.0466767934816224,0.9999889135360718,0.4521684689181189,0.7102477601596284,-0.04672813777412685,0.9999872446060181,0.4753998705318994,0.7783482176916936,0.056346575170755364,0.7549784183502197,0.47910515921456454,0.7736752271652217,-0.07916446924209591,0.9826606512069702,0.4482445342200141,0.8509596415928427,0.08396020010113713,0.9061828255653381,0.4512125756059372,0.8450307062694,-0.04574028061968938,0.9745927453041077,0.43902344959122774,0.8614058613777157,0.08417020738124845,0.8976895809173584,0.44260841948645435,0.8576921258653909,-0.04259728640317915,0.9155033230781555,0.4614566206932066,0.8725256340844286,0.05212210709495202,0.931146502494812,0.46011156014033705,0.8683819907052173,-0.07333167748791827,0.9689919352531433
114,0.432098603248596,0.5702013407434734,-0.10751508240188867,0.9999648928642273,0.4273064000265937,0.5725000926426476,-0.09931785671838689,0.9999271631240845,0.4271470470087867,0.5734902705465041,-0.09944031025682173,0.9999099373817444,0.4270169045243942,0.5745990089007784,-0.09943582777466088,0.9999380707740784,0.42712416393416247,0.5733270679201395,-0.11280260767255504,0.9999776482582092,0.4269068649836947,0.5750219498361857,-0.11295259126595084,0.9999818205833435,0.42670109527451633,0.5769045301846093,-0.11303666265947473,0.9999855160713196,0.42665282743317723,0.5832401411873951,-0.05655201676168609,0.9999570250511169,0.4261723910059246,0.5866655979837687,-0.1172143595559256,0.999972403049469,0.4358557181698933,0.5761303544044492,-0.08960837732468328,0.999956488609314,0.43529600330761475,0.5774332046508786,-0.10785994657448356,0.999973475933075,0.4407868444919584,0.5929329735892157,-0.0019677496648260523,0.9999904632568359,0.42968985353197353,0.6275832601955955,-0.1323890430586678,0.9999904632568359,0.45015789610998946,0.5401859607015335,0.0046602552490574945,0.801957368850708,0.42964098368372217,0.6833961435726708,-0.1626830748149326,0.9950422644615173,0.4522887570517402,0.48396471483366804,-0.040529685227998644,0.9265745282173157,0.45360855630465896,0.7028504490852352,-0.196761359487261,0.99131178855896,0.45320816465786506,0.467521639381136,-0.05031199857725627,0.9223257303237915,0.46004004648753555,0.7148111598832263,-0.21887550354003896,0.983894407749176,0.4520682598863327,0.46549002613340085,-0.06023006362042253,0.9264406561851501,0.4620948851108549,0.709140678814479,-0.21754352833543497,0.9834965467453003,0.4512138545513151,0.4703480541706083,-0.04658066583797334,0.9221013784408569,0.46023351975849675,0.7046726635524201,-0.19687575485025124,0.9644513726234436,0.45714275751795064,0.7086705906050542,0.047021839980568185,0.9999876618385315,0.45284662417003063,0.7113379478454587,-0.04707038200327326,0.9999858140945435,0.4771373425211223,0.7796091897147038,0.046868966679487895,0.7375842332839966,0.4802971610001153,0.7733565858432221,-0.08896271650280267,0.9797935485839844,0.4485642058508734,0.8517135500907894,0.06608257676873885,0.8919211626052856,0.4528865780149185,0.8448247381619041,-0.0713091383022921,0.9720768332481384,0.43926856347492743,0.8617743543216156,0.06568802829299651,0.8853097558021545,0.4448210503373825,0.8571261014257154,-0.0697937770613602,0.9086251854896545,0.46121556503432115,0.8720926744597295,0.03514457674963132,0.9226974844932556,0.4619703233242033,0.868813323974609,-0.10106863571064809,0.9662341475486755
115,0.4334987631865908,0.5729685715266634,-0.06251490765384263,0.9999666810035706,0.42891528947012747,0.575127874101911,-0.054044770609055215,0.9999315142631531,0.4287943124771116,0.5760602099554877,-0.05416052863001821,0.9999154210090637,0.4286941834858483,0.5770256246839248,-0.05415779168584514,0.9999420046806335,0.4287564447947909,0.5761655790465215,-0.06660586808409007,0.9999790787696838,0.42857032843998477,0.5779337474278039,-0.06674702987074849,0.9999829530715942,0.4283808904034748,0.5798118812697272,-0.06681434134287491,0.9999863505363464,0.42811807649476163,0.5851301363536286,-0.015149624978325189,0.9999597072601318,0.4274641386100222,0.588868757656642,-0.07159622439316338,0.9999737739562988,0.43704437868935697,0.5788736002785816,-0.046558449889666245,0.9999585151672363,0.4364590883255003,0.5804603440420966,-0.06359782889485356,0.9999745488166809,0.44170909098216443,0.5953614660671777,0.02886189445853232,0.9999904632568359,0.4299759081431796,0.6287523933819359,-0.09339455579008371,0.9999905824661255,0.45003169860158626,0.5411964007786338,0.030897598181452053,0.7992696762084961,0.4298066854476927,0.6832046662058145,-0.13029576625142772,0.994528591632843,0.45135965262140526,0.4856876356261115,-0.013620523296828776,0.9305263757705688,0.4537842988967894,0.69753132377352,-0.168972617813519,0.9910501837730408,0.45196046062878176,0.4695162730557576,-0.023058306079890036,0.9266341328620911,0.4602420449256895,0.7076566151210236,-0.18956892830984923,0.9838963150978088,0.4505543666226521,0.46771115234919935,-0.03119386599532194,0.9304987788200378,0.46175086924007935,0.7015699556895661,-0.18803339004516592,0.9834561944007874,0.4498818797724585,0.47285094942365347,-0.018976614491215765,0.9260956645011902,0.4597334018775393,0.6976131984165733,-0.16915117587362008,0.9646382927894592,0.4574451701981679,0.7109352878161836,0.0463479021830218,0.999987781047821,0.45343442814690704,0.7116166949272152,-0.0464045210608414,0.9999858736991882,0.47880190270287626,0.7816695945603503,0.03334379020546162,0.7368428111076355,0.4820294507912225,0.7753925783293585,-0.09426054166895997,0.9799203276634216,0.44889920779636905,0.8526470405714849,0.043167212711913226,0.8877605199813843,0.45401097791535494,0.8445302299090791,-0.08893880258713446,0.972507894039154,0.4395543617861609,0.8619099480765202,0.04200320233191761,0.8835399746894836,0.4462259556565964,0.8562925560133794,-0.08867575409156932,0.9103201627731323,0.461090758868626,0.8719531416893002,0.013453116534011697,0.9218882322311401,0.46328326463699315,0.8692026649202615,-0.118759431370667,0.9670262336730957
116,0.4340152851172854,0.5745601313454761,-0.029262111548866526,0.9999669194221497,0.4295319216591969,0.5764949883733475,-0.020867258489930186,0.9999330639839172,0.42943504623004347,0.5773856469563072,-0.020975256997293648,0.9999174475669861,0.4293520203658511,0.5782375335693357,-0.020974842119695872,0.9999439120292664,0.42932161944253083,0.5776366659573143,-0.032904265608106324,0.999979555606842,0.42912059085709686,0.5794001681464056,-0.033037695953888536,0.9999832510948181,0.4289160736969537,0.5812247054917469,-0.033094081096351126,0.9999865889549255,0.4288003640515462,0.5859847409384589,0.014668471445994714,0.9999609589576721,0.4279315710067747,0.5898918884141102,-0.0396049989653485,0.9999734163284302,0.43737836139542696,0.5802834016936163,-0.015074767757739329,0.9999586939811707,0.4367534594876424,0.5819780639239718,-0.031453376077115514,0.9999741315841675,0.4426712913172584,0.597265837873731,0.05282603925360098,0.9999902248382568,0.43015646083014336,0.6300580620765683,-0.06784194793019972,0.9999903440475464,0.44999713216509113,0.5416207909584043,0.055715713157717645,0.7988502979278564,0.4297123696122849,0.6826215829168044,-0.10945646337100431,0.9936326146125793,0.45085656642913796,0.4873124718666074,0.013918998438332757,0.9338870048522949,0.45367044380732924,0.6914823532104489,-0.15030185197080878,0.9899182319641113,0.4511788172381263,0.47150410158293565,0.005490688334352203,0.9301837086677551,0.45999050651277795,0.6996888927050996,-0.16942032490457798,0.9827950596809387,0.4496097402913228,0.4696425148418969,-0.002123993395694662,0.9338376522064209,0.46105639934539777,0.6935783062662394,-0.16886859493596204,0.9822629690170288,0.44914723038673376,0.47518774100712347,0.00890194335952401,0.9293463826179504,0.4592141236577713,0.6903346725872581,-0.15096475226538514,0.962894856929779,0.45858607717922734,0.7125190223966323,0.04578648049916538,0.9999878406524658,0.45451933656420007,0.7124336242675778,-0.0458537806357656,0.9999857544898987,0.47999377250671366,0.7839207053184506,0.029667499288916575,0.738276481628418,0.4833911631788524,0.7775878752980909,-0.09286811032465521,0.9801397323608398,0.44929657152720837,0.8534634556089125,0.038121923591409396,0.8835543394088745,0.45450519323348976,0.8443756171635216,-0.08939851628882539,0.972946286201477,0.43988090072359337,0.8620551466941829,0.03691424525209834,0.8809275031089783,0.4470609102930339,0.8555811796869546,-0.08921098581382203,0.9114057421684265,0.4613047293254305,0.871987300259726,0.010276921492602138,0.9206775426864624,0.4637589369501384,0.8693533165114262,-0.11704781928232731,0.9676979184150696
117,0.43386824641908894,0.5760458060673302,-0.01892552757635712,0.9999693036079407,0.4294983727591376,0.5779413478715076,-0.009699077558304577,0.9999383687973022,0.42944358161517526,0.5787513835089545,-0.009808554087898555,0.9999240636825562,0.42939662167004156,0.5794761061668393,-0.009805955285472522,0.9999485015869141,0.42923473290034686,0.579162503991808,-0.02154937804277453,0.9999811053276062,0.42903942465782147,0.580941387585231,-0.0216872810120029,0.9999845027923584,0.4288307981831685,0.5828081744057789,-0.02174385698246103,0.9999875426292419,0.42909837450299926,0.5868362886565069,0.02738336818292736,0.9999642372131348,0.4280080659048896,0.5912727679525099,-0.02621579766273497,0.9999752044677734,0.43723281707082456,0.5814670307295661,-0.004437908284100036,0.999961793422699,0.43656109145709426,0.5833095516477309,-0.020619496862803177,0.999975860118866,0.44372476765087654,0.5985757436071121,0.06405682499919615,0.9999905228614807,0.4303890849862778,0.631725340230124,-0.056756390311888255,0.9999904632568359,0.45001976915768194,0.5425409691674365,0.06896617423210821,0.8089717626571655,0.4294901720115115,0.6818900687353948,-0.1063000808869089,0.9933142066001892,0.45045922568866165,0.48830234663827055,0.03235839585374507,0.9394045472145081,0.4537930880274089,0.6863737463951107,-0.15541074361119944,0.9896996021270752,0.45058269926479866,0.4728843109948292,0.025211573205888262,0.9358814358711243,0.4602924278804232,0.6936174614088872,-0.17578538060188284,0.9828939437866211,0.4489186108112333,0.47091627546719117,0.01768635388995919,0.9392222166061401,0.46145012804440066,0.6876468130520408,-0.17353698015213004,0.9822846055030823,0.4486034989356993,0.4764068484306333,0.027602632104286116,0.934979259967804,0.4594406860215321,0.684902008942195,-0.15563597423689698,0.9633185863494873,0.4601223536900109,0.7141973342214308,0.045483094666685354,0.9999879598617554,0.4546611590044837,0.7139517171042302,-0.04555384101612225,0.9999856948852539,0.48131574818066164,0.7863968304225373,0.024596477885331414,0.7495043277740479,0.48297323073659604,0.7805340545518055,-0.10391949330057412,0.9811854362487793,0.4496586348329269,0.8540342773709975,0.036196677493197556,0.8827124238014221,0.45264071226119973,0.8528091856411522,-0.10128232708999084,0.974172055721283,0.44025858300072784,0.8623531528881614,0.03537627213767595,0.8809565305709839,0.44479751672063533,0.864006538050515,-0.1011545856084142,0.9147272109985352,0.4617636595453533,0.8726045233862737,0.007390526841793735,0.9220258593559265,0.46173759613718285,0.8815203309059139,-0.1322097731488091,0.9692913889884949
118,0.4342348073210033,0.5781673278127395,-0.005654962520514211,0.9999712109565735,0.43000741090093325,0.5796358942985531,0.004629586909764579,0.9999427795410156,0.42999959077153865,0.5803248814174105,0.004520591301843524,0.9999296069145203,0.4300061915602001,0.5809328130313326,0.004529935221320817,0.9999522566795349,0.4296720981597898,0.5809078608240397,-0.007392583574567516,0.9999824166297913,0.4294746671404156,0.5826988697051999,-0.007539374461131431,0.9999855756759644,0.42925911460603966,0.5846340451921733,-0.007599111673023013,0.999988317489624,0.42984722341809933,0.5877636040960037,0.04401452118264776,0.9999669790267944,0.428460155214582,0.5929058398519241,-0.010875304096511423,0.999976634979248,0.4376079610415865,0.5834244625908985,0.00952836860503469,0.99996417760849,0.43684380650520305,0.5854546478816438,-0.007055334134825632,0.9999771118164062,0.44471521122114976,0.5997906429427007,0.07569492416722431,0.9999906420707703,0.43068482875823955,0.6342357822826927,-0.043457550023283255,0.9999904632568359,0.45009958403451084,0.544348449366433,0.07596975181783945,0.8220998048782349,0.4293287098407743,0.6811355675969801,-0.0963632294109889,0.9928094744682312,0.4503640421799249,0.4887329884937829,0.03932182775544267,0.9448305368423462,0.45422095741544427,0.6825510399682178,-0.14502687198775147,0.9898079633712769,0.4502369369779312,0.4739450378077369,0.03322537256005617,0.9414778351783752,0.46093215431485834,0.6889613849776128,-0.16519042508942733,0.983462929725647,0.44850568856511774,0.47192080872399444,0.026098285030041413,0.9445090293884277,0.4624010418142589,0.6832407593727109,-0.16163970359734117,0.9828141331672668,0.4482728694166454,0.47704989484378246,0.03479151633967245,0.9405481815338135,0.46020549876349287,0.6810454760278971,-0.14470861128398343,0.9646170735359192,0.46182590978486177,0.7169942787715364,0.04565685859748293,0.9999879598617554,0.454615555490766,0.7165857485362459,-0.04572280666657854,0.9999856352806091,0.4827900086130412,0.7884771040507722,0.028679336979985225,0.7652334570884705,0.47903571384293664,0.7625229137284412,-0.142026611311095,0.9826337695121765,0.44996168698583305,0.8539625508444646,0.051241169018404795,0.8852432370185852,0.4602873146533964,0.8146179199218747,-0.15628585240670606,0.9758879542350769,0.44058593937328866,0.8624931352479113,0.05220480848635944,0.8839249014854431,0.45439476115362964,0.8263285670961649,-0.1565770370619637,0.9199919104576111,0.46242046185902164,0.8732234529086517,0.029718844672398895,0.9246832728385925,0.4728012008326392,0.8243723085948396,-0.19376914203166953,0.9713824391365051
119,0.43559451699256874,0.5809915406363348,-0.01323849778356296,0.9999520182609558,0.43141613176890764,0.5816890495164051,-0.003081598006454961,0.9999258518218994,0.43142041989735175,0.5822431734630037,-0.0031925025795187262,0.9999109506607056,0.43145981345857876,0.5827374543462478,-0.003182057264660085,0.9999386072158813,0.43098819255828835,0.5830380167279923,-0.014924115315079683,0.9999752640724182,0.43073687638555236,0.5848483000482829,-0.015078539760517215,0.9999798536300659,0.4304717557770863,0.5868153997829979,-0.015147928441209445,0.9999836683273315,0.4311867058277128,0.5890290907451082,0.03721732156617299,0.9999582171440125,0.4293855607509611,0.5948660305568148,-0.01710074112883635,0.9999648928642273,0.4388473621436526,0.5861560957772388,0.0024419813383636715,0.9999375939369202,0.4379349384989055,0.5884679896490912,-0.01402277398322309,0.9999586939811707,0.4457722416945864,0.6007579462868824,0.06893023720809388,0.9999889135360718,0.4313986182212828,0.6368887288229803,-0.0477443001099995,0.9999856948852539,0.4503028333187101,0.5470302615846905,0.06822169806276046,0.8276233673095703,0.429198748724801,0.6802646960530959,-0.10350589305162425,0.9710884690284729,0.45051688296454273,0.4895142682961053,0.03091332891157694,0.9477452635765076,0.45455654518944855,0.6792036703654695,-0.1622205870492117,0.9761695861816406,0.45006038205964205,0.47477346403258164,0.024981682534728718,0.9442014694213867,0.4617509058543612,0.6845983334950035,-0.18428113801138732,0.970900297164917,0.4482972690037317,0.4726689858095985,0.017619872625385002,0.9470579028129578,0.46350873964173434,0.6789528642381938,-0.17996582090854635,0.9694609045982361,0.4481820813247133,0.4777923294476098,0.026340597921184115,0.9431136846542358,0.4612416974135805,0.6772208060537062,-0.16189954876899712,0.9448883533477783,0.4629497383322032,0.7193909389632086,0.04560827964118547,0.9999882578849792,0.4553830904620032,0.7193626335688996,-0.045667490788868476,0.9999854564666748,0.48365791695458527,0.7897756525448387,0.043391438839691,0.7784149646759033,0.4774634965828485,0.7508690323148453,-0.16315878672259188,0.9831868410110474,0.45013588581766384,0.8537396686417712,0.07482887676783967,0.8676249384880066,0.46678481442587694,0.7935877306120733,-0.20044670594590042,0.9661892652511597,0.4409288866179328,0.8623709746769492,0.07681088798812455,0.8739399313926697,0.46253909894398254,0.8049108317920136,-0.20653319039515078,0.9140570163726807,0.46256088444164795,0.8736009018761768,0.05554832156215393,0.9095261096954346,0.4828010099274769,0.7963604501315522,-0.22132339349814814,0.9646364450454712
120,0.43687732475144503,0.5825433679989404,-0.020488045171701476,0.9999300837516785,0.4328913850443702,0.5827916894640238,-0.010731309126796462,0.9998936057090759,0.43294272763388475,0.5833478910582404,-0.010845629877543872,0.9998735785484314,0.43304413471903097,0.5838632685797551,-0.01083936102555266,0.999914288520813,0.4323674218995229,0.584082906586783,-0.02218868374558431,0.9999634623527527,0.4320810999189102,0.5858690755707874,-0.022342617397329626,0.9999701976776123,0.4317807827677043,0.5877500602177208,-0.02241583093335585,0.9999752640724182,0.43288231747491,0.5898972766739979,0.0289047279528209,0.9999428987503052,0.4305831960269381,0.5956799694469994,-0.023569073215393074,0.9999415874481201,0.4400910113539013,0.5881130337715146,-0.004992161651274986,0.9999184608459473,0.4389983006886072,0.5903947591781613,-0.020936967904812514,0.9999415278434753,0.44697900669915314,0.6015526345797945,0.06231199949979779,0.999986469745636,0.43232366357530844,0.6386638164520261,-0.054260989065681164,0.999981701374054,0.45076980761119273,0.5486106787409099,0.06409268890108379,0.8201437592506409,0.4292201825550622,0.6789877312523975,-0.11572834232023779,0.9679296016693115,0.4508643559047152,0.49041292752538385,0.027884870661156504,0.9480582475662231,0.4551765288625443,0.6747863922800333,-0.18412625449044356,0.9707664251327515,0.45013940845217,0.47565876500947113,0.021739265216248367,0.9447422027587891,0.46299361671720207,0.6781962479863844,-0.20813977079732066,0.9648810029029846,0.4484341859817503,0.4732990009444098,0.013857665258858877,0.9476372003555298,0.464664521387645,0.6732433727809357,-0.2034294750009263,0.9628158807754517,0.4484540309224808,0.47866220218794664,0.023157120708908345,0.9429831504821777,0.46242254972457864,0.6721808808190479,-0.1839970030954905,0.9332891702651978,0.4640611691134315,0.7206265687942501,0.04561145167265618,0.99998539686203,0.45647820149149193,0.7219891463007242,-0.04566420263477732,0.999981701374054,0.48443540675299485,0.7905894926616119,0.04996847904154231,0.75308758020401,0.4795533018452778,0.7583165577479768,-0.14378897632871346,0.9828240275382996,0.4503835890974315,0.8531801956040515,0.08596615482653887,0.8461527228355408,0.46781150187764825,0.8041629535811285,-0.1740215271711349,0.965898334980011,0.44145186288016164,0.8616740294865195,0.0882702898766313,0.8490231037139893,0.4643757777554646,0.8144900986126486,-0.18116625377110065,0.9091426730155945,0.4622877112456728,0.8735827139445709,0.06472302411815947,0.8915787935256958,0.4841670930385587,0.8130310109683442,-0.18528907852513443,0.9625979661941528
121,0.43717494351523245,0.5841383712632313,-0.016143077226089573,0.9999306201934814,0.43347247668674993,0.5842453803334915,-0.006691315670364667,0.9998949766159058,0.4335997726236069,0.5847972937992638,-0.006807311145322661,0.999875545501709,0.4337788028376441,0.5853159580911906,-0.00680810072060142,0.9999160766601562,0.4328970296042304,0.585487273761204,-0.017347303831151545,0.9999634623527527,0.4326222411223818,0.5872237835611613,-0.017492261515664194,0.9999700784683228,0.4323250506605419,0.5890415719577241,-0.017562361327665185,0.9999750256538391,0.4340005236012593,0.5909816554614473,0.031065565666982087,0.9999446868896484,0.4313364693096704,0.5968286599431716,-0.01746498157403298,0.9999407529830933,0.44056511691638384,0.5901315672057013,-0.0015438186304111566,0.9999210834503174,0.4393143739019119,0.5924321361950462,-0.01630047828491244,0.9999422430992126,0.44797185829707536,0.6024451954024176,0.06504729475293837,0.9999865293502808,0.43308186105319413,0.6395727855818609,-0.050913898753268357,0.9999808669090271,0.4514698616095949,0.5494594454765317,0.07055577359029222,0.8297783136367798,0.42930197545460275,0.6769421441214423,-0.12361772379704879,0.9690262675285339,0.4511853047779626,0.49198267204420887,0.03710422058190617,0.9521633982658386,0.45600795916148573,0.6699533820152279,-0.20329763761588499,0.9714696407318115,0.45030087147440206,0.4773113395486557,0.03089409422661575,0.9488885998725891,0.4641952736037116,0.6715082747595646,-0.22925369569233472,0.9655978679656982,0.4486705958843229,0.4747277200222013,0.022873518562742633,0.9515605568885803,0.4655369758605955,0.6667871645518708,-0.2239602608340126,0.9635629653930664,0.4488186206136429,0.48036835874829953,0.03246645613440444,0.9471646547317505,0.46326046330588183,0.6665528740201675,-0.20336958638259334,0.9346261024475098,0.46460029227392996,0.7201554383550368,0.04548136240669657,0.9999842047691345,0.4569586021559577,0.7230750032833642,-0.045537085831165294,0.9999796748161316,0.4848729899951388,0.7914965714727126,0.03700912403208867,0.7603364586830139,0.4839674523898531,0.784144522462572,-0.10636440813541406,0.9829469323158264,0.45087573187691804,0.852902611664363,0.06682704846773825,0.8363089561462402,0.4606108588831763,0.848740662847246,-0.11030273150120457,0.9655941128730774,0.4422818481922148,0.8610282114573883,0.06836954610688342,0.8374540209770203,0.4562065439564839,0.8577871101243152,-0.11415522737162448,0.904673159122467,0.4620370737143923,0.8736771157809663,0.039243656769394855,0.8860920667648315,0.4736102649143762,0.8762196574892313,-0.12562833236796508,0.9618121981620789
122,0.4372472277709414,0.584857904911041,-0.005139707714053133,0.9999269247055054,0.43359791466167974,0.5852159040314807,0.004514141979494266,0.9998906850814819,0.4337658345699308,0.5857432876314433,0.004398082476109268,0.9998708963394165,0.43396513632365613,0.5862383365631101,0.004396201257726976,0.9999135732650757,0.4330494931765963,0.5865657346589221,-0.005679158320916545,0.9999610781669617,0.43281389304569773,0.5883387020656038,-0.0058196134732237835,0.9999678730964661,0.4325366539614539,0.5902226941926136,-0.005886072818455946,0.999972939491272,0.43447358778544815,0.5918031045368737,0.041453230381011945,0.9999441504478455,0.4319151725087845,0.5981959411076134,-0.005123113607987758,0.9999352693557739,0.4409153452941348,0.5909190433365956,0.00897641558466213,0.999920666217804,0.43963097674506035,0.5932632344109668,-0.0051608403812029476,0.9999397993087769,0.44871571915490266,0.6033414857728138,0.07219699216740469,0.9999865293502808,0.43426995021956283,0.6404942802020479,-0.04071014087115013,0.9999793171882629,0.452242977278573,0.5497406278337749,0.07578240835240907,0.8393840789794922,0.4303116483347754,0.6737395661217822,-0.11302133734737119,0.9697842597961426,0.45143209184919064,0.49310370683670024,0.04182712132377282,0.9558807015419006,0.4563116507870808,0.6659064378057205,-0.19316176346370145,0.9722633957862854,0.4505465660776409,0.4790403178759981,0.03567102772316761,0.952674925327301,0.46406082766396634,0.6651531168392724,-0.21887691489287775,0.9665798544883728,0.44899348276002043,0.4763935489313941,0.027773206454834755,0.9551514983177185,0.46566937650953,0.6601206915719166,-0.21307642587593612,0.9646034836769104,0.44914725082261203,0.4819946740354808,0.03726922183164527,0.9509943127632141,0.46383996094976127,0.6604798197746273,-0.1931717459644589,0.9364225268363953,0.46515456778662523,0.7198807188442772,0.04537583174450055,0.9999818801879883,0.4573653672422679,0.7242956536156787,-0.04543627713407787,0.9999755620956421,0.4855855856622966,0.7920091305460245,0.02416447118989058,0.7647542953491211,0.48518199409757323,0.7928348490170066,-0.09108481683901373,0.9826945066452026,0.45162942750113333,0.8517366409301754,0.05262054045285495,0.8216074109077454,0.45955875515937783,0.8516426188605168,-0.06957499395523749,0.9637455940246582,0.44303098831857934,0.8594385453632896,0.052929579998765644,0.8223785758018494,0.4548916024821143,0.8601801787103921,-0.06692176482507158,0.8972504734992981,0.4621259118829453,0.8734961645943773,0.025881392774837343,0.8762936592102051,0.4712821670940942,0.87540784563337,-0.1008683460099356,0.9591003060340881
123,0.43806561827659585,0.584927439689636,-0.01913709401019981,0.9999282956123352,0.434254159246172,0.5856168372290472,-0.00956008889978485,0.9998941421508789,0.43437167661530607,0.5861055953162054,-0.009682851244828527,0.9998760223388672,0.4344990687710896,0.5865644386836458,-0.009688810525195934,0.9999169707298279,0.4337997538702827,0.5872103997639244,-0.019347843022218765,0.9999617338180542,0.43357699257986865,0.5890685932976857,-0.01948760801127978,0.9999683499336243,0.4332980470997944,0.5910446081842693,-0.01956317938332046,0.9999731183052063,0.4350648011480057,0.5923713122095378,0.028221048361488737,0.9999473094940186,0.4328565614564076,0.5994003074509754,-0.015249372406729623,0.9999361038208008,0.44184303879737835,0.5906594020979742,-0.0046688533155247545,0.9999247193336487,0.44069124034472856,0.5931040831974571,-0.01825366858392953,0.9999417662620544,0.4494759917259214,0.6041537966047011,0.06167300726686202,0.9999870657920837,0.435850211552211,0.6412121159689764,-0.05127423320497783,0.9999786615371704,0.453299820423126,0.5503310850688387,0.06491129015173228,0.8494881391525269,0.4316353338105336,0.6698669552803036,-0.12566206284931722,0.9713488817214966,0.4519287339278628,0.4941629052162168,0.031940575369766765,0.9593683481216431,0.4610792645386285,0.6566659688949582,-0.20959096550941456,0.9734708666801453,0.45086438826152236,0.480378826175417,0.02566106149128504,0.956267774105072,0.46850073252405416,0.652460888453892,-0.23714646186147406,0.9679413437843323,0.4493385595934729,0.47775405730519954,0.01732313068849699,0.9585491418838501,0.46966464604650204,0.647348310266222,-0.22967947976929792,0.9660041928291321,0.44953369668551835,0.483401777914592,0.027352122323853617,0.9546119570732117,0.4679312092917304,0.6487287504332403,-0.20911752368722633,0.9387259483337402,0.4650808649403706,0.7198096105030601,0.045006127974816706,0.9999812841415405,0.458262891428811,0.725319170951843,-0.045067972583430135,0.9999738931655884,0.4855054753167286,0.7923509563718519,0.023513958922454274,0.779165506362915,0.4861064655440192,0.79466449703489,-0.08823373658316472,0.9837832450866699,0.4524853280612398,0.850636061600276,0.05695853371705325,0.8232395052909851,0.45843185441834566,0.8522161109106877,-0.058806086118732157,0.9651640057563782,0.44386417950902646,0.8581404873303,0.05667902252503801,0.8216769099235535,0.45226021238735725,0.8598518524851114,-0.05559683420828408,0.8983790874481201,0.4625546336174009,0.8734271935054231,0.029778513791305663,0.87818843126297,0.46877411774226574,0.875272302968161,-0.08462332529681066,0.9602461457252502
124,0.4391254901885985,0.5840070486068722,-0.029875534633174522,0.9999057054519653,0.4354829796722955,0.5851643255778718,-0.02027443574209297,0.9998655319213867,0.43560842531067967,0.5855990614209854,-0.020404471124389333,0.9998459815979004,0.4357273663793289,0.5859910862786426,-0.020415457590882258,0.9998955130577087,0.4349186480045316,0.5867644292967658,-0.030139396592442462,0.9999504089355469,0.4346457915646687,0.5886944345065523,-0.030277229566127047,0.999959409236908,0.4343140329633438,0.5907491139003206,-0.030361580283247983,0.9999651312828064,0.4361565198217117,0.5923965079443793,0.017918565550020756,0.9999394416809082,0.4337686513151439,0.5994456274168829,-0.024947083481986595,0.9999226331710815,0.442807227373123,0.5889955844197952,-0.015239435327904557,0.9999133348464966,0.441587880679539,0.5913259335926598,-0.028874660196847132,0.9999303221702576,0.45067463517189,0.6046824029513765,0.05410161108842915,0.9999856948852539,0.4370842882565088,0.6412115182195388,-0.06166712694934433,0.9999756813049316,0.4547713407448358,0.5508318100656779,0.06074663581592693,0.8541354537010193,0.4339194187096185,0.664939096995762,-0.13701048131499965,0.973828136920929,0.4535261256354194,0.4945773916585103,0.029424678401223238,0.9616938233375549,0.46636506319046,0.6463352050100051,-0.21821382216044824,0.9758219718933105,0.45188615492412,0.481153219938278,0.023411833694470773,0.9586189985275269,0.47388047235352626,0.6393984334809437,-0.24649545082024155,0.9706400036811829,0.4503739944526125,0.47848157797540913,0.014037221071443381,0.960753858089447,0.47430615850857305,0.634323065621512,-0.2384624625955308,0.9688507914543152,0.45081240619931884,0.484028591428484,0.024562452188027745,0.9568803310394287,0.47216585278511025,0.6370735917772563,-0.21748201208455212,0.9436119794845581,0.46535028219223,0.7200599040303908,0.044992095232009865,0.9999778270721436,0.4590317462171825,0.7264622415815077,-0.04504659048148562,0.9999684691429138,0.48564615590231736,0.7927548374448501,0.027083788226757718,0.7861101627349854,0.48708446196147354,0.7957156147275648,-0.08477092725890019,0.9845587611198425,0.453534127133233,0.8497433781623837,0.06962477064558434,0.8254591822624207,0.457302061149052,0.8518513441085812,-0.04758409740669384,0.9658462405204773,0.44510308248656116,0.8572912182126723,0.07025285767657413,0.8218185305595398,0.44948707137789023,0.8588559389114376,-0.043620570961918126,0.8983604311943054,0.46303718515804815,0.8733683637210297,0.04305019309478145,0.87880539894104,0.46451924187796434,0.8742791550500049,-0.07104863183838978,0.9606635570526123
125,0.4402819957051956,0.583742867197309,-0.04425794013908929,0.9998846054077148,0.43725007772445657,0.5849218164171488,-0.03463382404297589,0.999841034412384,0.43743783490998384,0.5853244083268299,-0.034768720157444456,0.9998217225074768,0.4376279635088782,0.5856625693184986,-0.03478417513625961,0.9998807311058044,0.43653590338570714,0.5863237074443269,-0.04539384208619593,0.9999388456344604,0.4362318847860607,0.5882440413747512,-0.04552973301282948,0.9999495148658752,0.43589469024113225,0.5902969581740241,-0.0456222780048847,0.9999561309814453,0.4378009949411663,0.5922041552407398,0.0048390441175018015,0.9999348521232605,0.4351188719272612,0.5989004680088585,-0.04212825021573473,0.9999051094055176,0.44374774013246787,0.5880374789237973,-0.02899326641511703,0.9999071359634399,0.44246589882033194,0.5902290276118685,-0.043712694889732756,0.9999210834503174,0.45190875019345944,0.6049045290265762,0.045682359220726124,0.9999855160713196,0.4386086055210657,0.640635594299861,-0.07827367559075352,0.9999720454216003,0.4567500497613632,0.551783180236816,0.05713395130421432,0.8597273826599121,0.4361008277961184,0.6588516678128921,-0.15629918277263632,0.9754607081413269,0.4561764989580425,0.4950708244528087,0.025316802465489917,0.9642223119735718,0.4720222072941914,0.6309412070683067,-0.2290336766413279,0.9769423007965088,0.45400613716670424,0.481840567077909,0.01934590996908289,0.9613199234008789,0.47974466000284444,0.6194580674171445,-0.25801960783345346,0.9718286395072937,0.45266921264784654,0.4791024225098744,0.008574352519852769,0.9633367657661438,0.4789577143532887,0.6153869901384623,-0.24871263887201023,0.9700592160224915,0.45333479131971066,0.4845906564167565,0.019927663968077717,0.959594190120697,0.4768602022102899,0.6195914660181314,-0.2276948021990911,0.9455053806304932,0.46544721126556377,0.7200466939381187,0.04547818398901392,0.9999769330024719,0.45937216281890847,0.7265943850789748,-0.0455163603382451,0.9999657869338989,0.4857419397149765,0.793207456384386,0.03618916826588765,0.7921912670135498,0.48750012602124876,0.7957839506013049,-0.08189690240791861,0.9853150844573975,0.4541968558515819,0.8496599606105255,0.08525780748043738,0.8273704051971436,0.45606233988489403,0.8512128659657066,-0.04089464885847907,0.9672424793243408,0.4460396851812088,0.8573898162160597,0.08779336512088771,0.8212025761604309,0.44745163321495035,0.8577937364578243,-0.03654438060309204,0.900611937046051,0.46338395476341226,0.8734745468412123,0.060519807413220376,0.8791953921318054,0.46033046501023406,0.8729285734040393,-0.06240013326917372,0.9617077112197876
126,0.44101836851664933,0.5834186349596293,-0.06553588466984882,0.9998603463172913,0.43862679941313587,0.5846322536468503,-0.055870390576975654,0.9998190402984619,0.43886892029217295,0.5849502120699199,-0.05600843961749755,0.9998005628585815,0.4391214345182689,0.5851822308131623,-0.056019243119018396,0.9998684525489807,0.4378483380590164,0.5859967878886629,-0.06747059098311829,0.999926745891571,0.43755761214664984,0.5878906794956749,-0.06761235296726223,0.999938428401947,0.4372505341257366,0.5899143900190078,-0.06770929151347702,0.9999455213546753,0.43926682897976443,0.5918931620461597,-0.013529159873723978,0.9999309778213501,0.4365142353943414,0.5985296351569036,-0.06584768199494903,0.9998842477798462,0.44416842205183826,0.5867500185966489,-0.049066484400204224,0.9998980164527893,0.4429371586867739,0.5887487632887701,-0.06493747095976554,0.999907374382019,0.45295440214020843,0.605215741906847,0.031643382087349875,0.9999846816062927,0.44111322930880936,0.6405060631888251,-0.09531023459775104,0.9999650120735168,0.4590924501419065,0.5533327937126157,0.045710271277597955,0.8576773405075073,0.4343689875943318,0.6532376749174933,-0.1728864290884562,0.977418065071106,0.4596784387316021,0.49546112418174715,0.01295874526923788,0.9655203819274902,0.4665368582521164,0.6259272473199025,-0.24870613217353807,0.9778815507888794,0.4576798788138796,0.48223092385700744,0.006265803838946988,0.9628686904907227,0.4736072012356347,0.6147594707352771,-0.278677657672337,0.9722475409507751,0.4566753072398047,0.47936869178499475,-0.005177900847047565,0.9648473262786865,0.4727940303938727,0.6117331845419745,-0.27010194403784604,0.9703289270401001,0.4572330074650898,0.4848292410373686,0.007099043285208086,0.9610278010368347,0.4713972611086707,0.615343197754451,-0.24795238929135446,0.945507824420929,0.46542610526084877,0.7199950967516215,0.046183619328907535,0.9999741911888123,0.460280702795301,0.726592820031302,-0.04621042013168333,0.9999608397483826,0.4852981609957556,0.7930229408400395,0.058728864097169445,0.7895277738571167,0.4877967783382958,0.795408473696027,-0.07865850073950628,0.9860304594039917,0.4542834188256943,0.849327536991664,0.1065693039979253,0.828139066696167,0.4554297975131441,0.8507658822195867,-0.03600991033017634,0.9684274792671204,0.44618318166051574,0.8572284936904903,0.10879630254847657,0.8204180002212524,0.4467085506234848,0.857483213288443,-0.031721396744251236,0.9030685424804688,0.4629667043685911,0.8730444295065739,0.07854973280004089,0.879248321056366,0.4591721730572835,0.8732291613306313,-0.06111085500035964,0.9628148674964905
127,0.44213215793882077,0.582581830024719,-0.09033737012318199,0.9998268485069275,0.4396924929959431,0.5837157079151696,-0.08056324587336605,0.999779999256134,0.4398614781243459,0.5840015394347051,-0.08070506245962208,0.9997610449790955,0.44004977260317096,0.5842253855296541,-0.08071515059896875,0.9998451471328735,0.4389962758336746,0.5850493226732524,-0.09188881771905077,0.9999040365219116,0.43869534134864785,0.5866946169308251,-0.0920361989044717,0.9999168515205383,0.43839602300098945,0.5884293488093782,-0.09213842746934717,0.9999235272407532,0.4403578681605201,0.5912160890442981,-0.034456882040415485,0.9999200701713562,0.43796048164367657,0.5971777711595805,-0.08597749822906081,0.9998260736465454,0.4448945275374819,0.5855290923799785,-0.07244991399347779,0.9998791217803955,0.44382199730191896,0.5871323602540149,-0.0880270358175039,0.9998795986175537,0.4546280358518871,0.60418860571725,0.012884096215878202,0.9999826550483704,0.44250074795314226,0.6393287454332621,-0.10790913360459459,0.9999511241912842,0.4648054821150641,0.5464940309524533,0.023757338470646296,0.8536451458930969,0.42590614131518756,0.657814982959202,-0.19586540290287555,0.975536584854126,0.4657552727631158,0.48466018438339215,-0.007858408335596324,0.9657225012779236,0.4548874250480105,0.635996980326516,-0.2901051619223185,0.9657329320907593,0.46462703687804063,0.4707649886608121,-0.01608915847859212,0.9630953669548035,0.4613584748336245,0.6284366028649464,-0.3223523250647952,0.9567885398864746,0.46354892083576726,0.4677857824734277,-0.026801308510558938,0.9652308821678162,0.46130200113568964,0.6263663215296607,-0.31452361132417395,0.9540207982063293,0.4637642732688357,0.4734178117343355,-0.013639904532049382,0.9612109661102295,0.4599555007049013,0.6288019325051986,-0.2902467691472597,0.9209089279174805,0.4652713792664662,0.7195868372917171,0.04583378849284987,0.999970555305481,0.4612842755658284,0.7265296152659821,-0.04584859364799089,0.9999549984931946,0.4834188810416628,0.7915070567812235,0.07822646445461678,0.7755140662193298,0.4882189537797653,0.794877685819353,-0.07390007930142535,0.9862968325614929,0.4540041821343556,0.8488182783126826,0.12362032915864665,0.831993818283081,0.454940856354577,0.850433950764792,-0.02638955297214643,0.969717264175415,0.4459589864526474,0.8567502668925691,0.1256152783121381,0.8214427828788757,0.4463905453681944,0.8574223927089142,-0.02200962427471364,0.904013454914093,0.4622787032808574,0.8716287578855237,0.09091657474637027,0.8811072707176208,0.45977880528994947,0.874473404884338,-0.05646291034562244,0.9639256000518799
128,0.44407075217791947,0.5817941137722558,-0.0587243312171527,0.9998058676719666,0.44094484789030874,0.58294608933585,-0.049234970339706946,0.999751627445221,0.4409276000091006,0.5832112124988007,-0.04936407495822223,0.9997321963310242,0.44093660286494646,0.5834599563053673,-0.04935238212347029,0.9998281598091125,0.4404629443372997,0.5839265108108518,-0.0615384981036186,0.9998876452445984,0.44013773032597114,0.5851173758506772,-0.061686031626803514,0.9999013543128967,0.43982226848602274,0.5863611817359922,-0.061773771154029,0.9999079704284668,0.44116545830454124,0.5905566130365641,-0.006656157118933541,0.9999132752418518,0.43957948429243887,0.5945903692926676,-0.06260580697229928,0.9997882843017578,0.4463184671742574,0.5844834378787447,-0.041912004245179026,0.9998645186424255,0.4455420204571313,0.5854978629520958,-0.058799170383385224,0.9998594522476196,0.45212758353778276,0.6086217147963385,0.037390271840350944,0.9999812245368958,0.44521446057728337,0.6292825886181419,-0.09257201135956811,0.9999420046806335,0.45817957520484903,0.5750573175294056,0.039849872035639604,0.8481360673904419,0.4335313754422322,0.6245869806834627,-0.17124233767390243,0.9749500155448914,0.4622991093567437,0.5277723082474297,-0.004923875819492562,0.9645870923995972,0.45188198941094515,0.5964184241635455,-0.24417999292324688,0.9576154947280884,0.4630190789699552,0.5166808503014698,-0.012972347797559848,0.9618861079216003,0.45624441589627923,0.5902126686913624,-0.27282907716663807,0.9458768367767334,0.4627355081694465,0.5138946422508782,-0.02324780521116087,0.9642273187637329,0.45604135479245844,0.5879335386412481,-0.26472659544753163,0.942090630531311,0.46226566604205516,0.5182263885225565,-0.010758844683212901,0.9597874283790588,0.4546406703335896,0.5901913140501293,-0.2438196805704916,0.9023358225822449,0.4636781718049729,0.7192862101963584,0.04755339792796542,0.9999685883522034,0.4626825026103426,0.7253409811428612,-0.04758821427822111,0.999951958656311,0.48138484358787514,0.7893825582095552,0.0831184497901371,0.771412193775177,0.4880592337676455,0.7944018295833039,-0.06878572148936132,0.9868135452270508,0.4537974842957086,0.8482359903199328,0.12478393848453244,0.8392183780670166,0.45473897542272274,0.850388179506574,-0.044645519714270304,0.9715258479118347,0.44574817333902617,0.8560859782355168,0.12452786202941617,0.8260722160339355,0.4464055529662539,0.857677865028381,-0.04237473947661261,0.9074735641479492,0.46151216030120823,0.8701120342527113,0.08873800167015616,0.8856431245803833,0.461047942297799,0.8757003409521916,-0.0782257156712668,0.9657226204872131
129,0.4459445604256219,0.5809944289071216,0.011916087035621907,0.9997860789299011,0.4421744746821265,0.5815597908837452,0.018440371592129967,0.999744713306427,0.4419582835265566,0.5819934214864455,0.018331251506294513,0.9997190833091736,0.44180126445634005,0.5824830123356408,0.018364088237285605,0.9998220205307007,0.44210633976118885,0.5816420418875555,0.0062988794275692485,0.999875009059906,0.44187455007008125,0.5822225877216881,0.006147420539387631,0.99988853931427,0.4416819529873982,0.5828339661870682,0.006081605303500375,0.9998989701271057,0.441723059756415,0.5898180740220204,0.0443879720355783,0.999897837638855,0.4417933745043616,0.5904074651854376,-0.011288703020129881,0.9997491836547852,0.4477653137275149,0.584358009270259,0.023181539986814756,0.9997991919517517,0.4476661997182027,0.5846008999007086,0.006373776335801392,0.9997710585594177,0.4461075365543363,0.6165336642946513,0.08140174432524608,0.9999605417251587,0.4508174044745307,0.614092888150896,-0.05533353665045327,0.9999263882637024,0.4410072190420966,0.6187898533684864,0.10557026836488922,0.7728471755981445,0.45258995464869883,0.5752845866339544,-0.10428221801661748,0.9766750335693359,0.45174265503883343,0.5895441515105109,0.09496412576575361,0.8850744366645813,0.4636161889348709,0.5308828183582848,-0.12191787484501083,0.9570793509483337,0.45422587735312303,0.581703870637076,0.09677974265068764,0.8909496665000916,0.4662451173577988,0.5192038110324313,-0.1411649714090994,0.9433536529541016,0.4550552265984669,0.5799748803888046,0.08617036784333838,0.8931812047958374,0.4651170645441326,0.5167095584528785,-0.13037898370197837,0.9384747743606567,0.45403330496379285,0.5826241620949333,0.09038675967603917,0.8867641091346741,0.46402904987335186,0.5204247363976067,-0.11924462403569897,0.897831916809082,0.46090406605175543,0.7191041367394579,0.04994286532912933,0.9999699592590332,0.4644078169550212,0.723243153095245,-0.04998818061181475,0.9999557137489319,0.4797646658761158,0.7867246593747816,0.07463152344737731,0.7528050541877747,0.4877640630517685,0.7942308766501287,-0.078149368081774,0.9877671003341675,0.45371431793485345,0.8478469508034838,0.10504434428044723,0.8393793106079102,0.45454274160521346,0.851577508449554,-0.08253503537603782,0.9739023447036743,0.4455507644585199,0.8555777447564258,0.10336740059511997,0.8349027633666992,0.4462656055177959,0.8588511041232514,-0.08244825383382182,0.9152956604957581,0.4613343119621275,0.8694387435913081,0.07553869262337681,0.8837615847587585,0.4624415005956375,0.8766768591744555,-0.11435380131006236,0.9681718349456787
130,0.4459587327071597,0.5776115042822698,0.10226997850196698,0.9997999668121338,0.44215166909354053,0.5776751535279407,0.10357101980064592,0.9997650384902954,0.44182776723589195,0.578477415016719,0.10347571074962612,0.9997400641441345,0.44159317101751033,0.5793717571667261,0.10351192440305435,0.999835729598999,0.442582309246063,0.5766426886831009,0.09339131526648994,0.9998840689659119,0.44255872453962036,0.576789319515228,0.093235534535987,0.9998965859413147,0.4426089780671254,0.5769535047667365,0.09318727246884785,0.9999067783355713,0.4414422903742107,0.5872574073927741,0.10163654589227264,0.999904990196228,0.4432214191981722,0.5835783702986579,0.05393363309225864,0.9997670650482178,0.4477948452745163,0.582183241844177,0.10373241417109963,0.9997997283935547,0.4481512665748594,0.5813349076679772,0.08924086386603966,0.9997729659080505,0.4387793021542683,0.6234465462820868,0.12317203293953617,0.9999533295631409,0.4571956157684324,0.5980505142893107,-0.007370533834078474,0.9999288320541382,0.42325512170791607,0.6540992157799854,0.1773960943732942,0.7047865390777588,0.46887606382369973,0.5371140326772414,-0.02319091266420268,0.9771724939346313,0.4413856020995547,0.6357643042291911,0.2274723762480009,0.8101592063903809,0.4796509478773387,0.4847606241703031,0.018556142744741284,0.9534491896629333,0.4449134835175103,0.6291101353509083,0.24263120745973915,0.8192911744117737,0.48137413944516844,0.471088807923453,0.011187036934175675,0.9366363883018494,0.4465488782950808,0.6283721557685304,0.23281377615141008,0.8209628462791443,0.47972204004015223,0.46913878066199144,0.02403846470905203,0.9301177859306335,0.44515018803732714,0.6299423319952826,0.22520506561600728,0.8138152956962585,0.4795738841806137,0.4719589241913384,0.02345684205314944,0.8860358595848083,0.45769797393253847,0.7171491708074293,0.05028587824531962,0.9999721050262451,0.4661550956112996,0.7186236756188525,-0.050327259408576124,0.9999596476554871,0.4782134916101181,0.7833799651690888,0.07150393681866779,0.7488342523574829,0.48722826497895355,0.7935912472861151,-0.09322914119277677,0.9886837601661682,0.4530897361891608,0.8481970242091583,0.07277285062841003,0.8391042351722717,0.4542939714023043,0.8531558649880542,-0.1250863802752324,0.9757495522499084,0.44496899758066427,0.8559844698224746,0.06990171553833141,0.8444833755493164,0.4461621556963237,0.8606594903128484,-0.12735425116760385,0.9221259951591492,0.4613760811941962,0.8696703178541997,0.05353166814893482,0.8763729333877563,0.4639014014175958,0.8774408629962371,-0.15314787583691727,0.9692017436027527
131,0.44557820984295415,0.5740047982760835,0.10747122658150532,0.999805212020874,0.4420142923082622,0.5732014349528719,0.10585575428392202,0.9997766017913818,0.44169272439820406,0.5741358620779853,0.10576479041150634,0.9997510313987732,0.44147712418011237,0.5751404574939181,0.10579213563885004,0.9998432993888855,0.4424500363213673,0.5716951370239256,0.09748977869749066,0.9998876452445984,0.4424364311354499,0.5716742634773252,0.09734352552997211,0.9998999834060669,0.44253461956977824,0.5716608711651391,0.09730510107640707,0.999910831451416,0.44112894449915185,0.582442111628396,0.09595314557664092,0.9999082088470459,0.4432829686573571,0.5774495346205573,0.056688226227249394,0.9997748732566833,0.4471449954169135,0.5797675030572071,0.10618486170257836,0.9997717142105103,0.44743012104715596,0.5782952189445494,0.0942294887666191,0.9997439384460449,0.4382925612585883,0.6186003616877962,0.11230330722672593,0.9999481439590454,0.4580194422176904,0.5938181587627953,0.005870534692491805,0.9999324083328247,0.42993413976260575,0.6408958741596764,0.16001543934856136,0.6399579644203186,0.46789872220584305,0.5513494321278161,-0.01769240073294244,0.9755595326423645,0.4462825851781026,0.6152263062340869,0.2100523328142506,0.7367660999298096,0.4695167192390985,0.5216750059809001,0.0016862439789942368,0.9400836825370789,0.4489195900303975,0.6075866988727021,0.2232582716005188,0.7484989762306213,0.47552459325109186,0.506359575475965,-0.005666257387825412,0.9189837574958801,0.4506789650235855,0.607116319452013,0.2150132495377744,0.7496588826179504,0.4743924021720884,0.5032750632081711,0.004022230846541276,0.9098983407020569,0.44891753537314255,0.6078631605420791,0.20818939762456068,0.7420783042907715,0.47046961954661753,0.5143252858093805,0.004973929694720686,0.8594868779182434,0.45674830504826114,0.7120596715382164,0.04649012259074618,0.9999741315841675,0.4663621979100362,0.7117399420057021,-0.04651729294231958,0.9999631643295288,0.4771865095411026,0.7802561368261061,0.059788264972822976,0.721409797668457,0.4853792999471935,0.7907791427203583,-0.09204384940011157,0.9885306358337402,0.4523601472377775,0.8488709637096945,0.04369919640677314,0.8243431448936462,0.4537676274776457,0.8542819568089073,-0.11423177016632893,0.9752122759819031,0.44445379717009387,0.8565226708139688,0.04131179515804561,0.8508389592170715,0.44571311729294893,0.8618772200175691,-0.11614060252904887,0.9259933829307556,0.461805714028222,0.8703453063964839,0.025306911793138286,0.8525443077087402,0.464590034314564,0.8777903761182508,-0.14210600129195616,0.9641029238700867
132,0.44618355972426255,0.5696359957967483,0.03997388652392794,0.999599814414978,0.44303979362760254,0.5684942739350453,0.04148294334965091,0.9994862675666809,0.44286646161760584,0.5692363483565192,0.0413906656205654,0.9993633031845093,0.44277964915548035,0.5700403537069045,0.041422310897282176,0.9996486306190491,0.44299548268318156,0.5673654215676441,0.031329763095293714,0.9997087121009827,0.4428470773356299,0.5674329144614081,0.031196783057280936,0.999735951423645,0.44281120215143455,0.5675344790731155,0.031156439254326467,0.9997971057891846,0.4422490775585173,0.5755130188805713,0.052121746593287985,0.9996851682662964,0.4431452427591594,0.5725436363901408,0.0059858846611210255,0.9992292523384094,0.44744528191430205,0.5757592116083414,0.04631777799555231,0.9993385672569275,0.44735603502818494,0.5744809099606103,0.03236199335328169,0.9992351531982422,0.4425063133239744,0.6065584863935195,0.08287422539932383,0.999932050704956,0.4556961825915743,0.5939716662679397,-0.03144512430631687,0.999910295009613,0.44460599081856844,0.6302830083029607,0.09608123110873354,0.577599823474884,0.4651432105473108,0.5626991476331435,-0.08088435621799099,0.9391242861747742,0.45357180493218535,0.6014000211443217,0.08141736164689059,0.6675087213516235,0.4680622586182183,0.5427832305431364,-0.10021537320156178,0.8819459080696106,0.45495835287230335,0.5960624814033506,0.0818773637924875,0.681774914264679,0.4748767682484216,0.5320167950221468,-0.11542882119704564,0.8633409738540649,0.45214244042124047,0.5912726606641494,0.07399066332727668,0.6831024885177612,0.47659106424876596,0.5263052071843826,-0.10760745541857816,0.8530787825584412,0.4549470637525829,0.5934688891683303,0.07774968413369993,0.6749433279037476,0.4714221188000268,0.5402167618274687,-0.09833321249378574,0.7973064184188843,0.4575887995106831,0.7058643664632522,0.04412098495023589,0.9999730587005615,0.4657573946884698,0.7044824481010434,-0.044162082033497925,0.9999635219573975,0.47720501422882056,0.7773854408945352,0.0487022168934345,0.6583086252212524,0.48252834422247726,0.7860894577843799,-0.08021139172571043,0.9640882611274719,0.4518428972789217,0.8496503114700313,0.037964215448924456,0.7857810258865356,0.45299970081874286,0.8544589809009003,-0.08703296195183477,0.9645758271217346,0.4440397781985145,0.8571102959769109,0.03535469695925711,0.8207040429115295,0.44485299672399226,0.862015056610107,-0.08787245494978764,0.901678204536438,0.46244886772973176,0.8712276169231956,0.0095883820472019,0.8259989023208618,0.4645161977836062,0.8777352469308031,-0.11789644743715008,0.952739953994751
133,0.4471165665558404,0.5656537737165176,-0.036914635875395355,0.999555766582489,0.44471245748656113,0.5635228650910511,-0.030979631947619567,0.9994375109672546,0.4447979262896945,0.5637597322463986,-0.031080174126795354,0.9992871880531311,0.4449072054454256,0.5641088775226045,-0.031042740706886555,0.999608039855957,0.443897439752306,0.5635800038065226,-0.04158231041261127,0.9996774792671204,0.4435316639287129,0.5638394219534735,-0.04172160274216105,0.9997071623802185,0.443252087490899,0.5641406859670364,-0.04179081405912125,0.9997722506523132,0.444523387295859,0.5679007768630979,0.0052397463271128195,0.9996316432952881,0.44328328881944906,0.5687609791755673,-0.042772280957017614,0.9991205334663391,0.4482567727565763,0.571137613909585,-0.021311375951128343,0.9991068840026855,0.44776898111615837,0.5712556685720168,-0.035740693019969114,0.9989435076713562,0.4509246494088852,0.5930424519947595,0.054579562906708005,0.999893069267273,0.4522754992757523,0.5977030430521281,-0.0686031492160899,0.999872624874115,0.4545294880867002,0.6073108247348238,0.06559593187911167,0.5216419100761414,0.4548531532287596,0.5750404698508124,-0.14053690541103211,0.9361763596534729,0.4551858850887841,0.5864800521305626,0.033628152417285076,0.6057205200195312,0.4576466832842143,0.5529029897281099,-0.20790417066642208,0.8675550222396851,0.45459470408303376,0.5859759518078393,0.02901110393660406,0.6231480240821838,0.46237259336880254,0.5439047574996945,-0.23198218271136276,0.8455724716186523,0.446478452001299,0.5760297094072612,0.020043026336601776,0.6251388788223267,0.4642482885292596,0.5381310275622774,-0.22606534095747122,0.8344346284866333,0.4548735601561408,0.583960710253034,0.029039540248257747,0.6162713170051575,0.4612342851502553,0.5484122548784526,-0.2077615010951246,0.7680755257606506,0.46047164542334396,0.6994214790207995,0.04184065695319855,0.9999591708183289,0.4652583471366335,0.6982877186366487,-0.04190345853567121,0.999954342842102,0.47741557785442873,0.7741719467299322,0.04211674013308114,0.5999954342842102,0.47958549516541593,0.7796759213720046,-0.06832998842000958,0.949150562286377,0.45201724767684914,0.8487313066210062,0.050805038000856104,0.7557549476623535,0.45233140247208714,0.8540115441594801,-0.055452362767287634,0.9562590718269348,0.44420863986015297,0.8566107783998758,0.0491721875965595,0.8003045916557312,0.4441532211644307,0.8614276562418253,-0.054733059874602696,0.8836124539375305,0.463094570807048,0.8715245076588217,0.01129608662532908,0.8109906315803528,0.4639531254768369,0.8771455952099387,-0.09490722950015745,0.9462245106697083
134,0.44619158846991386,0.5571219308035712,-0.04587696404861551,0.9967696666717529,0.4448131467614853,0.5552316444260731,-0.03829552345643085,0.9944457411766052,0.44513363242149334,0.5553447331701004,-0.03840332921328288,0.9913516044616699,0.4454072398798804,0.5556273835045948,-0.03837249107392769,0.995143473148346,0.44367971420288066,0.5559644988604953,-0.04896918692226919,0.9977181553840637,0.443299832514354,0.5564580151012963,-0.049117315347705554,0.9980912804603577,0.44296154720442615,0.5571160384586876,-0.049202760468636225,0.9987810850143433,0.4459418816225867,0.5603492208889549,0.002328622926558762,0.9934095144271851,0.44315566335405604,0.5625854662486482,-0.0466980332508683,0.9947606921195984,0.44805625421660267,0.5625892894608631,-0.029055040808660636,0.9925042986869812,0.4472490761961254,0.5634681344032285,-0.043753052582698196,0.9936764240264893,0.4564314399446758,0.5841292619705197,0.05291759659137042,0.9995275735855103,0.4504110915320258,0.5940016354833327,-0.0774995606924806,0.9997799396514893,0.4617647835186548,0.5888425980295451,0.0945647646273885,0.46975281834602356,0.4432974338531492,0.5754403301647728,-0.14907115059239517,0.9088007807731628,0.4662778258323667,0.5804091232163563,0.09827434835689404,0.5458878874778748,0.44521388837269354,0.5473333563123428,-0.2165947824716567,0.84636390209198,0.4663741716316766,0.580344041756221,0.10167317709752485,0.5623663663864136,0.4427112630435397,0.5392825024468555,-0.2398484706878661,0.8246471285820007,0.45871879373277913,0.5690273097583223,0.08909912702760522,0.5643882155418396,0.44425555552755064,0.5395871468952721,-0.23513880797794875,0.814944863319397,0.46644839218684586,0.5807750225067136,0.09318162511501989,0.5563580989837646,0.44595788036073936,0.5363376344953261,-0.21711836244378763,0.7387387156486511,0.4629097691604067,0.691183837822505,0.042374173126050386,0.9999113082885742,0.46509769388607547,0.6906472137996125,-0.042449482956102895,0.9999290108680725,0.47559443627084985,0.7687701940536495,0.043835813286049005,0.541102945804596,0.47630764160837424,0.7726145556994843,-0.0653468939874853,0.8742268085479736,0.45240380338260083,0.8460493581635607,0.05038052158696309,0.6929935812950134,0.4523974997656684,0.8526883142335071,-0.060248288831540486,0.9118841290473938,0.4445739899362835,0.8553740007536749,0.048351194443447224,0.7386478185653687,0.44453459978103615,0.8606517910957333,-0.06087458027260641,0.8192847371101379,0.46325642125947114,0.8711618712970185,0.007104047627321309,0.754937469959259,0.4639445866857254,0.8766785979270931,-0.10782960397856572,0.9058980345726013
135,0.44473471045494056,0.5453090105737957,-0.029841691574880043,0.99708092212677,0.44338735256876244,0.5441653728485105,-0.020787308870681684,0.9949700236320496,0.4436541804245538,0.5444212436676023,-0.02088795416057109,0.9921757578849792,0.4438189361776622,0.5448486736842562,-0.020860807331545005,0.9956041574478149,0.4424791489328655,0.545019345624106,-0.033103116601705534,0.9979321360588074,0.4422012209892271,0.5457526666777472,-0.03323999175003595,0.9982714653015137,0.44192831345966865,0.5467557532446723,-0.033311498537659634,0.9988930821418762,0.44488682661737694,0.5518431084496631,0.01973805843320275,0.9940477609634399,0.4425135425158907,0.5543863126209801,-0.03618864810892512,0.9952441453933716,0.44743582265717624,0.5514456765992298,-0.013425931148231025,0.9932239651679993,0.4466101237705774,0.5525579707963123,-0.03050030363457542,0.9942697882652283,0.45791428003992335,0.5780754089355467,0.06725433734910825,0.9995661973953247,0.4496908273015701,0.5856519290379112,-0.07205798359853877,0.9997940063476562,0.4698167766843521,0.580576762131282,0.1192150705627032,0.43113788962364197,0.43641748854092166,0.5785764489855083,-0.1523033325161252,0.9123082160949707,0.4812544958932057,0.5801188196454726,0.12973278324518878,0.5247289538383484,0.4223651341029574,0.5576364295823231,-0.2384917995759418,0.8558902740478516,0.4831679344177244,0.5776334473064965,0.13683981852872024,0.5417559146881104,0.4169610934598103,0.5468838657651627,-0.26354728766850055,0.8338654041290283,0.4810915444578441,0.5703820313726149,0.12028470177735595,0.5490782856941223,0.416910021645682,0.5517134445054188,-0.25998798183032434,0.8249591588973999,0.48245659981455097,0.5787393808364866,0.12305315328495837,0.5438828468322754,0.41864598989486673,0.5462000216756546,-0.24027217243398927,0.7512943744659424,0.46418951920100604,0.6808770912034168,0.04523210014615738,0.9999143481254578,0.46516639930861314,0.6799708383423938,-0.04530782252550123,0.999931812286377,0.472778923170907,0.7615787642342701,0.03702571200472966,0.49292948842048645,0.47316287074770225,0.7640619652611865,-0.07090973832777564,0.8733020424842834,0.45415614673069526,0.8424459576606746,0.036695964285640245,0.6537082195281982,0.4536219963005609,0.8487877505166186,-0.07676404480423242,0.913716197013855,0.4463048560278754,0.8519329394612989,0.033735120961708664,0.7116426825523376,0.445647735255105,0.8562832934515813,-0.07903852100883207,0.8147857785224915,0.46332936116627266,0.871433785983494,-0.00880060390170131,0.7334610819816589,0.464172053337097,0.8768234389168871,-0.1290761477180889,0.9072402119636536
136,0.44140879426683677,0.5324337567601882,-0.0059482085651585016,0.9973686337471008,0.43880481209073724,0.5335155367851254,0.0038258939648845337,0.9954644441604614,0.4388240584305353,0.534164978776659,0.0037373969464429757,0.9929466247558594,0.438761326244899,0.5349732501166204,0.003751303322081052,0.9960362911224365,0.43863171679632984,0.5341903907912116,-0.009579168286706716,0.9981353282928467,0.43857907227107434,0.5352687205587112,-0.009708195818322041,0.9984416365623474,0.4385096175330024,0.5366055420466829,-0.009766977360205986,0.9990009069442749,0.44023429410798187,0.5443455031939912,0.04123360352324586,0.9946390986442566,0.43983931371143864,0.5462423426764349,-0.019654281809926025,0.9957115054130554,0.44467849731445297,0.5384537407330101,0.008833089790173934,0.9938964247703552,0.44425966909953507,0.539171857493264,-0.009845235651092866,0.9948360323905945,0.4565721912043433,0.5746134843145095,0.08729420868413784,0.9996050000190735,0.4501639604568479,0.5725031069346834,-0.06345803301249228,0.9998101592063904,0.4743733848844254,0.596597029481615,0.14422120090041834,0.39786243438720703,0.44122627803257514,0.5733634982790263,-0.15757792847497115,0.9180862307548523,0.49000658903803124,0.5966080290930609,0.16431427470275328,0.532376766204834,0.4259412629263739,0.5564145309584478,-0.251921824472291,0.8693864345550537,0.49366323777607485,0.5923045396804807,0.17545419718538005,0.5581743121147156,0.4216179404939922,0.5496865051133291,-0.27945868543216146,0.8495551943778992,0.4937980864729198,0.588284567424229,0.15694225877523416,0.5692911148071289,0.42281023859977696,0.5528263177190506,-0.27237415143421706,0.8414657115936279,0.49218287553106016,0.5909234012876236,0.15726915385041912,0.563567578792572,0.42342483656746976,0.5491479311670573,-0.2527969419956206,0.7739756107330322,0.46412720765386284,0.6704273632594514,0.04932354007448467,0.999916672706604,0.4651696315833498,0.6682447365352082,-0.04937588263835223,0.9999338388442993,0.47040016395705064,0.7515090414455955,0.03021517752536704,0.45604121685028076,0.4711255609989164,0.7533149140221728,-0.08796541211860517,0.8821573853492737,0.45641870668956186,0.8372221435819349,0.017121508037130938,0.6469566226005554,0.4559307873249052,0.843363511562347,-0.10624147302338051,0.9206117391586304,0.4485830511365616,0.8454133391380305,0.012916717944400646,0.7078477740287781,0.447605115175247,0.8498235106468197,-0.10961518351520806,0.8258380889892578,0.46336919750486083,0.8692868965012682,-0.026665444139923358,0.7359298467636108,0.4646713478224616,0.8765905124800542,-0.1550492848668779,0.9139834046363831
137,0.4387287480490546,0.5233725956508088,0.030808776404176428,0.9976279139518738,0.43484447598457315,0.5265383924756729,0.039499065093696106,0.9959126710891724,0.4347413659095762,0.5274520397186276,0.03942000956407614,0.9936438202857971,0.4345816424914767,0.5284712825502665,0.03941827506891317,0.9964287877082825,0.43510133879525303,0.527126051698412,0.02741282411984034,0.998319149017334,0.4351852442537033,0.5283945764814102,0.027279056289366305,0.9985948204994202,0.43521926147597156,0.5297275781631468,0.027215744076030585,0.9990985989570618,0.4362866018499645,0.5379897219794134,0.06821553946605748,0.9951729774475098,0.43723028813089626,0.5391382745334078,0.012344843095966744,0.9961315989494324,0.4420109008039745,0.5281488759177069,0.04190995977925401,0.9945022463798523,0.44191334417888073,0.5286644867488314,0.024934373370238704,0.9953447580337524,0.45494135362761334,0.5753567201750616,0.10642906225153374,0.9996416568756104,0.45075395277568253,0.5611630048070633,-0.04032917129141941,0.9998259544372559,0.4651833687509807,0.6135747807366505,0.16722252049616398,0.36403918266296387,0.4470796244485036,0.5649194376809255,-0.15360748895577014,0.9226330518722534,0.47941175528935,0.618170630931854,0.2139675557613372,0.5070407390594482,0.4339411795139311,0.5497874838965278,-0.25651317834854115,0.8799726366996765,0.4809716062886372,0.6186309865542817,0.22941910794803066,0.5357725024223328,0.4355481258460452,0.5441348501614159,-0.2854503367628369,0.861581027507782,0.48269239664077734,0.6148113880838664,0.2136123482670102,0.5493571758270264,0.4363830396107263,0.5436998145920886,-0.27488824895450037,0.8537989854812622,0.4820529213973452,0.6148918986320493,0.20920556357928677,0.5409907698631287,0.4354655265808104,0.5452598742076327,-0.2563001585858208,0.7892512679100037,0.46398033159119717,0.6627642529351367,0.04845870243651524,0.9999205470085144,0.46562450698443797,0.658632113252367,-0.04849762277943745,0.9999375939369202,0.46880666613578775,0.7425911954471041,0.024657575998987456,0.4232942759990692,0.47073394060134865,0.7421969720295494,-0.09708737071071347,0.8923791646957397,0.4584606238773889,0.8310963988304134,-0.0029548017767021,0.64324951171875,0.458659596954073,0.8346421718597408,-0.11971841560942781,0.9273257255554199,0.45109318154198763,0.8386113405227658,-0.008423456336770736,0.7038095593452454,0.4504672578402926,0.8409940668514793,-0.12340255486113678,0.838901162147522,0.4637540382998328,0.8647455334663386,-0.046206484362483,0.7397176027297974,0.46500782029969334,0.872000101634434,-0.16382643963609414,0.9210053086280823
138,0.4364325906549179,0.5192404099873131,0.04479661533342938,0.9978590607643127,0.43240332348006094,0.5229354194232393,0.051137934724933304,0.9963140487670898,0.43239745668002516,0.5239555750574383,0.0510607908213777,0.9942670464515686,0.43240972927638444,0.5250307355608256,0.051056767800556735,0.99677973985672,0.43249870027814574,0.5232548032488139,0.040619092940219786,0.9984834790229797,0.432656532526016,0.5243921399116513,0.04048549500959258,0.9987316131591797,0.43299908552850974,0.5255306175776888,0.04042714325977221,0.9991859793663025,0.4343737644808631,0.5329384974070955,0.07210765779018398,0.9956510663032532,0.4362789920398165,0.5330271823065619,0.02236631166722092,0.9965077042579651,0.4397983253002165,0.5236916201455251,0.05300726470138342,0.995042622089386,0.4402342506817407,0.5238729766436983,0.038230069380785714,0.9957970380783081,0.45245596681322353,0.5752383334296087,0.10350170710257116,0.999671995639801,0.45175476925713653,0.5538977197238375,-0.030137882647769777,0.9998409152030945,0.4567038186958856,0.6192159942218232,0.16793656051158898,0.3328965902328491,0.4514320254325865,0.5434757334845404,-0.14683182047946106,0.9268750548362732,0.4707545833928243,0.6298026033810205,0.22694906294345846,0.46290552616119385,0.43799930300031364,0.5365748167037961,-0.23945170598370677,0.8907966017723083,0.47054937481880166,0.6375927550452094,0.24229613414832513,0.49173057079315186,0.4394985062735419,0.5346891386168341,-0.26601110824516827,0.8740630745887756,0.47451982753617405,0.6344494172504967,0.22535418740340632,0.5052210092544556,0.44036842584609964,0.5346096089908052,-0.2569449531180517,0.8668937087059021,0.4742752245494295,0.6327591504369461,0.22160718142986288,0.4964486360549927,0.4397547934736522,0.5366952810968668,-0.23962980466229564,0.8073506951332092,0.4638287416526247,0.6585523043360026,0.045491886138916,0.9999237060546875,0.4667177719729285,0.653262502806527,-0.04553712138107843,0.9999412894248962,0.4670141662870132,0.737385899680001,0.021536404426608757,0.40059909224510193,0.47101579053061327,0.7344777311597548,-0.08943101742437903,0.9010043740272522,0.45890978489603296,0.8253709554672237,-0.012280020824774895,0.6560373306274414,0.4612952053546904,0.8256561688014435,-0.12190197259187693,0.9331037998199463,0.45206358432769755,0.8343617132731842,-0.018316135715161046,0.7189757227897644,0.45476119518280006,0.8339447123663761,-0.12431215431009014,0.8516150116920471,0.4646397905690327,0.8573940839086256,-0.05555244487311156,0.7547772526741028,0.4663266667297906,0.8632394024303978,-0.15929962396621697,0.9271718263626099
139,0.4407381670815602,0.516855488504682,0.0571056147771222,0.9980648159980774,0.4368573282446178,0.5186918752534047,0.0645125924476555,0.9966724514961243,0.43678790841783777,0.5195570485932484,0.06443719001752986,0.9948195815086365,0.4367693347590308,0.5204511267798285,0.06444358016763412,0.997092068195343,0.4365918082850318,0.5186283911977493,0.0527627277587141,0.9986293315887451,0.43654961671148007,0.5193851675306045,0.05264989733695981,0.9988519549369812,0.43681813733918307,0.5201093264988488,0.05261295943387915,0.9992626309394836,0.4376186081341332,0.5262566719736369,0.08791319834334506,0.9960757493972778,0.43955739906855973,0.5257568836212155,0.0331029165536165,0.9968359470367432,0.444794474329267,0.5223810519490921,0.06627044560653819,0.9955205321311951,0.44531941328729885,0.522190109321049,0.04993081816605157,0.99619060754776,0.4499310008117129,0.5712881326675413,0.11317850777081075,0.9996843934059143,0.45304288268089277,0.5474187425204684,-0.02243781462311744,0.9998480677604675,0.4503500597817555,0.6166236485753738,0.1507040036576134,0.30112582445144653,0.4512282082012719,0.5321545115539004,-0.1388753809034824,0.9259849190711975,0.464777316365923,0.6343822990144999,0.172412764600345,0.4216480255126953,0.443271892411368,0.5243097169058661,-0.22622652798891058,0.8947388529777527,0.46429821167673363,0.6462720053536548,0.17935618417603622,0.4504336714744568,0.44204360842704754,0.5224369704723356,-0.2521707734891345,0.8779207468032837,0.4689157571111404,0.6435013941356111,0.16335323495524262,0.46371251344680786,0.4431032257420674,0.5230448544025419,-0.24278968977076656,0.8704478144645691,0.4685860131468089,0.6401760305677138,0.16578390640871857,0.4550497531890869,0.44320974009377595,0.525025974001203,-0.22605260248695092,0.8092129230499268,0.4635540255478448,0.6550863504409787,0.0443439520895481,0.9999260306358337,0.4679085740021295,0.6496855020523068,-0.04440259560942648,0.9999444484710693,0.4657951125076837,0.7345040389469688,0.02054197107042584,0.36467400193214417,0.47158711041722956,0.7300228987421304,-0.08256383453096658,0.8882982134819031,0.4586881560938697,0.8209143468311851,-0.011050748136092022,0.61936354637146,0.4639824415956223,0.8173871755599972,-0.11832215700830727,0.9284349679946899,0.4524887706552231,0.8310984832899907,-0.016831154908452706,0.6950299739837646,0.4585820513112202,0.8272270270756309,-0.1192402377724647,0.8429953455924988,0.4658284042562755,0.8515025138854976,-0.0542838710759367,0.7258679866790771,0.4688301665442328,0.854583460944039,-0.1552084692886897,0.9201058149337769
140,0.445772645303181,0.5150093317031857,0.09888323194214271,0.9982240796089172,0.441712290900094,0.5154038735798425,0.10582698732614512,0.99696946144104,0.44139919451304827,0.516270862306867,0.10574765609843387,0.9952861666679382,0.4411464623042513,0.5171741025788441,0.10576062606913697,0.9973582029342651,0.44160894666399253,0.5150196347917827,0.09452146504606515,0.9987311363220215,0.4414124497345514,0.5155109388487678,0.09441132183585843,0.9989277720451355,0.4414669701031274,0.5159257207598003,0.0943878075906208,0.9993029832839966,0.4407904633453912,0.5232602477073667,0.12219315022230141,0.9964472055435181,0.44278059686933224,0.520666660581316,0.06979606236730299,0.9970324635505676,0.4498265470777237,0.5213594283376419,0.10548330928598128,0.9958752393722534,0.4503259812082561,0.5204082284654887,0.08978422507643695,0.9963794350624084,0.44774547048977426,0.5684005737304685,0.1355599462985992,0.9997000694274902,0.45578147172927835,0.5374569058418271,0.011003425770572249,0.9998363256454468,0.44957203779901755,0.6121575508798869,0.15268588278974798,0.2739005386829376,0.45735609190804594,0.5132864075047627,-0.06225158327392167,0.9226235151290894,0.4640502784933361,0.632947014059339,0.15480509357792982,0.38959529995918274,0.45151816606521583,0.49501774907112095,-0.09680063809667311,0.8892232775688171,0.4647839111941199,0.644877617699759,0.15963936490671968,0.4210065007209778,0.4483226077897206,0.49101892369134065,-0.11290477982589171,0.8721517324447632,0.46810382774897963,0.640471221719469,0.14679260551929466,0.43376243114471436,0.44877511773790607,0.49201881204332604,-0.10329944108213693,0.8624154925346375,0.46750311085156004,0.6367800559316359,0.14888261258602137,0.42359012365341187,0.44938696537698997,0.4945989429950712,-0.09508226939610068,0.7959414720535278,0.4627418892724171,0.6493476561137606,0.04085939473339488,0.9999290108680725,0.4692093653338294,0.6442589010511123,-0.04096641529883655,0.9999467730522156,0.4656272581645418,0.7312459962708606,0.019956472622496734,0.3599052131175995,0.47201944759913833,0.7264064005443025,-0.06706030326230182,0.8956614136695862,0.45811392324311373,0.8168734516416273,-0.017899004981986107,0.6403694152832031,0.46704208169664635,0.812697727339608,-0.11209162452391211,0.9333633780479431,0.4526763302939277,0.8268782700811109,-0.02352019048162868,0.7167692184448242,0.4621927976608274,0.8229090281895225,-0.11797432537589748,0.8540645837783813,0.4666856655052728,0.8466603875160214,-0.05609544866851396,0.7397644519805908,0.4718534120491571,0.8486724853515621,-0.14704193685735967,0.9238899946212769
141,0.4487857162952421,0.5144703626632687,0.15424378748450954,0.9983682036399841,0.44467875787190003,0.5148160304341995,0.1586472040840557,0.9972465634346008,0.44417151468140714,0.5159571903092519,0.15856350181358195,0.995721161365509,0.44370081850460574,0.5171310101236612,0.15857469290494913,0.9976041913032532,0.4451744283948624,0.5135013324873786,0.14907571024128363,0.9988362193107605,0.4450993316514149,0.5136205417769293,0.14895398712583946,0.9990102648735046,0.445033812522888,0.5136406745229446,0.14892818363649496,0.999355673789978,0.4429162297930034,0.524543077605111,0.15855808960539947,0.9967859387397766,0.44541231053216096,0.5185363667351857,0.11415087426347387,0.9972841143608093,0.45204867635454427,0.521032963480268,0.1549745702317782,0.9962149262428284,0.45257056696074327,0.5189781342233928,0.1415613453303064,0.9966256618499756,0.44515497173581786,0.5691038455281936,0.15634542107582086,0.999712347984314,0.4586618891784121,0.5270751953124998,0.050884195949350064,0.9998452663421631,0.44850430573735894,0.6118933456284656,0.1671059906482696,0.24730262160301208,0.46535036138125807,0.49388773441314676,0.024957377782889766,0.9239283204078674,0.4644902995654513,0.6317236116954256,0.17792177285466867,0.35120129585266113,0.461731456858771,0.46270001956394724,0.05676141487700597,0.89521324634552,0.46546063508306207,0.6413335391453332,0.18757262187344678,0.37993937730789185,0.4612452030181883,0.4531011853899273,0.05341575358595165,0.8786806464195251,0.4687708497047422,0.635321259498596,0.17995000055858057,0.39143311977386475,0.4602421360356465,0.4544432861464362,0.0641171023249626,0.868916928768158,0.46818216102463833,0.6322754638535633,0.17507423332759303,0.38218700885772705,0.4599010808127265,0.4583617593560898,0.0606859818100929,0.8051876425743103,0.46163799336978345,0.6437900917870655,0.03534149091158593,0.9999337792396545,0.4708593394075119,0.6378870197704857,-0.035501153447798306,0.9999511241912842,0.4660917988845278,0.727001651695796,0.01923640396978173,0.39908531308174133,0.47237856388092014,0.7224786894662036,-0.05784039955054008,0.9026278853416443,0.4582620033196038,0.8119576709611072,-0.033588777349463514,0.6637871265411377,0.47000767333166915,0.8076386809349057,-0.10662934418235502,0.9355112910270691,0.4540100957666122,0.8212675469262255,-0.03968053345701522,0.7424493432044983,0.4648540496826169,0.8178589292934959,-0.11702393974576672,0.8651524782180786,0.4669394459043228,0.8419629301343641,-0.06626551789896826,0.7512117028236389,0.47456121359552633,0.8434713704245427,-0.14136445309434612,0.9185944199562073
142,0.4474504292011259,0.5162234067916868,0.18082592615059434,0.9984244108200073,0.4436061237539562,0.516453923497881,0.18343975905861165,0.9974369406700134,0.4430577729429515,0.51783367225102,0.1833469052399907,0.9960476160049438,0.44256327663149136,0.519271441868373,0.1833539686032703,0.9977834224700928,0.44482388581548393,0.5141382285526819,0.17535840549639284,0.9988756775856018,0.4451511527810776,0.5138076645987373,0.17521976658276142,0.999034583568573,0.44548321536609087,0.5134469083377291,0.1751839503645896,0.9993605613708496,0.44218826975141234,0.5269774130412508,0.17360277048179074,0.9970611929893494,0.4466530586991989,0.517960098811558,0.13581203349999013,0.9974387288093567,0.45013003349304176,0.5224748304912019,0.1782275187117712,0.9963322877883911,0.4507231652736662,0.5194626893315994,0.1667137661150523,0.9965773224830627,0.4419791136469158,0.5702669995171681,0.16490606878484992,0.9997107982635498,0.4608806822981151,0.5216531515121458,0.0710805490080799,0.9998452663421631,0.4472989303725104,0.6119526488440374,0.19736648244517183,0.22420355677604675,0.4711784635271342,0.47425706897463094,0.0714853491101946,0.9257058501243591,0.46433723398617316,0.6235703774860923,0.24634980346475316,0.31693023443222046,0.47084894009998846,0.43532060555049334,0.1391292376177651,0.8989924788475037,0.4661099944795879,0.6286629251071383,0.2631984885249818,0.34345829486846924,0.4721297008650641,0.42449358446257435,0.14264186535562784,0.8824895620346069,0.46876197542463005,0.6241329925400867,0.25572586613042003,0.35379770398139954,0.47051982368741696,0.42543651717049713,0.15381453228848316,0.8723948001861572,0.46803742817469984,0.6220187970570152,0.2447392889431544,0.34528547525405884,0.4700140910489216,0.42941469294684254,0.14419009493929996,0.8099169135093689,0.460671213694981,0.6405699576650343,0.030841208142893643,0.9999361038208008,0.47303474460329303,0.6335896543094087,-0.031031729387385486,0.9999540448188782,0.4666833894593373,0.7225018279893054,0.0216405438525336,0.44308626651763916,0.4729159108230044,0.7189608931541439,-0.051873792707920044,0.9098025560379028,0.45873650567872165,0.8051078830446512,-0.032855946224715014,0.6912417411804199,0.47243336524282165,0.8025331292833597,-0.10061117197786054,0.9391162395477295,0.45567792654037453,0.814348857743399,-0.0386858538857528,0.7667995095252991,0.4676953809601918,0.8129967161587303,-0.11003526555640353,0.8764695525169373,0.4670937061309812,0.8342521582330973,-0.06355720604104653,0.7663776278495789,0.4770195330892288,0.8367579919951299,-0.13228307749543866,0.9167007207870483
143,0.4466837848935806,0.519267346177782,0.18150518068245472,0.9985333681106567,0.4432359933853147,0.5188132439340862,0.18411346333367476,0.9976595640182495,0.44250099658966047,0.5200600794383456,0.1840185276099613,0.99639892578125,0.4418635853699273,0.5213861874171664,0.18401868087904785,0.9979797601699829,0.44485312700271584,0.51600832087653,0.17583488055637897,0.9989615678787231,0.44533319813864547,0.5152752246175492,0.17569154032639087,0.9991042613983154,0.44584528974124343,0.5145677106721058,0.17564250103064938,0.9994034767150879,0.44164917043277174,0.5274512989180425,0.17443778685161038,0.9973353743553162,0.44751362204551676,0.517764147690364,0.13549166577202926,0.9976468086242676,0.4488391024725776,0.5248000042779102,0.1790993473359516,0.9965242743492126,0.44995164019720874,0.5214034318923948,0.16726311956133152,0.9966861009597778,0.4396342260496955,0.5684726783207481,0.16755638888904018,0.9997060894966125,0.4615265165056499,0.5197752305439538,0.06731524818709916,0.9998484253883362,0.4441957720688409,0.6127319216728208,0.2149998937334332,0.2030245065689087,0.47296464102608793,0.47367793662207447,0.051340129758630455,0.9249354600906372,0.4609947996480122,0.6101594277790612,0.2863775074481963,0.2855634093284607,0.4797444982188086,0.4278663149901797,0.10284410097769323,0.8933475017547607,0.4629283266408101,0.6113366450582228,0.306047509397779,0.30976763367652893,0.482612188373293,0.4136124057429175,0.10269223111016404,0.8774250149726868,0.4651911650385173,0.6069973383631022,0.29872882110731924,0.31908684968948364,0.481693591390337,0.41244791150093063,0.11635124619518002,0.8663724064826965,0.4643128880432672,0.6066860454423084,0.2854149354355674,0.311380535364151,0.48075009499277366,0.4175724881035939,0.10843688824347082,0.8018708229064941,0.4598994527544292,0.6386452078819271,0.03162005533065113,0.9999353289604187,0.4746215249810898,0.6313051291874474,-0.03178495615720747,0.9999557733535767,0.467246045385088,0.7164340240614752,0.030787217138069,0.47609877586364746,0.4739815175533293,0.7144568068640569,-0.05942285092813625,0.913611888885498,0.45956011244228884,0.7972150240625651,-0.019361369631120128,0.7031010985374451,0.47449457304818266,0.7982432603836056,-0.1042360691087586,0.9389023780822754,0.45729391489710103,0.80699051788875,-0.024051571770438117,0.7867957353591919,0.4699414057391028,0.8087973679815016,-0.10881336182355876,0.8857315182685852,0.4667088380881716,0.8263127105576648,-0.0450565705341952,0.7633488774299622,0.4793458274432589,0.8315835169383454,-0.1383313970906393,0.903093695640564
144,0.4463011392525262,0.5210255708013259,0.18906630745955866,0.9983980059623718,0.44307740926742534,0.5199205177170887,0.1918459313256399,0.9976913928985596,0.4421723553112573,0.5209433232034953,0.19175266282899028,0.9964844584465027,0.4413834180150711,0.5220484341893875,0.1917488170521599,0.9980302453041077,0.44485898784228717,0.5171599490301948,0.18311283162661954,0.9989213943481445,0.4453173058373585,0.5162409714290072,0.18296625827039983,0.9990496635437012,0.44582960520471826,0.515374708175659,0.18290968537330618,0.9993635416030884,0.4410114952496118,0.526896946770804,0.18158000069005142,0.997473955154419,0.44739457964897134,0.517163756915501,0.14045133377824504,0.9976438879966736,0.44746662804058596,0.5259527155331201,0.18639852830341874,0.9959890842437744,0.4492064774036405,0.5224630560193742,0.1739289769104548,0.9959319233894348,0.43788670301437355,0.5660113011087687,0.17572031361716126,0.9996752142906189,0.4621493543897354,0.5190515722547255,0.0677551190767969,0.9998467564582825,0.4416153337274277,0.6079168558120724,0.23491000149931215,0.18355946242809296,0.4758614020688191,0.4755632145064215,0.04595276223761692,0.9249842166900635,0.4558999282973151,0.5921685831887378,0.32349698798997045,0.25742775201797485,0.4842402253832134,0.42944394690649834,0.09791219915662489,0.8881423473358154,0.4573078981467653,0.5900262951850888,0.3462555012532641,0.2796066105365753,0.4873228303023745,0.41460918954440507,0.097340121439525,0.8698331117630005,0.4597403892448968,0.584390124252864,0.33979974559375203,0.2879940867424011,0.48694737298148,0.4133449162755692,0.11202845977885376,0.8567906618118286,0.4590810145650589,0.5855219006538388,0.32334644539015617,0.280964732170105,0.4861154956477026,0.41812177470752154,0.1039550506642886,0.7886061072349548,0.45910446303231356,0.6354988694190976,0.033413150534033764,0.9999379515647888,0.4751674268926891,0.6282058545521325,-0.033558198277439374,0.9999586939811707,0.4675359606742857,0.7099434256553647,0.03834594312523091,0.5001401305198669,0.47576585582324415,0.7093394279479976,-0.06596176517861227,0.9194245338439941,0.46064563734190783,0.7910097599029537,-0.012357794473479896,0.7160069346427917,0.47653350234031655,0.7952043925012857,-0.11678128540515895,0.9407057762145996,0.45867164134979227,0.801338332039969,-0.01658586496487259,0.804082989692688,0.4717370595250809,0.805310477529253,-0.12130171677895948,0.8937461376190186,0.4685378057616095,0.8196183851787018,-0.03291084340640475,0.758533775806427,0.4812680593558718,0.8297732336180547,-0.15259495420115327,0.8944740295410156
145,0.44674890892846225,0.5222309725625172,0.19776613925184516,0.9981518983840942,0.4437556598867687,0.520723795890808,0.20045217658792214,0.9976271986961365,0.4427720444543019,0.521639515672411,0.20036241241863786,0.9964317083358765,0.441890330825533,0.5226184759821209,0.20036289436476562,0.9979881644248962,0.4456837134701863,0.5181409495217457,0.19206628118242525,0.998842179775238,0.44615113309451493,0.5172732029642375,0.19192352209772373,0.9989636540412903,0.44665369476590816,0.516478223460061,0.19187227444989333,0.999299943447113,0.4410500901085988,0.5272261125700811,0.1885260820388793,0.9975292682647705,0.4480623006820677,0.5182504194123402,0.1489892716918672,0.9976028203964233,0.44676146422113666,0.5269742471831182,0.19441723610673622,0.9946562051773071,0.4492179530007496,0.52377370425633,0.18237697396959568,0.9944818615913391,0.43696133749825594,0.5642148494720456,0.180475371650287,0.9996312856674194,0.46249046240534075,0.5210809332983832,0.0779706429157938,0.9998410940170288,0.441556759391512,0.6019621287073404,0.2398531411375317,0.1655561476945877,0.47877693602016974,0.48020021830286275,0.07215267345309254,0.9043037295341492,0.45492318613188587,0.5889010718890596,0.3313713405813488,0.23199352622032166,0.486972299643925,0.44027942844799567,0.14782812425068442,0.8485313653945923,0.4570617675781248,0.5871761083602902,0.35526105931826985,0.2522747218608856,0.49073637638773215,0.42429268019539945,0.15149304653917034,0.8279897570610046,0.45966288447380044,0.5831694841384885,0.34942439283643434,0.2598201334476471,0.48966212017195543,0.42106005549430825,0.16568117610045835,0.8118612766265869,0.4591292347226822,0.5830785240445815,0.33164228796958906,0.2534421682357788,0.4884351347173961,0.4267189145088194,0.15441080161503376,0.73980313539505,0.4584060251712797,0.6319368941443304,0.03182329237461089,0.9999409914016724,0.47457941344806104,0.6243925707680835,-0.03196336371558051,0.9999613761901855,0.4676569129739487,0.7039358871323719,0.04019565768539904,0.5162954926490784,0.47742337584495526,0.7044714638165062,-0.0668024289820875,0.9217610955238342,0.46248418944222563,0.7851782560348507,-0.008185213085796148,0.7232252955436707,0.47886098282677764,0.7910676104681829,-0.12059368065425322,0.9409486055374146,0.46057895081383815,0.7949557219232828,-0.011758254388613356,0.817840039730072,0.47317182847431705,0.800623764310564,-0.12535913799490242,0.8991392254829407,0.47200523955481377,0.8143641250474108,-0.02448351489646093,0.7490184307098389,0.4827502242156435,0.8290945444788248,-0.1551132346902574,0.8819804191589355
146,0.44770464982305236,0.5226734161376951,0.2081287775720868,0.9982236623764038,0.44497108800070606,0.5212794337953837,0.21164596591676973,0.9977847933769226,0.4440812911306106,0.5222016010965618,0.21156504835401255,0.996685266494751,0.4432379058429171,0.5231671435492378,0.21157744782311566,0.9981222748756409,0.4470864542892999,0.5189809986523217,0.20298300981521597,0.998908281326294,0.4476635243211472,0.518329048156738,0.20283764430454787,0.9990195035934448,0.4482395819255282,0.5177185773849484,0.20279606325285768,0.9993351697921753,0.4417930364608762,0.5281463401658192,0.19881699468408304,0.9977267384529114,0.4493924813611164,0.5201639550072804,0.15998786815575183,0.9977822303771973,0.4474110092435562,0.5274513568196976,0.20494595978941227,0.9947202205657959,0.44975486738341175,0.5246705021177017,0.1925455118928636,0.994567334651947,0.43674728955541314,0.564074156965528,0.19232383881296422,0.9996312260627747,0.4623152630669728,0.5250250356537953,0.08888660520315167,0.9998499751091003,0.44353183848517264,0.5978713120732986,0.25890318155288683,0.1495523601770401,0.4773686851773941,0.49189301984650724,0.0937967696360179,0.8878477811813354,0.45631560172353447,0.5858724423817223,0.35908244890826074,0.2092435359954834,0.48621517930711994,0.4661890821797505,0.18126454842942094,0.8255842328071594,0.4592439080987656,0.5837218914713176,0.3848013081720896,0.2278892546892166,0.48982989958354384,0.45419467772756283,0.18757140295846114,0.8029103875160217,0.4614952325820921,0.581976953574589,0.3787428966590335,0.2347072958946228,0.48914948190961544,0.45020621504102415,0.2016953098986829,0.7855209112167358,0.46114171828542416,0.5807774816240581,0.3594807629074368,0.2289237380027771,0.4877639046737124,0.45531260456357664,0.18847098382455954,0.7094638347625732,0.457974189519882,0.6300037401063099,0.0307601717433759,0.9999415278434753,0.4739627471991945,0.62143531526838,-0.03090236814958707,0.999963104724884,0.46776916810444397,0.6995324322155541,0.04416716662900787,0.5330517888069153,0.47898898039545307,0.7020890576498846,-0.06449530529124393,0.9226328730583191,0.4644610277244021,0.778904955727713,0.004030424090368406,0.7175472974777222,0.48103921328272115,0.7876402378082272,-0.11892514995166228,0.9378777742385864,0.46304877570697217,0.7884207316807335,0.0008780531884570212,0.8263235688209534,0.47481342213494415,0.7966576354844226,-0.12358435839414592,0.9013586640357971,0.4753235927649904,0.808095344475337,-0.011981680457081107,0.7294387221336365,0.4842383742332456,0.8270814810480387,-0.1487492667777197,0.8627662658691406
147,0.44804889900343736,0.5233968615531919,0.19744621004377083,0.9983778595924377,0.44546766962323847,0.5221163272857663,0.19981331144060396,0.9979830980300903,0.4446510400090897,0.5229828987802776,0.19973558272634223,0.9969844818115234,0.4438439811979019,0.5239383782659256,0.19975429943629666,0.9982852935791016,0.4475511712687354,0.5200166021074566,0.19253355392387925,0.9990076422691345,0.44820826734815306,0.5195428916386193,0.19239829650947016,0.9991092085838318,0.4488870688847131,0.5192458919116427,0.19235538925443368,0.9993957281112671,0.4421473349843704,0.5294060928480964,0.1943795715059552,0.9979321956634521,0.45022806780678865,0.5222489101546148,0.15257310782160072,0.9979923963546753,0.44757786648614045,0.5281104751995629,0.19359176584652482,0.9951255321502686,0.4499921313353945,0.5256157176835193,0.18303558741297032,0.995021641254425,0.43697107689721226,0.5639213017054964,0.1726024044411522,0.9996514320373535,0.4637792851243698,0.5278407420430862,0.0845085169587816,0.9998639822006226,0.4444727131298608,0.6016388518469671,0.21491870071206762,0.13542920351028442,0.47578540529523555,0.5111268605504715,0.06866986496107916,0.8925237655639648,0.4570566790444508,0.6006717630795066,0.2783901282719202,0.1892353743314743,0.4830400867121558,0.4992343076637811,0.1191650463002068,0.8318522572517395,0.45963609303746883,0.6043934260095867,0.29675094825880854,0.2070091962814331,0.48618127022470725,0.4937868518488745,0.11991526186466211,0.807282567024231,0.4617296755313871,0.6011300614901949,0.29132475171770356,0.21319454908370972,0.48458357964243187,0.4907256790569848,0.1305816514151436,0.7893581390380859,0.4616171581404548,0.598847322804587,0.27824289117540624,0.20787984132766724,0.4835706940719057,0.49499401450157143,0.12371335455349507,0.7115622162818909,0.4578806817531583,0.6298786572047639,0.025824322391833566,0.9999459385871887,0.4744884874139511,0.6201022488730292,-0.025981502554246347,0.9999663233757019,0.46783773899078346,0.695399052756173,0.04281646375145229,0.5590232014656067,0.4804348102637697,0.7004977737154277,-0.05568031104547634,0.9292445778846741,0.46602828162057036,0.7732447624206539,0.008657845854759212,0.7295513153076172,0.4833915880748202,0.7834955556052068,-0.10461436829396652,0.9420998096466064,0.4656291544437406,0.7828834874289372,0.005676284259451284,0.8381481170654297,0.47764104093824095,0.7925119468144004,-0.10874008898224144,0.9085443615913391,0.47535138641084923,0.8015487517629347,-0.007844102050044703,0.7313439249992371,0.4859825279031479,0.8227952548435753,-0.13224622117621554,0.8670235276222229
148,0.44785333786691917,0.5246929577418733,0.19240149004118773,0.9937739968299866,0.44525770800454256,0.5230514986174444,0.1917936818940298,0.9936103224754333,0.44451255628040837,0.5238176107406614,0.19171159437724514,0.9913110136985779,0.4437570359025681,0.5247018098831174,0.19172880649566643,0.9946668148040771,0.44727999227387544,0.5207383428301128,0.1870699392897741,0.9957782030105591,0.44801352279526824,0.5201156156403676,0.18693928846291125,0.9960199594497681,0.4488062202930448,0.5198355998311721,0.18689057316098884,0.9973373413085938,0.44219815390450595,0.5301469019481111,0.1816701467548097,0.9939970970153809,0.45054633276803135,0.5228346347808835,0.14715837282793853,0.9924809336662292,0.4474790828568593,0.5294007965496605,0.1854230706180844,0.9845385551452637,0.4498681340898784,0.5265772274562288,0.17830050161906644,0.9824749231338501,0.4372053819043294,0.5634821193558825,0.14806681530816207,0.9996417760848999,0.46671008467674235,0.528987554141453,0.08560601962464193,0.9998487234115601,0.4432964903967719,0.6065911412239071,0.17241766452789298,0.12232855707406998,0.47775108814239486,0.5379453965595788,0.07301035044448713,0.8174971342086792,0.45531300817217124,0.6139013375554763,0.23955146798065718,0.17071425914764404,0.47945322309221516,0.5350077509880062,0.12138372553246356,0.7579041123390198,0.45719078353473097,0.6199942350387571,0.2560267546347208,0.18707449734210968,0.4820655729089462,0.5349943331309724,0.12400185338088437,0.7361276745796204,0.45928938814571907,0.6147158554622102,0.25188244581222524,0.1926308274269104,0.47782605205263384,0.536900564602443,0.1317610292562416,0.7187746167182922,0.45923851728439313,0.6124268497739517,0.2400077483483722,0.18772494792938232,0.47743019291332767,0.5368613694395334,0.1245408514780657,0.6458956003189087,0.4578309893608091,0.6292346290179658,0.019422303219991062,0.9999479651451111,0.4751793657030376,0.618063380037035,-0.019586770023618416,0.9999679923057556,0.46772697823388215,0.6916913764817371,0.03992731970335754,0.5502119064331055,0.4824805140495298,0.6978494031088689,-0.0442279486783913,0.9159781336784363,0.466485216787883,0.7693356854575018,0.01258681373936789,0.7237340211868286,0.48565715636525814,0.7797699264117647,-0.09020188642399649,0.9348958730697632,0.46725535052163236,0.7798763479505262,0.009926726339784048,0.839238703250885,0.48015681590352716,0.7888733983039852,-0.09408802241086955,0.904012143611908,0.47442038995879016,0.7942258102553228,-0.0028240807354450183,0.7026604413986206,0.48888648492949327,0.819668340682983,-0.1175406138811792,0.8381872773170471
149,0.44754448022161186,0.5271885565349032,0.19404111930302204,0.9940394163131714,0.4450197781835281,0.5245438337326047,0.19058566689491263,0.9940099120140076,0.4443226124559128,0.5249959877559114,0.19049191772937765,0.9919299483299255,0.44360488993780933,0.5255768213953288,0.190500390103885,0.9950054287910461,0.4470817651067459,0.5222322361809865,0.18888403517859315,0.9960415363311768,0.44789952039718606,0.5212893503052846,0.18875472843646993,0.9962721467018127,0.4487868632589066,0.520713594981602,0.18870881497859945,0.9974864721298218,0.44226273127964544,0.5304906504494801,0.17001378067902148,0.9945107102394104,0.45086911235536825,0.5228276780673433,0.14992555081844322,0.99309903383255,0.44712360841887316,0.5314224447522842,0.18364462895052763,0.9854035377502441,0.4496585249900815,0.5286291088376724,0.1805479603154318,0.9835046529769897,0.43705597605024044,0.5632437178066796,0.1275973839419228,0.9996697902679443,0.4692346291882649,0.5316404802458624,0.10073106033461429,0.9998573660850525,0.4403766104153223,0.6109561852046419,0.15685421824455253,0.11277050524950027,0.4816492302077155,0.5583225590842108,0.12131345655236919,0.7427931427955627,0.4537686484200612,0.6244589022227693,0.252008705479758,0.15381400287151337,0.47731513210705323,0.558573177882603,0.20590781101158678,0.6823942065238953,0.4566681563854215,0.6305684072630743,0.2711626504148754,0.168605238199234,0.4782061193670543,0.5571810024125232,0.21789742708206167,0.6628178358078003,0.4582357014928543,0.6256608639444621,0.26889470475060584,0.1735965758562088,0.4726177258150916,0.5598529057843342,0.22351830175944726,0.6471735835075378,0.4575495072773522,0.6229370764323641,0.2537527459008352,0.1692076474428177,0.4724502188818793,0.5588791080883568,0.2091605680329458,0.5815907120704651,0.4575484871864317,0.6271602102688378,0.010598823441458594,0.9999515414237976,0.4754562735557554,0.6156052112579343,-0.010774978995323176,0.9999702572822571,0.4668535658291406,0.6906670434134343,0.032031287944742595,0.5717345476150513,0.484482122319085,0.6952128461429048,-0.027861272437231868,0.9190084338188171,0.4667319527694155,0.7672235352652409,0.0026498184938515924,0.7199432253837585,0.48794770836830115,0.774494613919939,-0.07556496581860947,0.9358228445053101,0.46838646956852487,0.7771845511027742,0.00011409171191709491,0.8446226119995117,0.48255275828497723,0.7834234901836936,-0.07991954066923682,0.9086710810661316,0.4734304547309873,0.7896054659570964,-0.01074346659172858,0.6772047877311707,0.49219631893294175,0.814871115343911,-0.10219855840717038,0.8324294686317444
150,0.4472349694796969,0.5299180133002143,0.19937813154288692,0.9940967559814453,0.4449486681393212,0.5269969855036052,0.19525436460971823,0.9942525029182434,0.444300135544368,0.5272310103688919,0.19516192163739876,0.9923877120018005,0.44361544506890416,0.5275164723396298,0.19516519350664946,0.9952176213264465,0.44698230368750413,0.5249832221439904,0.19479448284421638,0.9961761236190796,0.44782495839255176,0.5239340424537656,0.19465593951089033,0.996414065361023,0.44872400420052644,0.5230480960437227,0.19461325832775653,0.9975409507751465,0.44231980868748233,0.5315031511442999,0.1625512893710817,0.9949355721473694,0.4508759737014768,0.5241308433668952,0.1574197168861116,0.9935672283172607,0.44676928860800585,0.5335655229432239,0.18795571412358958,0.9858621954917908,0.4493898127760204,0.5312962021146499,0.1865427809102194,0.9840769171714783,0.43674769146101794,0.5632632834570745,0.12979348089013776,0.9996955394744873,0.4693999724728718,0.5372343318802968,0.11508963235786979,0.999862015247345,0.43729625770023867,0.6117665120533531,0.18467299512454433,0.10915902256965637,0.4826098433562685,0.5710030419485908,0.161768363309758,0.6760599613189697,0.45103508915219964,0.6172843933105465,0.32144025862216935,0.13901415467262268,0.47464865446090676,0.5757276552064076,0.27261706441640843,0.6145542860031128,0.4547114619186944,0.6199124915259222,0.3498314342328479,0.15246401727199554,0.47225000688007873,0.5748317207608902,0.29172493219375595,0.5969561338424683,0.4559735962322778,0.6160983358110697,0.34028019607067095,0.1569259762763977,0.46777467727661115,0.5775571789060318,0.2963713730020181,0.5828579664230347,0.4548240653106142,0.6139951399394441,0.32262612112930833,0.15300782024860382,0.46769751650946456,0.5768200244222366,0.27667150082332737,0.5238458514213562,0.4568696873528615,0.6252923812185012,0.006783945485949513,0.9999545812606812,0.4752135191644939,0.6141000015395026,-0.006963858567178245,0.9999719262123108,0.4657449475356509,0.6928517954690112,0.023490354445363786,0.6058187484741211,0.48668516022818403,0.6935835225241521,-0.01842423634869711,0.9230402708053589,0.46700599874768917,0.7673951659883769,-0.014614282435338403,0.7374427318572998,0.489856033665793,0.770066746643611,-0.07240631729364391,0.9389285445213318,0.4691342702933718,0.7764457072530471,-0.017643265090217537,0.8565574288368225,0.4847276364053996,0.7783467258725844,-0.07726658667836867,0.9148877263069153,0.47287282347679116,0.7883519240788046,-0.0278014477342367,0.683189868927002,0.4962368905544279,0.8095197268894736,-0.09698425488812579,0.8356621861457825
151,0.4468016420091899,0.5347327504839213,0.1911658823490142,0.9939704537391663,0.44483080080577286,0.5316444754600522,0.18842336024556833,0.9943222403526306,0.4442113637924192,0.5317093934331619,0.18833433432238433,0.9926121830940247,0.4435616493225095,0.5317846383367264,0.18833622676985595,0.9952680468559265,0.44682752404894127,0.5300688947950088,0.18761663266590656,0.996200442314148,0.447623254571642,0.5291211043085369,0.1874863203082765,0.9964550137519836,0.44847254157066324,0.5282012104988096,0.18744655123778742,0.9975335001945496,0.4422470169407979,0.5348515084811617,0.16105049380234304,0.9952108860015869,0.4505743563175199,0.5282784955842152,0.15537741609982075,0.9938279390335083,0.44628933072090127,0.5372720956802366,0.18191723695823117,0.9858211278915405,0.44901835918426497,0.5358473045485357,0.18016082090990876,0.9841443300247192,0.436547689778464,0.564851243155343,0.1282284579106739,0.9997149109840393,0.4688294989722114,0.5442387666021071,0.11486561766692564,0.999863862991333,0.43560843638011365,0.6117294260433739,0.1751040224518094,0.10466303676366806,0.4808232656546999,0.577634399277823,0.1420064372675759,0.6169769763946533,0.4492439201899935,0.6221501316343032,0.2757430302245275,0.12567096948623657,0.47293440784726803,0.5939729247774395,0.22611774248736236,0.5535706281661987,0.45349895187786626,0.6246890783309933,0.29953294524124674,0.13791871070861816,0.47056173171315857,0.593866499832698,0.23978926922593785,0.5377340316772461,0.45502120682171393,0.6214605637959069,0.2881732404232024,0.1418948620557785,0.46602147221565227,0.5969366720744539,0.2491761633328028,0.5250248312950134,0.4537445204598561,0.6193097812788824,0.2758855551481246,0.1383686512708664,0.4652996080262318,0.5978315234184262,0.23119864697967246,0.4719198942184448,0.45636886102812607,0.6252351335116793,0.005569842018719228,0.9999573826789856,0.4750687369278497,0.6146883078983849,-0.005765732783558111,0.9999735355377197,0.46432047145707245,0.695330829279763,0.006608192143695691,0.6399738788604736,0.4884202054568697,0.6924452526228766,-0.019134686088987753,0.9258915781974792,0.4672662436962125,0.7692671469279695,-0.04470133291823521,0.7566545009613037,0.49178565485136827,0.7635410223688394,-0.07277634441852567,0.9411914348602295,0.4695466109684533,0.7773023026330127,-0.04947172602904692,0.8682648539543152,0.48735922574996926,0.7709055134228294,-0.07809723977531702,0.91987544298172,0.47237790737833274,0.7895031128610879,-0.06685455301776524,0.694985032081604,0.49981713976178826,0.8018355437687461,-0.10414886921644206,0.8362509608268738
152,0.4462595445769172,0.5407698052270069,0.1881856611796787,0.9924103617668152,0.44472591706684633,0.5374367884227205,0.18531152095113473,0.9931628108024597,0.444140554325921,0.5375231725828986,0.18522849806717456,0.9915112257003784,0.44350935561316335,0.53760312965938,0.18522537308079845,0.994364321231842,0.44671267015593374,0.5360595771244592,0.1846446475812366,0.9952344298362732,0.4474728524684904,0.535263405527387,0.18450343566281446,0.9956240057945251,0.4482878233705246,0.5344524451664514,0.184455017532621,0.9968328475952148,0.44221924883978686,0.5397413747651234,0.15855265174593236,0.9946210980415344,0.45032903296606863,0.5341841203825812,0.15586127766541064,0.9922829270362854,0.4459382108279635,0.5431064282144816,0.17906672230788634,0.9821929335594177,0.44852180906704475,0.5420119847570144,0.1772181979247501,0.9799532890319824,0.4366401485034396,0.5675932509558539,0.12413587868213648,0.9997307062149048,0.46840025952884107,0.5505222456795826,0.11639044114521566,0.9998521208763123,0.43474822640418986,0.6117730447224206,0.14547399325030183,0.10855774581432343,0.47887180277279423,0.5874825869287761,0.11766263225248877,0.5607858300209045,0.4465668652738841,0.6322763511112756,0.20532785717930102,0.11604983359575272,0.47427071673529464,0.6140032955578392,0.15567810961178363,0.4998272657394409,0.4495539656707217,0.637238902705056,0.22012066223791657,0.1274382770061493,0.474841933591025,0.6175253646714344,0.16160085605723512,0.4856431484222412,0.4517928540706632,0.6340291142463681,0.21317537341799045,0.13089653849601746,0.47127801520483814,0.6214467355183191,0.17189045527151645,0.474150151014328,0.4511979869433809,0.6316180484635486,0.20589255222252428,0.1273299753665924,0.46938903502055557,0.6211181470326012,0.15997577969517018,0.42626920342445374,0.4561497237001144,0.6267192346709112,0.003314258770218916,0.999960720539093,0.4751711709158759,0.617818006447383,-0.0035269978855337406,0.9999755024909973,0.4630854240485598,0.6989338415009632,-0.00962255780718156,0.6741239428520203,0.4896726352827887,0.6913062300000868,-0.019488007255962905,0.9316658973693848,0.4673503279685972,0.7700884376253397,-0.06731429722692282,0.7787837386131287,0.4932630377156392,0.7551309347152706,-0.07401956522039001,0.9457535743713379,0.4695108251912251,0.7781549436705449,-0.0733146648854017,0.8801698684692383,0.48951654434204084,0.7614834938730508,-0.07992722136633733,0.9260950088500977,0.4722716254847388,0.7908350876399445,-0.09751533078295839,0.7160289287567139,0.5025669600282394,0.7940614359719409,-0.11103130706718986,0.8450528979301453
153,0.4458367398806979,0.5467373303004671,0.18108803076403474,0.992682158946991,0.4446533075400759,0.5427155545779634,0.17782677028860355,0.9934327006340027,0.4440689138003756,0.542814585140773,0.17775069688047673,0.9918520450592041,0.443433401414326,0.5429165601730344,0.17774374314716876,0.99460369348526,0.4466896159308295,0.5414478063583371,0.17826446294784537,0.9953382611274719,0.4474504155772071,0.5407082200050352,0.17814288181917998,0.9956916570663452,0.4482664695807863,0.5399353861808774,0.17810805482523773,0.9968570470809937,0.44226207137107826,0.544416398661477,0.15192863643169396,0.9948087930679321,0.4502791532448358,0.5396267959049768,0.15281002223491663,0.991786777973175,0.445644289255142,0.5498217344284055,0.17163739757878432,0.9825875163078308,0.44806677103042586,0.5487113458769659,0.1711409956216811,0.9799323678016663,0.43671184011868047,0.5716181721006118,0.1109674453735351,0.9997552633285522,0.4679990930216651,0.556528670447213,0.11509107138429364,0.9998539090156555,0.43473015512738894,0.6112314173153466,0.10905054562858167,0.1596432626247406,0.4764324741704121,0.5945538197244914,0.09205908413444243,0.5180432796478271,0.4429672845772332,0.6422558341707499,0.12803370548146106,0.14072847366333008,0.47806278296879334,0.6293052417891363,0.08659862311823023,0.4585398733615875,0.4436829788344245,0.651099472386496,0.1315215838806969,0.14811253547668457,0.4813953357083455,0.6348452602113993,0.0856418139168194,0.4457188844680786,0.44565621869904637,0.6488093410219462,0.13378058405859122,0.14980743825435638,0.47957524827548415,0.6386832816260198,0.09296134444219721,0.43492501974105835,0.44615396346364683,0.6457526121820719,0.13007919862866396,0.13887736201286316,0.4767346680164335,0.6375254000936232,0.08863341882824892,0.3906213343143463,0.4567710927554537,0.6307489429201396,-0.00021430627842034558,0.9999639391899109,0.4758118842329295,0.6231048107147215,1.2542985911875675e-06,0.999977171421051,0.46200742380959625,0.7059256587709697,-0.02044241513524736,0.705885648727417,0.4900215889726364,0.6891123192650928,-0.01934154061600565,0.9359307885169983,0.46738426855632215,0.773146329607282,-0.07796422711440493,0.7999923825263977,0.49464423401015123,0.743447717598506,-0.07000598396573744,0.9495980143547058,0.46954767533711006,0.7803474324090136,-0.08445137047341889,0.8916416168212891,0.491292573724474,0.7486109103475294,-0.07571811271565297,0.9322022199630737,0.4718865283897943,0.7959024122783113,-0.11349118969270156,0.7404763102531433,0.5044185519218443,0.7826579877308433,-0.10676861128636765,0.853692889213562
154,0.44566195947783316,0.551180461474827,0.16692684505667,0.9932128190994263,0.44456370983804955,0.5469681518418446,0.16289503744670314,0.993934690952301,0.44400669676916915,0.5470594627516607,0.16282646315438398,0.9924758076667786,0.4433430075645445,0.5471355540411811,0.1628216360296521,0.9950279593467712,0.4465955921581811,0.545835847514016,0.16589899403708314,0.9956473112106323,0.4473816718373978,0.545222929545811,0.16581556711878087,0.99595046043396,0.4482226465429577,0.5445647682462418,0.16580788663455412,0.9970296621322632,0.4423131534031457,0.5484860454286845,0.13522181894098004,0.9952096939086914,0.4502935963017598,0.5449492607797892,0.14735731950828002,0.9919982552528381,0.44549666898591156,0.5552689109529765,0.15684156162398194,0.983825147151947,0.4478243257318222,0.5541314993585856,0.1598879635334014,0.9810308814048767,0.43702089531081045,0.5743619169507705,0.08905613060508452,0.9997785687446594,0.46785526786531695,0.5644059113093782,0.11587185668093812,0.9998469352722168,0.43533760905265784,0.6090751647949215,0.0731274279366646,0.235267773270607,0.47431046196392584,0.6027590615408758,0.0819636585456984,0.47495096921920776,0.43965581485203314,0.647066065243312,0.07826884620423824,0.2158646434545517,0.47467523983546644,0.6430899568966454,0.05308163272483005,0.42002248764038086,0.43894810421126207,0.6589516469410485,0.07795768635613574,0.21871556341648102,0.4759886903422217,0.6503029312406263,0.04999273163931707,0.40830016136169434,0.4398934159960064,0.6580693994249613,0.08054922486522365,0.21938419342041016,0.4746338784694669,0.6532776866640361,0.04903696285826817,0.39808595180511475,0.4412221636090958,0.6543416619300839,0.08043175200000402,0.20087555050849915,0.4726735438619339,0.6497482367924279,0.051260255170719936,0.35742148756980896,0.4580881893634794,0.6374033042362756,-0.006348906643688677,0.9999666213989258,0.47707153984478523,0.6298551627567833,0.00615432901041848,0.9999778270721436,0.46149809275354636,0.7156868304525099,-0.023522444415305335,0.7346084117889404,0.4900031404835835,0.6874606064387727,-0.012749631356980113,0.9384236931800842,0.4673623970576693,0.7822601454598559,-0.07617454134992188,0.8189586997032166,0.49630447115216914,0.7306884901864185,-0.06344064442174772,0.9508956074714661,0.46981112020356297,0.789387248243604,-0.08231915682554242,0.9017927646636963,0.49349519525255453,0.734998376028878,-0.06908014672143116,0.9367393851280212,0.4707574461187633,0.8057540535926816,-0.112526843377522,0.7619749903678894,0.5065568804740903,0.7693612626620698,-0.09600399285554881,0.8557648658752441
155,0.4460233850138526,0.5554291401590618,0.15329516828060144,0.9938671588897705,0.44476043241364593,0.5514899628502979,0.14944695745195652,0.9945250749588013,0.4440872388226643,0.5515371850558687,0.14938016022954662,0.9932079911231995,0.44330714941024757,0.5515597087996345,0.14937999631677348,0.995510995388031,0.4470143156392231,0.5505103264536173,0.1539918456758771,0.9960693120956421,0.4478564006941657,0.5499600086893351,0.15395173174994325,0.9963416457176208,0.4487294384411401,0.5493644969803944,0.15397787988185876,0.9973145723342896,0.44237054416111515,0.5531511357852388,0.12101444282702031,0.995677649974823,0.45076670731816953,0.5502245119639803,0.14070264654500136,0.9927564859390259,0.44554000071116834,0.5596429211752753,0.1437493822404316,0.9854012727737427,0.4479944842202321,0.5587128417832508,0.1492685479777199,0.9828595519065857,0.4373302136148723,0.5764640774045668,0.07116761782339637,0.999800443649292,0.46786920002528576,0.572104215621948,0.11625767903668535,0.9998563528060913,0.4358089293752396,0.6052613803318566,0.04149499788348162,0.31047555804252625,0.4726570776530672,0.6162108983312331,0.0827350761209215,0.4518246352672577,0.43732609578541326,0.6474040355001174,0.03485145893480095,0.2919341027736664,0.46303847772734485,0.658390595231737,0.05892592402441158,0.4082750082015991,0.43701935155051075,0.6605786170278274,0.031981424827660816,0.2928026020526886,0.4608191490173338,0.6642491476876391,0.05653365701436994,0.3957306146621704,0.4370403025831493,0.6611729690006798,0.03535312329019817,0.29306674003601074,0.45812534264155774,0.6662709338324407,0.05467985495924947,0.38618677854537964,0.4384193411895205,0.6572911892618449,0.03701239579490251,0.2730136215686798,0.4583608107907429,0.6619425330843242,0.056557512602635765,0.34752902388572693,0.45951323509216285,0.645387165887015,-0.010851869705532273,0.9999692440032959,0.4786322431904927,0.6364929693085803,0.010679305790524393,0.99997878074646,0.46117985844612097,0.7257897325924461,-0.01903570948966911,0.760743260383606,0.49140148162841774,0.6868047833442685,-0.005268409648644071,0.9417224526405334,0.4671226092747277,0.7972890887941629,-0.06636966658490041,0.8366675972938538,0.4980663912636891,0.7185664858136855,-0.06481268618788036,0.9523441791534424,0.4703078142234255,0.8038947820663448,-0.07186905997140064,0.9114692211151123,0.4960334837436674,0.7211737717900955,-0.07125816318605624,0.9419899582862854,0.4688558263438086,0.8191952024187357,-0.10016769894531789,0.7842934131622314,0.5078754850796288,0.7525882908276146,-0.09627677415098458,0.8634702563285828
156,0.4463878972189765,0.5611224600246971,0.14808152616024012,0.9944708347320557,0.4449615206037247,0.557212560517447,0.14320760709898805,0.9950661063194275,0.44415255699838885,0.5572283898081096,0.14313856448445994,0.9938786625862122,0.4432629883289335,0.5572322726249692,0.14313876203128262,0.9959537386894226,0.447492103065763,0.5562711954116819,0.14905428077493388,0.9964576959609985,0.4484129539557864,0.555747580528259,0.14901460281440182,0.9967021942138672,0.4493443514619553,0.5552032181194848,0.14904271193913043,0.9975784420967102,0.4423307521002631,0.558678363050733,0.11234906996999462,0.9961062669754028,0.45136474626404877,0.5561292341777254,0.13836054205894466,0.9934670329093933,0.4455453361783707,0.5651169742856705,0.13788983225822443,0.9868459701538086,0.44815772260938347,0.5644193172454831,0.1451113296406609,0.9845494627952576,0.4378214895725248,0.5783497333526608,0.05818110214812412,0.9998202919960022,0.4678329995700289,0.5797231418745856,0.12170975357294077,0.9998672604560852,0.43579144733292696,0.6014799288340975,0.013665486925414621,0.37793147563934326,0.47002088001796155,0.6307487062045503,0.09155781056199751,0.4341345727443695,0.43473777770996075,0.6468350359371727,-0.006750169210135938,0.36139360070228577,0.4512838772365023,0.6689597010612485,0.06327946292502537,0.444067120552063,0.43455221823283585,0.6605728915759492,-0.012659318781723931,0.36144381761550903,0.4464107266494204,0.6756011264664783,0.060868481227329775,0.4340153932571411,0.4344737580844332,0.6615850073950629,-0.008448039474231856,0.36149823665618896,0.4442223318985528,0.6756402816091263,0.05708836061613897,0.42544490098953247,0.435704731089728,0.6578819377081732,-0.004563707259616683,0.3415414094924927,0.446138319798878,0.6715685469763617,0.05988984203764368,0.38818031549453735,0.4602387232439856,0.6531323245593477,-0.01564070151320525,0.9999719262123108,0.4800175496510095,0.6457467641149246,0.015467348907675055,0.9999802112579346,0.4609783768653868,0.7354008657591681,-0.01541662993175642,0.784500777721405,0.49070161581039407,0.6927347336496622,0.007281871379486148,0.9464386701583862,0.4669715200151714,0.8127199922289163,-0.05786155494196071,0.8527218699455261,0.4986809160028183,0.7082462651388983,-0.05608171692916322,0.9545528292655945,0.47033530473709084,0.8203712105751033,-0.06284293723957876,0.9202376008033752,0.498303983892713,0.7071596384048459,-0.0627510138853852,0.9473228454589844,0.46729498931339786,0.830149788515908,-0.08920047985655916,0.8048203587532043,0.5078930326870508,0.7317338500704081,-0.08514508610325196,0.8731184005737305
157,0.4467717042991092,0.5680980682373045,0.14851740513529088,0.9948432445526123,0.44529200196266155,0.5642101645469664,0.1426293287958417,0.9954537749290466,0.44435614688055836,0.5642264332090103,0.1425565042666026,0.9943599104881287,0.44338955453463946,0.5642415165901181,0.14255496944699964,0.9962736368179321,0.44799460087503684,0.5633056981222968,0.149448703442301,0.9967177510261536,0.44896691186087456,0.5628067493438719,0.14941165830407815,0.9969261288642883,0.449944906575339,0.562295649732862,0.14943482918398715,0.9977391958236694,0.44261899420193246,0.5655203342437741,0.10865259127957475,0.996439516544342,0.45203208412442863,0.5629900165966576,0.13757320855345037,0.9938379526138306,0.44572945833206157,0.5720559971673145,0.13740089833736413,0.9879641532897949,0.44841014657701744,0.5713617512157982,0.14616526493004384,0.9857624769210815,0.4382696739264895,0.5833649482045852,0.052225352291549926,0.9998378753662109,0.46811288424900577,0.5880008765629356,0.12443334034511015,0.9998641014099121,0.43545502168791617,0.603119805880955,0.005277750295187742,0.4380725920200348,0.46830931135586307,0.6415275812149044,0.09927239907639362,0.4020853638648987,0.43201101762907823,0.6477797933987206,-0.014617596533415569,0.42320510745048523,0.4479696444102694,0.67074875491006,0.06952474404658586,0.43619662523269653,0.431668288367135,0.661541766779763,-0.02102264463901519,0.42212748527526855,0.4429490430014472,0.6773194398198805,0.06750238793236865,0.429671972990036,0.4314849061625342,0.6623458078929354,-0.016480014750933535,0.4219067394733429,0.44143254331180004,0.676046207972935,0.0637492664158344,0.42133015394210815,0.43263782858848554,0.6589374099458963,-0.012287900497072504,0.4008232653141022,0.44371643492153695,0.6735428707940234,0.0661245338618755,0.38428592681884766,0.46038451705660116,0.6619705711092264,-0.018847298728568204,0.9999738335609436,0.48086985349655126,0.6560267192976812,0.01866787618824413,0.9999797940254211,0.4609130365507941,0.7434307626315522,-0.014679960959724011,0.8055745363235474,0.4886909978730336,0.6940818428993223,0.03019849656681928,0.9433220624923706,0.4679091257708411,0.8234124456133158,-0.05779365024396348,0.8669779896736145,0.4978422812053134,0.703058816705431,-0.024233368464878616,0.937511146068573,0.4713834260191234,0.8322564891406463,-0.06290220384086878,0.9279802441596985,0.49826729808534875,0.7015124031475608,-0.029937830753624425,0.9480964541435242,0.46633192130497503,0.8370570659637447,-0.08996813595294949,0.8225608468055725,0.5055319002696443,0.7177568435668942,-0.0479677254600184,0.8601058125495911
158,0.447112772294453,0.5752705880573815,0.14944955621446876,0.9951918721199036,0.44573917388915996,0.5711456588336397,0.1432983228138514,0.995773434638977,0.44482136794498967,0.5710081594330921,0.14322389662265772,0.9947746396064758,0.4438550370080128,0.5708736470767427,0.1432217589446476,0.9965313673019409,0.44835135936737036,0.5706315619604925,0.14896561588559826,0.9969437718391418,0.44932480198996383,0.570254279885973,0.14889985748699724,0.9971365928649902,0.45029985989843074,0.569873854092189,0.14889468720981047,0.9978886842727661,0.44327685577528797,0.5722885591643194,0.10760954873902452,0.9967268109321594,0.4525509979043686,0.5705965604100907,0.13876596263476773,0.9942218661308289,0.4461629305567058,0.5790660364287237,0.13798747190407337,0.988833487033844,0.4487472917352402,0.5786461404391695,0.14433103842394687,0.9867444634437561,0.43879336374146577,0.5891844630241392,0.050837360216038546,0.9998533725738525,0.46855995825358776,0.5970379897526329,0.1264298783881323,0.9998590350151062,0.43463171209607787,0.6101160390036444,0.008805912307330535,0.4908909499645233,0.4686011203697747,0.647713460241045,0.10640095259462079,0.3740544319152832,0.42911690729004975,0.6508422187396455,-0.002375554878796848,0.4740484356880188,0.4477321607725959,0.6732141784259249,0.07960288205317084,0.4309779107570648,0.42787530507360166,0.6620587553296767,-0.006999627790147701,0.46963590383529663,0.4429168232849664,0.6784575939178463,0.07915552705526348,0.42650488018989563,0.42808527009827724,0.6623859388487676,-0.002469776843541433,0.46864911913871765,0.44127365265573754,0.6766998614583692,0.07607457999672204,0.41784706711769104,0.42937928438186623,0.659916520118713,0.00024250015350324797,0.4430040717124939,0.44324108447347343,0.6745779071535379,0.07677952146955895,0.3804062604904175,0.4604830316134859,0.670015031950814,-0.02096777843045336,0.9999741315841675,0.48102078097207185,0.6651506509099685,0.02079338383461747,0.999975860118866,0.4608994151864731,0.7482474906103949,-0.01856421950672353,0.8245312571525574,0.4888589007513861,0.7034567969185962,0.042344235974763104,0.9228366613388062,0.46933918510164513,0.8279580780438011,-0.06987766250967976,0.8798568844795227,0.4974695129053931,0.7004772152219496,-0.010614273484264098,0.9133791327476501,0.47270875573158244,0.8391014133180887,-0.07591357614312849,0.934965193271637,0.49741633960178894,0.6983384115355352,-0.016162586072459812,0.9471662640571594,0.4658662472452434,0.8399626357214788,-0.10502840940441399,0.8385475873947144,0.5039909584181648,0.7111250349453514,-0.033344940841197955,0.8387495875358582
159,0.44779884389468577,0.5818866201809472,0.15184539130755825,0.9956289529800415,0.446567152227674,0.5775206991604394,0.14633958637714378,0.996169924736023,0.445728460380009,0.5771589892251148,0.1462677870477948,0.9952647686004639,0.4448192494256154,0.5767907994134083,0.1462664697851453,0.9968526363372803,0.44896250622613065,0.577625477313995,0.15106964792524058,0.9972301125526428,0.44990441543715315,0.5774056434631345,0.15098609626293175,0.9974033832550049,0.45082717112132464,0.5771708471434455,0.1509691949401582,0.9980846643447876,0.4445229802812847,0.5785608921732219,0.11232317068747107,0.9970381259918213,0.453128591605595,0.5781669514519825,0.14400785437652036,0.9947550296783447,0.4470894983836581,0.5854251367705207,0.14103762507438652,0.989874541759491,0.4493751730237686,0.5854663116591314,0.14498658818858004,0.9879768490791321,0.4395115281854355,0.5941804800714763,0.05577122781957896,0.9998676776885986,0.4688925359930308,0.6048641204833982,0.13220129736832203,0.9998649954795837,0.43390150410788375,0.6156931093760897,0.012708612531423562,0.5407190918922424,0.46837470957211064,0.653870400360652,0.11031384808676578,0.37180188298225403,0.42675773756844637,0.652693608828953,-0.0011531662129397888,0.5254819989204407,0.44720983505249,0.6762972899845665,0.07752457771982461,0.46524831652641296,0.42404738068580605,0.661300182342529,-0.006645311149103297,0.5209582448005676,0.44205429128238116,0.6797639778682161,0.0757659873792103,0.46116724610328674,0.42463412199701567,0.6615470528602597,-0.0019496565468476263,0.5199570059776306,0.43987195406641255,0.6776724083083012,0.07315524177891863,0.4537762999534607,0.4262472978660036,0.6598221421241757,0.0014713398513517217,0.49522870779037476,0.4420061690466742,0.6763088328497747,0.07473364898136681,0.41701969504356384,0.46048330238887214,0.6751438719885687,-0.021836551385266433,0.9999756217002869,0.4807800344058443,0.6706764663968765,0.021667193248867976,0.9999757409095764,0.46096380182674934,0.750657112257821,-0.024596011106457018,0.8419384956359863,0.49332420400210764,0.7184947967529294,0.03872820261333668,0.9283275604248047,0.4702220814568654,0.8273559008325845,-0.07204521042960027,0.8916842341423035,0.4989033315862925,0.6954932553427556,0.002487174421548841,0.9121642708778381,0.4735917610781531,0.8386489544595987,-0.07718504465052056,0.9413654208183289,0.4978377657277241,0.6926306264741078,-0.0010432047237242965,0.950964629650116,0.4656729042530058,0.8420287915638511,-0.1142833707588059,0.8537793159484863,0.5037349666867934,0.7005817941256929,-0.01731408206479889,0.840753436088562
160,0.448682094471795,0.5888424294335499,0.1529810632978166,0.996025025844574,0.4475806653499601,0.5841540745326448,0.14819035061768115,0.9965285062789917,0.4468794030802588,0.5836337225777759,0.1481232034308569,0.9957075119018555,0.4461038861955913,0.5831017494201658,0.1481319563729422,0.9971449375152588,0.44967707054955597,0.5845778550420485,0.1538561855043683,0.9974874258041382,0.45055300423077155,0.5843847666467936,0.15377397920404157,0.9976428151130676,0.4513927323477607,0.5841574089867725,0.15376615013395029,0.9982621073722839,0.44603499259267515,0.5844561151095796,0.11780048034020826,0.9973192811012268,0.4536797881126402,0.5851201415061947,0.151707574725151,0.9952270984649658,0.4483083971909112,0.5920593125479559,0.14342637998717164,0.9908254146575928,0.4501849685396465,0.5924019319670538,0.14814563265868588,0.989099383354187,0.44078755463872615,0.5987488593373976,0.060393963967050796,0.9998805522918701,0.4687771899359564,0.6102963294301711,0.14560844110591065,0.9998692274093628,0.433875662088394,0.6164794921874998,0.010225805932922018,0.5851409435272217,0.4659112785543712,0.6562411648886541,0.12316033201558244,0.3659978210926056,0.425339638335364,0.6541214346885678,-0.01748802323958703,0.5721733570098877,0.4464821551527294,0.6792882885251723,0.07825409557138166,0.5069558620452881,0.42143276163509896,0.6603973916598725,-0.02737626617973936,0.5676950812339783,0.44113736322947894,0.6821284992354253,0.07377105184963767,0.5048298239707947,0.4221110096999575,0.6608357327325001,-0.02191029737171317,0.5666871666908264,0.4384555757045744,0.6798819575990946,0.06992036934409819,0.4974544048309326,0.42385685869625617,0.6596176181520731,-0.015010271274617735,0.542945146560669,0.4407309447016033,0.6787886789866853,0.07453651194061547,0.46095240116119385,0.46062292201178395,0.676822997842516,-0.024048633713807367,0.999977171421051,0.48034120457512974,0.674466618469783,0.023880994798881658,0.999975860118866,0.46108432837894964,0.75140574319022,-0.03150855600833891,0.8576589822769165,0.49640052148273983,0.7360872456005638,0.02824731501085416,0.9341400861740112,0.4701349922588891,0.8264922142028805,-0.056751846841403386,0.9023223519325256,0.5009801166398182,0.688370369161878,0.03280482877578053,0.9104677438735962,0.4730053407805304,0.8372109992163518,-0.05934095042092457,0.9470196962356567,0.49894636188234576,0.6828428813389367,0.033864172874018536,0.95414137840271,0.4657955093043189,0.842930115972246,-0.10225193777254644,0.8675854802131653,0.5058094910212922,0.6862980450902663,0.019267125001975464,0.8430069088935852
161,0.44923199670655367,0.5952190075601848,0.14973270084176737,0.9963716268539429,0.44829138347080755,0.5903274348803926,0.14447968133858266,0.9968429207801819,0.44770682198660694,0.5897016014371597,0.1444188794919422,0.9960989356040955,0.4470461360045839,0.5890598297119138,0.14443049345697667,0.9974021315574646,0.45013878430638976,0.5908439891678944,0.15237867321286874,0.9977123141288757,0.45096263289451577,0.5905638115746632,0.15232490854603897,0.9978522658348083,0.4517555662563867,0.5902534229414801,0.15233753323554985,0.9984171390533447,0.4472987660339898,0.5896459800856452,0.11413722506591248,0.9975700974464417,0.45417713012014094,0.5907096028327938,0.15212740770408079,0.9956468939781189,0.4491277354104176,0.5980634587151661,0.1402942823512213,0.99167799949646,0.45075599551200846,0.5984965835298808,0.14910411834716789,0.9901055693626404,0.4418858970914566,0.603921248231615,0.059651509991713904,0.9998921155929565,0.46905390024185156,0.6149954880986892,0.14940227483000068,0.9998692274093628,0.43443572776658174,0.6180836950029643,0.01398436206259897,0.6249624490737915,0.4641706585884092,0.6597753201212199,0.14164162938083916,0.35406944155693054,0.4249460288456506,0.6575799107551572,-0.009128572173150521,0.6142447590827942,0.4461178898811338,0.6821741087096075,0.11451446030821114,0.5419273972511292,0.42074769650186794,0.6624589119638713,-0.016184695264590637,0.6098477840423584,0.4411391479628425,0.6847357903208048,0.11266501801354539,0.5423292517662048,0.4210726210049218,0.6624477284295215,-0.009505076292303525,0.6088285446166992,0.4384041743619099,0.6823704532214571,0.10872508904763625,0.5349916815757751,0.42291765638760137,0.6618256483759195,-0.005231516149693303,0.5860398411750793,0.44047757898058193,0.6813254560743056,0.11109568732125413,0.4987449049949646,0.4607906988688875,0.6791632413864133,-0.02509685871856552,0.9999775290489197,0.4801168016024996,0.6783670067787166,0.02495022543839045,0.9999732971191406,0.46122092008590676,0.7521531922476627,-0.03199469138469013,0.8718224167823792,0.4965914087636128,0.7443117192813324,0.026643557819936943,0.939424455165863,0.470166207211358,0.8262869187763755,-0.04832785023110252,0.91187983751297,0.5025627979210443,0.6874703594616478,0.02894283416015761,0.9098886847496033,0.4726872920989988,0.8363066979816978,-0.05013621758137427,0.9519546627998352,0.4996961244515008,0.6841164605958118,0.029889748564788262,0.9565885663032532,0.4659261158534456,0.842999536650521,-0.09076891520193642,0.8799536228179932,0.5067160606384276,0.6825705357960289,0.014975372914757045,0.8461235761642456
162,0.44972983854157567,0.5982273544583998,0.15321537596838808,0.9966946244239807,0.44893425021852745,0.5932721955435614,0.14793571531772606,0.9971374273300171,0.44831829241343885,0.5926921623093738,0.147879900251116,0.996462881565094,0.4476272140230449,0.5921059250831602,0.14787827134132378,0.9976397156715393,0.4508550873824526,0.5937412840979437,0.1553006938525608,0.9979254007339478,0.4516712290900092,0.5935222540582926,0.15526005540575294,0.9980508089065552,0.45247155598231703,0.5933103799819943,0.15527940647942673,0.9985632300376892,0.44787293757711116,0.5927084377833773,0.1155917203852108,0.9978026151657104,0.4549450933933256,0.5938890150615144,0.1514570474624633,0.9960605502128601,0.44947566730635485,0.601130962371826,0.14318286223070956,0.9924342632293701,0.45124667627470816,0.6017500792230875,0.15213051864079058,0.9910067319869995,0.4420943864754266,0.6090938993862693,0.06181899245296203,0.9999017119407654,0.4694497261728557,0.6181526933397563,0.1465451653514589,0.9998583793640137,0.4347116410732267,0.6244136674063543,0.03246013357170989,0.6595724821090698,0.46439540045601957,0.6628269025257653,0.1558228867394583,0.32654422521591187,0.42464166028158984,0.6642722300120759,0.035989630009446806,0.6494853496551514,0.4463928392955233,0.6858056766646246,0.1662317963583128,0.5477185845375061,0.4207001013415198,0.6678580011640273,0.03640048221818037,0.6443918347358704,0.44182042053767595,0.688028332165309,0.17099996017558228,0.5506263971328735,0.4210167075906479,0.6671922615596223,0.04277394270258288,0.6429968476295471,0.43960096240043617,0.686007475852966,0.16896324434450688,0.5459458827972412,0.4227680129664283,0.6670422434806821,0.04077994504145212,0.6186144351959229,0.4414546293871741,0.6851247583116801,0.16458052354199537,0.5118551850318909,0.46091590438570273,0.6812240021569385,-0.02327632563454763,0.9999730587005615,0.4799399869782582,0.681355546201978,0.023155800359589702,0.9999641180038452,0.4611320895808082,0.7529633096286226,-0.029338305337088436,0.8842958807945251,0.49617000307355585,0.7485214488846912,0.02020654045045375,0.9444489479064941,0.47033371414457026,0.8265675646918156,-0.061118433943816566,0.919664204120636,0.5029139178139821,0.6925913810729978,-0.0340617108025721,0.9102304577827454,0.4728189604622975,0.8365822502544944,-0.06485934002058844,0.9561250805854797,0.4995387060301642,0.6908348764692032,-0.039177637653691415,0.9595498442649841,0.4659061500004357,0.8431321757180346,-0.09504330583981101,0.8851675391197205,0.507589336803981,0.692919405869075,-0.05835890360176561,0.8458201885223389
163,0.4503008774348665,0.5994321482522145,0.16205545152936657,0.997012197971344,0.4496155611106325,0.5944233877318243,0.15747351007802138,0.9974169731140137,0.4488952577114103,0.5939359477588105,0.15741830127579817,0.9968089461326599,0.44812275171279886,0.5934448736054554,0.15740267421518045,0.9978692531585693,0.45176933407783487,0.5948473198073247,0.16336522017206456,0.9981274604797363,0.45262549689837844,0.5947390181677679,0.1633320416722978,0.9982398748397827,0.45350216201373483,0.5946320261274063,0.16335462672369813,0.9987016916275024,0.4481777003833224,0.5946704813412255,0.1248083734086581,0.9980199933052063,0.45582121610641463,0.5959465060915263,0.1535284472363335,0.996446430683136,0.44966090066092335,0.6026322109358648,0.15167373205934245,0.9931688904762268,0.45177576286452137,0.6034943052700585,0.1590217790433338,0.9918755292892456,0.4418272256851194,0.6143585273197716,0.06958391655768664,0.9999110698699951,0.46989139659064133,0.6208947726658409,0.1419081760304314,0.9998485445976257,0.4344682012285503,0.6331641657011846,0.052410486367131956,0.692565381526947,0.465017794711249,0.6680300082479201,0.15141884131090977,0.3031000792980194,0.4240412397044044,0.6710679888725277,0.07140326127409932,0.6833030581474304,0.4468442014285494,0.6900035279137744,0.16651021093130103,0.539635956287384,0.4204820488180431,0.674823907443455,0.07508858506168635,0.6782349944114685,0.44217260394777547,0.6924240572111944,0.17224746197462074,0.5458024740219116,0.4210676840373446,0.6742130841527663,0.0802818028522389,0.6767565608024597,0.4401247288499558,0.6910654732159203,0.17210581238780692,0.5452595353126526,0.42265789593969055,0.673753442083086,0.07581694639687024,0.6534214615821838,0.44214576142174833,0.6901940618242532,0.16570748133318758,0.517116129398346,0.460868350948606,0.6830209408487589,-0.02018988834960119,0.9999721050262451,0.47955097556114173,0.6831046223640439,0.020076324631060863,0.9999600648880005,0.4608251852648596,0.7537479587963645,-0.027666819202048425,0.8957991003990173,0.49522006767136684,0.7525242209434506,0.014268980521176537,0.9497913122177124,0.4703847765922544,0.8259723476001191,-0.07383757254907058,0.9272432327270508,0.5027870586940218,0.6980241894721981,-0.060055821548615156,0.9163213968276978,0.4730191000870294,0.8358179603304178,-0.07896990446107724,0.9603477716445923,0.5000573422227584,0.6968068412372042,-0.0672653146088123,0.963291347026825,0.4660180023738314,0.8435355527060369,-0.10778126397303169,0.8939335942268372,0.5092817306518552,0.7010478717940191,-0.08870736147676192,0.8568838834762573
164,0.45135464412825427,0.5999068958418707,0.16957651930195936,0.997304379940033,0.45061726144381914,0.5950507334300448,0.16581078384603765,0.997672438621521,0.44974762031010196,0.59472678729466,0.16575049843106943,0.9971248507499695,0.4488626650401522,0.5944022927965433,0.16573248888765055,0.9980799555778503,0.4531117941652023,0.5952279431479315,0.1706517815589904,0.9983121156692505,0.45404496022633123,0.5951357177325655,0.17061745268957945,0.9984129667282104,0.45502699102674193,0.5950261286326815,0.1706396741526467,0.9988290071487427,0.4486175562654221,0.5962481532778057,0.13465286684887742,0.9982169270515442,0.45700677888733976,0.5970101237297056,0.15665249909673412,0.9967964291572571,0.4501840310437336,0.6036173071180069,0.15939650152410773,0.9938445687294006,0.45274738413946947,0.6043340938431873,0.16531584603445862,0.9926753640174866,0.44163854633058797,0.6182129144668577,0.07698981133954863,0.9999198317527771,0.4704578093120028,0.6223406485148835,0.1417941864047731,0.9998501539230347,0.43355691943849817,0.6404621328626356,0.061236929467746164,0.7229277491569519,0.46502999918801424,0.672497841290065,0.14013189971446985,0.2945728600025177,0.423709714412689,0.677382319314139,0.07776766547134942,0.7147433161735535,0.4471076692853653,0.6938078267233709,0.1339796907135418,0.5303892493247986,0.4201271508421215,0.6827604532241818,0.07867309344666341,0.7100326418876648,0.44169334854398434,0.6976057887077328,0.13639718443155283,0.5371575355529785,0.42093523144721967,0.6825996756553647,0.08284570776990477,0.7086812257766724,0.43998358079365296,0.6969399060521804,0.13626278021505894,0.5389951467514038,0.4224092279161724,0.6814182553972513,0.08090701422521043,0.6872827410697937,0.4422674323831284,0.695484616075243,0.13263815002781998,0.515102744102478,0.46083857161658126,0.6836025186947411,-0.018537524076444753,0.999973714351654,0.47899153402873423,0.683308797223227,0.018413921392389697,0.9999602437019348,0.4605695758547099,0.7545307448932099,-0.026178262276308865,0.9061663150787354,0.4932480973856787,0.7562637925148006,0.011705371311732694,0.9543583393096924,0.4704511761665342,0.8254661321640011,-0.07147989805255614,0.9343764185905457,0.5027439849717275,0.7048845018659315,-0.03645997291563875,0.9190483093261719,0.4731900410992756,0.8347962362425664,-0.07607958274228228,0.9642325639724731,0.5006207806723456,0.6996169958795817,-0.040149035444483144,0.9662296772003174,0.46615960087094965,0.8438325132642469,-0.10719584737505228,0.9036304950714111,0.5129004853112354,0.7082675763538903,-0.059599201035286674,0.8604522347450256
165,0.4527204053742543,0.6002639957836693,0.17007622080189833,0.9975625276565552,0.45180802345275856,0.5956740498542783,0.16641966019357946,0.9979006052017212,0.45081468820571874,0.5954506720815383,0.1663553289004734,0.9974071383476257,0.4498378736632208,0.595195913314819,0.16633995601109086,0.9982683062553406,0.4546283594199587,0.5955053465706959,0.17087198368140621,0.9984764456748962,0.45567062241690476,0.5952820948192048,0.170829632452556,0.9985664486885071,0.45674441712243197,0.5950562255723133,0.17084798301969248,0.9989416599273682,0.4494065165519712,0.5972937345504759,0.1359960368701389,0.9983935952186584,0.45844735588346186,0.5972809859684532,0.15686566446508673,0.9971074461936951,0.4511590574468883,0.6043913279260905,0.159985151035445,0.9944509267807007,0.45414984651974244,0.604737341403961,0.165281091417585,0.993391215801239,0.4415682784148623,0.6205488715853007,0.07973417150122775,0.9999277591705322,0.47183534162385105,0.6237398079463411,0.1389005522642816,0.9998523592948914,0.43194187113216925,0.6478606019701274,0.06470920145511624,0.7503082156181335,0.4673991416181834,0.6733994807515823,0.1268784623060907,0.28385335206985474,0.4239195236137933,0.6851149201393124,0.07621692695787971,0.7430920600891113,0.4462523596627369,0.6966225862503048,0.10730069918291904,0.5139883160591125,0.4208509479250224,0.6922482422419953,0.07638241840260365,0.7387025356292725,0.4419828491551534,0.7011089137622285,0.10768291013581408,0.5199462175369263,0.42226641178131086,0.6924300074577328,0.08016614488192964,0.737464427947998,0.4398792667048316,0.7009712917464117,0.10685510869537077,0.5236930251121521,0.4238830958093914,0.6906521456582202,0.07916185834578102,0.7178526520729065,0.4415644007069722,0.6990343076842169,0.10538192646844041,0.5047577619552612,0.4608308425971438,0.685405600070953,-0.017541125629629402,0.9999753832817078,0.47863642232758635,0.6846674152782982,0.01740992686578205,0.9999614357948303,0.46048802392823335,0.7550343223980491,-0.027946008209671278,0.915461540222168,0.49039970806666766,0.7613978198596406,0.014500247394399975,0.9586069583892822,0.4704629548958367,0.8250010200909201,-0.07425185931580404,0.9406105279922485,0.5032178384917121,0.7156499879700794,-0.008532811807734618,0.9209184646606445,0.47310301065444926,0.8340400866099763,-0.07874840732131683,0.9676588773727417,0.5020964912005831,0.7060232622282843,-0.009296145130481031,0.9687024354934692,0.46668893354279634,0.8441837651388981,-0.11219875982829497,0.911120593547821,0.5159509386335097,0.7220156073570249,-0.024997195175715838,0.8612320423126221
166,0.45482348714555987,0.5993406636374334,0.1699824018137795,0.9978032112121582,0.45366791657039074,0.5950507470539635,0.1660863280296325,0.9981094002723694,0.45253963981355916,0.5949121577399115,0.16601971983909597,0.9976650476455688,0.4514288561684743,0.5947066204888477,0.1660026767424174,0.9984405636787415,0.4567307668072834,0.5947427664484294,0.17034598972116188,0.9986277222633362,0.4577839434146879,0.5945481334413798,0.1703000856297356,0.9987085461616516,0.45883010710988703,0.5943840861320493,0.170318408523287,0.9990464448928833,0.45073215450559323,0.5969561185155593,0.1348393734012331,0.9985536932945251,0.46024464283670674,0.5966947896139959,0.1539749690464564,0.9973938465118408,0.45293160847255143,0.6037255781037465,0.15947032613413667,0.9950029253959656,0.4562057878289902,0.6039163725716724,0.1648656555584498,0.9940469264984131,0.4417046206338063,0.621389922073909,0.07983930408954616,0.9999349117279053,0.473470479249954,0.6244071994509013,0.13366357428686954,0.9998631477355957,0.43036209855760826,0.6537517786025998,0.07413584419659203,0.7749636173248291,0.4724776336124963,0.6703577433313639,0.11893157001052579,0.278383731842041,0.424278710569654,0.6917505519730701,0.09866360596248078,0.7684573531150818,0.45451020172664075,0.6990903547831941,0.10828180547271452,0.48343023657798767,0.4217878435339244,0.6998013036591663,0.1013530273522649,0.7642112970352173,0.4527739073548996,0.7057373779160633,0.11094028417553216,0.4886813163757324,0.4240268324102672,0.7000428863934105,0.10461380332708355,0.7630661129951477,0.4500852542264119,0.7056589824812749,0.1100958583610398,0.4933737516403198,0.42585557954651954,0.6980598637035911,0.10177540481090541,0.7448477745056152,0.45038100225584826,0.7033764651843477,0.10695400919233045,0.47816571593284607,0.4608576144490921,0.688143844263894,-0.017017669789493074,0.9999776482582092,0.47862462912287007,0.6871763331549505,0.016874854585954113,0.9999645948410034,0.46042662518365024,0.7548518248966758,-0.030376213097146564,0.9238641262054443,0.48639586823327174,0.7611071314130508,0.017933870772165905,0.961882472038269,0.470465348448072,0.8242637906755717,-0.08303220378501072,0.9464613199234009,0.5038346052169798,0.7319193039621622,-0.004708584577643442,0.9206662774085999,0.4731925913265771,0.8332271524838035,-0.08800076310123713,0.9708597660064697,0.5038124901907782,0.7198186670030864,-0.005662557542590154,0.9709120392799377,0.4672466899667465,0.8443541356495444,-0.11209498175552908,0.9195570945739746,0.5164401258741104,0.7458817226546147,-0.019364535143332813,0.862203061580658
167,0.4571024579661231,0.5983255164963855,0.1646887562104633,0.9979657530784607,0.45573850614683953,0.594046456473214,0.16028139335768554,0.9982757568359375,0.45454964126859376,0.593916605200086,0.16021823116711198,0.9978722929954529,0.4533591730254035,0.593725103991372,0.16019818271909436,0.99858158826828,0.4587960660457609,0.5938789759363445,0.1638785656009401,0.9987421035766602,0.45975374579429606,0.5938020893505638,0.1638271238122667,0.9988096356391907,0.46070280160222715,0.5937622376850671,0.1638415621859686,0.9991198778152466,0.452435392141342,0.596096473080771,0.1276077800563403,0.9986885190010071,0.46197625824383304,0.5961492742810928,0.1429910446916307,0.9975917935371399,0.45509729470525445,0.6026448369026182,0.1536399598632539,0.9954602122306824,0.4583291138921463,0.6029671634946547,0.15831357325826365,0.9945659637451172,0.4421058893203733,0.6222894259861533,0.0750111636306558,0.999941349029541,0.4749305026871815,0.6252756391252787,0.12027703842946455,0.9998661875724792,0.4293617759432109,0.6594563654490877,0.07783020947660715,0.7964754700660706,0.4787440700190405,0.6690791606903073,0.1093744876129286,0.2582904100418091,0.42652250358036564,0.696761185782296,0.11250723600387569,0.7898820638656616,0.4686904209000721,0.7050422293799261,0.10828866341284338,0.436667263507843,0.4241354729448044,0.7046744533947533,0.11735255377633226,0.7844878435134888,0.4690671733447481,0.7138398170471189,0.1129072806664875,0.4414302110671997,0.42673200539180195,0.7045787385531831,0.12004285774060652,0.7832093238830566,0.46646169509206475,0.7140675936426432,0.11225409273590356,0.44561707973480225,0.42890238421303867,0.7022158758980883,0.1156702469502176,0.7641265988349915,0.4655893623828886,0.7111241425786696,0.1077751327838216,0.4321735203266144,0.4609220036438531,0.6901925955499919,-0.01590452952576534,0.9999797344207764,0.47865011777196587,0.6895337751933504,0.015752420467989775,0.9999675154685974,0.46032926184790457,0.7550551686968119,-0.03145023573722157,0.9309433698654175,0.48110445056642787,0.7570147275924679,0.017202009313872876,0.9620959162712097,0.47049761669976353,0.8237819910049435,-0.08466807859284534,0.9510558247566223,0.5039909873689922,0.7474099431719096,-0.011458066318716313,0.9149647355079651,0.4735163884503499,0.8329325505665366,-0.08988401080880842,0.9734812378883362,0.5060297199657984,0.7367177792957849,-0.013873236360294468,0.9716043472290039,0.4676379518849507,0.8440985883985244,-0.10717246149267465,0.9238868355751038,0.5150748900004793,0.7692562716347827,-0.027624758013657148,0.8483244776725769
168,0.4589323793138774,0.5977318746703009,0.15598267529691962,0.9977951645851135,0.4574421031134467,0.5933727519852772,0.15104072008814123,0.9982069134712219,0.4562561588627949,0.5932361892291474,0.1509815220321927,0.9978095889091492,0.4550552862031117,0.5930680019514899,0.1509575562817709,0.9985381364822388,0.46045774732317224,0.593394691603524,0.15420335744108465,0.9986835718154907,0.46133727857044743,0.5934396862983701,0.1541459415640149,0.9987347722053528,0.46223082457269915,0.5935131260326928,0.1541597630296434,0.999065637588501,0.45400017074176224,0.5955168128013608,0.11742923983505787,0.998673677444458,0.463409911734717,0.5960065705435613,0.13052117462669094,0.9974682927131653,0.4568770706653593,0.6019129003797256,0.1447199838502066,0.9954676628112793,0.4600374604974472,0.6023171441895618,0.14870374458176744,0.9945572018623352,0.44254024454525515,0.6225448744637623,0.06707429523978911,0.9999464750289917,0.47609158158302284,0.6259456327983308,0.10954070282833911,0.9998649954795837,0.4291047743388583,0.662240592070988,0.0748380362987518,0.8133593797683716,0.4826950533049445,0.670580196380615,0.10738590508699411,0.24960878491401672,0.4299841020788463,0.6978558012417382,0.11618706371103009,0.7967548370361328,0.4778303674289156,0.706148849214826,0.11887448238474978,0.39653030037879944,0.427624223913465,0.7059784497533522,0.12265670831714352,0.7838520407676697,0.478795426232474,0.7154784849711824,0.1254795564072472,0.40010392665863037,0.42998532227107433,0.7053828103201727,0.12477157052074155,0.7812456488609314,0.47573782716478596,0.7156165276254923,0.12488356956413807,0.40390270948410034,0.4320332740034374,0.7023499097142898,0.11931347548961634,0.7540430426597595,0.47481618523597696,0.7123756408691403,0.11883272592510491,0.3921816051006317,0.460515488045556,0.6913396784237449,-0.014409605866031981,0.999981164932251,0.4783566466399599,0.6905019913400919,0.014258543002818305,0.9999696016311646,0.4602525336401801,0.7557949117251801,-0.030917941832116658,0.9370566010475159,0.4765643869127544,0.7522754498890464,0.010128647580443477,0.96145099401474,0.47059980971472587,0.8238388453211098,-0.08285251259803768,0.9547364711761475,0.503974287850516,0.7621975217546731,-0.03592025982881229,0.9114000201225281,0.47393391472952684,0.8333163636071337,-0.0880437063319342,0.9756395220756531,0.507778569630214,0.7557965295655383,-0.04043304550993654,0.971271812915802,0.4675081159387314,0.8436005132538927,-0.10430151500872198,0.9232021570205688,0.514074885845184,0.7900180833680286,-0.0567738467827439,0.8313319087028503
169,0.46044117638042975,0.5972859161240711,0.147722879903657,0.9979163408279419,0.4589093353067123,0.5929470249584741,0.14290315721716193,0.9983189105987549,0.4577645046370368,0.592800232342311,0.1428480310099465,0.9979596138000488,0.45661676185471645,0.5926405344690593,0.14281936798776892,0.9986340403556824,0.46191532952444875,0.5930203063147406,0.14558192363807126,0.9987590312957764,0.46278343370982555,0.5930969153131754,0.14551972874573293,0.9988027811050415,0.46367231096540157,0.5931999887738906,0.1455359348228999,0.9991073608398438,0.45552734732627853,0.595138893808637,0.11063111275434488,0.9987728595733643,0.464666780403682,0.5958841323852536,0.12249981037208006,0.9975943565368652,0.45836758869034877,0.6014734472547256,0.13688365561621524,0.9957782030105591,0.4615056080477576,0.6018639581544056,0.13988062313624783,0.9948994517326355,0.4430284466062271,0.622588765621185,0.060900848997490716,0.9999513626098633,0.47713546838079157,0.626445606776646,0.10361499977963307,0.9998652338981628,0.4292381158896853,0.6648307919502254,0.06921205584491999,0.8301577568054199,0.4856203215462819,0.6717203310557771,0.103418070929391,0.23649615049362183,0.43364262751170546,0.6979603018079482,0.11106072302375515,0.8065674304962158,0.4770657249859399,0.7026760850633891,0.12113847477095462,0.3599903881549835,0.43231380752154736,0.7069341267858229,0.11800210688795357,0.7889991998672485,0.47704072424343635,0.7103108933993745,0.1278205690639359,0.3632352352142334,0.43414129955427966,0.7053086808749605,0.11913295047623765,0.7854348421096802,0.4738021177904944,0.7105532629149298,0.12695317587682176,0.36681056022644043,0.4357537439891268,0.7013161114283968,0.11371943014008652,0.753382682800293,0.4735321096011568,0.7073589495250154,0.12104371041059489,0.3570338487625122,0.45982987114361334,0.6913838233266555,-0.013679688210998256,0.999982476234436,0.47781381777354626,0.6896805984633306,0.01353293455072811,0.9999715685844421,0.45966407486370614,0.7558227828570772,-0.03377827874251772,0.9431545734405518,0.47449801308768114,0.7483234865324835,0.003575461110449394,0.9637888073921204,0.4707560079438343,0.8239748494965686,-0.08488205990621017,0.9589328169822693,0.503705971581595,0.7757547378540035,-0.05235237300928147,0.9184079170227051,0.47421346391950314,0.8333745292254853,-0.09021759246076852,0.9778798818588257,0.5084672825677052,0.7738981263978137,-0.05835936492575064,0.9734715819358826,0.4671397626399992,0.8433139818055285,-0.11180734357663558,0.9286160469055176,0.5128319740295408,0.8083863139152523,-0.07605768133487018,0.8416894674301147
170,0.46190994211605596,0.5966881803103853,0.14841353084359843,0.9980834722518921,0.460403502838952,0.5924200875418524,0.14432301265852784,0.9984546899795532,0.45926897185189364,0.5922493474824085,0.14426655599049154,0.9981276988983154,0.4581350037029809,0.5920639140265326,0.14423849497522623,0.9987450242042542,0.4634026297501153,0.5925731062889097,0.14715168901852194,0.9988598823547363,0.4642605117389132,0.592660444123404,0.14708913011210298,0.9988973736763,0.4651336482592989,0.5927697130611962,0.14711007305553975,0.9991757869720459,0.4570381394454409,0.5944531917572019,0.11250078720705844,0.9988738298416138,0.46590183803013374,0.5955114228384832,0.12667511126824782,0.9977744817733765,0.4597958241190227,0.6008665629795616,0.13831140824726643,0.9961211085319519,0.4629255643912722,0.6012664454323902,0.14147623053618832,0.9953140616416931,0.44363255075045976,0.6221307533127918,0.06386081831795826,0.9999558925628662,0.47849841884204297,0.626926129204886,0.10814230867794576,0.9998736381530762,0.42951011317116855,0.6675960659980771,0.07240993657282417,0.8438888788223267,0.4881773327078136,0.6745739289692467,0.10418897526604784,0.23491573333740234,0.4365030910287583,0.69816015788487,0.11561631453888752,0.8058440685272217,0.47520994714328196,0.6984194738524298,0.12003180682659143,0.32974743843078613,0.43668947219848614,0.7065398114068164,0.12282378354242864,0.7799762487411499,0.473738611595971,0.705312701633998,0.12597743783678322,0.3318278193473816,0.43843209573200753,0.7039205159459792,0.12342990296227585,0.7748571038246155,0.47070102947098846,0.7049615774835856,0.12533975158418922,0.335044264793396,0.43927078161920796,0.7000603062765935,0.11795919537544244,0.7371474504470825,0.47102763397353015,0.7025102223668775,0.1197798901370593,0.32718685269355774,0.45906856145177544,0.6908227971621919,-0.014167635808033596,0.9999837875366211,0.47745827606746105,0.6881064585277009,0.01401436520474297,0.9999737739562988,0.45823017188480897,0.7551190257072445,-0.037701195744531485,0.9485939145088196,0.4742928402764454,0.7444030404090878,0.0011499257567006023,0.9660832285881042,0.4704160162380761,0.8235558543886453,-0.09302086489541185,0.9624730348587036,0.5031082400253839,0.7895321437290733,-0.05739771521517206,0.9250897169113159,0.474007964985711,0.8321509190968102,-0.0988735912101609,0.9797667264938354,0.5083010724612642,0.792091631889343,-0.06393583342432974,0.975505530834198,0.4665087853159221,0.8432567647525239,-0.12111364624329969,0.932650625705719,0.5087975161416187,0.8217612504959102,-0.0833414969699723,0.8526520729064941
171,0.4632633915969301,0.5962884511266433,0.14944162411349152,0.9982712268829346,0.4617344754082814,0.591950930867876,0.14575179219245904,0.9986057281494141,0.46054435883249534,0.5917329583849223,0.14569869722638806,0.9983101487159729,0.4593895196914671,0.5915041940552845,0.14567112198897764,0.9988670945167542,0.46486061385699656,0.5921611922127856,0.14835491244282034,0.9989719390869141,0.465739743198667,0.5922310812132696,0.14829032506261547,0.9990054368972778,0.4666188861642563,0.5923150573457987,0.14831245605434684,0.9992566704750061,0.45835790378706776,0.593700073446546,0.11399448833295273,0.9989819526672363,0.4673555987221852,0.5948763455663406,0.12783170172146383,0.9979907870292664,0.46108632002558003,0.6002935903412953,0.13955430729048585,0.9964945316314697,0.4642467481749396,0.6007406353950497,0.1423869799290384,0.9957692623138428,0.44445497563907055,0.6216706344059533,0.06727018845932821,0.9999601244926453,0.47989732197352797,0.6275074567113601,0.10631096363067621,0.9998853802680969,0.42993523563657465,0.6699151567050385,0.0758610714759145,0.8450149297714233,0.49081966366086666,0.6783580524580817,0.09878585402454643,0.23439061641693115,0.4391474911144799,0.6983673402241295,0.11723943331411901,0.7660101652145386,0.4760026523045129,0.6990609339305329,0.11156905889511104,0.3044215440750122,0.4407838898045674,0.7055679678916928,0.12462470616613108,0.7333617806434631,0.473452328784125,0.7056834323065617,0.1163756302424839,0.3047463893890381,0.442523738316127,0.7019761409078322,0.12479621469974511,0.7263844013214111,0.4717859702450886,0.7048475282532825,0.11588148602417532,0.3076205849647522,0.44265736767223884,0.6987244895526338,0.11925306256328304,0.6865363121032715,0.47219515868595646,0.7027810726846964,0.1111019087689263,0.3014003336429596,0.45814699786049956,0.6899161628314423,-0.013565109191196299,0.9999851584434509,0.47722336053848247,0.6870614920343668,0.013400378637015813,0.9999762177467346,0.4558108108384266,0.75444734777723,-0.03581096202002038,0.9534379839897156,0.4746361289705546,0.7415629420961649,-0.0010943675010431828,0.9678139686584473,0.4690380275249479,0.8234184162957324,-0.09409366292612889,0.9648185968399048,0.5008024547781261,0.7999110817909236,-0.06269169811691554,0.9299970269203186,0.47296384147235304,0.8309136867523189,-0.10066635012626644,0.9814565181732178,0.5061940542289186,0.8057274733270914,-0.06948794169085362,0.977312445640564,0.46581581575529896,0.8442006536892479,-0.11902136674949096,0.9363607168197632,0.5029556640556878,0.8275186862264357,-0.09116454188312799,0.8633607029914856
172,0.4638268922056469,0.5955664328166415,0.13840198346546712,0.9984338283538818,0.4622824856213159,0.5912904807499474,0.13366001035485942,0.9987362027168274,0.4611096910067965,0.5911235826356067,0.13360623248985828,0.9984675049781799,0.45998823813029677,0.5909428903034752,0.13357956111431116,0.9989718198776245,0.46558173469134717,0.5913710662296837,0.1356482260993548,0.9990696907043457,0.4666014262608117,0.5914115275655472,0.13557777702808374,0.9990994930267334,0.4676075313772472,0.5914804271289278,0.13559139072895043,0.9993271231651306,0.45899943113327,0.5933465787342613,0.10004169557775766,0.9990745186805725,0.4685388020106722,0.5943602613040376,0.11050290167331692,0.9981778264045715,0.4616995045116967,0.5998073611940653,0.12782613230603074,0.9968162178993225,0.46502145954540774,0.6001296690532136,0.12987059950828547,0.9961649179458618,0.4452519033636364,0.621655486311231,0.05801851493971686,0.9999638199806213,0.4810574744428905,0.6278650522232052,0.08780865286077769,0.9998956322669983,0.4311746401446204,0.6704599533762248,0.07092328625065936,0.83985435962677,0.4925859681197573,0.6807259372302461,0.08409696583236963,0.23709020018577576,0.44042181372642497,0.6973069446427478,0.11606146459068566,0.7069287300109863,0.47679036004202685,0.6995000617844714,0.10116110529218397,0.2779248356819153,0.4427851370402743,0.7045111775398252,0.12410300757203777,0.673359751701355,0.4746073246002195,0.7052191308566499,0.10607771979910982,0.2773198187351227,0.44471674050603577,0.7003781114305765,0.12356754881995059,0.6659358739852905,0.47303654721805005,0.7037171755518229,0.10524574135031015,0.27988407015800476,0.4444076657295225,0.6973792331559314,0.11796534891639432,0.6278379559516907,0.47337709835597425,0.7020196522985183,0.10050852575472419,0.27458080649375916,0.45668324572699387,0.6914379426411217,-0.011144453127469329,0.9999862909317017,0.4769105562141961,0.6885382039206365,0.010985791816243099,0.9999783039093018,0.45263805304254784,0.7531828505652287,-0.020845018247408517,0.956535816192627,0.4753844695431843,0.7413884844098768,0.0031009934684594273,0.9658225774765015,0.46493332215717836,0.8181519457272117,-0.07654983081987922,0.9653841853141785,0.4976173341274259,0.8053948606763564,-0.06115423440933225,0.932902455329895,0.46918349010603744,0.8242589558873854,-0.0828921550086566,0.9824615716934204,0.5026390620640343,0.8139142564364839,-0.069413429072925,0.9779462814331055,0.4651439504964009,0.8433869293757844,-0.09499063789844508,0.9314258694648743,0.4982355347701479,0.8281270810535971,-0.08657306241137637,0.8648905158042908
173,0.4637358563286915,0.5944114412580215,0.12755150326660697,0.998439610004425,0.46226561410086475,0.5902354121208189,0.12176823254142483,0.9987224340438843,0.4611717913831981,0.5901539564132687,0.12171614212649204,0.9984725117683411,0.46012268151555724,0.5900502102715626,0.1216856718063354,0.9989485740661621,0.4655944245202199,0.5901483246258323,0.12317430589880257,0.9990807175636292,0.46676547016416253,0.5901592356818061,0.1230995567781584,0.9991185069084167,0.4679307809897829,0.5902201465197969,0.12310569563082281,0.9993404150009155,0.45906718713896594,0.5928018961633952,0.08744441845587318,0.9990875720977783,0.4691244474479128,0.5937477231025694,0.0933558372514588,0.9982488751411438,0.46179715309824243,0.5991569706371849,0.11621860393456045,0.9968963265419006,0.4652538265500748,0.5993431959833415,0.11756287366151803,0.9963334798812866,0.4458783618041445,0.6219572731426781,0.04660226457885332,0.9999660849571228,0.48167411259242443,0.6279900227274211,0.07032872481005528,0.9999035596847534,0.43301186561584454,0.6706629310335428,0.06027519596474508,0.8295578956604004,0.4943629145622251,0.6803209866796218,0.07058342908109934,0.26274752616882324,0.4404756903648374,0.6958937100001741,0.11047724953719543,0.641592264175415,0.47917332989828904,0.6992313623428341,0.09322399326733177,0.2583085894584656,0.4426470739500861,0.7033862011773242,0.11982205744300566,0.6103463768959045,0.47739894730704147,0.7044243591172351,0.09883327122245511,0.255737841129303,0.44445632440703237,0.7000099965504234,0.11994605362415307,0.6033602952957153,0.4758027264050073,0.703046447890145,0.09800164209944856,0.25773149728775024,0.44426601273672905,0.6962645292282101,0.1122505013431821,0.5686960220336914,0.47599758080073745,0.7011126245771132,0.0928777679800987,0.2528720796108246,0.45535228422709856,0.6948000158582411,-0.008988075969474651,0.999987006187439,0.47623671037810167,0.6921160919325688,0.008836055866309572,0.9999800324440002,0.4484837455408912,0.7516773496355326,-0.00930698655678757,0.9593509435653687,0.47600632820810573,0.743984244550977,0.01129276453326123,0.9662136435508728,0.4596642630440846,0.8110963480813159,-0.058669163818870246,0.967335045337677,0.4960771518094197,0.8077354243823457,-0.05518241439546855,0.9381428360939026,0.46403112156050524,0.816059223243168,-0.06403868230325832,0.9837010502815247,0.5001443019935061,0.8161711880138939,-0.06388268694281575,0.9792038798332214,0.4627649315765924,0.8413897054535998,-0.07166953831911084,0.9294543862342834,0.4961001047066278,0.8257366912705553,-0.07611496767827439,0.8696556687355042
174,0.4635109467165809,0.5933134436607358,0.12453854531049724,0.998552143573761,0.4622396971498215,0.5891495926039556,0.11796333917549673,0.9988134503364563,0.4612318456172941,0.5891012089593067,0.11791309820754181,0.9985821843147278,0.4602310035909923,0.5890180877276826,0.1178798166768891,0.999017059803009,0.46537457619394557,0.5890239187649315,0.11922784085784634,0.9991512894630432,0.46660299215997947,0.5890056678227013,0.11915441666330605,0.9991870522499084,0.4678305566310881,0.5890389221055164,0.11915789140122272,0.9993917942047119,0.45900160499981446,0.5919603364808217,0.08108306920954156,0.9991532564163208,0.4692435400826588,0.593056535720825,0.08657075251851759,0.9983894228935242,0.4617805642741065,0.5985115289688108,0.11252741771084918,0.9971162676811218,0.46515227215630645,0.598583934988294,0.11369471741574147,0.996611475944519,0.4461666464805601,0.6226126858166283,0.040564585956079605,0.999968409538269,0.4822889208793638,0.6287909626960753,0.06322159149817055,0.9999118447303772,0.4348090938159396,0.6717934761728557,0.052135466358491325,0.829120397567749,0.49574199148586795,0.6802881836891171,0.06112360709479875,0.3004274368286133,0.4405251273087091,0.6946240697588235,0.10368878713675903,0.5889810919761658,0.4800164197172435,0.6992070249148774,0.08137220421007697,0.2524607181549072,0.44186508996146046,0.7025564568383349,0.11361375578812184,0.5589857697486877,0.4782157838344572,0.7049486960683546,0.08652680643967216,0.24574066698551178,0.44345738376889887,0.6989810977663309,0.11438877092940461,0.5521301627159119,0.47636977349008813,0.7034920590264453,0.08589696160384583,0.24722886085510254,0.4435895059789928,0.6946272475378851,0.10541296494858601,0.5197892785072327,0.4767541953495568,0.7011937822614394,0.08114954637629643,0.2420969307422638,0.4544944771698541,0.6986758334296087,-0.008605635964444702,0.999987781047821,0.47541602253913856,0.6965545415878293,0.008459271384137015,0.999981701374054,0.44416442002568907,0.7501342160361151,-0.001615708155025327,0.9624571204185486,0.4764967705522263,0.7470737831933154,0.02208305318573755,0.9670763611793518,0.45398413368633794,0.8030788660049435,-0.04623536190816332,0.9692901968955994,0.49650484068053086,0.8088208556175228,-0.04767023963587622,0.942956805229187,0.4588018340723853,0.8078254205839971,-0.050634101991142516,0.9850314259529114,0.4999988964625765,0.8168089934757774,-0.056364421652896034,0.980767548084259,0.4571098881108418,0.8378491112164085,-0.05683146417140958,0.9290779829025269,0.4953243894236426,0.8235375727925978,-0.06588162918175966,0.8748119473457336
175,0.4637440741062162,0.5922906313623698,0.11902491280010763,0.9986588358879089,0.4624995572226386,0.5879378250667024,0.11201766559055867,0.9989010095596313,0.4614913957459584,0.5878630961690627,0.1119723098618643,0.998688280582428,0.4604799474988663,0.5877393535205293,0.1119379545961107,0.9990851879119873,0.4655738736901962,0.587997588089534,0.11317496704203737,0.9992187023162842,0.4668109187058038,0.5880093012537273,0.11309925892523352,0.9992529153823853,0.46803499715668795,0.5880406464849197,0.11310118692261828,0.9994414448738098,0.459030622243881,0.5906773652349198,0.07475967433835776,0.9992184042930603,0.46952731098447503,0.5919343641826083,0.07975698299705979,0.99852454662323,0.4620738949094498,0.5975330335753302,0.10701574342591418,0.9973371028900146,0.4653620932783397,0.5976801565715242,0.10802703936185151,0.996881902217865,0.4463224674974167,0.6233256033488679,0.03486826882498072,0.9999707937240601,0.4826769462653567,0.6297950165612354,0.056973824596830744,0.9999197721481323,0.4362621724605558,0.67325188091823,0.04387126591588767,0.8193418979644775,0.4967243926865712,0.6798471076147894,0.050689987039991766,0.3309101164340973,0.44084403514862036,0.6927059122494286,0.09177977527890882,0.5355422496795654,0.48043095299175786,0.6981628707477021,0.06471736590777122,0.2450290471315384,0.44165838445935907,0.6986748252596171,0.10126899246658594,0.5079209208488464,0.47803327185767014,0.7042021189417155,0.06872965736048559,0.2353309839963913,0.44354843582425774,0.6939188820975164,0.10172623225620811,0.5015251040458679,0.47615620238440354,0.7020350081580022,0.06793497901942044,0.23577386140823364,0.4439981435026439,0.6903786591121126,0.09329623260668342,0.4719477891921997,0.4768417690481456,0.6994276966367445,0.06426918751427102,0.2294054478406906,0.4537481444222584,0.702411992209298,-0.009425827887441425,0.9999885559082031,0.474490188700812,0.7011414527893063,0.00928384959697723,0.9999832510948181,0.44025951964514576,0.7487460204533165,-0.0003531960437872586,0.9648354053497314,0.4766700148582456,0.7491129500525334,0.02560191165123666,0.9670238494873047,0.44938478214400135,0.7999983106340678,-0.04269423878618647,0.970921516418457,0.4972385006291523,0.8095797913415087,-0.041618056169577984,0.9470828771591187,0.4551012831074849,0.8055723088128223,-0.046817645537001726,0.9861883521080017,0.5004744742597851,0.8177151373454499,-0.0487427017518452,0.9820753931999207,0.44921899778502306,0.8354831371988565,-0.05022934483630315,0.9279752373695374,0.4954643189907072,0.8229389718600677,-0.05860708217535698,0.8780754208564758
176,0.4640015363693234,0.5911658661706103,0.10007474784340172,0.9987260103225708,0.4626844576426913,0.5867207493100842,0.09231148724045071,0.9989641308784485,0.4616889425686425,0.5866199476378301,0.09226902659450256,0.9987710118293762,0.46066549846104193,0.5864715422902784,0.09223768689802708,0.9991343021392822,0.4657677454607825,0.5869755847113468,0.0930608076708657,0.9992699027061462,0.4670043919767651,0.5870450275284899,0.092979770047324,0.999305009841919,0.46823519894054927,0.5871147496359685,0.09297580995729984,0.9994799494743347,0.4590013325214385,0.5895318014281135,0.05536962444228782,0.9992731809616089,0.46967469794409583,0.5908947791372023,0.058444947376847224,0.9986388683319092,0.4623502952711919,0.5963307074138093,0.08847170152834474,0.9975242018699646,0.46560948661395457,0.5965932931218821,0.08892272444707999,0.9971149563789368,0.44636356064251465,0.623635991982051,0.020589879058700567,0.9999723434448242,0.48255028384072407,0.6299557515553061,0.03890560061803881,0.9999264478683472,0.4371346235275265,0.6741187759808127,0.032873195356556306,0.8186008930206299,0.49691341604505235,0.6790964535304475,0.032953119437609354,0.37449580430984497,0.4413975715637205,0.6883544598306924,0.08171192152159551,0.48871520161628723,0.48039116774286517,0.6953561748777115,0.045132893004587664,0.24171082675457,0.4419925783361705,0.6913267867905748,0.09088948028428209,0.46356576681137085,0.4776981728417531,0.7010707872254506,0.04859579375811979,0.22871553897857666,0.44430929762976473,0.6857914022036955,0.0902254170605114,0.4577459990978241,0.47590991428920176,0.6981567314692902,0.046995730644890175,0.2279028296470642,0.4449851112706319,0.6835802759443007,0.08292948369468958,0.430764377117157,0.47670762113162424,0.695410631384168,0.04440612952624044,0.2198665887117386,0.45274323906217284,0.7043764982904702,-0.009449767800314082,0.9999891519546509,0.47328360932213903,0.7045818328857418,0.009318299777805801,0.9999845623970032,0.4373426514012471,0.7473325525011331,-0.0001739836830113588,0.9674853086471558,0.47685568332672107,0.7501071861812041,0.022511582874826,0.9680959582328796,0.44400601557322883,0.7978112476212634,-0.04401227916990005,0.973300576210022,0.4974907764366693,0.8093093940189904,-0.03856708982161109,0.9514711499214172,0.4496140428951807,0.8031254717281882,-0.048163561203650014,0.9873771667480469,0.5006609874112261,0.8176097478185375,-0.04454339402062551,0.9834232330322266,0.4412310557706013,0.8322508590561998,-0.05125110575131005,0.9320946335792542,0.4956249892711637,0.8227463568959911,-0.054174927302769224,0.884893536567688
177,0.4643711149692534,0.5899280990873061,0.06905863902398515,0.9988376498222351,0.4628593402249473,0.5854269453457419,0.06025726369449069,0.999056339263916,0.46187424489430007,0.5852957282747538,0.06021619417837682,0.9988821148872375,0.4608278547014509,0.5851280161312645,0.06019173158066606,0.9992100596427917,0.4660328362669261,0.5859257374491006,0.060335213371685535,0.9993373155593872,0.4672557583877018,0.5860897030149186,0.060245400880064276,0.9993701577186584,0.4684904370989115,0.5862373624529156,0.06023095143692829,0.9995284676551819,0.45893794894218437,0.5883902226175578,0.024382922532302946,0.9993391633033752,0.4697473875113894,0.5897999235561915,0.024314772710204137,0.9987673163414001,0.4626793180193218,0.594864298616137,0.0582797561373029,0.997751772403717,0.4659547592912401,0.5953018495014731,0.057811677562338924,0.9973865747451782,0.4462855551924024,0.6236760565212794,-0.0012514459601204245,0.9999736547470093,0.48198151673589423,0.6295129639761785,0.01042994638638832,0.9999330043792725,0.43754719495773287,0.6746312362807133,0.01910931068871701,0.825180172920227,0.49639609881809754,0.6779910581452504,0.008538906329444457,0.4316795766353607,0.44222871661186214,0.6820427468844823,0.0713830909558705,0.4492093324661255,0.4799119429928915,0.6910716840199063,0.022094266010182204,0.2649575471878052,0.4428253522941043,0.6806699837957104,0.08002989526305876,0.42646485567092896,0.4769847716603961,0.6959398474012105,0.025370424560138105,0.245597243309021,0.4457987836429049,0.6743310349328175,0.07724442801305229,0.4213220179080963,0.4754077221666061,0.692021312032427,0.022320807459098896,0.24347606301307678,0.44666242854935767,0.6742464133671349,0.07220173499413901,0.396864116191864,0.47622562902314314,0.6892707977976118,0.020967922146831214,0.23115274310112,0.45156006046703856,0.7051196626254489,-0.009072552222226344,0.9999898076057434,0.4718593963554926,0.7072999835014341,0.008958235196769233,0.9999858140945435,0.43527775066239466,0.7458964518138338,-0.000915190471070157,0.9705878496170044,0.47699533700942987,0.7500778572899949,0.012919009742992227,0.9706841111183167,0.43819193499428855,0.7970914806638444,-0.04850975477269716,0.9759017825126648,0.4974518580096108,0.8080954892294745,-0.03760585380452018,0.9561453461647034,0.4430702550070627,0.8015602213995796,-0.052917415542261904,0.9885985255241394,0.5007766391549789,0.8167096921375814,-0.04254750769053188,0.9849329590797424,0.4326573278222765,0.8284785713468281,-0.05707083834069119,0.9384429454803467,0.4960193991661072,0.8231885739735192,-0.05135962132896696,0.8951577544212341
