frame_id,NOSE_x,NOSE_y,NOSE_z,NOSE_v,LEFT_EYE_INNER_x,LEFT_EYE_INNER_y,LEFT_EYE_INNER_z,LEFT_EYE_INNER_v,LEFT_EYE_x,LEFT_EYE_y,LEFT_EYE_z,LEFT_EYE_v,LEFT_EYE_OUTER_x,LEFT_EYE_OUTER_y,LEFT_EYE_OUTER_z,LEFT_EYE_OUTER_v,RIGHT_EYE_INNER_x,RIGHT_EYE_INNER_y,RIGHT_EYE_INNER_z,RIGHT_EYE_INNER_v,RIGHT_EYE_x,RIGHT_EYE_y,RIGHT_EYE_z,RIGHT_EYE_v,RIGHT_EYE_OUTER_x,RIGHT_EYE_OUTER_y,RIGHT_EYE_OUTER_z,RIGHT_EYE_OUTER_v,LEFT_EAR_x,LEFT_EAR_y,LEFT_EAR_z,LEFT_EAR_v,RIGHT_EAR_x,RIGHT_EAR_y,RIGHT_EAR_z,RIGHT_EAR_v,MOUTH_LEFT_x,MOUTH_LEFT_y,MOUTH_LEFT_z,MOUTH_LEFT_v,MOUTH_RIGHT_x,MOUTH_RIGHT_y,MOUTH_RIGHT_z,MOUTH_RIGHT_v,LEFT_SHOULDER_x,LEFT_SHOULDER_y,LEFT_SHOULDER_z,LEFT_SHOULDER_v,RIGHT_SHOULDER_x,RIGHT_SHOULDER_y,RIGHT_SHOULDER_z,RIGHT_SHOULDER_v,LEFT_ELBOW_x,LEFT_ELBOW_y,LEFT_ELBOW_z,LEFT_ELBOW_v,RIGHT_ELBOW_x,RIGHT_ELBOW_y,RIGHT_ELBOW_z,RIGHT_ELBOW_v,LEFT_WRIST_x,LEFT_WRIST_y,LEFT_WRIST_z,LEFT_WRIST_v,RIGHT_WRIST_x,RIGHT_WRIST_y,RIGHT_WRIST_z,RIGHT_WRIST_v,LEFT_PINKY_x,LEFT_PINKY_y,LEFT_PINKY_z,LEFT_PINKY_v,RIGHT_PINKY_x,RIGHT_PINKY_y,RIGHT_PINKY_z,RIGHT_PINKY_v,LEFT_INDEX_x,LEFT_INDEX_y,LEFT_INDEX_z,LEFT_INDEX_v,RIGHT_INDEX_x,RIGHT_INDEX_y,RIGHT_INDEX_z,RIGHT_INDEX_v,LEFT_THUMB_x,LEFT_THUMB_y,LEFT_THUMB_z,LEFT_THUMB_v,RIGHT_THUMB_x,RIGHT_THUMB_y,RIGHT_THUMB_z,RIGHT_THUMB_v,LEFT_HIP_x,LEFT_HIP_y,LEFT_HIP_z,LEFT_HIP_v,RIGHT_HIP_x,RIGHT_HIP_y,RIGHT_HIP_z,RIGHT_HIP_v,LEFT_KNEE_x,LEFT_KNEE_y,LEFT_KNEE_z,LEFT_KNEE_v,RIGHT_KNEE_x,RIGHT_KNEE_y,RIGHT_KNEE_z,RIGHT_KNEE_v,LEFT_ANKLE_x,LEFT_ANKLE_y,LEFT_ANKLE_z,LEFT_ANKLE_v,RIGHT_ANKLE_x,RIGHT_ANKLE_y,RIGHT_ANKLE_z,RIGHT_ANKLE_v,LEFT_HEEL_x,LEFT_HEEL_y,LEFT_HEEL_z,LEFT_HEEL_v,RIGHT_HEEL_x,RIGHT_HEEL_y,RIGHT_HEEL_z,RIGHT_HEEL_v,LEFT_FOOT_INDEX_x,LEFT_FOOT_INDEX_y,LEFT_FOOT_INDEX_z,LEFT_FOOT_INDEX_v,RIGHT_FOOT_INDEX_x,RIGHT_FOOT_INDEX_y,RIGHT_FOOT_INDEX_z,RIGHT_FOOT_INDEX_v
0,0.6031594072069437,0.5884734920092991,0.05463210142084528,0.999839186668396,0.6019355620656692,0.5852065903799872,0.049510860868862645,0.9994187355041504,0.6010087779590063,0.5852780852999001,0.04949096377406802,0.9993354678153992,0.6001559581075394,0.5853913136890955,0.04946505235774173,0.9995896220207214,0.6047531366348264,0.5856442655835831,0.04918057907904895,0.9997707009315491,0.6057661720684597,0.5859846523829869,0.04914561648453984,0.999762237071991,0.6067064472607201,0.5863101669720238,0.049134828150272335,0.9998807907104492,0.5986910530499046,0.5879695585795807,0.025640642909067018,0.9997697472572327,0.6078710368701392,0.5892078859465459,0.024492610937782665,0.9998511075973511,0.6018118568829125,0.5921642371586388,0.04759220150964596,0.9998487234115601,0.6048467023032048,0.5935127309390474,0.04693453184195921,0.9998917579650879,0.5871866958481922,0.6161150182996474,0.008919001650065168,0.9999986886978149,0.6114494698388233,0.6184149571827477,0.014419751853815135,0.9999984502792358,0.5807694162641249,0.6543832319123399,0.01487024194960082,0.6460393071174622,0.6138499447277611,0.6591722130775449,0.02165455552084104,0.6649354100227356,0.585460042953491,0.6699674282755167,0.041484560817480046,0.07200714945793152,0.6096475516046792,0.6875513451439992,0.03739842804414882,0.5336483716964722,0.5854013119425089,0.6785459637641904,0.04389189024056703,0.043936412781476974,0.6086044873510086,0.691151028020041,0.03747796150190488,0.37226730585098267,0.5882950033460342,0.6774205531392775,0.04162209331989285,0.041282620280981064,0.6074772238731381,0.6911519629614692,0.035871944470064955,0.3288760185241699,0.5889234508786881,0.6765354973929268,0.04129977215613634,0.035949982702732086,0.60754097700119,0.6895340902464727,0.03672900827867641,0.2792471647262573,0.5873921019690374,0.6740949886185781,-0.0025736461859196444,0.9999951124191284,0.599489067281995,0.6736574138913832,0.002540144344259586,0.9999979734420776,0.5865131752831595,0.7170454553195404,0.016826948363866112,0.7171633243560791,0.5931166972432815,0.718569367272513,0.025607671136302603,0.44747522473335266,0.5895348497799462,0.7590011886187958,0.03854798855526102,0.4761672616004944,0.5896737899099075,0.7611083286149156,0.04696604878242526,0.39899852871894836,0.5913051622254503,0.7682491591998505,0.04015143034713607,0.4897591769695282,0.5900379027639114,0.7727381178310936,0.04848082994243927,0.38374555110931396,0.5864701032638545,0.7618980799402506,0.03718910078917227,0.19194728136062622,0.5867826206343515,0.7652497410774226,0.04307235106825827,0.15704134106636047
1,0.6034294111388067,0.5885199580873759,0.07268919934119496,0.9998511672019958,0.6022333400590075,0.5848631211689537,0.06801989355257572,0.9994682669639587,0.6012809787477763,0.5847028476851324,0.06799638377768652,0.9993920922279358,0.6003977315766469,0.5845345701490126,0.06797810814210345,0.9996229410171509,0.6049349188804624,0.5853785293442859,0.06721803365009169,0.9997894763946533,0.6058835591588703,0.585588160582951,0.06716821906822067,0.9997823238372803,0.6067717637334548,0.5857474054609022,0.06715951859951015,0.9998902082443237,0.5987900223050795,0.5867135797228128,0.04448649963097913,0.999789834022522,0.6078615580286298,0.588348085539681,0.04093580230006148,0.9998635053634644,0.6019519414220534,0.5921717609677992,0.06576835417321746,0.9998583793640137,0.6048562833241048,0.5934031758989602,0.06439638946737555,0.9998986721038818,0.5872513345309663,0.6150488751275195,0.03088527964428067,0.9999985694885254,0.6117063931056428,0.618967589310237,0.02309838307223148,0.9999985098838806,0.5807783143860948,0.6539067438670563,0.039787284790405185,0.6517778038978577,0.6136308159146986,0.6609280824661251,0.02907750627824237,0.6939554214477539,0.5847286343574523,0.674445830072675,0.06503322497010229,0.08432359248399734,0.6098327619688847,0.6880601099559236,0.04711857459374833,0.5715869665145874,0.5845557911055425,0.6818064928054807,0.06824923125760893,0.055676285177469254,0.609126796041216,0.6923048887934,0.04674556351133753,0.42124366760253906,0.5875095980507984,0.6803678171975268,0.06562973558902738,0.052122801542282104,0.6078282713890072,0.691757638113839,0.04618204576628546,0.37992048263549805,0.5881481068474904,0.679316277163369,0.06469075498836377,0.045218825340270996,0.6077145695686336,0.6898865052631921,0.04690684697457717,0.32895627617836,0.5850203939846579,0.6785716823169157,0.0026800697203725582,0.9999954104423523,0.5958423444202962,0.6797172444207323,-0.002708593882354246,0.9999980926513672,0.5868867686816622,0.7334976111139565,0.025492868093507606,0.7448001503944397,0.5925331609589709,0.73616212947028,0.01616099816081778,0.5018652081489563,0.5896086301122389,0.7777294192995338,0.05123492426105903,0.5274208188056946,0.5833267348153247,0.7765857509204316,0.041396514193287895,0.4567953050136566,0.5899476698466705,0.7895734821047099,0.05322279089263504,0.539404571056366,0.581494273458208,0.786998650005885,0.04344800590936625,0.44061553478240967,0.5874122500419611,0.7833987576620917,0.04719350742442263,0.26776769757270813,0.5823768564632958,0.7856726408004755,0.03511593807488677,0.23119737207889557
2,0.6036435570035659,0.588515360014779,0.08802464061549728,0.999862015247345,0.6024880324091227,0.5845402496201648,0.0836820583258356,0.9995141625404358,0.6015263148716514,0.5842210020337784,0.08365702841963082,0.9994441270828247,0.6006231818880351,0.5838699749537875,0.08364604158060887,0.9996538162231445,0.6051109790801998,0.5851602469171794,0.08237028281603537,0.9998071193695068,0.6060238174029756,0.5852989741734094,0.0823098258248397,0.9998010993003845,0.6068827799388338,0.5853692821093965,0.08230389654636379,0.9998992085456848,0.5989025643893647,0.5857833572796409,0.06009181785796367,0.9998084902763367,0.6078699776104516,0.5877802031380787,0.054069405847362084,0.9998754262924194,0.602072637421744,0.5921465447970796,0.08108839275581492,0.9998682141304016,0.6048748391015186,0.5932959028652733,0.07898623027971809,0.9999055862426758,0.5872832162039618,0.6143395338739666,0.04865576038137076,0.9999983310699463,0.6119105918066838,0.61946656022753,0.02927877767277614,0.9999985098838806,0.5807662997926982,0.6537501198904851,0.0584312365257314,0.6508411765098572,0.6134986928531099,0.6622521758079526,0.034379203298262176,0.7201328873634338,0.5840450286865231,0.6782591547284804,0.08116576746106144,0.09243301302194595,0.6100145663533889,0.6883353693144658,0.055767410674265425,0.5978044867515564,0.5838531936917983,0.6847401499748227,0.08489207188997946,0.06520821154117584,0.6094847832407266,0.6930553623608178,0.05519731310861449,0.45535802841186523,0.5869102273668559,0.6832929168428691,0.08199951201677319,0.0606919564306736,0.6080867528915402,0.6921638505799426,0.05549037392650329,0.41415756940841675,0.5875849042619975,0.6819498079163685,0.08065208803330146,0.05227576941251755,0.6078628897666928,0.6901325600487842,0.05597421867506842,0.36015480756759644,0.5834526675088063,0.6824925286429266,0.00738668204285204,0.999995768070221,0.5935741918427602,0.6848423038210185,-0.007415333270494423,0.9999982714653015,0.5876172406332831,0.7456973501614159,0.032626934881721206,0.7699913382530212,0.5918117676462443,0.7493915506771629,0.008345773430275061,0.5515366792678833,0.5901977947780062,0.7933486887386864,0.05985772577779631,0.5742565393447876,0.5783742581095012,0.78952100106648,0.033891618917030936,0.5107349157333374,0.5893666727202277,0.8063222714832847,0.06193485291940822,0.5849416851997375,0.5749899659837993,0.8008155873843598,0.03602395209350755,0.4952617585659027,0.5904062271118161,0.8004955376897536,0.05352593053664477,0.33911964297294617,0.5793172376496448,0.8030663132667538,0.024706720374524583,0.3057144582271576
3,0.6037609764507836,0.5885063324655803,0.09901619149105886,0.9998733997344971,0.6026740482875276,0.5843151416097365,0.09467274738209584,0.999558687210083,0.6017343214579989,0.5839204004832674,0.0946484682815415,0.9994945526123047,0.6008326104709077,0.5835053477968486,0.0946442951049123,0.9996843338012695,0.6052653636251174,0.5850889018603731,0.09290654425110131,0.9998246431350708,0.6061830486570083,0.585240408352443,0.09284183893884926,0.9998194575309753,0.6070446372032163,0.5853282502719331,0.09283990391663138,0.9999082684516907,0.5990432381629941,0.5853286402566089,0.07010822391935755,0.9998261332511902,0.6078996215547832,0.5876958370208738,0.06199579558202196,0.9998869895935059,0.6021595358848568,0.5921271783964972,0.09176706650427405,0.9998786449432373,0.6048976847103662,0.5932582991463795,0.08905405444758274,0.9999130964279175,0.5872872080121718,0.6140315668923512,0.05934774705341881,0.9999980330467224,0.6120823417391092,0.6199901121003284,0.03180525829749446,0.9999985694885254,0.5807341200964788,0.6539416687829152,0.06691454521247316,0.6350830793380737,0.6134666681289671,0.6629799536296297,0.03600349000522067,0.7445574402809143,0.5831946577344619,0.6820893764495847,0.08529077172279353,0.0963859036564827,0.6101654359272546,0.6884425759315487,0.061272412538528415,0.6241742968559265,0.5831127830914086,0.6877739412443975,0.08893976828881668,0.07160690426826477,0.6095892224993021,0.6934330293110436,0.0607216554028647,0.489494264125824,0.5864564572061808,0.686761585303715,0.08590831011533732,0.06636085361242294,0.6081658959388729,0.6924413170133314,0.06157134941646028,0.44871461391448975,0.5872394698006763,0.6847083875111168,0.08458844295569824,0.05680276080965996,0.6079352753502979,0.6903420908110479,0.06178859057171001,0.39143913984298706,0.5829826116561887,0.6859327316284176,0.011298437669341048,0.9999960660934448,0.5930800999913894,0.68902735880443,-0.011332310782745476,0.9999983906745911,0.5887907964842658,0.753921258449554,0.038779726997017844,0.792694628238678,0.5907046062605719,0.759337302616664,0.004479991790971584,0.5963152050971985,0.5914548652512683,0.8059628946440557,0.06666871798889976,0.6164711713790894,0.5752363273075646,0.7991871510233194,0.028232316034180763,0.5594263672828674,0.589540498597281,0.8174287898199895,0.06865340684141429,0.6260467767715454,0.5707972816058565,0.8172664063317432,0.03004288242331572,0.544795572757721,0.5961875557899472,0.8127590434891834,0.05827250203916002,0.40362486243247986,0.5780409881046837,0.8189591390745976,0.014997852247740535,0.37343111634254456
4,0.6039285438401356,0.5882761614663258,0.11113584616354528,0.9998835921287537,0.6028814452035084,0.5838552287646699,0.10719655794756747,0.99959796667099,0.6019391758101325,0.5834295375006536,0.1071751841476985,0.9995390772819519,0.6010212830134798,0.5829997982297621,0.10717866825205935,0.9997103214263916,0.6054548365729193,0.5847648160798206,0.1047027760318347,0.999840259552002,0.6063678605215888,0.5849329658917016,0.10463258496352601,0.9998360276222229,0.6072349974087303,0.5850486959729873,0.10463491976261133,0.9999163746833801,0.599163518633161,0.5847614833286827,0.08267386832407539,0.9998412728309631,0.6079364606312341,0.5873721752847941,0.07125043613570074,0.9998974204063416,0.6022602507046289,0.5919308628354751,0.1038922929338046,0.9998863339424133,0.6049414208957125,0.5930031572069439,0.10020255105836046,0.9999191761016846,0.5872549261365616,0.6138654691832404,0.073135347025735,0.999997079372406,0.6121444327490667,0.6202318566186085,0.03460282747234615,0.9999986290931702,0.5806888818740842,0.6543408308710368,0.08002159361328393,0.5999494791030884,0.6135045102664399,0.6638035280363898,0.039477551834923866,0.7682645916938782,0.5829369085175647,0.68317482812064,0.09607244687420977,0.09537626802921295,0.6103906938007897,0.6881416354860574,0.07103252506681848,0.6547344326972961,0.5829460416521342,0.6888733846800665,0.10032894185611174,0.07488300651311874,0.6097805380821225,0.6933428304535999,0.07082318152700148,0.5297452807426453,0.5862533892904007,0.688243038313729,0.09708036077874044,0.06937934458255768,0.6083690473011558,0.6923052242824006,0.07229065895080564,0.49114421010017395,0.5870691708156038,0.6859997017042974,0.09522003872053961,0.05931813642382622,0.6080945951598029,0.6902072327477589,0.07197334149054116,0.43301841616630554,0.5825253622872486,0.6886777775628222,0.01538239975592919,0.9999961256980896,0.5930151036807466,0.6923657246998375,-0.015425761935434164,0.9999984502792358,0.5899689418928962,0.756891902855464,0.043593332171440104,0.8126861453056335,0.5901271803038457,0.7622215441295075,-0.004660840239375827,0.6366122364997864,0.5925692319869992,0.8145848785127908,0.06547288298606868,0.6542614102363586,0.572238949366978,0.8090451019150866,0.007342607235269884,0.6032553315162659,0.5903089983122687,0.8253866774695257,0.06679469921759193,0.6630470156669617,0.5677948679242812,0.8254558444023128,0.007962606235274243,0.589561402797699,0.6011404395103451,0.820615926810673,0.05572070575186182,0.46156343817710876,0.577099185330527,0.8275241919926231,-0.009598245019359242,0.43468067049980164
5,0.603978257519858,0.5878327761377604,0.12268633139984941,0.999894917011261,0.6029245597975592,0.5832618117332455,0.11899300111191607,0.9996376037597656,0.6019797291074478,0.5828602824892314,0.11897306782858708,0.9995843172073364,0.6010624715260093,0.5824512924466811,0.11898178649800158,0.9997385144233704,0.605518988200596,0.584201325689043,0.11581826912505282,0.9998560547828674,0.6064356241907389,0.5843752145767209,0.1157422257321221,0.9998522400856018,0.6073200753756929,0.5845146485737389,0.1157440902931349,0.9999246597290039,0.5991455861500329,0.5842401759965077,0.09397121880735665,0.99985671043396,0.6079479881695335,0.5868415270532877,0.07942529342004226,0.9999075531959534,0.6022653273173738,0.5916402425084792,0.11526966137545444,0.999896764755249,0.604943057468959,0.5926103813307624,0.11065619289875026,0.9999268054962158,0.5872183356966287,0.613779236589159,0.08564517231924189,0.9999966621398926,0.6122137784957883,0.6203945755958554,0.036199917537825435,0.9999987483024597,0.5805906432015553,0.6551450388772144,0.09336037252630502,0.5486679673194885,0.6135850463594706,0.664967732770102,0.04286263297711098,0.7888604998588562,0.5830692052841184,0.6836703096117289,0.10991922255073269,0.08843376487493515,0.6106445346559795,0.6885074853897092,0.08303869111197332,0.6804489493370056,0.5830299428531099,0.6897033010210306,0.11526690253189625,0.07079491764307022,0.6101223690169195,0.6939521040235244,0.08342658004590439,0.5623850226402283,0.5862144964081898,0.6893288680485313,0.11189534387418196,0.06556335836648941,0.6087120107242037,0.6926054426601951,0.08563586430890216,0.5254019498825073,0.5869826453072681,0.6879275832857401,0.10904819007430754,0.056243862956762314,0.6083308066640578,0.6904120223862781,0.08446553062115393,0.4630846083164215,0.5821528622082299,0.6904825874737328,0.019825130089053077,0.9999963641166687,0.5930786745888843,0.6947791474206103,-0.019871454845581726,0.9999985694885254,0.5902189629418506,0.7589687807219365,0.05234202678714477,0.828628659248352,0.5898692727088926,0.7630758540970936,-0.017020632472953618,0.6728922128677368,0.5935064060347419,0.8184938328606738,0.07079417811972752,0.6866077184677124,0.5697480797767637,0.8175325615065434,-0.018142789921590255,0.6426612138748169,0.5911298309053691,0.8293853827885215,0.0717356905341148,0.6960043907165527,0.5637667826243806,0.8333660023553027,-0.01876129832650933,0.6298877000808716,0.6050053834915159,0.8271489194461273,0.060770843710218125,0.5106832385063171,0.5755398477826796,0.8372847114290506,-0.03832214828580616,0.48990824818611145
6,0.6039842026574268,0.5874429123742236,0.1308570321117128,0.9999015927314758,0.6029153994151522,0.5828563519886559,0.12730154863425658,0.9996663928031921,0.6019697036061966,0.5824841243880132,0.1272798495633261,0.9996150135993958,0.6010595151356286,0.5820867010525292,0.12729271990912294,0.9997551441192627,0.6055423106466018,0.5837471468108039,0.12352589773280274,0.9998679161071777,0.6064559834344043,0.5839180162974764,0.12344556323119567,0.9998648762702942,0.6073506219046454,0.5840674638748167,0.12344538335289268,0.9999307990074158,0.599097108840942,0.5839103000504627,0.10197837161166323,0.9998648166656494,0.6079513055937628,0.5864218269075663,0.08466654973370685,0.9999152421951294,0.602242120674678,0.5914497767175944,0.12331838586500707,0.9998962879180908,0.6049240248543872,0.5923444134848457,0.11789595676319933,0.9999281764030457,0.5871659551348002,0.6137143032891407,0.09479755461215969,0.9999955892562866,0.6122632265090939,0.6205421192305426,0.03615085514528409,0.9999988079071045,0.5804822206497189,0.6558787533215111,0.10384505710431503,0.495816171169281,0.6136527333940776,0.6665253230503625,0.042932038541351025,0.801646888256073,0.5834948522703985,0.6832874315125599,0.12153001172201969,0.08021081984043121,0.6107345785413467,0.6898552536964413,0.08829738412584573,0.6767786741256714,0.5839411599295476,0.689560920851571,0.1277543893882206,0.06459715962409973,0.6103865470205032,0.6952783090727667,0.08894284772021427,0.5574637055397034,0.5872132710048128,0.6893981456756588,0.12424104596887309,0.059773094952106476,0.6090736184801371,0.6936476469039914,0.09163583538361954,0.5188590288162231,0.5878440856933591,0.6886087230273652,0.12062577967132834,0.051338743418455124,0.6085785252707343,0.6913759776524131,0.09000750077622274,0.4494664669036865,0.5819436022213524,0.6912320852279661,0.023914642046604827,0.9999966621398926,0.5931384444236754,0.6961411544254845,-0.023961775058082162,0.9999986886978149,0.5902438436235697,0.7593607715197969,0.06235450963888847,0.837643027305603,0.5897265877042496,0.7632213217871526,-0.027016520912625946,0.7055464386940002,0.5938433800424845,0.8187589560236246,0.08047146477869575,0.714333713054657,0.5682316132954186,0.8233157668794902,-0.036932511494628006,0.6781489849090576,0.591230613844735,0.8299043893814082,0.081084431707859,0.7251561284065247,0.5612605588776722,0.8343517065048214,-0.038281266258231215,0.6660776138305664,0.6068143810544693,0.828688822473798,0.07016488888433998,0.5514295101165771,0.5742734789848325,0.8414796965462816,-0.05931811761111018,0.5394944548606873
7,0.6039746148245673,0.5872229916708808,0.1340853456939969,0.9999014139175415,0.602888625008719,0.5826817716870987,0.13065490680081498,0.9996801614761353,0.6019443307604105,0.5823055999619617,0.1306283444166183,0.9996264576911926,0.601041347639901,0.581891402176448,0.13064003288745873,0.9997538924217224,0.605543768405914,0.5835327080317904,0.12666054964065546,0.9998747706413269,0.6064636043139864,0.5836944443838934,0.12657638021877826,0.9998734593391418,0.6073567492621283,0.5838257534163336,0.12657013514212195,0.9999343156814575,0.5990106020654948,0.5838301266942703,0.10549767996583662,0.9998632669448853,0.6079542858260015,0.5862117018018447,0.08716169574431007,0.9999203681945801,0.6022263578006196,0.5913981301443916,0.12651960892336703,0.9998765587806702,0.6049081325531003,0.5922392828123908,0.12080915208373746,0.9999199509620667,0.587093833514622,0.6138288957732061,0.09876888415643142,0.999992847442627,0.6122950196266171,0.62077978679112,0.036809265719992754,0.9999988079071045,0.5804138864789687,0.6570443868637081,0.10900447006736477,0.4476245641708374,0.6136759349278038,0.6678547944341384,0.04257709884217805,0.8150269389152527,0.5840261186872207,0.684630147048405,0.1290678516030311,0.07272152602672577,0.6107661400522502,0.691335206372397,0.08933440446853634,0.6784716844558716,0.5853026083537507,0.6907584650175909,0.13610466356788356,0.05905717611312866,0.6105864984648566,0.6967822858265464,0.09047603990350446,0.5613473653793335,0.5888600485665455,0.6904957992689947,0.1325350838048117,0.05461999773979187,0.6095007623944961,0.6950701202665053,0.09344462539468489,0.522383987903595,0.5893525889941622,0.6894685745239254,0.12820862467799862,0.04699196666479111,0.6089261020932876,0.6926890134811399,0.0912232426660401,0.4461924135684967,0.5819373999323161,0.6915304524557928,0.025555144516485065,0.9999969005584717,0.5931676064218792,0.6966756446020941,-0.025605700271470192,0.9999988079071045,0.5903633151735577,0.7593178987503048,0.06342189375843318,0.8500451445579529,0.5897586311612808,0.7629508852958675,-0.033314294580902355,0.7349722385406494,0.5942328112465992,0.8184727634702406,0.08041015246084754,0.7417407035827637,0.5679734332220893,0.8248448661395478,-0.04678207407040253,0.710268497467041,0.5913451296942572,0.830673720155443,0.08197978585958476,0.752143144607544,0.5607822162764411,0.8312162467411582,-0.04827704333833284,0.6992021799087524,0.6083014726638791,0.8292349100112911,0.07105916312762665,0.5932595729827881,0.5735809785979131,0.8439511231013703,-0.06884187055485586,0.5851192474365234
8,0.603975565092904,0.587065119402749,0.1366683376686913,0.9998509287834167,0.6028768726757592,0.5825237410409108,0.13350674467427381,0.9996028542518616,0.6019327282905576,0.5821204781532285,0.13347599634102408,0.9995183944702148,0.6010307805878773,0.5816887140274045,0.1334891097886221,0.9996449947357178,0.6055473157337731,0.5833940471921646,0.12937708326748432,0.9998462200164795,0.6064703430448257,0.5835680144173756,0.12928903975657047,0.9998547434806824,0.6073595626013616,0.5836864130837573,0.12927873879671092,0.9999193549156189,0.5989134890692571,0.5838402543749125,0.10894651753561832,0.9998010993003845,0.6079540712492804,0.5861173033714292,0.08995191838060103,0.9999068379402161,0.6022229705538066,0.5913116983004976,0.12922291117055068,0.9997174739837646,0.604903071267264,0.5921403510229926,0.1233243801764079,0.9998345971107483,0.5870478987693784,0.6138843161719183,0.10235108371291837,0.9999872446060181,0.612303953511374,0.6209494590759275,0.0386428260377475,0.9999986290931702,0.5804247209003991,0.6580734610557553,0.11388948219163071,0.40397483110427856,0.6137059961046488,0.6687728677477152,0.04382257333823611,0.8187148571014404,0.5850670627185274,0.6854958636420111,0.13558970902647283,0.06580835580825806,0.6108869739941185,0.6922530242374961,0.09038316054003576,0.6688075661659241,0.5868633134024481,0.6911853517804823,0.1431946456432342,0.0537627749145031,0.6107751233237128,0.6979591386658801,0.09179596815790445,0.5541598796844482,0.5902159452438351,0.6916208199092317,0.1393511214426585,0.04970536381006241,0.609891935757228,0.6962394186428612,0.09481962642499375,0.5145732760429382,0.590636941364833,0.689498995031629,0.1346543452569416,0.04280247166752815,0.6092930640493117,0.6936793071883062,0.09236188743795663,0.43293341994285583,0.5819887229374474,0.6917195916175839,0.025813420116901388,0.9999969005584717,0.5933295794895714,0.6966166070529389,-0.025870132872036513,0.9999988675117493,0.5903753365789138,0.7588167599269319,0.06090945335371151,0.8596141934394836,0.5897956780024934,0.7627997279167171,-0.03475305246455327,0.7614302635192871,0.594363176822662,0.8178315537316455,0.07391728684306141,0.7658158540725708,0.5681419048990519,0.8248436127390175,-0.050266706304890746,0.7390828132629395,0.591354954242706,0.8303920149803157,0.07692561426333015,0.7761940956115723,0.561454493658883,0.8282211388860425,-0.05186415357249121,0.728722095489502,0.6084114670753475,0.8287570476531978,0.06432423825774872,0.6282644867897034,0.5734873311860218,0.8455379060336518,-0.07216995177524427,0.6254505515098572
9,0.6039762616157529,0.5869306802749631,0.13856799943106507,0.9998334050178528,0.6028737936701091,0.5823406049183434,0.13562830729143954,0.9995847940444946,0.6019307017326352,0.5819476928029739,0.13559578401701783,0.9994902610778809,0.6010291082518439,0.5815371257918218,0.13561204075813288,0.9996053576469421,0.6055423157555714,0.5831875273159569,0.13125713041850492,0.999841570854187,0.6064717701503206,0.5833776848656788,0.13116705289908812,0.9998548626899719,0.6073584794998166,0.5834890689168655,0.1311529304300035,0.9999176263809204,0.5988235439573013,0.5839219144412446,0.11159746306283128,0.9997740387916565,0.6079535705702642,0.5860343422208512,0.09147180446556633,0.9999066591262817,0.6022182141031535,0.5912016817501611,0.1313052513769694,0.9996536374092102,0.6048940028463088,0.592024879796164,0.12506598574774602,0.9998061656951904,0.5870409710066656,0.6139643635068618,0.10560648143291468,0.9999820590019226,0.6123473133359634,0.6210352488926476,0.03952024195875438,0.9999985694885254,0.5804382205009457,0.6587242943899969,0.1177364445158413,0.3650647699832916,0.6137941667011804,0.6690175311905994,0.04609173419220105,0.8323196768760681,0.5857716287885391,0.685554662772587,0.13879679633038378,0.05984097346663475,0.6111489006451195,0.6926320075988766,0.09430067092180247,0.688148021697998,0.5874862279210769,0.6918025800159996,0.14678671232291624,0.049469612538814545,0.6110345227377753,0.6986347045217238,0.09595041998795097,0.5779480338096619,0.5904079437255856,0.6923020413943697,0.14266144037246697,0.04572148993611336,0.6102790185383385,0.6968268156051632,0.0991823234728404,0.5393878817558289,0.5907336660793847,0.6899270858083449,0.13780229751552847,0.03944259136915207,0.6096984931400842,0.6940584404127936,0.09648581934826711,0.45278626680374146,0.5821205973625181,0.6916545612471441,0.026305756238954398,0.9999969005584717,0.5934721895626611,0.696151210580553,-0.026363539536084436,0.999998927116394,0.5902157238551546,0.7586622442517958,0.057333009264298816,0.8714374899864197,0.589567685127258,0.7628614357539583,-0.03570487041558537,0.7852640151977539,0.5944670506886071,0.8173709511756894,0.06526598738772525,0.7884417176246643,0.5683737431253704,0.82458666733333,-0.0522527323237487,0.7650773525238037,0.5915557759148731,0.8299241134098594,0.06786468284470691,0.798201858997345,0.5616174953324451,0.8291299922125677,-0.053980033631835636,0.7554889917373657,0.6079226170267376,0.8285105807440618,0.0532443936382021,0.6627355813980103,0.5735269018581933,0.8499640328543523,-0.07511237221104755,0.6621342897415161
10,0.6039520774568827,0.5868653978620254,0.14217564761638635,0.9998003244400024,0.6028449279921393,0.5821825078555514,0.13945650713784347,0.9995308518409729,0.6019019024712696,0.5818294320787699,0.1394234474216188,0.9994153380393982,0.6009997929845534,0.5814637098993571,0.13944446189062928,0.999525785446167,0.6054843289511542,0.5829614247594559,0.13457687028816762,0.9998225569725037,0.6064251116343904,0.5831672498158044,0.13448479431016097,0.9998442530632019,0.6073116813387187,0.5832812735012597,0.13446842261723102,0.9999094009399414,0.5987648691449844,0.583961565153939,0.11597672700881953,0.9997082352638245,0.6079354098864962,0.5859418800898958,0.09352519384452271,0.9998964667320251,0.6022055932453698,0.5911396248000006,0.13514760179179047,0.9995319843292236,0.6048607332365851,0.5919424159186224,0.12821818632738924,0.9997469782829285,0.5870418531554082,0.6141134721892217,0.11069793594735003,0.9999771118164062,0.6124363984380446,0.6209520374025614,0.039228610375097804,0.9999985098838806,0.5804486087390353,0.6585869193077084,0.12320574436868935,0.33026978373527527,0.6139361619949338,0.6689592770167756,0.04662584087678362,0.8450496196746826,0.5856759837695528,0.6851082018443513,0.1420090679611478,0.05451281741261482,0.6117057544844489,0.6929723296846659,0.09546566818441658,0.7083672285079956,0.5872006263051711,0.6922205209732053,0.1500959600721086,0.04556615278124809,0.611484224455697,0.6991322619574407,0.09672445463282717,0.6019411683082581,0.5896584187235148,0.692262746606554,0.14554073810577386,0.04211229085922241,0.6107667037418907,0.6973121745245794,0.10001841102327615,0.5644354820251465,0.5902618782860889,0.6896162305559428,0.14083720317908688,0.036381978541612625,0.6102507931845526,0.6944770233971729,0.09773513781172884,0.4729640781879425,0.5821863021169388,0.6914685555866783,0.0278271227542843,0.9999967813491821,0.593523139613015,0.6957999178341454,-0.027886303780334323,0.999998927116394,0.5900793382099694,0.758576621328081,0.057855742744037056,0.8798096776008606,0.5892894404275074,0.7628913351467674,-0.037204881225313444,0.8066958785057068,0.5945394805499483,0.8174067020416256,0.06128988510795999,0.8078355193138123,0.5682564020156857,0.8248065335409978,-0.05447232276201246,0.788375973701477,0.5918299811226978,0.8297028490475242,0.0614322877355984,0.8175494074821472,0.5615788272448946,0.8288708278111045,-0.05627830039177619,0.7791526913642883,0.607388249465397,0.8286707384245733,0.04622546977230479,0.6908659934997559,0.5735715474401198,0.8513325180326186,-0.07825129883629932,0.6944139003753662
11,0.6039079070091244,0.5868394885744365,0.14376496502331318,0.999751091003418,0.6027869922774176,0.582087969779968,0.1410563898938042,0.9994451999664307,0.6018405147961206,0.5817860995020183,0.14102195671626494,0.9993007183074951,0.6009351185389924,0.5814666220120018,0.14104457156998765,0.9994055032730103,0.6053928256034848,0.5827914697783332,0.13610409157616746,0.9997940063476562,0.6063472696713036,0.5830085005078994,0.1360115161963871,0.99982750415802,0.6072396959577285,0.5831329498972209,0.13599334870065954,0.9998975396156311,0.5987253137997216,0.5839678611074173,0.1176152776394571,0.9996109008789062,0.607908703599657,0.5858750155993868,0.09479677549430297,0.9998817443847656,0.6021874121257234,0.5911303520202633,0.13677251764706197,0.9993659257888794,0.6048186779022213,0.591892884458814,0.12972658148833677,0.9996699094772339,0.5870671306337626,0.6142564347812105,0.1118871669684137,0.9999722242355347,0.6125492913382391,0.6208247934068949,0.03976306532110485,0.9999985098838806,0.5804548161370411,0.6584518756185256,0.12427803426980966,0.2989629805088043,0.6140884297234668,0.6686460222516738,0.04741845098989349,0.8573810458183289,0.5844668081828523,0.6861844863210402,0.14297616737229474,0.04962848499417305,0.6123754790851046,0.6931829912321905,0.09651530534029001,0.729690432548523,0.585831694943564,0.6938342332839962,0.15126208492687765,0.0418936088681221,0.6120399662426537,0.6993473955563132,0.09774150741951801,0.6277504563331604,0.5881160599844794,0.6930114167077197,0.14679055213928216,0.038710206747055054,0.611314489160265,0.6976415378706793,0.10112781035048615,0.5916579961776733,0.5892297063555033,0.6896762490272519,0.14192547883306222,0.03351356461644173,0.6108573062079291,0.6948200123650683,0.09883588829210822,0.49717405438423157,0.5822336792945859,0.6913075242723734,0.02833149544894694,0.9999967813491821,0.5934754439762657,0.6956561173711502,-0.02839048371783323,0.9999989867210388,0.590008541515895,0.7583222321101595,0.0589546764535563,0.8863956332206726,0.5891660962785991,0.7624701006071906,-0.03969186746648378,0.8259900212287903,0.5945297156061442,0.8174890926906038,0.06174772403069902,0.8248340487480164,0.5680656041417801,0.8250965237617489,-0.05819004539932521,0.8093456029891968,0.5920042037963864,0.8292912312916343,0.06052205307143072,0.8348308205604553,0.5614603246961318,0.8283996139253884,-0.06005890848381176,0.8004863262176514,0.6066839320319036,0.8281608275004793,0.04618066496082712,0.7144604325294495,0.5734612618173869,0.8518931320735383,-0.08201954960823055,0.7234023809432983
12,0.6038166625159125,0.5868299143654956,0.14687563393797187,0.999692976474762,0.6026667611939563,0.5820668016161235,0.14413828381470264,0.9993482232093811,0.6017159223556516,0.581798526218959,0.14410183940614965,0.9991812109947205,0.6008081299918036,0.5815017734255107,0.144126289657184,0.9992828965187073,0.6052623936108178,0.582718239511762,0.13919430119650697,0.999754786491394,0.6062234589031761,0.5829437255859372,0.13910035405840188,0.9998025894165039,0.6071239607674732,0.5830838969775606,0.13908122011593405,0.9998790621757507,0.5986615742955886,0.5839759145464213,0.1202579566410609,0.999517023563385,0.6078283275876724,0.5858587963240485,0.09746406482798707,0.9998577237129211,0.6021288309778483,0.5911343591553821,0.13972166904381336,0.9991608262062073,0.6047320791653221,0.5918725609779355,0.1326744228601455,0.9995586276054382,0.5871005177497861,0.6143819485391886,0.11380759286028994,0.9999669194221497,0.6126277310507635,0.6207007680620463,0.04128644359963279,0.9999983310699463,0.5805701272828235,0.6583239010402131,0.12675214345966063,0.2712552547454834,0.6142042500632147,0.6683020625795634,0.04919871762394903,0.8661121726036072,0.5838489464351106,0.6868198411805286,0.14610881209373466,0.04535571113228798,0.6131607413291928,0.6933149099349973,0.09942609625203264,0.7391991019248962,0.5849311794553481,0.6947318468775066,0.15464266453470493,0.0387839674949646,0.6126262766974311,0.6994403719902036,0.10071992363248548,0.6375866532325745,0.5869895883968895,0.6939516459192545,0.15009329829897192,0.035844363272190094,0.6118452957698275,0.6979133742196215,0.10417264827660147,0.6016383171081543,0.5881654228482924,0.6909936564309253,0.14505776166915887,0.031093338504433632,0.6114810756274629,0.6951318400246753,0.10177230600799828,0.5016546249389648,0.5822318928582325,0.6911859137671331,0.028586191950099794,0.9999966025352478,0.59341755424227,0.6955984694617132,-0.028646083442228167,0.9999989867210388,0.5899682385580878,0.7579840132168357,0.061830655485391586,0.8917630910873413,0.5891477142061503,0.7620766486440382,-0.03879922287804738,0.8433442711830139,0.5944616607257296,0.817341211863926,0.06574246553438047,0.8399711847305298,0.5678845712116783,0.8255233543259753,-0.05674975014158655,0.8281949162483215,0.5919927597045895,0.8288749660764417,0.06487123412745337,0.8500925302505493,0.5614898341042652,0.8288447380065914,-0.05854160391858643,0.8194940090179443,0.6066060968807763,0.827798097474234,0.05126269598092349,0.7348905205726624,0.5731326154300143,0.8518050040517531,-0.08024606576987671,0.7492467761039734
13,0.6037159749439782,0.5868302209036689,0.14650889933109276,0.9996590614318848,0.6025277291025432,0.5820764218057902,0.14375027077538619,0.9992942214012146,0.6015661546162194,0.581815125261034,0.14371366926601947,0.9991136193275452,0.6006543261664252,0.5815150703702652,0.14373999876635407,0.9992047548294067,0.60514383486339,0.5827183587210516,0.1388311292443956,0.999735414981842,0.6061077254159106,0.5829466189656936,0.1387380991663251,0.9997923970222473,0.6070141417639594,0.583100092411041,0.1387202594961438,0.9998712539672852,0.5985845548765997,0.5839972359793524,0.11985360341412675,0.999453067779541,0.607720795699528,0.5858724270548137,0.0971928734864507,0.9998469352722168,0.6020434873444691,0.5911459343773975,0.1393643187625067,0.9990330934524536,0.6046328306198118,0.5918728896549768,0.13234642062868385,0.9994964003562927,0.5871255159378048,0.6146515982491627,0.11292123347520823,0.9999611377716064,0.6126495105879645,0.6206184114728652,0.04134635403752325,0.9999982118606567,0.5808288727487834,0.6582563570567537,0.12356574322496136,0.2464246302843094,0.6142724565097261,0.6680812290736604,0.04893120644348006,0.8764830827713013,0.5841232265744888,0.6868927189282006,0.1399038634129932,0.04147215187549591,0.613705744062151,0.6933585422379627,0.0985989962305341,0.7557147741317749,0.5850137165614534,0.6950205462319506,0.14792970802102762,0.0359250083565712,0.612981033325195,0.699452129432133,0.09976752634559354,0.6567753553390503,0.587141258375985,0.6940860850470404,0.14346342086791986,0.03320631384849548,0.6121498686926703,0.6980522189821512,0.10315761055265149,0.6217781901359558,0.5877019882202146,0.6925407631056646,0.13880885243415825,0.028905056416988373,0.6118727598871501,0.6952717150960647,0.10087437650987076,0.5195069313049316,0.5821835245404923,0.6911959750311711,0.028467380947300353,0.9999963641166687,0.5933528627668105,0.6956848502159115,-0.028526286834052617,0.999998927116394,0.5899430939129418,0.7577332428523469,0.06372415604335918,0.8965806365013123,0.5891257779938832,0.7619142566408426,-0.03657714767115455,0.8589656949043274,0.5944030148642401,0.8171411361013137,0.07156096356255665,0.8532618284225464,0.5677707331521168,0.8258206384522571,-0.052044449214424374,0.8451516628265381,0.5919857229505263,0.8284827862467081,0.07132799838270457,0.8636904954910278,0.5616298522268021,0.8295043587684627,-0.05362631561500683,0.8366304636001587,0.6062673926353452,0.8272417357989716,0.05827741867729593,0.7517725825309753,0.5728192039898461,0.851692756584712,-0.07533302754163738,0.7723191976547241
14,0.6035613315446033,0.5868277771132331,0.14655809274741577,0.99961256980896,0.6023496014731268,0.5820777331079753,0.14381574009146003,0.9992178082466125,0.6013823951993666,0.5818110738481792,0.143778993827956,0.9990180134773254,0.6004650643893648,0.5815029706273758,0.14380607690129954,0.9991035461425781,0.6049851911408558,0.5827147875513348,0.1387403739350182,0.9997066259384155,0.6059554696083066,0.582941857406071,0.1386466877801077,0.9997751116752625,0.6068747673715861,0.5831009115491592,0.13862881064414972,0.9998592734336853,0.5984532356262204,0.583992917197091,0.11993295486484248,0.999367356300354,0.60760086945125,0.5858846477099824,0.09657402038574214,0.9998291730880737,0.6019041384969436,0.5911916119711738,0.13944273250443587,0.998864471912384,0.6044755237443104,0.5918654884610854,0.1322158000298908,0.9994116425514221,0.5871016502380368,0.615125911576407,0.11306049249001907,0.9999551177024841,0.6126410756792338,0.6206101724079675,0.04057768136262892,0.9999980330467224,0.5810363480022973,0.6582642912864682,0.12408521452120366,0.22420983016490936,0.6143357276916501,0.6681684800556724,0.048554025377546016,0.8843116760253906,0.5847363080297194,0.6865811296871727,0.14006825217178884,0.03795637562870979,0.6140383175441194,0.6936259235654555,0.09884522663695468,0.7652912735939026,0.5852273021425518,0.6950164454323902,0.1481081387826374,0.03332576900720596,0.6131626691137038,0.699654606410435,0.09990851176636556,0.6664994955062866,0.5874460509845185,0.6938282796314781,0.14339633115700307,0.03081144206225872,0.612297257355281,0.698325431346893,0.1032433369329997,0.6315732002258301,0.5873449802398679,0.6938336627823963,0.13884083288056503,0.026910481974482536,0.6120900988578794,0.6955717733928133,0.10109842909233907,0.5256374478340149,0.5820923907416204,0.6914619701249256,0.02864875905215739,0.9999962449073792,0.5933381932122364,0.6961011205400737,-0.028705847955175796,0.999998927116394,0.5899214063371928,0.7578585233007156,0.06578722840973306,0.9008797407150269,0.5890008602823527,0.7622042877333501,-0.034848655547414495,0.8730198740959167,0.5943795357431682,0.8170517257281709,0.07651525459119249,0.8651432991027832,0.5677145617348804,0.8262440562248227,-0.048190815533910455,0.8604068756103516,0.5919724447386603,0.8283802015440801,0.07663749711854113,0.8756804466247559,0.561739761488778,0.8303149393626618,-0.049589956658227075,0.8519573211669922,0.6059700097356522,0.8268845745495383,0.06438657928790362,0.7662465572357178,0.5729388083730422,0.8521285040037969,-0.07125602215528484,0.7929545640945435
15,0.6034029313496179,0.586969344956534,0.14810336019311626,0.9995964765548706,0.6021692752838131,0.5822124413081575,0.14539355550493505,0.9991975426673889,0.6012010114533558,0.5819578051567075,0.14535654102052956,0.9989919662475586,0.6002779892512728,0.5816706674439563,0.14538420566490712,0.9990703463554382,0.6048321502549305,0.5828087568283078,0.14021991917065205,0.999699592590332,0.6058110356330869,0.5830260106495446,0.1401261687278747,0.9997726082801819,0.6067447713443208,0.58318806205477,0.140110005225454,0.9998571276664734,0.5983025908470151,0.5840721215520583,0.12136957304818284,0.9993340373039246,0.607497111388615,0.5859997323581148,0.09755504003592896,0.9998247623443604,0.6017602562904355,0.5914332015173773,0.1409288504293986,0.9987965822219849,0.6043278285435265,0.5919911197253633,0.13357128415788916,0.9993806481361389,0.5870706251689363,0.6155507087707517,0.11421036997011724,0.9999514222145081,0.6126019324575149,0.6205939854894362,0.04052639422672133,0.9999979734420776,0.581431926999773,0.6583040220396856,0.12388400988919387,0.20429567992687225,0.6143730998039243,0.6683931248528614,0.04803518014294758,0.8925446271896362,0.585245621204376,0.6871190173285344,0.1380664978708539,0.03480442985892296,0.6140840189797535,0.6938116686684741,0.0978724999087197,0.7778775691986084,0.5858971646853853,0.6952756268637518,0.14584756919315878,0.03099939040839672,0.6131876366479054,0.6998281019074573,0.09886286322559625,0.6804807782173157,0.588445344993046,0.694101090090615,0.1411676474979945,0.02866460382938385,0.6123218638556341,0.698546469211578,0.10223038664885925,0.6460642218589783,0.5882893272808617,0.6939619353839326,0.13677351176738733,0.025136934593319893,0.6121303166661941,0.6957665187971929,0.10011413586991169,0.5380584597587585,0.5819926040513173,0.6916988798550194,0.028843520581722244,0.9999962449073792,0.593297936235155,0.696439399038042,-0.028902006787913173,0.999998927116394,0.5898142644337243,0.7579370924404687,0.06698625832796093,0.9051461219787598,0.5888436811310901,0.7623254605701988,-0.03326175925987106,0.8856662511825562,0.5943515675408496,0.8169770394052774,0.07917314554963789,0.8759317994117737,0.56758644921439,0.8263625792094637,-0.04544448480010031,0.8741299510002136,0.5919624447822568,0.8283037032399854,0.0794209573950086,0.8865994215011597,0.5616015604564119,0.8307194505419045,-0.04676624717456951,0.8657768964767456,0.6055575558117455,0.8263699122837607,0.0671610810926982,0.7797276377677917,0.5729648947715756,0.852477441515241,-0.06888466498681474,0.8114791512489319
16,0.6032246283122469,0.5874014837401251,0.15163336992263787,0.9995680451393127,0.601966083049774,0.5826734253338401,0.1490046390465327,0.9991517663002014,0.6010030814579552,0.582443399088723,0.1489678651094436,0.9989325404167175,0.6000802823475426,0.5821971791131153,0.1489961296319961,0.9990063309669495,0.6046648911067415,0.5832077043397084,0.1437471777200698,0.9996840357780457,0.6056614977972845,0.5834015216146193,0.1436522960662841,0.9997640252113342,0.6066140804971965,0.5835680161203654,0.14363662430218282,0.9998510479927063,0.5981299485479079,0.5844059109687803,0.12474837005138392,0.9992768168449402,0.6073893291609626,0.5863919905253816,0.10054655075073238,0.999815046787262,0.6015950305121283,0.5919974718775065,0.14434131596769598,0.9986848831176758,0.6041608010019572,0.5924253651073998,0.13687580525875084,0.9993268251419067,0.5870283808026993,0.615999581132616,0.11755935507161272,0.9999458193778992,0.6125282491956435,0.6207294804709296,0.04177564052598815,0.9999978542327881,0.581960092272077,0.6583896313394817,0.1275038023080144,0.1853332221508026,0.6143909079687933,0.6686101726123261,0.048401686655623555,0.8993855118751526,0.5854763797351289,0.6881313647542677,0.1417432878698621,0.03184199705719948,0.614152453626905,0.6939607722418646,0.09861507543495719,0.7851122617721558,0.5868933285985671,0.6954035145895818,0.14973442511899124,0.02881052903831005,0.6132399286542617,0.7001524516514366,0.09969977289438242,0.6878599524497986,0.58987078496388,0.6943386861256188,0.14500611083848128,0.026661740615963936,0.6123715707233971,0.6988815920693531,0.10323172105210163,0.6536945104598999,0.5899110163961135,0.6937147838728766,0.14038913164819983,0.023468371480703354,0.6121851342064991,0.6960133790969845,0.1009323697004999,0.5425553321838379,0.5819171190261838,0.6918783460344584,0.029106057541710976,0.9999960064888,0.5933031865528648,0.6965748718806672,-0.02916957129325184,0.9999988675117493,0.5895939299038475,0.757950024945395,0.06616637302296499,0.9076205492019653,0.5886901634080066,0.7622689349310735,-0.03201532374535287,0.8970401287078857,0.5943319218499317,0.817327501092638,0.07673391529491966,0.8854731917381287,0.5673250794410702,0.8264746648924688,-0.04580538421869276,0.886484682559967,0.5919552258082796,0.8286130104746133,0.07695108801126477,0.8965129256248474,0.5612825036048886,0.8310702238764077,-0.047344291742358866,0.8782677054405212,0.6055439693587163,0.8263691646712162,0.06420766370637074,0.7922142744064331,0.5728564415659221,0.8525473952293392,-0.07018078714609143,0.8282375931739807
17,0.6030375719070432,0.587997073786599,0.15281558036804194,0.9995535612106323,0.6017442277499605,0.5833391717502047,0.15014658144542142,0.9991279244422913,0.6007876549448283,0.5831282394272937,0.1501105321305138,0.998898446559906,0.5998641031129016,0.582911259787423,0.1501390555075236,0.9989655613899231,0.6044863871165682,0.5838540060179571,0.14489276622022895,0.9996781349182129,0.605514916351863,0.5840214933667861,0.1447972425392695,0.9997620582580566,0.6064920714923311,0.5841950842312401,0.14478206889969955,0.9998495578765869,0.5979283656392775,0.584942749568394,0.12564055493899748,0.9992358088493347,0.6072854740279059,0.5870242731911792,0.10147331442151745,0.9998115301132202,0.601403679166521,0.5927089350564136,0.14542020687035145,0.9986180067062378,0.6039848702294484,0.5930574672562733,0.1379593112639018,0.9992994666099548,0.5869680268423896,0.6165016395705084,0.11839136949607298,0.9999415874481201,0.6124148164476664,0.6210123998778204,0.04244384180222237,0.9999978542327881,0.5825245669909883,0.6584920508520941,0.12760539565767554,0.16825000941753387,0.6143862945692877,0.6686673573085237,0.048288271043981805,0.9057721495628357,0.5872583491461615,0.6888260092054092,0.14125068187713616,0.02913215197622776,0.6142281191689625,0.6941829562187192,0.09746937326022552,0.7938186526298523,0.5884515881538388,0.6957961099488391,0.1491764856236321,0.026761915534734726,0.6132788521902899,0.7006665144647868,0.09859207400253836,0.6973297595977783,0.5917594330651417,0.6948211193084715,0.14453402417046676,0.024779606610536575,0.612413542611258,0.6993690831320623,0.10209513881376808,0.6634939908981323,0.59240220274244,0.6929242031914844,0.1398898367370877,0.021889803931117058,0.61220554453986,0.6963989359991888,0.0997520736285618,0.5500003695487976,0.5817697167396543,0.6921628849846972,0.029170604103377875,0.9999958872795105,0.5932406033788407,0.6968473366328645,-0.02923843711614607,0.9999988675117493,0.58917133297239,0.7579413635390142,0.06559776663780209,0.910537838935852,0.5883816361427304,0.7623179316520687,-0.031320011402879426,0.9072774648666382,0.5943285720688953,0.8178316014153613,0.07471038124391008,0.8942388296127319,0.5668931279863627,0.8266920021602082,-0.04715559216482297,0.8976080417633057,0.5919522609029495,0.8291206257683885,0.07489796131849286,0.9054888486862183,0.5608761174338202,0.8315859164510451,-0.048943615917648564,0.8895329833030701,0.6057484269142148,0.8265359418732776,0.061823432041065995,0.8038476705551147,0.572545778751373,0.8525337134088785,-0.07216730756419043,0.8433337211608887
18,0.6027495094708031,0.5884992412158419,0.1533023421253476,0.9995288252830505,0.6014455880437576,0.5839014393942694,0.15057575660092481,0.9990866780281067,0.6005089010511123,0.5836899757385251,0.15054027140140525,0.9988446235656738,0.5995740975652419,0.5834675363131929,0.1505692439419882,0.9989080429077148,0.6042198845318383,0.5844582847186495,0.14532067733151566,0.9996636509895325,0.6052816050393237,0.5846109305109294,0.14522480326039444,0.9997535943984985,0.6063107950346808,0.584797338077,0.1452106492859976,0.9998436570167542,0.5976393393107821,0.5854251384735105,0.12588952375309803,0.9991863369941711,0.6071736761501855,0.587656133515494,0.10171438881329123,0.9998023509979248,0.6011092373303002,0.593274881158556,0.14584715196064535,0.9985280632972717,0.6037067566599161,0.5936172161783488,0.13837931794779634,0.9992556571960449,0.5868879335267201,0.617031623635973,0.11857072072369705,0.999938428401947,0.6122511403901234,0.6214841399874003,0.042662683342184315,0.9999977946281433,0.5827681149755203,0.6585917575018743,0.12765292780739915,0.15273238718509674,0.6144013575145173,0.6687794055257522,0.048038403902735005,0.911135733127594,0.5897324170385085,0.6884705407278875,0.14130829615252352,0.026678696274757385,0.6142929826463969,0.6945350595882958,0.09718300785337172,0.7987367510795593,0.5898031813757758,0.6960426245416911,0.14924001608576087,0.024903273209929466,0.6132752265248977,0.7012149521282738,0.09817871344940998,0.7018849849700928,0.5931253910064694,0.6950289555958336,0.14462486079760956,0.023071065545082092,0.6124039070946826,0.699869242736271,0.10199893521411074,0.6679408550262451,0.5942315135683329,0.691899866717202,0.1399483736072267,0.020461874082684517,0.6121801410402568,0.6968537160328453,0.09957015918833864,0.5514416694641113,0.5815782904624935,0.6925482801028657,0.02921246987368378,0.999995768070221,0.593100639751979,0.697298215116773,-0.029282766687018517,0.9999988675117493,0.5886831368718826,0.7580783775874542,0.0660854414105415,0.9125380516052246,0.5878510134560719,0.7626164521489821,-0.03088929802179335,0.9164953827857971,0.5943335703441073,0.8183506744248523,0.07461913547345567,0.9021730422973633,0.5663495319230213,0.8271795289857043,-0.047735996225050495,0.9076480865478516,0.5919509547097339,0.8295723029545371,0.0747112787195614,0.9135822653770447,0.5603891508919849,0.8322148748806542,-0.04962561545627455,0.8997266888618469,0.6059592945235114,0.8267074942588802,0.061345986276864974,0.8147185444831848,0.5721694861139568,0.852750740732465,-0.0729190185666084,0.8571812510490417
19,0.6024505087307519,0.5887908867427278,0.15400670553956705,0.9995077848434448,0.6011433652469087,0.5842261195182797,0.15135672007288245,0.9990522861480713,0.600233379432133,0.584010623182569,0.15132065372807632,0.9987974762916565,0.5992880923407415,0.5837700213704787,0.1513499200344085,0.9988602995872498,0.6039281146866932,0.5848370705332072,0.1459837368556431,0.9996519088745117,0.6050027268273487,0.584987790243966,0.1458879304783684,0.9997466206550598,0.6060844761984686,0.5851862072944638,0.14587533175945275,0.999838650226593,0.5973510980606076,0.5857434204646517,0.12686130872794554,0.9991459250450134,0.6070415547915864,0.5880987661225452,0.10213683758463174,0.9997938871383667,0.6008215223039897,0.5935876522745402,0.14660520042691905,0.9984484910964966,0.6034319707325524,0.5939544779913764,0.1389803992850439,0.999213695526123,0.586793346064431,0.6175939287458144,0.1194912278226443,0.999934732913971,0.6119830983025685,0.6218711393220081,0.04251161313482691,0.9999977350234985,0.5829699141638617,0.6589287962232314,0.12760400686945228,0.13861797749996185,0.6143526571137561,0.6692537052290777,0.04723596902830258,0.9155661463737488,0.5917492815426415,0.6879153626305713,0.13998377919197075,0.024489406496286392,0.6142966372626166,0.6949915323938639,0.09606270108904152,0.7992768883705139,0.5908362507820126,0.6966720955712451,0.14779544046946927,0.023299679160118103,0.6132544858115057,0.701624490533556,0.09688201610531122,0.7015506625175476,0.594138807909829,0.6955933400562828,0.14324792623519889,0.021607965230941772,0.6123912658010207,0.7002262847764148,0.10084477705614901,0.6673820614814758,0.5954558134078977,0.6910068665231974,0.13862028121948236,0.019242363050580025,0.6121377280780245,0.697228908538818,0.09846255821841099,0.5478506088256836,0.58131559406008,0.6928240878241398,0.029551702844245083,0.9999955892562866,0.5928416899272371,0.6976757679666787,-0.029624443022268146,0.9999988675117493,0.5881828699793131,0.7582215990339003,0.06728570333548951,0.9133349061012268,0.5871786168643405,0.7630180563245497,-0.030583059042692172,0.9247920513153076,0.5943454810551232,0.8185492805072236,0.07536980488470618,0.9091629385948181,0.5657329303877692,0.8280299884932377,-0.04875756470220427,0.916699230670929,0.5919512527329578,0.8297079869679038,0.0752158695033618,0.9208498597145081,0.5598263995988025,0.8329023480415341,-0.050758270387138614,0.9089661836624146,0.6061322978564668,0.8268671870231625,0.06158304012247492,0.8247802257537842,0.5717430881091524,0.8530434523309975,-0.07422244208199634,0.8698529005050659
20,0.6022031136921471,0.5889944621494836,0.15370734333991998,0.9994858503341675,0.6008934940610611,0.584454832758222,0.1511639318295887,0.9990208148956299,0.6000045197350635,0.5842471344130378,0.15112765218530377,0.9987597465515137,0.5990451625415254,0.5840012839862276,0.15115723099027353,0.9988190531730652,0.6036676457950044,0.58507946899959,0.1457129853112356,0.9996395707130432,0.6047366857528684,0.5852290630340573,0.1456176532166344,0.9997392892837524,0.6058633497783112,0.5854362709181646,0.14560545555182858,0.9998331069946289,0.5971007994243074,0.5860155361039295,0.12712157134498864,0.9991146326065063,0.6069132992199486,0.5883934327534264,0.1020586775881903,0.9997853636741638,0.600598243304661,0.5938145109585351,0.1464553134781973,0.9983826279640198,0.6032208561897275,0.5941892130034307,0.1387282205479485,0.9991773962974548,0.5866986989974973,0.618191039562225,0.1199428077254976,0.9999329447746277,0.6116773656436372,0.6221914955547875,0.04212860188313891,0.9999977350234985,0.5831265875271385,0.6593503969056262,0.12736898447786055,0.1258668601512909,0.6142065695353913,0.6698219231196809,0.04493257009557314,0.9201361536979675,0.591988590785435,0.6877172453062872,0.13802688760416842,0.022522347047924995,0.6142548237528117,0.695633803095136,0.09261475886617385,0.8031221032142639,0.5911419851439337,0.6976150018828252,0.14555100585733133,0.021868346258997917,0.6132269944463455,0.7021036062921793,0.0930147745779582,0.705535352230072,0.5944267783846171,0.6964675818170817,0.1408351600170135,0.020298253744840622,0.612371468544006,0.7006538527352466,0.09693658309323441,0.6712783575057983,0.5958777427673336,0.690902073042733,0.13651069530418936,0.018147502094507217,0.612088254519871,0.6977255225181577,0.09495037389653065,0.5492241382598877,0.5810241120202198,0.6929771746907911,0.029898682343108298,0.9999954700469971,0.5924926076616557,0.6979450089590887,-0.02997095462466988,0.9999988675117493,0.587741558892386,0.7584501862525936,0.06806349243436538,0.9142612814903259,0.586445457594735,0.7634460142680574,-0.031869776546955095,0.9322677850723267,0.5943501659802025,0.8184944851057866,0.07704053499868935,0.9154725074768066,0.5651292290006362,0.8288890566144667,-0.050742138602903886,0.9248729944229126,0.5919407759393962,0.8296676771981372,0.0769051196319716,0.9274105429649353,0.5593042560986108,0.8334741779736106,-0.05275831520557401,0.9173864126205444,0.6061394384929109,0.826847454479762,0.0633098235087735,0.8339650630950928,0.571353847639901,0.8533181820596963,-0.07639479253973276,0.8814806938171387
21,0.6019398042133873,0.5891928894179206,0.1524610974958964,0.999464750289917,0.6006317973136899,0.5846629313060213,0.14992349105221878,0.9989832043647766,0.5997507010187418,0.5844576324735367,0.1498867473431995,0.9987149238586426,0.5987638269151958,0.5842070119721546,0.14991624823638364,0.9987694025039673,0.6033868925912036,0.5853072319711955,0.14450188662324626,0.9996259212493896,0.6044307776859825,0.585460145132882,0.14440619775227131,0.999731719493866,0.6055766667638504,0.585683637005942,0.14439306940351207,0.9998275637626648,0.5968222005026678,0.5863292643002098,0.12603141793182912,0.9990725517272949,0.6067520277840748,0.5886888521058216,0.1011574832456452,0.9997769594192505,0.60034955058779,0.5940208435058592,0.14526911590780522,0.9983187913894653,0.6029983605657302,0.5944060002054484,0.13757939338684075,0.9991468191146851,0.5865869300706044,0.6186287420136585,0.11901055233819138,0.9999313950538635,0.6113544498171122,0.6225082703999107,0.04178921069417679,0.9999977350234985,0.5832407678876602,0.6596162336213245,0.1263480480228151,0.11469265073537827,0.6139290622302461,0.6701792614800586,0.04350273257919718,0.9253724217414856,0.5920289448329378,0.6876240900584626,0.13679195642471306,0.020882828161120415,0.6142126560211179,0.6962449107851297,0.08958360616649896,0.8125748634338379,0.5911572984286714,0.6985753127506797,0.14418509261948714,0.020805951207876205,0.6132093650954107,0.702736595698765,0.08965357648474825,0.7173430919647217,0.5944365739822385,0.697366106510162,0.13930153846740714,0.019337663426995277,0.6123516304152349,0.7011837431362694,0.0934460993324007,0.683928906917572,0.5960239189011707,0.6911034584045407,0.13517053084714065,0.01736527495086193,0.6120113679340904,0.6982696567262918,0.09181998968124386,0.5611295104026794,0.5806543367249623,0.6931441085679187,0.029910491300480693,0.9999954104423523,0.5920470101492743,0.6982394814491268,-0.02998012772628238,0.9999988675117493,0.5873028176171435,0.7587446144648957,0.06799701303243634,0.9152071475982666,0.5857619404792782,0.7639208078384395,-0.033072254700320096,0.9390026926994324,0.5943518025534491,0.8183372650827676,0.07795609299625665,0.921265721321106,0.5644911476543969,0.8295779688017705,-0.05152343437075612,0.9322375655174255,0.5919154848371231,0.8296160374368936,0.07797064653464722,0.933307945728302,0.5587295481136865,0.8339075854846405,-0.053458081930875756,0.9249677658081055,0.6061191337449208,0.8268777046884805,0.06507557630538938,0.8423323035240173,0.5708030564444403,0.8535228388650072,-0.07674709899084906,0.8919948935508728
22,0.6015777570860724,0.589436146191188,0.15182896469320561,0.9994505047798157,0.6002745713506423,0.5849053110395157,0.1492148348263331,0.9989620447158813,0.5993890949657983,0.5846943838255743,0.1491784866367067,0.998687744140625,0.5983668923377987,0.5844341141836982,0.1492076716252735,0.9987397193908691,0.6030044657843451,0.5855682134628293,0.1439234874078205,0.9996175169944763,0.6040155461856294,0.5857197795595439,0.14382827665124615,0.9997269511222839,0.6051604543413432,0.585955372878483,0.1438153603247233,0.9998241662979126,0.5964757391384666,0.58669570173536,0.125280489878995,0.9990488886833191,0.6065222689083641,0.5889955912317546,0.10080236260380059,0.9997713565826416,0.6000167693410599,0.594260604040963,0.14457809201308652,0.9982749223709106,0.6026861514363968,0.594649176938193,0.13706447780132286,0.9991231560707092,0.5864559684480937,0.6189007827213829,0.11825272930519914,0.9999298453330994,0.6109906571252002,0.6229214940752299,0.04173670538834161,0.9999977350234985,0.5832840629986351,0.6599261130605423,0.12615337797573628,0.10452055931091309,0.6133738483701431,0.6702895947865074,0.04286675623485018,0.9296713471412659,0.5918802516801014,0.6881424137524192,0.13513851634093688,0.01935080997645855,0.6140021613665987,0.6969471863337922,0.0881360224315098,0.8200399279594421,0.5910723941666736,0.6996497971670965,0.14238428430897843,0.019743364304304123,0.6130870904241287,0.7036599619047978,0.08800309087548933,0.7266075611114502,0.5943335907799854,0.698469885757991,0.13746855216366896,0.018366212025284767,0.6122367858886716,0.7019839814731049,0.0919445442301886,0.6938239932060242,0.5961044294493536,0.6918500219072611,0.13348093309572762,0.01655608043074608,0.6118288329669405,0.6990185873849049,0.09040464269263399,0.5702624917030334,0.58031781230654,0.6932880827358787,0.029860151665551306,0.9999953508377075,0.5915520225252422,0.6984835233007155,-0.029928154179028086,0.9999988675117493,0.5868536012513295,0.759202887330736,0.06760884651115959,0.916280210018158,0.5851729171616689,0.7644584723881309,-0.03440825353775704,0.9450559616088867,0.5943575450352256,0.8181987438883097,0.07782169963632307,0.9266565442085266,0.5638452206339153,0.8299499562808441,-0.05212500989437101,0.938854992389679,0.5918549912316455,0.8295293109757556,0.07790360408169879,0.9386764764785767,0.558004752227238,0.8340946487018036,-0.05396268772227421,0.9317678213119507,0.6061492391995018,0.827035466262272,0.06538367516228127,0.8504834771156311,0.5700716614723202,0.8540392024176457,-0.07710192309958591,0.9014177322387695
23,0.6012019804545808,0.5897528188569202,0.1515166738203593,0.9993867874145508,0.5999001996857777,0.5852255548749647,0.14881782787186754,0.9988519549369812,0.5990060874394005,0.5850080796650475,0.1487817078828811,0.9985557794570923,0.5979650531496318,0.5847436938967021,0.14880970503602703,0.9986041188240051,0.6025906579835071,0.5858912297657555,0.14362853041716978,0.9995719790458679,0.6035692640713279,0.5860330036708283,0.143534197126116,0.999696671962738,0.6046843903405323,0.5862585765974859,0.14352154774325226,0.9998034238815308,0.5961467095783776,0.5871516721589222,0.12486212445156908,0.9989517331123352,0.6062457697732105,0.5893088562147956,0.1008739215987069,0.999744176864624,0.5996896573475425,0.5945576514516555,0.14419360075678136,0.9981034398078918,0.6023359196526661,0.5949374931199207,0.1368102473872048,0.999029815196991,0.5862562230655122,0.6192226801599772,0.11724447544131954,0.9999281167984009,0.6105649624552043,0.6235076802117481,0.042816138906138265,0.9999976754188538,0.5832446285656517,0.6606384107044762,0.12370951260839184,0.09542319923639297,0.6126467108726499,0.670728504657745,0.04486225002578324,0.933116614818573,0.5918710010392323,0.6888159547533305,0.13130130980695992,0.017967715859413147,0.6135874407632007,0.6978965333529878,0.09020457587071823,0.8262752294540405,0.5907449075153893,0.7011355093547272,0.13833355094705302,0.018752310425043106,0.6128275258200506,0.7048316274370463,0.09036926967757083,0.733886182308197,0.594032401697976,0.6999704446111403,0.13381776809692378,0.017453014850616455,0.6120081918580189,0.7029758691787716,0.09427351823874879,0.7013580799102783,0.5959211587905882,0.6930453283446172,0.1298584742205483,0.015785973519086838,0.6115125008991784,0.6999536752700802,0.0924862261329378,0.5763375163078308,0.5799109390803743,0.6934870004653927,0.029102840487446092,0.9999953508377075,0.5910663587706426,0.6986958333424156,-0.02917091149304593,0.9999988675117493,0.5862958209855214,0.7596310121672492,0.06619410408394674,0.9175781011581421,0.5846000654356818,0.7649710740361892,-0.03481036264981541,0.9505094289779663,0.5943131361688884,0.8181040831974571,0.07529065821851999,0.9316942691802979,0.5631866574287412,0.8304486853735784,-0.05326247715524262,0.9448292255401611,0.5917668989726472,0.8294532929147989,0.07529896987336018,0.9435491561889648,0.557224208968026,0.8343593478202816,-0.05517656909567966,0.9379251599311829,0.6062111650194437,0.8272033180509292,0.06331018954515455,0.8578762412071228,0.5691845502172195,0.8549150569098332,-0.07803229710885454,0.9099697470664978
24,0.6008728487151007,0.5900572078568592,0.15063469835690083,0.9993780851364136,0.5995677232742307,0.5855337432452608,0.14793680182525082,0.9988359212875366,0.5986620477267671,0.5853130357606068,0.14790139411176947,0.998533308506012,0.5976196442331584,0.5850518533161706,0.14792905109269272,0.998577356338501,0.6022052185876026,0.5861761638096398,0.14270175567695068,0.9995647668838501,0.6031666278839108,0.586306822299957,0.14260768081460673,0.9996920228004456,0.6042417645454403,0.5865040438515797,0.14259476831981108,0.9998000264167786,0.5958568198340277,0.5875774894441874,0.1238643022520201,0.9989266395568848,0.6059608748980928,0.5895485179764881,0.10036690128701069,0.9997379183769226,0.5994163019316534,0.5948828152247834,0.1434028710637773,0.9980709552764893,0.6020138910838533,0.5952188236372808,0.13593915615762978,0.9990110397338867,0.5859900747026714,0.6195906519889829,0.11584795287677215,0.9999286532402039,0.6102036459105352,0.6241478988102501,0.04303506261536051,0.9999977350234985,0.5831986103739054,0.6616215450423101,0.11952371363128929,0.08814343065023422,0.6120376110076902,0.6713773659297395,0.04484461482082092,0.936856746673584,0.5908611314637318,0.6923636845179963,0.12505371272563928,0.017117686569690704,0.6131191253662107,0.6991505043847217,0.08861093968152996,0.8366138935089111,0.5903493744986396,0.7036514111927574,0.13167699362550456,0.018439793959259987,0.6125299624034334,0.7060943365097043,0.08874053699629643,0.7477220892906189,0.593726233073643,0.7024933627673555,0.12729645839759277,0.017160871997475624,0.6117478966712949,0.7040913649967735,0.09242897331714627,0.716326892375946,0.5959080832345143,0.6949693901198247,0.12366840200764787,0.015568049624562263,0.6111819556781222,0.7011021273476733,0.09079466227974206,0.5930439233779907,0.5794730322701588,0.6940242767333981,0.02841479975197995,0.9999954104423523,0.5906267404556271,0.6992870501109529,-0.02848110949354511,0.999998927116394,0.5858033197266712,0.7602313263075688,0.06550309360027311,0.9199811220169067,0.583982717990875,0.7655586532184052,-0.037023522811276556,0.9554193019866943,0.5942263739449634,0.818063766615731,0.07484258051429471,0.9364973902702332,0.5624582512038092,0.8311404177120749,-0.056447898277214574,0.9502128958702087,0.5915796586445398,0.8293476547513685,0.07484612613916393,0.9480442404747009,0.5565091575895034,0.8349858301026477,-0.05845168424504141,0.9435169696807861,0.6062352487019127,0.8273658888680591,0.06289721642221721,0.8651893138885498,0.5684262377875189,0.8558317031179152,-0.0816061015639986,0.9177386164665222
25,0.6005220498357497,0.5904352307319638,0.1500939428806304,0.9993090629577637,0.5992244260651721,0.5858811497688291,0.14750047283513198,0.9987014532089233,0.5982918024063107,0.5856377601623532,0.1474643034594399,0.9983688592910767,0.5972499881471904,0.585374285493578,0.1474935467754091,0.9984102249145508,0.6018166916710986,0.5865181820733204,0.14225971485887248,0.9995120167732239,0.6027709313801354,0.586655191012791,0.1421632460185459,0.9996569156646729,0.6038057616778779,0.5868327702794753,0.1421476917607443,0.9997761845588684,0.5955221363476342,0.5880649907248358,0.12330650814941946,0.9987975358963013,0.6056484018053325,0.5898446679115292,0.10037661620548788,0.99970543384552,0.599064699241093,0.5952821867806568,0.14296010349478033,0.9978792667388916,0.6016558238438194,0.5955930488450184,0.13545911865574967,0.9989081621170044,0.5856199605124335,0.6199230841227937,0.1150567254849842,0.9999281764030457,0.6098496403012954,0.6248885103634423,0.043113481466259256,0.9999977350234985,0.5830427731786453,0.6624524678502761,0.11724666995661594,0.08110956847667694,0.6116752352033339,0.6721777081489559,0.044919219506638366,0.9398353695869446,0.5884691817419867,0.6967761806079317,0.12376438613448819,0.01609281450510025,0.6127385497093198,0.7005864500999448,0.08727889273847848,0.8427083492279053,0.5891244309289112,0.7057899747576029,0.13028202993529178,0.017771761864423752,0.6121849707194734,0.7075195482798982,0.08700144184487202,0.755009114742279,0.5926086783409117,0.7046561445508681,0.12595242389610828,0.01654057949781418,0.6114524194172448,0.7054864849363052,0.09053422893796645,0.7238132357597351,0.5950412171227588,0.6967271106583728,0.12239972203969951,0.015050901100039482,0.6108744178499492,0.7025576506342204,0.08936795932906011,0.5992885231971741,0.578932166099548,0.6947525194713045,0.027989276019590226,0.9999955296516418,0.5901963285037447,0.7000616056578497,-0.028053513807909818,0.9999989867210388,0.5854417851993013,0.7606953654970439,0.06638471548046382,0.9214221239089966,0.583356598445347,0.7660625764301842,-0.038718234747648225,0.9598478078842163,0.5941169517380849,0.8180732556751792,0.07682847401925492,0.9408811330795288,0.5617173177855352,0.8317612562860758,-0.059480835390942406,0.955082356929779,0.5914005705288476,0.8292954564094539,0.0769371716039521,0.9520725607872009,0.5557862758636472,0.8357816542897902,-0.06160913205572534,0.9485788941383362,0.6061464599200654,0.8274387172290253,0.06531645762068881,0.8718855977058411,0.5679573110171724,0.8565402729170659,-0.08497602684157231,0.9248875379562378
26,0.6001477020127429,0.5910565069743563,0.14893670422690247,0.9992496967315674,0.5988540921892436,0.5864686352866033,0.14653258919715875,0.9985910058021545,0.5978771192686896,0.5862022382872443,0.14649618693760455,0.9982370734214783,0.5968306354113985,0.5859467778887064,0.14652691909245075,0.9982584714889526,0.6014251436505996,0.5870994295392715,0.1413372201578957,0.9994714260101318,0.6023785063198632,0.5872512340545653,0.14123809082167482,0.9996320009231567,0.6033777305058068,0.5874158178056986,0.14121900669166015,0.9997590780258179,0.5951453600611003,0.5888685822486874,0.12299586321626385,0.9986754059791565,0.6052826234272546,0.5904628651482715,0.09999244170529498,0.9996833801269531,0.5986548798424854,0.5959386280604768,0.14201665861265994,0.9977173805236816,0.6012708221163066,0.5962171145847863,0.13456223905086512,0.9988331198692322,0.5852362837110244,0.6203874400683809,0.11513047282184868,0.9999282956123352,0.6094830615179876,0.6255540268761768,0.04202205634542872,0.9999977946281433,0.5826547775949749,0.6633808170046122,0.117911390534469,0.07492461800575256,0.6113824844360349,0.6729078326906474,0.04328540265560148,0.9436718821525574,0.5854853289467945,0.7005984050886969,0.12446621528693602,0.015210629440844059,0.6123232841491696,0.7019829426492961,0.08421983037676126,0.8540274500846863,0.5870804701532634,0.7076955318450924,0.13110813690083362,0.0172146987169981,0.6116967064993719,0.7088620918137684,0.08342757586921962,0.7708825469017029,0.5906738281249997,0.7065460630825584,0.12655692909445077,0.016011832281947136,0.6110069343021935,0.706859982013702,0.08685155085154939,0.741165041923523,0.5934426460947306,0.698271891048976,0.12300726728779923,0.01461899746209383,0.6104647483144485,0.7039936661720272,0.08622247704437797,0.6200817823410034,0.5783968670027595,0.6954427719116207,0.02830362548785549,0.999995768070221,0.5896273340497695,0.7006686346871509,-0.0283658274582454,0.9999990463256836,0.585268916402544,0.7611439892223899,0.06808393065418512,0.9233592748641968,0.5827922548566542,0.7665225965636113,-0.041584378055163775,0.9638403058052063,0.594065565722329,0.8179358584540226,0.07958200361047468,0.9452025890350342,0.5610762034143717,0.832265130111149,-0.06486514061689373,0.9594958424568176,0.5913260034152437,0.8290068592344008,0.07978949057204379,0.9559570550918579,0.5550296715327669,0.836569534029279,-0.06722416079470087,0.9533030986785889,0.6060364706175665,0.8275154062679831,0.06829952714698653,0.8789330124855042,0.5678316984857829,0.8571020552090232,-0.091172310922827,0.9316005706787109
27,0.599791862283434,0.5918821317808965,0.14356016346386496,0.9991686940193176,0.5984876888138904,0.5872653194836206,0.14101464407784592,0.9984176754951477,0.5974639569010051,0.5869977474212644,0.14097788546766546,0.9980341196060181,0.5964141624314442,0.5867784976959226,0.14100686822618752,0.9980229139328003,0.6010466848100932,0.5878537263189041,0.1358095045600618,0.9994094371795654,0.6019917930875502,0.5880087222371779,0.1357110474790845,0.9995949268341064,0.6029551403863087,0.5881571837833948,0.13568991252354207,0.9997327327728271,0.5947730984006606,0.589921643052782,0.1181091808847018,0.9984807968139648,0.6048584648541038,0.5912502016339981,0.09431412816047666,0.999647855758667,0.5982464245387483,0.5968209232602798,0.13672766344887863,0.9974683523178101,0.6008779168128965,0.5970415064266748,0.1292706681149346,0.9987215399742126,0.5849220156669613,0.620812106132507,0.11119022816419596,0.9999276995658875,0.6090657319341384,0.6264081239700314,0.03698359855583734,0.9999978542327881,0.5822251370974947,0.6640432970864429,0.11437753332512714,0.0699833482503891,0.610941568442753,0.6741131918770923,0.03883449073348725,0.9476601481437683,0.584064515999385,0.7015442098890028,0.12098230229956758,0.014766470529139042,0.6118539214134213,0.7031575969287325,0.07896192371845243,0.8653871417045593,0.5854852710451396,0.7087853704180033,0.12783216791493546,0.01728828251361847,0.6111189161028178,0.7101684212684627,0.07811898951019555,0.7873936891555786,0.5891255208424157,0.7075416939599171,0.12307399043015066,0.01608373038470745,0.6104748385293141,0.7081223692212782,0.08126012917075834,0.7594083547592163,0.5916019320487973,0.7008498055594305,0.11949560110058098,0.014746604487299919,0.609982393469129,0.7052619848932535,0.0808630185467856,0.6431422829627991,0.5778429644448414,0.6961755837712966,0.028522852914673928,0.9999959468841553,0.5889075040817258,0.7012689352035519,-0.028582023563129548,0.9999991059303284,0.5851211360522677,0.7613345435687471,0.06839465264763148,0.9256861805915833,0.5820565206663947,0.7668423703738617,-0.04420227674501281,0.9674399495124817,0.594036395209176,0.8177106210163658,0.07728017845324105,0.9491326212882996,0.5604928476469855,0.8328665460859022,-0.07174339134778292,0.9634823203086853,0.5913640771593364,0.8286560092653543,0.0772122006331171,0.9594922065734863,0.5542484811374118,0.8378073981830048,-0.07453888516340933,0.9576054215431213,0.6060188940593172,0.8275365267481118,0.06637060674173488,0.885574460029602,0.5679281796727859,0.8574574487549914,-0.09852921366691585,0.9377694129943848
28,0.5994797570364813,0.5927287919180732,0.13935520478657307,0.9991456270217896,0.5981698887688771,0.5880528245653422,0.1364983243601662,0.9983584880828857,0.5971170272145949,0.587769978387015,0.13646142440182815,0.9979812502861023,0.5960773144449504,0.5875713791166031,0.1364879825285502,0.9979462027549744,0.6007107428142,0.5886457153729028,0.13131699732371732,0.999386727809906,0.6016494955335342,0.588806935719081,0.13122092528002596,0.9995841979980469,0.602587180478232,0.5889449494225636,0.1312002961124692,0.9997225999832153,0.5944368021828785,0.5908390147345404,0.11305129506758277,0.998416006565094,0.6044425879205974,0.5920923999377656,0.08922166164432249,0.9996314644813538,0.5978911570140291,0.597685965469905,0.1323977283069065,0.9973903298377991,0.600523005213056,0.5979030779429841,0.12498203728880196,0.9986854195594788,0.5845317687307082,0.6212874259267531,0.10666173462356836,0.9999297857284546,0.6086075527327398,0.6272115077291214,0.032477050168173635,0.9999979138374329,0.5818394967487878,0.6646819387163432,0.11100181107010154,0.06684236228466034,0.610425097601754,0.6755000029291423,0.03432742570127758,0.9514474868774414,0.5838808894157407,0.7027094313076561,0.11610223501920695,0.014616744592785835,0.611388802528381,0.7040197968482967,0.07421698570251462,0.8758875131607056,0.5851918390819002,0.7101037008421758,0.12298839858600066,0.017668509855866432,0.6106404917580738,0.7111970475741791,0.07353014392512182,0.8029406666755676,0.5888101220130917,0.7087701048169814,0.11798211144549502,0.01644967868924141,0.6100287250110078,0.7090694410460332,0.07659764034407476,0.7766642570495605,0.5906491773469105,0.7028747848102022,0.11452944683177126,0.015167689882218838,0.6095540932246615,0.706200403826577,0.07609274344784869,0.6653894186019897,0.5773201857294352,0.6971133419445579,0.028880822392446638,0.9999961256980896,0.5881516490663798,0.7020892177309306,-0.028936259235654543,0.9999991655349731,0.5850016406604219,0.7618794935090197,0.06733316630125041,0.9285613894462585,0.5811939239501951,0.7673737525939939,-0.046160792027200956,0.9706803560256958,0.5940372092383246,0.8175512603351044,0.07272095041615619,0.9530401229858398,0.55988506930215,0.8334463187626426,-0.0767044895461627,0.9670807719230652,0.5913993511881144,0.8284325122833247,0.07227727834667474,0.9628923535346985,0.5534924813679284,0.8392797248704089,-0.07986007673399785,0.9615287780761719,0.6062953523227144,0.82764652626855,0.06120285168290135,0.8928223848342896,0.5680477125304084,0.8576316441808425,-0.10438839857067375,0.9434390068054199
29,0.5990817018917626,0.5936515280178611,0.1380851106984274,0.9991322159767151,0.5977473531450541,0.5888788172176903,0.13536716657025466,0.9983225464820862,0.5966546739850722,0.588555586338043,0.1353308920349393,0.9979450106620789,0.595642919199807,0.5883645841053552,0.13535751317228584,0.9978958368301392,0.6003220421927313,0.5895208256585254,0.130093485542706,0.9993728995323181,0.6012731415884833,0.5896897520337784,0.12999826116221286,0.9995769262313843,0.6022036552429196,0.5898299166134422,0.12997964109693247,0.9997164011001587,0.5940146344048634,0.5916951469012666,0.11205888880150652,0.998362123966217,0.603994514260973,0.5928992629051206,0.08804805044616967,0.999619722366333,0.5973939129284447,0.5985746502876279,0.13125067523547573,0.9973292946815491,0.6001121027129035,0.5988675134522572,0.1237133703061512,0.9986579418182373,0.5839253766196112,0.6219453488077433,0.1058369447078023,0.999931275844574,0.6080583981105256,0.6280447142464771,0.03151651493140628,0.9999980330467224,0.5814138497625077,0.6653629166739324,0.1100178331136703,0.06294012069702148,0.6098393184798102,0.6767713921410694,0.03374443128705023,0.9546364545822144,0.5838007450103757,0.7037918124880107,0.11529155309711178,0.0143470149487257,0.6108986105237686,0.7048416887010844,0.07388186050312856,0.884698212146759,0.585114582947322,0.7112701450075418,0.12208490031106126,0.017869189381599426,0.6101787924766537,0.7121271797588891,0.07319403354610712,0.815707802772522,0.5886910574776782,0.7099726659911016,0.11704588702746795,0.016639163717627525,0.609606497628348,0.709983784811837,0.07643476873636243,0.7906762361526489,0.5902402162551876,0.7036288738250729,0.11366985078368863,0.015395700000226498,0.6091329029628206,0.707110672337668,0.07582715664591105,0.682624101638794,0.5767121093613758,0.697963166236877,0.029200307279825196,0.9999962449073792,0.5874231798308234,0.7029237253325322,-0.029254797367112964,0.9999992251396179,0.5847733259201047,0.7626282623835969,0.0658303013869694,0.9302880167961121,0.5803608724049156,0.7680006282670153,-0.04597201336707385,0.9735942482948303,0.59401467187064,0.8175465396472383,0.06803378824676784,0.9560347199440002,0.5592327935355048,0.8339887789317536,-0.07782768798725942,0.9703015089035034,0.5914171831948414,0.8284520149230953,0.06726238025086265,0.9657658338546753,0.5527609808104377,0.8407486081123349,-0.08118439955370763,0.9649895429611206,0.6067903212138581,0.8277694736208231,0.05568705701402253,0.8980827331542969,0.5680990730013163,0.857806471415928,-0.10600347753081998,0.948361337184906
30,0.5985421487263268,0.5944601774215695,0.14044253570692872,0.999131977558136,0.5971816420555112,0.5895912715366906,0.13811049887112203,0.998314380645752,0.5960611241204395,0.5892411129815235,0.13807536278452187,0.9979377388954163,0.5950714145387919,0.5890563283647807,0.1381033416305269,0.9978750944137573,0.5998299564634048,0.5903193695204596,0.13276401885918204,0.9993703365325928,0.6007868119648522,0.5905078973088943,0.1326680707080023,0.9995769262313843,0.6017226508685518,0.590672011034829,0.13265106422560552,0.9997159242630005,0.5934882334300448,0.5924681918961658,0.11557845196553634,0.9983278512954712,0.6034312026841298,0.5937045846666605,0.0913542536752564,0.9996155500411987,0.5967109356607707,0.5993267570223124,0.13384715957300997,0.9973039627075195,0.5995555894715443,0.5997228009360175,0.12621677688189908,0.9986509084701538,0.583175672803606,0.6228422181946888,0.1090496699724878,0.999932587146759,0.607491770812443,0.6286677922521315,0.03411178663372992,0.999998152256012,0.5807959709848673,0.6664118426186696,0.11202108263969417,0.059225406497716904,0.6092848420143124,0.6771902407918654,0.03571093540106499,0.9578949213027954,0.5833563583237782,0.7050923449652533,0.11757055286850242,0.014176938682794571,0.6103724956512449,0.7053299239703584,0.07483549777950556,0.893805980682373,0.5847286752292085,0.7125551717621936,0.12422808536461416,0.018195990473031998,0.6096694196973526,0.7126414639609198,0.07380569257906502,0.8292682766914368,0.5883626563208441,0.711282692636762,0.11920197627374099,0.016942987218499184,0.6091015441077093,0.71048789024353,0.07731756227357042,0.8057135939598083,0.5902003169059751,0.7031823379652837,0.11591673195362086,0.015704132616519928,0.6086281197411672,0.7075829829488478,0.07684077641793656,0.7023329734802246,0.5760782344000677,0.6988914898463655,0.029405829736164624,0.9999963641166687,0.5866434080260138,0.7038334471838812,-0.029461473279765657,0.9999992847442627,0.5846297400338306,0.7633205771446225,0.0656176537275314,0.9310577511787415,0.5795625005449565,0.7687278543199808,-0.044504628011158516,0.9762159585952759,0.5939979263714379,0.8175258091517853,0.06885642345462523,0.9584623575210571,0.558682140282222,0.8344154034342081,-0.07443474318299971,0.9731954336166382,0.5914334126881188,0.8284456798008506,0.06818391276257375,0.9682422280311584,0.552186218329838,0.8418050340243745,-0.07755976596048897,0.9681060910224915,0.607360345976693,0.8280072212219234,0.05653211974671906,0.9023604989051819,0.5681374958583285,0.8579120772225513,-0.10232763822589597,0.9527767896652222
31,0.5978742582457404,0.5952235766819542,0.14099266145910527,0.9991455078125,0.5964755126408166,0.5903244018554685,0.13904490683759957,0.9983259439468384,0.5953513486044745,0.5899934990065436,0.13901140051228653,0.9979590177536011,0.5943533829280305,0.5898260150636943,0.13904119091374528,0.9978744387626648,0.5992212670189991,0.5911037666457037,0.13345611904348637,0.999377965927124,0.6001616443906509,0.5912988288061957,0.1333591312170028,0.9995850324630737,0.6011034011840818,0.5914882489613121,0.13334313460758748,0.9997206926345825,0.5928835783685954,0.5933463113648548,0.11768911395754127,0.9983170628547668,0.6027359826224188,0.594481437546866,0.09224516919681,0.999621570110321,0.5959095988954815,0.6000446506908959,0.13473698879991253,0.9973276853561401,0.5988461170877727,0.6005006653921942,0.12676773411887027,0.9986773729324341,0.5824986713273181,0.6235718573842727,0.11161257965224125,0.9999340176582336,0.6069142358643665,0.6295069524220055,0.034560283486332194,0.9999982714653015,0.5802042978150501,0.6671112094606669,0.11390033832618163,0.056492697447538376,0.608562432016645,0.6773053816386627,0.0357898420521191,0.9613561034202576,0.5825764809335978,0.7059166857174461,0.11996448380606509,0.014392301440238953,0.6098391839436119,0.7056677596909656,0.0740981206297874,0.903290867805481,0.5839718052319115,0.7133029597146167,0.12699710982186446,0.01911303959786892,0.6090972883360724,0.7131282210350033,0.07274224928447175,0.8439517021179199,0.587706078801836,0.7120512723922726,0.12150325349399016,0.01782606542110443,0.6085293769836423,0.7109381846019197,0.07641711682081219,0.8222588300704956,0.5898178696632383,0.7037242412567135,0.11816933559519899,0.016580788418650627,0.6080833860806054,0.7079556260790141,0.07614460332053044,0.7258731126785278,0.575430609498705,0.6996929492269239,0.029717452717678873,0.9999964237213135,0.5858364122254505,0.7046514664377481,-0.029774536884256755,0.9999992847442627,0.5845179557800291,0.763510852200644,0.06790166305644169,0.9313271045684814,0.5786338959421429,0.7691911714417591,-0.04489087441137857,0.9785747528076172,0.5939335073743545,0.8175018565995348,0.0734412067702838,0.9606993198394775,0.5581423827580041,0.8350211296762735,-0.0751976085560662,0.9758071899414062,0.5914096747125895,0.8284297330038884,0.07299627321107044,0.9704675674438477,0.551642344679151,0.8431816526821678,-0.07842515770878107,0.9709347486495972,0.6076955045972549,0.8282934376171653,0.062174416546310673,0.906498908996582,0.5682027561323981,0.8578157986913404,-0.10333480728524067,0.9568130373954773
32,0.597065118380955,0.5959252561841689,0.14262434499604354,0.999157726764679,0.595673414639064,0.5910434126853941,0.14066400442804602,0.998339831829071,0.5945859534399847,0.5907435979161941,0.1406320350510733,0.9979718923568726,0.5935338156563892,0.5905711156981329,0.14066288513796663,0.9978742599487305,0.5984991839953828,0.5919026681355065,0.13511787397520875,0.9993882775306702,0.5993978415216715,0.5921050855091637,0.1350215579782213,0.9995931386947632,0.600336022036416,0.5923218233244757,0.13500837470803936,0.9997267723083496,0.5921630127089361,0.5941670588084627,0.11910737838063916,0.998296320438385,0.6019320164408,0.5952816878046305,0.09369667662041524,0.999629020690918,0.5949820092746188,0.6006238409451072,0.13624586292675556,0.9973545074462891,0.5979579022952486,0.6011779665946957,0.1283107834202902,0.9987083673477173,0.5817358408655436,0.6240666525704517,0.11281087334666928,0.9999348521232605,0.6062303713389803,0.6304306609289984,0.03521911054849623,0.9999983906745911,0.5796544705118449,0.6675030946731564,0.11497332453727717,0.05333026126027107,0.6077452370098656,0.677317815167563,0.03584784130964959,0.9644215106964111,0.5823547686849319,0.7060940112386427,0.11808010850633888,0.014380760490894318,0.6092048679079325,0.7058835302080424,0.07443068048783708,0.9119757413864136,0.5837661198207308,0.7133214167186188,0.12498955258301321,0.01962205208837986,0.6084319676671707,0.7135821649006431,0.07308150465999327,0.8573948740959167,0.5875302348818094,0.7120328273091994,0.11937363637345173,0.018313540145754814,0.607887119906289,0.7114081978797908,0.0768082105687686,0.837409496307373,0.5897203343255176,0.7037722008568896,0.11618983277252737,0.017075467854738235,0.6074616295950751,0.7083103707858491,0.07650297901460099,0.7473347783088684,0.5748005679675509,0.7008073312895635,0.030004461535385663,0.9999964237213135,0.5851069944245473,0.7058565037591114,-0.030061067161815492,0.9999992847442627,0.584350388390677,0.7635627201625276,0.0697822211044175,0.9294866323471069,0.5776063902037482,0.7699315871511183,-0.04362298463072093,0.9807000160217285,0.5938396130289347,0.8174778614725382,0.07563343750579013,0.9619160294532776,0.5576249480247495,0.8358449969972879,-0.07663983936820708,0.9781531095504761,0.5913606286048886,0.8284287043980186,0.0750378283006804,0.9721702933311462,0.5510775378772188,0.844714077881404,-0.07981117431606562,0.9734379053115845,0.6077926874160764,0.828500642095293,0.06404696809394016,0.9082156419754028,0.5682473029409134,0.8576563222067692,-0.10486018998282291,0.960403323173523
33,0.5962058101381571,0.5969617979867116,0.14428736610071993,0.9991874098777771,0.5948253784860881,0.5920936073575698,0.14231901637145444,0.9983887672424316,0.5937682100704735,0.5918088350977213,0.14228874700410019,0.998030960559845,0.5926547953060692,0.5916234782763887,0.14232106464249739,0.9979258179664612,0.5977178556578497,0.5930229289191107,0.1368128142186573,0.9994090795516968,0.5985833065850391,0.5932209559849327,0.1367177226713725,0.9996079802513123,0.5995165501322062,0.5934613210814337,0.1367079487868717,0.9997367858886719,0.5913553595542905,0.5952796237809315,0.12052190154790873,0.9983231425285339,0.6011108619826178,0.5963198116847445,0.09520259605986726,0.9996412396430969,0.5940215587615963,0.6015341963086807,0.137761902809143,0.9974205493927002,0.5970365268843512,0.602173360756465,0.12986811910356788,0.9987494349479675,0.5809639470917836,0.6248355422701151,0.11390109764678133,0.9999359250068665,0.6054339153426032,0.6315217597143987,0.03582988147224697,0.9999984502792358,0.5790807196072167,0.6679685916219436,0.11467088780232833,0.05084600672125816,0.6068707227706907,0.6778986232621326,0.03623508991939679,0.9671382904052734,0.5818691253662107,0.7065953527178079,0.1148088463715144,0.014796841889619827,0.6084214755467003,0.7062735336167469,0.0754958731787545,0.919694185256958,0.5832386170114787,0.7136736937931603,0.1213444965226309,0.02090826816856861,0.6076041528156823,0.714193739209856,0.07424364175115308,0.8693972229957581,0.5870551228523252,0.7123279605592997,0.11592250210898257,0.01954454369843006,0.6070851956095011,0.7120123812130517,0.07798304323639184,0.8509498834609985,0.5892341494560238,0.704032606737954,0.11292538046836847,0.018236258998513222,0.6066712004797796,0.7088326709611072,0.07758470198937821,0.7667507529258728,0.5741360289709906,0.7017325248037063,0.030235612073114926,0.9999963641166687,0.5844134058271133,0.7068930251257757,-0.030292797886899526,0.9999992847442627,0.5841372200420921,0.7636305740901399,0.07216153421572273,0.9281986355781555,0.5768025926181246,0.77076324394771,-0.0410451714481626,0.9826049208641052,0.5937266332762579,0.817471633638654,0.07816630154848095,0.9636802673339844,0.5571424944060186,0.8366758840424671,-0.0758239394852093,0.9802647233009338,0.5913228886468067,0.8284263934407912,0.07747633861643924,0.974008321762085,0.5505882143974301,0.8460246154240195,-0.07901996523141858,0.9757294654846191,0.6076150553567066,0.828546593870435,0.06587786568062642,0.912261426448822,0.5682719503130229,0.8576086282730099,-0.10435218491724554,0.9637006521224976
34,0.5952757818358282,0.5979165417807439,0.14580347836017604,0.9991854429244995,0.5939581360135757,0.5930064354624065,0.14358914664813444,0.9983630180358887,0.5929193377494809,0.592725690773555,0.1435589134693145,0.9980044364929199,0.5917682085718424,0.5925324099404469,0.14359123919691352,0.9978755116462708,0.5968682510512213,0.5940060087612694,0.13829046700681952,0.9994052052497864,0.597711372375488,0.594212710857391,0.13819701373577112,0.9996082782745361,0.5986353090831209,0.5944844314030235,0.13818911186286376,0.9997371435165405,0.5905195014817372,0.5961899638175961,0.12102767420666552,0.9982612133026123,0.6002714361463272,0.5973343764032633,0.09639835719551354,0.9996416568756104,0.5930093220302034,0.602447996820722,0.13889001182147429,0.9974027872085571,0.5960613523210796,0.6031862684658593,0.1312855686460222,0.9987576007843018,0.5802413429532729,0.6259408899715966,0.11385184185845505,0.9999364614486694,0.6046620709555487,0.6325466581753318,0.036266438130821484,0.9999985694885254,0.5783318451472689,0.6688630444662909,0.11315682615552625,0.04828287661075592,0.6060727494103565,0.6787969214575628,0.036400153168610144,0.9696820378303528,0.5812065158571513,0.7081435612269806,0.11215703231947757,0.0150520671159029,0.6076118384088787,0.7069513372012544,0.07536734555448801,0.926857590675354,0.582523817675454,0.7151724304471694,0.11830706383500775,0.021898724138736725,0.606785064084189,0.7150685599872041,0.07404477894306179,0.8805865049362183,0.5864227158682684,0.7136976667812889,0.11329879377569466,0.020479293540120125,0.6062441195760451,0.7128205367497032,0.07773016627345763,0.863592267036438,0.5883163247789652,0.7050012111663815,0.1104003752980913,0.019138487055897713,0.6058164886065889,0.7095417908259797,0.07741411519902089,0.7850629687309265,0.5735004884856085,0.7027891227177208,0.030205617206437232,0.9999963045120239,0.5837687713759283,0.7080359952790393,-0.030265150325638892,0.9999992847442627,0.5839863521712164,0.7637341431209016,0.07394306297813139,0.9230095744132996,0.5761331932885303,0.7716661061559401,-0.037092500605753476,0.9843162894248962,0.593592526231493,0.8175138797078809,0.08046275696584153,0.9646839499473572,0.55673097712653,0.8373979227883471,-0.07038216271570748,0.9821577072143555,0.5912769998822891,0.8284862245832167,0.07983009176594866,0.9754339456558228,0.5503869175910947,0.8470377002443582,-0.07353467451674595,0.977755069732666,0.6074918746948239,0.8285028696060176,0.06805526869637624,0.9144248366355896,0.568279125009264,0.8574008532932822,-0.09886461049318308,0.9665942192077637
35,0.5944126912525719,0.5989234634808129,0.1461569134678159,0.9991966485977173,0.5931786605290001,0.5939626778875076,0.14373340138367238,0.9983603954315186,0.5921658209392,0.5936736192022047,0.1437033819300787,0.9979968070983887,0.5910216620990205,0.593460941314697,0.14373633265495295,0.9978508949279785,0.5960339631353102,0.5950150047029765,0.13866159617900842,0.9994108080863953,0.5968601192746841,0.5952236669404163,0.13856901271002625,0.999613881111145,0.5977676885468617,0.5955022914069037,0.13856155957494456,0.9997417330741882,0.5898161666733875,0.5970845852579387,0.12052624140466957,0.9982123970985413,0.5994262746402192,0.5984182187489098,0.09682857181344709,0.9996461868286133,0.5921799148832045,0.6034360630171637,0.13898474999836508,0.9974071979522705,0.5951825295175822,0.6042567150933399,0.1316754255975995,0.9987778663635254,0.5795413562229699,0.6269154804093494,0.11289779181991298,0.9999369978904724,0.603995209080832,0.6336168493543349,0.03680887711899619,0.9999986886978149,0.5774828791618345,0.6699901819229124,0.11145592119012555,0.04595286026597023,0.6052766186850409,0.6799226522445676,0.03754793139440671,0.9719853401184082,0.5804225172315323,0.7098688364028927,0.11113968363830015,0.015106339938938618,0.6068458012172151,0.7080471158027646,0.0764244579843112,0.9334725737571716,0.581726207051958,0.7169049961226324,0.11732486060687468,0.022478623315691948,0.6060155408723011,0.7162063462393621,0.07497517636844087,0.8910200595855713,0.5857104403632025,0.7153804847172325,0.11230591429131366,0.021024728193879128,0.6054343921797614,0.7138315933091296,0.07859625305448256,0.8754093050956726,0.5875115564891268,0.7059662427221023,0.1094129628368786,0.019678613170981407,0.6050215687070571,0.7105077947889051,0.07843150304896487,0.8024450540542603,0.5727687188557213,0.703754331384386,0.030000377233539294,0.9999961853027344,0.5831047432763233,0.7090315171650474,-0.030063100265605096,0.9999992847442627,0.5837948186056952,0.7637680002621238,0.07519391796418595,0.9170587062835693,0.575498066629682,0.7721802285739351,-0.035972662482942834,0.9858459234237671,0.593376062597547,0.8175645981516153,0.08305944715227395,0.9649587869644165,0.5562900492123193,0.838090166023799,-0.06788613455636158,0.9838346242904663,0.5912399564470561,0.8285352894238059,0.08271058542387823,0.9765256643295288,0.55026284796851,0.848036910806383,-0.07138171494007106,0.9794769883155823,0.6071726322174069,0.8283801095826282,0.07151645485843927,0.9151092767715454,0.5683086872100828,0.8570616500718249,-0.0970984292881829,0.9689649939537048
36,0.5934857981545582,0.5997792533465791,0.14342260318143019,0.9992287755012512,0.5923511164528981,0.5948221291814528,0.14057420066424772,0.9984102249145508,0.5913610492433818,0.5945097139903475,0.14054441068853643,0.9980641603469849,0.590243990080697,0.5942604201180592,0.14057527610233844,0.9979038238525391,0.5951293604714527,0.5959105917385643,0.1358280684266771,0.9994317293167114,0.5959510360445293,0.5961224590029033,0.1357376392398561,0.9996297955513,0.5968455757413589,0.5963856850351603,0.135730378968375,0.9997518062591553,0.5891117147036958,0.5978235755647929,0.11633749093328198,0.9982527494430542,0.598497607026781,0.5994092379297526,0.09416420991931637,0.9996606707572937,0.5913361123629977,0.6042483942849293,0.13594022606100348,0.997495174407959,0.594279861450195,0.6051452023642401,0.1290747097560337,0.9988293647766113,0.5788342101233344,0.6275617241859432,0.10809523399387082,0.9999387860298157,0.6033388563564843,0.6344933799334932,0.03534052467771938,0.9999987483024597,0.576818524088178,0.6711816702570231,0.10546850285359786,0.045696746557950974,0.6045256257057188,0.6808708701814921,0.03578560900475296,0.9741611480712891,0.5804759059633524,0.712067295823778,0.10410213853631696,0.016160501167178154,0.6061690620013642,0.7090378846440993,0.07193241949592315,0.9395278096199036,0.5817397168704439,0.7193122710500441,0.10989019125699992,0.024531781673431396,0.6053764717919483,0.7170498217855178,0.07005042178290227,0.9006428122520447,0.5856891376631598,0.7178756799016677,0.10478606522083278,0.022962115705013275,0.6047942195619853,0.7146935531071251,0.0734124734997749,0.8863381147384644,0.5874031135014123,0.7103767718587599,0.10232146510056082,0.02153141424059868,0.604403357846396,0.7114077602113993,0.07374899174485884,0.818780779838562,0.572068859849657,0.7049738100596834,0.029530780070594363,0.9999961256980896,0.5824623431478225,0.7103210312979559,-0.02959202740873608,0.9999992847442627,0.5835572583334784,0.763955153737749,0.07512910472495211,0.9148780107498169,0.5749660474913458,0.7726369006293157,-0.03548192903399466,0.9872340559959412,0.5930962988308495,0.8175889185496734,0.08387088073151448,0.9661283493041992,0.5558513368879043,0.8387702499117167,-0.06738730647734231,0.9853783249855042,0.591082658086504,0.8285237891333439,0.0836082918303353,0.9778311848640442,0.5501097662108283,0.8488838604518341,-0.07095788930143626,0.9811733365058899,0.6067105599812095,0.8281242183276581,0.07310501379626133,0.9177756905555725,0.5683553474290028,0.856729069777897,-0.09633243360689703,0.9714103937149048
37,0.5926233921732218,0.6003974590982707,0.13981178445475434,0.9992365837097168,0.591546148913247,0.5955133727618623,0.13661288193293974,0.9983839988708496,0.5905470609664915,0.5951643313680374,0.13658306385789593,0.9980510473251343,0.5894624863352091,0.5948749763625005,0.13661148377827229,0.9978575706481934,0.5942819356918332,0.5965876766613549,0.13192002645560666,0.9994258284568787,0.5951210703168593,0.5967936686107087,0.13183075913361134,0.999630868434906,0.5960151672363279,0.5970252428736003,0.1318227269819804,0.9997507929801941,0.5884104711668829,0.5983316132000511,0.11165613021169385,0.9982213377952576,0.597626025336129,0.6001761181013922,0.08981206864118572,0.9996601939201355,0.5905382105282373,0.6048310024397712,0.132161710517747,0.9975079894065857,0.5934747133936198,0.6057351623262675,0.12538860908576416,0.9988446235656738,0.5782275353159221,0.6280925955091201,0.10357104518583837,0.9999410510063171,0.602603254999433,0.6352538176945275,0.032115630592618655,0.9999988079071045,0.5765553099768499,0.6724166137831549,0.10167158693075175,0.04976341873407364,0.6037678582327703,0.681951638630458,0.03279364758304186,0.976283609867096,0.5809973665646142,0.7135926723480222,0.10044179792915067,0.0194950383156538,0.6055742944989883,0.7097723671368187,0.06770264527627397,0.9451917409896851,0.5825007574898854,0.7209442990166797,0.10619767946856358,0.029568538069725037,0.604856169223785,0.7174795014517644,0.0656143846256392,0.9097599387168884,0.5865143435341968,0.7196763873100278,0.10079685917922424,0.027643557637929916,0.6043363179479324,0.715302262987409,0.06874416853700362,0.8967090249061584,0.5879168118749344,0.7137857692582263,0.09853619251932412,0.025985784828662872,0.6039595144135609,0.7121968218258445,0.06938479074410027,0.8346544504165649,0.5714453935623166,0.7060594115938456,0.02925812703158173,0.9999961853027344,0.5818107315472192,0.7114790865353172,-0.029315287247300134,0.9999992847442627,0.5833519526890343,0.7641476154327389,0.0774135134049824,0.9134449362754822,0.5744602969714571,0.7731569869177679,-0.03552600326282636,0.9884871244430542,0.5928146226065497,0.8175610746656142,0.08913806527853008,0.9675676822662354,0.5555024232183181,0.8393497296742026,-0.0668872128639902,0.9867848753929138,0.5907850095203941,0.8284534028598237,0.0892010431204523,0.9791008234024048,0.5499588217054092,0.8494118145533966,-0.07044443424258909,0.9827567338943481,0.6062078952789305,0.827766382694244,0.07996603101491925,0.9210730791091919,0.5684068492480685,0.8565118432044979,-0.09525217307465413,0.9737632274627686
38,0.5919452309608457,0.6008256282125197,0.1374643389667783,0.9992590546607971,0.5908633487565174,0.5960686785834173,0.13417761325836175,0.9984074234962463,0.5898623636790681,0.5957067131996152,0.13414749801158898,0.998091459274292,0.5887961489813666,0.5953868525368824,0.13417434351784835,0.9978799223899841,0.5936038902827669,0.5970634136881143,0.12929768179144172,0.9994384050369263,0.594462408338274,0.5972428917884824,0.1292095665420804,0.9996420741081238,0.5953663536480492,0.5974402972630088,0.12920056155749723,0.9997573494911194,0.5877756152834208,0.5986408557210647,0.10923195119415005,0.998252272605896,0.5969302449907573,0.6007020728928699,0.08652956868921004,0.999671220779419,0.589888845171247,0.6052142109189711,0.1298398426600864,0.9975878000259399,0.5928693192345753,0.6060827340398514,0.12283110725028168,0.9988903999328613,0.5776945131165638,0.6286715473447524,0.10169800456081113,0.999943196773529,0.6018872192927767,0.6360624262264793,0.02922075257769651,0.9999988675117493,0.5759311182158331,0.6732364160673956,0.10032890588045115,0.052227169275283813,0.6030532990183146,0.6829206722123279,0.03036781139671801,0.9782092571258545,0.5804558243070327,0.7139199239867071,0.09783525573355806,0.022227607667446136,0.6049474818365912,0.7103060858590259,0.06496445217302864,0.950288712978363,0.5820318000657214,0.7213907395090372,0.10342225134372707,0.03390098363161087,0.6043239746774943,0.7178070579256327,0.06291431380169729,0.9179587960243225,0.5861079096794125,0.7202263116836545,0.09785308625016888,0.03171566128730774,0.6038747429847715,0.7158283591270443,0.06607577843325475,0.9060354232788086,0.587015536853245,0.71551787172045,0.09582816490105216,0.030032942071557045,0.603464465481894,0.7128670454025265,0.06665990075894762,0.848905622959137,0.5709602730614796,0.7067069922174722,0.029381235316395745,0.9999961853027344,0.5812664985656735,0.7121386000088279,-0.029434190903391142,0.9999992847442627,0.583168384007045,0.7643623965127124,0.08040749941553385,0.9111712574958801,0.5740645595959252,0.7736099634851724,-0.03680513086063519,0.9896191954612732,0.5925404974392479,0.8175263915743143,0.09452131497008455,0.968447208404541,0.5551755734852379,0.83994779075895,-0.0682773696524756,0.988052487373352,0.5903825044631955,0.8284255436488557,0.09481098055839535,0.9801080822944641,0.5497890472412107,0.8499449219022475,-0.07184540799685885,0.9841864109039307,0.606006026268005,0.8273838281631466,0.08609216809272763,0.9230002164840698,0.5683819924082072,0.8563147476741242,-0.09655834713152472,0.9758801460266113
39,0.5913986870220727,0.601362449782235,0.13809254765510554,0.9992347359657288,0.5902905038424897,0.5966501270021708,0.13491311413901186,0.9983256459236145,0.5893106886318749,0.5962854453495567,0.1348824432918003,0.9980121850967407,0.5882486156054902,0.5959402646337233,0.13491003768784654,0.9977719187736511,0.5930117862565174,0.5975757411548067,0.12983263773577547,0.9994114637374878,0.5938670413834706,0.5977176904678342,0.12974513002804341,0.9996283650398254,0.5947648457118441,0.5978877987180434,0.12973579508917668,0.9997472167015076,0.5871809635843547,0.5989586540630882,0.11022601425647731,0.9981740117073059,0.596277582645416,0.601206907204219,0.08663910840238839,0.9996616840362549,0.5893722517149786,0.605685244287763,0.13055008096354342,0.9975614547729492,0.5923453041485375,0.6065161245209827,0.1232740517173494,0.9988873600959778,0.5769732986177714,0.6292874881199425,0.10299871819359911,0.9999446868896484,0.60115966456277,0.6369992818151199,0.029212508031300124,0.999998927116394,0.574770767348153,0.6738115855625694,0.10095860319478167,0.053075604140758514,0.6022109474454604,0.683784312861306,0.033097467890807544,0.9796178340911865,0.5784553153174261,0.7127992255347112,0.1001752206257411,0.0238632895052433,0.6042339069502691,0.7109768084117342,0.07255434330020628,0.9546471238136292,0.5798095004899158,0.7202750580651416,0.1060281280960355,0.03643665835261345,0.6036512187549044,0.7182851978710716,0.07122030620064052,0.924839437007904,0.5838593500001087,0.719111038957323,0.10050132700375143,0.034030817449092865,0.6032363721302575,0.7163368480546131,0.0745041368263108,0.9138219356536865,0.5845430476324895,0.7142902561596458,0.09825396069458549,0.03218179941177368,0.6028096982410973,0.7135124444961545,0.07445333898067472,0.8603370189666748,0.570389241831643,0.7071356398718694,0.02963369041681288,0.9999961853027344,0.5807328888348169,0.7125718474388119,-0.029683559068611677,0.9999992847442627,0.5829201391765046,0.7645788141659324,0.08146594677652627,0.9052720069885254,0.5736268111637658,0.7741714051791597,-0.03835521084921699,0.9906317591667175,0.592337151936122,0.81751594543457,0.09607834156070433,0.9684549570083618,0.5548191002437044,0.8407141702515735,-0.06895471683570314,0.9891663193702698,0.5901168925421576,0.8284311379705153,0.09643500447273248,0.9806730151176453,0.5495340006692067,0.8506730028561179,-0.07234958229320387,0.9853335618972778,0.6059237633432657,0.8269691807883122,0.08753833962338307,0.9223636984825134,0.5682564496994016,0.8561931644167216,-0.09689176231622691,0.9775441288948059
40,0.5907803262983047,0.6019246595246448,0.13851932116917196,0.9992302656173706,0.5896573645727972,0.5971551963261192,0.13549953528812947,0.9983005523681641,0.5887040717261175,0.5967814871243066,0.13546886571816028,0.9979999661445618,0.5876382112503049,0.5964207189423695,0.13549715408257068,0.9977371096611023,0.5923510398183547,0.5980674488203863,0.13047669444765359,0.9994053840637207,0.5931970885821748,0.5981857299804685,0.1303885996341705,0.9996276497840881,0.5940853612763538,0.5983467544828139,0.13037858945982791,0.999745786190033,0.5865197999136785,0.5992768492017471,0.11098139413765494,0.9981667399406433,0.5955722791807989,0.6017009309359956,0.08731906754629949,0.9996643662452698,0.5887881602559768,0.6061851484434942,0.13112916052341456,0.9975932240486145,0.5917274917875015,0.6070046918732777,0.12391360976866307,0.9989105463027954,0.5761813163757321,0.6299813968794683,0.1036310344934463,0.999946117401123,0.6003176961626323,0.6377325040953497,0.030064980845366192,0.9999989867210388,0.5734792504991801,0.6743311473301477,0.10299724702324181,0.05296963453292847,0.6013252275330676,0.684228067738669,0.03675456563276902,0.9810618758201599,0.5759575094495498,0.7123433181217735,0.10685022239174156,0.02447647415101528,0.6036347474370681,0.7116468872342787,0.08093419649771277,0.9586427211761475,0.5768657803535459,0.7199250340461727,0.11330808252096171,0.03755155950784683,0.6029916337558199,0.7188233869416369,0.08015680419547214,0.9311910271644592,0.5807864478656222,0.7187285355159211,0.10787563387836724,0.03500284627079964,0.6025904434067859,0.7169352565492899,0.08356173932552334,0.9210208654403687,0.5815835084233962,0.7149911897523059,0.10510906428098674,0.033129870891571045,0.6022180557250973,0.7142293385096956,0.08302379250526423,0.8710659742355347,0.5697717768805365,0.7075718096324373,0.029746359639934116,0.9999961853027344,0.5801982573100496,0.71294538123267,-0.029794418492487484,0.9999992847442627,0.5826419694083075,0.7649435843740187,0.08223875122410906,0.9010597467422485,0.573344780717577,0.774742335932595,-0.03698584937623567,0.9915421605110168,0.5922346898487634,0.8176492146083283,0.09804803026573994,0.9683564901351929,0.5544746432985576,0.8414245043482095,-0.06444799687181196,0.9901651740074158,0.5900103892598831,0.828494002137865,0.09856940891061505,0.9811554551124573,0.5492591806820458,0.8513684272766109,-0.06742084877831592,0.9863757491111755,0.6058805704116819,0.8267045344625197,0.08984277972153251,0.9215679168701172,0.5680558766637527,0.8561291762760703,-0.09125806391239162,0.9790006875991821
41,0.5901507786342073,0.6024945054735453,0.13891602201121186,0.9992374181747437,0.5890321561268395,0.5977020995957508,0.13609534246580934,0.9983066916465759,0.5880837338311329,0.5973247017179214,0.1360645949840545,0.9980180263519287,0.5870399015290394,0.5969703469957621,0.1360935517719813,0.9977473616600037,0.5916894469942362,0.5985764588628494,0.1310382234198706,0.9994094371795654,0.5925250036375861,0.5986822332654678,0.13094958024365555,0.9996318221092224,0.5933988417897903,0.5988335762705119,0.13093986042908254,0.9997483491897583,0.5858546614646909,0.5997216973985942,0.1119766526988574,0.9981942772865295,0.5948279329708641,0.6021907278469628,0.08794576781136644,0.999671459197998,0.5881995184080938,0.6067666207041056,0.13173792149339397,0.997665524482727,0.5910649503980361,0.6075548376355849,0.12446915677615568,0.9989490509033203,0.5754051957811626,0.6309209806578497,0.10475383273192809,0.9999480247497559,0.5993652922766546,0.6382271119526451,0.030709909328392564,0.9999990463256836,0.5726009692464553,0.6749500581196373,0.10690068112952364,0.05328338220715523,0.6003079431397571,0.6844504271234781,0.039397749624082004,0.982429027557373,0.5745934605598446,0.7123264721461702,0.11268601992300573,0.02523740753531456,0.6030449833188736,0.7123692103794639,0.08598930175815306,0.9622403383255005,0.575406490053449,0.7200389555522371,0.1193038716912269,0.03872121125459671,0.6022913268634249,0.7194548470633367,0.08542266786098476,0.9368720650672913,0.5792352046285354,0.7188201103891642,0.11382573395967478,0.035994693636894226,0.6019262194633481,0.7176920669419421,0.08887459550585061,0.9274465441703796,0.5800941092627386,0.7152636306626453,0.11095938576119281,0.034150756895542145,0.6016259534018378,0.7150918534823822,0.08815799419369014,0.880648672580719,0.5692286695752823,0.7082706723894389,0.029878349921533025,0.9999962449073792,0.5795907803944177,0.7134577870368954,-0.029925894950117368,0.9999992847442627,0.582424712181091,0.7653363721711292,0.08310901607785903,0.8957130908966064,0.5730379445212226,0.7756288664681568,-0.03496344914393764,0.9923558831214905,0.5921999675886969,0.8178406221526006,0.10119212801967342,0.9677450060844421,0.5541821173259187,0.8421654735292703,-0.0604545470859323,0.9910542368888855,0.589995695863451,0.828613824503762,0.10197087760482511,0.9813221096992493,0.5490077614784238,0.8522217580250329,-0.06318637803196904,0.9872570633888245,0.6058805823326108,0.8265186190605159,0.09358769442353926,0.9197949767112732,0.5678435870579308,0.8560943245887752,-0.08670495173760819,0.9802366495132446
42,0.5896679690905977,0.6029559493064878,0.13872095303876053,0.9992326498031616,0.5885446837970186,0.5982115881783618,0.13592235190527774,0.9982861280441284,0.5876008374350409,0.5978458387511114,0.1358904621430805,0.9980046153068542,0.5865890026092526,0.597510344641549,0.13591930525643478,0.9977300763130188,0.5911918384688238,0.5989955271993361,0.13075950358595162,0.9994015097618103,0.5920272776058739,0.5990860836846484,0.1306725702115467,0.9996278285980225,0.592898493153708,0.5992173688752308,0.13066352861268174,0.9997455477714539,0.5853225180080956,0.6001679403441289,0.11182262344019749,0.9981926679611206,0.5942406994955878,0.602598360606602,0.08724661980356485,0.9996708631515503,0.5878052592277525,0.6072258625711711,0.13156860002449575,0.9977144598960876,0.5905677761350356,0.6079604234014235,0.124163021998746,0.9989743828773499,0.5747527343886236,0.6316229411533898,0.10464116611651007,0.9999495148658752,0.5984296611377169,0.63854660647256,0.030258822973285388,0.9999991059303284,0.5721233895846772,0.6752872909818374,0.10863026699849532,0.05451416224241257,0.5993785602705817,0.6846830197743003,0.039391523812498344,0.9835701584815979,0.5746347427368161,0.7127246124403814,0.11226807300533562,0.027800798416137695,0.6023907235690522,0.7130445003509518,0.0848401273999895,0.9654816389083862,0.575566220283508,0.7206009728567937,0.11854640075138631,0.04246038571000099,0.6015549625669204,0.7200078623635425,0.0841198344315801,0.942003607749939,0.5793474180357794,0.7194363985742838,0.11293004644768573,0.039426565170288086,0.6012381860188072,0.7183308805738173,0.08756711248840601,0.9332639575004578,0.5801759924207412,0.7160666823387143,0.110412571472781,0.03730105236172676,0.6009615012577599,0.7158239075115745,0.08696095900876177,0.8893188238143921,0.5687562073980057,0.7088514072554448,0.029989709172930024,0.9999962449073792,0.5789916804858614,0.7138576013701299,-0.03003738549138817,0.9999992847442627,0.5822385362216401,0.765586365972246,0.08487879633903499,0.8912692666053772,0.5726552980286732,0.7766593626567292,-0.03151004889181681,0.9930924773216248,0.5920947824205668,0.8179654070309226,0.10594637308801919,0.9671400189399719,0.5539699758802139,0.8428224188940862,-0.05460287077086309,0.9918574094772339,0.5899628434862407,0.8287329588617594,0.10699520983866277,0.9813527464866638,0.5488476770264759,0.8529390982219147,-0.05715220357690536,0.9880133867263794,0.6058880124773295,0.8262539182390481,0.09855542778968807,0.9182961583137512,0.5677060297557284,0.85607350724084,-0.08085651142256597,0.9813886284828186
43,0.5891059756278989,0.6033716167722427,0.13894075495856142,0.9992570281028748,0.5879841497966218,0.5986402954374038,0.1359926032168524,0.9983362555503845,0.5870376041957308,0.5982815384864804,0.13595779580729342,0.9980728030204773,0.5860479099409918,0.5979729482105797,0.13598628725324352,0.9978029727935791,0.5906373671122958,0.599338148321424,0.130583563872746,0.9994190335273743,0.5914846147809707,0.5994145393371579,0.13049959497792374,0.9996394515037537,0.5923677206039426,0.5995247994150431,0.13049032432692387,0.999752938747406,0.5847265141350879,0.6005432503564014,0.11125671118497843,0.9982674717903137,0.5936868974140709,0.6029507602964126,0.08653512150049206,0.9996830821037292,0.587309156145368,0.6076370017869128,0.13154256216117308,0.9978305697441101,0.5900137066841122,0.6083825945854184,0.12382577380963729,0.999027669429779,0.5741619314466201,0.6322216681071687,0.104143028812749,0.9999518990516663,0.5975683501788545,0.6389733808381214,0.029765077680349337,0.9999991655349731,0.5717725208827424,0.6756955504417417,0.1089639122997011,0.05678027495741844,0.5985222220420834,0.6851673568998061,0.0390715684209551,0.9847424030303955,0.574499155793871,0.7132818801062444,0.11247221572058536,0.030200717970728874,0.601689725262778,0.7136791450636724,0.08458173083407534,0.9684311747550964,0.5754875728062219,0.7212683916091915,0.11882019170692983,0.04571785777807236,0.6008151650428769,0.7205125331878659,0.08382593159164697,0.9466629028320312,0.5792472720146176,0.720124050549098,0.113114868743079,0.04234785959124565,0.6005282367978775,0.7188334090369084,0.08734161172594339,0.9385322332382202,0.5800410934856957,0.7168559653418402,0.11058492000613888,0.04016581177711487,0.6002533997808182,0.7164003184863496,0.08672280503170826,0.8972964286804199,0.5682749543871196,0.7093431506838114,0.030067179618137208,0.9999963045120239,0.5784516419683181,0.7143013119697568,-0.03011492565274237,0.9999992847442627,0.5820434774671279,0.7656560659408567,0.08636700234242844,0.8888034820556641,0.5722270829336982,0.7777915341513493,-0.027869878975408408,0.9937495589256287,0.5919482707977292,0.8179716110229489,0.10961317590304778,0.9669862985610962,0.5538013390132357,0.8434212701661241,-0.04806395268865992,0.9925810098648071,0.5899313041142052,0.8287936006273539,0.11087676393134248,0.9814893007278442,0.5487437384469166,0.8534805485180442,-0.05035673018012725,0.9887293577194214,0.6057859318596972,0.8255473409380228,0.1023990005254745,0.9178329706192017,0.567659749303545,0.8560695971761426,-0.0740068640027727,0.9824355840682983
44,0.5884892531803674,0.603450468608311,0.13933820383889328,0.9992878437042236,0.5874065961156569,0.5986772043364386,0.13631209773676728,0.998403012752533,0.5864559088434489,0.5983151844569612,0.13627545450414924,0.9981561303138733,0.5854827233723229,0.5980221288544789,0.13630372200693397,0.9978950619697571,0.59005948134831,0.5993421145847863,0.13078460650784623,0.9994425773620605,0.5909171802656988,0.5994149650846206,0.13070154104913978,0.9996544122695923,0.5918024539947506,0.5995190143585203,0.13069162411349156,0.999763011932373,0.5841438991682868,0.600513684749603,0.11104705397571832,0.99835205078125,0.5931513343538554,0.6030021071434017,0.08642098563058032,0.9996979236602783,0.5867361698831828,0.6076879075595307,0.13177276892321443,0.9979532957077026,0.5893974695886881,0.6084821479661121,0.1239056793706757,0.999083936214447,0.5736306088311329,0.6324063607624595,0.10392078544412336,0.9999542832374573,0.5967920422554014,0.6392686196735924,0.029500315178717873,0.9999992251396179,0.5712788684027533,0.6760010702269414,0.1107895998018128,0.05807359516620636,0.5977830290794369,0.685529860428401,0.03838150479963846,0.9858648777008057,0.5740248799324033,0.7135104434830799,0.11724863627127233,0.032118018716573715,0.601060707228524,0.7142768791743683,0.0847023921353476,0.9711247682571411,0.5749870896339413,0.7215294837951657,0.12418569879872453,0.04842732846736908,0.6001009191785538,0.72108142375946,0.08391136271612981,0.9509212970733643,0.5787157961300439,0.7203713689531595,0.1185071306569235,0.044748201966285706,0.5998192821230205,0.7194544366427827,0.08758150104965479,0.9433397054672241,0.5795037286622181,0.7170619453702651,0.11545200773647848,0.04248925298452377,0.5995997565133229,0.7170420697757173,0.08694338713373453,0.9046010971069336,0.5677514995847427,0.7096731168883185,0.03011034147015638,0.9999964237213135,0.5780197467122756,0.7146603396960663,-0.030158899564828177,0.9999992847442627,0.5818415880203244,0.7655902402741566,0.08682285100221629,0.8871557116508484,0.5718841501644677,0.7785395656313211,-0.024454970977136056,0.9943453073501587,0.5918330788612363,0.8179853064673284,0.1096952623554638,0.9668778777122498,0.5536671417100086,0.84393572466714,-0.04240292023335183,0.9932394623756409,0.5899153300694054,0.8288813573973516,0.11092553883790965,0.9816323518753052,0.5486287014825001,0.8537870236805503,-0.044525951466390046,0.9894070029258728,0.6056568060602457,0.82470531633922,0.10245234732116967,0.9175522923469543,0.5676790016038075,0.8561159099851332,-0.06794224062136238,0.9834290146827698
45,0.5879070656640186,0.603639335291726,0.13962425248963486,0.9993123412132263,0.5868667108672003,0.5988404580524986,0.13660829067230218,0.9984541535377502,0.5859109861510138,0.5984828148569377,0.1365709458078656,0.9982206225395203,0.5849653346197943,0.5982032009533471,0.13659938403538288,0.9979680776596069,0.5894812941551206,0.5994489090783253,0.1310144458498273,0.9994599223136902,0.5903403145926336,0.5995134302547998,0.13093135271753575,0.9996654391288757,0.5912153874124797,0.599612428460802,0.13092115478856217,0.9997702240943909,0.5835747565541947,0.6006196618080136,0.11133558643715717,0.9984192848205566,0.5925936494554789,0.6031421048300604,0.0864485138228961,0.9997082352638245,0.5861873200961518,0.6078895023890901,0.1320521916661943,0.9980547428131104,0.5887977940695623,0.6087005053247722,0.12410629625831326,0.9991300702095032,0.5730236921991618,0.6326510684830798,0.10429183500153674,0.9999564290046692,0.5961216211318967,0.6396986024720325,0.029125465452671036,0.9999992847442627,0.5706020491463795,0.6763784544808521,0.11181162915059494,0.06012483313679695,0.5970723254340033,0.6859105518886018,0.03706829036985123,0.9868748784065247,0.573214188643864,0.7137935910906108,0.11802669295242849,0.03472791984677315,0.6003770726067676,0.7148522019386288,0.08296037848506652,0.9735589027404785,0.5741448947361535,0.721864763328007,0.12490549193961274,0.05192410945892334,0.5993283782686503,0.7216798663139339,0.08195726914065221,0.9547893404960632,0.5778349706104822,0.7206815804753981,0.11929105967283243,0.047911062836647034,0.5990200264113288,0.720059890406472,0.08568739145994184,0.9477243423461914,0.5786117758069717,0.7173360637256074,0.11624025936637601,0.04545420780777931,0.5988388657569883,0.7176294428961614,0.08521937387330188,0.9113014936447144,0.5672740731920511,0.7101565378052844,0.03023264429398944,0.9999964237213135,0.5775948865073065,0.7150401183537071,-0.030281804448791895,0.9999992847442627,0.581558036804199,0.7655586685453138,0.08681216899837763,0.8866536617279053,0.5717424835477554,0.7788969942501609,-0.024313305850539875,0.9948772192001343,0.5917232785906108,0.8179886409214561,0.10866562851837698,0.9669716954231262,0.5535671813147406,0.8442818232945029,-0.04307683653065135,0.9938225746154785,0.589913075310843,0.828992550713675,0.10977565475872579,0.9818961024284363,0.5484797511781963,0.8540112546512054,-0.04528038629463738,0.9899793863296509,0.605435752868652,0.8237834521702354,0.10105361235993245,0.9178872108459473,0.5676818421908785,0.8561793191092351,-0.06884717685835699,0.9842681884765625
46,0.5873276727540149,0.6038126468658445,0.13966488497597823,0.999322235584259,0.5863246951784403,0.5990008132798328,0.13659959648336678,0.9984704256057739,0.5853409273283819,0.5986457381929667,0.13656263649463646,0.9982508420944214,0.5844145945140291,0.598374669892447,0.13659111431666776,0.9979953169822693,0.5889331698417661,0.5995657103402271,0.13101743204253055,0.9994659423828125,0.5898055553436277,0.5996378506932937,0.13093406260013574,0.9996703863143921,0.5906693799155096,0.5997527360916135,0.13092280115400037,0.9997727870941162,0.583000462395804,0.6007219859531945,0.11145974567958282,0.9984559416770935,0.5920662607465469,0.6033845918519154,0.08620429549898416,0.9997140765190125,0.5856058256966724,0.6080880079950602,0.1320757342236382,0.9981205463409424,0.5882254396166118,0.608918534006391,0.12415636394705086,0.9991611838340759,0.5723432421684262,0.6327033451625276,0.1043180440153394,0.9999579787254333,0.5955288188798085,0.640230071544647,0.02864763428057942,0.9999992847442627,0.5700365202767506,0.6765611410140988,0.11150081476994918,0.06054764986038208,0.5964845844677513,0.6866060086659019,0.036225529760122284,0.9877190589904785,0.5726375733103068,0.7140483583722792,0.1171033348355974,0.03539705276489258,0.5997300352369033,0.7151481764657153,0.08203496379511693,0.9756017327308655,0.5735638516289845,0.7220789585794718,0.12390770273549209,0.053043872117996216,0.5987502302442276,0.7219979814120698,0.08103943892887656,0.9579859375953674,0.5772872209548947,0.7208918929100033,0.11837989560195372,0.04886382818222046,0.5984373194830755,0.7202609726360862,0.0847550598638398,0.9513135552406311,0.5780776688030785,0.7175453662872311,0.11533685496875212,0.04644297808408737,0.5981914213725495,0.7178328343800132,0.08428020456007546,0.9165778756141663,0.5668296286037987,0.7105940852846415,0.030232926138809735,0.9999964833259583,0.577254944188254,0.7153971774237493,-0.030282785956348677,0.9999992847442627,0.5812215719904216,0.765578496456146,0.08647065609693523,0.8870457410812378,0.5716580101421899,0.779081445080893,-0.022217059933713493,0.9953615069389343,0.5916016936302182,0.818033020836966,0.10770923388855794,0.9678150415420532,0.5534754821232384,0.8445174302373609,-0.04034955874085425,0.9943720698356628,0.5898854528154643,0.8292238610131396,0.10876604297331396,0.9824587106704712,0.5483169283185684,0.8541388119970045,-0.04252086217914307,0.990608274936676,0.605277894224439,0.823009507996695,0.0994945102504321,0.9197950959205627,0.5676769546100069,0.8562207392283845,-0.06645981467195916,0.9852142930030823
47,0.5867601122174941,0.6040412272725784,0.13952790243285035,0.9993367195129395,0.5857556819915769,0.5992441432816639,0.13632118063313614,0.9984909892082214,0.5847442303385051,0.5989045313426424,0.13628448716231747,0.9982848763465881,0.58381073474884,0.5986490794590539,0.13631330302783415,0.9980226159095764,0.5883655343736919,0.5997491019112721,0.130742996931076,0.9994751811027527,0.5892376576151164,0.5998257517814634,0.13066043342862804,0.999677836894989,0.5900923660823274,0.5999554140227179,0.13064849334103715,0.99977707862854,0.5823881251471381,0.6009245634078977,0.11094396199498852,0.9984934329986572,0.5915097185543603,0.6036818930080956,0.08570657713072637,0.9997221827507019,0.585021546908787,0.6083838530949182,0.131857419013977,0.9981859922409058,0.5876644730567929,0.6092176692826404,0.12394769042730326,0.9991938471794128,0.5717371480805531,0.6328742350850783,0.10360743701457972,0.9999592900276184,0.5949759602546689,0.6407932179314747,0.02825119266552583,0.9999992847442627,0.5695633717945642,0.6769365600177216,0.11012686554874687,0.0614977702498436,0.5958589315414426,0.6872555800846641,0.036086992706571286,0.9885383248329163,0.5721408520426067,0.7146023443767,0.11498968728951041,0.035718563944101334,0.5991832375526426,0.7152477230344496,0.08215451730149129,0.9774503707885742,0.573061977113996,0.72258266210556,0.12146999601806907,0.053622275590896606,0.5983770830290656,0.7221500379698613,0.08111803765807829,0.9608845114707947,0.5768565688814433,0.7213575158800395,0.11602826012032366,0.04931123927235603,0.5980972017560683,0.7202650189399715,0.08486801854201723,0.9545680284500122,0.5776622142110549,0.7180480531283784,0.11322390160390304,0.046926870942115784,0.5977610775402611,0.717857570307595,0.08440128096512382,0.9214486479759216,0.5664500577109197,0.7110827650342666,0.0301521456667355,0.9999966025352478,0.5769742591040472,0.71584015914372,-0.030202269873448765,0.9999992847442627,0.5808516740798948,0.765975487232208,0.08688711694308686,0.8887902498245239,0.5716317977224075,0.7794282776968816,-0.019620932319334566,0.9957942962646484,0.5914873702185492,0.8182830078261235,0.11048268058470312,0.9689577221870422,0.5533773268972122,0.8447473117283408,-0.035529683104583175,0.9948726296424866,0.5898367507117133,0.8295678036553515,0.11180656445877887,0.9831501841545105,0.5481524450438361,0.854258275032043,-0.03748092704585619,0.9912225008010864,0.6051037992749893,0.822297062192644,0.10234655780451633,0.9224160313606262,0.5676783714975626,0.8562507952962599,-0.06157365590333935,0.9861130714416504
48,0.5861936364855083,0.6043367334774559,0.13989994909082135,0.9993617534637451,0.5851962021418977,0.5995697702680312,0.13663070840494967,0.9985364675521851,0.5841725707054135,0.5992413248334609,0.13659418736185341,0.9983458518981934,0.5832336102213176,0.598985135555267,0.136623015148299,0.9980847835540771,0.5877777559416631,0.6000231862068173,0.13106494141476488,0.9994916319847107,0.5886362910270688,0.6001023105212617,0.1309827165944235,0.9996892213821411,0.5894721661295207,0.6002400125776015,0.13097088805266782,0.9997840523719788,0.5818196977887832,0.6011709196226935,0.11111010696206769,0.9985535144805908,0.5908734832491191,0.6040102311543053,0.08592541388102937,0.999733030796051,0.5844458341598509,0.6087563327380586,0.1321852343423025,0.9982726573944092,0.5870675802230833,0.609544583729335,0.12429221996239248,0.9992343187332153,0.5711843132972714,0.633071434497833,0.10358028156416751,0.9999608397483826,0.5944175703184942,0.6411266003336222,0.028402234826769134,0.9999992847442627,0.5690483893666947,0.677236199378967,0.10948878335101259,0.06490081548690796,0.5952378596578323,0.6875455651964457,0.03601523478116306,0.9893668293952942,0.5716571773801529,0.7150629622595648,0.11426604475293835,0.03812296316027641,0.598596245901925,0.7154530252729141,0.08193343686205996,0.9792384505271912,0.5725705078669954,0.7230095795222689,0.12047239350421082,0.05696866661310196,0.5979041099548337,0.7224716765539984,0.08077572797025949,0.963738739490509,0.5763725212642121,0.7217315554618832,0.11515375226736063,0.05231291055679321,0.5976637721061704,0.7205297572272161,0.08467758638518194,0.9578079581260681,0.5771821090153283,0.7184276103973385,0.11251842422144749,0.04976894333958626,0.597294473648071,0.7181288395609171,0.08423841297626491,0.9264378547668457,0.5661034022058757,0.7114398513521463,0.030116541470800114,0.9999966025352478,0.5767424907003127,0.716139037268502,-0.030167395887630313,0.9999992847442627,0.5805131111826213,0.7665865268026075,0.08650734062705717,0.8884437084197998,0.5716308082853043,0.7797248959541317,-0.018592419954282888,0.9961832165718079,0.591391016755785,0.8186808637210297,0.1108217305370739,0.9694244265556335,0.5532939229692729,0.8450189845902576,-0.033112957754305415,0.9953143000602722,0.589780339172908,0.8300042220524376,0.11220949377332409,0.983532190322876,0.5480209009987965,0.8544382793562749,-0.03493919553501264,0.9917310476303101,0.6049649494034901,0.8217031121253964,0.10247306227684017,0.9238111972808838,0.5676686457225252,0.8563113536153516,-0.05922987610101697,0.986873209476471
49,0.5857153773307797,0.6046436411993841,0.13785283437796994,0.9993789792060852,0.5847235424177983,0.5999092851366312,0.13441755345889494,0.9985644221305847,0.5837113533701213,0.5996097070830206,0.1343817695975303,0.9983851313591003,0.5827697208949496,0.5993620174271717,0.13441124090126577,0.9981229305267334,0.5872391854013712,0.6002835392951962,0.1289926273482186,0.9995025396347046,0.5880777972085133,0.6003534010478426,0.12891079953738616,0.9996971487998962,0.5888998849051337,0.600483337470463,0.12889962366649077,0.9997888207435608,0.5813156536647249,0.6014796410288126,0.1087292292288371,0.9985923171043396,0.5902886884553089,0.6042852657181874,0.08391754946538377,0.9997409582138062,0.5840387122971669,0.6091421706335882,0.1301732827510152,0.998332679271698,0.58656838280814,0.6098483051572525,0.12246710147176464,0.9992641806602478,0.5708834614072524,0.6332429119518821,0.10142144518239153,0.9999617338180542,0.5938499058995925,0.6413891809327259,0.027343436756304317,0.9999992847442627,0.5686667868069237,0.677508575575692,0.10591969298464907,0.06534703820943832,0.5946050218173433,0.6876174722399027,0.03504568146807805,0.9900249242782593,0.5713001268250599,0.7154337610517226,0.10949505014078953,0.03857661783695221,0.598014175891876,0.7157239539282658,0.07971193918160027,0.9806736707687378,0.5721465655735558,0.7233864477702546,0.11521409771272108,0.05779806897044182,0.5973582080432345,0.722797002111162,0.07827270478010173,0.9659435749053955,0.5759014214788162,0.7220254404204229,0.11002188665526248,0.05304877460002899,0.5971167768750869,0.7208704914365492,0.0820039046662194,0.9602841138839722,0.5767395292009624,0.7187415565763198,0.10776062160730357,0.05044272541999817,0.5967743430818827,0.7184816888400483,0.08191779106855389,0.9300392866134644,0.5658201132501872,0.7118224501609799,0.030041484534740433,0.9999966025352478,0.5764579858098708,0.7164573754583083,-0.03009095489978789,0.9999992847442627,0.5801378948347906,0.7670653973306925,0.0865754548992429,0.8881497383117676,0.5716649362019127,0.7797556672777445,-0.01946066405091966,0.9965283870697021,0.5912149003573823,0.818946744714464,0.11220207107918598,0.9700120091438293,0.5532721536500111,0.8450985993657789,-0.03338033099259648,0.9957065582275391,0.5896887421607968,0.8302725808961047,0.11371356440441943,0.9839103817939758,0.5479802489280698,0.854503522600446,-0.03512195859636578,0.992153525352478,0.6048222116061617,0.8209130116871421,0.10432529023715423,0.925376832485199,0.5675628219332011,0.8563321641513276,-0.059050695810999164,0.9875123500823975
50,0.5852686166763303,0.6048120498657223,0.1338220413242067,0.9993951916694641,0.5842975548335482,0.6001015237399507,0.13021066210099624,0.9985804557800293,0.5832952414240153,0.5998334697314669,0.1301760805504662,0.9984132051467896,0.5823552301951814,0.5995957902499605,0.13020596525498793,0.9981448650360107,0.5867696012769423,0.6004136971064974,0.12497329435178205,0.999508798122406,0.5875986950738087,0.6004798821040559,0.12489278678383141,0.9997029304504395,0.5884185620716638,0.600607359409332,0.12488178568226946,0.9997918605804443,0.580862612383706,0.6016832419804161,0.10460106581449503,0.9986182451248169,0.589806474958147,0.6044355137007573,0.0805408839668546,0.9997460842132568,0.5836721965244835,0.6093363063676014,0.12622421319995603,0.9983864426612854,0.5861405917576379,0.6100007840565269,0.11876766724245882,0.9992902874946594,0.5706227660179135,0.6332651989800586,0.09736501680953158,0.9999629855155945,0.5933083261762344,0.6415766375405445,0.025574233329721845,0.9999992847442627,0.5682647688048224,0.6774902565138677,0.09956187605857844,0.0710371807217598,0.5940401554107664,0.6877107381820675,0.03259262165852954,0.9906979203224182,0.5704110809734887,0.7152352980204988,0.10059407885585508,0.04100478067994118,0.5974474191665646,0.7159088560513084,0.07446821821587424,0.9821722507476807,0.5709735035896298,0.7231209976332525,0.10569545307329717,0.0609237439930439,0.5968428441456384,0.7231257217270983,0.07278475165367124,0.9683629274368286,0.5747035384178159,0.7217395935739787,0.1008207927857126,0.05583730340003967,0.5966011541230335,0.7212449193000791,0.0760846134807382,0.9630473256111145,0.5756620185715808,0.7184011169842308,0.09894707309348238,0.05305749922990799,0.5962728040558949,0.7188438551766528,0.07644830378038539,0.934384822845459,0.5655385289873394,0.7120078563690182,0.02961801279868397,0.9999966621398926,0.5761386598859511,0.7166102971349441,-0.029665904492139804,0.9999992847442627,0.5798351866858343,0.7672158752168925,0.08603131834949762,0.8906404972076416,0.5717322094099859,0.7795778904642374,-0.019633406241025234,0.9968492388725281,0.5910053491592404,0.8189318793160572,0.11111497346843986,0.9712747931480408,0.5532809427806307,0.845017337799072,-0.03311548541699135,0.9960806369781494,0.5895919782774786,0.8303637896265299,0.11258155299084521,0.9845006465911865,0.5479777898107254,0.8544514843395774,-0.034824029781988675,0.9926072359085083,0.6046955125672473,0.8203303166798179,0.10331031701394486,0.928139865398407,0.5673466869762963,0.8563009824071608,-0.05853465912597518,0.9882587194442749
51,0.5849291767392837,0.6047728010586327,0.12801782488822933,0.9993995428085327,0.5839705995150972,0.6000870517321992,0.1241543348346437,0.9985606074333191,0.582974473067692,0.5998431103570118,0.12412067332438055,0.9984022974967957,0.5820268494742253,0.5996167404311041,0.1241497071725981,0.9981260895729065,0.5864175047193252,0.6003520914486473,0.11907417220728733,0.9995017051696777,0.5872299398694716,0.6004085097994121,0.11899664295571186,0.999700665473938,0.5880487339837208,0.6005289179938178,0.118986941235406,0.9997891783714294,0.5804914202008926,0.6017106941768098,0.09854403861931388,0.9986093640327454,0.5894287620271953,0.604359778336116,0.07515592191900522,0.999742865562439,0.5834246584347313,0.6093032581465582,0.12050384538514267,0.9984121322631836,0.5858210137912203,0.6099372199603487,0.11326161601713719,0.99930340051651,0.5704284684998646,0.6331731813294544,0.09133012869528358,0.9999639391899109,0.592791994980403,0.6416109340531482,0.022170952122126296,0.9999992847442627,0.5681007266044614,0.6774816291672839,0.0900881701282092,0.07869049906730652,0.5934069957051955,0.6877250552177426,0.02821618206799029,0.9912505149841309,0.5700312529291423,0.7158184000423973,0.08568014992134908,0.04409926384687424,0.5970244526863095,0.7160161955015997,0.06579641305974548,0.9834576845169067,0.5704319408961702,0.7239016618047438,0.08954259370054513,0.06474758684635162,0.5965204153742105,0.7233482990946085,0.06344607280833378,0.9704233407974243,0.574178315911974,0.7224299686295642,0.08475258478096549,0.059374645352363586,0.5962845393589562,0.7215190887451168,0.06613801057849608,0.9654045104980469,0.575227562018803,0.7190367443220953,0.08394113395895272,0.056220643222332,0.5959440418652123,0.7191092065402436,0.06742558670895438,0.9380398392677307,0.5652987786701744,0.7122461165700636,0.02902961203030176,0.9999966621398926,0.5758281690733771,0.7168890101569036,-0.029075135077748965,0.9999992847442627,0.579550732885088,0.767527604103088,0.08641154978956492,0.8935543894767761,0.5717785426548546,0.7794891357421871,-0.019836999635611252,0.9971336126327515,0.5908114961215425,0.8188476954187662,0.11308196080582478,0.9725834131240845,0.5533023289271761,0.8449307424681524,-0.032500607733215586,0.9964142441749573,0.5895143934658593,0.8303724663598193,0.11468260671411237,0.9850847125053406,0.5479914477893282,0.8543659959520609,-0.03413619462932858,0.992985725402832,0.6045509508677889,0.8196549790246141,0.10583143319402417,0.9309122562408447,0.5671439732824051,0.8562507237706861,-0.05748691409826276,0.9888882040977478
52,0.5845973798206872,0.6047377637454439,0.12476235032081598,0.9994017481803894,0.5836511254310606,0.6000517129898069,0.12081747395651675,0.9985276460647583,0.5826723796980718,0.5998027494975495,0.1207838437386921,0.9983832836151123,0.5817212632724215,0.5995715924671715,0.12081150944743832,0.9980990886688232,0.5860686080796376,0.6003182615552627,0.11575772208826877,0.9994856715202332,0.5868661028998237,0.6003682545253206,0.11568280948059893,0.999692976474762,0.5876801507813587,0.6004834788186206,0.11567531355789724,0.9997816681861877,0.580160650185176,0.6016759378569464,0.09531337405954084,0.9986025094985962,0.5890167883464266,0.6043114083153858,0.072038773553712,0.9997344613075256,0.5831462877137318,0.6092569027628214,0.11730478171791343,0.9984418153762817,0.5854873095239909,0.6098893591335839,0.1100931714688028,0.9993127584457397,0.5701548457145689,0.6331327795982358,0.08795859175068987,0.9999654293060303,0.5922633903367176,0.6416009340967448,0.0198763453268579,0.9999992847442627,0.568045457771846,0.6775705082075933,0.08451024315186904,0.0951419249176979,0.5928571769169395,0.6879122972488401,0.024881204430546068,0.9917823672294617,0.570078817435673,0.7166206649371551,0.07642698117664878,0.05202532932162285,0.5965879627636499,0.716177107606615,0.059899822516100716,0.9846680760383606,0.5705261145319255,0.7249906250408714,0.07950257978269028,0.07386618852615356,0.5962549413953506,0.7234864337103704,0.05714397771017889,0.9723953008651733,0.5742881008556908,0.7234640104430059,0.07471203080245423,0.06769158691167831,0.5960153460502622,0.7217050211770191,0.05955382574881823,0.9676619172096252,0.5753391095570153,0.7200201068605692,0.07458886248724797,0.06385675072669983,0.5956135324069429,0.7193180544035772,0.061344684234687225,0.9416055083274841,0.5650774751390727,0.7125455686024253,0.02864944775189671,0.9999966621398926,0.5755010247230528,0.7171615600585934,-0.02869323241923535,0.9999992847442627,0.5793347665241784,0.767915080274854,0.08711761002029687,0.8945469856262207,0.5718244314193723,0.779425125462668,-0.020594912128789077,0.9973915815353394,0.5906290105410982,0.818794100625174,0.11515889465808864,0.973504364490509,0.5533128619194028,0.8449050954410005,-0.033252181378858416,0.9967128038406372,0.5894420538629801,0.8304108551570344,0.11684484268937786,0.9854900240898132,0.5479887604713437,0.8543442470686772,-0.03489234841295649,0.9933239221572876,0.6043941072055269,0.8189488802637369,0.10816285120589388,0.9328173398971558,0.5670504944665089,0.8562278338841025,-0.0582086526921817,0.9894399046897888
53,0.5843127727508541,0.6046934076717919,0.1213916652968951,0.9993957281112671,0.5833545684814451,0.5999972871371675,0.11732521908623826,0.998482882976532,0.5823967439787726,0.5997475402695789,0.11729187433208732,0.9983494281768799,0.5814371994563509,0.5995161311967029,0.11731912344694133,0.9980608224868774,0.5857511537415638,0.6002890944480893,0.11224498450756068,0.999464213848114,0.5865357892853871,0.6003393156187872,0.1121714660099574,0.9996812343597412,0.5873454059873306,0.6004520824977326,0.1121651513235909,0.9997715353965759,0.5798519406999858,0.6016411559922352,0.09194281399250026,0.9985877275466919,0.5886318547385077,0.6042671680450438,0.06857745157820835,0.9997225999832153,0.5829157454626899,0.6092036383492603,0.11403146811894002,0.9984519481658936,0.5852086288588385,0.6098448276519772,0.10679046149764737,0.9993119239807129,0.570016619137355,0.633114683628082,0.08505978456565308,0.9999666213989258,0.5917102030345369,0.6416109902518133,0.017273056267627637,0.9999992847442627,0.5681481565747939,0.6777103236743379,0.08100954570940558,0.10548510402441025,0.5923460108893255,0.6882518274443487,0.022234092173831793,0.9920563101768494,0.5705577152115955,0.7173780219895496,0.07123662020478927,0.05653967708349228,0.5961909072739735,0.7163229823112485,0.05623520208256583,0.9853853583335876,0.5711723004068645,0.7259685856955389,0.07387124023267197,0.07920636981725693,0.5960292373384746,0.7235598291669569,0.05318858836378368,0.9734600186347961,0.574971612862178,0.7243227311543052,0.06898893096617287,0.07255261391401291,0.5957947220121108,0.7218104141099109,0.055455418676137895,0.9688418507575989,0.5759847010884964,0.7209018417767112,0.06930796908480777,0.06824146211147308,0.5953369872910633,0.7194485766547063,0.0575859291212899,0.9430904388427734,0.5648334026336667,0.7128332648958475,0.02853009807212011,0.9999966025352478,0.575152402264731,0.7174520339284621,-0.028572191298007952,0.9999992847442627,0.5792013866560797,0.7682622739246909,0.08870598631245745,0.8953366875648499,0.5718493410519188,0.7793812530381334,-0.02117817417851515,0.9976258277893066,0.5904791031564982,0.8187390582902087,0.11943075465304506,0.9743240475654602,0.553326390470777,0.8448936717850818,-0.032964813922132755,0.9969828724861145,0.5893560034888128,0.8304327385766161,0.12135990581342146,0.9858238697052002,0.5479893990925377,0.8543374640601018,-0.034426056167909065,0.9936156272888184,0.6043117369924269,0.8179981231689448,0.11326030833380557,0.9344888925552368,0.5670239329338072,0.8562034896441864,-0.05718352283750259,0.9899571537971497
54,0.5840702618871414,0.6046544466699869,0.11988610497542784,0.9994065761566162,0.5830904671124046,0.5999660304614474,0.11586575082370207,0.9984800815582275,0.5821518267904007,0.5997167314801894,0.11583234625203262,0.99836266040802,0.5811831389154704,0.5994866694722853,0.1158595517277717,0.998071014881134,0.5854697993823458,0.6002532345908026,0.1106611950056893,0.9994592666625977,0.5862427949905393,0.6003106066158836,0.11058788874319617,0.9996800422668457,0.5870487536702834,0.6004294514656063,0.11058146272386818,0.9997684955596924,0.5795626691409517,0.6016198856489996,0.09088843124253405,0.9986093640327454,0.5882749063628058,0.6042316232408793,0.06693561481578006,0.9997202754020691,0.5826964906283785,0.6091716255460464,0.11269527056387486,0.9984954595565796,0.5849513326372416,0.6098055192402428,0.10528623483010696,0.9993285536766052,0.5699172990662709,0.6329763957432335,0.08477986369814187,0.9999681115150452,0.5911355580602371,0.6415873646736142,0.015532591619661869,0.9999992847442627,0.5681467447962076,0.6776776450020923,0.08104805030993048,0.12208396196365356,0.5917725869587487,0.6884475163051057,0.019846163104687408,0.9924686551094055,0.5708650946617124,0.7175384879112241,0.07090302471603663,0.0639558807015419,0.5957365342548913,0.716518071719578,0.05334230033414702,0.9862831234931946,0.571538356372288,0.7262085846492219,0.07351542562246319,0.08781595528125763,0.5957662207739691,0.7237219112259997,0.05015218236616677,0.9749131798744202,0.5752743755068095,0.7245465602193557,0.06862331139189853,0.08039458096027374,0.5955394319125581,0.7220501576151164,0.05250397771596906,0.9704943299293518,0.5762460248810901,0.7211224760328017,0.06895188667944496,0.07551760226488113,0.5950236558914181,0.7197349088532581,0.05473024227789467,0.9456284046173096,0.5646064213344026,0.712964820861816,0.028703554879341793,0.9999966025352478,0.5748411893844602,0.717598279884883,-0.028744683042168605,0.9999992847442627,0.5790932246616906,0.7683976360729758,0.0899524935654231,0.8978646993637085,0.5718783838408331,0.779402090821947,-0.022042235412767945,0.997840940952301,0.5903465679713655,0.8186366677284238,0.1209535060184342,0.975488007068634,0.553333338669368,0.8448861650058198,-0.03225344382226466,0.9972382187843323,0.5892214162009101,0.830434371743883,0.12290392624480379,0.9863449335098267,0.5479827335902621,0.8543224300656995,-0.033776642169271176,0.993941068649292,0.6042396988187515,0.8173376270702903,0.11518415191343848,0.9370814561843872,0.5669938547270637,0.8561894331659585,-0.05670370555349756,0.9905229806900024
55,0.5837957484381537,0.6046203698430739,0.11925513829503737,0.9994065761566162,0.5827982970646447,0.5999461923326762,0.11531459476266584,0.9984437823295593,0.5818679622241426,0.5996929730687819,0.11528146948133192,0.9983399510383606,0.5808852842875887,0.5994640111923215,0.11530870646238321,0.9980424642562866,0.5851850032806394,0.6002158488546097,0.10997943814311704,0.9994405508041382,0.5859561187880377,0.6002775566918507,0.10990623001541405,0.9996705651283264,0.5867678046226499,0.6004019158227101,0.10989973204476487,0.9997591376304626,0.5792298708643229,0.6016036885125293,0.09071329576628545,0.9986023902893066,0.5879609414509361,0.6042077166693548,0.06617924720048901,0.9997103214263916,0.5824091076850888,0.6091504607881815,0.11221611670085356,0.9985063076019287,0.5846538679940357,0.6097720997674122,0.10463791681187488,0.999329149723053,0.5698446835790358,0.6328229955264497,0.08520225988967074,0.9999692440032959,0.590550487382071,0.6415484053747992,0.014458260392504071,0.9999992847442627,0.568083722250802,0.6775735872132435,0.08076389623539784,0.1341211497783661,0.5911905969892226,0.6884616613388058,0.01887868137231894,0.9927994608879089,0.571030008792877,0.7177788904735016,0.06856003871985841,0.07120445370674133,0.5953360608645846,0.7167239325387134,0.052535216829606435,0.9870511889457703,0.571663655553545,0.7265254208019798,0.07082883779491694,0.09628654271364212,0.5955175944737023,0.7239963088716777,0.049243312754801316,0.9761284589767456,0.575284455503736,0.7248287984303062,0.06596810498407905,0.08807085454463959,0.5952830263546532,0.7224645801952904,0.051638643230710685,0.9718724489212036,0.5762345348085673,0.7213887844766886,0.06655855412994109,0.08253171294927597,0.594716153826032,0.7201854109764096,0.05396773634212355,0.9476305842399597,0.5644186394555226,0.7130930440766468,0.028951388544269957,0.999996542930603,0.5745725887162342,0.7178424715995786,-0.0289913664971079,0.9999992847442627,0.5789754033088681,0.7684796912329535,0.09054721785443165,0.897853672504425,0.5719095383371622,0.7794905611446922,-0.022904709300824562,0.9980307817459106,0.5902517454964771,0.8185346007347103,0.12068581006356642,0.9759329557418823,0.5533361588205608,0.8448915702956059,-0.031888720286743964,0.9974478483200073,0.589094155175345,0.8304285679544717,0.12255613356828683,0.9865891337394714,0.5479754584176197,0.8543257032121926,-0.03354457882898193,0.9941248893737793,0.6041650806154522,0.816681085314069,0.11502449235745832,0.9381029605865479,0.5669584103993004,0.8561783143452232,-0.05666227649365149,0.990872859954834
56,0.5835866808891294,0.6045964036669047,0.1190936067274638,0.9994205236434937,0.5825910789625983,0.5999308824539182,0.11527005242449892,0.9984573721885681,0.5816770178931098,0.5996724094663345,0.1152371234127453,0.9983620643615723,0.5806894183158872,0.5994427170072281,0.11526425374405719,0.9980677962303162,0.5849797964096066,0.6001827563558303,0.10980067891733983,0.999442994594574,0.5857551183019363,0.6002422264644075,0.10972731347594938,0.9996728301048279,0.5865704195840016,0.6003686359950472,0.10972075164318079,0.9997599124908447,0.578972576345716,0.6015887549945284,0.0910773390105792,0.9986231923103333,0.5876932706151687,0.6041860716683521,0.0659505601440157,0.9997112154960632,0.5821574773107254,0.6091286063194272,0.11219749216522484,0.9985487461090088,0.584383050033024,0.6097495198249814,0.10444701101098737,0.9993466138839722,0.5697342957769118,0.6326404486383708,0.08603540637663429,0.9999703168869019,0.5900259528841288,0.6415242127009797,0.013973395499799925,0.9999992847442627,0.5677994830267767,0.6774561847959243,0.08204218149185176,0.14581316709518433,0.5906535455158776,0.6884426627840312,0.018571715110114635,0.9932001233100891,0.5711077673094611,0.7176586117063246,0.07001392990350719,0.07799160480499268,0.5950385349137439,0.7170134340013774,0.05256159380078314,0.9879053831100464,0.5716406430516922,0.7267323664256501,0.07241132259368893,0.10424576699733734,0.59529321704592,0.7243746025221685,0.049289723379271344,0.9775335788726807,0.5751481703349519,0.7247602513858247,0.0675565468413489,0.09530208259820938,0.5950236592973979,0.7230812788009641,0.051694664678403286,0.97348952293396,0.5760861856596807,0.7212880969047544,0.06802556174142017,0.08895643055438995,0.5944372040884833,0.7208467125892636,0.05403423373188289,0.9502033591270447,0.5641952412469043,0.7132782544408522,0.029198179500443584,0.9999964833259583,0.5743015306336536,0.7181090184620446,-0.029236645996570575,0.9999992847442627,0.5789014816284177,0.7684655053274969,0.09008164150374272,0.8973684310913086,0.5719373975481303,0.7795958723340712,-0.023831978653158448,0.9982015490531921,0.5901530282838001,0.8184556790760581,0.11867747477122709,0.976199746131897,0.5533381581306455,0.8449190599577764,-0.03326288137052739,0.9976364970207214,0.588967192173004,0.8303919145039146,0.12040148547717498,0.9867598414421082,0.5479697380747112,0.8543545961380001,-0.03500513327973228,0.9943068623542786,0.6040883421897885,0.8161102703639436,0.11266771044049939,0.9388735294342041,0.5669339009693688,0.8561687929289679,-0.0579815076930182,0.9911996126174927
57,0.583428348813738,0.604587866578783,0.11749499461480543,0.9994428157806396,0.582427028247288,0.5999194264411923,0.1137279493468148,0.9984979629516602,0.5815256629671366,0.599662831851414,0.11369524555546892,0.9984092712402344,0.5805412786347522,0.599434047085898,0.11372180346931726,0.9981234073638916,0.584840621267046,0.6001736828259057,0.10819762114967613,0.999456524848938,0.585633587837219,0.6002298355102536,0.10812385827302928,0.9996811747550964,0.5864527038165499,0.6003554906163895,0.10811659289257862,0.9997653961181641,0.578754092965807,0.6015861562320162,0.08990621077162875,0.9986644387245178,0.5874991280691961,0.604173249857766,0.06450735798903871,0.9997172951698303,0.5819551961762562,0.6091017961502072,0.11073622001068928,0.9986042380332947,0.5841834272657119,0.6097370624542233,0.10290731298071992,0.9993720054626465,0.569572271619524,0.6325587459972923,0.08550559644188195,0.9999715089797974,0.589618168558393,0.6415096027510504,0.01309748036520821,0.9999992847442627,0.5674592086247032,0.6774456415857584,0.08304584962981085,0.1589639037847519,0.5902294618742804,0.6884635175977432,0.018459224541272426,0.993619978427887,0.5710513353347776,0.7177285364695953,0.07289797642401283,0.08399686962366104,0.594826873711177,0.7172998138836448,0.05252735412546564,0.9887299537658691,0.5716300453458512,0.7253746577671593,0.07562813907861707,0.11066379398107529,0.5950769560677662,0.7248085039002551,0.04926453988466942,0.9788840413093567,0.5750254222324913,0.7248633350644789,0.07066275945731568,0.10109779238700867,0.5947824546269005,0.7236961773463654,0.05163539988653998,0.9750543832778931,0.5759656088692799,0.7213760972023007,0.07092167458363939,0.09439915418624878,0.5942244240215844,0.7214581949370245,0.05399714325155528,0.952761173248291,0.5638640097209383,0.7134386505399428,0.029285048427326328,0.9999964833259583,0.5739853484289984,0.7182903664452684,-0.02932272095765385,0.9999992847442627,0.5788641810417172,0.7684493473597931,0.08923876753875183,0.8991958498954773,0.5719647799219401,0.7796589800289695,-0.023812417047364358,0.9983542561531067,0.5900528107370646,0.8183943952832898,0.11683681011199945,0.9766938090324402,0.5533426795686992,0.8449431453432351,-0.03372949979134966,0.9978025555610657,0.5889072196824208,0.8303271515028814,0.11846945413521352,0.9869974255561829,0.5479705980845857,0.8543848855154851,-0.03527158669063021,0.9944341778755188,0.6040109821728294,0.8155727420534403,0.11080989241600031,0.9398491382598877,0.5669204064777916,0.856154096126556,-0.05757475761430601,0.9914465546607971
58,0.583320959976741,0.6045598847525457,0.11749785755361825,0.9994666576385498,0.582315921783447,0.599878108501434,0.11377921806914462,0.9985473155975342,0.5814254317964823,0.5996329886572699,0.11374622860125128,0.9984657168388367,0.580452876431601,0.5994109170777454,0.11377198142664768,0.9981892108917236,0.584754499367305,0.6001323308263504,0.10825610544000348,0.9994727969169617,0.585564759799412,0.6001912304333276,0.10818163348095752,0.9996910691261292,0.5863826360021316,0.6003192799431933,0.10817379696028567,0.9997720122337341,0.5785761066845483,0.6015894889831539,0.0899913804871695,0.9987120628356934,0.5873473831585472,0.6041176472391399,0.06461649239063261,0.9997248649597168,0.5818150537354603,0.6090878946440558,0.11073092924697053,0.9986622333526611,0.5840316976819717,0.6097141027450559,0.102911136831556,0.9993976950645447,0.5693948285920276,0.6324842725481303,0.08579178622790741,0.9999727606773376,0.5893141235624038,0.641498460088457,0.013162276361669807,0.9999992847442627,0.5671764884676249,0.6774878740310666,0.0852593477283205,0.17044374346733093,0.5898370793887544,0.6885064550808495,0.01814506676580224,0.9940199255943298,0.5710976753916057,0.7181015321186607,0.07826754386935912,0.0904107391834259,0.5946144802229743,0.7175490890230448,0.052976368899856276,0.9895284175872803,0.571755492687225,0.725014119488852,0.08161305657454895,0.1173442006111145,0.5948879957199094,0.7251428740365161,0.04998716073376789,0.9802128076553345,0.5750944307872224,0.7254131674766537,0.07642964912312368,0.10710252821445465,0.594586590358189,0.7241078819547377,0.052220473225627596,0.9765962362289429,0.5760199325425281,0.7219115103994094,0.07629457052264892,0.0998973473906517,0.5940593889781404,0.721863690444401,0.05443905687757898,0.9553393721580505,0.5635765075683591,0.7135422689574102,0.02936661344553742,0.9999964833259583,0.5737194197518483,0.718351066112518,-0.02940383505608353,0.9999992847442627,0.5787919657570972,0.7684446130480082,0.0880409411021641,0.9003146886825562,0.5719843881470814,0.7796765821320666,-0.02397686301597526,0.9984905123710632,0.5899397424289156,0.8183577299118039,0.11441510383571893,0.9770306348800659,0.5533467905861988,0.8449443970407755,-0.034497487970760875,0.9979477524757385,0.5888448051043916,0.8302689075469967,0.11593855342694685,0.9872063398361206,0.547972568443843,0.8543791379247389,-0.03599075121538978,0.9945428967475891,0.6039322325161522,0.8151221581867759,0.10881360492535995,0.9406653046607971,0.566890662057059,0.8561465501785275,-0.05756368296486988,0.991654634475708
59,0.5832303779465808,0.6044780901500154,0.11782817074230734,0.999496579170227,0.582208853108542,0.5997699754578724,0.11422225981950755,0.9986208081245422,0.581319565432412,0.5995544229234966,0.11418904789856496,0.9985459446907043,0.5803596854209897,0.5993479677609033,0.11421457380056375,0.9982829093933105,0.5846882700920102,0.6000464337212695,0.1086902084095137,0.999498724937439,0.5855174677712573,0.6001236966678072,0.10861566662788386,0.9997064471244812,0.5863383633749824,0.6002636688096179,0.10860853876386364,0.9997828006744385,0.5783898183277673,0.601580122538975,0.09058250039815899,0.9987822771072388,0.5872487272535049,0.6040461114474702,0.06524272412061688,0.999738335609436,0.581692438466208,0.609069330351693,0.1111023475016866,0.9987370371818542,0.5839160220963612,0.6096739564623149,0.10327766090631481,0.9994311332702637,0.569269365923745,0.6324968934059141,0.08620772255318501,0.9999741315841675,0.5889898385320389,0.6414831314768108,0.013807295316031995,0.9999992847442627,0.5669692414147511,0.6777158345494948,0.0858076453208923,0.17858180403709412,0.5895163859639846,0.688521235329764,0.019128487312367975,0.9944037199020386,0.5711272103445868,0.7186649952616007,0.07927988661187033,0.09659750014543533,0.5943843262536183,0.717701046807425,0.05536685969148361,0.990286648273468,0.5721489395414077,0.72460549218314,0.08269219973257605,0.12407445162534714,0.5946316702025275,0.7253037946564806,0.05270240093980514,0.9815008640289307,0.5751907501901896,0.7263231396675107,0.07739647115979872,0.11312893778085709,0.5943418247359137,0.7242481265749247,0.05477335463677131,0.9780948758125305,0.5760956100055147,0.7228726046425953,0.07726601468665256,0.10540608316659927,0.5938585604940139,0.722002233777727,0.056808846763202095,0.9579205513000488,0.5634247609547204,0.7136099151202607,0.029388402189527228,0.999996542930603,0.5734789524759563,0.718392421518053,-0.029425414279103265,0.9999992847442627,0.5787484066826953,0.7683728814125057,0.08738949022122788,0.9020965099334717,0.5719879405839099,0.7796975629670275,-0.024222215956875244,0.9986187219619751,0.5898635200091769,0.8182812758854453,0.11369106854711256,0.9774938821792603,0.553346024240766,0.844935388224465,-0.03519173903124671,0.9980912804603577,0.5888089656829831,0.830185564926692,0.11524703417505532,0.9875248670578003,0.5479746494974407,0.8543583546366006,-0.036676802379744376,0.9947224855422974,0.6038572004863192,0.8148667659078321,0.108676366508007,0.9419960975646973,0.5668392709323335,0.8561369657516475,-0.05781861692667005,0.9919738173484802
60,0.5831978065626959,0.6043045452662874,0.11796444186142507,0.9995226263999939,0.5821631533758977,0.5995458449636184,0.11440100563423969,0.9986842274665833,0.5812748755727493,0.5993697677339824,0.11436729899474546,0.9986169338226318,0.5803308367729185,0.5991877777235846,0.11439270547458098,0.9983643889427185,0.5846736737659997,0.5998659627778187,0.10886397063732142,0.9995205402374268,0.5855190140860418,0.599973426546369,0.10878911720854889,0.999719500541687,0.5863437754767279,0.6001348291124614,0.1087819167545863,0.9997915625572205,0.5782698597226822,0.6015382136617385,0.09074216846908838,0.9988436698913574,0.5871919819286888,0.6039145129067555,0.06546254732779092,0.9997496604919434,0.581622311047145,0.60900832925524,0.11124424338340753,0.9988036751747131,0.5838555370058329,0.6096038171223229,0.10341588705778118,0.9994605183601379,0.5692329253469193,0.6324485812868388,0.08698959201574322,0.9999753832817078,0.5886916450091768,0.6414745228631153,0.014050389826297752,0.9999992847442627,0.5668183786528449,0.6780582921845569,0.0869243421724864,0.19004346430301666,0.5892583523477823,0.6885456153324669,0.019652177819183887,0.9947428107261658,0.5712652410779677,0.7193866865975513,0.07989248548235209,0.1053144633769989,0.5942192230905803,0.7179003443036757,0.056442566003118214,0.9909722805023193,0.5727023022515431,0.7246194413730073,0.08327422759362627,0.13351128995418549,0.5943357433591567,0.7253919925008498,0.0539074649768216,0.982670783996582,0.5754542521068025,0.7265332460403439,0.07774015281881601,0.12172064930200577,0.5940540279660904,0.7243500181606835,0.055967182666063285,0.97945636510849,0.5762110165187289,0.7228599429130551,0.07775667075599939,0.11337701976299286,0.5936414412089754,0.7221344266618998,0.05788619496992654,0.9602773189544678,0.5632788504873001,0.7136518205915175,0.02954516591770307,0.9999966025352478,0.573236787319183,0.7184193168367655,-0.029581819421478667,0.9999992847442627,0.578696342876979,0.7682873180934358,0.0875652609126908,0.904850959777832,0.5719882471220832,0.7797364439283094,-0.024569524664963985,0.9987363219261169,0.5898396883692058,0.818194302490779,0.1149776079824992,0.9782152771949768,0.5533401353018621,0.8449259468487327,-0.035403765950884125,0.9982272386550903,0.5887656756809777,0.8300845043999805,0.11667295524052206,0.9879096746444702,0.5479766590254644,0.8543393015861507,-0.036795127178941435,0.9949018359184265,0.6037679399762832,0.814723408222198,0.11013935932091298,0.9437867403030396,0.5667864697320117,0.8561139907155715,-0.05777604260614937,0.9922940135002136
61,0.583222825186593,0.6040596280779155,0.11756385394505087,0.9995482563972473,0.582161484445844,0.5992421013968328,0.11364908857004978,0.9987491369247437,0.581273223672594,0.5990853667259214,0.11361503792660571,0.9986873865127563,0.580346540042332,0.5989148139953611,0.11364043163401735,0.9984467029571533,0.5847013694899419,0.5996363418442859,0.1084711521863937,0.9995433688163757,0.5855597325733728,0.5997804164886471,0.10839618359293252,0.9997329711914062,0.5863881400653291,0.5999663284846712,0.10838787193809232,0.9998010396957397,0.5782131859234398,0.601440187862941,0.09068527668714518,0.998904824256897,0.5871814693723403,0.6037393484796794,0.06524751718555175,0.9997615814208984,0.5816123672894067,0.6088723523276189,0.11055940602506904,0.9988706707954407,0.5838729841368536,0.6094874160630359,0.10311565186296186,0.9994900226593018,0.5692814111709592,0.6323359881128581,0.08804707165275297,0.9999765157699585,0.5884098870413641,0.6414663706506999,0.014080041034945414,0.9999992847442627,0.5667854360171725,0.6784015553338184,0.08873887232371734,0.1964815855026245,0.5890388318470543,0.688640735830579,0.020414728139127994,0.9950716495513916,0.5715448686054772,0.720275637081691,0.08093597569635932,0.11206096410751343,0.5940441761698039,0.7181404352188108,0.056808838780437174,0.9915910363197327,0.5733912655285425,0.7234034861837111,0.08433380105665747,0.14107446372509003,0.5940218227250232,0.7255883557455877,0.05426829787237301,0.9837172627449036,0.5759081278528483,0.7260874118123732,0.07858884973185398,0.1285589337348938,0.5937581981931411,0.7246212601661679,0.05645091065338677,0.9806694388389587,0.5764374664851595,0.7219686457089012,0.07867651475327352,0.11965589970350266,0.5934070042201447,0.7224008917808529,0.05828683642404417,0.9623623490333557,0.5631603019578113,0.7137173720768516,0.02980118133127688,0.9999966621398926,0.5730243921279905,0.7184524382863722,-0.029838127855743666,0.9999992847442627,0.5786461370331898,0.7682464872087748,0.08796863151448109,0.9061010479927063,0.571977375234876,0.7797683732850208,-0.023942808061838138,0.9988414645195007,0.5898148604801721,0.8181146417345315,0.11649826381887704,0.9785318374633789,0.5533324922834121,0.844918116501399,-0.033621437900832704,0.9983434677124023,0.5887226956231251,0.8300189154488696,0.11830545514822001,0.9881440997123718,0.5479771392686024,0.8543292522430416,-0.03488270161407333,0.9950464367866516,0.6037070887429371,0.8146456939833502,0.11168350023882725,0.9449231624603271,0.566775105680738,0.8560909475599012,-0.05601659970624104,0.9925585389137268
62,0.5832578063011167,0.603834555830274,0.11974193709237228,0.999575674533844,0.5821868300437925,0.5989595702716279,0.11582642133746823,0.9988223910331726,0.5812987770353042,0.5987983243806019,0.11579262124640596,0.9987650513648987,0.5803827132497512,0.598623022011348,0.115819402039051,0.998538613319397,0.584737842423575,0.5994313853127613,0.11066399684974121,0.9995697140693665,0.5855995127132958,0.5996058140482219,0.1105880126357078,0.9997482895851135,0.5864265033176965,0.5998066646712163,0.11057880414383747,0.9998121857643127,0.5782140544482637,0.6013281413487023,0.09344931777034483,0.9989720582962036,0.5871752006666998,0.6035494514874047,0.067069741657802,0.999775230884552,0.5816253304481505,0.6087345089231215,0.11261271685361857,0.99894118309021,0.5838952745710098,0.6093700238636559,0.10514307639428544,0.9995215535163879,0.5693178449358256,0.6321257523127961,0.09098755951438628,0.9999775886535645,0.5881985494068689,0.6414628931454247,0.014671325124800199,0.9999992847442627,0.5667629718780515,0.6784698009490964,0.09343781662838795,0.20251628756523132,0.5888524191720143,0.6887481093406673,0.020991550332733554,0.9954165816307068,0.5715498055730543,0.7203460880688255,0.08792924838406695,0.11837544292211533,0.593827368531908,0.718436879771096,0.057765747393880545,0.9921963214874268,0.5731198344911845,0.7235989536557875,0.0918863468936511,0.1480857878923416,0.59372911964144,0.7262255804879321,0.05529651279960357,0.9847490787506104,0.5758201071194238,0.7253280963216506,0.08626045329230168,0.13493025302886963,0.5934594426836284,0.7253632375172203,0.0576673630092825,0.9818668365478516,0.5763083440916876,0.7208376032965521,0.08577519378491806,0.12575829029083252,0.5931614484105789,0.7230102402823309,0.059342426700251416,0.9644996523857117,0.5630672539983475,0.7137606075831818,0.03016597319926533,0.9999967217445374,0.5729489360536845,0.7184112259319847,-0.03020605769540581,0.9999992847442627,0.5785359161240712,0.7682119352476934,0.08812601694038932,0.907789945602417,0.5719387292861936,0.7797878503799434,-0.022939197346568095,0.9989370703697205,0.5897475889750887,0.8179394057818818,0.11679098201649524,0.9788601994514465,0.5533261009625023,0.8449147871562408,-0.0319127100918974,0.9984533786773682,0.5886545334543498,0.8299815859113417,0.11860707082918708,0.9883739948272705,0.5479711021695816,0.8543257168361116,-0.03311994661177906,0.9952031970024109,0.6036820956638879,0.814523145130702,0.11198001333645406,0.9460741281509399,0.5667998995099746,0.8560831495693748,-0.05420396455696649,0.9928361177444458
63,0.5832966089248655,0.6036922999790735,0.12145983896085188,0.9995930194854736,0.5822136930056978,0.5987743735313413,0.11805104230131416,0.9988676905632019,0.5813209840229576,0.5985918130193435,0.11801808540310173,0.9988094568252563,0.5804100053650989,0.5983959879193984,0.11804585754871363,0.998592734336853,0.5847762720925465,0.5993172049522397,0.11237195006438659,0.9995877742767334,0.5856374689510888,0.5995160477502002,0.11229514075177051,0.9997586607933044,0.5864613907677784,0.5997246691158837,0.1122858686106545,0.9998201727867126,0.5782274297305513,0.6012295365333554,0.09656046628952022,0.9990123510360718,0.5871737037386211,0.603433687346322,0.06826591683285574,0.9997854828834534,0.5816426771027698,0.6086392521858213,0.11473074555397028,0.9989899396896362,0.5839252693312507,0.6092953119959148,0.10661028793879913,0.9995455145835876,0.5693288019725252,0.6319248914718625,0.09392250158957069,0.9999780058860779,0.5879728947366984,0.6414583478655131,0.014263906063778052,0.9999992847442627,0.5667196801730562,0.6783503038542609,0.09778006332261217,0.19948695600032806,0.5886836239269799,0.6888291631426127,0.01794029013918978,0.9957191348075867,0.571290748459952,0.7198182668004713,0.09410244779927386,0.11819032579660416,0.5936591693333214,0.7191527451787673,0.05299291951315741,0.9927337169647217,0.5725230268069673,0.7247359667505533,0.09847447659288129,0.1486194133758545,0.5935589534895758,0.7275732227734153,0.04983272052236963,0.9856641888618469,0.5753699064254758,0.7255362425531656,0.09302693115813387,0.13529613614082336,0.5932859029088698,0.7268438271113801,0.052603691603456196,0.9829270243644714,0.5759832416261943,0.7210860320499961,0.09206099701779225,0.12623851001262665,0.5930157882826665,0.724292297022683,0.05467980046357425,0.9663553237915039,0.5630662049565993,0.7137894613402227,0.030905159083860247,0.9999967813491821,0.5730127845491679,0.7183697955948962,-0.030950288580996636,0.9999992847442627,0.578437909058162,0.76810735804694,0.0891816675662994,0.9097716808319092,0.5718408346176145,0.7798402377537315,-0.022113464187298492,0.9990248680114746,0.5896884288106643,0.817753856522696,0.11843141743115011,0.9792417287826538,0.5533210669245037,0.8449164714132033,-0.03071482862745011,0.9985564351081848,0.5886126024382452,0.8299591473170684,0.12029992214270994,0.9886032342910767,0.5479623419897894,0.8543241041047228,-0.03190528165016854,0.9953514933586121,0.6037119524819508,0.814393900121961,0.1136512092181614,0.9471923112869263,0.5668429306575227,0.8560806427683145,-0.05314364231058527,0.9931127429008484
64,0.5833164743014742,0.6036416598728722,0.12423259488173888,0.9996035099029541,0.5822255458150589,0.5986853701727728,0.12152862250804895,0.998885452747345,0.5813313892909455,0.5984852331025257,0.12149628720113204,0.9988259673118591,0.5804266861506868,0.5982739465577259,0.12152419005121498,0.9986124634742737,0.5847896116120472,0.5992735845702032,0.11521036135298861,0.9995967149734497,0.5856559344700402,0.5994883264814101,0.11513306817838118,0.9997642040252686,0.5864781073161531,0.5997001954487389,0.11512435823678965,0.9998242855072021,0.5782377634729655,0.6011860489845273,0.10007986128330226,0.9990283846855164,0.5871657507760182,0.6033854160990031,0.07066306471824643,0.9997910857200623,0.5816471219062802,0.6086087312017165,0.11800029916422702,0.9990194439888,0.5839418496404373,0.6092796972819734,0.1091223999857902,0.9995619654655457,0.5693245581218171,0.6317278470311842,0.09722086404051095,0.9999783039093018,0.5878439767020087,0.6414564847946164,0.014459692074784203,0.9999992847442627,0.5666977609906876,0.6782117673328941,0.10130336284637446,0.19967849552631378,0.5885553087506972,0.6888386453901015,0.0151617250538298,0.9960217475891113,0.5711368799209592,0.7193286929811746,0.09746741780212943,0.11980822682380676,0.5936591914721895,0.7198950341769623,0.04857467412948606,0.9932432770729065,0.5720510925565445,0.7262859310422621,0.10187549782650807,0.15119560062885284,0.5935800092560901,0.7288987193788797,0.04474437641245976,0.9865387678146362,0.5750741090093338,0.7248763254710603,0.09650504525218687,0.1376199722290039,0.5932703443935936,0.7282612255641389,0.04793661098395073,0.9839432835578918,0.5757698110171724,0.7212054712431768,0.09545701933758595,0.12864206731319427,0.5930255872862678,0.7255240150860374,0.05036057265741482,0.9681488275527954,0.563078827517373,0.713773565632956,0.031674453775797556,0.9999967813491821,0.5730659399713786,0.7183116555213924,-0.03172440135053224,0.9999992847442627,0.5783553974969045,0.7680140512330187,0.09017749109438483,0.910883903503418,0.5717514157295225,0.7798968553543087,-0.022190600101436878,0.9991015195846558,0.5896616152354646,0.8176091670989987,0.11976312526634755,0.9793823957443237,0.5533145615032738,0.844929672990526,-0.030995318612882055,0.9986434578895569,0.5885822210993084,0.8299223508153639,0.12164460143872664,0.988688051700592,0.5479562895638599,0.8543382167816158,-0.0322191257561956,0.9954354166984558,0.6037365657942633,0.8143222604479105,0.11472884586879181,0.9477400779724121,0.5668687888554163,0.8560738427298406,-0.053946300702435605,0.9933103322982788
65,0.5833238789013451,0.6035144192831854,0.12703061252832407,0.9996098279953003,0.5822265863418576,0.5985476442745752,0.124511840726648,0.9988973736763,0.5813319802284238,0.5983288117817467,0.12447958311864302,0.998834490776062,0.5804339664322986,0.5981016584805077,0.12450696825981135,0.9986264705657959,0.5847920417785641,0.5991888846669875,0.11805758093084602,0.9996027946472168,0.5856650199208938,0.5994216186659673,0.11798001102038787,0.9997674822807312,0.5864868027823309,0.5996395025934489,0.11797112375497812,0.9998270869255066,0.5782380853380473,0.6011039716856817,0.10320773614304402,0.999040424823761,0.5871652926717483,0.6033025094441002,0.07319733543055396,0.9997950792312622,0.5816427179745263,0.6084987333842683,0.12080794487680702,0.9990447163581848,0.5839507835251943,0.6091968740735731,0.11175303842340192,0.9995753169059753,0.5693605865750991,0.6315535494259423,0.10066915409905565,0.9999785423278809,0.5877384492329185,0.6414540154593328,0.015361848846077912,0.9999992847442627,0.5668810197285241,0.678196367195674,0.10490035776581078,0.1958983838558197,0.5884281328746248,0.68888110263007,0.014022253739780607,0.9962652921676636,0.5715501666069028,0.7196064063480918,0.10036571919918055,0.12058455497026443,0.5937559161867412,0.7204550283295765,0.04682833605578965,0.9936613440513611,0.5724127377782546,0.7279987369264872,0.10488592279808856,0.15279431641101837,0.5936707394463673,0.7298950927598132,0.042635808246476295,0.9872172474861145,0.5755732638495307,0.7250685419355116,0.09932171702384944,0.13897839188575745,0.5933578423091341,0.7294168659618919,0.04626728413360458,0.9847192168235779,0.5763281004769459,0.7209211383547098,0.09825129296098432,0.1297924965620041,0.5931078399930678,0.726521527767181,0.048770863775696054,0.9694267511367798,0.5631017480577738,0.7137683561870026,0.032540314751011976,0.9999967217445374,0.5730894412313187,0.7182748811585559,-0.03259330700550759,0.9999992847442627,0.5783174480710708,0.7679457988057814,0.09094472272055484,0.9101462960243225,0.5716968161719183,0.7799445254462102,-0.022197608702949106,0.9991650581359863,0.5896622759955267,0.8175767183303829,0.11999643870762411,0.9790291786193848,0.5533101252147127,0.8449445417949127,-0.03120491866554531,0.9987041354179382,0.5885652542114255,0.8299041066850931,0.1218075173241751,0.9886175394058228,0.5479554942675997,0.8543624469212119,-0.03245829695037432,0.9954485297203064,0.6037811057908191,0.8143158248492646,0.11449118320431023,0.9472783207893372,0.5668856484549384,0.8560709408351349,-0.0544652024550097,0.9933638572692871
66,0.5833288908004758,0.6033308199473787,0.12853852169854293,0.9996176958084106,0.5822302988597322,0.5983637349946156,0.1265164556247847,0.9989137649536133,0.5813372339521133,0.5981300422123498,0.1264842265418597,0.9988487958908081,0.5804418087005613,0.5978925279208589,0.12651091963052744,0.9986451268196106,0.584792671884809,0.5990595136369975,0.11964390107563558,0.999610960483551,0.5856723155294143,0.599312581334795,0.11956662344081057,0.9997722506523132,0.5864946450505935,0.5995372857366287,0.1195582890084811,0.9998308420181274,0.5782497865813117,0.6010066287858142,0.10536315313407349,0.9990571737289429,0.5871749162673947,0.6031775287219454,0.0747007726558617,0.9998006224632263,0.5816448739596773,0.6083347678184506,0.12274226290839052,0.9990712404251099,0.5839557783944264,0.6090655582291736,0.1131573455674307,0.9995895624160767,0.5694623998233248,0.6313720600945606,0.10281369962862555,0.9999786615371704,0.5876351271356852,0.6414578029087608,0.015467570642275462,0.9999992847442627,0.5679361139025004,0.6783728497368946,0.10724391575370511,0.1904556155204773,0.5883378165108815,0.6890431727681838,0.012167790186192302,0.9965066313743591,0.5739476067679266,0.720220817838396,0.10223885689462929,0.11969607323408127,0.5937704188483099,0.7207485624722069,0.04368565742458614,0.9940455555915833,0.5750085847718373,0.7280075737408226,0.1068538761564663,0.1525251567363739,0.5937195607594079,0.7306107401847836,0.03911894546555619,0.9878371357917786,0.5779064144406998,0.7252879585538589,0.10121412192072182,0.13866008818149567,0.5934134977204456,0.7302564552852082,0.04299080190914016,0.9854257106781006,0.5785862820489063,0.7205120410237991,0.10008260799305775,0.12952862679958344,0.5931539501462662,0.7271347863333563,0.04565833918750284,0.9705696702003479,0.5631311024938308,0.7137307098933625,0.03337347113660402,0.9999966025352478,0.5730839218412124,0.7181964959417068,-0.033427719026803956,0.9999992847442627,0.5782662136214117,0.7678547160966052,0.0920600776161466,0.9087915420532227,0.5716336028916493,0.779964777401515,-0.02204032013458864,0.9992220997810364,0.5896513155528474,0.8174921291215075,0.12115539993558605,0.9785999059677124,0.5533041528293062,0.8449662344796314,-0.030502493679523453,0.9987571239471436,0.5885275006294247,0.8298761027199877,0.12292119541338506,0.9885703325271606,0.5479540279933381,0.8544166156223838,-0.03170206770300864,0.9954595565795898,0.6038129159382408,0.8143743072237284,0.11476900258234564,0.9468213319778442,0.5668920602117263,0.8560712133135111,-0.05406932170901978,0.9934097528457642
67,0.5833426645823885,0.6030802130699155,0.12496457738535739,0.999629020690918,0.5822372760091507,0.5980995212282451,0.12338402441569732,0.9989376664161682,0.5813468609537394,0.5978524855204987,0.12335261383226934,0.9988747239112854,0.5804565634046279,0.5976033364023479,0.12337904444762633,0.9986807703971863,0.5848003932407921,0.5988467420850478,0.11605172902345652,0.9996190667152405,0.5856795276914322,0.5991156186376296,0.11597390025854105,0.9997767806053162,0.5865020598684035,0.5993360962186538,0.11596437692642206,0.9998337030410767,0.578274823938097,0.6008306094578332,0.10402686638491489,0.9990852475166321,0.5871887190001348,0.6029060227530341,0.07156960910984445,0.9998041987419128,0.5816650305475504,0.6080954211098804,0.11992248275450293,0.9991040229797363,0.5839814322335377,0.6088414413588384,0.10972028076648707,0.9996030330657959,0.5696008307593207,0.6311631270817345,0.102872017451695,0.9999793767929077,0.5875146082469392,0.6414538519723072,0.012221472870026312,0.9999992847442627,0.5688351426805767,0.6779863868440896,0.10753250654254635,0.1972918063402176,0.5883209654263085,0.6892731939043315,0.004789463211117045,0.9966689348220825,0.575649843897138,0.7194449356624055,0.10248485824891494,0.1294889599084854,0.5937210951532633,0.7213572655405314,0.03275651687623134,0.9942393898963928,0.577018742901938,0.727006363868713,0.10721890841211587,0.16310904920101166,0.5937647989818026,0.7317495294979637,0.027496941946446883,0.9880444407463074,0.5796415993145532,0.7254553505352561,0.10140714049339289,0.14871610701084137,0.5934650574411662,0.7314647691590442,0.03145282469423752,0.9856241345405579,0.5802725860050744,0.7203884635652811,0.10025342447417118,0.13888497650623322,0.5932077033179144,0.7279691611017496,0.034684833029418105,0.9707256555557251,0.5632611427988322,0.7136241436004636,0.03448790907859801,0.999996542930603,0.5732223698071068,0.7180661422865728,-0.03454231917858122,0.9999992847442627,0.5781567011560711,0.7679643017905096,0.09355387347085131,0.9100756645202637,0.571558856964111,0.7799604586192536,-0.023746903613209715,0.999278724193573,0.5896785429545809,0.817485277993338,0.12306718655994954,0.9789062738418579,0.5532979658671785,0.8449844990457803,-0.03245688235121112,0.9988234639167786,0.5885111331939694,0.8298871823719566,0.12483251499278199,0.9886851906776428,0.5479527933256965,0.854471065316881,-0.03368815194283212,0.995516836643219,0.603873378889901,0.814398440292903,0.11604285985231394,0.9478251338005066,0.5668987069811137,0.8560253211430137,-0.0567638610090528,0.9935967326164246
68,0.5833677070481433,0.6027635267802645,0.11298889815807338,0.9996299147605896,0.582237340722765,0.5977504611015316,0.11169363707303995,0.9989367723464966,0.5813543541090826,0.5975052578108648,0.1116619331496102,0.9988642930984497,0.5804761324610026,0.5972558191844393,0.11168604727302274,0.9986829161643982,0.5847990853445868,0.5985259992735723,0.10383601656981872,0.999620795249939,0.5856814980506895,0.5988016877855571,0.10375862717628474,0.9997769594192505,0.5865042958940776,0.5990103977067127,0.10374742150306697,0.9998347759246826,0.5783097863197324,0.6006009152957369,0.095387490093708,0.9990794062614441,0.5871897782598221,0.602488771506718,0.06006662451795167,0.9998041987419128,0.5816994854382104,0.6078333905764985,0.10892275529248369,0.9991040229797363,0.5840448669024874,0.6085494160652157,0.09800371868269779,0.9996065497398376,0.5699005024773731,0.6309606364795137,0.0982679833258901,0.9999788999557495,0.5873816626412525,0.6413442339215958,0.0020553752513868457,0.9999992847442627,0.5700302464621405,0.6774490952491756,0.10395281591585699,0.1910579651594162,0.5883588092667713,0.6894240140914913,-0.009074154469583711,0.9967553615570068,0.5783695782933913,0.7183117781366617,0.09749803223780218,0.12462063878774643,0.5936400345393587,0.7217347724097112,0.015338815003633492,0.9941818118095398,0.5797327075685771,0.7243270822933738,0.10234603349651604,0.15782923996448517,0.5938185249056132,0.7323669723102021,0.009453382688973626,0.9876980781555176,0.5819743514060971,0.7233126946857994,0.09575656141553601,0.1441282033920288,0.5934980205127168,0.7320224778992787,0.013110122403928205,0.9851795434951782,0.5823217528206959,0.7198179755892069,0.0948917686939239,0.1347518265247345,0.5932293891906736,0.7282940762383594,0.01706178913425121,0.9695168733596802,0.5636454922812323,0.713508788176945,0.03604500368237494,0.9999964237213135,0.5734568493706836,0.7179934212139671,-0.03609520569443701,0.9999992251396179,0.5788185715675351,0.7667346562658034,0.09436148107051845,0.9102373123168945,0.5715035114969523,0.7799641507012499,-0.027652074875576145,0.999329149723053,0.5897073507308958,0.8173401900700157,0.12345787414482656,0.9787414073944092,0.5532838889530725,0.8450042264802111,-0.03680903070739336,0.9988785982131958,0.5885040913309367,0.8299042310033522,0.12511474021843494,0.9883730411529541,0.5479495797838481,0.8545181836400709,-0.038151056425912024,0.9954372644424438,0.6039098143577573,0.8145042436463489,0.11585246388401298,0.947282075881958,0.5668935026441299,0.8559165869440347,-0.06215042940207887,0.9937033653259277
69,0.5834532363074164,0.6022935884339465,0.09969992403473169,0.9996298551559448,0.5822621890476769,0.5973351529666353,0.09790546553475513,0.9989175200462341,0.5813876271247861,0.5971040197781151,0.09787486174276892,0.9988477230072021,0.5805248277527943,0.5968646969114029,0.09789779292685641,0.9986838102340698,0.5848476478031701,0.5981267792837958,0.09014442626919061,0.999610424041748,0.585736000537872,0.598404400689261,0.09006905811173571,0.9997702836990356,0.5865722690309794,0.5986123510769432,0.09005742626530779,0.9998290538787842,0.578397270611354,0.6003583039556227,0.08298748518739424,0.9990756511688232,0.5872181040900091,0.6019924708775108,0.046920361795595694,0.9997923970222473,0.5817903893334522,0.6074391961097714,0.09586975659642896,0.9991014003753662,0.584200424807412,0.6081101008823937,0.0850445000188691,0.9996016025543213,0.570327772412981,0.6306736571448186,0.0897439286112785,0.9999796152114868,0.5872960976191927,0.6410881876945492,-0.008360785139458517,0.9999992251396179,0.5706735713141302,0.6766483051436285,0.09484919905662531,0.20037510991096497,0.5883844545909334,0.6894806742668149,-0.020961091674066006,0.99671870470047,0.5794214282717021,0.7160063028335568,0.08463486347879678,0.13130222260951996,0.5936140520232062,0.7218297907284325,9.021043910511888e-05,0.9936285614967346,0.5805085863385879,0.7220780338559829,0.08875748962163921,0.16360697150230408,0.5938562086650301,0.7323348811694551,-0.006476950086653228,0.9862534403800964,0.5826949494225635,0.7209097708974562,0.08167247452906196,0.15038622915744781,0.5936650174004688,0.7319244657243997,-0.0032008717767894254,0.9833748936653137,0.582921879632132,0.7181257469313482,0.08169855518000463,0.14069686830043793,0.5932657412120271,0.7282253776277812,0.0015950778066845868,0.965607762336731,0.5642677221979411,0.7133090921810692,0.03711129778197832,0.9999964833259583,0.5737988471984861,0.717720772538866,-0.03715449901563779,0.9999992251396179,0.579702361992427,0.7651237181254792,0.09549692017691472,0.9060367345809937,0.5715248840195789,0.779878723621368,-0.031175174351249408,0.9993655681610107,0.5898100665637422,0.8171069145202632,0.12724218134369164,0.9782806038856506,0.5532750930104934,0.8449862650462555,-0.039939808419772536,0.9989251494407654,0.5885150330407276,0.8299005797931123,0.12912136529173163,0.9877583980560303,0.5479544196810038,0.8545035856110705,-0.041322243639401006,0.9952925443649292,0.6041544301169257,0.8147000466074258,0.12045708277395786,0.9463528394699097,0.5669026442936486,0.8558182801519117,-0.06558964710150443,0.9937937259674072
70,0.5836603931018282,0.6016634770802086,0.089262885919639,0.9996309876441956,0.582361086777278,0.5968594363757539,0.08709842328514367,0.9989047050476074,0.5814920748983108,0.5966594696044919,0.08706966489553447,0.9988235831260681,0.5806418674332752,0.5964489136423381,0.08709316636834821,0.9986779689788818,0.5849918382508412,0.5976434792791091,0.07940344150577269,0.9996061325073242,0.5858802897589545,0.5979169368743893,0.07932963349989477,0.999767005443573,0.586736236299787,0.5981299349239892,0.07931859791278835,0.9998282790184021,0.5785795773778641,0.6001300539289199,0.07206846837486536,0.999052107334137,0.587278696468898,0.6014338169779094,0.03647384004933492,0.9997868537902832,0.5819852846009388,0.6069369179861883,0.08557943786893568,0.9990919828414917,0.5844600405011856,0.6075237716947279,0.07483367813485006,0.9996005892753601,0.5708297729492184,0.6302799940109249,0.08102765721934178,0.9999794363975525,0.5872705595833911,0.6407060810497825,-0.016936146654188626,0.9999992251396179,0.5713272741862703,0.6759220583098272,0.08542479979140413,0.19932086765766144,0.5884023666381833,0.6895268593515665,-0.03147172318505388,0.9965710639953613,0.5802821653229847,0.713614077227456,0.0721351155212947,0.12795306742191315,0.5935902765819001,0.7218136259487693,-0.015655902560268123,0.9930311441421509,0.581415281976972,0.7195738026073997,0.07526485047170091,0.1591942459344864,0.593929348673139,0.7320194005966183,-0.023451600037515154,0.9846603870391846,0.5836742571422029,0.7181599446705406,0.06813240711178095,0.14663708209991455,0.594007429054805,0.7315630725451874,-0.02041811091559273,0.9814755320549011,0.5838233539036339,0.7157073037964954,0.06906225958040779,0.13687781989574432,0.5934033121381485,0.7280171138899664,-0.01438423356573496,0.9612423181533813,0.5649545209748401,0.712887016364506,0.03762710924659455,0.9999963641166687,0.5741049034254888,0.7171640481267653,-0.037661623209714876,0.9999991655349731,0.5805645602090015,0.7640714015279494,0.09736849090882706,0.8933244347572327,0.571672907897404,0.7795054878507338,-0.035075889581016116,0.9993767738342285,0.5899934274809698,0.8169396383421759,0.13429780687604626,0.9747267365455627,0.5532686931746345,0.8449688196182248,-0.041943177261522815,0.9988927245140076,0.5885154468672613,0.8298928345952712,0.1366228512355259,0.9850364327430725,0.54797055040087,0.8544844661440164,-0.04318681401865821,0.9944539666175842,0.6045647110257828,0.8153401732444759,0.12838639404092508,0.9378451704978943,0.5669138329369678,0.8557775310107636,-0.06786811820098329,0.9932907223701477
71,0.5839126263345988,0.6010871137891494,0.08546910094363344,0.9996458292007446,0.5824959567614961,0.5964397192001339,0.08302085314478189,0.9989402294158936,0.5816272429057527,0.5962704317910328,0.08299366704055237,0.9988505840301514,0.5807841198784962,0.5960875153541563,0.08301926829985207,0.9987208247184753,0.5851811902863636,0.597194148812975,0.07547432418380462,0.9996224641799927,0.5860614640372137,0.5974512202399114,0.07539887364421569,0.9997765421867371,0.5869351216724938,0.5976560115814207,0.07538491657802034,0.9998365044593811,0.5787695084299357,0.5999150208064485,0.06779891082218711,0.9990677237510681,0.5873673336846484,0.6008842519351412,0.03249431880457059,0.9997947812080383,0.5822204334395269,0.6064579963684079,0.08167599482195714,0.9991228580474854,0.5847404037203106,0.6069520899227685,0.0711035336766924,0.9996190667152405,0.5712389145578655,0.6298652427537097,0.07694372449602396,0.9999790787696838,0.5872944627489359,0.6403406568935937,-0.020203106131936814,0.9999992251396179,0.5709190198353356,0.6749924864087783,0.08263205311128068,0.1945493519306183,0.5883924535342622,0.68956606388092,-0.03531755028026443,0.9966202974319458,0.5783854535647799,0.7107580678803577,0.0710532752530915,0.12192530184984207,0.5936884284019468,0.7216478058270042,-0.02188579966314136,0.9930362701416016,0.5794637986591881,0.7179671679224283,0.07460013117109024,0.15180358290672302,0.594318752629416,0.731656399794987,-0.030325493934963414,0.9843881726264954,0.5820355909211292,0.7159580094473699,0.06718474562679015,0.14011946320533752,0.5946584531239097,0.7312301431383401,-0.027053295621382326,0.9811750650405884,0.5824801615306306,0.7132690940584452,0.06801413255078448,0.1307368129491806,0.5939906563077652,0.7276445882660999,-0.02053347081278583,0.9599453806877136,0.5654974528721397,0.7122453331947323,0.037488780809300265,0.9999963045120239,0.5744432142802645,0.7164674469402855,-0.0375175071614129,0.9999991655349731,0.580915410178048,0.7645254067012238,0.09882557711430955,0.883177638053894,0.5719042999403815,0.7790427327156064,-0.03743742683104105,0.9993956089019775,0.5902843236923214,0.8169666375432691,0.13996631715978888,0.9717299342155457,0.553281554153987,0.844906263692038,-0.04250856606023651,0.99888676404953,0.5885432481765744,0.8298975944519038,0.14273046255111688,0.9828788638114929,0.5480004991803848,0.8544169936861307,-0.043527984619140606,0.9938928484916687,0.6049213153975348,0.8162370869091575,0.1352357868637357,0.9305254817008972,0.5669104967798503,0.8557683791433057,-0.06808833671467641,0.9930148720741272
72,0.5841549089976716,0.6006625567163737,0.08823780140706466,0.9996522665023804,0.5826603191239491,0.5961081062044413,0.08629000548805506,0.9989513754844666,0.5817923818315776,0.5959630455289565,0.08626163899898526,0.9988505840301514,0.5809565544128414,0.5958030070577347,0.08628782523529865,0.9987334609031677,0.5853506837572368,0.5968081389154704,0.07845340605292998,0.9996312856674194,0.5862112454005648,0.597043522766658,0.0783757304506642,0.9997819662094116,0.587081170082092,0.5972282971654617,0.07835932544299531,0.9998418688774109,0.5789781246866497,0.5997159004211423,0.07033818215131757,0.9990674257278442,0.5874261379241941,0.6004047598157607,0.03536888291793208,0.9998003244400024,0.5824678046362738,0.6061412010874063,0.0847080637301717,0.9991362690925598,0.58497473852975,0.6065443243299209,0.07374605802553037,0.9996318221092224,0.5716636538505552,0.6296289392880028,0.08114116106714517,0.9999783039093018,0.5872101579393656,0.6399702617100305,-0.018554148716585967,0.9999992251396179,0.5710518802915299,0.6742662821497233,0.09052348881959912,0.18499906361103058,0.5883558528763905,0.6895300524575366,-0.03608531089765683,0.9966555833816528,0.5786882349422997,0.7097366298948011,0.08217963214431487,0.11315347254276276,0.5944060904639106,0.720057734421321,-0.024455732932048172,0.9930099248886108,0.5798206176076615,0.7165398069790428,0.0870155349373817,0.14125175774097443,0.5954204440116879,0.729630591188158,-0.033292075565883074,0.984099268913269,0.5825416122164042,0.7144294108663283,0.07887917331286835,0.13046617805957794,0.5959457056862965,0.729029537950243,-0.029255873869572353,0.9808547496795654,0.5830669317926677,0.7118484684399193,0.07897772746426715,0.1217464953660965,0.5953216161046706,0.72580976656505,-0.02282928345458847,0.9585834741592407,0.5662279231207709,0.7115269729069298,0.03800937884620256,0.9999961256980896,0.5747057863644188,0.7155690448624744,-0.03803766763636042,0.9999991059303284,0.5821080088615415,0.7638335721833361,0.09925506412982937,0.8703957796096802,0.572070775713239,0.7786854658808023,-0.04155005067586897,0.9993980526924133,0.590571022033691,0.8169913002422875,0.13897989221981588,0.9677969217300415,0.5533230117389132,0.8448521392686023,-0.04900566296918049,0.998848557472229,0.5886120557785032,0.8298836844308032,0.14167208118098118,0.9800522327423096,0.5480367285864691,0.8543667861393516,-0.050214453147990334,0.9930928945541382,0.605058978285108,0.8171788845743447,0.13460582877908428,0.9209364056587219,0.5669406805719646,0.8557707480021881,-0.07582904142992833,0.9925497174263
73,0.5842872040612355,0.6003918085779459,0.08626233456390241,0.9996550679206848,0.5827637434005735,0.5958562408174785,0.08515339557613641,0.9989622235298157,0.5819001129695345,0.5957276582717893,0.08512272089719769,0.9988484382629395,0.5810719200542992,0.5955822655132836,0.08514840613518439,0.9987541437149048,0.5854297671999247,0.5965011324201309,0.07685757343258173,0.999637246131897,0.5862759062222069,0.596717434270041,0.07678024800760402,0.9997843503952026,0.5871364269937784,0.596878956045423,0.07676338191543303,0.9998448491096497,0.5791137644222801,0.5995257292475016,0.07174475522977962,0.9990761876106262,0.5874446511268613,0.6000523703438893,0.035409198541726375,0.9998014569282532,0.5826174327305382,0.6059197425842282,0.08383415032710345,0.9991523623466492,0.5850940687315802,0.6062798023223874,0.07226527035236355,0.9996405839920044,0.5720369815826414,0.6294511437416074,0.08524249983685353,0.9999778270721436,0.5870049323354446,0.639221096038818,-0.01831946298480033,0.9999991655349731,0.5732711638723098,0.6738589218684602,0.09529121645859305,0.17874369025230408,0.588425723143986,0.6885573829923355,-0.037795549205371294,0.9965224862098694,0.5822325978960307,0.7084706749234877,0.08351966972861967,0.1109335720539093,0.5953445877347672,0.7180494240352082,-0.027101093370999592,0.9927778244018555,0.5838966165270121,0.7158312456948412,0.08822974647794447,0.13864651322364807,0.5966368028095788,0.7269189613206042,-0.036254694099937146,0.983476459980011,0.5862422483307972,0.71443669285093,0.07952075856072557,0.1285017728805542,0.5970651728766303,0.7263103757585795,-0.031853618472814545,0.9801104664802551,0.5864061474800106,0.7116833703858508,0.07998529055288855,0.11980488896369934,0.596492062296186,0.7235450455120629,-0.025376579484769263,0.9561352133750916,0.5673310467175072,0.7107634646551946,0.039036831791911794,0.9999960064888,0.5749279345784866,0.7142039435250416,-0.03906502713050159,0.9999991059303284,0.5839359811374116,0.7622604097638808,0.09575554579496379,0.8669200539588928,0.572090525286538,0.7786461302212302,-0.04965125364916663,0.9994311928749084,0.5908233012471877,0.8170071772166656,0.1335355835301535,0.9666700959205627,0.5533852423940384,0.8447237048830301,-0.060837441469941786,0.9988851547241211,0.5886842455182755,0.8298340729304718,0.1359115885836737,0.9789743423461914,0.5480652945382252,0.8542672753334042,-0.06253502060260088,0.9928590655326843,0.6050811444010051,0.8181709204401285,0.12605444576059063,0.9188919067382812,0.56701967886516,0.8558498808315819,-0.09088553679840901,0.9927009344100952
74,0.5843368547303334,0.6002246311732697,0.07538574093154496,0.9996563792228699,0.582807614122118,0.5956728032657076,0.07553192818803443,0.9989716410636902,0.5819479601723805,0.595552153246743,0.07549719363451002,0.9988498687744141,0.5811252219336371,0.5954143575259615,0.07552139003361971,0.9987874031066895,0.5854466404233657,0.596287427629743,0.06661045641771382,0.9996352195739746,0.5862862331526617,0.5964952843529835,0.06653465580727369,0.9997801780700684,0.587138976369585,0.5966402309281482,0.0665204539362873,0.9998420476913452,0.5791969742093764,0.599335261753627,0.06837832821266988,0.9990997910499573,0.5874374713216506,0.5998148458344593,0.02869436062340224,0.9997918605804443,0.5826748507363453,0.6057598590850828,0.07490062149507655,0.999180257320404,0.5851320522172108,0.6061106494494845,0.06250567393643514,0.999646008014679,0.5729688354900901,0.6294039147240772,0.08607545207653723,0.9999786615371704,0.5865041392190113,0.6382922206606181,-0.023984073687876962,0.9999989867210388,0.5791706119264872,0.6739347679274419,0.0969001133527074,0.19739553332328796,0.5885764718055723,0.6867507764271323,-0.04760465515511374,0.9961832761764526,0.5908757908003668,0.7059318406241277,0.08102531954646107,0.13764970004558563,0.5952135903494696,0.7177077974591932,-0.04331250499401772,0.9916746616363525,0.5935751659529547,0.7131305473191394,0.08488347349422315,0.16013313829898834,0.5964875153132845,0.7268587691443305,-0.05394060063574993,0.9804264903068542,0.5951538000788005,0.7129318032945902,0.07551413231662338,0.15035554766654968,0.5972992505346023,0.726263960770198,-0.050061869195529365,0.9764066338539124,0.5943965724536348,0.7103624854769022,0.07701785383479932,0.13973592221736908,0.5968201432909281,0.7234500714710776,-0.04200667605868406,0.9474142789840698,0.5691855345453533,0.7097691723278587,0.0407281380678926,0.9999960064888,0.5751330460820876,0.7124376705714631,-0.04075685175401822,0.9999990463256836,0.5861467582838873,0.7600109236580982,0.09364215880632397,0.8563657999038696,0.5720898917743136,0.7782599755695885,-0.060693734990698925,0.9994530081748962,0.5909535680498392,0.8167798451014924,0.13259973909173686,0.9635289907455444,0.5534957170486448,0.8445828199386594,-0.0783426633902958,0.9988890290260315,0.5886924334934777,0.8297120758465355,0.13480932371956955,0.9753933548927307,0.5480731742722645,0.8541632873671392,-0.08094191019024163,0.9921532273292542,0.6051482098443164,0.8194871664047237,0.12190462691443302,0.9140103459358215,0.5672052860260006,0.8559956465448647,-0.11307880495275764,0.9927600622177124
75,0.5843286957059585,0.6002009766442432,0.0495187840823616,0.9996842741966248,0.5827969346727642,0.5956147926194324,0.050510860128062086,0.9990553855895996,0.5819428920745847,0.5954968009676249,0.05046945416501588,0.9989417195320129,0.5811268857547212,0.5953605379377089,0.05049219003745485,0.9988902807235718,0.5854297825268334,0.5962107436997547,0.04113311756934436,0.9996641278266907,0.5862551569938657,0.5964082564626418,0.04105750795985969,0.999796986579895,0.5870764970779416,0.5965329016957961,0.04104430478598388,0.999853789806366,0.5792419161115371,0.5992108958108082,0.05112820618918961,0.9991756081581116,0.5873592836516242,0.5996628454753328,0.007560370729437891,0.9998053312301636,0.5827011976923259,0.6056796465601237,0.051173781284264135,0.9992506504058838,0.5851174269403727,0.6060500553676058,0.038169916719198206,0.9996748566627502,0.5743165646280559,0.6294848578316822,0.07368726794208795,0.9999803304672241,0.5858419384275161,0.6376992174557274,-0.04083942281348363,0.9999989867210388,0.5853978310312541,0.6736637439046584,0.08401553056069778,0.24690252542495728,0.5886864083153858,0.6851796848433356,-0.06741140005843976,0.9963720440864563,0.5994678395135059,0.7015820690563743,0.06246044252599985,0.20997017621994019,0.5941015737397327,0.7187821490424017,-0.07098837803517066,0.9922747611999512,0.6025918654033113,0.7082028661455424,0.06486616092068806,0.2257511466741562,0.595320311614445,0.7287840689931594,-0.0837077187640326,0.9817124009132385,0.6034253801618301,0.7086940986769537,0.05469111693756918,0.21725423634052277,0.5967775310788833,0.7282853279794962,-0.0809518887528351,0.9779735803604126,0.6019447786467413,0.706548988819122,0.057951738153185134,0.20573297142982483,0.5964560031890866,0.7249703236988609,-0.07036517640309672,0.9505140781402588,0.5710551704679214,0.7087265576635084,0.04187969671828404,0.9999961256980896,0.575389218330383,0.7110967006002151,-0.041904062671320755,0.9999990463256836,0.5881464242935178,0.7575999174799234,0.09324020977531156,0.848899781703949,0.572112429141998,0.7777543170111517,-0.06922384032181328,0.9994874596595764,0.5910717725753781,0.8165125335965835,0.13613254470484593,0.9618587493896484,0.5536724669592719,0.8442134431430268,-0.09067397628511698,0.9989388585090637,0.5886725868497573,0.8295861244201655,0.13829208186694547,0.9738074541091919,0.5481141533170425,0.8536175608634945,-0.09387386888265606,0.9920476078987122,0.6055955580302643,0.8211670126233779,0.12249671752963742,0.91340571641922,0.5674750481333048,0.8562065873827249,-0.12857372420174729,0.9931568503379822
76,0.5843245880944385,0.600147449970245,0.034655478037893754,0.9997131824493408,0.5827879939760479,0.5956021359988619,0.03643324944589817,0.9991431832313538,0.5819420150348116,0.5954890489578244,0.03638774688754761,0.9990387558937073,0.5811287317957194,0.5953566653387885,0.03640949146023817,0.9989945888519287,0.5853508182934349,0.5961648515292574,0.02672514694609811,0.9996951222419739,0.5861307433673311,0.5963473200798033,0.02664693599300724,0.9998153448104858,0.5868877785546436,0.5964458652905053,0.02663255850119249,0.9998669028282166,0.5792906727109634,0.5991319452013286,0.04097194565193992,0.9992524981498718,0.5871809993471415,0.5994760785784037,-0.003796753899327344,0.9998217821121216,0.5827444263866967,0.6055707420621597,0.037774206431848645,0.999320924282074,0.585107452528817,0.6059039132935657,0.024352667507316374,0.9997047781944275,0.5756676827158244,0.6295581613268169,0.06707782266395429,0.9999819397926331,0.5850847073963708,0.6376608133316037,-0.04947389976254529,0.9999989867210388,0.589608972413199,0.6702523384775431,0.0793684227125985,0.28796711564064026,0.5886780534471782,0.6847226091793602,-0.07799301339047292,0.9965783953666687,0.6055408937590461,0.6956373929977413,0.06021301458988868,0.2728021442890167,0.5933149763516015,0.7193330883979794,-0.08741514320884428,0.9928594827651978,0.6086017795971459,0.7013489893504548,0.06294849972639763,0.2823939025402069,0.5944875972611561,0.7300178425652636,-0.10119955752577095,0.9829882383346558,0.6090472051075524,0.7019656981740676,0.050620917017970744,0.27506697177886963,0.5965501001902986,0.7291411399841305,-0.09884500663195332,0.9795256853103638,0.6073922872543331,0.700271574088505,0.05488876945206095,0.2618827819824219,0.596312708514077,0.7255982569285797,-0.08703997177737097,0.9535372853279114,0.573041783060346,0.7078770177704944,0.04226642783199036,0.9999963045120239,0.5756976212774001,0.7103555866650169,-0.042292299760239446,0.9999990463256836,0.5899828553199765,0.7543644513402662,0.08847974772964201,0.8415489792823792,0.5723584958485192,0.7769707662718633,-0.0730299598404339,0.999516487121582,0.5911977665764943,0.8162275893347599,0.12713523443256097,0.9614417552947998,0.553851727076939,0.843633365631103,-0.09983226209878918,0.9989888668060303,0.5886701379503521,0.82937421969005,0.12875645841870983,0.972858190536499,0.5481824466160363,0.8527923890522544,-0.1036211490631103,0.9919043183326721,0.6061461499759127,0.8228894421032493,0.112603776369776,0.9146779775619507,0.5678649919373646,0.8564216324261252,-0.139366271666118,0.9935745596885681
77,0.5843436769076753,0.5999467526163371,0.02412355401154074,0.9997389912605286,0.5828045027596608,0.595467470373426,0.026787402593929838,0.9992213845252991,0.5819964681352885,0.5953701938901625,0.026740393508225668,0.9991256594657898,0.5812204854828968,0.5952516538756232,0.026760412739323704,0.9990876913070679,0.5852404356002805,0.5959647297859189,0.016452659693147447,0.9997228980064392,0.5859515139034813,0.596115263870784,0.01636932417750358,0.999832034111023,0.5866211278097968,0.5961674451828001,0.016349280838455466,0.9998787641525269,0.5794347558702738,0.598956033161708,0.03568359467067887,0.9993215799331665,0.5869294813701083,0.5991101707730971,-0.01178697307727166,0.9998365044593811,0.582898734297071,0.6053727115903579,0.02880732331458212,0.9993835687637329,0.5850994586944577,0.6055977140154154,0.014589405272688177,0.9997313618659973,0.5768185956137518,0.6295056888035362,0.06502487595592223,0.9999832510948181,0.5843984195164269,0.6376770888056071,-0.055542060732841465,0.9999990463256836,0.5925111685480388,0.6640969787325175,0.08013899922370907,0.32320427894592285,0.5886715837887353,0.6847588062286374,-0.08419850319623944,0.9968396425247192,0.6093775050980701,0.6889499528067449,0.06304959931543892,0.3313293159008026,0.593319921834128,0.7193213173321312,-0.09364796983344209,0.9934877157211304,0.6124451943806236,0.6950567126274105,0.06645346943821223,0.3358963429927826,0.59451322044645,0.7297983612333021,-0.1073395071285111,0.9844537377357483,0.6127184476171218,0.6952138577188761,0.05285735258034295,0.3299342095851898,0.5965415954589841,0.7286325114113941,-0.10508524413619717,0.9812951683998108,0.6111448134694778,0.6934657795088628,0.05723711209637776,0.31736841797828674,0.5962916885103495,0.7250897560800822,-0.09323017065014154,0.9573749899864197,0.5754138418606347,0.7072437695094514,0.04225038460322787,0.9999964237213135,0.5759223937988278,0.7100067939077102,-0.04228082544037272,0.9999990463256836,0.5918460181781221,0.7503915548324582,0.0769343269722802,0.8470858335494995,0.5727796605655122,0.7764699118477953,-0.07457286098173684,0.9995521306991577,0.5913672975131441,0.8159344928605212,0.10472620895930694,0.9633188843727112,0.5539667759622844,0.842897738729204,-0.10516071575028552,0.9990645051002502,0.5886656744139532,0.8290266581944052,0.10528001721416197,0.9739387035369873,0.5482226014137266,0.8520671197346275,-0.10938950330018991,0.9922824501991272,0.6065384762627735,0.8243157369749883,0.08683576594505987,0.9203281998634338,0.5682442307472226,0.8565972958292276,-0.14655228257179254,0.9941068887710571
78,0.5843252028737747,0.5994764941079274,0.01673933233001402,0.999761700630188,0.5828171678951806,0.5951033251626148,0.019805450657648695,0.9992906451225281,0.5820742215429031,0.5950252618108474,0.019758050303374013,0.9992020130157471,0.5813729728971206,0.5949261171477178,0.019775857137782224,0.9991704821586609,0.585107236249106,0.5955315181187218,0.009301816060074736,0.9997476935386658,0.5857139400073458,0.5956529889787944,0.00921407996543816,0.9998468160629272,0.586283925601414,0.5956655076571871,0.009190660129700386,0.9998892545700073,0.5796491486685614,0.5985694646835324,0.03105539253779819,0.9993826150894165,0.586545647893633,0.598635877881731,-0.01708634551614522,0.9998492002487183,0.5830552152224946,0.6050765718732558,0.02227292568422853,0.9994395971298218,0.585068903650556,0.605162383828844,0.007862142819379057,0.9997550845146179,0.5777312585285729,0.6287707039288108,0.06258955150842664,0.9999843239784241,0.5839700102806089,0.6374974472182134,-0.058938262611627545,0.9999990463256836,0.5951140403747556,0.6569149409021647,0.08403862821204318,0.34681907296180725,0.5886768119675769,0.6847277930804658,-0.08748404788119449,0.9970685243606567,0.6125509960310797,0.6802060774394441,0.07359584452850475,0.37736183404922485,0.5934391975402828,0.7195099643298555,-0.0968171479446547,0.9940341114997864,0.6159606558935979,0.6860593404088698,0.07814380143369944,0.3774973154067993,0.5946041720254078,0.7298356158392766,-0.11005348967654359,0.9857191443443298,0.6163271784782407,0.6859126772199355,0.06455258908016338,0.3735213577747345,0.5966265967914034,0.7285049523626053,-0.10814383136374604,0.9828304648399353,0.6146849359784805,0.6841828720910206,0.06790716967412401,0.36203551292419434,0.5963407823017662,0.7248895185334339,-0.09649942325694215,0.960671067237854,0.5776766385350905,0.7068192958831784,0.04220137628061429,0.999996542930603,0.5765669669423782,0.7098159006663727,-0.04223745177899086,0.9999990463256836,0.5928303105490546,0.7482493570872711,0.06524455228022163,0.8452882170677185,0.5736344507762362,0.775860546316419,-0.07199742581163131,0.9995715618133545,0.5916107484272546,0.8156001908438543,0.0836397609540394,0.964007556438446,0.5542181611061094,0.841941096101488,-0.10371977516583028,0.9991191029548645,0.5887334040233064,0.8287046909332271,0.08335543125867839,0.973879337310791,0.5483474475996832,0.8512503198214936,-0.10796226326908379,0.9923661947250366,0.6067171931266782,0.8255399448531011,0.063515928281205,0.9248074293136597,0.5686320986066543,0.8566627332142417,-0.14647891266005372,0.994552731513977
79,0.5846567034721372,0.5986649274826047,-0.010523860076708448,0.9997841715812683,0.5830032263483317,0.5943410771233693,-0.006983732611739206,0.9993584752082825,0.5823544774736674,0.5942600369453428,-0.007036763230072597,0.9992775321006775,0.5817686830248148,0.5941685284887039,-0.007019708372120343,0.9992503523826599,0.5850379126412525,0.5948191506522039,-0.017782275032784248,0.9997718930244446,0.5855204548154556,0.5949647886412481,-0.01787275565522057,0.9998613595962524,0.585938967977251,0.5949968491281779,-0.01789941244891711,0.9998997449874878,0.5800260032926284,0.597890428134373,0.00866201001086405,0.9994413256645203,0.585803755692073,0.5982020599501471,-0.040787487024707435,0.9998626112937927,0.5835725716182161,0.604609429836273,-0.003326139464375694,0.9994931221008301,0.5851197787693565,0.6046957033021106,-0.018090263434818805,0.9997782111167908,0.5786049706595282,0.6269651464053559,0.04519354698381251,0.9999853372573853,0.5839876719883508,0.6372852223260059,-0.07781349420547481,0.9999990463256836,0.5972324439457481,0.650577548571995,0.0716317891010216,0.3720458149909973,0.5886668716158183,0.6846169863428385,-0.10594369726521624,0.9972856640815735,0.6150935786111011,0.6696392536163327,0.06462983531611304,0.42336413264274597,0.5935752034187314,0.7196298411914277,-0.11562322229146951,0.9945282936096191,0.6189326831272667,0.675110680716378,0.0689086060438837,0.4188581705093384,0.5946656516620088,0.7298118693487982,-0.12951781068529394,0.9868487119674683,0.6195742862565174,0.6739453673362729,0.05621226664100372,0.4168328642845154,0.5966937235423493,0.7286594186510356,-0.12848822857652387,0.9842094779014587,0.617947331496647,0.6724950381687707,0.0593032071632998,0.40621325373649597,0.5963848420551843,0.7249608925410675,-0.11574256356273374,0.9636461138725281,0.578539945398058,0.7063421709196904,0.04205934384039468,0.9999966025352478,0.5779199923787796,0.7098265664918079,-0.042095038614102756,0.9999989867210388,0.5932233640125817,0.7506494419915332,0.06322701307279721,0.841458261013031,0.5747464486530847,0.7755385143416265,-0.0672317211117063,0.9995702505111694,0.5919737986155916,0.815500210012708,0.08164967830692016,0.9644546508789062,0.5546207070350645,0.8410686578069411,-0.09805312412125719,0.9991554617881775,0.5889789921896795,0.8284843495913911,0.08122948599713187,0.9732620716094971,0.5485477464539661,0.8503026911190574,-0.1031460099986621,0.9922688603401184,0.6069479976381571,0.8266448855400081,0.05836352599518637,0.9290240406990051,0.5689354930605205,0.8566884994506831,-0.13846452406474516,0.9949331283569336
80,0.5855344721249169,0.5978133576256885,-0.04190529044717549,0.9998047947883606,0.583579451697213,0.5935484818049837,-0.037430149982018115,0.9994204640388489,0.5830379928861342,0.5934470738683425,-0.03749300778976507,0.9993466138839722,0.5825595208576745,0.5933503781046183,-0.0374770728605134,0.9993231892585754,0.5850320032664705,0.5941497904913763,-0.048668441628771146,0.999794065952301,0.5853983606610977,0.594366007191794,-0.04875955060124395,0.9998747110366821,0.5856276818684166,0.5944773878370009,-0.04878652191587854,0.9999094009399414,0.5805312429155619,0.5971910493714466,-0.015225711890629353,0.9994947910308838,0.5846337931496755,0.5980040805680409,-0.06642939395138192,0.9998750686645508,0.5846266865730283,0.6039579119001113,-0.03222918141234132,0.9995418787002563,0.5854753817830765,0.6041997926575794,-0.04750886535538092,0.999799370765686,0.5802211557115824,0.624938242776053,0.027132234429674475,0.9999861121177673,0.5836616822651453,0.6371909958975652,-0.096339430127825,0.9999990463256836,0.5993841511862616,0.6442955613136288,0.05938736093895773,0.38658469915390015,0.588595800740378,0.6845367942537577,-0.12067845165729517,0.9974663853645325,0.6184765764645165,0.6579829284123009,0.05571654279317172,0.4509701728820801,0.5938008785247799,0.7196013978549409,-0.12902055404015944,0.994929313659668,0.6226873312677653,0.6625478795596528,0.0596312130136149,0.44074547290802,0.5948694859232219,0.7298178928239002,-0.1433475319828305,0.9877045750617981,0.6234739320618763,0.6610029271670748,0.045871689809220156,0.44199538230895996,0.5968978081430705,0.728591990470886,-0.14358856252261565,0.9852762818336487,0.6217113988740101,0.6600420560155593,0.04999446310102938,0.43410736322402954,0.5965405157634187,0.724898312773023,-0.12967415345566607,0.9658278822898865,0.5796405468668253,0.7058938384056088,0.041813713525022764,0.9999966621398926,0.5794007675988331,0.7098462189946853,-0.04183999864118437,0.9999989867210388,0.5936714087213786,0.7552298171179632,0.05967117803437366,0.8226757645606995,0.5764266065188814,0.7749884520258218,-0.06115275855575286,0.9995279908180237,0.5924568210329325,0.8155774150575905,0.07908138143164767,0.9619672894477844,0.5552275300025937,0.8396339825221467,-0.09014165784631453,0.9991740584373474,0.5892257179532729,0.8284729548862999,0.07858117840119767,0.9698200225830078,0.5487191523824417,0.848504873684474,-0.09589624064309252,0.9918372631072998,0.6070084503718782,0.8273283345358708,0.05217390411666459,0.9316117167472839,0.5691102317401339,0.8567249706813262,-0.131116620344775,0.9952642917633057
81,0.5864120772906709,0.5967620662280488,-0.06857445162854021,0.9998242259025574,0.5841741783278327,0.5926820022719245,-0.0631262690826718,0.9994782209396362,0.5837233219827922,0.5926065496035982,-0.0631956009593393,0.9994117021560669,0.583318700109209,0.5925480314663476,-0.06317912575655747,0.999390721321106,0.58506965637207,0.59339690549033,-0.0748942653781601,0.9998146295547485,0.5853148034640718,0.5937247463635034,-0.07498442567884919,0.9998871684074402,0.5853614228112355,0.5939617770058765,-0.07501609639397686,0.9999184012413025,0.5810027922902785,0.5965642912047247,-0.0345040647845183,0.999545156955719,0.5835255980491636,0.5979000823838367,-0.08807655594178604,0.9998874068260193,0.5857819761548722,0.6030802658626009,-0.056522037306733934,0.9995874762535095,0.5860093883105684,0.6034836922373088,-0.07250154997621261,0.9998193383216858,0.5821351800646098,0.6231399382863723,0.011851957733077654,0.9999873638153076,0.5829584411212374,0.6372889740126471,-0.11219444913523532,0.9999990463256836,0.6015061991555348,0.637832220963069,0.04610711410641668,0.4255731999874115,0.5885289941515238,0.6847394091742376,-0.13356509677001402,0.9976553916931152,0.6227390272276739,0.6463778921536034,0.041584438830614065,0.5004125833511353,0.5940617987087792,0.7198070849691115,-0.14107065115656164,0.9953076839447021,0.6267663632120403,0.6496109145028248,0.04445238283702303,0.4886595606803894,0.595090545926775,0.7306796669960018,-0.15627286710909427,0.9885439276695251,0.6275382586887901,0.6475063868931359,0.029968277045658638,0.4910317063331604,0.5971991964748925,0.729061833449772,-0.15759804717132017,0.9863343238830566,0.6257479854992455,0.6475363288606912,0.03547487503715922,0.48396390676498413,0.5968031900269641,0.7249563080923894,-0.14222580684082842,0.9680538177490234,0.5817047459738592,0.7054048759596685,0.04129512906074522,0.9999968409538269,0.5807074853352135,0.709730003561292,-0.04130741442952836,0.9999989867210388,0.5954933370862686,0.7578051550047734,0.0631043622004134,0.8104156255722046,0.578343273912157,0.7745852402278351,-0.053265234082937214,0.9994442462921143,0.5956733226776121,0.8144411836351663,0.08935515265911814,0.9583695530891418,0.5533508283751348,0.8389045596122738,-0.076292456846152,0.9991510510444641,0.5922983578273225,0.8278731686728338,0.08943319735782483,0.9644325375556946,0.5459876911980763,0.8467035889625545,-0.08153898641467092,0.9907938241958618,0.6101739679064067,0.8254058786800925,0.06172812623637061,0.9344397783279419,0.5660882983888896,0.8589137469019205,-0.12081673358167916,0.9955431222915649
82,0.5867969836507522,0.5958349244935169,-0.06441204335008346,0.999841570854187,0.5844856619834897,0.5920363868985854,-0.05936494788953234,0.9995298385620117,0.5840869239398409,0.5920231785093032,-0.059434943114008196,0.9994697570800781,0.5837161966732567,0.5920265282903396,-0.059420126357248824,0.9994511008262634,0.5850788474082944,0.5927287306104384,-0.07074584535190034,0.9998330473899841,0.5851881180490763,0.5931224720818653,-0.07083820051380563,0.999898374080658,0.585092268671308,0.5934380003384179,-0.07087108556713373,0.9999264478683472,0.5812777178628101,0.5960771373340059,-0.03211173766425676,0.9995900392532349,0.5828203763280594,0.597633612155914,-0.08370681043182096,0.999898374080658,0.5863777416093006,0.6022890755108422,-0.05275367615478377,0.9996281862258911,0.5864008205277577,0.6027272445814947,-0.0681674713534968,0.9998371005058289,0.583486109120505,0.6215323397091455,0.012390206195414059,0.9999882578849792,0.5822258455412725,0.6370487383433747,-0.1061552552240235,0.9999990463256836,0.6028341787202015,0.6309891019548686,0.044373349526098775,0.46144771575927734,0.5881290878568375,0.6849779844284054,-0.12860988782984864,0.9978364706039429,0.6254246575491766,0.6336931552205765,0.03753835431167056,0.5420435667037964,0.5944740159170965,0.7205199224608281,-0.13879816063812794,0.9956896901130676,0.6294649021966113,0.6339393053736002,0.03949890956282614,0.5288028120994568,0.595448441164834,0.7322380917412891,-0.15356455317565365,0.9894140362739563,0.6299795389175412,0.6318817070552278,0.025663772970437992,0.532463788986206,0.5976306200027464,0.7305738704545154,-0.15517640198980054,0.9874032139778137,0.6282775265829901,0.6330854875700811,0.031568780701075265,0.5264374613761902,0.5971928375107899,0.7258110012326918,-0.1400157817772456,0.9704490303993225,0.583199402264186,0.7053519061633515,0.038813943628753914,0.9999969005584717,0.582851079532078,0.7096834404127935,-0.03883968091436793,0.999998927116394,0.5932974798338752,0.7612625769206453,0.04567419301186287,0.8081071376800537,0.5849252002579822,0.7686005728585376,-0.045050894362585865,0.9993715286254883,0.5830151166234695,0.8190995216369625,0.060915525151150535,0.9577736854553223,0.5667051706995281,0.8315335358892164,-0.04662490135857035,0.9991440176963806,0.577850236211504,0.8305925113814214,0.060060444048472786,0.9609361886978149,0.5601173690387178,0.840590029103415,-0.04860487048115046,0.9900623559951782,0.5949147037097382,0.8342545526368274,0.03195881119796206,0.937943160533905,0.5803867833954944,0.8494155219623017,-0.08572265548365453,0.9957894682884216
83,0.5868300863674706,0.595136737823486,-0.04959128711904795,0.9998570680618286,0.5844624400138853,0.5914922203336441,-0.04520357070224623,0.9995763301849365,0.5840745278767174,0.5915484445435657,-0.04526924512216021,0.9995221495628357,0.583710031849997,0.5916227817535398,-0.04525741658040453,0.9995056390762329,0.5850286739213124,0.5921397038868492,-0.055925379054886926,0.9998495578765869,0.5850124870027812,0.5925885966845919,-0.056018810399941006,0.9999083876609802,0.5848222323826379,0.5929680926459173,-0.05605416372418401,0.999933660030365,0.5813720890453882,0.59568749155317,-0.02178737318941524,0.9996307492256165,0.5824743185724528,0.5973185982022964,-0.07032828820603232,0.9999081492424011,0.5865958690643308,0.6017271586826867,-0.039352132380008675,0.9996650218963623,0.5866345133100235,0.6021630270140509,-0.05387476512363976,0.9998531341552734,0.5844223022460935,0.6189139842987057,0.018525164853781452,0.9999890923500061,0.5817148378917146,0.6359047515051702,-0.09442299732140128,0.9999986886978149,0.6040421111243109,0.6235596179962155,0.04661057623369351,0.5068119764328003,0.5875861644744871,0.685157091276986,-0.1201981086816106,0.9979061484336853,0.6261149627821783,0.6189434460231233,0.04026709826929227,0.5864580273628235,0.5950893265860419,0.7214869550296235,-0.13339311310223165,0.9959678649902344,0.6303970388003755,0.6160972646304537,0.04209513142704962,0.5740861892700195,0.5960145115852353,0.7337662799017767,-0.1475498391049248,0.9901112914085388,0.6305725387164521,0.6140594414302278,0.029578016325831402,0.5776333808898926,0.5981420193399699,0.7325802138873505,-0.14875386016709458,0.9882698655128479,0.629042519841875,0.6161030854497633,0.03482545465230941,0.5719660520553589,0.5976531709943496,0.727264719349997,-0.13442643412521899,0.97247713804245,0.5839646526745386,0.7051346795899525,0.03604689676846775,0.9999967217445374,0.5848764453615458,0.7095131516456601,-0.03609540792448178,0.9999983310699463,0.5919913666588916,0.7649669289588925,0.03436161881046634,0.8236324787139893,0.5904097505978172,0.7635096686226978,-0.041738295661551586,0.9984254837036133,0.5763735600880211,0.826032595975058,0.04133337451411143,0.9612538814544678,0.5827660015651155,0.8259807058743064,-0.028802203227366707,0.9987873435020447,0.5704811096191403,0.8339963027409141,0.03967067184192792,0.9631021618843079,0.5773504069873262,0.835439266477312,-0.028739293664693816,0.9894479513168335,0.5854651655469619,0.8467998726027348,0.011783804318734572,0.9434599280357361,0.5884861009461536,0.8403754864420205,-0.058541317922728375,0.9954692721366882
84,0.5871056744030541,0.5949070606912883,-0.05186073524611334,0.9998710751533508,0.5845424873488287,0.5913742525236945,-0.047441900840827375,0.9996179938316345,0.5841556412833075,0.5914556588445388,-0.04751125095146041,0.9995690584182739,0.5837938002177644,0.5915640541485375,-0.0475027752774102,0.9995545148849487,0.5850185513496395,0.5920107500893727,-0.05794557929038999,0.999864399433136,0.5849267108099798,0.5924896052905488,-0.058039562510592564,0.9999173879623413,0.5847097430910381,0.592884426457541,-0.058077376229422405,0.9999401569366455,0.5815122025353565,0.5955351676259719,-0.02369984430926185,0.999667227268219,0.5823160546166554,0.5971757650375363,-0.07128290917192183,0.9999169111251831,0.5870934588568548,0.6013185535158427,-0.04154616626245633,0.9996981024742126,0.5871274982179912,0.6018102100917269,-0.055787264023508316,0.9998675584793091,0.5852775250162394,0.6162846803665158,0.016564978047141004,0.9999899864196777,0.5813749364444185,0.6349129744938439,-0.09295166092259538,0.9999986290931702,0.6048766102109634,0.6156209213393072,0.04562200591234222,0.5488944053649902,0.5872029951640535,0.6856221028736657,-0.11672454369919634,0.9980520009994507,0.6253746237073623,0.6039227758135111,0.04216016570904424,0.6267849802970886,0.5960574660982401,0.7222457528114316,-0.12974452291216163,0.9962562918663025,0.6302254217011585,0.5990359101976664,0.04395291895738668,0.6152049899101257,0.5968946865626741,0.7342969298362728,-0.1433522679976054,0.9907850623130798,0.6303469964436119,0.5969121370996745,0.032312665826507964,0.6185785531997681,0.5989400352750502,0.7334702185222077,-0.14465304825987127,0.9891077876091003,0.6286817806107654,0.5992159656115938,0.03715813143977095,0.6133113503456116,0.5984856707709173,0.7282202124595639,-0.13074054462569093,0.9743931889533997,0.5854819944926668,0.7046894158635817,0.034720524932656954,0.9999966621398926,0.5860267043113705,0.7092007739203313,-0.03477476622377121,0.9999980926513672,0.5937119194439476,0.7650423714092797,0.032898262568882515,0.8293540477752686,0.59315048285893,0.7622985209737502,-0.0436200929539544,0.9984082579612732,0.579961766515459,0.8290808609553741,0.038335224879639467,0.9636633992195129,0.5870584487915036,0.8245932749339508,-0.028000214908804198,0.9987779259681702,0.5747318370001655,0.8352968794958928,0.036876521578856854,0.9623343348503113,0.5822815690721781,0.8319836088589256,-0.027250681178910375,0.9886865019798279,0.5886688573019843,0.8542031867163518,0.005519093785967137,0.9481146335601807,0.5859179752213611,0.8394648092133654,-0.054716567695140814,0.9957043528556824
85,0.5875409926686965,0.594832623004913,-0.09170241334608618,0.9998838305473328,0.5846557395798816,0.5913676227842055,-0.0867595323494502,0.9996559619903564,0.5842883910451615,0.5914533138275144,-0.0868372825639588,0.9996118545532227,0.5839442781039643,0.5915734291076657,-0.0868287507976804,0.9995988607406616,0.5850076607295442,0.5920287523950847,-0.09740230334656574,0.9998779296875,0.5848806040627613,0.5925145745277403,-0.09749912300280157,0.9999256134033203,0.5846700412886481,0.5929656744003293,-0.09754726854818203,0.9999460577964783,0.5817655307906011,0.5955137337957107,-0.05667567742722372,0.9997003674507141,0.5822779502187454,0.5972906981195719,-0.10517435308013638,0.9999250769615173,0.587871786526271,0.6010959165436878,-0.07892524951270645,0.9997280836105347,0.5878126059259685,0.6016111339841568,-0.09342120885848995,0.9998806715011597,0.5857920459338595,0.6138338650975905,-0.009090766057904272,0.9999907612800598,0.5814051985740658,0.6355522343090599,-0.11757752533469876,0.9999986290931702,0.6056854435375756,0.6070955004010878,0.023963747439639894,0.5807648301124573,0.587237853663308,0.6866564989089963,-0.1356458955577441,0.9981687068939209,0.6244728054319106,0.589070606231689,0.022875488070504997,0.6624063849449158,0.596987688541412,0.7230838962963646,-0.14680378224168497,0.9965272545814514,0.6290925281388416,0.583476296492985,0.024041105434298507,0.6515176296234131,0.5977521334375651,0.7345708523477824,-0.16106918156146996,0.9914395213127136,0.62943445784705,0.5811609455517358,0.012222547775932716,0.6547871828079224,0.5998045086860655,0.7335035988262718,-0.16315583118370594,0.9899150133132935,0.6277662209102083,0.5837036779948641,0.017899015386189723,0.6497504115104675,0.5994538085801258,0.7287108302116392,-0.14803509031023293,0.9761740565299988,0.5875073858669823,0.703944521290915,0.035019949610744186,0.9999966621398926,0.5862289139202661,0.7085760269846232,-0.0350565083324909,0.9999979734420776,0.5979393397058756,0.7618272696222574,0.04671952953296046,0.8351523876190186,0.5935801761490955,0.7645604644502909,-0.049808721989393206,0.9984527230262756,0.5944959299904957,0.8251371622085567,0.06477158902479066,0.9660202264785767,0.5743512051446095,0.8270570686885286,-0.0357665827763932,0.9988098740577698,0.5909396427018299,0.8329855680465694,0.06498860897762432,0.9633266925811768,0.5686017155647276,0.8301669989313395,-0.03512333626193658,0.9886628985404968,0.6059227279254366,0.8494117277009142,0.03069822064467837,0.9525118470191956,0.571026219640459,0.8490206718444819,-0.06639949423926214,0.9959856867790222
86,0.5882892012596128,0.5949375408036366,-0.13424187323876782,0.9998953938484192,0.5849872589111326,0.5915048258645191,-0.12910172407116202,0.9996902942657471,0.5846235803195405,0.5915888973644798,-0.12919386167611388,0.9996505379676819,0.584282805238451,0.5917052592550003,-0.12918818422726216,0.9996388554573059,0.5851731164114813,0.5921690225601193,-0.1402532647762979,0.9998900890350342,0.5849914874349319,0.5926467129162377,-0.14035197783793715,0.9999330043792725,0.5847404905727929,0.5931599344526015,-0.140409938778196,0.9999514222145081,0.5820699810981748,0.5955960001264297,-0.09367797417300083,0.9997302293777466,0.5823843104498725,0.5974923542567658,-0.14454615627016332,0.9999325275421143,0.5888003383363993,0.6010911430631363,-0.1191646559962204,0.9997551441192627,0.5886754631996152,0.6016557421003066,-0.13433520793914788,0.99989253282547,0.5859330807413371,0.6129091092518395,-0.03797507435083387,0.9999915361404419,0.5817116209438866,0.6375339405877246,-0.1476886272430419,0.9999985694885254,0.6063379747526983,0.5988523687635147,-0.0004387031575398782,0.6159371137619019,0.587197707380567,0.6879540341241016,-0.16153817496129436,0.9982477426528931,0.6236485770770479,0.5753866638456069,-0.002173473499715328,0.6953157782554626,0.5980888247489926,0.7241782750402175,-0.17202506661415093,0.9967204928398132,0.6281213011060439,0.5692319103649681,-0.0023630255567176,0.6852213740348816,0.5989156842231748,0.7350287352289469,-0.18732778004237574,0.9918781518936157,0.6285085150173729,0.5668062312262396,-0.014624460733362599,0.68830406665802,0.6010389668600897,0.7336472238813123,-0.19052216751234863,0.9904976487159729,0.6268635954175674,0.5695095828601289,-0.007365251013210839,0.6835684180259705,0.6007960166249954,0.7293301871844697,-0.17356432506016314,0.9773865342140198,0.5888417516435893,0.7032650317464553,0.035026282710688444,0.9999966621398926,0.5871007783072333,0.7081141182354516,-0.03506011718085832,0.9999977350234985,0.5993557197707037,0.7600884216172351,0.061037643253803224,0.8458633422851562,0.5975579908915926,0.7635202935763764,-0.053976171783038526,0.9984765648841858,0.5948625905173163,0.8222404258591784,0.09555636665650773,0.9687266945838928,0.5691418153899054,0.8244876725333073,-0.025552335195243348,0.9988172054290771,0.5911202907562253,0.8310458370617454,0.09738432701144896,0.964750349521637,0.5632118855203898,0.8256977149418419,-0.023543197209281573,0.9882057309150696,0.6075418898037499,0.8457900013242445,0.06458795624119892,0.9567638039588928,0.5712085587637762,0.8511163439069471,-0.05390665267727202,0.9962243437767029
87,0.588812468733106,0.5939253773008072,-0.15867164347852972,0.999905526638031,0.5850796478135243,0.5909532002040315,-0.15358758845499576,0.9997207522392273,0.5847040687288554,0.5910740358488897,-0.1536846297127859,0.9996848106384277,0.5843579190117969,0.5912482925823754,-0.153684594801494,0.9996745586395264,0.5851501822471616,0.5915806446756633,-0.16509765301431922,0.9999009370803833,0.5848937766892566,0.5920792903218948,-0.16519504444939742,0.9999395608901978,0.5845841697284151,0.5926752958978923,-0.16526197024754108,0.9999561905860901,0.5822297726358684,0.5954940812928333,-0.11607593287314683,0.999756932258606,0.5823883141790115,0.5973915389605928,-0.1685655040400368,0.9999390244483948,0.5892001799174715,0.5996200885091506,-0.14264686299221851,0.999779224395752,0.5891394938741409,0.6001943043300081,-0.1582781417029244,0.9999030828475952,0.5861112458365301,0.611859892095838,-0.057017408218234755,0.9999920129776001,0.5820743714060099,0.6391789623669213,-0.1687123288001332,0.9999979734420776,0.6067471010344366,0.5910245435578481,-0.01763841956853866,0.6422528624534607,0.587533434799739,0.6887536440576822,-0.1854025483131408,0.9980067014694214,0.622773514475141,0.5626975774765013,-0.020918923776064594,0.7239344716072083,0.5992756485939024,0.7253084404127935,-0.19936489718300948,0.9960374236106873,0.6271219474928716,0.5566843288285389,-0.022217853899512967,0.7145140767097473,0.6002618380955285,0.7357819659369329,-0.21638719694954997,0.9904859066009521,0.6275551983288352,0.5544639331953863,-0.03498522985194409,0.7175567746162415,0.6023625101361954,0.7344233580998009,-0.22044858251299168,0.9892500638961792,0.6258851885795591,0.5567178709166387,-0.026356742743934895,0.7129628658294678,0.6021299106734137,0.7304538386208667,-0.20136490591934741,0.974291980266571,0.5899614214897153,0.7021165370941159,0.03509084827133586,0.9999962449073792,0.5880841646875652,0.7071964332035607,-0.035126152421746916,0.9999969005584717,0.6013658779008044,0.7590363894190103,0.07430510244199204,0.8363200426101685,0.601583887849535,0.7627370323453627,-0.05809310887541087,0.9981659054756165,0.5949282543999805,0.8212316206523347,0.12759029503379543,0.9686574339866638,0.5713607890265325,0.8206830586705884,-0.010345680426274022,0.9985564351081848,0.5909283603940688,0.8293327995709007,0.1306765343461717,0.9619070887565613,0.5651459762028282,0.8212241206850319,-0.006286436319351194,0.9854147434234619,0.6080670288630892,0.8420462574277601,0.10342045724391932,0.9587764739990234,0.5712574379784718,0.8501167093004496,-0.03315077761986425,0.996063232421875
88,0.5889804840087888,0.5919371162142069,-0.15503214384828287,0.9999146461486816,0.5847885285105021,0.5897481237139017,-0.14998207816055836,0.9997481107711792,0.5843995145389009,0.5899503043719698,-0.1500784469502312,0.9997155070304871,0.584054327011108,0.5902452724320545,-0.15008088094847535,0.9997065663337708,0.5847822836467196,0.590332073824746,-0.16198598572186054,0.9999107122421265,0.5844490425927296,0.5909180862562994,-0.1620817976338522,0.9999454617500305,0.5841062494686668,0.5915352514811922,-0.16215484057153967,0.9999604225158691,0.5821245380810327,0.5950844270842413,-0.11335219591855997,0.9997809529304504,0.5821218575750076,0.5966981393950324,-0.16810636818408958,0.9999448657035828,0.5890423740659438,0.5972519993782041,-0.1393715519990239,0.9998008608818054,0.5891467571258542,0.5977772355079648,-0.1556602180004119,0.9999125003814697,0.5863480108124867,0.6111093044281003,-0.055902472138404824,0.9999924898147583,0.582440410341535,0.639665147236415,-0.1714157317365918,0.9999973773956299,0.6061221769877839,0.5846794451986038,-0.01573606552556156,0.6700096726417542,0.5882578900882174,0.6891838840075898,-0.19249840123312806,0.9978129267692566,0.6219850046294073,0.552760394981929,-0.018672848732343733,0.7502203583717346,0.6006228787558416,0.7259389519691464,-0.2094745670046124,0.9953433275222778,0.6263977272169927,0.5463321123804362,-0.020181000605225555,0.7415630221366882,0.6016614488192964,0.7361598048891336,-0.22766869451318458,0.989029586315155,0.6267813512257164,0.5441416399819508,-0.03295487021761279,0.7444647550582886,0.6038165858813691,0.7350147673061913,-0.23197479716369074,0.9878373742103577,0.6248159936496187,0.5462755101067677,-0.024156669101544778,0.7401087880134583,0.6035730481147763,0.7312254769461493,-0.21175924326692297,0.9716153144836426,0.5911181705338611,0.7012038401194978,0.03544820621609686,0.9999962449073792,0.5894498177937096,0.7064548373222348,-0.03548459165862627,0.999996542930603,0.6039591908454893,0.7576453140803743,0.08684554110680304,0.8437677621841431,0.6047135438237868,0.7633139235632757,-0.056118804535695455,0.9980552792549133,0.5949492488588602,0.8207304222243169,0.15080396533012383,0.9703797698020935,0.5752786210605074,0.8173736606325418,0.00853121078440121,0.9982670545578003,0.5909422584942405,0.8278894833156037,0.15472658659730631,0.9616081714630127,0.568911678450448,0.8173637134688237,0.014524023474327151,0.9832059741020203,0.6087362578936983,0.8383367180824276,0.13155590561883784,0.9616217613220215,0.5725498250552583,0.8477231826101027,-0.007281031273305411,0.9958428144454956
89,0.5887930461338586,0.5904387252671375,-0.16251523494720452,0.999922513961792,0.5843882100922718,0.5888317806380132,-0.15716447787625443,0.9997721910476685,0.5840135659490311,0.5890793204307554,-0.15725921179567057,0.9997423887252808,0.5836902805737083,0.5894442405019484,-0.15726071383271892,0.9997348785400391,0.5843469994408741,0.5893205182892933,-0.16927147848265506,0.9999193549156189,0.5840030227388652,0.5898461341857907,-0.16937275358608783,0.999950647354126,0.5836705889020645,0.5906565036092484,-0.16945414117404384,0.99996417760849,0.5819797107151574,0.5946748341832839,-0.11832449095589767,0.9998022317886353,0.5817484702382767,0.5967757787023269,-0.17345912243638711,0.9999499320983887,0.5889308146068026,0.5954687987055094,-0.14601278517927435,0.9998199343681335,0.5890324286052157,0.5960788607597348,-0.16241588762828274,0.9999207258224487,0.5869100740977693,0.6101004753793986,-0.059663150033780483,0.9999927282333374,0.5829242246491566,0.6399915593011036,-0.17599049636295855,0.9999966621398926,0.6054670078413824,0.5798399073737006,-0.020757679268717757,0.6855307817459106,0.5890993765422273,0.6895338841847007,-0.19942883465971256,0.9973608255386353,0.6207841413361683,0.5447894045284813,-0.027596033949937128,0.7720301747322083,0.6017079012734547,0.726512777805328,-0.2195319712162017,0.99415123462677,0.6250288384301319,0.5372057795524594,-0.03004807531833647,0.764309287071228,0.6028389590127124,0.7365157570157729,-0.23864190663610174,0.986748456954956,0.625115735190255,0.5353095582553316,-0.04285744290266716,0.7672273516654968,0.6050101126943312,0.7355036428996491,-0.24343785643577565,0.9855456352233887,0.6230084998267034,0.5381616132599965,-0.033171668648719774,0.7628872394561768,0.6047517589160372,0.7320552757808138,-0.22209614302430822,0.9671047925949097,0.5927768179348534,0.700287876810346,0.03547774148838859,0.9999963045120239,0.5907213534627639,0.7058642404420032,-0.03551522876535142,0.9999964237213135,0.6058676838874815,0.7565901347569054,0.0870091663939612,0.8476480841636658,0.6076907600675308,0.7638284853526521,-0.05401472055486268,0.9978540539741516,0.5946832997458319,0.819744423457554,0.15197167651993881,0.9718422293663025,0.5788622856140134,0.8148783121790202,0.015278787381248542,0.9979090094566345,0.5907977683203558,0.8257502300398687,0.15616608091763082,0.9611944556236267,0.5723533034324644,0.8145671793392723,0.021869455184787504,0.9809107184410095,0.6089087826865057,0.8361436963081357,0.13298521808215544,0.9640235304832458,0.5752916319029668,0.843647946630205,0.0016770487119044586,0.9954709410667419
90,0.5886808991432186,0.5903699108532494,-0.1741323777607508,0.999929666519165,0.5842398098536898,0.58873883996691,-0.16878529744488846,0.9997940063476562,0.5838718635695318,0.5889910476548328,-0.16888089563165384,0.9997665882110596,0.5835641367094855,0.5893591778618946,-0.16888117960521143,0.9997603893280029,0.5841720240456715,0.5892772572381153,-0.18097538352012627,0.9999272227287292,0.5837989449501035,0.5898427792957848,-0.1810810412679399,0.9999553561210632,0.5834336842809402,0.591034206322261,-0.18116897003991256,0.9999675750732422,0.5818786723273138,0.5947960359709601,-0.12837335658924914,0.9998213052749634,0.5815373097147257,0.5982155936104908,-0.18382909553391585,0.9999545216560364,0.5890997120312279,0.5955375211579456,-0.1568845995834895,0.9998370409011841,0.5891421198844906,0.596241656371525,-0.17339504488876878,0.9999281764030457,0.5875995942524499,0.6095321791512622,-0.06841764811958582,0.9999927282333374,0.5833766290119713,0.640838755880083,-0.1842716178723743,0.9999958872795105,0.6047929150717596,0.5765363778386794,-0.03269474133849142,0.7025743126869202,0.5896429657936093,0.6902241195951186,-0.2077372840472629,0.9972135424613953,0.6184799058096746,0.5383623872484478,-0.045628715519394174,0.7925988435745239,0.6029383506093704,0.727033926759447,-0.2305954975741249,0.9939298629760742,0.6220849548067362,0.5293272205761499,-0.04991217404603956,0.7857235670089722,0.6042473912239071,0.7367673771721973,-0.2508006313017435,0.9862947463989258,0.6221018569810046,0.5276738745825629,-0.06251208005206922,0.7885652184486389,0.6064943909645077,0.7359243341854638,-0.25625163103852944,0.9851979613304138,0.6202413150242394,0.5312030638967239,-0.05129284507461954,0.78426194190979,0.6062766449792042,0.7328419566154476,-0.23347951599529798,0.966716468334198,0.5945081727845325,0.6997570514678951,0.03589782140084674,0.9999959468841553,0.5917775596891128,0.7058949572699407,-0.03594008769307816,0.9999958276748657,0.6080877883093695,0.7558943901743204,0.09004291743040081,0.8469368815422058,0.6106113706316264,0.7643265451703749,-0.05358021972434859,0.9973728060722351,0.5944977726255142,0.8181164656366616,0.1595163370881761,0.9719424247741699,0.5813385469572881,0.8147335086550027,0.01099205355359507,0.9973809123039246,0.5906327128410337,0.8233993904931202,0.16418322750500264,0.9591795206069946,0.575054665974208,0.814548916476113,0.01698439303020547,0.9777758717536926,0.6084985528673441,0.8356347969600129,0.14086046431745794,0.9650551080703735,0.5795883502279007,0.8406630362783156,-0.004890533882592402,0.9948549866676331
91,0.5885568193026949,0.5912303498813082,-0.195608000244413,0.999934196472168,0.5841964295932223,0.5901706389018465,-0.19004879678998665,0.9998101592063904,0.5838503071240013,0.59028445482254,-0.19015162033694122,0.9997835159301758,0.5835595045770915,0.5905187879289897,-0.19015142619609823,0.9997801184654236,0.5840763398579185,0.5913276519094193,-0.20223855887140538,0.9999335408210754,0.5836771249771115,0.592254771505083,-0.20234711425645002,0.9999589920043945,0.5832840153149194,0.5938770839146202,-0.20243676219667697,0.9999700784683228,0.58191567829677,0.5960921968732559,-0.14624371869223451,0.9998365044593811,0.5815421274730135,0.6014334559440611,-0.20166336808885837,0.9999575614929199,0.5891529713358195,0.5958663225173947,-0.1768595384699957,0.9998498558998108,0.5891779576029094,0.597177411828722,-0.19337466997759672,0.9999334216117859,0.5880888683455328,0.6083872028759545,-0.08225262793047083,0.9999922513961792,0.5838596258844646,0.6425159743853974,-0.19756114440304884,0.9999948740005493,0.6044043694223674,0.5731119717870437,-0.049433114858610266,0.7165308594703674,0.5900305424417766,0.6911489503724231,-0.2206889135496956,0.997002363204956,0.6153569000107898,0.5328640665326797,-0.0690937413700989,0.8100586533546448,0.6042459726333615,0.7273404785564964,-0.24691932201385486,0.9935790300369263,0.6182915960039408,0.5230452588626314,-0.07518013816859037,0.8041808605194092,0.6057947226933067,0.7369434050151276,-0.268135780096054,0.9858113527297974,0.6185883675302775,0.521494172300611,-0.08800698093005585,0.8070470690727234,0.6079622796603609,0.7363518510545999,-0.2741317382880618,0.9848228693008423,0.6172691191945754,0.5250099522726874,-0.07497661108417167,0.8027510643005371,0.6077931778771534,0.7333820343017574,-0.250001977596964,0.9663467407226562,0.595945744855063,0.699298684937613,0.03693927090082848,0.9999955296516418,0.5928242325782773,0.7059187224933077,-0.036991058609315314,0.999995231628418,0.6105994122368946,0.7560807619776042,0.0830113183174814,0.8416100144386292,0.613300846304212,0.7641858577728268,-0.06020010890705242,0.9968060255050659,0.5941475868225095,0.816806660379682,0.15218980482646388,0.9709708094596863,0.5842808587210516,0.8151179960795808,-9.351384194036068e-06,0.996680498123169,0.5902100018092562,0.8221881645066393,0.15685830925192146,0.9567984342575073,0.5779843500682282,0.816133676256452,0.005585179760237221,0.9739593863487244,0.6078211699213298,0.8354047042982915,0.13100404994828355,0.9655681848526001,0.585024571418762,0.839766544955117,-0.02515230436942406,0.9940134286880493
92,0.5885887554713656,0.5924762351172308,-0.1951017481940132,0.9999403953552246,0.5841938018798826,0.5922800234385897,-0.18956112095287858,0.999828577041626,0.5838724749428883,0.5923285552433556,-0.1896706759929656,0.9998043775558472,0.583590279306684,0.5925016181809559,-0.18967001480715606,0.9998015761375427,0.583981680870056,0.5939467208726064,-0.2020427303654806,0.999940037727356,0.5835400155612398,0.5952790737152096,-0.20215312583105896,0.9999629855155945,0.583115002087184,0.5970029950141904,-0.20224130153655995,0.999972939491272,0.5820279751505169,0.5980447649955747,-0.1457103605781282,0.9998524785041809,0.5815596086638312,0.6040203622409273,-0.20257598587444842,0.9999615550041199,0.5890061088970726,0.5962389179638451,-0.17621419514928538,0.9998643398284912,0.5890788197517391,0.598434610026223,-0.19318810829094468,0.9999397397041321,0.5884190985134667,0.6078704306057519,-0.08121095736111911,0.9999924898147583,0.5841348358563012,0.6446358357157024,-0.19897281229495994,0.9999943971633911,0.6040687458855762,0.5707703232765196,-0.05054594145289487,0.7332821488380432,0.5905639801706584,0.6919762287821085,-0.22475711575576224,0.9966660737991333,0.6129649349621362,0.5290287426539827,-0.07353088451283316,0.8272637724876404,0.6057005831173485,0.7276174664497372,-0.25499683873994,0.992919921875,0.6153233511107306,0.5179376108305793,-0.08034129281129151,0.8218191266059875,0.6076206156185693,0.7369676726205004,-0.27707598635128555,0.9844464659690857,0.6157387631280079,0.516451048851013,-0.0932510212063789,0.8245760798454285,0.609730585983821,0.7365040217127115,-0.28275498236928653,0.9835093021392822,0.6147736242839266,0.5201107331684656,-0.07956192621162955,0.8202558755874634,0.6094731841768535,0.7335537672042843,-0.2580071577004023,0.9635683298110962,0.5968612125941682,0.6997255223137988,0.038326680873121514,0.9999951720237732,0.5941766602652411,0.7067195398466924,-0.03838645368814467,0.9999946355819702,0.6125412787709914,0.7574854663440156,0.07932634502649304,0.8431631326675415,0.6156668339456828,0.7636298060417173,-0.06752666713935986,0.9963476657867432,0.5942022255488801,0.8167863198689048,0.14710754241262158,0.9696601629257202,0.5877048713820319,0.8155456066131588,-0.005023845441506376,0.9960798025131226,0.5900569966861178,0.822872926507677,0.15263542362621846,0.9543125629425049,0.5809062821524481,0.8179314545222687,0.0010153101391292036,0.9702687859535217,0.6074825746672491,0.8347299303327284,0.12738319465092246,0.9655847549438477,0.5905166881425037,0.8396974154881065,-0.03145185410976409,0.9932513236999512
93,0.588219801017216,0.5933922665459767,-0.18341489604541225,0.9999432563781738,0.5840172069413319,0.593892613479069,-0.17794345745018542,0.999840497970581,0.5837598732539583,0.5940095118113924,-0.17804907645497997,0.9998161196708679,0.583529095990317,0.5942681993756973,-0.1780454831463949,0.9998164772987366,0.5837110076631816,0.5955681477274211,-0.1901742675474711,0.999944806098938,0.5832849672862459,0.5969559465135844,-0.19028157762118741,0.999965488910675,0.5828929884093146,0.5985531057630263,-0.19036312912191655,0.9999746680259705,0.5821948698588777,0.5998773029872346,-0.136265280842781,0.9998637437820435,0.5816124507359093,0.605091743809836,-0.19229505956172935,0.9999631643295288,0.5889096856117245,0.5963854091508045,-0.16545598315341126,0.9998737573623657,0.5889370373317171,0.5990729842867167,-0.1820763781666755,0.9999433159828186,0.5886500205312454,0.6078003082956583,-0.07402967321021213,0.9999918937683105,0.5844938669885905,0.6459993481636044,-0.19129078047616133,0.9999927282333374,0.6033339755875722,0.5700677616255622,-0.04202146434358186,0.7351683378219604,0.5911040186882016,0.6922071933746334,-0.22090625507490966,0.9951379299163818,0.6111932447978425,0.5268683825220377,-0.06638236397079056,0.838161289691925,0.6069126912525719,0.7258244480405531,-0.2548357367515563,0.9892988801002502,0.6132198078291754,0.5147382923534936,-0.07337117780532153,0.8336442708969116,0.6093676209449765,0.7348440953663414,-0.27715650456292273,0.977899432182312,0.6134045788219994,0.5131747858864918,-0.08604315678988181,0.836742639541626,0.611085408074515,0.7341015679495672,-0.2821218030793325,0.9769906997680664,0.6125937921660285,0.5173474141529626,-0.07245548431362421,0.831858217716217,0.6106047391891477,0.731172784737178,-0.2576403502907071,0.9510245323181152,0.597652721405029,0.7016769562448771,0.039950936713388965,0.9999942183494568,0.5955387473106382,0.7082399180957246,-0.04001335522958209,0.9999933242797852,0.6143897771835324,0.7594566260065347,0.0720507830381393,0.8226398229598999,0.6178498285157337,0.7627891012600487,-0.07379775590130258,0.9940604567527771,0.5946294137409752,0.8171608124460489,0.1500490512166704,0.955859363079071,0.5910213538578576,0.8159528902598786,-0.00776442350304153,0.9906848073005676,0.5899557948112485,0.8232618468148365,0.15215338638850615,0.9344704747200012,0.583645439147949,0.8191907048225399,-0.0021519620491225002,0.9472926259040833,0.607412779331207,0.8340651563235688,0.12576498069933478,0.9538173675537109,0.5958245669092448,0.8385075484003335,-0.0337430712367807,0.9856962561607361
94,0.5866652216230117,0.5933731062071661,-0.14890532855476646,0.9999454021453857,0.5827326178550718,0.5940304568835665,-0.1439674298678125,0.9998505711555481,0.5825772728238784,0.5943776454244338,-0.14406453264611102,0.999826967716217,0.5824702620506284,0.5949257407869609,-0.14406165714774805,0.9998303651809692,0.58238342489515,0.5953174233436582,-0.15603010058403008,0.9999486804008484,0.5820488504001069,0.5965409789766581,-0.15613663707460668,0.9999673962593079,0.5817760314260207,0.5979463406971519,-0.15621541610785886,0.9999759197235107,0.5818100469452991,0.6010814411299565,-0.10843358848776131,0.999874472618103,0.5812295930726185,0.6045165845326012,-0.16390919217041552,0.9999633431434631,0.588131054810115,0.5964433533804754,-0.13347264783723006,0.9998826384544373,0.5880664110183713,0.5984806724957055,-0.14986719063350123,0.9999464154243469,0.588677096366882,0.6087779794420513,-0.053162042796611755,0.9999919533729553,0.5849559681756153,0.6453671642712182,-0.17283091076782764,0.999991238117218,0.6022082465035572,0.5707051958356582,-0.025035428894417615,0.7374661564826965,0.5918582984379357,0.6909479549952913,-0.20761094093322743,0.9886801838874817,0.6093170217105317,0.5260059526988435,-0.04995666518807409,0.8463037014007568,0.6077730928148539,0.7222749335425237,-0.24357974955013806,0.9659900069236755,0.6109582185745237,0.5137150866644721,-0.05597658114773883,0.8423303365707397,0.6105594703129357,0.7312623500823972,-0.2657894773142677,0.9471931457519531,0.6109247514179772,0.5118659819875442,-0.06817132660320824,0.8458563685417175,0.6118498938424244,0.7301518031529015,-0.2697056106158664,0.945736825466156,0.6102818812642776,0.5161491598401748,-0.055845227943999404,0.8405120968818665,0.6111902236938473,0.7273135100092203,-0.24617852738925378,0.9052208065986633,0.5979486261095317,0.7045873795236857,0.04179219103285243,0.9999940395355225,0.5968906470707482,0.7095776983669824,-0.04185020434004918,0.999992847442627,0.6159414257322036,0.76098723752158,0.06859753004142213,0.8055703043937683,0.6199006710733683,0.7623349325997485,-0.07382770712886534,0.9907614588737488,0.5952572958809986,0.8177603840827938,0.15302207682813912,0.9320275187492371,0.5935905831200733,0.8163854190281455,-0.006304682325571772,0.9828336834907532,0.589845069817134,0.8240773558616634,0.15316645950078958,0.907273530960083,0.5861329027584619,0.8203415172440661,-0.0009756924750815535,0.9189242720603943,0.607514188970838,0.8341392585209433,0.12835877111979888,0.9351280331611633,0.5999988572938099,0.8366197807448248,-0.02543958436165536,0.9754882454872131
95,0.5848837426730562,0.5928942016192842,-0.12738537383931017,0.9999331831932068,0.5811836583273748,0.5938281893730161,-0.12258194642407548,0.999836266040802,0.5810824547495158,0.5943305509431018,-0.12267722657748625,0.9998074173927307,0.5810550417218887,0.595082536765507,-0.12267599701881403,0.9998257160186768,0.5808979766709461,0.5949824043682641,-0.1347593290465218,0.9999450445175171,0.5806733420916963,0.5961528829165865,-0.13486772222178317,0.9999625086784363,0.5805291073662892,0.5974777681486945,-0.13494223228522703,0.9999716877937317,0.5811126436505996,0.6019016180719645,-0.08962504991463248,0.9998733401298523,0.5807251368250163,0.6042665004730222,-0.14540287639413554,0.9999498724937439,0.5871551701000756,0.5962704811777384,-0.11302334261792041,0.9998779296875,0.5870155947549,0.597483854634421,-0.1295696337308202,0.9999401569366455,0.588931127956935,0.6098522884505133,-0.036828622541257294,0.9999911189079285,0.5854320168495175,0.6439751795360018,-0.16096365792410708,0.9999875426292419,0.6013192653656003,0.5706847923142566,-0.01225267989294869,0.7233556509017944,0.5924166406903946,0.6895534855978827,-0.19828420792307164,0.9747018218040466,0.6074593918664112,0.5257031270435876,-0.037510019860097325,0.8472508788108826,0.6087628109114508,0.7191343137196129,-0.23381584627287716,0.9244846105575562,0.6087599686213899,0.5136008705411637,-0.04261512617979729,0.8449468016624451,0.611760239941733,0.7284742338316778,-0.25555718626294804,0.8983852863311768,0.6086970380374361,0.5115187866347175,-0.05470130071043965,0.8494194149971008,0.6129607473100931,0.7272406169346397,-0.2587597148759023,0.8960809111595154,0.6082201395715983,0.5155951142311094,-0.04332328087517191,0.8433564305305481,0.6122217961720056,0.7242790562765935,-0.23614934810570298,0.8442320823669434,0.5987546835626871,0.7072049157960071,0.04370652458497454,0.9999935030937195,0.5982485124043053,0.7105244347027366,-0.04376041793397492,0.999991774559021,0.6179939627647397,0.7621990306036809,0.06001237694706233,0.765935480594635,0.6211377688816613,0.762238492284502,-0.07353365208421431,0.9837054014205933,0.5961431724684576,0.8187687328883576,0.13673903175762714,0.8896657228469849,0.5956330776214597,0.8167868971824641,-0.009326387329825329,0.9664353132247925,0.5899997711181638,0.8259355255535666,0.13723867493016373,0.862730085849762,0.588492655754089,0.8226452640124726,-0.0038871280886399145,0.8794477581977844,0.6078814080783297,0.8351112382752551,0.11266686980213432,0.8970190286636353,0.6033942001206531,0.8358870557376312,-0.027584756751145623,0.953434944152832
96,0.5841251254081723,0.5928011127880639,-0.11859207344906665,0.9999337196350098,0.5803564514432632,0.5942283494131904,-0.11385471416371203,0.9998430609703064,0.5802437748227798,0.594877321379525,-0.11395367532968516,0.999814510345459,0.580207995006016,0.5957324675151277,-0.11395636520215438,0.9998359084129333,0.5802152889115467,0.5951180951935902,-0.12663692789418352,0.999947726726532,0.5800619704382757,0.5962440746171132,-0.1267508630241666,0.9999637007713318,0.5799795338085717,0.5974796499524795,-0.1268242052623203,0.9999723434448242,0.5805426546505517,0.6026825717517306,-0.08133147082158493,0.9998813271522522,0.5804081371852328,0.604507551874433,-0.13903113688741403,0.9999482035636902,0.5866697396550857,0.5963363221713471,-0.10435787141323086,0.9998839497566223,0.5864960704530986,0.597061605112893,-0.12176107891968312,0.9999417066574097,0.5893344470432824,0.6116112232208248,-0.028660067490168965,0.9999908804893494,0.585814947741372,0.6426315937723429,-0.15855048128536764,0.9999855756759644,0.6007569909095761,0.5705366117613654,-0.007345602129186898,0.7097362279891968,0.5928513867514471,0.6884026101657319,-0.20114177933761043,0.9668399691581726,0.6058964354651312,0.525690676484789,-0.03502212177429879,0.8486827611923218,0.6097954273223873,0.7180798326219828,-0.23881404825619276,0.8900549411773682,0.6068122284752979,0.5135798811912534,-0.04022880813905169,0.8479343056678772,0.6128772343908034,0.727764054707118,-0.2609870816980088,0.857126772403717,0.6067354100091114,0.5115280526024952,-0.0522368007472583,0.8532206416130066,0.6143400379589623,0.7266667638506205,-0.2636002004146575,0.8535229563713074,0.6064191068921768,0.5154562081609451,-0.04093139054519788,0.8458666801452637,0.6136375631604873,0.7237209064619878,-0.240976618017469,0.7895382046699524,0.599798102038247,0.7092368074825828,0.045064188433544955,0.999992847442627,0.5999309131077355,0.7117184792246134,-0.04511764028242654,0.9999905824661255,0.6194552523749213,0.7625550542558939,0.05715382120438982,0.7231864929199219,0.6225351963724406,0.7617706418037411,-0.07254234978130883,0.977674663066864,0.5970985089029582,0.8194827301161626,0.11961203302655896,0.8399730324745178,0.5976192014557973,0.8168255243982584,-0.01416287927755287,0.950878918170929,0.5903993368148801,0.8277093359402243,0.12427378360714225,0.8139653205871582,0.5907352226121082,0.8246864829744608,-0.008135379970605882,0.8412928581237793,0.6082886576652524,0.836165482657296,0.10251683103186739,0.8525378108024597,0.6056246450969148,0.8360775300434653,-0.02960566910249845,0.9313673973083496
97,0.5849488292421611,0.5948782988956993,-0.12977513096162246,0.9999246597290039,0.5809047392436433,0.5965144276618954,-0.1251856612307684,0.9998369216918945,0.5807265383856635,0.5971781935010635,-0.12528786190918506,0.9998052716255188,0.580618367876325,0.597938411576407,-0.12529008431094027,0.9998354911804199,0.5808403389794483,0.5972015397889271,-0.13801471548421035,0.9999460577964783,0.580648486954825,0.5983032703399656,-0.13813127662454328,0.9999609589576721,0.5805091840880255,0.5994659747396194,-0.1382056751421519,0.9999696612358093,0.5806729435920712,0.6042340091296602,-0.09164941183158326,0.9998831152915955,0.5806317670004706,0.6062838213784352,-0.14941085406712115,0.9999375939369202,0.5872762611934114,0.5985141566821504,-0.11501906705754139,0.9998815655708313,0.5870536906378607,0.5992035712514602,-0.13248701116868422,0.9999375343322754,0.5899269274302888,0.6136548621313909,-0.03644483142665453,0.9999901652336121,0.5860555188996449,0.6431438463074817,-0.16514054707118436,0.9999818205833435,0.6003618495804921,0.5711465801511489,-0.012928104719945356,0.6892234086990356,0.5932181562696182,0.6886675579207281,-0.2087714433670043,0.9484738707542419,0.604833446230207,0.5264044489179336,-0.04344731941819189,0.8430190086364746,0.6106429253305705,0.7172122495515003,-0.24838352714266082,0.8370186686515808,0.6053634950092858,0.5143226725714545,-0.049845914436238134,0.844745397567749,0.6140443563461301,0.7265053561755586,-0.271082728249686,0.8002709150314331,0.6052014895847863,0.512276676722935,-0.06179194418447355,0.8512177467346191,0.6156068103654042,0.7248636637415201,-0.2736038054738725,0.7958657741546631,0.6049617750304084,0.5161319392068043,-0.049510945699044615,0.8418859839439392,0.6148624386106215,0.7219748735427853,-0.2504890361002512,0.7263898253440857,0.600740325450897,0.7106891785349161,0.04566094055771826,0.9999919533729553,0.6012961047036304,0.7136389170374186,-0.04571688270994593,0.9999890327453613,0.6204058783394947,0.7621961832046505,0.062043569343430624,0.6777470707893372,0.624238322462354,0.7610665798187252,-0.0755645828587668,0.9688993096351624,0.5976891619818548,0.8191353440284725,0.1251585432461329,0.7900377511978149,0.5995265211377823,0.8167657222066602,-0.01957941527611442,0.9340577125549316,0.5907052823475426,0.8280479907989499,0.1303455003670283,0.7643569111824036,0.5930111799921305,0.8261751924242288,-0.013717446037169009,0.8026038408279419,0.6078461919512065,0.83553443465914,0.10957107650382172,0.8052424788475037,0.6084686500685552,0.8367147088050838,-0.03571249667022908,0.9065358638763428
98,0.5861023630414688,0.5982352580342971,-0.14358728847333357,0.9999232292175293,0.5817278708730422,0.599847705023629,-0.13913367624793727,0.9998422861099243,0.5814900926181246,0.600461261613028,-0.1392432393772261,0.999810516834259,0.581325360706874,0.6010909097535266,-0.13924442891563682,0.9998430013656616,0.5816582918167111,0.6004459449223107,-0.15181844021592814,0.9999480247497559,0.5813989741461615,0.6015231643404276,-0.15193754902907775,0.9999617338180542,0.5811948537826536,0.6026321904999866,-0.15201829203537526,0.9999701380729675,0.5810904179300578,0.6065013391630988,-0.10429338216781611,0.999889075756073,0.5810542941093442,0.6089172431400841,-0.16181675536291934,0.9999375343322754,0.5881173815046035,0.6019360082490102,-0.1281887007611138,0.9998869299888611,0.5878437433923991,0.6026942781039644,-0.14549408129283353,0.9999393224716187,0.5903672030993867,0.6161296963691708,-0.04683714987976208,0.9999899864196777,0.5864017163004192,0.6456899234226768,-0.17272871264389575,0.9999809265136719,0.600002951281411,0.572436143670763,-0.02343275658786296,0.6977579593658447,0.5939053535461423,0.6901070203099928,-0.21416412251336225,0.9459560513496399,0.603960607733045,0.5276457599231172,-0.05852501722318783,0.8540161848068237,0.6114104304994853,0.7162689839090617,-0.2557627141475676,0.8406021595001221,0.6042786138398304,0.5156048110553194,-0.06613052317074364,0.8558623194694519,0.6152774010385783,0.724805230753762,-0.27929825442177897,0.8022692203521729,0.6039243561880927,0.5135331869125364,-0.07817516646214889,0.8621327877044678,0.6165523648262021,0.7218468666076656,-0.28197405508586326,0.7980497479438782,0.6037212354796271,0.5174825838633944,-0.06465134673884934,0.8530417680740356,0.6158108711242674,0.7191674964768543,-0.25796978899410783,0.7219167351722717,0.6012456485203331,0.7113991873604907,0.0454976721533707,0.9999914169311523,0.6024236066000799,0.7156417029244556,-0.04555451763527732,0.9999884366989136,0.6204673239162988,0.76149285861424,0.0725185943501336,0.6697270274162292,0.6258588484355379,0.7607437763895304,-0.07749512216874527,0.9680941104888916,0.5976706521851674,0.8176365188189911,0.14198770863669252,0.7801341414451599,0.601414688995906,0.8169404012816289,-0.021966478042304505,0.9334352612495422,0.5906836220196312,0.8273617216518944,0.14763929056269776,0.753533661365509,0.5951266952923363,0.8270982674189973,-0.016254920645483895,0.7943221926689148,0.6067436201231817,0.8330444063459119,0.12861192779881608,0.798438549041748,0.6110539793968197,0.8370137844766885,-0.039248404545443386,0.905225932598114
99,0.5872094035148617,0.6014802336692808,-0.15834706723690026,0.9999259114265442,0.5827018976211544,0.6027290412357873,-0.15362830460071558,0.9998524188995361,0.5824062160083223,0.6032081961631772,-0.1537433845656258,0.999822199344635,0.5821884836469375,0.6036821705954413,-0.15374223696334016,0.9998539686203003,0.582591720989772,0.60352463381631,-0.16610103334699353,0.9999514222145081,0.5822535123143875,0.6046560679163249,-0.16622312217950813,0.9999639987945557,0.581974751608712,0.605818997110639,-0.16630984289305545,0.9999718070030212,0.5816467983382086,0.608567040307181,-0.11624393228973656,0.9998971223831177,0.581614622047969,0.6117758427347453,-0.17326041247163493,0.9999404549598694,0.5889460427420478,0.6050814662660868,-0.14188213539975023,0.9998946785926819,0.5886765735489978,0.6062413164547509,-0.1588992284876959,0.99994295835495,0.5907883712223595,0.6177724582808355,-0.05584839609052451,0.9999899864196777,0.5870394502367289,0.6494452902248924,-0.179199679834502,0.9999809265136719,0.5996678335326056,0.5738293749945502,-0.03266835204724754,0.710788369178772,0.5952868001801624,0.6928557923861909,-0.21634081048624848,0.9478576183319092,0.6031983818326675,0.5291884984288895,-0.0667539627424308,0.8657145500183105,0.6135143365178787,0.7153717313493998,-0.25696966648101793,0.8516486287117004,0.6034174135753084,0.5174046073641093,-0.07478604566838057,0.8675417900085449,0.617795029708317,0.7221903647695266,-0.280654717343194,0.814698338508606,0.6028890899249483,0.5152921761785233,-0.08709734433463638,0.8734671473503113,0.6191256301743641,0.7185588053294587,-0.283810611282076,0.8107851147651672,0.6027043206351141,0.519282839979444,-0.07289076708257194,0.8647699952125549,0.617904128347124,0.7161405086517331,-0.25932848368372224,0.7346527576446533,0.6021800381796698,0.7116862995283941,0.045159046884093945,0.9999911189079285,0.6033256241253442,0.7176641362054004,-0.045214292407035804,0.9999881982803345,0.6205990246364046,0.7610881975718903,0.08231806584766929,0.6721662282943726,0.6269396134785241,0.7613082357815331,-0.07941516659089494,0.9691486954689026,0.5976199252264838,0.8164448840277532,0.15780680690492893,0.7795079350471497,0.6028663907732279,0.8177832875932962,-0.020821613978062346,0.9364932179450989,0.5906687327793663,0.8268789410591122,0.16362427728516707,0.7543110847473145,0.5965148040226524,0.8285149438040593,-0.014991305715271398,0.7981671690940857,0.6057729550770348,0.8307343482971188,0.1448373500789914,0.8012024760246277,0.6129341414996553,0.8373867596898756,-0.039715064849172296,0.909274697303772
100,0.5877962657383506,0.6031048774719235,-0.14178547816617143,0.9999262690544128,0.5834287762641903,0.6042942540986194,-0.13647742952619274,0.999859094619751,0.583148498194558,0.6047442896025519,-0.13659067792551852,0.999829113483429,0.582945496695382,0.6051877294267924,-0.13658652773925228,0.9998617172241211,0.58327385357448,0.6051725421633036,-0.1488476987395967,0.9999537467956543,0.5829234940665106,0.6063612648418969,-0.1489711310182298,0.999965250492096,0.5826281751905167,0.6075817806380133,-0.1490571694714682,0.9999728202819824,0.5822453788348604,0.6101203594888956,-0.0991758680769375,0.9999023079872131,0.5821625947952268,0.6135686840329848,-0.1555070289543696,0.9999414086341858,0.5894805431365964,0.6066192218235558,-0.12558777332305904,0.9999002814292908,0.5891902906554083,0.6079536250659394,-0.1424278978790555,0.9999452233314514,0.5913285681179589,0.619485715457371,-0.0408412946122033,0.9999895095825195,0.5879467913082664,0.6516109841210498,-0.16457632524626586,0.9999803304672241,0.599412677969251,0.5748827133859904,-0.01770816720756036,0.7120958566665649,0.5966235041618344,0.6946312427520749,-0.20056008824280322,0.9480974674224854,0.6025197982788083,0.5305209006581986,-0.04784199148416517,0.8742409944534302,0.6154330713408331,0.7131361808095656,-0.23845840862819118,0.8604132533073425,0.6027702178273879,0.5188937681061878,-0.0547000287898949,0.8761008381843567,0.6197546788624352,0.7186794825962608,-0.26085294442517404,0.8236688375473022,0.6021662746156962,0.516803431510925,-0.06637889657701762,0.8818835616111755,0.6214041522571017,0.7154052189418244,-0.2635171021733964,0.8199325799942017,0.6019691433225356,0.5207941259656631,-0.0536623669522149,0.8731880784034729,0.6197604349681307,0.7133696334702625,-0.24054788861955906,0.741362988948822,0.603165096896035,0.7130186217171801,0.04489596188068388,0.9999904632568359,0.6044776320457456,0.7189771788460864,-0.04495078452995843,0.9999876618385315,0.6207837751933504,0.7614222492490492,0.08328374496528076,0.6660017967224121,0.6275267379624501,0.7617379971912925,-0.0791632805551801,0.9689862132072449,0.5979526451655793,0.8160502212388171,0.15512031997953135,0.7759149670600891,0.6039316671235218,0.8184459192412237,-0.021020962790186906,0.9374620914459229,0.5908434135573248,0.8267377649034768,0.16062170863151543,0.7512497901916504,0.5972661784717012,0.8292829871177669,-0.015486119451400418,0.7968188524246216,0.6056836247444151,0.8299743669373645,0.1413248125995908,0.7989892363548279,0.613524063995906,0.8375442181314736,-0.04093425923160142,0.9102360010147095
101,0.5882486769131249,0.6041205235889977,-0.13418577121836792,0.9999256134033203,0.5840867604528152,0.6053732327052521,-0.12833607835429048,0.9998641014099121,0.5838605540139332,0.6058156098638259,-0.1284528834479195,0.9998342990875244,0.5837113823209488,0.6062322122710089,-0.1284462556242942,0.9998682141304016,0.5839126195226394,0.606414038794381,-0.14093612858227317,0.999955415725708,0.5836078183991565,0.6077653391020635,-0.14106330211673457,0.999966025352478,0.5833524618829997,0.6091443232127596,-0.14115483675684243,0.9999734163284302,0.5829725180353434,0.611502921581268,-0.09015078863927292,0.9999064803123474,0.5829216803823196,0.6155748299189974,-0.14753169459956028,0.9999417662620544,0.5900230424744739,0.6076530115944996,-0.1178677897368158,0.9999042749404907,0.5897407650947568,0.6092190793582368,-0.13498594207423067,0.9999464154243469,0.5919376901217867,0.6209646582603452,-0.031404757765786974,0.9999886751174927,0.5891586303710934,0.6532492722783767,-0.15712986077581126,0.9999797344207764,0.5993081024714876,0.5754507677895679,-0.0026516271089868874,0.7077394127845764,0.5975535767418995,0.6951151098523818,-0.18760372826031269,0.9492932558059692,0.602032797677176,0.5316719463893342,-0.030493496464831474,0.8809394836425781,0.6164165564945763,0.7097200070108682,-0.21965584329196375,0.8690671920776367,0.6023009300231931,0.520146036148071,-0.03651862969355922,0.8827207684516907,0.6210814237594602,0.7146832108497616,-0.2419508329459598,0.8328653573989868,0.6016655598367961,0.5180387360709052,-0.04811318442225454,0.8883622288703918,0.6228430850165229,0.7112591624259945,-0.24357091741902476,0.8290897011756897,0.6014118535178046,0.5219772934913633,-0.036161924526095374,0.8795083165168762,0.6209742835589815,0.7095129251480099,-0.22092954431261325,0.7496300339698792,0.604167522702898,0.7141350609915593,0.04472800418734549,0.9999895691871643,0.605906009674072,0.7199550083705354,-0.044781046892915434,0.999987006187439,0.6207656230245315,0.7620823638779772,0.09321992397308346,0.6634700894355774,0.6282638345445902,0.7627550516809734,-0.07393184176513123,0.9691793918609619,0.5984681521143229,0.8160864148821145,0.16456360774380813,0.7762430906295776,0.604558500221797,0.8188423003469191,-0.016011167690157882,0.9395299553871155,0.5911913258688788,0.8267101032393316,0.17000000647136135,0.7518625259399414,0.5982020633561268,0.8296241010938368,-0.010523818526417011,0.8020156621932983,0.6056307537215093,0.8300263455935883,0.15105837753840848,0.7998979091644287,0.6140255962099345,0.8377205167497903,-0.03545486566477587,0.9128495454788208
102,0.5885295578411645,0.6043578743934629,-0.13786705051149634,0.9999260306358337,0.5845907058034622,0.6059580905096869,-0.1319176988942282,0.9998697638511658,0.5844257456915717,0.6064833045005795,-0.13203564413956226,0.9998407363891602,0.58434042930603,0.6069539512906752,-0.13202861760343818,0.9998749494552612,0.5844436015401565,0.607020374706813,-0.1447544519390378,0.999957263469696,0.5842279451233998,0.6085106423922945,-0.14488189390727443,0.9999670386314392,0.5840636696134293,0.6100367920739307,-0.1449756741523742,0.9999741911888123,0.5837216036660328,0.6128822139331269,-0.09351745205266132,0.9999111294746399,0.5838437438011166,0.6172509602137971,-0.15170893754277903,0.9999427199363708,0.590437224933079,0.6079809086663379,-0.12135505676269526,0.9999088644981384,0.5901884657996038,0.6095068165234154,-0.13883740901947014,0.9999482035636902,0.5923875638416832,0.6227881090981616,-0.03244410684066158,0.9999881982803345,0.5904138667242864,0.6548911350114002,-0.16026014898504523,0.9999791979789734,0.5992751172610689,0.5758463280541554,0.0013147392975432545,0.7073080539703369,0.5980731521333964,0.6951214211327685,-0.18595654240676326,0.9514243602752686,0.6016516378947664,0.5326096347400118,-0.029082746058702452,0.8884097337722778,0.6172130908284865,0.706329604557582,-0.21488625790391638,0.8791911602020264,0.6017776897975374,0.5210183160645618,-0.03541246375867296,0.8901132345199585,0.622429207393101,0.7109019262450078,-0.23898758930819364,0.8443684577941895,0.6012238536562236,0.5189452001026696,-0.04730485337121143,0.8956313133239746,0.6240306053842815,0.7066690444946286,-0.23934758688722327,0.8407581448554993,0.6009906615529739,0.5229240570749553,-0.03485125862061976,0.8868277668952942,0.6224389859608239,0.705310876028878,-0.21625419173921848,0.7625319957733154,0.6052663258143831,0.7153840405600408,0.04497839425291331,0.9999880790710449,0.6068467514855518,0.7208564417702807,-0.045026043270315425,0.9999857544898987,0.6209896411214553,0.7632842046873906,0.10167263873985831,0.6506893634796143,0.6287539856774462,0.7640161701611107,-0.06601264625787731,0.9693799614906311,0.5990032110895427,0.8161226970808843,0.17702085290636327,0.7726438045501709,0.6046022142682754,0.8185929638998846,-0.007283062900283504,0.9408971071243286,0.5916869231632775,0.8267313889094757,0.18293664157390585,0.7503635287284851,0.5985369801521299,0.8293941634041918,-0.0014334059087559576,0.8041856288909912,0.6062182784080503,0.830199038982391,0.16628740131855002,0.7979772090911865,0.6139119369643072,0.8375765545027593,-0.023647217851664327,0.9143922328948975
103,0.5886016794613427,0.6043050612722122,-0.15135479441710875,0.9999271631240845,0.5848265903336658,0.606235120977674,-0.14546814199004848,0.9998752474784851,0.5847023555210655,0.6068466288702826,-0.14559061676263804,0.9998475313186646,0.5846568822860715,0.6073830349104743,-0.1455867837582315,0.9998814463615417,0.5847219790731155,0.6073177218437192,-0.1585883466260773,0.9999590516090393,0.5845802937235148,0.6089227131434847,-0.1587153194206101,0.9999681711196899,0.5844936830656866,0.6106035777500695,-0.15881158454077576,0.9999749660491943,0.5841776183673311,0.6139514957155496,-0.10670916012355255,0.9999163150787354,0.5845207163265771,0.6185300503458293,-0.16613094913108,0.9999442100524902,0.5906327571187697,0.6079969729695999,-0.1345623348440442,0.9999136924743652,0.590450572967529,0.6095090167863026,-0.1524708539247512,0.9999502301216125,0.5925423826490126,0.6240755660193305,-0.043356603038098115,0.9999879002571106,0.5915661982127596,0.6560287305286949,-0.1736157347049031,0.9999785423278809,0.5992495962551659,0.5769018905503407,-0.008024727832525967,0.7112736701965332,0.5984306727136881,0.6953441228185377,-0.19927094749041957,0.9537461400032043,0.601417769704546,0.5335483516965591,-0.03756885238523993,0.8946192860603333,0.6183709893907816,0.7028549194335934,-0.2275920787027903,0.8882266283035278,0.6013195395469663,0.5221100875309533,-0.04419731622827903,0.8961801528930664,0.6238810896873471,0.7066114272390089,-0.2545699447393416,0.8545024991035461,0.6008830291884283,0.519926343645368,-0.05674850600106374,0.90157151222229,0.6255190764154703,0.7017446177346363,-0.25299739965370716,0.8509170413017273,0.6007065415382382,0.5238444004740032,-0.043582069208579384,0.8928585052490234,0.6239728059087477,0.7007313081196374,-0.22883226871490467,0.7733865976333618,0.60607065473284,0.7167779156139915,0.0455591134727001,0.9999863505363464,0.6075092060225347,0.7220764619963507,-0.0455983020365238,0.9999837875366211,0.6210438506943836,0.7648237330572942,0.1134520924517086,0.645423948764801,0.6294107913970944,0.7655717475073675,-0.056843036306755856,0.9697487950325012,0.5993162138121466,0.8165159089224675,0.19324642079217086,0.7615825533866882,0.6042871338980536,0.8180058309010093,0.004963283706456422,0.9394561648368835,0.5921432069369722,0.8269648381641929,0.1993507398026329,0.7434892058372498,0.5983771358217509,0.8286980492728093,0.011489919473284054,0.8012331128120422,0.6071521793092998,0.8309909905706129,0.18527861067226947,0.7863101959228516,0.6135151829038346,0.8373279826981677,-0.008286282193980041,0.9112535715103149
104,0.5889173984527585,0.6050476193428036,-0.12057133891752783,0.9999271631240845,0.5851620333535328,0.6070691517421174,-0.11444962642022537,0.9998791813850403,0.5850496956280298,0.6077582120895383,-0.11456830607993257,0.9998523592948914,0.5850220118250162,0.6083769610949922,-0.11456525794097351,0.9998865127563477,0.5850439020565574,0.6079865677016119,-0.1273779509322983,0.9999603033065796,0.5849117619650701,0.6095490489687235,-0.12750072245086935,0.9999687671661377,0.5848395092146734,0.6112114855221337,-0.12759088448115752,0.9999753832817078,0.584659237521035,0.6150408932140892,-0.07889003796236851,0.9999205470085144,0.5850223013332909,0.6191041861261637,-0.13746164590120308,0.9999446272850037,0.5909237299646647,0.608736649581364,-0.10535457815442763,0.9999173879623413,0.5907108698572429,0.6099981699671061,-0.12299829636301307,0.9999514818191528,0.5927569678851534,0.6257461701120646,-0.022284065692552486,0.999987781047821,0.5922493066106521,0.6562256557600836,-0.1526864554200853,0.9999785423278809,0.5992244737488881,0.5786826746804371,0.008311867234962323,0.708443820476532,0.5983434029987877,0.6948800614901949,-0.18312232324055255,0.9566007256507874,0.6012291635785781,0.5350752115249631,-0.01760438435844012,0.8994414806365967,0.6186525549207412,0.6988774197442187,-0.21300534180232447,0.8973591327667236,0.6009647096906386,0.5236922655786784,-0.022928641736507403,0.9009417295455933,0.6241987671170913,0.701977089473179,-0.23879470782620554,0.8653644919395447,0.6006537096840991,0.5213348048073903,-0.034826484868036835,0.9062790274620056,0.625847324303218,0.6971229144505089,-0.23614603493894837,0.8618923425674438,0.6005542806216646,0.5251392228262762,-0.023346480507669694,0.8975003361701965,0.6242660505431036,0.6962788122040882,-0.21386878703321718,0.786802351474762,0.6063598615782598,0.7185502392905097,0.045903654715844545,0.9999848008155823,0.6077848723956514,0.7229759659085951,-0.04593786288584979,0.9999821186065674,0.6213964751788545,0.7662431921277724,0.1144670169268335,0.6306100487709045,0.6296789680208477,0.7666936670030862,-0.05346466164503776,0.9701839089393616,0.5995426246098107,0.8170038189206801,0.1893051556178501,0.7547721862792969,0.6038712978363034,0.8174359696252002,0.005687868342335733,0.9398016333580017,0.592478253160204,0.8272486618586945,0.19600735306739797,0.7410762906074524,0.5978676080703733,0.8277683104787551,0.011395822901145684,0.8034331202507019,0.6079747165952407,0.8321324740137369,0.18087770683424803,0.7799440622329712,0.6129649673189432,0.8372799260275701,-0.005630710428314545,0.9114031195640564
105,0.5892305919102256,0.6060353262083868,-0.09305685673441201,0.9999268054962158,0.5854244061878746,0.6080079998288832,-0.08645041787198608,0.999882161617279,0.5853187578065052,0.6086854117257252,-0.08656718081661628,0.9998559355735779,0.5852993198803491,0.6092971699578418,-0.08656279668211933,0.9998908042907715,0.5852941325732637,0.6089177897998261,-0.09901374110153738,0.9999613165855408,0.5851630704743519,0.6104621682848246,-0.09913474108491621,0.9999692440032959,0.5850933841296602,0.6121258156640186,-0.0992226870996611,0.9999757409095764,0.5850244743483405,0.6157577957425796,-0.05226122888603378,0.9999235272407532,0.5853782636778693,0.6197697247777663,-0.10942064779145372,0.9999450445175171,0.5912734508514401,0.609701871871948,-0.07890069548572809,0.9999202489852905,0.591042145660945,0.6109314322471616,-0.09599897254790575,0.9999523162841797,0.5933249899319237,0.626382323673793,-0.0015787217499954355,0.9999874234199524,0.592722358022417,0.6562574846403936,-0.130344904746328,0.9999788999557495,0.5992051959037779,0.5805383546011785,0.025701115772660276,0.7070460319519043,0.5979617783001488,0.6934120093073161,-0.16423118412494653,0.9601953625679016,0.6011641894068034,0.5368119938032965,0.001530880188303333,0.9054726362228394,0.6180815901075087,0.694563259397234,-0.19705344736576072,0.9067253470420837,0.6007716928209574,0.5256253038133891,-0.00284783374518156,0.906746506690979,0.6240697111402236,0.6973536116736272,-0.22095781096390305,0.8771347999572754,0.6004921725818086,0.523036353928702,-0.01433604341000318,0.9118383526802063,0.6256335905620027,0.6927249465669901,-0.21822965443134298,0.8738702535629272,0.6004604050091331,0.5266629048756188,-0.004011113835232596,0.9032469987869263,0.6238393647330145,0.6919586675507678,-0.1971449332577841,0.8039776086807251,0.6066796864782058,0.7195059282439092,0.0458405228597777,0.9999842643737793,0.6080269830567493,0.7236769352640421,-0.04587554708123205,0.9999817609786987,0.6217992476054598,0.767212547574724,0.11236111755881985,0.6217906475067139,0.6299194608415873,0.7676947576659063,-0.05296378721083911,0.9719898104667664,0.5998616661344253,0.8175640566008427,0.175991118805749,0.7588780522346497,0.6036446026393343,0.81732599394662,-0.0007561494862394662,0.9436134099960327,0.5929386309214998,0.8273617642266407,0.18187699147633135,0.7462138533592224,0.5977015222821914,0.8269660609109057,0.003581648606008716,0.8156281113624573,0.6085037435804092,0.833633949075426,0.16329058664185653,0.785145103931427,0.6126017672674993,0.837551435402461,-0.013133004666971301,0.9169384837150574
106,0.5898689218929833,0.6068310873849048,-0.062363584765366104,0.9999268651008606,0.5859851343291144,0.6086969137191769,-0.05544992600168498,0.9998852014541626,0.5858965141432624,0.6093319143567764,-0.05555794558354783,0.9998598694801331,0.5858831950596398,0.6099116700036182,-0.05554996558598106,0.9998948574066162,0.5857938238552636,0.6096080558640613,-0.0676179787942341,0.9999623894691467,0.5856442809104916,0.6110874840191429,-0.06773537014211924,0.9999698400497437,0.5855532578059603,0.612690278462001,-0.06781506219080513,0.9999761581420898,0.5856258545603068,0.6161293012755255,-0.02339651031153541,0.9999266266822815,0.5858541318348474,0.6200002397809707,-0.07869575002363745,0.9999458193778992,0.5919443828719,0.6104615041187829,-0.04929316533463339,0.9999234676361084,0.5916255320821486,0.6116738455636157,-0.06583582673754007,0.9999534487724304,0.5939842173031396,0.6266594205583842,0.022191212046891444,0.9999872446060181,0.5928144863673617,0.6555616872651233,-0.10537390964371812,0.9999792575836182,0.5993744696889601,0.5815105284963333,0.045199756364205035,0.7090919017791748,0.5978203603199548,0.6911791665213445,-0.14247476799147463,0.9635293483734131,0.6012491941452023,0.538025036879948,0.019538751018366638,0.9113385081291199,0.617603882721492,0.6906120027814588,-0.17295074122292647,0.9152993559837341,0.6007085425513128,0.5272802846772328,0.01575738856502409,0.9125056266784668,0.6239092264856607,0.6927269288471763,-0.19431710626397805,0.8880387544631958,0.6003806999751498,0.5247002312115259,0.004846132639795543,0.9173440933227539,0.6253807204110279,0.6887594205992559,-0.1921052443129675,0.8849745988845825,0.6004149828638347,0.5280567543847219,0.014190247259102758,0.9090189337730408,0.6235190510749813,0.6880827733448571,-0.17307601485933566,0.8201135993003845,0.6070996761322018,0.7202592083386009,0.04574056406106265,0.9999839663505554,0.6077565482684542,0.7237672652517042,-0.045778850040265474,0.9999814629554749,0.6224361453737528,0.7678075994764052,0.10207563340663905,0.6303339600563049,0.6297937410218373,0.767974736009325,-0.056272361853292985,0.9741653203964233,0.6003042629786897,0.8180362973894388,0.15403458433491837,0.7717210650444031,0.6034052729606625,0.8173363958086283,-0.013536284651075085,0.9480244517326355,0.5935181515557423,0.827379465103149,0.15835807664053775,0.7572333216667175,0.5973723667008534,0.8262876510620114,-0.009997636598667925,0.8291807770729065,0.6089528237070354,0.8346769911902288,0.13922732216971254,0.7972649931907654,0.612117528915405,0.8377212473324364,-0.026091149635612952,0.9234013557434082
107,0.5902005434036253,0.6070173553058076,-0.06661297253199983,0.9999287128448486,0.5863392387117656,0.6088314907891407,-0.05987626707979608,0.9998899698257446,0.5862825853484015,0.609430508954184,-0.05998337747795238,0.9998661875724792,0.5862861752510068,0.6099728737558634,-0.05997529806835308,0.9999002814292908,0.5861014962196347,0.6098251819610593,-0.0720288942967142,0.9999639391899109,0.5859515343393595,0.6112875444548468,-0.07214703900473454,0.9999709725379944,0.5858575565474371,0.612880946908678,-0.07222623186452044,0.9999769330024719,0.586173183577401,0.616214369024549,-0.027415787029479218,0.9999308586120605,0.5862820386886594,0.6201999374798363,-0.08236670941114421,0.9999476671218872,0.592412049429757,0.6106465084212165,-0.05326480418443677,0.9999273419380188,0.5920183232852387,0.6119060226849145,-0.06982296247567446,0.9999550580978394,0.5946695344788685,0.6264661329133167,0.019693952532751212,0.9999874234199524,0.5929649063519067,0.6551318049430844,-0.10821501740387503,0.9999799728393555,0.5997406125068662,0.5822313938822062,0.04325203469821383,0.7207711338996887,0.597774038996015,0.6883689096995759,-0.14071346351078573,0.9667807221412659,0.6014251027788431,0.5391215188162666,0.01712109165133109,0.9182828068733215,0.6175278084618702,0.6872002312115257,-0.18738259204796373,0.9232476949691772,0.6007600375584191,0.5286519357136314,0.013312303780445024,0.9192599654197693,0.6240387541907171,0.688531056472233,-0.21064796234880165,0.8982979655265808,0.6003623638834269,0.5261232631547108,0.002063743956387043,0.923745334148407,0.6254813926560535,0.6846682514463149,-0.20759975058691832,0.8954450488090515,0.6004525508199416,0.529327401093074,0.011663276635642556,0.9159141182899475,0.6236412610326492,0.6842643329075402,-0.187471517920494,0.8358557224273682,0.6075984563146315,0.720945254393986,0.04566062007631572,0.999984622001648,0.6074677722794666,0.7239932554108752,-0.04569686480930871,0.9999821186065674,0.623085558414459,0.7685032129287716,0.09596480045999795,0.6496270298957825,0.6295201165335516,0.7680998785155156,-0.05859446887459071,0.9764917492866516,0.600626158714294,0.8184965746743335,0.14372664604868202,0.7873021960258484,0.6031702143805364,0.817444448811667,-0.021291171719453154,0.9526686072349548,0.5940836378506249,0.8273843799318582,0.14683267516749238,0.771969735622406,0.5970403705324443,0.8258904746600556,-0.01725177206764263,0.8439048528671265,0.6091572608266556,0.835310362066541,0.1297556926097188,0.8115793466567993,0.6116977657590591,0.8377627440861289,-0.03444098949964555,0.9301671385765076
108,0.5910691976547238,0.607526680401393,-0.07152027594191684,0.999920129776001,0.5872742942401338,0.6091186165809628,-0.065045868818249,0.9998828768730164,0.5872175182615005,0.6096928000450133,-0.06515128857323099,0.9998582005500793,0.5872104116848534,0.6102132916450498,-0.06514484265020912,0.9998950958251953,0.5870554906981329,0.6101398553167068,-0.07696148114545001,0.9999616146087646,0.5869117702756607,0.6115712574550081,-0.0770790440695626,0.999968945980072,0.586809136186327,0.6131101165499003,-0.07715517559221809,0.9999749660491943,0.5871136716433931,0.6163890174457002,-0.03285977425319806,0.9999292492866516,0.5871618117604934,0.620374797071729,-0.08669935081686288,0.999941885471344,0.5931927084922788,0.6111048953873768,-0.05820389688014981,0.9999260306358337,0.5928011144910537,0.6123398695673258,-0.07449999068464548,0.9999524354934692,0.5950155070849824,0.6268518890653335,0.014346542914531055,0.9999863505363464,0.5935546874999997,0.6552785447665621,-0.11159390147243223,0.9999788403511047,0.6003114989825654,0.5831458313124518,0.03671388796397616,0.7131128907203674,0.5980817113603861,0.6842978102820256,-0.14454444476536335,0.9690387845039368,0.6015320914132252,0.5406226617949348,0.009573039000055617,0.9211911559104919,0.6175251909664696,0.6838220306805198,-0.20380437118666503,0.9297113418579102,0.6008507166590007,0.5299874203545705,0.005473372736014424,0.9227194786071777,0.6239796229771203,0.6840703283037455,-0.2283865192106791,0.9065205454826355,0.6004758868898662,0.5275204709597994,-0.00598817503611956,0.9272192716598511,0.6253258364541188,0.6804117304938176,-0.2253101050853728,0.9037516117095947,0.6005868775503973,0.5308088251522607,0.004019528344672705,0.918932318687439,0.6235870361328122,0.680430790356227,-0.2041028631584984,0.8470595479011536,0.6076828598976132,0.7212581004415237,0.04534543465290749,0.9999825358390808,0.6075930220740179,0.7243992686271664,-0.04537823423743245,0.9999796152114868,0.6234844122614176,0.7688850556101114,0.09245022365025107,0.6404426097869873,0.6294556430407929,0.7686119369098114,-0.059805040380784415,0.9783603549003601,0.6009715982845848,0.8186226299830841,0.1387078166007995,0.7894904017448425,0.6029894777706688,0.8176470228603904,-0.025818612399910165,0.9561132192611694,0.5946333221026826,0.8272016031401495,0.14182847865990222,0.766660749912262,0.5968422736440383,0.8256887827600747,-0.021937682093786333,0.8529875874519348,0.6089023402759004,0.8352181570870532,0.12302000394889281,0.8123475909233093,0.6114652599607192,0.8378032037190025,-0.04223325183348994,0.934679388999939
109,0.5919115066528318,0.6080535990851264,-0.08454237245023247,0.9999127388000488,0.5883333563804624,0.6093842285020008,-0.07800473498978783,0.9998765587806702,0.5882877996989656,0.6098823768751959,-0.07811300147856981,0.9998511672019958,0.5882879189082552,0.610332700184413,-0.07810883665723456,0.9998905658721924,0.588143249920436,0.610595415319715,-0.08935694705162725,0.9999593496322632,0.5880065730639864,0.6120711479868205,-0.08947643802634303,0.9999669194221497,0.5878963691847663,0.6136465294020513,-0.08955517677324155,0.999972939491272,0.5881751009396141,0.6163815379142759,-0.04477586913853882,0.9999278783798218,0.5880289963313509,0.6208545514515464,-0.09630277156829829,0.9999354481697083,0.5939341000148226,0.6114560553005761,-0.07090115520570957,0.9999241828918457,0.593572606359209,0.6129399878638129,-0.0865005256342036,0.9999494552612305,0.5957054546901155,0.6270210623741147,0.002819873259535853,0.9999854564666748,0.5942595345633368,0.6564925653593878,-0.11853402916874199,0.9999772906303406,0.6010461432593206,0.5842432311602999,0.02518725012029919,0.7046352028846741,0.5978906801768709,0.681025227478572,-0.1617690954889569,0.9710777997970581,0.6019424847194124,0.5419843333108082,-0.0019777029154023967,0.923249363899231,0.6173908778599327,0.6807855742318286,-0.23155613243579853,0.9350818991661072,0.6011196460042678,0.5310978685106548,-0.006550598250968116,0.9253378510475159,0.6240601250103539,0.6794654028756275,-0.25841998245034886,0.9132462739944458,0.6006552423749648,0.5286691546440122,-0.018272294130708484,0.9298626184463501,0.6251752189227511,0.6762034637587409,-0.25498105628149836,0.9104892611503601,0.6007975510188508,0.5321168644087653,-0.007597710178898914,0.9210909605026245,0.6234638554709295,0.6768670405660353,-0.23207690800939276,0.8558577299118042,0.6078745331083022,0.7209828002112249,0.0445442553077425,0.9999807476997375,0.6078498193195885,0.7248439993177138,-0.044575812241860774,0.9999772906303406,0.6237427660397118,0.7689853821481973,0.08773745724133078,0.6335294246673584,0.6295957292829237,0.7693833947181699,-0.06024631985596245,0.980027973651886,0.6014030626841951,0.8186925274985174,0.13521033482892167,0.7916595935821533,0.602777084282466,0.8178526043891903,-0.022587957446064257,0.9592100977897644,0.5951966592243737,0.8269565905843458,0.13816972013030726,0.7629354596138,0.5966728772435866,0.8255791136196677,-0.018627965876034318,0.8614632487297058,0.6090030108179363,0.8353498680250981,0.11559412692274361,0.8130361437797546,0.6112872804914199,0.8378394177981782,-0.04184873061520711,0.9386449456214905
110,0.5927361164774211,0.6084126881190706,-0.05581778255956511,0.9999051094055176,0.5893889886992316,0.6094448753765649,-0.048852592174495946,0.9998708367347717,0.589356994628906,0.6098725931985035,-0.04895728251763751,0.9998459219932556,0.5893596802439005,0.6102639487811494,-0.04895251574260845,0.9998865723609924,0.5892205647059847,0.6107880387987406,-0.05967443478958945,0.9999568462371826,0.5890934654644555,0.612279289109366,-0.05979015827178952,0.9999650716781616,0.588982570171356,0.6138674718993048,-0.0598590121737548,0.9999707937240601,0.5892572232655113,0.6161437749862668,-0.017540109530091275,0.9999276995658875,0.5889602065086361,0.6208739502089361,-0.06697667475257597,0.9999291300773621,0.5946957196508132,0.6114526731627326,-0.043246683052607926,0.9999229907989502,0.5943790827478679,0.6131350381033759,-0.058126688216413744,0.9999464750289917,0.5964693716594148,0.6270989298820493,0.023983998743018924,0.999984860420227,0.5947661893708363,0.6567093287195476,-0.09545672003711969,0.9999756813049316,0.6020193985530305,0.5845989823341367,0.042492929846048334,0.7051199078559875,0.6002450602395191,0.6781443084989272,-0.15380770266056054,0.9727545976638794,0.6028159345899307,0.5425279804638451,0.013929835028414208,0.9269217848777771,0.6170303515025545,0.6769525068146839,-0.21472831751619056,0.9400182366371155,0.6018385955265588,0.531709802150726,0.009771792840079535,0.9292466044425964,0.6236193146024428,0.6739240459033418,-0.24028851091861714,0.9197484254837036,0.6011769873755316,0.5293814931597026,-0.0011766815042522326,0.9336788058280945,0.6242614984512327,0.671618236814226,-0.2365984754902975,0.9170638918876648,0.6013131908008027,0.5327985337802339,0.008570456015877422,0.9248326420783997,0.622918515545981,0.6722733667918611,-0.21522376367024004,0.8646493554115295,0.607826733589172,0.7206144281796043,0.04397474378347395,0.9999796152114868,0.6078900115830554,0.724726147311074,-0.044008974624531585,0.9999750256538391,0.6240624802453174,0.7688240579196381,0.07545692345925736,0.643789529800415,0.6297240512711658,0.7701562540871754,-0.06103434009211401,0.9815979599952698,0.6017173290252682,0.8187523024422778,0.11434430863176068,0.7977373003959656,0.6026541181973046,0.8179784485271995,-0.02904587526406559,0.9619431495666504,0.5955526641436982,0.8267997281891956,0.11605099056448248,0.761819064617157,0.5965635265622817,0.8255108850342884,-0.02594550901225634,0.8682326078414917,0.609094941616058,0.8354131971086771,0.09086837023496624,0.8167673349380493,0.6112109882490973,0.8378650035176956,-0.051142002961465274,0.9420641660690308
111,0.5925613982336859,0.6085232530321392,-0.03818700042154106,0.9998987913131714,0.589405342510768,0.6093840803418837,-0.030843184169914026,0.9998660683631897,0.5893830435616627,0.6097852945327755,-0.030945074345384307,0.9998423457145691,0.5893916181155611,0.6101483498300821,-0.030937330478004024,0.9998849034309387,0.58928621666772,0.6107905677386689,-0.04119018518498964,0.9999541640281677,0.5891981567655289,0.6123068111283436,-0.04130589169050964,0.9999628067016602,0.5891267248562402,0.6139216525214056,-0.04136993533798625,0.9999679327011108,0.5895896741322106,0.6159800257001602,0.0001962983714682738,0.9999278783798218,0.5893505522183007,0.6209164091518944,-0.04692724261965067,0.9999182820320129,0.5946233136313299,0.6110224843025205,-0.025937159944857853,0.9999199509620667,0.5943543536322455,0.612918823105948,-0.040191446085061325,0.9999399185180664,0.5974774173327853,0.6265558123588559,0.03886729831740791,0.9999847412109375,0.5948602216584339,0.6566958648817877,-0.07880072551114214,0.9999726414680481,0.6030498147010801,0.584458063329969,0.055822506866284746,0.7085274457931519,0.6021086505481172,0.6771580610956461,-0.1399222838027136,0.9731409549713135,0.6042988351413179,0.5422496131488252,0.027762205665931097,0.9311858415603638,0.6158753497259954,0.6735088263239176,-0.20654147224766858,0.940884530544281,0.6033288172313143,0.5319225328309193,0.02425196110936147,0.9335572123527527,0.6225233605929781,0.6692147476332525,-0.23256786252771094,0.9215478301048279,0.6023677263941081,0.5297582098415917,0.013734752744702353,0.9378178715705872,0.6225337709699356,0.6674249478748864,-0.22818543059485288,0.9184407591819763,0.6024796043123515,0.5330846309661863,0.022600029941116054,0.9292019009590149,0.6214805705206732,0.6681013720376148,-0.2070796651499611,0.8649592399597168,0.6080141101564677,0.720454244954245,0.04344657946910174,0.9999804496765137,0.6076706562723428,0.7245341352054048,-0.043485026274408596,0.999975323677063,0.6244920543261934,0.7690854140690391,0.06284720833812438,0.6562898755073547,0.629642513820103,0.7708742703710281,-0.06293676708425791,0.9831861853599548,0.6018453393663675,0.8188447935240605,0.09891117193869177,0.8070852756500244,0.6025946480887274,0.8179375716618126,-0.0328760300363813,0.9650430679321289,0.5957777483122687,0.8267837711742942,0.10045425487416126,0.7696982622146606,0.5964624200548442,0.8252429212842665,-0.029876400423901408,0.8779223561286926,0.6095402990068706,0.8358515364783147,0.07421411190714151,0.8247495293617249,0.6111357739993502,0.8378415584564205,-0.055122067566428845,0.946338415145874
112,0.5932559524263652,0.6084751878465923,-0.057559635490179034,0.9998902678489685,0.5901879821504863,0.6092093706130979,-0.05044075889246802,0.9998596906661987,0.5901252644402637,0.6096525498798913,-0.05055230105561867,0.9998363852500916,0.5900838426181245,0.6100648845945082,-0.05054613766925673,0.9998804926872253,0.5901798163141521,0.6104647977011541,-0.06138516313263345,0.999951183795929,0.590138186727251,0.611900550978524,-0.061498975221599826,0.9999604821205139,0.5901111721992489,0.6134375350815906,-0.061567918743405996,0.9999651908874512,0.5901912025042939,0.6158673388617377,-0.017250446815575866,0.9999269843101501,0.5903627208300997,0.6203884295054841,-0.06693357612405501,0.9999102354049683,0.5952502863747731,0.6105613657406395,-0.04427162935691218,0.9999180436134338,0.5951407568795337,0.6123680693762641,-0.059254668014390104,0.9999356865882874,0.5982223050934925,0.6260978204863409,0.02617060601977364,0.9999840259552002,0.5955242787088664,0.6555425150053839,-0.0958284069384847,0.9999703168869019,0.6041648064340861,0.5843006151063099,0.04227910989097185,0.7077274322509766,0.6070671779768805,0.6709160923957822,-0.1576885453292301,0.9745801687240601,0.6060693928173607,0.5411024962152751,0.009830782083528378,0.9343740344047546,0.6192386644227161,0.6590172886848447,-0.22327102082116254,0.9453707337379456,0.6053662589618135,0.5315015384129114,0.005285824236593074,0.9371249675750732,0.624940981183733,0.6524358272552487,-0.24983366727828968,0.9275933504104614,0.604325791767665,0.5296015449932641,-0.006249621091410515,0.9412737488746643,0.6241652659007478,0.6504443543297901,-0.2462747403553553,0.9246070981025696,0.6043957863535196,0.5328758972031726,0.004155336127483416,0.9327350854873657,0.6233798537935527,0.6517191154616216,-0.2240779778787067,0.8737654685974121,0.60811470576695,0.720368875776018,0.04333525278738565,0.9999797344207764,0.6076602135385782,0.7244383147784639,-0.043372721544333845,0.9999733567237854,0.6247630664280479,0.7694236925670075,0.05985874512365884,0.6686030030250549,0.6296424286706104,0.7721956849098202,-0.06301957815885541,0.9844859838485718,0.6019154208047046,0.8188169530459808,0.09521031507423941,0.8149732351303101,0.6025581308773583,0.8178341048104418,-0.030313843169382626,0.9673771262168884,0.5959531630788528,0.8265777264322549,0.09662068124328337,0.7739649415016174,0.5963960460254122,0.824864564623151,-0.027118226513266553,0.883972704410553,0.6099049942834034,0.8362503920282633,0.07056101911834305,0.8320457339286804,0.6110121130943296,0.8378400189535954,-0.05153974550110951,0.9495330452919006
113,0.5942017418997625,0.607812314374106,-0.06968888241265497,0.9998840689659119,0.5912198969296044,0.6085646527154103,-0.06224117718104803,0.9998595118522644,0.5911356227738515,0.6090531604630605,-0.06236150626625331,0.9998376369476318,0.5910653216498236,0.60954178742,-0.06235757991671559,0.9998813271522522,0.5912986363683426,0.6096533553940906,-0.07371107201491081,0.9999494552612305,0.5912988424301144,0.6109710795538763,-0.07382381787257532,0.9999589920043945,0.5913098028727937,0.6123879466738017,-0.0739002840859549,0.9999628663063049,0.5910894836698257,0.6154343451772415,-0.026930044195614743,0.9999292492866516,0.5915147798401966,0.619376570837838,-0.07904626162988795,0.9999063014984131,0.596233180591038,0.610125112533569,-0.05562736562320161,0.9999182224273682,0.5962500725473674,0.6118194733347209,-0.07126947391246043,0.9999333024024963,0.599318969249725,0.6255822522299628,0.017700501587907112,0.9999836683273315,0.596202080590384,0.6544695598738531,-0.10686289284910469,0.9999657869338989,0.6054873585700986,0.5842859693935937,0.03159356234329085,0.7189251780509949,0.6079392024448937,0.6655782086508611,-0.1749849387577601,0.9765387177467346,0.6081836393901278,0.5394056286130631,-0.00417928897243525,0.9392101764678955,0.6239028062139236,0.6453316467148914,-0.2533916452101298,0.9501854777336121,0.6077699559075489,0.5303096635001043,-0.009871967842004125,0.9418733716011047,0.6289134672709871,0.6356960586139131,-0.2852895604712621,0.9339396953582764,0.60684506041663,0.5286710671016146,-0.021925975967730785,0.9457608461380005,0.628125350815909,0.6331184438296724,-0.27472914797919123,0.9311792254447937,0.6068973643439154,0.5319773248263765,-0.010181307220565417,0.937705397605896,0.6274595005171637,0.6358729532786775,-0.25201595340456273,0.8838642835617065,0.6084564634731835,0.7203490461621962,0.043290370276996046,0.9999780654907227,0.6076673422540935,0.7239541751997808,-0.04332309759088923,0.9999692440032959,0.6249006816319054,0.7697443400110513,0.05950545955981524,0.6905730366706848,0.6296452522277829,0.7731748785291396,-0.06298123800328798,0.9855248332023621,0.6019651889801022,0.8187556607382634,0.09647283617939265,0.8275485038757324,0.6025385379791257,0.8176250032016206,-0.02330074666866233,0.9695559740066528,0.5960435356412612,0.8262474587985443,0.09807997047901149,0.7890678644180298,0.5963848863329204,0.8244371652603146,-0.019412681886128005,0.8907437324523926,0.6103388019970482,0.8366747089794699,0.07232366182974403,0.8431007266044617,0.6109076142311093,0.8378749115126469,-0.04309657748256408,0.9526025652885437
114,0.5950869934899463,0.6054085918835228,-0.05243766169462883,0.9998765587806702,0.5918036426816666,0.6069647346224101,-0.044863901393754124,0.9998540878295898,0.5917406439781185,0.6075241531644546,-0.04497971316533428,0.9998332858085632,0.591673672199249,0.6081249577658514,-0.04497545638254709,0.9998785853385925,0.5919637867382592,0.6078858886446269,-0.05640680949602806,0.9999459385871887,0.5920265027454918,0.6091206601687837,-0.056518189183303265,0.9999562501907349,0.5921073232378276,0.6104510835238863,-0.056587406673601674,0.9999596476554871,0.5919476934841699,0.6143017785889759,-0.01156867517690573,0.9999291300773621,0.5925156218664984,0.617611479759216,-0.06413240092141284,0.9998992085456848,0.5972756760460988,0.6079415644918167,-0.03933810176593915,0.9999150037765503,0.5972877638680592,0.6092379178319656,-0.05505960306950976,0.9999275207519531,0.6003331950732637,0.6244597860745018,0.0284755011089146,0.9999831318855286,0.5970535193170818,0.6520184721265517,-0.09717879465648102,0.9999629259109497,0.6071912850652419,0.5833660858018055,0.03895212379949431,0.7286181449890137,0.604519416604723,0.6635636568069454,-0.17152760795184535,0.9777765274047852,0.6104081204959322,0.537641768796103,-0.0004908872768282901,0.9432615041732788,0.6241213883672438,0.6393798606736316,-0.25617476020540497,0.9542516469955444,0.6103523509843005,0.5282192025865825,-0.0069604416776980664,0.945843517780304,0.628017791679927,0.6291208216122215,-0.288977995940617,0.9394544363021851,0.6098463007381981,0.5266513654163902,-0.018156257132068268,0.9494794011116028,0.627592849731445,0.6262054681777951,-0.2760131810392651,0.9368547797203064,0.6097953166280471,0.5299501163618903,-0.00638443702565772,0.9419516921043396,0.627065415041787,0.6295803853443688,-0.2536366360528127,0.8926469087600708,0.6086025510515483,0.7199751905032563,0.04385043382644652,0.9999781847000122,0.6076644607952659,0.7226377248764035,-0.04387897859726631,0.9999685883522034,0.6249029823711937,0.7698141711098804,0.05613402106932228,0.7117446660995483,0.6294572847230091,0.7733416131564546,-0.063994496847902,0.986411452293396,0.6018588679177418,0.8186559081077572,0.08570755805288038,0.8393332958221436,0.6025169117110114,0.8175139052527287,-0.027992141619324673,0.9714439511299133,0.5959078788757322,0.8258678572518481,0.08660948936428339,0.8028774857521057,0.5963639378547665,0.8243039522852211,-0.024625411842550536,0.8965397477149963,0.6103144730840407,0.8369685087885171,0.060622228149856815,0.8538840413093567,0.6109252401760643,0.8381663731166291,-0.049571999801056706,0.9553484916687012
115,0.5935666731425691,0.6026996220861159,-0.03083444056766372,0.9998820424079895,0.5912479008947098,0.6051772117614743,-0.023869149174009036,0.9998616576194763,0.5911236967359268,0.6058754427092413,-0.023973878579480294,0.9998422861099243,0.5910526428903848,0.6066465718405585,-0.023968754229801027,0.9998853206634521,0.5914236647742133,0.6057110633168898,-0.03313921828355106,0.999948263168335,0.5915194290024891,0.6067839264869687,-0.03325520413262502,0.9999580383300781,0.5915901746068679,0.607930973597935,-0.0333140008151531,0.9999610781669617,0.592230117321014,0.6128999250275745,0.004452700405714236,0.9999334812164307,0.5925390788487023,0.615083825588226,-0.037968177454812166,0.9999009966850281,0.595762833527156,0.6054931282997129,-0.019916225703699234,0.9999191164970398,0.5956481967653544,0.606209862232208,-0.03275026679039,0.9999294281005859,0.6017654231616426,0.6231888992445807,0.03784832729891473,0.9999834895133972,0.5973789198057989,0.6487468617303028,-0.07268239919628412,0.999963641166687,0.608741361754281,0.581405699253082,0.04457043148577211,0.7258670926094055,0.5976654785020008,0.6654467974390299,-0.14813855631010867,0.97898268699646,0.6125726291111535,0.5352351324898854,0.0066492828740073095,0.9444043636322021,0.6159698316029136,0.6429109675543645,-0.24235565492085037,0.9577769637107849,0.6132568444524489,0.5251223802566526,0.0002047725953161735,0.9476054906845093,0.6190728766577582,0.6344218594687323,-0.2764782224382672,0.9442985653877258,0.6131253361701963,0.523505571910313,-0.009497891479570943,0.9511468410491943,0.6190012999943322,0.6306171911103382,-0.26340147767748134,0.9417809247970581,0.6128081457955494,0.5268252526010784,0.001346445602497886,0.9434443116188049,0.6183884722845892,0.6337373375892636,-0.2422733868871415,0.8997709155082703,0.6086488298007418,0.7189426490238731,0.0421624564698764,0.9999784231185913,0.6075272134372163,0.720865040166037,-0.042197240889072396,0.9999687075614929,0.6249283603259492,0.7692207115037097,0.05216402603047232,0.7131703495979309,0.628739033426557,0.7726523501532414,-0.06610708577292303,0.9873458743095398,0.6017268487385339,0.8179190482412062,0.08155266791582104,0.8432344794273376,0.6025090370859416,0.8174884217126026,-0.03408250175416468,0.973221480846405,0.5957125476428438,0.8253657017435343,0.08238958950553618,0.8092405200004578,0.5963232193674357,0.824614574228014,-0.031061849956001537,0.9018905162811279,0.6100687452724999,0.835669122423444,0.05473576379673819,0.8590959906578064,0.6110624602862764,0.8385314924376347,-0.05756595187953537,0.9577723741531372
116,0.5922153711318967,0.6009971550532747,-0.036823975827012724,0.9998443722724915,0.5909031288964405,0.6033412831170215,-0.03079138685550007,0.9998242855072021,0.5907709087644302,0.6040274228368484,-0.030892469467861297,0.9998020529747009,0.5907432896750311,0.6048108305249893,-0.03088586372988563,0.9998646974563599,0.5910156863076343,0.6035524266106739,-0.03849493329014095,0.9999236464500427,0.5911220158849442,0.6043815868241444,-0.03861633326326096,0.9999338984489441,0.5911763054983954,0.6052688564573013,-0.03867358160870414,0.9999381899833679,0.5926618729318889,0.6103478482791352,-0.00479033184237778,0.9999200701713562,0.5926202808107646,0.6117829101426258,-0.039930547773838025,0.9997957944869995,0.594082917485918,0.6037187133516582,-0.026566809522254112,0.9998971223831177,0.5938352567808965,0.604023320334298,-0.03738430802311214,0.9998924732208252,0.6027691483497617,0.6201788936342509,0.029602028482726625,0.9999827742576599,0.5978244543075558,0.6447932822363714,-0.07146210904632293,0.999952495098114,0.6097577009882242,0.5781951904296871,0.03223664978785173,0.7262911796569824,0.5943368520055496,0.6651590040751862,-0.14674841889313284,0.9610710144042969,0.6148535319737023,0.5330231700624737,-0.00716752404613154,0.9455443620681763,0.6078486885343276,0.641535423483167,-0.24181496671267907,0.9344337582588196,0.6163506133215765,0.5227215630667548,-0.014557692275515618,0.9487072229385376,0.6099594269480021,0.6337300539016721,-0.2746656051703861,0.9244592785835266,0.6163465653147013,0.5209719640868048,-0.02413292146520688,0.9522867798805237,0.6096001420702251,0.6288632614271978,-0.2671263460602078,0.9205851554870605,0.6157421163150238,0.5243721774646211,-0.012450510582753585,0.9441525340080261,0.6090957573481965,0.6317866069929937,-0.244893346939768,0.8667643070220947,0.608350941113063,0.7159092221941263,0.04017266471471104,0.9999781250953674,0.607383665016719,0.7186981133052277,-0.04021058210304804,0.9999666810035706,0.6245267663683207,0.7660895739282878,0.05047096993241989,0.6837413311004639,0.6273427844047543,0.771975515569959,-0.06620382517576215,0.986443817615509,0.6016455428940907,0.8155612008912219,0.0844341056687491,0.8244528770446777,0.602455343518938,0.8181121655872885,-0.03311669581702776,0.9711833596229553,0.5955230457442144,0.824007724012647,0.08556803784200119,0.7855547070503235,0.5962715779032023,0.8258359347070963,-0.03013336046465804,0.889762282371521,0.6089216692107062,0.8328325663294107,0.054787931963801356,0.8453916311264038,0.6115426506314956,0.839202295030866,-0.06095848456025121,0.9543431997299194
117,0.5940002816064014,0.59975414446422,-0.044038540124893166,0.9998366832733154,0.5928009288651599,0.6007340788841244,-0.03735724336334635,0.9998138546943665,0.592695571695055,0.6013637457575114,-0.0374662546707051,0.9997938871383667,0.5927187783377508,0.6020841956138607,-0.03746135761695247,0.999859094619751,0.5927644167627604,0.6007344245910642,-0.045853841890181796,0.9999163746833801,0.5927736793245585,0.6013724156788414,-0.04596700029713765,0.9999285340309143,0.5927848730768472,0.6020331314631868,-0.046021815389394746,0.9999322295188904,0.594321709019797,0.6072640844753807,-0.005666625907178966,0.9999157786369324,0.5940807223320005,0.6083831395421706,-0.04548326645578655,0.9997700452804565,0.5956157411847792,0.6033985359328131,-0.03189325545515331,0.9998900890350342,0.5953912820134841,0.6036273206983291,-0.04378607523228439,0.9998807907104492,0.6031976086752753,0.6180621845381598,0.02858631355421882,0.9999828338623047,0.598594852856227,0.6420814497130254,-0.07100613990000312,0.9999516606330872,0.610520711966923,0.5695142967360358,0.02705560896013463,0.7117961049079895,0.5924572961671009,0.6721333452633447,-0.14741339172635753,0.9575400948524475,0.6172641651970997,0.5219022801944185,-0.014381419355049725,0.9434120655059814,0.6038755144391739,0.6569807035582403,-0.2400274864264896,0.9317204356193542,0.619237320763724,0.5110040869031631,-0.022281850887728577,0.9472092986106873,0.6053259236471991,0.6529653259686059,-0.2704311830656868,0.9227570295333862,0.6192702446665079,0.5091608405113217,-0.03210937447978981,0.9509488940238953,0.6050474865095953,0.6476022226469854,-0.26529820305960505,0.9183579683303833,0.6185501251901897,0.5130960055759972,-0.019863508615110596,0.9417338371276855,0.6047055772372651,0.648923918179103,-0.24340417299951814,0.8588181138038635,0.6081759078162053,0.7122946671077179,0.03911438775914054,0.999978244304657,0.6072647060666763,0.7163954257965084,-0.03916257087673458,0.9999666810035706,0.6238267489842003,0.7630924565451482,0.046447370307786104,0.6714293360710144,0.6252800192151748,0.7701150110789704,-0.06965412497520443,0.9863700866699219,0.601643999985286,0.8134662764413012,0.07937985190323417,0.8214187622070312,0.6023899367877412,0.8187694106783181,-0.04077279748661176,0.9710517525672913,0.5953775082315714,0.8227865661893567,0.08027767400656424,0.7835515737533569,0.5962352718625747,0.8270185504640848,-0.038533669177974954,0.8855338096618652,0.6078608019011358,0.8305252279554091,0.04536084309220312,0.8452521562576294,0.6120846356664382,0.8396189638546531,-0.07496691378099575,0.9536659717559814
118,0.598227296556745,0.5984257646969384,-0.042594423411147914,0.999845027923584,0.595971083641052,0.5981619477272031,-0.03575465828180312,0.9998242855072021,0.5958789621080669,0.5986069049154006,-0.035862851728286044,0.9998072981834412,0.5958728313446042,0.5991109848022458,-0.03584431553525583,0.9998683929443359,0.5959456120218547,0.598211678436824,-0.04602763136582713,0.9999193549156189,0.5958572489874701,0.598741166932242,-0.046132432030779956,0.9999309778213501,0.5958596655300683,0.5992467267172674,-0.0461801482098443,0.9999328255653381,0.5962098717689512,0.6037485412188937,-0.002455552886905414,0.9999210238456726,0.5962825843266075,0.6051646096365789,-0.05077949852815694,0.9997720718383789,0.5993146164076666,0.6024964775357924,-0.029637202075017337,0.9998944997787476,0.5992042933191569,0.6030403409685404,-0.04384061832513125,0.9998825192451477,0.6031364457947864,0.616851781095777,0.031393191803778905,0.9999840259552002,0.6004490869385852,0.6352163961955477,-0.07615259917719021,0.9999446272850037,0.6075179440634588,0.5962470395224432,0.03204725645482538,0.7293856143951416,0.5956733311925613,0.6434958304677688,-0.14264164992741168,0.9328150749206543,0.6180859259196687,0.5657598887171061,-0.008623523770698475,0.9476982355117798,0.6075118677956715,0.625934657028743,-0.20632525767598825,0.8673596382141113,0.6197596396718703,0.557334722791399,-0.014597443464611254,0.9508141279220581,0.6092365486281255,0.6225961719240458,-0.23002344455037788,0.8608294725418091,0.6197223816599162,0.5568115830421445,-0.025092597758131358,0.9543569684028625,0.6091219493321007,0.6195892061505996,-0.2268834867647715,0.8560327291488647,0.6191591995103016,0.5602492315428594,-0.014092975056597158,0.9457199573516846,0.6086338843618118,0.6204440355300901,-0.2073733627796172,0.7944715619087219,0.6076778582164216,0.7085900102342875,0.03939868573631557,0.9999797940254211,0.6079352123396734,0.7132722496986386,-0.039458711232457824,0.9999682307243347,0.6223549246788022,0.7610334038734432,0.04566632557128155,0.6982257962226868,0.6233471802302766,0.7668650422777444,-0.07334228924342562,0.9867076873779297,0.6014937060219898,0.8128937721252437,0.06874053393091471,0.8367186188697815,0.6023241639137265,0.8192538176264077,-0.05090420863458086,0.9728487730026245,0.5951073850904189,0.8223915168217246,0.0689799165885363,0.8011689782142639,0.5961803214890613,0.8275693433625354,-0.049597359129360724,0.89131760597229,0.6074262431689669,0.8306643605232236,0.03817136825195379,0.8584029078483582,0.6126415116446355,0.8399735280445639,-0.08462976440787312,0.9566152095794678
119,0.6002983706338063,0.5945214186395915,-0.04337577649525232,0.9998584985733032,0.5985301750046863,0.5945765410150797,-0.036540394595691125,0.9998396039009094,0.5982113974434986,0.5949222309248785,-0.036642617040446815,0.9998241662979126,0.5979390927723474,0.5952731439045496,-0.03660896282110894,0.9998796582221985,0.59845746244703,0.594545769691467,-0.04710893455360615,0.9999256134033203,0.5981515680040629,0.5948420967374526,-0.04721576145717075,0.9999364614486694,0.5979414752551484,0.5951286298888068,-0.047260706978184824,0.999937891960144,0.5969805155481608,0.5991068482398985,-0.002019722239180872,0.9999269843101501,0.5975758433341977,0.6000664983476909,-0.051196330679314464,0.999789297580719,0.6006631510598316,0.5988864115306306,-0.02952792985098702,0.9998990297317505,0.6010446327073231,0.5995032531874518,-0.044064193272164875,0.999885618686676,0.6025071910449434,0.6116097807884213,0.038163073573793664,0.9999836087226868,0.602102948938097,0.6227538074765884,-0.07512258525405609,0.9999467730522156,0.6039753845759798,0.6183819566454204,0.047335996319140684,0.6935651898384094,0.6014845286096843,0.6152745689664565,-0.13101256596190583,0.9385170340538025,0.6172906160354612,0.6112125226429528,0.010719172363834718,0.9139955043792725,0.6099724531173704,0.5929893902369905,-0.17411537553582865,0.8795230388641357,0.6190444912229263,0.6222312007631572,0.007734346496207373,0.9205513000488281,0.6108792577471049,0.5883126173700602,-0.194050286071641,0.8730644583702087,0.6190906677927286,0.6173312681061878,-0.003460666916466181,0.9243119359016418,0.6104613678795947,0.5864303810255865,-0.19047496744564593,0.8684645891189575,0.6185142908777507,0.6108005080904276,0.005315332101391894,0.9128274321556091,0.6101917675563264,0.5875510777745925,-0.17450995317527218,0.811281144618988,0.6068710565567013,0.7015697325978957,0.040138658136129365,0.9999803304672241,0.6090158871241975,0.7065553971699303,-0.040198859998158025,0.9999702572822571,0.6202996594565252,0.7590179903166632,0.04039236911173376,0.721143901348114,0.6217430506433756,0.7623551334653579,-0.07667515299149918,0.9875513315200806,0.6011189307485305,0.8135769196919028,0.04954507432744969,0.8505257368087769,0.6023108925138199,0.819430247374943,-0.06525941821081295,0.9747716188430786,0.5946910330227441,0.8226672870772223,0.04866289969650095,0.8189888000488281,0.5962894320487974,0.8275973251887727,-0.06506771498492783,0.8992516398429871,0.6076243775231495,0.8313836268016266,0.02180785345179693,0.8696913719177246,0.6129299248967849,0.8400976351329255,-0.09597198494843069,0.9594177603721619
120,0.5971770610128128,0.591954445838928,0.016957193879144527,0.9998557567596436,0.596937297071729,0.5924743005207603,0.02229673181261334,0.9998363852500916,0.5966295276369364,0.5925707970346721,0.022216233557888432,0.9998242259025574,0.5962522251265387,0.5925146409443444,0.022261225485375943,0.9998767971992493,0.5969166466167992,0.5924300312995908,0.014907841011881823,0.9999170899391174,0.5967519521713254,0.5926720261573789,0.01480441753353391,0.9999311566352844,0.5967030065400256,0.5927469611167905,0.014775592195136203,0.9999264478683472,0.5960016795567101,0.5949160013880046,0.04365808452878678,0.9999185800552368,0.5975329245839798,0.59557112625667,0.010149118889655386,0.9997444748878479,0.5973812273570467,0.5958682349749971,0.026013477053493255,0.9998525381088257,0.5984370265688213,0.5961119294166561,0.015752307964222768,0.9998040199279785,0.6005379830087931,0.6061806491443086,0.06911464573017184,0.9999777674674988,0.6033225366047448,0.6112733823912482,-0.027529886577810546,0.9999211430549622,0.6010662470545085,0.6215963261468067,0.05338685209197654,0.6677312254905701,0.6086978690964833,0.5926803026880534,-0.08906805451427183,0.93506920337677,0.6155372875077381,0.6239385877336772,-0.0020572649847183993,0.9157963395118713,0.6115182127271377,0.5678258589335847,-0.13655600803238999,0.8731093406677246,0.6180858373641964,0.6418175918715338,-0.00843220534069198,0.9225000143051147,0.612529591151646,0.5588455166135513,-0.15625478029251091,0.8683724403381348,0.6182568226541788,0.6347374251910616,-0.0163943582081369,0.9263105988502502,0.6121510522706165,0.5573848775454927,-0.15090987086296073,0.8629008531570435,0.6177940981728687,0.624308371543884,-0.006705294389809885,0.915003776550293,0.6105200784546986,0.5610420397349763,-0.13653566411563323,0.8036018013954163,0.6057729142052783,0.6933155451502115,0.035745998259101575,0.999981164932251,0.6096692834581645,0.6968351006507871,-0.03581707786236489,0.9999716281890869,0.6183465140206471,0.7547476427895679,0.023835340461560647,0.7451462745666504,0.62004314320428,0.7573082344872607,-0.07531012509550364,0.9884372353553772,0.6007922751562933,0.8132151825087407,0.022910463916403896,0.8649560213088989,0.6024339692933216,0.8200086968285693,-0.07910770475864407,0.9770256280899048,0.5943744574274332,0.8218852366719922,0.021253300281906754,0.8365867137908936,0.5965309483664374,0.8277690836361472,-0.08041183969804215,0.9079061150550842,0.6077555162566046,0.8321115187236237,-0.006095795759132927,0.8821203112602234,0.6131275943347383,0.8404346636363433,-0.11219329323087415,0.9629433751106262
121,0.593795938151223,0.5871630634580337,0.06458936461380546,0.9995337128639221,0.5944027917725696,0.5873753343309672,0.0698870523699692,0.9994916915893555,0.5941878761563979,0.5874713199479237,0.06981773349855624,0.9993452429771423,0.5943235771996631,0.5895023805754522,0.06984742049659998,0.9995801448822021,0.5945085883140562,0.5873374257768901,0.06341298887772216,0.9996378421783447,0.5946203981127055,0.5877670986311774,0.0633122514401163,0.9996465444564819,0.5948742287499561,0.5879245979445318,0.06328403066311561,0.9996669292449951,0.5947088769503999,0.5910914301872251,0.08577694294175928,0.9996165037155151,0.5966028349740162,0.5912923812866209,0.056077558653695216,0.9988161325454712,0.5944921885217936,0.5929320148059297,0.07107072483216009,0.9992185831069946,0.5958811589649742,0.5926661474364141,0.06200184369725838,0.9987518787384033,0.5981643455369129,0.6034555298941473,0.09931654078619817,0.9999640583992004,0.6036311370985845,0.6076905029160633,0.01066467227148158,0.999901294708252,0.6024294904300143,0.6017168351582115,0.08158220191087039,0.639028012752533,0.6115418536322454,0.6071713447570798,-0.06666278519800728,0.9175997376441956,0.6162392377853391,0.592123690673283,0.03676113100456338,0.9030998945236206,0.6064141256468634,0.5922379698072158,-0.13308582178183959,0.8628502488136292,0.6201343468257356,0.6001987968172343,0.03189772410052161,0.9168908596038818,0.6060405441692894,0.5852246931621004,-0.1532181331089564,0.8634405732154846,0.6212301390511645,0.5946439351354323,0.025473609533426998,0.9204363822937012,0.6059564028467448,0.5826359646660939,-0.14810684451035083,0.8552646040916443,0.620448337282453,0.5887073772294178,0.03273678766563533,0.9063119888305664,0.6032185299055914,0.5859714950833999,-0.13367873728275292,0.7913244962692261,0.604672973496573,0.6855812413351873,0.030631269088813223,0.999982476234436,0.6100759131567816,0.6868736692837303,-0.030741155307207772,0.9999739527702332,0.6161548188754488,0.7496332304818286,0.011032481731048645,0.7688664197921753,0.6181039401463098,0.751034183161599,-0.07830314316919867,0.9894736409187317,0.6006843055997573,0.8111601999827789,0.0038658250322831495,0.8779451251029968,0.6030352302959985,0.8189274685723438,-0.10208277627825732,0.979243814945221,0.5945800270353041,0.8200364674840651,0.0014752866758499274,0.8525096774101257,0.5975571972983221,0.82665809903826,-0.10524843079703189,0.9168168306350708,0.6078939948763163,0.8325592773301257,-0.028766323626041403,0.892983078956604,0.6131293194634571,0.8406380159514287,-0.141814009632383,0.9662559032440186
122,0.5925547582762579,0.5824852994510104,0.08396173742200644,0.9995322227478027,0.5927363804408479,0.5819058350154329,0.08874478957482743,0.9994651079177856,0.5925786188670564,0.5820046169417243,0.0886785453451531,0.9993101358413696,0.5929667762347627,0.5847310577120097,0.08868434328053675,0.9995656609535217,0.5930974040712627,0.5819776483944481,0.08118018651647224,0.9996278882026672,0.5934090971946714,0.582435129370008,0.08108427332980289,0.9996406435966492,0.5938146199498855,0.5824380176407947,0.08105813169053619,0.9996641874313354,0.5931943331445964,0.5868002210344585,0.09894593730568882,0.9996013045310974,0.5952953185353957,0.5868120261601036,0.0639219462339367,0.9987413883209229,0.5935990299497329,0.5886343019349232,0.08819911933637087,0.9991281032562256,0.5948091813496178,0.588462207998548,0.07763156113880018,0.9986405968666077,0.595066816466195,0.6038669228553769,0.10730627062065255,0.9999595880508423,0.6037194183894563,0.6072489483015875,0.01405649784802725,0.9998992085456848,0.597741683891841,0.6029778531619477,0.12246317224843156,0.591215193271637,0.6119821190834043,0.6041941898209705,-0.07560419674430571,0.9086677432060242,0.6055160301072254,0.5891735536711553,0.13240423873066895,0.8623117208480835,0.6007597957338603,0.5914287992886131,-0.15687397761004304,0.8420755863189697,0.607103679861341,0.5852210760116574,0.13717214390635485,0.8764405846595764,0.6002576725823535,0.5878834979874744,-0.17668016723224086,0.8416250348091125,0.6083915948867795,0.5847790513719828,0.13175468902502735,0.8821792602539062,0.6008016603333606,0.5860692977905271,-0.17064698721681315,0.8304725289344788,0.6085885116032188,0.5864801151411871,0.13054028238568982,0.86793053150177,0.5987135529518125,0.5881522962025231,-0.15750042625835955,0.7609793543815613,0.6036279354776652,0.6794140321867803,0.02749445182936531,0.9999828338623047,0.6110330411366052,0.6794011133057728,-0.027645328960248385,0.999975323677063,0.6134332588740754,0.7432055933134892,0.013490890179361607,0.742023229598999,0.6169516188757758,0.7439049005508419,-0.08219454288482662,0.9894449710845947,0.6008430566106522,0.8072002138410291,-0.001080396212637425,0.8711430430412292,0.6048287119184219,0.8152407169342037,-0.11307995830263404,0.9805080890655518,0.5952608551297867,0.8162507516997197,-0.004142653054025556,0.8554331064224243,0.5995671391487118,0.8229470508439196,-0.11723005899361197,0.9221811294555664,0.6080754416329517,0.8320864234651835,-0.031610997127635126,0.8896088600158691,0.6134966288294108,0.84112229006631,-0.1531275923763002,0.9678374528884888
123,0.591261097363063,0.5742823294230867,0.06612923219799993,0.9995600581169128,0.5902643152645654,0.573596896444048,0.07043271490505759,0.9994898438453674,0.5899449007851734,0.5738885334559847,0.0703651272824832,0.9993458390235901,0.5906611902373174,0.5769639083317346,0.07035502365657258,0.9995852708816528,0.5908952593803403,0.5733788302966524,0.06110804155468937,0.9996470212936401,0.5911705340657913,0.5736238922391617,0.06100907368319373,0.9996634721755981,0.5915605136326378,0.5746778522218974,0.060965320787259476,0.999683141708374,0.5904218878064834,0.5811976007052828,0.08136306979826514,0.9996209144592285,0.5924883399690898,0.5799630131040298,0.037961391253130757,0.99880450963974,0.5926714488438195,0.5810830644198823,0.07094516605138776,0.9991245865821838,0.5936006273542129,0.5809731534549165,0.05797521269747186,0.998622477054596,0.5918812666620524,0.602309043066842,0.10009422195809223,0.9999548196792603,0.6041475619588577,0.6001689348902018,-0.009388510746482226,0.9998978972434998,0.5929736988885059,0.6118992107255115,0.15574584731033864,0.5364806652069092,0.6079315832683014,0.6041356563568112,-0.10206562216792783,0.9066156148910522,0.5939250946044919,0.6017332843371798,0.2189931883875812,0.7828091979026794,0.5937780823026382,0.5932447518621169,-0.1855056200708661,0.834967851638794,0.5922328659466332,0.6013573152678351,0.23421723933092176,0.7978062033653259,0.5915176323481965,0.5921185050691874,-0.20333408202443792,0.8307713270187378,0.5933771218572341,0.598921259811946,0.22824872668300344,0.8037329316139221,0.5915833796773635,0.5908726419721329,-0.1970882454088755,0.8193343877792358,0.5946827122143334,0.5985788498605998,0.2185718325631958,0.7894886136054993,0.592181324958801,0.5917387434414452,-0.18592729440757197,0.7500715851783752,0.6031274131366182,0.6736650926726202,0.030476241558790192,0.9999827742576599,0.6125941531998768,0.673383774076189,-0.030629179360611082,0.999976396560669,0.6101785472461153,0.7370519791330606,0.021483510759259965,0.7031024694442749,0.6167713642120358,0.7375445093427383,-0.08017893625157216,0.9880256056785583,0.6010348285947524,0.8026171769414625,-0.004792246152646838,0.8591257333755493,0.6074122275624954,0.8092097401618954,-0.11485238181693208,0.981128454208374,0.5960128102983744,0.8108420252799984,-0.009057754887700342,0.8546599745750427,0.6020285895892549,0.8161553910800385,-0.11935905750308713,0.9266926646232605,0.6081748962402341,0.8296269570078165,-0.03241158106497354,0.887115478515625,0.6140214988163537,0.8405869194439476,-0.15034573248454497,0.9685512781143188
124,0.588775699479239,0.5677717055593215,0.07695158634866983,0.9995397925376892,0.5869142021451674,0.5666424053055897,0.08078022152185436,0.999455988407135,0.5865860138620647,0.5670216611453462,0.08071320418800623,0.9992833137512207,0.5871060337339126,0.5685230169977458,0.0807070080723081,0.9995599389076233,0.5876489860670904,0.566032688958304,0.0713524486337389,0.9996300339698792,0.5878942455564223,0.5660530805587766,0.07126769231898442,0.9996464252471924,0.5882856879915507,0.5673836554799758,0.07122157982417512,0.999671995639801,0.5874516180583406,0.5741031748907904,0.08912210166454311,0.999607503414154,0.5897295560155593,0.5714341163635251,0.04512232403670036,0.9987145662307739,0.5905944722039356,0.5736943568502151,0.08076951908213748,0.999010443687439,0.5913503851209365,0.5732223357473099,0.06761066977466852,0.9984135031700134,0.5897223711013792,0.6012259619576588,0.10420950800180431,0.9999451041221619,0.603438295636858,0.5886825680732723,-0.008842521221543262,0.9998998641967773,0.590611284119742,0.6223785826138085,0.1458195551165512,0.4872668981552124,0.608199300084795,0.5861106412751331,-0.10715959433998376,0.9056794047355652,0.5889290826661243,0.6145758731024603,0.19256801770201742,0.7102022171020508,0.5942350813320703,0.5838514276913231,-0.18929412684270305,0.8239328861236572,0.5879170996802191,0.6153702225003921,0.20514045517359453,0.7255863547325134,0.5911371980394633,0.5827280640602109,-0.2074326766388756,0.8185633420944214,0.5883869545800342,0.609743729659489,0.19971721135079853,0.7311448454856873,0.5907851202147345,0.5832035728863305,-0.20040744692087165,0.8048944473266602,0.5895520567893979,0.6089087367057797,0.19175881275108875,0.7174953818321228,0.5923573034150258,0.5840610401970997,-0.18936649050031382,0.7317195534706116,0.6033290641648426,0.6688554457255769,0.03338725492358206,0.9999814033508301,0.6131198355129784,0.6666924374444141,-0.033529317751526816,0.9999770522117615,0.608323742662157,0.7318778174264087,0.02469964479761463,0.6549740433692932,0.6170597314834592,0.7316812719617568,-0.07222517366920195,0.9880000948905945,0.6009688973426816,0.7985360435077118,-0.00704273585496204,0.845145583152771,0.6099698015621727,0.8018926858901975,-0.10888253492968418,0.9820048213005066,0.5962963325636724,0.8053863968167982,-0.011780959427622808,0.858872652053833,0.6042425070490153,0.8081791503088811,-0.1132991418242454,0.9323289394378662,0.6081736462456836,0.826273029191153,-0.03253181039222648,0.8730135560035706,0.6138873968805583,0.835353907517024,-0.14092184113604675,0.9690706133842468
125,0.5862018414906089,0.5607067670140946,0.08655781139220506,0.999542236328125,0.5839239137513295,0.5602585264614648,0.08806369176932739,0.9994480609893799,0.5835944397108892,0.5609771081379479,0.08800293739352903,0.9992591142654419,0.5838787385395592,0.562596992083958,0.0880101314612797,0.9995526075363159,0.584892996719905,0.5588726231030052,0.08092876002192494,0.9996321201324463,0.5852351767676214,0.5587028758866444,0.08085288746016361,0.9996499419212341,0.5856947387967788,0.5594979269163947,0.08080875884209357,0.9996769428253174,0.5847269518034797,0.5680019157273426,0.08872244613511218,0.9996046423912048,0.587486568519047,0.5630283645221162,0.054392997069018206,0.9987286925315857,0.5884020277432029,0.5665321639605928,0.08744547409670689,0.9989904165267944,0.5892110705375668,0.5651601961680818,0.07733210293310025,0.9983860850334167,0.5885321600096564,0.5985095466886245,0.09711951081241876,0.9999347925186157,0.6023184503827773,0.5747929947716847,0.0013025349571502629,0.999897301197052,0.5922584448541911,0.6335914799145287,0.10404181799718307,0.44832295179367065,0.6120115688868928,0.5640584519931245,-0.05871783729110443,0.9122045636177063,0.596295458929879,0.6322808929852074,0.10710053614207671,0.6546009182929993,0.596449838365827,0.5712621143886019,-0.0860894735370363,0.8203077912330627,0.5982161590031212,0.6327150804655889,0.11280750398124961,0.6724287867546082,0.592134754998343,0.5724948338099886,-0.09698709888117649,0.8114839196205139,0.5993176375116618,0.6269019722938534,0.10649478307792114,0.6790482997894287,0.5917790991919378,0.574740523951394,-0.09216021043913701,0.7961609363555908,0.5981266873223438,0.6260554518018447,0.10450168869325088,0.6663300395011902,0.5932059611592971,0.5741183706692284,-0.08574784823826377,0.7193264961242676,0.6036378008978704,0.6644465139933992,0.030465832033327634,0.9999810457229614,0.6143822210175648,0.6611753259386333,-0.030578810774854234,0.9999778866767883,0.607312943254198,0.7278542603765212,0.02706606223114898,0.6287840008735657,0.617008634975978,0.7266645210129871,-0.056098826548882874,0.9878153800964355,0.6004260557038441,0.7946262478828426,0.0016420467457334892,0.8442791700363159,0.6115294303212844,0.794402968883514,-0.09004308570708544,0.9828388094902039,0.5963861669812881,0.8009436028344286,-0.002369069647310035,0.8671966791152954,0.6064863477434428,0.8011264358248025,-0.0936430695865835,0.937238872051239,0.6082533887454439,0.8211152996335707,-0.023222564160823814,0.8703619837760925,0.6131817357880726,0.8248976281711029,-0.11695958759103497,0.9695402979850769
126,0.585760302203042,0.5579455290521892,0.09851050845214293,0.999505877494812,0.5833855509757994,0.5581774507250102,0.09706844666174476,0.9994143843650818,0.5829531533377509,0.5590922491891042,0.09701042004993979,0.9992231130599976,0.5825127771922518,0.5598895907402035,0.097027028458459,0.9995315670967102,0.5847262586866103,0.5560697214944019,0.0925923211233956,0.9995916485786438,0.5851650902203148,0.5555192044803072,0.09252086303063797,0.9996066093444824,0.5856049639838079,0.554798238618033,0.092497711947986,0.9996433258056641,0.5832491772515431,0.5640314051083153,0.08513336969273427,0.9995843768119812,0.5873276438031875,0.5569597823279242,0.06317252591252323,0.9987330436706543,0.587523932116372,0.5625310710498261,0.09507156780787872,0.9989063143730164,0.5888912694794788,0.5601606011390683,0.08855017891951966,0.9982027411460876,0.5865788051060266,0.5951369489942275,0.08261838576623368,0.99991774559021,0.601963869162968,0.5660634211131502,0.01470466951556902,0.9998891353607178,0.5912765656198771,0.6349787286349703,0.06492971618260651,0.4216642379760742,0.6145442008972165,0.5411220226969036,0.004851789772510528,0.9170644283294678,0.5991944585527689,0.6387440221650258,0.05565226519746436,0.5999652147293091,0.6002343876021246,0.5524833457810535,0.04226318235908234,0.7852190136909485,0.602359364713941,0.6417629361152646,0.05874842181801792,0.6192490458488464,0.5984532151903422,0.5542236839021952,0.0417264401912689,0.761123538017273,0.6043358547346931,0.6384001748902455,0.05315123823072225,0.625660240650177,0.596554957117353,0.5585229507514406,0.043977328922067356,0.744766891002655,0.6016461559704369,0.636529343468802,0.05302140712738034,0.6125130653381348,0.5973348532404216,0.5577949745314459,0.043098096762384665,0.6742693781852722,0.6038639562470569,0.65941983120782,0.023451441898941983,0.9999815225601196,0.6165258748190741,0.6567041005407057,-0.02353446137692246,0.9999792575836182,0.6071837885039191,0.723619072777884,0.029057502107960827,0.6021658182144165,0.6168621693338663,0.7221901604107445,-0.041650048856224316,0.9865700602531433,0.5998820355960297,0.7893945523670738,0.015944251617682825,0.8429868817329407,0.6130039095878599,0.7877095631190705,-0.06433976579989703,0.9821157455444336,0.5970408899443487,0.7960561650139941,0.013620170525142118,0.8741329312324524,0.6093731897217884,0.7957251191139217,-0.06679958073156217,0.9407076835632324,0.6069746170725139,0.8126682639122006,-0.006908637285232541,0.8592255711555481,0.6126707213265552,0.8134135859353198,-0.08829775580338066,0.9632219076156616
127,0.5843579087938578,0.5573630673544745,0.1197251915931701,0.9994937777519226,0.581958975110735,0.5575460978916711,0.11625930432762413,0.9994164109230042,0.5813034244946068,0.5586402331079754,0.1161997162869998,0.9992396235466003,0.5806508915764942,0.5596717834472653,0.11621338341917306,0.9995344281196594,0.5839065023830956,0.5545386365481783,0.11368555639471321,0.999589204788208,0.5845374601227894,0.5536074978964667,0.11360429546662734,0.9996078014373779,0.5851397105625695,0.5526589955602371,0.11358289229018342,0.9996456503868103,0.5813434447560989,0.5632428322519571,0.09330281572682513,0.999595582485199,0.5870092238698684,0.5539262175559996,0.08050681097166876,0.9988211989402771,0.5854487742696487,0.5622518539428709,0.11264903055770051,0.9988771677017212,0.587508061953953,0.5586999348231722,0.10863927943365909,0.9981815218925476,0.5843617524419509,0.5947704757962905,0.08173016501324513,0.9998931884765625,0.6033184119633264,0.5597024134227204,0.034384473080613764,0.9998879432678223,0.5905375429562157,0.6364692636898583,0.06716463331665308,0.3823890686035156,0.6132201296942572,0.5278690525463647,0.05482186206749506,0.9174029231071472,0.6010017565318513,0.6389943735940112,0.07817844578198019,0.5434237122535706,0.604864168167114,0.5205953955650326,0.13376345570598325,0.787685751914978,0.6039053303854803,0.6437358890260966,0.08459775128534858,0.5635578632354736,0.605780277933393,0.5193585302148545,0.14001916753394258,0.7583284378051758,0.6069040639059882,0.6401034321103775,0.0799130546195166,0.5695522427558899,0.6028526425361631,0.5226683718817572,0.144278672337532,0.7408234477043152,0.6041602832930426,0.6375761611121038,0.07656489078487663,0.5568352341651917,0.6027338334492272,0.5236253406320297,0.136299398115703,0.6715566515922546,0.6041041936193191,0.6557832973343982,0.018144108514700608,0.9999819397926331,0.6187734586851934,0.6527188897132871,-0.018208786685551908,0.9999807476997375,0.6073688711438857,0.7194693173680984,0.03224527915673595,0.6137349605560303,0.6167999540056498,0.7186887877328052,-0.026066851509468882,0.986079752445221,0.5998151046889166,0.7828478915350774,0.030887102252537636,0.8524477481842041,0.6144250954900465,0.7822540181023729,-0.03719157651066778,0.9826929569244385,0.5988429682595386,0.7897032448223655,0.030392971694735534,0.88397216796875,0.6117474658148627,0.7902326532772604,-0.038411320533071225,0.9451624155044556,0.6047471727643692,0.8043592384883331,0.012669155281037087,0.8613366484642029,0.6137318730354306,0.8070895160947523,-0.05866262678589136,0.9608879685401917
128,0.5834076830318993,0.5569587979997905,0.1287469089031219,0.9994829297065735,0.5810687269483292,0.555794640949794,0.12707443577902652,0.9994217753410339,0.5802769303321835,0.5569295832089013,0.1270072004624775,0.999268651008606,0.5795056990214753,0.5580240709441047,0.1270110754030091,0.9995439052581787,0.5832439439637318,0.5525626948901582,0.12306427146707258,0.9995845556259155,0.5839297703334261,0.5515064375741139,0.12297328284808562,0.999611496925354,0.5845784493855064,0.550517460278102,0.12293804756232665,0.999645471572876,0.5799250619752063,0.5613766465868266,0.10702312077794751,0.9996210932731628,0.5865658777100696,0.5514320441654748,0.08840810081788468,0.9989027380943298,0.5838134169578549,0.5624436480658392,0.12289528484855375,0.9988768100738525,0.5861623747008184,0.5583299228123253,0.11692627349070135,0.998179018497467,0.5829468267304554,0.5961000612803865,0.0962260999849864,0.9998796582221985,0.6032546332904268,0.5567136049270627,0.04068137540348937,0.9998833537101746,0.5915881923266817,0.6345697675432475,0.10776943702782898,0.34628868103027344,0.6116552148546488,0.5207963398524691,0.050397107138165385,0.9210770726203918,0.603077217510768,0.6322510191372459,0.1492924255451985,0.49000972509384155,0.610591730049678,0.4908780293805256,0.11942464389971319,0.7937227487564087,0.6067712221826823,0.6363187704767497,0.16142764889768185,0.5090345740318298,0.6130797760827198,0.48368676986013115,0.12302243028368262,0.7647061347961426,0.6101876446178978,0.6310620324952259,0.15605788023344103,0.5144526362419128,0.6107389892850601,0.4844056086880818,0.13241867508207045,0.746029257774353,0.6072605303355623,0.6287345239094323,0.1482303959982735,0.5027939081192017,0.6098501460892811,0.4876735508441923,0.12379547336271826,0.676633894443512,0.6043074761118205,0.6524876611573353,0.018649641850164947,0.9999808669090271,0.6191457527024402,0.6478898065430774,-0.018720467974032665,0.9999815225601196,0.6078926086425778,0.7142371620450698,0.031741541996598226,0.6442508101463318,0.617133750234331,0.7145708015986848,-0.022680419257708948,0.9857916235923767,0.6002651316778997,0.775355688163212,0.030213588263307285,0.8637256026268005,0.6161301221166335,0.7774962033544265,-0.028412467400942516,0.9835554957389832,0.6011766229357035,0.7831214700426371,0.03024123396192277,0.8944162130355835,0.6133389915738784,0.7850396616118291,-0.029043694479124874,0.9498688578605652,0.6032543420791623,0.7981410997254504,0.017381805766906053,0.86859130859375,0.615509726319994,0.8039867724691115,-0.050308351218700385,0.9605718851089478
129,0.5827757682119095,0.5541174752371649,0.11762942884649544,0.9994862079620361,0.5805302483694892,0.55243250472205,0.1166356946740831,0.9994350075721741,0.5797461969511847,0.5536417331014358,0.11656456100089205,0.9992952942848206,0.5789841481617516,0.5548147576195851,0.11655904565538673,0.9995551705360413,0.5826315726552688,0.5493736556598117,0.1117222177130835,0.9995953440666199,0.5833236949784413,0.5484402520315985,0.11162648392575122,0.9996260404586792,0.5839963793754575,0.5475774066788807,0.11157825184719897,0.9996594190597534,0.5790642176355631,0.5587328485080171,0.10124883885894498,0.9996417760848999,0.5860746451786584,0.5489812323025292,0.07780664424811087,0.9989863038063049,0.5830974629947114,0.5598723394530157,0.11322327937398634,0.9988852143287659,0.5852873785155157,0.555835253851754,0.10601601685796459,0.9982370138168335,0.5816934619631082,0.596655133792332,0.09726450954164773,0.9998549222946167,0.6019245522362842,0.5533346993582586,0.03272488633436815,0.9998841285705566,0.5915982263428822,0.6318914140973769,0.13113629626376283,0.31445062160491943,0.6111346381051197,0.5159375633512222,0.032430598459073465,0.927634596824646,0.6047082253864831,0.6267361640930174,0.1934987464121409,0.4422425329685211,0.6139972005571634,0.47246368612561884,0.08677913802010667,0.8124892115592957,0.607860023634774,0.6269253509385242,0.20907918278660084,0.46029821038246155,0.6163681898798259,0.4629824868270327,0.08778960300343373,0.7856311798095703,0.6109300511223926,0.6198624270302906,0.20274532565048753,0.4651675224304199,0.6160641516957961,0.4611341186932153,0.0991228097251483,0.7682297825813293,0.6077685322080337,0.6191479836191447,0.19263760511364247,0.454458087682724,0.6150102479117254,0.4648379879338398,0.0917121793542589,0.7033091187477112,0.6043479221207753,0.6502218093190872,0.018331308183925484,0.9999778270721436,0.61907913003649,0.6446993742670328,-0.018401795572468203,0.9999814629554749,0.6081993426595412,0.708309619767325,0.02688454182020254,0.6736421585083008,0.6176391993250163,0.7106962612697053,-0.02130235114267893,0.9853900671005249,0.6011935182980126,0.7677919779505045,0.018797283672860682,0.8737901449203491,0.6177035825593129,0.7739303026880533,-0.024095095161880752,0.9840922951698303,0.6029895033155166,0.7759617413793287,0.018136319571307718,0.9038524031639099,0.6146551745278492,0.7814322863306314,-0.024441660834210246,0.9538823962211609,0.6036285264151434,0.7928649016789023,0.007063996379396741,0.8732669353485107,0.6175510849271499,0.8016644852502002,-0.0432532978909356,0.958333432674408
130,0.5833127907344271,0.551735620839255,0.1045412272214889,0.999442994594574,0.5810968450137545,0.549809680666242,0.10336093306541437,0.9994012713432312,0.5803734319550649,0.5509166240692136,0.1032884680799075,0.9992496967315674,0.5796798586845395,0.5520040597234451,0.10328126421996521,0.9995294213294983,0.5830499138150893,0.5471668039049418,0.09806174061128067,0.999581515789032,0.5837145311491827,0.5463821308953418,0.09796726767505914,0.9996152520179749,0.584380039146968,0.5456147091729298,0.0979153671434947,0.9996598362922668,0.5794669917651583,0.5564747163227624,0.08965271306889394,0.9996293783187866,0.586353574480329,0.5473629747118267,0.06368422188929146,0.9990284442901611,0.5836146593093869,0.5573631882667538,0.1005748684917177,0.9987877011299133,0.5856954847063334,0.5537214159965512,0.09281020824398309,0.9982019662857056,0.5807777881622311,0.5957205602100915,0.0899321181433541,0.9998176693916321,0.6007093088967457,0.5522098507199966,0.021882736177316724,0.999880313873291,0.5912003006253921,0.6275966218539644,0.1310943595000675,0.28496238589286804,0.6110412274088175,0.514439523220062,0.018109768283154276,0.9317136406898499,0.6053655556270051,0.6179528049060273,0.2043214040143148,0.39883318543434143,0.6143630794116426,0.4732370231832774,0.0657127009970801,0.827166736125946,0.6085107939583911,0.612545333589826,0.22152052181107648,0.4155668318271637,0.6170843243598935,0.46140532238142806,0.0656851306557655,0.8012222647666931,0.6103682500975469,0.6067275813647677,0.21458101698330462,0.41994765400886536,0.6167412366185867,0.46000841430255324,0.0764248443501336,0.7842803001403809,0.6075505495071408,0.6082328370639254,0.20354522466659536,0.4102151393890381,0.61584529365812,0.46410127282142616,0.07033727616071697,0.720220148563385,0.6043394684791562,0.6488458888871327,0.017871282622218126,0.9999697804450989,0.619488510063716,0.6432265469006127,-0.017930775614721426,0.9999789595603943,0.6081802197865074,0.7024283494268142,0.029293961131146958,0.6827914714813232,0.6184971417699539,0.7075637732233316,-0.025484769152743465,0.9755783677101135,0.6025657636778693,0.7597778916358944,0.021480098526392648,0.8625896573066711,0.6192474790981835,0.7720010076250345,-0.028849874277200007,0.9768137335777283,0.6044431788580755,0.7673587083816524,0.02074386200734546,0.9043015837669373,0.6163514580045425,0.7797273772103442,-0.02928171328135898,0.9508101940155029,0.6044458423342021,0.7855167814663475,0.012271889086280541,0.8394363522529602,0.6191251294953479,0.7993609155927383,-0.046200909997735684,0.9274071455001831
131,0.5837749259812488,0.5511047397341045,0.09798823573759619,0.9994181990623474,0.5815426247460499,0.5492820654596597,0.09641041734388892,0.9993902444839478,0.5808585218020845,0.550224365506853,0.09633678623608176,0.9992370009422302,0.5802110808236256,0.551158136980874,0.09633122086524959,0.9995247721672058,0.5834484219551084,0.5467745780944822,0.09082214534282679,0.9995758533477783,0.584103293078286,0.5459654416356765,0.09072923404829839,0.999609112739563,0.5847522343908035,0.5451855880873541,0.09067748359271453,0.9996606707572937,0.5799793958663937,0.5558938094547814,0.08377726418631412,0.9996355772018433,0.5865443297794884,0.5473151343209399,0.0564537731664521,0.9990732073783875,0.5840649008750912,0.556427569048745,0.0938869042055947,0.9987848401069641,0.5861172607966829,0.5530734130314415,0.08568567676203587,0.9982386827468872,0.5802185876028876,0.5936851075717378,0.08496775690998346,0.9998117089271545,0.6003404089382713,0.552275420938219,0.015136200162981228,0.9998745322227478,0.5909576875822882,0.6217261757169448,0.13083387059824803,0.260378360748291,0.6099590335573466,0.5175438199724467,0.010866580158472054,0.9310663342475891,0.6057701587676999,0.605799991743905,0.20817125865391312,0.36275961995124817,0.6132151467459539,0.47788165467126004,0.06033389100006645,0.8335978984832764,0.6094206827027454,0.5994695544242856,0.22665909997054498,0.37910881638526917,0.6152920280184062,0.46602376188550654,0.06031933150121141,0.8061006665229797,0.6100578989301406,0.5949605924742559,0.21903684479849667,0.38309773802757263,0.6147367800985061,0.4651560153279984,0.07083748302289414,0.7879647016525269,0.6081636309623715,0.5978443520409717,0.20727968854563567,0.37394022941589355,0.6139942782265796,0.4691312841006685,0.06485852088247022,0.7209682464599609,0.6043300032615658,0.6486854553222653,0.018203651000346446,0.999966025352478,0.6200087172644476,0.6426487871578759,-0.018280394534979538,0.9999775886535645,0.6078784891537254,0.6970130256244111,0.046990196034312225,0.6837319731712341,0.619971510342189,0.7053234440939764,-0.028721635522586948,0.9713708758354187,0.6040886146681647,0.7523062688963751,0.047414684455309566,0.8455958366394043,0.620696641717638,0.7706326944487432,-0.034527056877102155,0.9738258719444275,0.60574848140989,0.7591923509325296,0.04735427206116061,0.9002511501312256,0.617596043859209,0.7778070534978591,-0.035186441242694835,0.9496554136276245,0.6058323434420991,0.7767798066139218,0.040677814252142376,0.8025364279747009,0.6209067242486134,0.797972760881696,-0.052469340818268886,0.9108003377914429
132,0.5840600848197934,0.5519857219287325,0.1016746335795947,0.9993439316749573,0.5818447964532032,0.5504169702529904,0.09938421824148719,0.999323308467865,0.5811808449881415,0.5512962681906561,0.09931257345846717,0.9991527795791626,0.5805642843246457,0.5521566901888163,0.0993141046592167,0.9994741082191467,0.5837611453873768,0.5477675676345822,0.09354956086192807,0.9995406270027161,0.584407990319388,0.5468558328492298,0.09345677537577489,0.9995792508125305,0.5850333963121683,0.5460012623241967,0.09340727542127877,0.9996488094329834,0.5804393087114604,0.5568772179739813,0.08445961432797564,0.9996131062507629,0.5867216740335734,0.5483978203364779,0.05564869322947091,0.999096155166626,0.5843541485922674,0.5572393502507889,0.0964825068201337,0.9986841678619385,0.5864349297114778,0.5539349062102179,0.08792884285960875,0.9981920123100281,0.5798552989959714,0.5913357053484233,0.08442216845495357,0.9997989535331726,0.6004486083984373,0.5519754137311661,0.012798407753663397,0.9998758435249329,0.5915310280663624,0.6139285002435954,0.13486279100179666,0.23581573367118835,0.6079812935420442,0.5150433523314337,0.019531481792884206,0.9277018308639526,0.6071806703295024,0.5929283687046594,0.2149617488895143,0.3276459872722626,0.6122299483844209,0.48408044832093355,0.08904681354761121,0.8372127413749695,0.611250042915344,0.5867079496383665,0.23511539144175383,0.3428875803947449,0.613678705692291,0.4743790873459405,0.09236243984528947,0.8069772124290466,0.6116233416966027,0.584951397350856,0.22722920881850367,0.3464880883693695,0.6130094545228137,0.47372142417090257,0.10223310972963057,0.7871750593185425,0.609962793758937,0.5874921407018386,0.21404285324471328,0.33824077248573303,0.6125318969999038,0.4771658224718909,0.09378159386771062,0.7159873843193054,0.6043478369712827,0.6493907707078113,0.02011422890105417,0.9999644160270691,0.6200843759945458,0.6427493521145409,-0.020207052837525087,0.9999776482582092,0.6072821242468694,0.6929344211305888,0.07156238901828013,0.6523789167404175,0.621673398358481,0.7031180892671854,-0.027837092376181045,0.969685971736908,0.605392139298575,0.7470286726951596,0.08027429319918153,0.8172202706336975,0.622622317927224,0.7693099856376644,-0.038811690307089246,0.9731742739677429,0.60718389068331,0.7543477433068408,0.08107349255255286,0.8884820342063904,0.6193027274949208,0.7757317730358665,-0.03981376024229184,0.9492246508598328,0.6077101469039914,0.768982807227543,0.07641298307904172,0.7607926726341248,0.6229662622724258,0.7966130767549784,-0.058415410986968425,0.9037067890167236
133,0.5843161344528196,0.552859078134809,0.10390623637608115,0.9991421103477478,0.582082836968558,0.5517072405133926,0.10059873610734935,0.9991353750228882,0.5814239587102614,0.5526312317167008,0.10052944421768184,0.998938262462616,0.5808206132480074,0.5535443731716698,0.10053752043417517,0.9993346929550171,0.5839968834604533,0.5489606635911122,0.09513464719057078,0.9994245171546936,0.5846360870770043,0.5480403116771151,0.09504520148038859,0.9994737505912781,0.5852523820740834,0.5472025990486142,0.094999158169542,0.9995802044868469,0.5807331272533959,0.5580735223633899,0.07849314148936949,0.9995511770248413,0.5868888991219654,0.5496842469487869,0.054311894093240984,0.9990717768669128,0.5846657208033967,0.558206042221614,0.09768568575382228,0.9984217882156372,0.5866398504802156,0.5549574119704107,0.08957634546927039,0.9979352355003357,0.5796517917088096,0.5891790304865153,0.07338622105973104,0.9997946619987488,0.6004291909081593,0.5519507595470972,0.013885417873305925,0.9998731017112732,0.5915249943733212,0.611399139676775,0.10800043387072422,0.21436911821365356,0.6057648709842134,0.5298868213381084,0.030742180773190075,0.8812013864517212,0.6060558250972201,0.6025057298796515,0.17055004664829793,0.2955869734287262,0.6069870471954343,0.5067046880722044,0.10928996929100576,0.775269627571106,0.609046161174774,0.5984898720468791,0.18689340395586823,0.30960357189178467,0.6086756110191343,0.4976686724594659,0.11491936232362471,0.7433085441589355,0.6094580463000703,0.5950256688254217,0.18112168290785371,0.3128655254840851,0.6077986529895235,0.49881473949977306,0.1230112350412777,0.7227943539619446,0.6087549430983404,0.5970884408269608,0.17008580820901045,0.3055202066898346,0.6072015472820824,0.5023669268403732,0.11359700922455102,0.655303955078125,0.604328484194619,0.6490437269210813,0.018916689671043832,0.9999657273292542,0.6198011602674209,0.6417574065072192,-0.018998371430539653,0.9999787211418152,0.6066116503306794,0.6894750186375206,0.08453578512583457,0.6256949305534363,0.6232583420617237,0.701397063050951,-0.024958106077143112,0.9675450921058655,0.606334488732474,0.744469491073063,0.10061069663081845,0.8011257648468018,0.6249632852418079,0.7683419585227963,-0.037702374692474075,0.9725646376609802,0.608143091201782,0.7528891290937147,0.10204849370888297,0.8824033737182617,0.6219703742435997,0.774361956119537,-0.03921756350568361,0.9484370350837708,0.6091047014508926,0.7628990701266695,0.0977560603192874,0.7256183624267578,0.6256599903106687,0.7958127583776198,-0.057346284602369554,0.8953845500946045
134,0.5840460930551798,0.555718067714146,0.10281182037932528,0.9949928522109985,0.5820611647197176,0.5537923284939354,0.0976847967931202,0.9947888851165771,0.5814652834619791,0.5545533571924479,0.09761875250509802,0.9944952130317688,0.5809049640383037,0.5553029809679302,0.0976283450211797,0.9959882497787476,0.5838446259498593,0.5512552618980405,0.09486014140503743,0.9961368441581726,0.5844595585550578,0.5503267356327599,0.09477704337665009,0.996715784072876,0.5850626570837836,0.5494438052177426,0.09473119463239393,0.9976462125778198,0.5809098141533985,0.5591390337262832,0.06746206837041033,0.9972221851348877,0.5867888518742149,0.5505312527929032,0.05711707951767101,0.9970681667327881,0.5845344339098246,0.5605882831982201,0.09501543428216658,0.9929032325744629,0.5862647431237353,0.5576113360268726,0.09047449358872,0.9921606779098511,0.5798791476658409,0.5869744300842282,0.0531376710959843,0.9997758269309998,0.6012676068714684,0.5532601475715635,0.02516482757138353,0.9998501539230347,0.5903078453881397,0.615810063907078,0.06771969358835898,0.19384178519248962,0.6078175476619172,0.5614662459918429,0.04134288467466829,0.7977085113525391,0.6013608489717753,0.6195135354995724,0.11083081252540324,0.26620298624038696,0.6037572349820814,0.5580231581415447,0.10469276096139632,0.701099157333374,0.6034013203212191,0.6194433961595804,0.12185126254335041,0.27898502349853516,0.6048139435904364,0.5543972730636594,0.11085195860692428,0.6721464395523071,0.6038208229201179,0.6140012145042416,0.1190371916945358,0.28189918398857117,0.6020289335932048,0.556734958716801,0.11530018640416004,0.6532977819442749,0.6038407870701378,0.6148730124746047,0.11126165546177481,0.2752351760864258,0.6011918391500197,0.558655706473759,0.1074529669114521,0.591754674911499,0.6040750503540036,0.6474549957684106,0.012366992586092753,0.9999659061431885,0.6195587873458859,0.639961550916944,-0.012422662983382382,0.9999791383743286,0.6057217461722234,0.6867988245827807,0.07482034585305619,0.5826804041862488,0.6245076145444595,0.7002517495836527,-0.019769141131213724,0.9586885571479797,0.6067629456520077,0.7426146864891049,0.08478007210152486,0.7848608493804932,0.6271009053502761,0.7667745164462495,-0.03912393961633953,0.9695454835891724,0.6085211038589475,0.7513185739517207,0.08558243364095683,0.8715326189994812,0.6250089441026957,0.7726943748337878,-0.041783544846943424,0.9436670541763306,0.6092881986073082,0.7590817332267757,0.08185059428215025,0.6811707019805908,0.6284249033246718,0.7939654980387003,-0.05741284532206396,0.8757395148277283
135,0.5832155057362145,0.560335302352905,0.11083439184086659,0.9939637780189514,0.5816726820809498,0.556860189778464,0.10472099163702552,0.9934481382369995,0.5811724288122992,0.5572761893272398,0.10466094740799489,0.9931429028511047,0.5806770222527637,0.557689433438437,0.1046726865427834,0.9947330355644226,0.5832572136606486,0.5548636623791283,0.10535719863006042,0.9952909350395203,0.5838444982256206,0.5539529493876862,0.10528158290045596,0.9960894584655762,0.5844255294118605,0.5530761769839693,0.10524584267820625,0.9971181154251099,0.5809478844915115,0.5597647496632164,0.07181369917733325,0.996347188949585,0.5863998736654006,0.5519384469304763,0.07729767167142455,0.9961279630661011,0.5838461739676337,0.5642513990402218,0.10179094565766195,0.9904581308364868,0.5853540880339483,0.5617503200258525,0.10195053922278535,0.9896961450576782,0.580338440622602,0.5849309137889315,0.04497306591698099,0.999789834022522,0.6025735633713856,0.5555480854851856,0.050273548731846446,0.9998515844345093,0.5886154208864482,0.6221653240067615,0.03463986217975615,0.20627455413341522,0.6118921756744382,0.5914238538060868,0.05066826077444211,0.734609067440033,0.5948882034846712,0.630038545812879,0.048062545713037225,0.24084849655628204,0.6039231589862275,0.6040669322013852,0.08057206964918541,0.6313132643699646,0.5961160080773487,0.6344001037733893,0.05195314016725333,0.25263091921806335,0.6033691849027358,0.6056839219161438,0.08430455763425142,0.6051989197731018,0.5967221396309986,0.6280656371797831,0.05250308314737462,0.25516968965530396,0.5989878501210891,0.6073995692389349,0.08891540212290625,0.5882043242454529,0.5970257997512814,0.627453529834747,0.04924715994857249,0.2489233911037445,0.5982908538409639,0.6071984282561709,0.08218896687030788,0.5328248143196106,0.6036119239670887,0.6449324999536784,0.004081610541990291,0.999966561794281,0.6193904110363548,0.6378091164997644,-0.004160019645600444,0.9999791383743286,0.6047618031501767,0.6852449655532833,0.05742608553596903,0.6023892760276794,0.6258986490113392,0.6996389184679301,-0.0180963173508644,0.9596480131149292,0.6066658616065976,0.7409844636917111,0.05744474381208417,0.7993223667144775,0.6292404856000625,0.7653971995626173,-0.051497799690280614,0.9712104201316833,0.6080719436917983,0.7497523546218868,0.05718242856008662,0.8801204562187195,0.6273128816059654,0.7715712990079604,-0.05573006996086663,0.947290301322937,0.6088096959250311,0.7545344471931454,0.05206419719117026,0.6851970553398132,0.6320342319352283,0.7923945290701726,-0.07317956707307267,0.8790244460105896
136,0.5824118018150327,0.5647565364837643,0.1254495094929422,0.9925670623779297,0.5811851859092709,0.5599410636084419,0.11904205658606114,0.9919924139976501,0.5807521513530184,0.5600728835378371,0.11898472138813558,0.9914309978485107,0.5803067054067337,0.560182908603123,0.1190009840897151,0.9935433268547058,0.5826395171029224,0.5583083697727745,0.1220339668648583,0.9942601919174194,0.5832112516675674,0.5573404788970945,0.12196408233472275,0.9951568841934204,0.5837678994451247,0.5564162220273696,0.12194345636027194,0.9964340329170227,0.5808787993022371,0.560131878512246,0.08701986947229925,0.9951763153076172,0.5860297015735079,0.5533905029296873,0.1004033254725592,0.9943588376045227,0.5831513983862737,0.5678807207516259,0.11516669711896346,0.9886643290519714,0.584583064488002,0.565761235782078,0.11856534395899086,0.9871516227722168,0.5806962592261176,0.5843068327222549,0.051557694907699285,0.9998056292533875,0.6037584730557031,0.5590566941670007,0.07094300469117502,0.9998527765274048,0.5873329213687348,0.624438849517277,0.014990794871534612,0.20909620821475983,0.6150207740919927,0.5971157278333389,0.05269002520612306,0.6732954382896423,0.5909201673098969,0.6205525210925508,-0.003994134297993568,0.220204159617424,0.6068801675524027,0.616890203952789,0.05629538297653195,0.5684949159622192,0.5917794721467151,0.6247666256768359,-0.006594708202672859,0.2322787344455719,0.6048284581729342,0.6229796545846118,0.056475084807191545,0.5449840426445007,0.5921764288629802,0.6195558854511803,-0.0037713643313119468,0.23412850499153137,0.5998777781214031,0.6228304931095665,0.060083823970385926,0.5296500325202942,0.5923728312764847,0.6184967075075419,-0.0027735195139289995,0.22703948616981506,0.600325104168483,0.6206084813390456,0.0562967023679188,0.47979089617729187,0.6030062879834853,0.642421918255942,-0.0002988750996467264,0.9999688267707825,0.6192605870110645,0.635762572288513,0.00017379226628691025,0.9999805688858032,0.6038604514939441,0.6850472569465633,0.04727934598922728,0.6123326420783997,0.6273007665361674,0.698279477868761,-0.016227696357028816,0.9616879224777222,0.6063382829938613,0.740002025876726,0.0408860531236444,0.8083419799804688,0.6314948592867167,0.7634834357670371,-0.06413758918642995,0.9729804396629333,0.6075663770948134,0.7487175362450732,0.03980840103966847,0.888608455657959,0.6289672783442903,0.7704392416136602,-0.06953760193926944,0.9513401985168457,0.6076946445873803,0.7501911163330075,0.030792152349437968,0.6893050670623779,0.6367081420762195,0.7910947510174339,-0.09246609956026072,0.8853617310523987
137,0.5821313159806385,0.5659312129020688,0.13879729466778884,0.9874117970466614,0.5809281723839894,0.5612278103828428,0.13288208054644715,0.9868085384368896,0.5804836341312951,0.5613669889313831,0.13282297764505652,0.9856011867523193,0.5800396442413327,0.5614584360803874,0.13284319511481688,0.9896931648254395,0.5824188283511568,0.5595776302473883,0.13621008843183513,0.9902068972587585,0.5830137508256092,0.5585998075348988,0.1361485110861914,0.9913328289985657,0.5835875460079736,0.5577054040772571,0.13614408799580158,0.9936103224754333,0.5807586482592988,0.5601870502744399,0.1001072594097682,0.9910158514976501,0.5859854749270845,0.5544994933264593,0.11485481155770161,0.9873239994049072,0.5828481895583013,0.5691312125750948,0.12800915517977302,0.9838372468948364,0.5843509912490842,0.5670678683689659,0.13184506062950402,0.9801591038703918,0.5809155430112563,0.5852682624544414,0.05773334439311706,0.9998200535774231,0.6041030253682815,0.5629934685570851,0.08219622416155675,0.9998467564582825,0.587056367737906,0.6240114791052679,0.007561329539333066,0.2131330966949463,0.6152848737580432,0.5957455515861508,0.06032251406993182,0.6146338582038879,0.5882124458040507,0.6260790245873584,-0.030804481237594564,0.20384560525417328,0.6063970548765997,0.6082294464111325,0.05881986649973049,0.5119636654853821,0.5883281060627525,0.6316768629210333,-0.03733709183122429,0.21726511418819427,0.6042557205472671,0.6117351174354551,0.05728540218302179,0.4908226728439331,0.5884621552058626,0.6271957840238296,-0.033051524384479426,0.21814192831516266,0.6001001920018875,0.6121163283075602,0.0595737997974668,0.4769797623157501,0.5889897312436783,0.6252270204680304,-0.02947222470039767,0.2088010162115097,0.6012703333582194,0.6106517451150073,0.05798567746366771,0.4320777356624603,0.6025676761354717,0.6398287483624047,-0.0003618049318902196,0.9999711513519287,0.6191692743982584,0.6334687096732,0.0002236592816188932,0.9999819993972778,0.6031423943383349,0.6852711047445021,0.04728804965104373,0.6136705875396729,0.6287670816693984,0.6962958931922909,-0.01908380181661673,0.9628163576126099,0.6060878225735253,0.7397514241082324,0.04866655202848568,0.815575897693634,0.6339686393737789,0.7620367135320387,-0.06980618174586974,0.9743748903274536,0.6073013782501218,0.7484526566096711,0.0483966892319066,0.8966877460479736,0.6305754014423912,0.7694832035473411,-0.07522750624588555,0.9550094604492188,0.6063518813678194,0.7465456502778186,0.03648833323802265,0.6930674910545349,0.6420003771781918,0.7899974840027941,-0.10185192376375193,0.8907157182693481
138,0.5821982639176502,0.5662681971277507,0.14008688202926084,0.9885753989219666,0.5809150593621387,0.561850013051714,0.13446049285786488,0.9880490303039551,0.5804317780903405,0.5620612365858892,0.13439962267875666,0.9869665503501892,0.5799569317272729,0.5621883545603068,0.1344197388206209,0.9906706213951111,0.5824740392821173,0.5601147277014593,0.13750390431710646,0.9911066889762878,0.5830869538443426,0.5591632332120621,0.1374468620334352,0.9921255707740784,0.5836770074708119,0.5582895738737921,0.13744694462844298,0.9941806793212891,0.580623548371451,0.5608879634312218,0.10167009596313745,0.9918800592422485,0.5860523104667661,0.5558237109865458,0.1151647486857005,0.9884493947029114,0.5827821901866366,0.5697024941444394,0.129307087617261,0.9853265285491943,0.5843978200639994,0.5677469883646281,0.132793059519359,0.981865644454956,0.5810576643262588,0.5863613520349772,0.05834340932113782,0.9998375773429871,0.6043193323271613,0.5677113856588089,0.08466559903962267,0.9998545050621033,0.5867957234382626,0.6234902296747477,0.022128138584750025,0.2862870991230011,0.615100026130676,0.5981004697935919,0.06955550259777474,0.5796253681182861,0.586156242234366,0.6399672389030453,-0.0005596337607130441,0.259765088558197,0.6041966506413048,0.6119331036295207,0.07339866917048178,0.46293210983276367,0.5860894015857149,0.647357710770198,-0.004524279292672875,0.2664951682090759,0.6024652140481128,0.6152762515204291,0.07256088256835934,0.4436473250389099,0.5858628102711266,0.6448484608105247,-0.0006850608574625657,0.2640599310398102,0.5987974320139201,0.6153332403727938,0.07250798493623731,0.43095460534095764,0.5863852228437147,0.6418971657752988,0.001141459992088905,0.24239511787891388,0.5996865953717909,0.6145673462322776,0.07231859820229664,0.390388548374176,0.602267800058637,0.6389321752956932,0.0008120243221388326,0.9999735951423645,0.6191027811595369,0.6324375663484842,-0.0009331058012321586,0.9999833703041077,0.6022569503102981,0.6863916482244216,0.048744027103696526,0.6482104063034058,0.6301304204123358,0.6943337457520617,-0.02123357642974171,0.966392993927002,0.605957073824746,0.7398924401828217,0.056010442333562005,0.8314926624298096,0.6366075924464631,0.7590752312115256,-0.06732011735439297,0.9767159819602966,0.6073141336441037,0.7483907171658103,0.05637514867952889,0.9058476090431213,0.6328786117689947,0.7670001200267242,-0.07199978934867038,0.9591862559318542,0.605459540230887,0.7467811942100522,0.044947731814214145,0.715184211730957,0.6466425708362031,0.7862909930092944,-0.09741344579628532,0.9005268812179565
139,0.5822575722421917,0.5672133786337713,0.13679699472018644,0.9896494746208191,0.5809334550585062,0.5632089700017654,0.13182412981986993,0.9891847372055054,0.5804146477154319,0.5634682842663353,0.13176441107477455,0.988217830657959,0.5799047623361857,0.5636337791170389,0.13178299793175283,0.991562008857727,0.5825555716242106,0.5615790469305854,0.13369198441505425,0.9919351935386658,0.583181662218911,0.5607833606856207,0.1336319365671702,0.9928603768348694,0.5837853091103687,0.5600354416029791,0.13362715116568968,0.9947100877761841,0.5805188945361544,0.5627009630203244,0.10165733460869103,0.992670476436615,0.5860931226185387,0.5585158331053595,0.10975972584315703,0.9895126819610596,0.5826413869857785,0.5707633733749387,0.12698644506079804,0.9867115616798401,0.5843954069273809,0.569095752920423,0.12887138192142752,0.9835152626037598,0.5810850467000686,0.5870818597929816,0.060727727732488065,0.9998534321784973,0.6041544284139357,0.571454812799181,0.08154133622135432,0.999862551689148,0.5867827108928132,0.6236789039203096,0.046416950891060474,0.3557131588459015,0.6134679589952738,0.6037144780158994,0.07106536020125659,0.5541565418243408,0.5849019459315706,0.6556342891284395,0.047187176559652586,0.3267070949077606,0.601722088881901,0.6230115907532825,0.07713519196425163,0.42501506209373474,0.5845134394509449,0.664466880049024,0.047398082592657625,0.3292558193206787,0.6010563049997599,0.6284844585827416,0.07736374065279958,0.40630415081977844,0.5841610465730936,0.6637540510722566,0.05016044995614459,0.32562360167503357,0.5978300775800429,0.6273776531219479,0.07792348372084751,0.3942127227783203,0.5845894234521045,0.6607310737882339,0.049177489429712284,0.2988802194595337,0.5980445929935998,0.6264654023306707,0.07657203067626268,0.35695409774780273,0.6022107311657494,0.6395748240607122,0.0031593903217331633,0.9999756217002869,0.6190633586474824,0.6328858596937994,-0.0032599181169643988,0.9999843835830688,0.6013802834919517,0.6879445212227955,0.05056124510509625,0.6817663311958313,0.6314007486615859,0.6936346616063797,-0.027300294648323727,0.9696840047836304,0.6059364489146638,0.740771959509168,0.060009395331144307,0.8471435904502869,0.6394138591630114,0.755433300563267,-0.06724588338817866,0.9788925051689148,0.607494839600154,0.7493509599140709,0.060586076921650314,0.9145656228065491,0.6362546205520627,0.7632158637046811,-0.07109066641756463,0.9630264043807983,0.6053653580801824,0.7496704578399656,0.05071950331330297,0.7384834289550781,0.6504977396556306,0.782067855766841,-0.09464269024985172,0.9096505641937256
140,0.5822838561875476,0.5689273595809934,0.13139011263847344,0.990558922290802,0.5809232183865135,0.5653429235730849,0.1268819461975778,0.9901512265205383,0.5803686346326553,0.5656209111213681,0.12681772304432726,0.9892942309379578,0.579804982457842,0.5658120802470613,0.12683251116956978,0.9923278093338013,0.5826127546174182,0.5638349056243894,0.12845513267176487,0.9926196932792664,0.5832545944622582,0.5631800140653336,0.1283950154270444,0.9934676289558411,0.5838764395032607,0.5625320400510513,0.12838510104588094,0.9951329231262207,0.5803520475115092,0.5654891593115667,0.09920064147029599,0.9933610558509827,0.5861327222415377,0.5619368502071923,0.10657561719417566,0.9903455376625061,0.5825077874319892,0.5724905422755648,0.12232754230499261,0.987888514995575,0.5843664663178578,0.571111076218741,0.12377254303012569,0.9848528504371643,0.5810053859438212,0.5883258019174846,0.059406414840902574,0.9998676180839539,0.6033619574138094,0.5755771483693801,0.08185796567371909,0.9998654723167419,0.5866164139338899,0.6243636403764994,0.03682028156306061,0.4190700650215149,0.6102920855794631,0.611071681976318,0.06509278927530558,0.5326822996139526,0.5854655487196783,0.6586865918976917,0.02730061257524149,0.3883342444896698,0.5998530353818619,0.6367060184478757,0.05948583260178564,0.388449490070343,0.5849128058978487,0.667277908325195,0.025066039285489485,0.3859620988368988,0.5994336911610192,0.6445747154099598,0.05832421790276252,0.37016525864601135,0.5841042876243588,0.6675553219658985,0.0281227664223739,0.38151758909225464,0.5968268513679502,0.6440744910921367,0.05740376641707759,0.3588137626647949,0.5847007496016363,0.6650528992925369,0.029141010237591598,0.35104861855506897,0.59662994316646,0.6416421924318583,0.05803958294647078,0.32511889934539795,0.6021703583853583,0.6410733904157363,0.0010046369861811397,0.9999773502349854,0.6187847648348124,0.6336407337869914,-0.00111569364422134,0.9999850392341614,0.6007084914616173,0.6913412264415193,0.042111588535564265,0.7123369574546814,0.6321936675480431,0.6929927570479253,-0.029018728940614618,0.9726072549819946,0.6060327410697934,0.7439825773239133,0.04290316738188265,0.861561119556427,0.6420766915593825,0.7504822169031412,-0.06584780407803395,0.9807917475700378,0.6080676385334557,0.7518032227243693,0.042331864578383296,0.9225239753723145,0.6393842577934262,0.7573065144675115,-0.06957120522856708,0.9663905501365662,0.6054202829088481,0.7556206498827249,0.029817238875797805,0.7596041560173035,0.653463564600263,0.7769747836249212,-0.09294623892222127,0.9173567295074463
141,0.5821570532662526,0.5709479297910416,0.1255984276533126,0.9910182356834412,0.5808180434363226,0.5677743026188439,0.12111696281603399,0.9907248616218567,0.5802094476563587,0.5680603657449992,0.12104479500225607,0.9899941682815552,0.5795726469584872,0.5682494912828715,0.12105746971709382,0.9928277730941772,0.5826011759894232,0.5664160711424688,0.12415603399276727,0.9928750395774841,0.5832774979727606,0.5658336928912568,0.12411250706229884,0.9936802387237549,0.5839348963328768,0.5652626923152376,0.12411714494228357,0.9951924085617065,0.5800689935684202,0.5684153284345352,0.09420012086629864,0.9938596487045288,0.586170981611524,0.5652007256235392,0.10570249961955203,0.9902975559234619,0.5821974039077756,0.5746424981525964,0.11662910218749722,0.9887338280677795,0.5841842157500128,0.5733864273343765,0.12011730692216321,0.9855543971061707,0.5807269573211666,0.5903707436152864,0.050546741059848216,0.999880313873291,0.6023693902151922,0.5798102225576126,0.08568308906895769,0.9998605847358704,0.586349306787763,0.6236650790487014,0.010245677163558342,0.475719153881073,0.6080387047358918,0.6156363623482838,0.06065905817917412,0.49932748079299927,0.5858436226844785,0.658805864197867,-0.018850477571998314,0.4453880190849304,0.6005513480731417,0.6448656729289461,0.03846808576158113,0.35918357968330383,0.5852923018591742,0.6683608293533322,-0.025864431581326883,0.441258043050766,0.5991419298308234,0.6532150149345395,0.035364585210170045,0.34288400411605835,0.584182776723589,0.6688591514314921,-0.02166200876235961,0.43656834959983826,0.597193668569837,0.6538168055670599,0.032846631854772546,0.3318835496902466,0.5848639794758386,0.6656608836991443,-0.017045062780380243,0.403135746717453,0.59708057641983,0.6508031674793785,0.03597243513379776,0.3006803095340729,0.6021549889019555,0.6436339088848656,-0.004854619423193589,0.9999788999557495,0.6183053953307013,0.6354672534125189,0.0047309234139642515,0.99998539686203,0.6006029605865476,0.6967419743537899,0.01996683893459183,0.7405422925949097,0.6328194090298241,0.6930065223148887,-0.022237249576885776,0.9749571084976196,0.6062570742198397,0.7508768933159962,0.010011427530220572,0.874860405921936,0.6443278159414016,0.7446599023682727,-0.05511610215263705,0.9822939038276672,0.6088311825479777,0.7566647291183468,0.00830405923937048,0.9298824071884155,0.6415590456553866,0.7502765348979401,-0.05873016970498218,0.9693567752838135,0.6054435525621683,0.7648713077817642,-0.008027981115239002,0.7811418771743774,0.6554083432470046,0.7707092438425334,-0.08153406168733321,0.9236092567443848
142,0.5820265752928595,0.574017444678715,0.11807549382959087,0.9918663501739502,0.5807253837585447,0.5710110221590312,0.11332440908466061,0.9916162490844727,0.5800700153623305,0.571303514071873,0.11324982579265316,0.9909589886665344,0.5793767997196739,0.5714843698910301,0.11325798141104829,0.9935191869735718,0.582591104507446,0.5697221500532965,0.11820639031273972,0.9935448169708252,0.5832961133548189,0.5691690036228723,0.11817671465022218,0.9942713975906372,0.5839731744357515,0.5686565041542051,0.11819329304354526,0.9956319332122803,0.5798481447356085,0.5720590932028632,0.08636248133012223,0.9944567680358887,0.5861951504434855,0.5689813733100889,0.10536555073090957,0.9911523461341858,0.5819020884377613,0.577873361110687,0.10886955133506224,0.9898171424865723,0.5840106129646299,0.5766260862350461,0.11501939637320377,0.9869007468223572,0.5805327585765292,0.5929546492440357,0.03859494296567779,0.9998921155929565,0.6016572254044666,0.5846989120755874,0.09240686744451519,0.99986732006073,0.5861763034548075,0.621553872312818,-0.012365534422653058,0.5275634527206421,0.6076975584030149,0.6191416961806158,0.06490808916943411,0.48817116022109985,0.5855600288936067,0.6572324752807615,-0.051258238830736685,0.49945127964019775,0.6004517214638843,0.6492284825869966,0.03272372324551853,0.35111498832702637,0.5854141082082474,0.6673461113657266,-0.06118504468883785,0.4949009120464325,0.5976391213280812,0.657406846114567,0.02921198574560028,0.3370674252510071,0.5840377824647083,0.6681361794471737,-0.05603778681584765,0.49041613936424255,0.5958881616592404,0.6582834873880656,0.025948676014585143,0.3253987431526184,0.5846741114343913,0.6643951909882678,-0.049309540220669315,0.45716622471809387,0.5961492827960421,0.6555351444653099,0.02978445823703492,0.29238319396972656,0.602252342019762,0.6477180055209566,-0.013331237175901015,0.9999804496765137,0.6178679347038266,0.6392596517290385,0.013191946416294995,0.9999858140945435,0.6007338898522511,0.7040848527635843,-0.013543659594974344,0.7659028172492981,0.6330068758555818,0.6932091764041353,-0.00790747168606945,0.9756792783737183,0.606609807695661,0.7604845166206355,-0.0378504636564425,0.8867492079734802,0.6461330975805006,0.737320826734815,-0.03624746778181619,0.982914924621582,0.6098052586827957,0.7648619719914024,-0.040953180513211646,0.9365342259407043,0.6438910058566499,0.7422108633177618,-0.03956319077738692,0.971709132194519,0.6054610627038135,0.7788706524031499,-0.06120851955243517,0.8010823726654053,0.6565119675227571,0.763372799328395,-0.05984894335269925,0.9280329942703247
143,0.5819146207400727,0.578379028184073,0.1093923824174063,0.9926548004150391,0.5806616663932798,0.5751134429659159,0.10528353622981475,0.9924357533454895,0.5799796121461048,0.5753842932837347,0.10521341775144845,0.9918439984321594,0.5792725648198807,0.5755570411682127,0.10522563798086979,0.9941540956497192,0.5825759223529268,0.5738439423697332,0.11115756332874292,0.9941709637641907,0.5832967366491042,0.5733180914606364,0.11113959976605,0.9948248863220215,0.5839857305799209,0.5728448135512213,0.1111713615911347,0.996049702167511,0.5797204187938143,0.5762585691043306,0.07979368461029866,0.9950000643730164,0.5862086449350626,0.5733037727219715,0.10147470853158401,0.9919679760932922,0.5816683888435361,0.582083053248269,0.1015548801847866,0.9908051490783691,0.5838322264807562,0.5811189583369661,0.10878747871943878,0.9881473779678345,0.5800179379326954,0.5958255018506728,0.03212134561368396,0.9999027252197266,0.6013262816837852,0.5904521124703541,0.09211109557322089,0.9998739957809448,0.5862360562597,0.6198159354073658,-0.01495872062763997,0.5743130445480347,0.6079035690852571,0.6252086724553787,0.0638443012322698,0.47543126344680786,0.5845672522272379,0.6575823920113697,-0.046684912272862006,0.5475543737411499,0.5982436997549871,0.6555874807494024,0.02694620016430104,0.33853474259376526,0.5846312216350008,0.6675401176725112,-0.05554454614009174,0.5419139266014099,0.5943885411534988,0.6640356966427392,0.023289278149604787,0.32478833198547363,0.5830737335341315,0.6684682675770348,-0.05063685891883712,0.5375248789787292,0.5922655173710412,0.6641454373087199,0.02002050700996602,0.31292229890823364,0.5836550831794736,0.6648466910634718,-0.04460923277906007,0.5037022233009338,0.5936227049146376,0.6614886879920956,0.023913231518651747,0.2806199789047241,0.6024290970393587,0.6545311655317031,-0.01658187077513762,0.9999816417694092,0.6176273192678177,0.6458912219320021,0.01644749872918639,0.9999855756759644,0.6008922985621858,0.7129387429782319,-0.023063090283955836,0.7885710597038269,0.6327521068709234,0.6937497547694612,-0.000702256982081702,0.9695206880569458,0.6077283382415768,0.7726362960679187,-0.05258908431444846,0.8975117802619934,0.647179497991289,0.728009634358542,-0.02423892713018825,0.9802120327949524,0.6110179458345683,0.778616072450365,-0.05626202060707975,0.9425837993621826,0.6467531800270078,0.7316295862197872,-0.02706952398376804,0.9731594920158386,0.6056941679545809,0.7911445208958214,-0.07811169922351834,0.8194608688354492,0.6570571013859337,0.7537303481783182,-0.04495627486280031,0.9273062944412231
144,0.5818751164845055,0.5826153414590015,0.1089557996817997,0.9933576583862305,0.5806168249675203,0.5791090147835865,0.10522738077810828,0.9931701421737671,0.5799396429743083,0.5793868303298948,0.10516118173088342,0.9926359057426453,0.5792315329824173,0.5796038184847148,0.1051649078726768,0.9947240948677063,0.5825977138110566,0.5778234924588882,0.11226277606827866,0.9947291612625122,0.5833335859434943,0.5773451532636367,0.11225028761795583,0.9953139424324036,0.5840352381978713,0.5769013762474058,0.11229216009378427,0.9964177012443542,0.5795836618968416,0.5807939239910668,0.08034793798412591,0.9954894185066223,0.5862156135695318,0.5776531611170084,0.10428453385829921,0.9926695227622986,0.5815932869911191,0.5863083073071069,0.10128664842673706,0.9916915893554688,0.5837556753839763,0.5854232583727152,0.10979388760668886,0.989249587059021,0.5793331912585664,0.5991819756371631,0.03236918311033929,0.9999123215675354,0.6008975335529869,0.5966344697134832,0.09529545115573061,0.9998761415481567,0.5861749819346833,0.619634003298623,-0.012986760533281728,0.6165174245834351,0.6083548392568313,0.6312996200152803,0.06410183970417292,0.44078895449638367,0.5834814752851211,0.658192796366555,-0.03977784918887273,0.5918726325035095,0.596240196909223,0.6628535628318784,0.02379950221095765,0.3201778531074524,0.5836209961346215,0.6680318679128372,-0.04758826919964379,0.5860531330108643,0.5913689970970151,0.6704720820699417,0.019688743725419035,0.31048309803009033,0.5820492369788031,0.6690026896340503,-0.04290003340159142,0.581931471824646,0.5891732999256677,0.6709576283182412,0.016962519234844608,0.2986634373664856,0.5825540338243753,0.6655535987445282,-0.03764056148273602,0.5491893291473389,0.5913520370210916,0.6674582583563666,0.020787430155490116,0.2666471302509308,0.6024195773260931,0.661391917296818,-0.0180066789101277,0.9999824166297913,0.6173243096896578,0.6524626135826108,0.01788056205425943,0.999984085559845,0.6007520743778771,0.7220838069915768,-0.01849807329209787,0.808536171913147,0.6322468246732436,0.6966497370174949,0.004430088041616337,0.9636664390563965,0.6098179476601734,0.7827415210860112,-0.05089980890708308,0.9071260094642639,0.646638362748282,0.7194734181676589,-0.021561565782342626,0.9757798910140991,0.6130216956138608,0.7912736415863033,-0.054950102631534825,0.9480327367782593,0.6474180698394773,0.719361739499228,-0.024686419910618224,0.9742249846458435,0.6058077352387561,0.7970622726849144,-0.0789409484182085,0.8356019854545593,0.6574770229203357,0.7430127910205293,-0.0426805899611541,0.9238064885139465
145,0.5819492595536366,0.5861716832433426,0.11273754622255047,0.9940093755722046,0.5806147047451562,0.5827219809804641,0.10891955558742791,0.9938465356826782,0.5799108249800543,0.5830511791365485,0.10885565642799645,0.993364155292511,0.579181577478136,0.5833130325589858,0.10885120119367322,0.9952465295791626,0.582720557280949,0.581528624466487,0.11678004243544164,0.9952493906021118,0.5834757004465373,0.5811351231166293,0.11677224380629397,0.9957739114761353,0.5842048713139123,0.580738772664751,0.11682497050080974,0.996768057346344,0.5794370429856434,0.5853391783578052,0.08340099241052351,0.9959366321563721,0.5862842661993841,0.581924886362893,0.10816342979669566,0.9933711290359497,0.5815627012934002,0.5901123830250328,0.10416719274861468,0.992506742477417,0.5837226033210752,0.5892063651766093,0.11389324090310501,0.9902878403663635,0.5785259604454038,0.6036669645990641,0.03390538713761737,0.9999210238456726,0.60041857276644,0.6026888915470665,0.09704557763678683,0.9998824000358582,0.5857291783605301,0.6221343960080825,-0.017548591643571844,0.6539165377616882,0.6070816993713377,0.6380115049225941,0.061892350975956203,0.40517324209213257,0.5831008894102911,0.6595193862915036,-0.04927862158843447,0.6303979158401489,0.5927963035447255,0.6664067915507722,0.018472610750801054,0.2985289990901947,0.5831391794340948,0.6688204305512562,-0.057720732795340644,0.6236860752105713,0.5881453207560945,0.6739075439316883,0.01345232353944863,0.2927769720554352,0.581662103107997,0.669159616742815,-0.053218679130077336,0.6196749210357666,0.5864982008934019,0.6738022514751976,0.011243925562926697,0.28099334239959717,0.5822652101516721,0.6659794534955703,-0.04738905749150683,0.5860561728477478,0.5886229242597305,0.6701506972312924,0.01544049691541918,0.24969103932380676,0.6018634302275518,0.6682016525949748,-0.01794125283403055,0.9999836683273315,0.6167845112936834,0.6585928865841453,0.017822458275726857,0.9999843835830688,0.6005190406526835,0.7280584692955014,-0.012490319500544234,0.8256775140762329,0.631918098245348,0.7026760901723585,0.008495920889877844,0.9458315372467041,0.6122292791094096,0.7880617993218555,-0.046382692030497934,0.9153432250022888,0.6451503498213629,0.7136830823762073,-0.024740448061908983,0.9634857177734375,0.6151683262416292,0.7980049133300777,-0.050648030212947275,0.9529868960380554,0.6452969670295712,0.7093511564390996,-0.028313071653246865,0.9749126434326172,0.6059260334287369,0.796763375827244,-0.07635294475725715,0.8496720194816589,0.656609659535544,0.731136562143053,-0.047645221118416084,0.9145417213439941
146,0.5822304419108797,0.5894071016992839,0.11717163196631834,0.9946041107177734,0.5807982717241558,0.5862638166972567,0.11285001273666105,0.9944595098495483,0.5800089308193749,0.5867013743945528,0.11279006770678923,0.9940245151519775,0.5792199543544221,0.5870792712484084,0.1127764103668076,0.9957196712493896,0.5830689021519249,0.5850810442652018,0.11977626489741455,0.9957224130630493,0.5838512744222366,0.5847284861973351,0.11975843863827837,0.9961939454078674,0.5846146174839562,0.5843445811952861,0.11980344887290677,0.997089147567749,0.5793945687157764,0.590052224908556,0.0865528943283217,0.9963409304618835,0.5864681312016076,0.5859877245766774,0.11064218325274326,0.9940255284309387,0.5816147157124107,0.5937330859048022,0.10744438448122565,0.9932485818862915,0.5838181529726298,0.5926182525498523,0.11629463136196132,0.9912460446357727,0.5782975196838376,0.6098045263971599,0.03427284732460974,0.9999288320541382,0.5993146453584941,0.6080967221941264,0.09720547177961888,0.9998916387557983,0.5852601749556403,0.6270732368741714,-0.024118861662490016,0.6853811144828796,0.6034323045185631,0.6421555263655523,0.05868740954569405,0.3827618658542633,0.583196835858481,0.6611391067504879,-0.061182239119495635,0.6595717668533325,0.5890331830297195,0.6655735594885687,0.013270381848061716,0.29984405636787415,0.5834188665662491,0.6699064680508202,-0.07018069773912426,0.6513055562973022,0.5860680988856721,0.673733409813472,0.007678112228001863,0.29865631461143494,0.5818939072745184,0.6698321614946634,-0.0659784494766167,0.647016167640686,0.5847651703017096,0.6730135389736717,0.006013837776013781,0.2867002785205841,0.5825478775160651,0.6668890442167006,-0.05962933312569343,0.6080106496810913,0.5860672814505439,0.6697799904005866,0.010310957261494223,0.2518470585346222,0.601082052503313,0.6736273271696904,-0.018613023177853644,0.9999849200248718,0.6161277481487816,0.6641499468258446,0.018484817179185997,0.9999852776527405,0.6000825677599222,0.729808163642883,-0.015163621040327202,0.8422524333000183,0.6320644617080685,0.7117700099945065,0.01000353290832468,0.9418014287948608,0.6135361603328157,0.7880590115274698,-0.05468747307147297,0.9233778119087219,0.6446375455175124,0.7099666169711518,-0.03518838126744541,0.9585004448890686,0.6166679876191272,0.7979597568511959,-0.05954814414892875,0.957582950592041,0.6433419074331008,0.702807237420763,-0.04001591806965213,0.9762976765632629,0.6058109743254523,0.7960044980049129,-0.0870087341538497,0.8637171387672424,0.6557554551533287,0.7202945862497598,-0.061865906204496085,0.914091169834137
147,0.5825937254088263,0.5930628946849275,0.12166854015418455,0.9951358437538147,0.581169385569436,0.5902103185653684,0.11781651888574868,0.995010256767273,0.5803033573286871,0.5906673039708815,0.11776037876095084,0.9946164488792419,0.5794528671673363,0.5911232863153728,0.11775135972670142,0.9961442351341248,0.5835183109555923,0.5890006967953271,0.12288611722843981,0.9961475729942322,0.58432502746582,0.5886073657444543,0.12285813284771777,0.9965708255767822,0.585110829557691,0.588178879874093,0.12290447950363154,0.9973776340484619,0.579381842272622,0.5945135252816334,0.09243793551410943,0.9967030882835388,0.5867008413587296,0.5900321994509012,0.11320594293730595,0.9946095943450928,0.5817463585308617,0.5973439080374578,0.11274220538990834,0.9939109086990356,0.5839819329125537,0.5962832570075987,0.11909970832722522,0.9921003580093384,0.5784023761749265,0.6158890570913039,0.037392571142741596,0.9999358654022217,0.5983001181057519,0.6127501079014367,0.0962868437170982,0.9999006390571594,0.5850221940449303,0.6334788782255988,-0.025160534546843586,0.6980509161949158,0.5991900444030759,0.6450609053884231,0.05067827541913303,0.35476577281951904,0.583129595007215,0.6630479965891154,-0.0682186390672411,0.6541168093681335,0.5845221264021734,0.6661714042936049,1.6247116062522923e-05,0.28599241375923157,0.583330736841474,0.6714172840118404,-0.07785552463361192,0.6437822580337524,0.5827789817537578,0.6745929854256763,-0.006631321737742316,0.28771406412124634,0.581542817183903,0.6711902993065968,-0.07385965383478571,0.6382148861885071,0.5818227870123724,0.6740583079201832,-0.007840894869462186,0.27553167939186096,0.5821631635938369,0.6683646849223542,-0.06698054149746892,0.5859076976776123,0.582594105175563,0.6713411756924217,-0.002942247868382505,0.2390979528427124,0.6001497268676754,0.6781788144792826,-0.016881989740899623,0.9999861121177673,0.6153295397758481,0.6689820970807754,0.01674511709383555,0.9999863505363464,0.5996382900646752,0.7299756509917119,-0.009495429295514307,0.8519797325134277,0.632346791880471,0.7200915523937768,0.005724324099719522,0.9345542788505554,0.6136829529489787,0.7875117097582132,-0.04704529877219879,0.9283044934272766,0.6452442032950262,0.7061328053474423,-0.048578929528593995,0.9411600232124329,0.6168602756091524,0.7969274776322497,-0.052145745179482846,0.9614253044128418,0.6429755551474432,0.6978207928793767,-0.054527377283998875,0.9763762354850769,0.6062258413859773,0.796752936499459,-0.08081254959106442,0.8716452121734619,0.655277838025774,0.7118546111243109,-0.07961900500314573,0.8999713063240051
148,0.582789725916726,0.5966955951281954,0.128536860857691,0.9956213235855103,0.581465102945055,0.5939680899892532,0.1250039107033184,0.9955089092254639,0.580597058364323,0.5942568336214336,0.12494610760893135,0.9951542615890503,0.5797217369079588,0.594634015219552,0.12493823340960905,0.9965295195579529,0.5838088393211361,0.5930716582706993,0.12909140012093945,0.9965325593948364,0.584636274405888,0.5926913142204282,0.12905569055250707,0.9969133734703064,0.5854263833590914,0.5922877175467351,0.12910418957471842,0.9976395964622498,0.5793772476060046,0.5978884492601664,0.10057618447712485,0.9970325231552124,0.5867871795381816,0.5942562546048843,0.11857134614671974,0.9951471090316772,0.5818693671907694,0.6006372315543036,0.12015366149800158,0.9945184588432312,0.5841145447322298,0.5998929296221049,0.12507214822939458,0.9928877949714661,0.5786591001919335,0.6193310958998541,0.04321967991335049,0.9999422430992126,0.5978005562509807,0.6168104869978766,0.09937338488442553,0.9999099373817444,0.5850924730300902,0.6364919168608526,-0.02003647416297878,0.714963972568512,0.5985489794186181,0.6469889623778204,0.04943150899239947,0.33586785197257996,0.5826050962720596,0.6651828101703096,-0.06438298087034904,0.6701290607452393,0.5839252676282607,0.6689632654190061,-0.008045860902140182,0.28373444080352783,0.5824986747332979,0.6734705754688805,-0.07417428365775514,0.6592053771018982,0.5811647227832246,0.6766233171735487,-0.017905482922547625,0.29113391041755676,0.5802756650107245,0.6734464355877464,-0.0696399728102343,0.6532366275787354,0.5797999858856199,0.6762794477599005,-0.01877700257381158,0.2774182856082916,0.5808601532663615,0.6705545408385137,-0.0629684312002999,0.5916962027549744,0.5809044684682572,0.6735752820968625,-0.011494951056582587,0.23657159507274628,0.5993888531412395,0.6804203850882391,-0.015576923239443975,0.9999874234199524,0.6145978893552504,0.6724021843501496,0.015435664834720739,0.9999876022338867,0.5994319966861177,0.7302755968911303,-0.003381912609828367,0.8655322790145874,0.6325039744377133,0.727057702200753,0.004347874250795157,0.9384598135948181,0.6134169578552243,0.7872611658913745,-0.038695894926786406,0.9343569278717041,0.6453570485115048,0.7030000959123881,-0.04837002722280363,0.9380385875701904,0.6165920461927139,0.7963701299258638,-0.04155036136507986,0.9651051163673401,0.6428192768778116,0.6945784926414487,-0.05426327479737143,0.9778310060501099,0.606773655755179,0.7976629972457883,-0.06869955488613669,0.8823202252388,0.6560470274516511,0.7083288005420136,-0.0800881098423685,0.8997932076454163
149,0.5828382509095326,0.5990343315260748,0.13654369967324387,0.9960569739341736,0.5815742509705677,0.5962708950042722,0.13307880950825549,0.9959573745727539,0.580732132707323,0.5963665178843904,0.13302046507596965,0.995637834072113,0.5798642379896979,0.5965459602219715,0.1330135068723133,0.9968759417533875,0.5838879653385705,0.5957064747810361,0.13708259399448117,0.9968786835670471,0.5847163098199024,0.5953684193747382,0.137045298729624,0.9972211718559265,0.585499915054866,0.5949944870812549,0.137096896128995,0.997874915599823,0.579364786829267,0.599294292926788,0.10801498038428166,0.9973288774490356,0.5867538452148434,0.5969609669276643,0.12593593469687864,0.995629608631134,0.5819440994943889,0.602576274531228,0.12797849199601574,0.995064914226532,0.584177494049072,0.6021763886724196,0.1327559053897857,0.9935951828956604,0.5784334557397022,0.6203601292201448,0.048642639922244185,0.9999480247497559,0.5979306936264035,0.6190760816846572,0.10809964665344778,0.9999176859855652,0.5851270249911714,0.6372685585703165,-0.013256147849772651,0.7384729981422424,0.5999651789665219,0.649789260114942,0.0660667997385774,0.32457250356674194,0.5819838711193628,0.6682504602840966,-0.05370167972786083,0.695186972618103,0.5895864469664435,0.6743842550686424,0.01822131703624368,0.2744898498058319,0.5812558582850862,0.6764904890741618,-0.06291124810065539,0.683745801448822,0.5867781962667189,0.6807737248284473,0.009626608762690527,0.286616712808609,0.5789386136191229,0.6763274209839953,-0.05845518399562152,0.6775829792022705,0.5844604424067903,0.6807975104876923,0.008440465777779791,0.271711528301239,0.5797283973012649,0.6734433208193095,-0.052196850574442295,0.6122291684150696,0.584827249390738,0.6782294903482706,0.01483701667748391,0.22944384813308716,0.5989272969109669,0.6811718514987397,-0.016963562475783477,0.9999885559082031,0.6139857700892855,0.6742028236389157,0.016815043347222457,0.9999886155128479,0.5993122509547639,0.730709109987531,-0.0059575098699757,0.8787108063697815,0.6314686741147719,0.7316413181168688,0.007263128246579848,0.9441060423851013,0.6134651712008882,0.787289076192038,-0.037216182053089124,0.9405055046081543,0.6448232940265107,0.7023144432476586,-0.038004072755575165,0.9405141472816467,0.6164960520608082,0.7961521949086867,-0.03844418515052112,0.9685112237930298,0.6423278450965879,0.694250951494489,-0.0424492051558835,0.9796900153160095,0.6071489265986849,0.7975568805422097,-0.06327922152621403,0.8930434584617615,0.6564691237040925,0.7090106776782441,-0.06571715580565586,0.9043019413948059
150,0.5825960499899725,0.6003838351794648,0.14093068795544755,0.9964501857757568,0.5814128245626174,0.5971140452793663,0.137106048635074,0.9963613152503967,0.5805949006761821,0.5970713462148391,0.13704987849508005,0.9960735440254211,0.5797575541904991,0.597081615243639,0.13704227379390166,0.9971880912780762,0.5837144153458729,0.5968001416751314,0.14153728059359952,0.997190535068512,0.5845437816211152,0.5965055993625092,0.14150471857615873,0.9974985718727112,0.5853250520569935,0.5961712394441874,0.14155742526054377,0.9980870485305786,0.5793404136385234,0.5992381385394503,0.11021738435540875,0.9975957870483398,0.5865866456712994,0.5980405552046637,0.13014093424592693,0.9960649609565735,0.5817204901150292,0.6035399028233117,0.13173241466283792,0.9955575466156006,0.583966779708862,0.6034746340342927,0.13708216760839728,0.9942335486412048,0.5779018095561433,0.6203864063535416,0.05077733844518659,0.9999532103538513,0.5977867467062812,0.6201340062277655,0.11498812649931221,0.9999249577522278,0.5849348340715678,0.6374115381922038,-0.010047133912199305,0.7602195739746094,0.6012712904385156,0.6522119419915332,0.08478777621473581,0.3016357719898224,0.5811728562627517,0.671248706749507,-0.04324037006923129,0.7153849601745605,0.5968808650970456,0.6799655113901408,0.05240451328988584,0.25086215138435364,0.5801726341247555,0.6797691583633421,-0.051411876933915246,0.7028769254684448,0.5955826418740406,0.6855913162231442,0.047680331068113424,0.26350340247154236,0.5778978075299941,0.6795748029436381,-0.04654347433575559,0.6965000629425049,0.5924002630370001,0.6864939945084705,0.045887186225237575,0.249426931142807,0.5787341356277463,0.6767210602760312,-0.041297958046197875,0.6263217329978943,0.5916111043521333,0.6842067207608901,0.04943868464657236,0.21066397428512573,0.5988526139940531,0.6812914848327634,-0.01975497994571923,0.9999896287918091,0.613401194981166,0.6754655412265229,0.019600022743855194,0.9999896287918091,0.5989713106836589,0.7313691530908853,-0.01407209234312176,0.8906915187835693,0.6283193128449573,0.7332833068711413,0.010585311454321652,0.9493113160133362,0.6135415009089875,0.787201745169503,-0.04639159962534902,0.9461230635643005,0.6445254206657407,0.7044943758419578,-0.030837386846542345,0.943515956401825,0.6165984307016643,0.796132351670946,-0.04803756869265009,0.9715911149978638,0.642032296316964,0.6962805628776547,-0.035643801838159545,0.9814454913139343,0.6070278508322577,0.7973079102379932,-0.07243222700698032,0.9029818177223206,0.6569759164537698,0.7136866280010765,-0.056080597532646964,0.9097814559936523
151,0.5823385085378372,0.6005223069872172,0.13988027955804547,0.996804416179657,0.5812528116362432,0.5968963980674741,0.13573933712073727,0.9967249035835266,0.5804687840597966,0.5968060067721772,0.13568569464342928,0.996465802192688,0.5796674847602841,0.5967519061905995,0.13567589308534345,0.9974690675735474,0.583528341565813,0.5966540847505839,0.14044192475931977,0.997471272945404,0.5843614629336763,0.5963801962988715,0.14041463860443654,0.9977483749389648,0.5851514254297526,0.5960606149264742,0.14046678713389799,0.9982780814170837,0.57933007138116,0.5986237185341968,0.10813979506492609,0.9978359937667847,0.5864553758076256,0.5978742088590346,0.12926494862352095,0.9964571595191956,0.5815113833972383,0.6035879015922543,0.1304415549550737,0.9960009455680847,0.5837424993515012,0.60360027211053,0.13615176507404866,0.9948083162307739,0.5772745098386489,0.6202017903327939,0.049822652978556474,0.9999578595161438,0.5976139562470569,0.6198592134884423,0.11596532506602145,0.9999317526817322,0.5842633332524978,0.6394441979272022,-0.007172232986028702,0.7824975252151489,0.6017112595694403,0.653156679017203,0.09059483898537496,0.2797715961933136,0.5800666076796392,0.6745129312787734,-0.03252925179632645,0.7387927770614624,0.6012026786804197,0.6840563603809898,0.06810857307698043,0.2317185401916504,0.5790770394461493,0.6836101140294752,-0.039295316008584824,0.7255792617797852,0.6014872687203541,0.6885689139366147,0.06760484642914627,0.24572469294071198,0.5768676366124832,0.6830204571996413,-0.034067237150988396,0.7191743850708008,0.5981048771313255,0.6906340309551781,0.06547798528834908,0.2325287014245987,0.577574278627123,0.6801441856792991,-0.030171079880424896,0.649509072303772,0.5957992860249108,0.6890118496758595,0.06572924948164392,0.1969388723373413,0.598573553562164,0.6823353222438264,-0.021514749473759098,0.9999906420707703,0.6125515903745375,0.6772281578608919,0.021357852220535267,0.9999905824661255,0.5983552609171183,0.7325104389871866,-0.023818262440285502,0.9015700221061707,0.6228307400430949,0.7331012044634134,0.012405424378812306,0.9540594816207886,0.6134796210697716,0.7864612936973567,-0.0617422806365149,0.9514174461364746,0.6440136057989935,0.7061685238565714,-0.03729685364024978,0.9474126100540161,0.616503264222826,0.7949739319937565,-0.06583552051867754,0.9744142293930054,0.6422177774565557,0.698857019628797,-0.04370744962777408,0.9831632375717163,0.6070525254522048,0.7974938273429867,-0.09105223736592698,0.9125000834465027,0.657199600764683,0.7185372335570196,-0.06370327451399392,0.9171105027198792
152,0.5821659173284255,0.6003979444503782,0.13850951237337922,0.9971229434013367,0.5811497432844976,0.5965423209326605,0.1342453635164669,0.9970518946647644,0.5803901502064294,0.5963928682463506,0.13419145175388875,0.9968185424804688,0.5796116471290585,0.5962916527475627,0.13418114866529185,0.9977217316627502,0.5834107160568235,0.5964184318269999,0.13908628331763398,0.9977236986160278,0.5842495679855344,0.5961681331906997,0.13906284591981338,0.9979729652404785,0.585051301547459,0.5958687748227798,0.13911150949341905,0.9984498023986816,0.5793374317032948,0.5980939337185448,0.10676870175770345,0.9980520009994507,0.5863754493849616,0.5976708565439495,0.12834627670901155,0.9968092441558838,0.5813962101936339,0.6035079785755699,0.12901594787836068,0.996399462223053,0.58359386069434,0.6035230755805966,0.13489839392048966,0.9953246712684631,0.5769410644258769,0.6194383536066325,0.048850564818297096,0.9999620318412781,0.597498672349112,0.6195709398814607,0.11556470223835531,0.9999377727508545,0.5828047224453514,0.6413724694933207,-0.0024572415975853785,0.8029494881629944,0.601811919893537,0.6564153245517182,0.09048874718802312,0.2578617036342621,0.5786076051848272,0.6772422279630386,-0.019685177465102493,0.7609827518463135,0.597011681965419,0.6851249592644825,0.0656275351132665,0.21774856746196747,0.5777469856398443,0.6866480997630524,-0.02562919530651664,0.7469001412391663,0.5959035805293489,0.6899504882948735,0.06485403286559238,0.23426581919193268,0.5755405988012039,0.6857162100928167,-0.01996540976688265,0.7401975393295288,0.5931135960987634,0.6913860201835629,0.06242864919560294,0.2221854329109192,0.5761151296751837,0.6829175370080127,-0.017004384100437156,0.6722472310066223,0.5917830279895234,0.6896391613142828,0.06298693642020223,0.18935300409793854,0.5979806934084209,0.684151344639914,-0.022022669762372958,0.9999915361404419,0.6117558802877151,0.6792675818715774,0.021872418001294126,0.9999914765357971,0.5976285321371893,0.7335266573088507,-0.03325108840529406,0.9113621115684509,0.6167106764657153,0.7309741718428472,0.01749757972678967,0.9582907557487488,0.6131792204720631,0.785493787697383,-0.08707523207579336,0.9561310410499573,0.6421058058738706,0.7114546826907563,-0.04390257607613289,0.9504531025886536,0.6163555026054379,0.7938685723713462,-0.09273409896663254,0.976953387260437,0.6427190525191169,0.7043839386531281,-0.05157967220459664,0.9847157001495361,0.6071359498160224,0.7977180991853983,-0.11748490887028826,0.9210553765296936,0.6554178135735644,0.7256177800042285,-0.07147609964013096,0.924157440662384
153,0.5822115625653945,0.6001367568969724,0.13163742806230266,0.9974097013473511,0.5811793480600627,0.5962453450475418,0.12701033353805535,0.997346043586731,0.5804159998893735,0.596072697639465,0.12695376404694142,0.9971358180046082,0.5796301654406953,0.5959384288106643,0.12694282042128693,0.9979490041732788,0.5834422673497879,0.5960870572498863,0.13227681283439902,0.9979507923126221,0.5842832718576702,0.5958060077258516,0.1322532428162438,0.9981750249862671,0.5850966112954273,0.5954912372997826,0.1322891052280153,0.9986042976379395,0.5793442981583729,0.5977123720305304,0.09869687833956306,0.9982461929321289,0.5863962514059882,0.5971995336668829,0.12215892672538751,0.9971258640289307,0.5814604980604987,0.6034262725285118,0.12186939567327493,0.9967578053474426,0.583656789575304,0.6032660416194369,0.12830096398081092,0.9957893490791321,0.5766023499625067,0.6191613469805033,0.041212850702660404,0.9999657869338989,0.5976843663624352,0.6189364297049383,0.11674818247556681,0.9999433159828186,0.5810305476188657,0.6440493226051327,5.328037909099032e-05,0.821934700012207,0.6011770708220343,0.6583339912550787,0.09241749963590074,0.2354479730129242,0.5772141882351464,0.680253309862954,-0.009085254730390648,0.7828041315078735,0.592068425246647,0.6855636358261105,0.0685353583523205,0.2309836596250534,0.5763292687279835,0.6889996290206906,-0.013654145112793354,0.7686922550201416,0.5892629946981154,0.69115172454289,0.06843405855553487,0.2574410140514374,0.5744610973766868,0.6879203847476412,-0.008488844960395776,0.7619166970252991,0.5876389469419204,0.6910390274865283,0.06571573615074154,0.24800731241703033,0.5751354745456148,0.6854872993060518,-0.006385930680802888,0.6977185606956482,0.5873056173324582,0.6892237373760766,0.06583644800952498,0.21615184843540192,0.5969795840127126,0.685356395585196,-0.022878246222223543,0.999992311000824,0.6108706218855718,0.6801663041114804,0.022740055727107175,0.9999922513961792,0.595809757709503,0.7334954227719984,-0.03682070108396665,0.9201992154121399,0.6109805328505377,0.7295987554958885,0.02020042317786386,0.9619464874267578,0.6122518437249317,0.7849445547376357,-0.09503671122448781,0.9603767395019531,0.6387955580438883,0.7194336244038171,-0.048756969507251446,0.9523530602455139,0.6159664937428062,0.7928959403719217,-0.10125900294099531,0.9792454838752747,0.6424844792910982,0.7127652798380167,-0.056364936381578426,0.9861236214637756,0.6068343145506719,0.79753269297736,-0.1259688053812299,0.9288400411605835,0.6512739488056725,0.7342305081231251,-0.07746537051030564,0.9309762120246887
154,0.5822071705545695,0.600056059019906,0.12216974922588889,0.9974265098571777,0.5811732598713464,0.5960727487291605,0.11699447908571782,0.9974223971366882,0.5804127846445353,0.5959013581275937,0.1169369459152221,0.9972057342529297,0.5796288354056219,0.5957612463406151,0.11692265165703632,0.9980126023292542,0.5834273031779695,0.5958264214651923,0.12258402109146113,0.9979774951934814,0.5842724204063412,0.5955003227506362,0.12255734524556562,0.9981510639190674,0.5850986736161365,0.5951715537479942,0.12257796738828926,0.9985784292221069,0.579343053272792,0.5974540284701753,0.08724410661629264,0.9982931613922119,0.5864320005689346,0.5967476691518508,0.1122033943023,0.9968095421791077,0.5814572708947315,0.60343861409596,0.11205291471311019,0.9967596530914307,0.5836751614298137,0.6032540168081009,0.1189031200749533,0.9956472516059875,0.5762314540999274,0.6193622384752544,0.03202451882617813,0.9999688267707825,0.5982272812298364,0.6185572709356033,0.11313313884394505,0.9999316930770874,0.579186369691576,0.6480008108275275,0.002181448651078555,0.8339909315109253,0.600534185341426,0.6576746089117864,0.09147733982120237,0.21250130236148834,0.5760302237101961,0.6830899817602971,0.00491155171766877,0.7915974855422974,0.589316231863839,0.6849557331630158,0.07072711672101699,0.21692195534706116,0.5747093847819734,0.6904495630945475,0.0025853149509722628,0.7746002078056335,0.5858400123459949,0.6908019593783784,0.07160869368485039,0.24594859778881073,0.5731690560068401,0.6891731636864795,0.007368132032986196,0.766700804233551,0.5843913487025667,0.6899187309401373,0.06872202008962629,0.2381947636604309,0.5740927713257924,0.6873118553842814,0.007853029455457412,0.6975166201591492,0.5847366401127404,0.6882874335561477,0.0681304468640259,0.20798197388648987,0.5957941174507138,0.6855474829673764,-0.023449417203664766,0.9999915957450867,0.6097929613930835,0.6795328600066046,0.0233253707310983,0.9999906420707703,0.5921052847589763,0.7330396669251575,-0.036028101614543354,0.924052357673645,0.6068120394434244,0.7259858165468485,0.017630854781184868,0.9391943216323853,0.6105651923588341,0.7851703745978216,-0.09244694012616358,0.9623273015022278,0.6366348777498514,0.7298118540218894,-0.051263861837131615,0.9390799403190613,0.6150260141917634,0.7918587735721039,-0.09879237844475675,0.9808071851730347,0.6423170123781474,0.7240824018205911,-0.05864384413829869,0.9850819706916809,0.6063043747629435,0.798301017284393,-0.1222826385072299,0.9304401874542236,0.6463114108358108,0.7467712725911818,-0.07940518589956416,0.9179447293281555
155,0.58220214503152,0.5992897272109983,0.11375190977539329,0.9974856376647949,0.5811648385865344,0.5953578863825114,0.10789114556142257,0.9975171685218811,0.5804045353616984,0.5952452727726525,0.10782668931143619,0.9973208904266357,0.5796219706535337,0.5951581273760111,0.10780812267746238,0.9980937242507935,0.5834132858685082,0.5950085946491783,0.1130771717854908,0.9980236291885376,0.584267575400216,0.5946807725088934,0.11304664569241654,0.9981735944747925,0.5851179276193887,0.5943679554121832,0.11305309321199139,0.9985718131065369,0.5793336595807754,0.5969403624534604,0.07621646821498868,0.998389482498169,0.5865251302719113,0.5960579463413781,0.09957391875130785,0.9967115521430969,0.5814141597066604,0.6028618233544483,0.10315521210432048,0.9968494176864624,0.5836855701037813,0.6026947753770008,0.10949899639402111,0.9956492781639099,0.5754975301878791,0.6199696574892313,0.024909221700259603,0.9999715685844421,0.5987720881189615,0.6180034177643909,0.10097869570766171,0.9999216198921204,0.5773561426571434,0.6524484293801441,0.0029222923464008715,0.8488086462020874,0.6007671509470256,0.6546688454491748,0.0879631291542734,0.19388413429260254,0.5748700158936634,0.6839582596506388,0.012709684683276067,0.8063218593597412,0.5914572034563335,0.6840561798640656,0.07031153036015371,0.20250488817691803,0.5734152725764681,0.6905658466475347,0.011892938567325467,0.7871007323265076,0.5886499609266006,0.6884562151772632,0.07203178150313239,0.23121610283851624,0.5721012098448615,0.6891929251807073,0.01631220372925911,0.7790391445159912,0.5861696192196435,0.688037572588239,0.06884158274957108,0.22429175674915314,0.5731617706162586,0.6875088095664974,0.015744924438851213,0.7093073725700378,0.5858788967132565,0.6868148905890326,0.0678449526429176,0.19653533399105072,0.5942464028085979,0.6862145662307736,-0.022731022909283628,0.9999907612800598,0.6087329592023574,0.6794061490467613,0.022616090359432343,0.9999886751174927,0.5872865285192215,0.7304077080317903,-0.018123316927812987,0.9289407134056091,0.6034309404236927,0.720302319526672,0.018704653983669613,0.9311533570289612,0.6062225307737075,0.7810892258371622,-0.057116524342979674,0.9643810987472534,0.6328504034451072,0.7362097961562017,-0.036797023225309575,0.9374407529830933,0.6108142869813098,0.7857132043157302,-0.06168448754719323,0.9821877479553223,0.638402710642133,0.7345479743821277,-0.0426963072669293,0.9852535128593445,0.6048229745456147,0.7954357930592124,-0.08037463767187933,0.9312549233436584,0.6400856597082952,0.7557666846684044,-0.061536685803106825,0.9125891327857971
156,0.5821910551616121,0.5984634978430609,0.11440666637250349,0.9962289333343506,0.5811554602214266,0.5946077363831653,0.10862520954438613,0.9963029623031616,0.5803956151008604,0.5945516722542896,0.10855709548507413,0.9962112903594971,0.5796144843101498,0.5945172650473456,0.10853840517146242,0.997388482093811,0.5834137133189607,0.5941832729748314,0.11306763376508436,0.9967309832572937,0.5842731441770279,0.5938573649951387,0.11303420577730446,0.9968308210372925,0.58514175925936,0.5935496773038589,0.11303971622671394,0.9974027276039124,0.5793246098927086,0.5964394518307274,0.0762786343693733,0.9979838132858276,0.5866164990833824,0.5954304780278884,0.09592940658330912,0.9932214617729187,0.5813714436122346,0.6021546346800666,0.10390577231134682,0.9958826303482056,0.5836897781917024,0.6019950168473378,0.10907518565654749,0.9936347603797913,0.5746328030313761,0.6204536489077974,0.026091948470899025,0.9999738335609436,0.5991786054202486,0.6180381911141529,0.09068298723016462,0.9999021291732788,0.5750214031764437,0.6564591612134658,0.00952852984690772,0.8567970395088196,0.603372091906411,0.6529029028756275,0.08554803026573994,0.17771343886852264,0.5735370670046123,0.6838011332920616,0.027060224954038845,0.8047338128089905,0.5945006336484633,0.683826889310564,0.07249547796589983,0.18505457043647766,0.572076742989676,0.6899331722940715,0.02739656178912679,0.7777383327484131,0.5919997198241095,0.6872761113303045,0.07471873398338041,0.21150308847427368,0.5711354987961903,0.6884920954704281,0.03116248871332831,0.7683960199356079,0.5886406949588228,0.6875128967421392,0.07150999818529398,0.2050849050283432,0.5724295428821016,0.6868458441325593,0.02990256824663706,0.6915827393531799,0.588459071091243,0.6859276022229872,0.07020794344799855,0.17971493303775787,0.5930028455598011,0.68692352771759,-0.021761741861701003,0.9999880790710449,0.6077294213431219,0.6800511462347845,0.021647649205156726,0.9999833106994629,0.5821920684405733,0.7265041691916326,-0.0050795037964625,0.9100589156150818,0.601015153953007,0.7143567136355805,0.02916542850434779,0.8769415020942688,0.6008688926696775,0.7746320094381055,-0.03551133900348628,0.9548848271369934,0.6281501344272065,0.7442506483622956,-0.015627769567072385,0.9127102494239807,0.6054000922611779,0.778303343909127,-0.03908011942569697,0.9805023074150085,0.6335931250027245,0.746503525120871,-0.020515028280871248,0.9790775179862976,0.602315146582467,0.7898391876901895,-0.053052247368863624,0.9044162034988403,0.6314902475902009,0.765188520295279,-0.03652130638116171,0.8693886399269104
157,0.582313525676727,0.5980851377759658,0.11624843669789173,0.9961135983467102,0.5812069807733806,0.5942705971854071,0.11036184451409743,0.9961259365081787,0.5804158977099825,0.5942397662571496,0.1102935693093708,0.9960505962371826,0.5796200428690226,0.5942330241203305,0.11026928871870036,0.9972788095474243,0.5835564391953602,0.5938100116593494,0.11453815272876189,0.9965906739234924,0.5844344939504348,0.5934817399297438,0.11450703058923987,0.9966656565666199,0.5853294031960621,0.5931717974799018,0.11452149323054717,0.9972761869430542,0.5793003201484678,0.596255826950073,0.07887995796544207,0.9979408979415894,0.5867573772157939,0.5951840128217422,0.09540636241436,0.9928162693977356,0.5813785399709426,0.6018694366727554,0.1050067516309874,0.9956910610198975,0.5838610768318173,0.6016689913613453,0.1106135032006672,0.9932437539100647,0.5737284438950672,0.6218641911234172,0.028361646937472465,0.999975860118866,0.5996693304606844,0.6193071229117254,0.08635370007583068,0.999899685382843,0.5728078092847548,0.6606539487838743,0.020308887266686976,0.863232433795929,0.6064064076968599,0.6564837881496971,0.08407260775566097,0.16638749837875366,0.5728587882859364,0.6836546761648992,0.0455786913101162,0.7758188843727112,0.5962666239057266,0.6854199375425063,0.07787566334009166,0.1685253530740738,0.5714949437550133,0.6893671478543959,0.04758077700223239,0.7401319742202759,0.5940718667847766,0.6888734732355387,0.08070908593279971,0.19243331253528595,0.5712622148650031,0.6877824936594279,0.050493908460651105,0.7299873232841492,0.5907979198864526,0.6889645372118265,0.0780064863818032,0.18653610348701477,0.5726383175168716,0.6860916052545816,0.048169553067002956,0.6519732475280762,0.5907635211944577,0.6870274748120986,0.07595491430589127,0.16368845105171204,0.5918959345136368,0.6871126975331985,-0.0207648997328111,0.9999856352806091,0.6066762191908697,0.6810101355825149,0.02064321253980908,0.9999803900718689,0.5769909211567468,0.7226452350616452,0.003988682994219873,0.9084452986717224,0.5988433582442144,0.7115963799612859,0.042495001080845064,0.8495578169822693,0.5948941963059559,0.7682400124413622,-0.020219690299459855,0.9519110321998596,0.6221790484019686,0.752393908160073,0.005531934642099906,0.9076964855194092,0.599485795838492,0.771622048105512,-0.022918239023004248,0.9803046584129333,0.6269682441438944,0.757616852010999,0.0011821031171296318,0.9780597686767578,0.5979417698723926,0.7848438416208536,-0.034641456763659186,0.8895041346549988,0.6210783362388608,0.7702042341232296,-0.01342596949211188,0.8497129082679749
158,0.5824845790863034,0.5977903962135312,0.12261070247207363,0.9959524273872375,0.5812844463757103,0.594025533539908,0.11642911008426116,0.9958906173706055,0.5804485252925325,0.5940148234367368,0.11636608519724431,0.9958368539810181,0.5796260425022668,0.5940255250249586,0.11633772871323989,0.9971367716789246,0.5837388685771394,0.5935496790068487,0.12004497966596053,0.9964282512664795,0.5846351708684646,0.5932275295257565,0.12001385710069105,0.9964848160743713,0.585554150172642,0.5929170642580301,0.12003547591822482,0.9971572160720825,0.5791805165154591,0.5961709856986996,0.08285055139235084,0.9978852272033691,0.5869011487279616,0.595090534005846,0.09838272269283019,0.9925437569618225,0.5814213650567188,0.6016785877091541,0.11028006353548589,0.9955441355705261,0.5840766344751628,0.6014419453484668,0.1156511110918862,0.9929739832878113,0.5728935394968302,0.6238890613828384,0.032336661379252146,0.9999775886535645,0.6002036503383088,0.6214952860559733,0.0852805593184062,0.9998986124992371,0.5710323146411349,0.6647740261895313,0.028617402911186203,0.8554313778877258,0.6085174884114943,0.6607169883591785,0.0795930764504841,0.15540017187595367,0.5723147375243047,0.6845311624663213,0.05846009541835101,0.7209164500236511,0.5972706011363436,0.6865917393139427,0.07911733261176515,0.15333104133605957,0.5708662578037804,0.6893409507615222,0.06156421420829634,0.6839259266853333,0.5951014927455354,0.6901711378778728,0.08173791638442444,0.17496280372142792,0.5713483725275309,0.687198448181152,0.0636228008994034,0.6738312840461731,0.5918950472559245,0.6903774040085925,0.08001262630735122,0.16948768496513367,0.5727030702999657,0.685536238125392,0.06072642835123196,0.600186288356781,0.5919995103563579,0.6882183909416195,0.07759470450026645,0.14891593158245087,0.5907754915101184,0.6880745257650099,-0.019391004900847154,0.9999844431877136,0.6058010901723586,0.6825334974697654,0.019260694459080685,0.9999794960021973,0.5715222341673712,0.7216472847121099,0.01033167976087757,0.9077616930007935,0.5984377588544569,0.7118650742939536,0.0551700559045587,0.8204492330551147,0.5898490411894659,0.7662419932229175,-0.008109103628833374,0.9503071904182434,0.6170015607561381,0.7593830432210646,0.02702536681400877,0.905488133430481,0.5951391713959827,0.7701371771948675,-0.010304954457595675,0.9798402190208435,0.6207722033773146,0.7664611560957768,0.023524038706506992,0.9767568707466125,0.5906670962061198,0.7847213387489316,-0.021664457555328087,0.8793400526046753,0.6128106270517619,0.7716743860925943,0.009626935941300216,0.835150420665741
159,0.5825999106679641,0.5977134278842379,0.12877146197216846,0.9962263703346252,0.5813275252069743,0.5940084900174819,0.12247806191444391,0.996156632900238,0.5804449319839475,0.5940395491463795,0.12241618995155601,0.9961237907409668,0.5795837964330397,0.5940863013267514,0.12238760335104801,0.99732506275177,0.5838569266455511,0.5935118607112337,0.12544634108032493,0.9966732263565063,0.5847749369485035,0.593230422905513,0.12540920738662986,0.996729850769043,0.585711792537144,0.5929648637771603,0.12542881944349826,0.9973559975624084,0.5789223296301703,0.596441442625863,0.08528080752917694,0.9980461001396179,0.587001972539084,0.5953988347734721,0.10014063034738808,0.9931138157844543,0.5813967023577007,0.6018449408667426,0.1158438710229737,0.9958739876747131,0.5842210037367681,0.6015877621514454,0.1202551982232502,0.993494987487793,0.572014156409672,0.6256465673446652,0.036148075972284574,0.999979555606842,0.6004923820495602,0.6238134588514053,0.08452038935252594,0.9999046325683594,0.5696676509720936,0.6683745588575087,0.03570096040410654,0.8606448173522949,0.6092715961592534,0.6635876349040437,0.07660020760127473,0.15759660303592682,0.5715226445879252,0.6845636861664905,0.07046066756759368,0.6990357041358948,0.5974514654704499,0.6843253680637902,0.07752360318388254,0.14346890151500702,0.5702631354331967,0.6888013737542286,0.0745328078312533,0.6593158841133118,0.5953604272433686,0.6877237813813343,0.07960992498057226,0.1634087711572647,0.5712658865111212,0.686483870233808,0.07604164555668827,0.6480129957199097,0.5920350040708267,0.687231852327074,0.07879147827625271,0.15775565803050995,0.5724347165652681,0.6847359980855666,0.07258359140583444,0.5750090479850769,0.5923145004681176,0.6854553580284115,0.07633039099829533,0.13907156884670258,0.5892086114202224,0.6902927654130115,-0.018086726644209447,0.9999847412109375,0.605039470536368,0.6847952791622703,0.017946062875645492,0.9999801516532898,0.5669639979090006,0.7208282896450584,0.018874647731094478,0.9159098863601685,0.5980674692562645,0.7125243595668245,0.06762083949787273,0.8303537964820862,0.5843437433242795,0.7652838536671226,0.006836768692093233,0.9543332457542419,0.6128830552101132,0.7615555541855945,0.04755516501276619,0.9132390022277832,0.590185225009918,0.7702431014605927,0.0053677036127607715,0.9812004566192627,0.615496698447636,0.7695288828441071,0.04495476400479672,0.9783272743225098,0.582082893167223,0.7861513427325655,-0.004650708846747872,0.8869097232818604,0.6079762901578627,0.7687942351613722,0.03284077809325285,0.8448548913002014
160,0.5824487260409761,0.5979949423245019,0.13406025788613724,0.9965816140174866,0.5811589394296915,0.5943342055593215,0.12604521406548358,0.9965210556983948,0.5802760669163293,0.594388891969408,0.12598960889237262,0.9964930415153503,0.5793869239943366,0.5944689410073414,0.12596668877771916,0.9975780844688416,0.5836747527122494,0.5938287479536871,0.1287777010883603,0.996990978717804,0.5845954247883385,0.5936064311436241,0.12873066003833492,0.9970422983169556,0.5855522888047352,0.5934166414397101,0.12874953448772425,0.9976083040237427,0.5784879922866819,0.5970514552933827,0.08446726948022838,0.9982344508171082,0.5868405784879409,0.5960825085639951,0.09977778536932805,0.9937770366668701,0.5812048520360671,0.6023700220244268,0.11967675920043667,0.9962627291679382,0.58413906948907,0.6021473799433024,0.1229506339345659,0.994107723236084,0.5714180111885068,0.6265274712017601,0.035961255617439736,0.9999814629554749,0.6004412259374343,0.625361883640289,0.08399247612271987,0.9999120235443115,0.5684234397751942,0.6708591120583667,0.037713418262345436,0.8676688075065613,0.6097061412675038,0.6629107083593093,0.07369394557816639,0.17212772369384766,0.5709736704826353,0.6845573868070327,0.07654850993837625,0.6773076057434082,0.5977049231529233,0.6806654248918802,0.07521327329533437,0.13991466164588928,0.5700636676379609,0.6885986208915708,0.08124370894261765,0.6346116065979004,0.5957866583551676,0.6835975374494278,0.07698039114475247,0.15886729955673218,0.571153322287968,0.6863961645535057,0.08250391653605865,0.6221964955329895,0.5922794512339998,0.6827558364186965,0.07713741654796255,0.15242397785186768,0.5722227931022641,0.6847156286239622,0.07870429977774616,0.5520536303520203,0.5926786729267662,0.6808081848280767,0.07438459848718981,0.13532282412052155,0.5878443598747252,0.6930069174085342,-0.01803852053625242,0.9999853372573853,0.6039314235959732,0.6878998500960212,0.017893642666084418,0.9999811053276062,0.5628136549677165,0.7200322151184079,0.02221207642661673,0.9239391684532166,0.5973694954599651,0.7125644275120323,0.07672574509467393,0.842180609703064,0.578941030161721,0.7662837283951892,0.01280331980836178,0.9584596753120422,0.6119611280305042,0.7612091268811904,0.06497861397053512,0.9208542704582214,0.5851070574351716,0.7716612424169265,0.011582406843912652,0.9828013777732849,0.6146970561572481,0.7696514895984101,0.06334571870309963,0.9801375865936279,0.572333604948861,0.7877505081040515,0.001906042040458748,0.8960180282592773,0.6061684353010992,0.7667339699608936,0.05415343007604988,0.8565436601638794
161,0.5819516011646813,0.5985693148204255,0.12952864851270396,0.996917724609375,0.5806205766541614,0.5948815584182736,0.11988057472876135,0.9968640208244324,0.5797626461301528,0.5949455022811887,0.1198281477604593,0.9968391060829163,0.5788789033889767,0.5950498257364543,0.11980385610035482,0.997816801071167,0.5831128307751244,0.5944131885256083,0.12333791255950921,0.9972882866859436,0.5840504441942485,0.5942329866545537,0.12329017711537218,0.997334361076355,0.5850453819547379,0.5940881218229018,0.12331540435552592,0.9978444576263428,0.5778680239404947,0.5978332008634292,0.0775507296834673,0.9984092712402344,0.5862968853541781,0.5968078408922466,0.09410595553261888,0.9943927526473999,0.5807319896561756,0.6031233549118039,0.11412662097385946,0.9966303110122681,0.5837982211794169,0.6029416390827721,0.11833219230175013,0.9946868419647217,0.5710321630750381,0.6269811885697498,0.027404473455888874,0.9999832510948181,0.6000426309449329,0.6263534784317013,0.08060141290937148,0.9999194145202637,0.5675737193652559,0.6721182789121352,0.027435653550284236,0.8773632049560547,0.6097265992845804,0.664604340280805,0.06604351294892172,0.18954773247241974,0.5706766894885469,0.6838915620531352,0.0664652864847864,0.6746159791946411,0.5973405173846651,0.6773576378822324,0.05910565448658804,0.1371651142835617,0.5701916558401923,0.6883878776005333,0.07041944903986791,0.6287423372268677,0.595616006851196,0.6793991429465155,0.059494502735989406,0.1561601161956787,0.571196697439466,0.685666533878871,0.07040184438228604,0.6151906251907349,0.5921560713223045,0.678119439738137,0.059814700058528326,0.1487220674753189,0.5722195676394868,0.6837512544223237,0.06809911451169419,0.5459330081939697,0.5926052451133725,0.6758939913340974,0.05813978410192896,0.13288013637065887,0.5864058988434925,0.6953958630561825,-0.019631292138780856,0.9999858736991882,0.6023809313774107,0.691128860201154,0.019486458333475242,0.9999817609786987,0.5589316112654548,0.7186186194419857,0.019299526778714986,0.9314274787902832,0.5963449120521542,0.7121671642575942,0.08537726891892293,0.855182409286499,0.5721811294555661,0.7676716668265203,0.012377333295132424,0.9624800682067871,0.6125896573066708,0.7607845749173843,0.08419255401406966,0.9280138611793518,0.5779725977352684,0.7742777126176013,0.011443822282100355,0.9843517541885376,0.6153660058975217,0.7688169888087677,0.08369908386043136,0.9817879796028137,0.561890147413526,0.788573598861694,0.0017990696376987835,0.9055408835411072,0.6061004332133699,0.7659223573548449,0.07710552300725661,0.8677233457565308
162,0.5811447875840321,0.5989417808396473,0.12130285905940187,0.9972211122512817,0.5797389592443191,0.5951795492853434,0.11099201078925808,0.9971739649772644,0.5789220792906622,0.5952366658619469,0.11094051514353065,0.9971521496772766,0.5780808772359574,0.5953407798494609,0.11091860852071211,0.9980326890945435,0.582175551142011,0.5947695442608422,0.11458086158548078,0.9975565671920776,0.5831273181097846,0.5945975593158174,0.1145343090806688,0.9975982904434204,0.5841468317168097,0.5944466829299924,0.11456017962523865,0.9980575442314148,0.5770606262343267,0.5982463530131745,0.06776729247399736,0.9985672235488892,0.5853430509567258,0.5970758012362886,0.084425889807088,0.9949477910995483,0.5800348843847,0.6034966860498698,0.1059386823858533,0.9969637989997864,0.5830796309879845,0.6033314568655829,0.11030255790267665,0.9952116012573242,0.570279378550393,0.627584772450583,0.018067306772406602,0.999984860420227,0.5990029879978722,0.6264540110315592,0.07156631244080404,0.9999260902404785,0.5666518330574033,0.6728178637368335,0.016624538693577044,0.8884503245353699,0.6095034752573283,0.6658218060220988,0.05374560377427508,0.22806872427463531,0.5703176515442983,0.6814304624285014,0.055012660580021966,0.689182460308075,0.5972627724919998,0.6744450535093032,0.040414205087082704,0.1369350254535675,0.5700103146689276,0.6858718940189903,0.058065393460648373,0.6421952247619629,0.595162258829389,0.6759328688893996,0.03942457107560973,0.15656626224517822,0.5710831914629252,0.6820425323077608,0.05723330176302362,0.6286972761154175,0.5922597680773051,0.6746468782424924,0.03939347112817422,0.14816460013389587,0.5720305766378128,0.6800643767629347,0.056211572779076416,0.560251772403717,0.5927213822092325,0.6721789070538109,0.0391537452914885,0.13246028125286102,0.5850645269666397,0.6974127241543358,-0.021034975509558396,0.9999864101409912,0.6006333862032206,0.6938960024288718,0.020896164381078303,0.9999822974205017,0.5554923960140771,0.7176465238843642,0.021044902769582603,0.9382331371307373,0.5959466287067956,0.7122575606618605,0.09220346382686065,0.8676690459251404,0.565027594566345,0.77060546364103,0.02378442374590251,0.966167688369751,0.6123625159263608,0.760995188781193,0.10770849521671017,0.934627115726471,0.570300141402653,0.7789928555488583,0.023834322876064098,0.9858385920524597,0.6149930221693853,0.7687795060021534,0.10902550326926362,0.9833629131317139,0.5507155350276399,0.7886472923415044,0.015350471942552492,0.9144953489303589,0.6056316375732419,0.7654523883547099,0.10572230549795282,0.8780032992362976
163,0.5801831534930635,0.5990230900900702,0.11049795853240145,0.9974949359893799,0.5787402255194525,0.5952471392495289,0.10136413042034417,0.9974535703659058,0.5779422504561286,0.5953212772096903,0.1013095977050917,0.9974344372749329,0.5771406395094733,0.5954334463391983,0.1012916207313537,0.9982272982597351,0.5811434728758673,0.5948396955217631,0.10502525248697821,0.9977989792823792,0.582108334132603,0.5946442042078288,0.10498121444668083,0.9978368282318115,0.5831154857363017,0.5944620166506083,0.10499894618988032,0.9982503056526184,0.5761486394064764,0.598333702768598,0.05948836590562545,0.9987095594406128,0.5842256920678273,0.596951729910714,0.07602395926203043,0.9954501390457153,0.5791418671607969,0.6035723652158461,0.09695901849440161,0.9972643852233887,0.5820614116532459,0.6033689243452887,0.10137904201235085,0.9956858158111572,0.568980470725468,0.6278680716242107,0.011443364886300898,0.9999862313270569,0.5975387011255533,0.6263158168111526,0.06465513365609302,0.9999319314956665,0.5655713813645497,0.6732053637504575,0.009990424822483735,0.8969194889068604,0.609448981285095,0.666842140470232,0.045781696694237824,0.26969993114471436,0.5700032813208441,0.6784440091678071,0.0505507205213819,0.66627037525177,0.5972097039222715,0.6719670755522589,0.02906285652092523,0.13439853489398956,0.5697008865220203,0.6824797272682186,0.05355120854718342,0.6201438903808594,0.5945266400064738,0.6733707445008411,0.02741085620863095,0.15362152457237244,0.5709546361650737,0.6781373160226001,0.05159792027303148,0.6065184473991394,0.5922405140740528,0.6715357507978164,0.026916267403534463,0.14473433792591095,0.5718013882637021,0.6762635401317049,0.051256678785596546,0.5413686037063599,0.5928063426698955,0.6695766942841663,0.027557177735226476,0.1295468956232071,0.5834267633301868,0.6982022387640814,-0.02184387589139597,0.9999865293502808,0.5985970446041649,0.6954651951789852,0.021708775950329634,0.9999822974205017,0.5528661693845474,0.7175240056855334,0.018893543258309355,0.9443652033805847,0.5956529208592003,0.7126874310629705,0.0971537053585052,0.8793100118637085,0.5575825010027201,0.7758573940822052,0.025630178568618628,0.96949303150177,0.6120881557464597,0.7612949269158495,0.1204693232263837,0.9406511783599854,0.5623507959502081,0.785991513729095,0.026463483540075154,0.987174391746521,0.6144469295229228,0.7687349302428106,0.1226391834872109,0.9847933650016785,0.5417608175958903,0.7905390807560508,0.019547713687643402,0.9224494099617004,0.6063037242208206,0.765945756435394,0.121521118070398,0.8869562745094299
164,0.5791166254452293,0.5986054437501087,0.1079760121447699,0.9977371692657471,0.5777275374957491,0.5949607219014846,0.09953227405037193,0.9977021217346191,0.5769373519080023,0.5950224246297562,0.09947645217180247,0.9976865649223328,0.5761513199125015,0.5951092720031735,0.09945939736706866,0.9984006285667419,0.5800731539726255,0.5946308340345108,0.10315429397991721,0.9980148077011108,0.5810114485876898,0.5944470337459016,0.10311247493539533,0.9980497360229492,0.5819528630801607,0.5942732112748279,0.10312691948243545,0.9984217882156372,0.5751653637204849,0.5980733871459958,0.059058009513786834,0.9988369345664978,0.5829651696341376,0.5968572650636943,0.07535471958773472,0.9958984851837158,0.5780786037445066,0.6031376310757226,0.09509989832128793,0.9975326657295227,0.5807741097041537,0.6031087449618746,0.0994686228888375,0.9961087107658386,0.567292066982814,0.627966237068176,0.011557621841451945,0.9999874234199524,0.5958337392125808,0.6259412356785363,0.0644689904791968,0.9999359250068665,0.5643934198788231,0.6728338360786434,0.01672187377033488,0.9057584404945374,0.6087765080588201,0.6664200442177906,0.05287550623927795,0.31817755103111267,0.5708355069160459,0.6767148869378223,0.06264958104916979,0.6475995779037476,0.5973547135080608,0.670442850249154,0.049525753834417874,0.12935227155685425,0.5705642955643787,0.6802161625453401,0.06709262334874695,0.599979043006897,0.5946550846099851,0.6718564152717588,0.05023325607180593,0.14721128344535828,0.5719563756670268,0.6765631386211937,0.06548800670674866,0.5862664580345154,0.5926627806254793,0.6699277230671471,0.05010388445641311,0.13830050826072693,0.5724761451993667,0.6749899302210124,0.06361846700310704,0.5234214663505554,0.593212693078177,0.6683162740298677,0.04863518300865376,0.12398047000169754,0.5812569958823065,0.6977850096566333,-0.02190075974379266,0.9999859929084778,0.5963491984776086,0.695561599731445,0.021768346322434278,0.9999809861183167,0.5505116002900257,0.7179005997521533,0.015684460476040833,0.94989413022995,0.5950718164443967,0.7130806735583711,0.09778638545955926,0.8894756436347961,0.5505511351994103,0.780979101998465,0.02237681772426834,0.9725005030632019,0.61183385848999,0.760908188138689,0.1195630767515727,0.9460358023643494,0.5549807991300308,0.7916093536785667,0.022542531971287506,0.988402247428894,0.6139618805476594,0.7681138208934236,0.12168697672230852,0.9860978126525879,0.5344570755958555,0.7933020506586345,0.014666985880051334,0.9296873807907104,0.6081071955817083,0.765716103145054,0.12183673530817027,0.8946011662483215
165,0.5780121479715618,0.5976505517959592,0.10995206832885737,0.997959554195404,0.5767388463020322,0.5942143746784752,0.10193805524281088,0.9979294538497925,0.5759461947849815,0.5942207574844358,0.10188130949224741,0.9979161024093628,0.5751484768731251,0.5942441242081776,0.10186421189989359,0.998558759689331,0.5790616222790307,0.5940653920173642,0.10581723856074464,0.9982118010520935,0.5799790178026469,0.5939167244093756,0.10577802530356811,0.9982436299324036,0.5808435354913981,0.5937618323734826,0.10579271508114674,0.9985784292221069,0.5740932754107881,0.5973436219351629,0.06206931727273121,0.9989526271820068,0.5817454968179973,0.5966228842735288,0.0794670952217919,0.9963070154190063,0.5769317626953122,0.6021160057612824,0.09736024013587402,0.9977765083312988,0.579462911401476,0.6024308681488034,0.1020880315984998,0.996493935585022,0.565639897755214,0.6271466067859102,0.01407221624893801,0.9999884963035583,0.5942690985543384,0.625738521984645,0.06868070119193619,0.9999407529830933,0.5628772650446208,0.671957388945988,0.020473516147051528,0.913000762462616,0.6074031165667939,0.6659158621515543,0.06148789663399966,0.36934706568717957,0.5691472223826815,0.6753535151481626,0.06530497244426178,0.6151085495948792,0.5965219327381677,0.6700013978140691,0.06542395246880392,0.1348457783460617,0.5688576034137178,0.6781519566263468,0.06980985935245237,0.5680123567581177,0.5940630180495123,0.6713413187435692,0.06752966865897175,0.15078669786453247,0.5698955604008263,0.6749957697732105,0.06897298310484201,0.5540255904197693,0.5924589327403474,0.6693031532423834,0.06751127626214705,0.1411772519350052,0.5706387519836423,0.6737285239355901,0.06661109605005805,0.4965578019618988,0.592991266931806,0.6679652878216331,0.06487727324877463,0.126975417137146,0.578026279381343,0.6969036528042382,-0.021916060043232773,0.9999858736991882,0.5935325384140012,0.6951505013874595,0.021782872400113507,0.9999807476997375,0.5482792530741007,0.718726665633065,0.011114150076173241,0.9548909664154053,0.5939424174172535,0.7138427870614185,0.09868693607194079,0.8993884325027466,0.5455013121877395,0.7841269901820588,0.012798629301999292,0.975233256816864,0.6113159894943234,0.7603419610432212,0.11556768353496273,0.9510930180549622,0.5493361319814407,0.7952755127634317,0.011973203891622163,0.9895460605621338,0.6130939211164199,0.7671501295907154,0.11718264317938254,0.9873777031898499,0.5299759626388547,0.7952585543904982,0.003817663162148424,0.9365023970603943,0.610303597790854,0.7660090667860845,0.11699137453521996,0.903100311756134
166,0.5769771967615397,0.5956423197473796,0.11063816462244301,0.9981548190116882,0.5757749864033288,0.5924535802432467,0.10299356196607858,0.9981301426887512,0.5749852997916083,0.592397776671818,0.10294112201247892,0.9981196522712708,0.5741562894412446,0.5923649600573946,0.10292698932545521,0.9986987113952637,0.5780714665140422,0.5924689957073754,0.10604095544133862,0.9983862042427063,0.5789982233728679,0.5923476185117447,0.10599720435483109,0.9984157085418701,0.5798348988805496,0.5921881863049095,0.10600952314479006,0.9987170100212097,0.5729042955807274,0.5956629599843704,0.06466547633920394,0.9990555644035339,0.5806572011538912,0.5952860372407093,0.07840150871447152,0.9966689944267273,0.5758690152849467,0.5998528838157651,0.0985835526670728,0.9979915022850037,0.57830160004752,0.6004992331777297,0.1022168636322021,0.9968328475952148,0.5639004434858047,0.6253499644143238,0.019117522439254173,0.9999894499778748,0.5925742830548965,0.6254607745579308,0.06608496031590866,0.9999431371688843,0.560525047779083,0.6709050825663971,0.0326231573176171,0.9205217957496643,0.6054103016853329,0.6654706307819909,0.060668257091726546,0.40066978335380554,0.5651942270142689,0.672180776936667,0.08099378986018041,0.5974777936935425,0.5943668876375467,0.6698115025247844,0.07268186605402399,0.12707741558551788,0.5650909594127107,0.6745813693319045,0.08673829361796376,0.5467942357063293,0.5920618602207726,0.6713164550917485,0.07379233251724922,0.14132946729660034,0.5659563507352554,0.6713396753583633,0.08658592243279725,0.5323601961135864,0.5907490117209295,0.6689187305314197,0.07353359886578148,0.13204772770404816,0.5668096201760426,0.6703225561550682,0.08269110385860712,0.4776201546192169,0.5913764272417339,0.66761029277529,0.07125881771956169,0.1189994364976883,0.5743936283247809,0.6961200032915384,-0.019779804881129938,0.9999859929084778,0.5901646818433487,0.6943502698625834,0.01965353840163775,0.9999802708625793,0.5462969558579579,0.7196259345327102,0.007000494841486213,0.959356963634491,0.5925433158874509,0.7153447083064485,0.08777130267449784,0.9060028195381165,0.5434041568211144,0.7849764551435194,-0.0014285400310265154,0.9776610732078552,0.6110066243580407,0.7602026513644624,0.08970048278570171,0.9548841118812561,0.5469768490110123,0.79611314024244,-0.0031017997335376457,0.9905468225479126,0.6130669065884179,0.767090136664254,0.0898448499185698,0.9883180260658264,0.5282120483262196,0.79565554686955,-0.010468297531562186,0.9422121047973633,0.6102972252028327,0.7662657346044265,0.08859613090753551,0.9060578942298889
167,0.5754357508250643,0.593359247275761,0.11114085401807508,0.9983241558074951,0.5743070346968512,0.5901952334812707,0.10321364211184633,0.9983053207397461,0.5734814115933007,0.5901288866996763,0.10316787723984032,0.9982978105545044,0.572619329180036,0.5900982175554546,0.10315390505961004,0.9988208413124084,0.5766059909548076,0.5902668356895444,0.10569308229855123,0.9985404014587402,0.5775124124118257,0.5901679924556185,0.10563695303031372,0.9985681772232056,0.5783724393163405,0.5900155373982018,0.10564657960619242,0.9988398551940918,0.5712749600410458,0.5932793259620663,0.06541139398302348,0.9991458058357239,0.5793972900935579,0.5930995430265151,0.07641154208353584,0.9969891905784607,0.5742352570806228,0.5973413756915499,0.09909550462450295,0.998177707195282,0.5766499451228548,0.5980949861662725,0.10199292238269529,0.9971299171447754,0.5618853892598831,0.6219103881290978,0.0228177464966263,0.9999901056289673,0.5909724031175883,0.6253251126834322,0.06264587417244907,0.9999454021453857,0.5576132569994242,0.667776651041848,0.03946610625301087,0.9225641489028931,0.6031964523451666,0.6652402145521978,0.05896585253732542,0.4183367192745209,0.5608173932347976,0.6684636047908235,0.09016458179269514,0.5512673258781433,0.5912243451390945,0.6703054938997538,0.06905195383088926,0.11701851338148117,0.5608624270984102,0.6715036136763434,0.09644972980022426,0.5037389993667603,0.5886227726936337,0.6729904941150118,0.06925448221819738,0.1297856718301773,0.5619484714099336,0.6683040244238714,0.09589747680085041,0.4904927909374237,0.5872075932366505,0.6699912820543559,0.06877999656966752,0.12117253988981247,0.5628293548311504,0.6668186323983325,0.09169536871569492,0.4405648112297058,0.5880330256053377,0.6681341188294544,0.06712202727794644,0.10931764543056488,0.5707409620285031,0.6952050379344392,-0.018181146521653438,0.9999863505363464,0.5868753552436826,0.6937906043870106,0.018048159937773423,0.999980628490448,0.5439708011490956,0.7202260664531159,-0.003883962502836115,0.9632747769355774,0.5915982604026792,0.7172566941806244,0.08740418883306636,0.9069752097129822,0.5424727320671079,0.7848803911890299,-0.025691553976918958,0.9797587394714355,0.6103485141481668,0.7603799343109128,0.0843987479805946,0.9568290710449219,0.5461749962397981,0.7956918069294516,-0.02774371945166161,0.9913890361785889,0.612555680956159,0.7673461760793411,0.08397262756313593,0.9886338114738464,0.528514492511749,0.7966688105038231,-0.03597311483296964,0.9466919302940369,0.6083432725497652,0.7664566874504086,0.08264129321490012,0.9025660157203674
168,0.5732737643378119,0.5911481431552339,0.11395197319132935,0.998489499092102,0.5722197702952792,0.587764593533107,0.10644541042191637,0.9984731078147888,0.5713574988501411,0.5877002409526277,0.1064070920859064,0.9984666705131531,0.5704760789871213,0.5876816511154173,0.10639032125473018,0.9989376068115234,0.5745025140898565,0.5879303268023897,0.10856039162193021,0.9986853003501892,0.5753400802612302,0.5879018936838419,0.1084947526454925,0.9987104535102844,0.5761871440070013,0.5878174747739517,0.10850349728550225,0.9989550113677979,0.5692716683660232,0.5905463423047744,0.06933921256235664,0.9992306232452393,0.5775297028677802,0.5907934461321147,0.07916357006345473,0.9972878098487854,0.571982966150556,0.5950223411832534,0.10222921350172583,0.9983572363853455,0.5743767891611369,0.5958531805447167,0.10463202702147614,0.9974130392074585,0.5595421791076658,0.6184757215636114,0.028097492030688682,0.9999909996986389,0.5888896720749989,0.6249543922288074,0.06257023853915075,0.9999498724937439,0.5546585253306795,0.6634697846003939,0.04390983400600295,0.9235343933105469,0.6005780066762649,0.6647512725421357,0.05843345927340641,0.4150730073451996,0.5591639927455354,0.6662793738501409,0.09428495168685909,0.5077242851257324,0.5883832216262814,0.6706303068569726,0.0674248961465699,0.10721258074045181,0.559841077668326,0.6703663945198056,0.10048556114946089,0.46289247274398804,0.585151614461626,0.6745879650115963,0.0687639794179371,0.11884328722953796,0.5614655869347707,0.6674867749214168,0.10016072349888933,0.4506063759326935,0.5834489481789722,0.6709512165614533,0.06874042302370068,0.11088661104440689,0.561872179167611,0.6654678617204935,0.09601252057722631,0.4050650894641876,0.5845084888594488,0.6687430228505813,0.06619303247758317,0.10011973232030869,0.5673291615077425,0.6932986991746082,-0.016832381912640155,0.9999867081642151,0.5840135387011933,0.6928844537053787,0.016689419214214588,0.9999809861183167,0.5410152213914051,0.7199454682213916,-0.013878488474126366,0.9666135311126709,0.591047200134822,0.7190290757587974,0.08052864394017625,0.87095046043396,0.540854557922908,0.7840817723955423,-0.04788962236073398,0.9811415076255798,0.6091941697256902,0.7606254662786208,0.06504109794540061,0.9403730034828186,0.5449829578399656,0.7951412490436005,-0.05109874864574519,0.9919803738594055,0.6115233421325681,0.7674776656287055,0.06329107367034467,0.9865816831588745,0.5284296376364569,0.7974412322044369,-0.0627664480358362,0.9482529163360596,0.6071813225746152,0.766932894502367,0.059901364440364466,0.8661161661148071
169,0.5710785082408357,0.5894124865531918,0.11140978953668045,0.9986220598220825,0.5700301919664652,0.5857837319374082,0.10419961086341308,0.9986106157302856,0.5691325596400667,0.585720554419926,0.1041634442550795,0.9986056089401245,0.5682088988167896,0.5857052479471476,0.1041443703430039,0.9990317225456238,0.5723412854330878,0.5860521691186085,0.10607714631727759,0.998807966709137,0.5731131758008681,0.586109776156289,0.10600959914071215,0.9988319873809814,0.5739119018827163,0.5861155339649743,0.10601848874773293,0.9990533590316772,0.5672347801072255,0.5883163452148434,0.06783935087067737,0.9992995262145996,0.5753993102482384,0.5890407119478496,0.07689097289528163,0.9975417852401733,0.5696610808372495,0.5933783854757033,0.09993033451693394,0.9984946846961975,0.5720910361834932,0.5942268984658374,0.10203146061726974,0.9976399540901184,0.557023227214813,0.6160001260893683,0.030532209894486823,0.9999911189079285,0.5866581627300804,0.6242798703057423,0.05932498755199565,0.9999526739120483,0.5516773070607864,0.6596753103392462,0.03815808381353104,0.9101192951202393,0.5978458847318374,0.6644392217908583,0.05203049704432485,0.4316032826900482,0.5574542505400519,0.6651940958840503,0.08081624678203034,0.4618128538131714,0.5853991508483884,0.671247475487845,0.05769759150488033,0.10100435465574265,0.5583947352000642,0.669475744451795,0.08608923767294198,0.4211133122444153,0.5816527434757774,0.675873860291072,0.060219378343650244,0.11062566936016083,0.56028242281505,0.6668690936905994,0.08588578296559193,0.41013196110725403,0.5798568419047762,0.6720787814685274,0.06057285975132666,0.1031942367553711,0.5605432425226481,0.6649010658264156,0.08244221167904985,0.36892449855804443,0.5810223051479881,0.6697817393711631,0.057494590537888635,0.093121737241745,0.5639812197004043,0.6908377681459696,-0.01533603660230125,0.9999866485595703,0.5812987634113853,0.6921436258724755,0.015186104923486703,0.9999815225601196,0.5376838156155175,0.7190110274723595,-0.016643005207047923,0.9695106148719788,0.590249397073473,0.7197937624795092,0.06886453341160498,0.8658385872840881,0.5385749220848082,0.7829412000519884,-0.05592461973428724,0.9826747179031372,0.607084809030805,0.7603227904864717,0.044673266421471305,0.9392039775848389,0.542839820044381,0.793708983489445,-0.05971936370645248,0.9926642775535583,0.6093288200242175,0.766911889825548,0.04202958992017165,0.9864489436149597,0.5280229296003067,0.7977623326437809,-0.07166145241686273,0.950928807258606,0.6073253512382504,0.7687585456030706,0.036870671023747734,0.854590654373169
170,0.5690221020153587,0.5882512705666676,0.10847082457372115,0.9987446069717407,0.5679482017244608,0.5845496245792932,0.1019841775298118,0.9987389445304871,0.5670184186526704,0.5844791173934933,0.10194671792643406,0.9987354278564453,0.5660693900925771,0.5844533801078793,0.10192626182522088,0.9991207718849182,0.5703400509698048,0.5848460095269337,0.10317957273551392,0.9989200234413147,0.5711275815963743,0.584932778562818,0.10310680951390942,0.9989426136016846,0.5719151139259335,0.5849700995853966,0.10311200107846936,0.9991425275802612,0.5652130314282007,0.5870232139314921,0.06772798108203068,0.9993652701377869,0.5732777135712757,0.587897147451128,0.0740723582250731,0.9977735877037048,0.5675211531775336,0.5922718320574076,0.09758301206997458,0.9986269474029541,0.5700477378708972,0.5931365370750424,0.09879892021417613,0.9978506565093994,0.55488760130746,0.6149433595793585,0.03435877966029302,0.9999913573265076,0.5842942408152987,0.6235672167369295,0.05171303429773873,0.9999548196792603,0.5489244018282207,0.6575989944594243,0.04613410202520232,0.9010419845581055,0.5949508547782896,0.6641749075480867,0.05184648611715859,0.44652727246284485,0.5547421216964719,0.6645002586500982,0.09440424293279644,0.42225369811058044,0.5828170759337287,0.6719857011522563,0.06614511119467868,0.093858502805233,0.555744065557207,0.6683151926313124,0.10183491238525931,0.3849722146987915,0.5790547353880744,0.676552297387804,0.0697911543505532,0.1020432561635971,0.5574739422116958,0.6655160546302792,0.1008989742824009,0.3751815855503082,0.5773406982421873,0.6729335018566673,0.07007136600358142,0.09514768421649933,0.5578159570693967,0.6638261454445972,0.09585619249514166,0.3379414677619934,0.5784732546125136,0.6707676802362712,0.06603863665035789,0.08600104600191116,0.5606222169739856,0.6885620372635974,-0.012940978045974454,0.9999871850013733,0.5784756575311931,0.6910099744796749,0.012795293996376644,0.9999824166297913,0.5345686793327329,0.717088391099657,-0.014436328723760583,0.9718919396400452,0.5887212174279346,0.7198277422360008,0.05024807431868142,0.8648888468742371,0.5356974482536314,0.781208663327353,-0.0601265880678381,0.9839465618133545,0.6048766510827197,0.7602550285203112,0.013543322469506933,0.9414713382720947,0.5400839907782415,0.7912079436438421,-0.06464188290493826,0.9932036399841309,0.6071133562496728,0.7667972394398276,0.009697600001735338,0.9867387413978577,0.527154459272112,0.7985431892531255,-0.0739436219845499,0.95290207862854,0.6067210572106494,0.7716495224407737,0.0029464863240718795,0.8523750305175781
171,0.5670531681605745,0.5879979167665752,0.11132876191820412,0.9988663792610168,0.5659493821007862,0.5843118207795276,0.10504108624798905,0.9988628029823303,0.5649400370461598,0.5842058488300865,0.10499973871878211,0.9988599419593811,0.563981931550162,0.5841365558760504,0.10497783656631192,0.9992071390151978,0.5684898819242202,0.5846092547689162,0.10637618792908528,0.999026358127594,0.5693151559148513,0.5846843378884449,0.10629793064934863,0.999046802520752,0.5701360276767182,0.5847165822982785,0.10630016944238113,0.9992267489433289,0.5631303123065401,0.5867120317050386,0.07103501473154336,0.9994279146194458,0.5714203749384197,0.5876948697226385,0.07552950275795797,0.997992217540741,0.5654495971543445,0.5919981087957107,0.10032438806125091,0.9987586736679077,0.5680559158325192,0.5928297332354953,0.10133847402674806,0.9980564713478088,0.5526368056024821,0.6145745515823361,0.03914079783218245,0.9999918937683105,0.5819459148815698,0.623100537913186,0.050580694100686455,0.9999576210975647,0.5467772449765884,0.6566936492919919,0.060908094899994956,0.8950246572494507,0.5920167258807588,0.6641378964696608,0.06328951120376584,0.4451689124107361,0.5508201939719062,0.6628953831536426,0.12151638354573925,0.38581615686416626,0.5807202492441448,0.6726285917418341,0.0909974788980824,0.0861072912812233,0.5508861763136725,0.6665339538029258,0.1321771076747349,0.3516005873680115,0.5772853646959575,0.6771074942180085,0.09692249574831549,0.09332846850156784,0.5525274787630351,0.6625897645950314,0.13086311157260616,0.3427457809448242,0.5756017582757129,0.673777341842651,0.09707598015666004,0.08705614507198334,0.5526777080127169,0.6619318740708484,0.12292416713067458,0.3091738224029541,0.5766361713409421,0.6714997121265953,0.09122838548251556,0.07890402525663376,0.5573560374123707,0.6874544450214928,-0.010932910136346301,0.9999874234199524,0.5757022176470072,0.6898840546607967,0.010788093613726747,0.9999829530715942,0.5321805562291824,0.7148079310144694,-0.011306997029376875,0.9738970994949341,0.586471799441746,0.7185694847788127,0.04982907090868266,0.8654542565345764,0.5320270214762004,0.7779974239213122,-0.05924475373966351,0.984794020652771,0.602520714487348,0.7614920241492132,0.0173358834481665,0.9429106712341309,0.5361754911286487,0.7872198275157379,-0.06351163653390746,0.9936006665229797,0.6043470774378092,0.7679830125399995,0.01405692640691995,0.9871177673339844,0.5260019813265117,0.7994481784956793,-0.0807290285825729,0.9535006284713745,0.6043950319290159,0.7734836374010355,0.009231969142066577,0.8488646745681763
172,0.5648388794490267,0.5883819409779136,0.11710057812077654,0.9989706873893738,0.5637175015040803,0.5846784404345918,0.11092208560023983,0.9989711046218872,0.5626685806683129,0.5845540455409456,0.11088269438062391,0.9989691376686096,0.5617260217666623,0.5844461577279225,0.1108639878886086,0.999282717704773,0.5663921798978531,0.584913155010768,0.11227404879672181,0.9991196393966675,0.5672472970826283,0.5849419661930627,0.11219440358025683,0.999138355255127,0.5681107776505603,0.5849328603063308,0.11219551541975561,0.9993006587028503,0.5609010492052349,0.5869956271989003,0.0763961621693202,0.9994834661483765,0.5694146599088393,0.5879278506551467,0.07987059184483115,0.9981858134269714,0.5631992595536366,0.5923140048980711,0.10586611585957659,0.9988710880279541,0.5658405968121116,0.5931061063493999,0.10665094447987415,0.9982326030731201,0.5503070933478217,0.6149558969906395,0.04144511967897413,0.9999920129776001,0.5795550312314712,0.6229297825268334,0.054066700488328914,0.9999587535858154,0.5444279738834923,0.6570503507341654,0.06457822801811353,0.8814975023269653,0.5891154749052863,0.6648673517363408,0.06620266841990605,0.439570814371109,0.5478753038815087,0.6618033613477432,0.12821009180375503,0.3511045575141907,0.5787997160639079,0.6725338135446818,0.09988208977239468,0.0785786584019661,0.5474060041563849,0.6648917010852265,0.13799158249582555,0.3199821710586548,0.5755218505859373,0.6756858178547447,0.10780223948614934,0.08495327830314636,0.5491404448236735,0.6609897766794475,0.13761582736458092,0.311943382024765,0.5740056548799785,0.6725861855915611,0.10935483872890468,0.0792255848646164,0.5491970215524944,0.6612669416836326,0.130278896008219,0.28160738945007324,0.5749193446976795,0.6709288239479062,0.101007367670536,0.0718873143196106,0.5543140087808879,0.6872936793736046,-0.008887434670967712,0.9999874830245972,0.573148076874869,0.6891157269477841,0.008744996400283912,0.9999832510948181,0.5305628299713132,0.7132441759109494,-0.00450510932797832,0.9747318029403687,0.5836251820836746,0.7160576633044649,0.044220248822654976,0.8594120740890503,0.5278397917747495,0.7755723544529503,-0.05184461171073571,0.9848644733428955,0.5996765749795093,0.763609627314976,0.00824817142316273,0.942096471786499,0.5316122089113505,0.7844707642282754,-0.055411461208547834,0.9937291741371155,0.6010176266942703,0.7700192161968773,0.0046403081555451645,0.9868149757385254,0.5227523173604691,0.7996712769780837,-0.07783450452344753,0.9500508308410645,0.6010969843183241,0.7752114823886322,-0.0010563505547387256,0.8362523913383484
173,0.5626016037804737,0.5885565434183391,0.11503394842147822,0.9990279078483582,0.5614285162517001,0.5848636439868379,0.10841145749602994,0.9990443587303162,0.5603633267538886,0.5847338352884561,0.10837414434977935,0.9990453124046326,0.5593928728784832,0.584678883211953,0.10836108710084638,0.9993326663970947,0.5641714555876592,0.5851076211248123,0.10954836777278351,0.9991872906684875,0.565017451558794,0.5851268989699224,0.10947631384645184,0.9992073774337769,0.5658857635089327,0.585108571393149,0.10948035078389298,0.9993552565574646,0.5585306388991218,0.5872743180819917,0.07291490903922487,0.9995243549346924,0.5671649370874675,0.5881360445703776,0.07602304369211194,0.9983334541320801,0.5609099847929816,0.5925962141581942,0.10348251504557468,0.9989299178123474,0.5635789360318862,0.593336931296757,0.1041017428040504,0.9983327388763428,0.5475269232477458,0.6154306071145191,0.038324698273624676,0.9999915957450867,0.577006205490657,0.6229122417313709,0.053426041028329284,0.999957799911499,0.541891505037035,0.6575161474091663,0.05278540870973039,0.8567677736282349,0.5862580469676424,0.6664146644728521,0.05333486199378965,0.4308784306049347,0.5456746578216549,0.6635146600859503,0.10388089737721846,0.3179226815700531,0.575862121582031,0.6723522050040106,0.08046601350818358,0.07182006537914276,0.544985895497458,0.6678363817078723,0.11115600253854474,0.28983181715011597,0.5727562904357908,0.6738601003374369,0.08712450617126052,0.07741089165210724,0.5469887546130586,0.6654355985777716,0.11085025902305325,0.28252825140953064,0.5713272043636864,0.6711215785571504,0.08930385283061432,0.07215535640716553,0.5471376453127177,0.6654702373913353,0.10575004390307831,0.2551687955856323,0.5721244675772528,0.6700549704687933,0.08167370834520882,0.06548410654067993,0.5516696981021333,0.6877126046589439,-0.0072269206334437605,0.9999875426292419,0.5708781446729385,0.6890035407883777,0.007091766170092988,0.9999836683273315,0.5291596259389603,0.7128812585558206,0.0031308092576052453,0.9761286973953247,0.580900156497955,0.7138792463711326,0.03830626846424169,0.8645802736282349,0.5232529180390492,0.7744593705449782,-0.03857027829757757,0.9857646822929382,0.5957008378846302,0.7658329554966514,-0.0004744401733790104,0.9454798102378845,0.5264505982398985,0.783399643216814,-0.04162850199001174,0.9941667914390564,0.5964745981352667,0.772258251053946,-0.004433678542929032,0.9874933958053589,0.5161544919013974,0.7971330676759989,-0.06260667783873419,0.9505911469459534,0.5976780993597846,0.7772887008530749,-0.011966258274125193,0.8393188714981079
174,0.5599227479525972,0.5891114762851167,0.11056276134082244,0.9990606904029846,0.5587043268339972,0.5854836038180757,0.10364191830158229,0.9990931153297424,0.5576530831200733,0.5853499616895401,0.10360618616853436,0.9990977644920349,0.5566890869821819,0.5853366868836536,0.1035957657865115,0.9993647336959839,0.5614210384232654,0.5858061330659046,0.10448674559593195,0.9992379546165466,0.5622306755610873,0.5858811702047073,0.10442180590970171,0.9992615580558777,0.5630753551210672,0.5859410524368284,0.10442482722657062,0.9993977546691895,0.5558334844452992,0.5880137511662071,0.06819997557571952,0.9995542168617249,0.5643759182521273,0.5890521526336667,0.07209989322083334,0.9984506964683533,0.5582311630249022,0.5931587968553813,0.09896185504538668,0.9989619851112366,0.5609347224235532,0.5938327619007653,0.09961558708122793,0.9983961582183838,0.5450274603707448,0.6156697137015203,0.03513915059821944,0.9999911189079285,0.5744227954319543,0.6230883990015299,0.04899250577603065,0.999955952167511,0.5393609370504104,0.6575034805706566,0.041994518999542485,0.8388857245445251,0.5832867264747617,0.668354853561946,0.04217873236962725,0.41730257868766785,0.5437452299254278,0.6668443271092003,0.08144061693123406,0.28853532671928406,0.572739733968462,0.6718316827501567,0.05973446092435289,0.0656367838382721,0.5432667374610898,0.6725169028554641,0.08755352284227094,0.26304540038108826,0.5701854927199225,0.6725579006331304,0.0642781425799642,0.07054714113473892,0.5455497622489927,0.6717254843030653,0.08672050791127336,0.25638464093208313,0.5684436014720369,0.6698088628905157,0.06607430949807164,0.06571290642023087,0.5462208236966812,0.6705451301165986,0.08278839503015786,0.2316884547472,0.5691147225243702,0.6690234065055845,0.06046861537865227,0.05966147780418396,0.5494457568441116,0.6878713335309706,-0.0067852753414107195,0.999987006187439,0.5687015499387467,0.689013452189309,0.006656633383993588,0.9999833703041077,0.5278099843433923,0.7132336684635704,0.005856043186837006,0.9770123362541199,0.578341049807412,0.7131056462015422,0.027129541816455962,0.86512690782547,0.5184813925198144,0.7754115036555695,-0.03438738354348709,0.9864109754562378,0.5911510825157162,0.7674865211759292,-0.01918375066348484,0.9472967982292175,0.520779832771846,0.7847456404141013,-0.038080047297158394,0.9944878220558167,0.5913199509893142,0.7740371193204603,-0.02406527080706187,0.9877600073814392,0.5076222113200594,0.7932310802595952,-0.05056836400181053,0.9495531320571899,0.5933005128587993,0.7816632577351158,-0.03500741877193961,0.8368354439735413
175,0.5572532687868388,0.5909040348870411,0.10555558715547828,0.9989448189735413,0.5559764879090443,0.5872968895094732,0.09932034185954497,0.9990169405937195,0.5549470135143821,0.5871350032942633,0.09928800378526956,0.9990298748016357,0.5540020499910625,0.587062128952571,0.09928773279700955,0.9992985725402832,0.5586285131318226,0.58772063595908,0.1003943332603999,0.9992166757583618,0.5594167590141294,0.587878882884979,0.10032732444150103,0.9992569088935852,0.5602438739367891,0.588056135177612,0.10033781634909762,0.999390721321106,0.5531204291752404,0.589668090002877,0.06559672802686688,0.9995241165161133,0.5616362827164784,0.5912562046732219,0.07021724964891157,0.9984524846076965,0.5555633102144512,0.5948412571634561,0.09512168275458469,0.9988434314727783,0.558282581397465,0.5953897510256083,0.09609094560146327,0.9982773065567017,0.542626196997506,0.6166344353130883,0.034936357289552675,0.9999892115592957,0.5716326492173329,0.624222431864057,0.04709812243069919,0.9999508261680603,0.5373144217899866,0.6578635845865519,0.03717050424643924,0.8205142617225647,0.5802647760936189,0.6701121568679806,0.0390375997338976,0.41391444206237793,0.5415221640041894,0.6692932128906247,0.06904317332165578,0.2622143626213074,0.570194259711674,0.6737267647470744,0.05173130312136239,0.060414642095565796,0.5410516193934847,0.67595054762704,0.07530004488570347,0.2391463816165924,0.5689233643668036,0.6757416895457673,0.05409018982733997,0.06458479166030884,0.5434923921312602,0.6755570547921315,0.0739084959030151,0.2330988645553589,0.5663035307611736,0.6724534579685753,0.054654336827141874,0.06010828912258148,0.5441897290093556,0.6740432551928925,0.0697617737310273,0.21069841086864471,0.5668101123401095,0.6712163788931707,0.05176271881375991,0.05457756295800209,0.5473777856145584,0.6882201961108614,-0.005435254251850501,0.999985933303833,0.5662602935518535,0.6896134580884657,0.005318598888282263,0.9999828934669495,0.5260225296020505,0.7169411693300516,0.014723075992826897,0.9782705903053284,0.5764030660901748,0.7139901416642322,0.022633540949651164,0.8737343549728394,0.5134954844202311,0.7773649709565296,-0.018274034263699175,0.9873753190040588,0.5871285268238611,0.769711487633841,-0.018901091807388824,0.95075523853302,0.5148927773748123,0.7870419297899515,-0.02176204809054199,0.9949069023132324,0.5866568820817127,0.7762224435806271,-0.023325470156435442,0.9883673191070557,0.499935722351074,0.7902748976434977,-0.033731729084891915,0.9510166049003601,0.5894492030143735,0.7867172156061442,-0.035181930155626345,0.8421944379806519
176,0.5546262093952722,0.5936495355197359,0.10384396165609354,0.998884379863739,0.5533400331224712,0.5900162117821827,0.0981854562248502,0.99897301197052,0.5523496747016904,0.5898901837212696,0.0981538742780685,0.9989942908287048,0.5514375533376419,0.5897369452885217,0.09815935726676664,0.9992616176605225,0.5559083155223299,0.5903236763817921,0.09926104566880631,0.9992170929908752,0.5566994360515047,0.5904891201428002,0.09919268212148116,0.9992700219154358,0.5575321623257226,0.5906898958342413,0.09920619193996698,0.9994009137153625,0.5506036724363051,0.5921950118882313,0.06605926432779854,0.9995100498199463,0.5590704798698423,0.5939662184034072,0.07016574335949759,0.9985014200210571,0.5530023012842449,0.5975141457148958,0.09424657715218403,0.9987897276878357,0.555678195612771,0.5978770119803289,0.09519203411681307,0.9982492923736572,0.5404860700879777,0.6187909330640518,0.03554122916289737,0.9999879598617554,0.568969666957855,0.6262193151882713,0.04654582685657908,0.9999479055404663,0.5349332179341995,0.6590766736439293,0.036610341604266836,0.8112565875053406,0.5771703294345307,0.6720489484923223,0.03820372825222354,0.4147110879421234,0.5395652532577512,0.6703114373343328,0.06806046089955735,0.23935961723327637,0.5671283943312506,0.6762568490845813,0.04999333997922282,0.05578429251909256,0.5395841615540639,0.6759613888604297,0.07364178810800821,0.21834102272987366,0.565886626924787,0.6792852537972583,0.051829730612891034,0.059229347854852676,0.5419880390167233,0.6759052821568077,0.07205792218446729,0.21276609599590302,0.5633371182850426,0.6753066863332473,0.05230259985796041,0.05506633594632149,0.5424936379705154,0.6741555401257102,0.06866260532821925,0.19235067069530487,0.5637841667447768,0.6739035674503868,0.049944956494229156,0.05000058189034462,0.5451680489948816,0.6894187058721266,-0.0038414490010057157,0.9999850392341614,0.5636600800922935,0.6910427774701796,0.0037332481837698377,0.999982476234436,0.5239378401211328,0.7224120361464361,0.021631662494369906,0.9795597791671753,0.5748623609542843,0.7173957126481189,0.020182883526597695,0.8825380206108093,0.5091088260923111,0.7800081729888912,-0.003260010694586004,0.9882053732872009,0.5842849544116426,0.7729904311043873,-0.01318588791681187,0.9536396265029907,0.5101094807897293,0.7897662537438525,-0.005873379131246887,0.9952396154403687,0.5836411697523931,0.7797756893294194,-0.016734323065195757,0.9888254404067993,0.49452272823878674,0.79021451984133,-0.017060315316276883,0.9512561559677124,0.5868664792605806,0.7917344706399096,-0.02809836199241024,0.8444411158561707
177,0.5521860071590965,0.5965222409793306,0.10616994521447584,0.998955488204956,0.5508938874517165,0.5928217802728922,0.1002990684338978,0.9990444779396057,0.5499039087976725,0.5927418828010557,0.10026390254497523,0.9990662336349487,0.5489846757480074,0.5925875765936712,0.10026734513895848,0.9993134140968323,0.5534653084618701,0.5929251398359023,0.10137167147227691,0.9992775917053223,0.5542805160794937,0.5930263689586092,0.10130732357501979,0.9993284344673157,0.5551356196403501,0.5931619644165036,0.10131995167051037,0.9994484186172485,0.5480873959405079,0.5947107655661444,0.06754506145204814,0.9995464086532593,0.5567196420260836,0.5962947385651722,0.0714547291398048,0.9986228942871094,0.5505727359226769,0.6005809017590111,0.09620354196854995,0.9988763928413391,0.5532057046890255,0.6007513761520382,0.09718190985066545,0.9983804225921631,0.5381651367459976,0.6216820972306385,0.03667997409190449,0.9999881982803345,0.5663315619741165,0.6286922574043271,0.04747635541217665,0.999948263168335,0.5320192830903188,0.662036974089486,0.03873427872146877,0.8137845396995544,0.5736943364143369,0.6751565115792407,0.035756204649806,0.4140128195285797,0.5374289989471432,0.671431629998343,0.06882000544241493,0.22035732865333557,0.5620098931448798,0.6778691070420397,0.0389739971075739,0.0511452741920948,0.5382195796285354,0.6762050202914645,0.07386281320026938,0.20090164244174957,0.5593547752925325,0.6811975036348612,0.039278924997363754,0.054071974009275436,0.5402327384267532,0.6764225925718031,0.07188301852771212,0.19566991925239563,0.5578826478549409,0.6771081651960097,0.03970195938433918,0.050229474902153015,0.5403981702668323,0.674226105213165,0.0691995099186897,0.1771416813135147,0.5585062112127028,0.6755085979189188,0.038612775930336525,0.045649733394384384,0.542558215345655,0.6918946879250659,-0.0031133062605346934,0.9999853372573853,0.5611357433455328,0.6933644975934706,0.003011330004249299,0.999983012676239,0.5213140130043027,0.7271560822214396,0.027728677767195863,0.9807180762290955,0.573768820081438,0.7235429576465059,0.02142051667906343,0.8905069231987,0.5057686822754994,0.7833623920168191,0.00905222327980612,0.988832950592041,0.5822458590779983,0.7798244902065818,-0.0018875882495194632,0.9566609859466553,0.5069377848080224,0.7932498165539329,0.006972312158904971,0.995437741279602,0.5816822886466977,0.7881013393402095,-0.004400143253483937,0.989342987537384,0.4914311587810514,0.7918342505182535,-0.004483799184007297,0.950874924659729,0.5860557505062646,0.7936937247003825,-0.015341926978102742,0.8490495681762695
178,0.549540030956268,0.5993136133466446,0.10741769181830538,0.9990370273590088,0.5483327695301599,0.5954871995108466,0.10096175755773266,0.9991205334663391,0.5473301887512205,0.5953671131815226,0.10092455851180207,0.9991411566734314,0.5464257155145915,0.5951831238610401,0.1009185597300529,0.9993675351142883,0.5508687104497634,0.5955460906028744,0.10207932570150915,0.9993395805358887,0.5516862119947159,0.5955747672489708,0.10202388401542387,0.9993870854377747,0.5525437150682719,0.5956442015511646,0.102029318681785,0.9994964599609375,0.5453969103949408,0.5969922934259685,0.06790664217301774,0.9995822906494141,0.5541449989591323,0.5984541296958921,0.07222731922354014,0.9987418055534363,0.547936906133379,0.6033908724784849,0.0968178067888532,0.998964250087738,0.5504682064056394,0.6035989642143247,0.09790325547967633,0.9985116124153137,0.5355491433824809,0.624043776307787,0.03705131145460264,0.9999886751174927,0.5635174904550821,0.630742798532758,0.050250210506575424,0.9999502301216125,0.5290131194250922,0.6657266906329561,0.04143311434558458,0.8087998628616333,0.5698603561946322,0.6776419026511052,0.030103828491909148,0.40354543924331665,0.5351445998464309,0.6720096315656388,0.0723691512431417,0.20104075968265533,0.5567649109022955,0.6772067138126916,0.03108997935695306,0.04681789502501488,0.5361506564276557,0.6759209053856983,0.07764983645507265,0.18347348272800446,0.5529760088239395,0.6797672561236787,0.030810078552791036,0.04934397339820862,0.5380868503025598,0.6756835852350505,0.07555775961705613,0.17865173518657684,0.5517937438828602,0.6759949990681237,0.03118720826293739,0.04579591006040573,0.5380192416054859,0.6733974729265483,0.07274642033236364,0.16180165112018585,0.5527431096349441,0.6742669412067955,0.03051166300262722,0.04161690175533295,0.5399083290781291,0.6943927032606939,-0.0038899798744491147,0.9999854564666748,0.5586534942899428,0.6954296776226585,0.003785739839076994,0.999983549118042,0.5185820579528806,0.7283942784581863,0.015864831179247363,0.9809437990188599,0.572471703801836,0.7282826798302784,0.011986714894218098,0.8972086310386658,0.5041367547852651,0.786722580024174,-0.013583656431209023,0.9889506697654724,0.5810392345700942,0.7863486800874979,-0.021945735732359535,0.9588181972503662,0.5053020647593904,0.797340621267046,-0.016858576178284623,0.9954697489738464,0.5806980848312375,0.7963066169193809,-0.025610883533954607,0.9897907972335815,0.4905283800193239,0.7938784207616529,-0.029945296501474705,0.9478593468666077,0.586051843847547,0.7934805989265438,-0.03828396621559346,0.8512500524520874
179,0.5465688109397886,0.60184542621885,0.10760182227407178,0.9991328716278076,0.5454906906400405,0.5978348561695641,0.10121666384594777,0.9992081522941589,0.5445180211748393,0.5976316486086162,0.10118409693241115,0.9992267489433289,0.5436496734619138,0.5973976697240555,0.10117748464856824,0.9994305372238159,0.5479391387530732,0.5979645303317476,0.10248020993811738,0.9994054436683655,0.5487473555973595,0.5979431016104559,0.10242186486721033,0.9994482398033142,0.5495989867619102,0.5979668123381476,0.10243016821997501,0.9995466470718384,0.5425017510141643,0.5990218656403675,0.06891295952456335,0.9996238946914673,0.5511880125318253,0.6004878623144965,0.07403133681842256,0.9988671541213989,0.5449787599699836,0.605814969539642,0.09725785510880602,0.9990670084953308,0.5474084445408409,0.6061914478029521,0.09847709132092336,0.9986593127250671,0.5326980641910005,0.6260504313877648,0.03833987478699001,0.9999896287918091,0.5605164068085804,0.6331032293183461,0.05517414893422805,0.999954342842102,0.5262716293334958,0.6691482782363889,0.04743990216936382,0.815252959728241,0.5658943482807702,0.6794486812182832,0.03221063134925704,0.40457916259765625,0.5321159822600225,0.6725462845393586,0.08493471166917252,0.18926718831062317,0.5531871131488253,0.679257888453347,0.03885582805212053,0.04374145343899727,0.5324145334107533,0.6753229805401391,0.09132155712161741,0.17238560318946838,0.5497938258307318,0.6807929754257198,0.03950491210977944,0.045767828822135925,0.5345059139387945,0.6747985737664356,0.08947245797940659,0.167840376496315,0.5479094045502796,0.677539389474051,0.03999773070349223,0.04245291277766228,0.5345636895724704,0.6725768395832603,0.08562428270067483,0.15230581164360046,0.5487741078649246,0.6758675336837765,0.03842944790875272,0.03867563232779503,0.5371294260025022,0.6969856687954491,-0.004531544646514311,0.9999865293502808,0.556143510341644,0.6980225954736979,0.004428026159959178,0.999984860420227,0.5154950380325316,0.728573427881513,0.003572288208774156,0.9826173782348633,0.5712507895060945,0.7299496616636001,0.008264427891533286,0.906650185585022,0.5034804514476229,0.7896293486867627,-0.03493429264718931,0.9898520708084106,0.5804133057594296,0.788926301683698,-0.03411495054273732,0.9624941349029541,0.5044699055807929,0.8009565642901826,-0.038943983863906115,0.9958128333091736,0.5801976016589571,0.7998056854520521,-0.03862951383260742,0.9906435012817383,0.49038068056106543,0.7958030377115519,-0.05273173097521064,0.9516448974609375,0.586062215055738,0.7919943792479375,-0.051332771112876256,0.8636254072189331
180,0.5430701306888033,0.6036905339785982,0.10699178725481027,0.9992177486419678,0.5421009234019686,0.599574255943298,0.1010365458471434,0.999285876750946,0.5411709461893351,0.5992848668779643,0.10100849994591299,0.9993026852607727,0.5403183903012954,0.5989976882934567,0.10100186254296979,0.9994863271713257,0.5444905894143239,0.5998813356672013,0.1024775264518601,0.9994640350341797,0.5453207543918062,0.5998737607683451,0.10241902662175037,0.9995026588439941,0.5461693763732908,0.5998922875949312,0.10243198360715589,0.9995912909507751,0.539143565722874,0.6007235612188064,0.0703759397779192,0.999660849571228,0.5476003970418655,0.6024244751249038,0.07657834568193977,0.9989786744117737,0.5415753040994914,0.6075210962976726,0.09728212697165348,0.999157726764679,0.5439163378306795,0.6081769926207403,0.09866442275898792,0.9987898468971252,0.5294060536793297,0.6277965000697542,0.03884495113577159,0.9999903440475464,0.5570256761142183,0.6353657756532939,0.058650577281202564,0.9999572038650513,0.5234567727361404,0.6715616890362328,0.04328613228031565,0.824642539024353,0.5608693412372041,0.6796334726469855,0.03385823736233369,0.4063609838485718,0.5292908225740702,0.6738135048321312,0.07443992601973666,0.17956233024597168,0.54677905184882,0.6818569319588794,0.033904355072549394,0.04128424450755119,0.5281330585479733,0.6778643352644781,0.07954886981419151,0.1628534495830536,0.5435433081218172,0.6823350037847243,0.033948811835476315,0.04280513525009155,0.5305961370468137,0.6749160391943791,0.07841216442840436,0.1584250032901764,0.5410421916416711,0.6794384530612397,0.03406384009867905,0.039658304303884506,0.5310023580278667,0.6742670127323692,0.0752606782530035,0.14395183324813843,0.5417403408459252,0.6780775581087382,0.03316201788506336,0.03621407970786095,0.5342958058629714,0.6991332037108282,-0.005010125460103152,0.999987006187439,0.553513705730438,0.7005286267825532,0.004908063741666927,0.9999855160713196,0.5122595514569961,0.727904323169163,-0.002030588703096978,0.984108567237854,0.5692918692316326,0.7290934954370768,0.010366805563015592,0.9142112731933594,0.5031208361898147,0.790810063907078,-0.04513474756136668,0.9906153678894043,0.5800059642110549,0.7874447635241913,-0.035845971107482895,0.9653255343437195,0.5040333373206,0.8021716083799086,-0.05032877665944396,0.9960638284683228,0.5798012512070789,0.7978017977305817,-0.040772593979324596,0.9912437200546265,0.49044899429593747,0.7967690450804571,-0.06267758091645578,0.9542366862297058,0.5857801079750058,0.7917000855718336,-0.053199571477515334,0.8716068863868713
181,0.5388618622507365,0.6049352441515238,0.11050197056361602,0.9992910027503967,0.5378717252186365,0.6007926770618981,0.10461562403610769,0.9993525147438049,0.5369672775268552,0.6005138090678621,0.10458690311227521,0.9993672370910645,0.536104949883052,0.6002509491784229,0.10457969669784814,0.9995338916778564,0.5403803229331967,0.6010574800627569,0.10662734338215414,0.9995148181915283,0.541265285015106,0.6010286177907669,0.10657070002385544,0.9995496869087219,0.5421106866427827,0.601017424038478,0.10658577893461496,0.9996299743652344,0.5351352470261708,0.6020247885159081,0.07369548465524398,0.9996916651725769,0.5432775940213883,0.6035224965640474,0.08247418999671932,0.9990713596343994,0.5374468139239718,0.6087582366807117,0.10065147791590004,0.9992336630821228,0.5398160287312096,0.6094139133180888,0.10276720736707955,0.9988983869552612,0.5259332571710856,0.628851394993918,0.03908893231834683,0.9999909400939941,0.5531988314219881,0.6369640145983011,0.06341233359915867,0.9999595284461975,0.5199570962360924,0.672660206045423,0.034683039677994576,0.8153079748153687,0.5558003391538345,0.6798446893692014,0.034984201725040145,0.3897649943828583,0.5260007636887685,0.6763694473675316,0.05561728019799502,0.1667289137840271,0.5402285626956391,0.6835547225815906,0.01994933919715029,0.03916473686695099,0.5245428119386943,0.681433910982949,0.05873555392026898,0.15162058174610138,0.5367028406688142,0.6827613847596302,0.01774434291624596,0.04050132632255554,0.5270690594400677,0.6768249307359965,0.05804160790784016,0.14742214977741241,0.5341340592929293,0.6801242198262893,0.017892379001049053,0.03744874894618988,0.5275976572717936,0.6771182792527333,0.056339949369430514,0.13363948464393616,0.5347067901066369,0.6792816315378458,0.01866457460315099,0.03417243808507919,0.5314734578132627,0.7009660805974685,-0.005727380886673924,0.9999875426292419,0.5507377624511716,0.7022340859685623,0.005624570524586096,0.9999864101409912,0.5087155733789714,0.7274178164345874,0.008713870495557783,0.9844805002212524,0.5669119851929798,0.7287225144250049,0.015801391211737473,0.9197267889976501,0.5022026845387049,0.7914104427610121,-0.02572354014430726,0.990606963634491,0.5796744193349563,0.786875098092215,-0.022378994311605165,0.9672629237174988,0.5034544655254907,0.8025158439363749,-0.030561866504805413,0.9960767030715942,0.579576788629804,0.7965053796768184,-0.026510938044105238,0.9916931390762329,0.4903680154255456,0.7969876715115135,-0.042631996210132306,0.9534262418746948,0.5854793361255097,0.7922590204647605,-0.0389580794743129,0.8770105242729187
182,0.5340141262326918,0.6053782054356163,0.10962707677057806,0.9993528723716736,0.5329534343310762,0.6011647667203628,0.10360756133283883,0.9994098544120789,0.5320913638387406,0.6009186983108518,0.10357655520950039,0.9994228482246399,0.5312520401818409,0.6006870968001227,0.10356586192335396,0.999575138092041,0.5355522649628772,0.6013637406485419,0.10651115200349258,0.9995585083961487,0.5365251438958302,0.6013035995619636,0.10645821946007859,0.9995899200439453,0.5374315312930513,0.6012515204293385,0.10647318150315961,0.9996631145477295,0.5304068582398549,0.6026261704308643,0.07292634440319876,0.9997185468673706,0.5385410581316263,0.6037115676062446,0.08561983342681609,0.9991495013237,0.5327665039471214,0.6092467154775344,0.0998143362147467,0.9992983937263489,0.5352235010692049,0.6097840479442048,0.10314598594393044,0.9989891052246094,0.5219161425318034,0.6293787087712966,0.035886335798672245,0.9999914765357971,0.548678488390786,0.6371038556098935,0.06676805743149346,0.9999608397483826,0.5160427996090478,0.6728189706802365,0.027561250222580755,0.8053295016288757,0.5514719963073729,0.6772898827280314,0.03579207318169728,0.3630205988883972,0.522686718191419,0.6791121397699625,0.0467393841062273,0.15465030074119568,0.5362209933144703,0.6777194244521001,0.009310824530465254,0.035942986607551575,0.5216711350849694,0.6847065721239359,0.04948039076157976,0.14093424379825592,0.5324388078280855,0.6747991987637108,0.006499639100262088,0.03723381832242012,0.5239105667386734,0.6797252365521019,0.049059335568121476,0.1369691789150238,0.52969901902335,0.6715406060218808,0.005669706873595706,0.03439826890826225,0.5243945258004322,0.6798229285648888,0.04756356126495767,0.12382519245147705,0.5304473842893326,0.671486709799085,0.00782367754727601,0.0314103402197361,0.528670138972146,0.7018215298652646,-0.008627125301531379,0.9999878406524658,0.547491269452231,0.7020091329302103,0.00851477737139378,0.9999869465827942,0.5050555450575689,0.7268945421491347,0.004393614279771488,0.9839926362037659,0.5643138527870175,0.7290889671870636,0.014447874203324312,0.922685980796814,0.5013254914964946,0.7910963790757313,-0.03351747084941181,0.9902485013008118,0.5797176906040734,0.7877531971250258,-0.030269589807306003,0.9680773019790649,0.5032074093818663,0.8021256753376548,-0.038586956209370055,0.9958373308181763,0.5800692626408166,0.7971818532262526,-0.03515043966472147,0.9918920397758484,0.49023372701236156,0.796953461851392,-0.052178929107529755,0.9511225819587708,0.5853331838335307,0.7928065112658906,-0.049280705409390564,0.878828227519989
183,0.5286571434565951,0.6048188175473891,0.11389522914375573,0.999412477016449,0.52748532635825,0.6005936384201047,0.10760475269385741,0.9994648694992065,0.5266830325126646,0.6003977503095351,0.10757209786346976,0.9994764924049377,0.5258984378405978,0.6002080883298598,0.10755588327135354,0.9996146559715271,0.5300995213644842,0.6006943413189476,0.11086860213960914,0.999599814414978,0.5311313765389576,0.6006004435675482,0.11081458798476623,0.9996281862258911,0.5321167962891713,0.6005077123641964,0.1108315378427505,0.9996944665908813,0.5251874804496763,0.6023854664393831,0.07563307945217401,0.9997443556785583,0.5333726729665481,0.6029933810234067,0.0899896172540528,0.999224841594696,0.5276604516165595,0.6087829504694255,0.10353311257702959,0.9993592500686646,0.5302064572061809,0.6091514297894067,0.10735243495021543,0.9990751147270203,0.517581920964377,0.629478619779859,0.038077991562230226,0.9999918341636658,0.5437422718320571,0.6363261205809454,0.07330215094344952,0.9999618530273438,0.5114758661815096,0.6724439910479951,0.038062666888747876,0.7987443208694458,0.5467571650232586,0.6738897391727989,0.05431978345981664,0.3476526141166687,0.5185803328241618,0.6820718577929902,0.07276989125779693,0.14209377765655518,0.5355742369379313,0.6782329354967387,0.041759795136749725,0.03334276005625725,0.5184188059398103,0.6867938263075689,0.07783500211579455,0.12956364452838898,0.5327124135834828,0.675652022021157,0.041984274118606515,0.03462431579828262,0.5200459480285642,0.6833256431988304,0.07747864446469713,0.1258649230003357,0.5299731510026112,0.673446781294686,0.04082224388340752,0.03199214115738869,0.5204477514539444,0.6817538550921847,0.07404669927699223,0.11367502808570862,0.5303757991109573,0.6735700607299802,0.04074268315120465,0.029265010729432106,0.5261761903762815,0.7019137348447524,-0.011172583566180293,0.9999885559082031,0.5443830592291693,0.7011514561516895,0.011052388484988889,0.9999878406524658,0.5015024014881677,0.7265354360852919,0.00011266190558672021,0.9844671487808228,0.5619010567665097,0.7302340831075393,0.015180960537067474,0.9273907542228699,0.5003944167069023,0.7906774095126556,-0.03747358955442903,0.9908178448677063,0.5798021640096389,0.7887666191373548,-0.030731644321765204,0.9707167148590088,0.502848388467516,0.8019956912313184,-0.041665409824677854,0.9960629343986511,0.5808492915970935,0.7982651131493701,-0.03570998193962231,0.9925368428230286,0.48950441479682893,0.7969461236681255,-0.05653461569121904,0.9538707733154297,0.5852153454508098,0.7926759890147614,-0.049186411819287686,0.8883827924728394
184,0.522828504017421,0.6041816932814458,0.12019743131739749,0.9994611144065857,0.5216028707368031,0.5999945998191831,0.11385092373405181,0.9995109438896179,0.5208338737487791,0.5998132688658574,0.1138188040682247,0.9995204210281372,0.5200827087674819,0.5996378643172124,0.11379761653287065,0.9996483325958252,0.5241725257464815,0.6000934754099162,0.11706349062068118,0.9996344447135925,0.525211555617196,0.6000060132571626,0.1170050823262759,0.9996588826179504,0.5262262531689231,0.5999169111251826,0.11702364981174462,0.999720573425293,0.5194495916366575,0.6019686664853773,0.08088099019868028,0.9997663497924805,0.5275675160544258,0.6024618744850155,0.09506786678518567,0.9992876648902893,0.5219898632594514,0.608174576078142,0.10949379184416361,0.9994077086448669,0.5245897310120715,0.6085203204836162,0.11323725027697419,0.999142587184906,0.512653705051967,0.6292822888919282,0.043587682076862866,0.9999922513961792,0.5382850153105596,0.6347281745501927,0.07969103402325081,0.9999634027481079,0.5061331118856156,0.6720483626638137,0.04948270831789288,0.7385877370834351,0.5413497107369557,0.6713219795908245,0.07274733137871536,0.3132527470588684,0.5138931887490407,0.6841004099164687,0.09474621479000361,0.12897512316703796,0.5350514548165455,0.6827766435486925,0.07657528016716245,0.030510740354657173,0.5144871558461865,0.6889796784945895,0.10152875908783501,0.1178404912352562,0.5328625389507836,0.6823989902223855,0.07953113409291422,0.03196747601032257,0.5160153985023497,0.6863536511148719,0.1013149523309299,0.11444872617721558,0.5301152178219384,0.6817186270441326,0.07867961756752005,0.029539519920945168,0.5161655170576909,0.6840823377881726,0.09635622331074306,0.10338142514228821,0.5300059778349736,0.6814934968948361,0.07597467669818021,0.027056805789470673,0.5232428669929502,0.7016054613249636,-0.011988224860812946,0.9999891519546509,0.541068737847464,0.7005578943661278,0.011861951729016641,0.9999886751174927,0.4977441106523784,0.7262224537985662,0.0012975729070603716,0.9793927669525146,0.5594380736351009,0.7313246709959843,0.017541816670979763,0.9258571267127991,0.49963284475462777,0.7904244865689957,-0.03531666584312913,0.9876646995544434,0.5794431073325018,0.7890295130865908,-0.028656821804387216,0.970294177532196,0.5026699968746728,0.8018436772482731,-0.03919928760400838,0.9939532279968262,0.580871874945504,0.7984135815075463,-0.03359962643257207,0.992264986038208,0.4890527486801145,0.7971145170075552,-0.05416960929121288,0.9416121244430542,0.5851050393921986,0.7925733174596511,-0.04725360849073952,0.886410117149353
185,0.5165151425770351,0.6032274637903485,0.12914184566055023,0.9995052814483643,0.5152640904699051,0.5991337180137631,0.12294374236038758,0.9995536208152771,0.5145121097564695,0.5989388619150432,0.12291419080325526,0.9995611906051636,0.5137844034603661,0.5987540517534526,0.12288796539817537,0.9996790885925293,0.5177286045891897,0.5993164948054721,0.1256406703165599,0.9996664524078369,0.5187333328383311,0.599273027692522,0.1255742979901178,0.9996875524520874,0.5197492344038824,0.5992269873619077,0.12559536546468728,0.9997448325157166,0.5131800293922422,0.6012038775852747,0.08901244487081253,0.9997867345809937,0.5211769138063702,0.6018865585327149,0.10099439046212605,0.9993492960929871,0.5157938258988515,0.6072111453328813,0.11818565917866573,0.9994513392448425,0.518418332508632,0.6076493195125037,0.12122243855680738,0.9992056488990784,0.5071721621922086,0.628774787698473,0.05303886596645628,0.9999925494194031,0.5323124681200296,0.6323024051530022,0.0866352397416319,0.9999651908874512,0.5000341960362025,0.6715309449604577,0.065178510759558,0.6889101266860962,0.5351853455815998,0.6690253189631872,0.09509404807218483,0.28259217739105225,0.5086917843137467,0.6855248519352505,0.11990356690117288,0.11695387959480286,0.5350210751805983,0.6919320906911575,0.12208568062633282,0.028084730729460716,0.5099828669003075,0.6913072960717339,0.12833860112088064,0.10696964710950851,0.5336179835455759,0.6958822539874481,0.12824159798079307,0.029642658308148384,0.5117275357246401,0.6892302206584382,0.12833626472524237,0.10385744273662567,0.5308881146567208,0.6975133708545141,0.12828611227949815,0.027416888624429703,0.5115128908838544,0.6868274995258875,0.12182250139968737,0.0938752144575119,0.5300099287714277,0.6963518738746642,0.12196865107731099,0.02518836408853531,0.5200571775436399,0.7007548962320594,-0.01139130605650801,0.9999899864196777,0.5376381533486501,0.6999826056616647,0.011260911848928246,0.9999896883964539,0.4938700250216893,0.7259560738291059,0.006798151228576892,0.9783748388290405,0.5569211483001708,0.7324641857828409,0.0210031711895551,0.9306963682174683,0.49899645958627964,0.790237171309335,-0.028095943853259062,0.986798107624054,0.5787321363176617,0.7887633476938516,-0.02428956792822904,0.9723186492919922,0.5026176435606822,0.8017112646784097,-0.0320368081863437,0.9930235147476196,0.5803529841559273,0.7979195458548409,-0.029037661903670825,0.9926499724388123,0.48868864178657545,0.7974019493375508,-0.046072572682585015,0.9374409914016724,0.585015961102077,0.7923195907047815,-0.043155885168484266,0.8932510614395142
