frame_id,NOSE_x,NOSE_y,NOSE_z,NOSE_v,LEFT_EYE_INNER_x,LEFT_EYE_INNER_y,LEFT_EYE_INNER_z,LEFT_EYE_INNER_v,LEFT_EYE_x,LEFT_EYE_y,LEFT_EYE_z,LEFT_EYE_v,LEFT_EYE_OUTER_x,LEFT_EYE_OUTER_y,LEFT_EYE_OUTER_z,LEFT_EYE_OUTER_v,RIGHT_EYE_INNER_x,RIGHT_EYE_INNER_y,RIGHT_EYE_INNER_z,RIGHT_EYE_INNER_v,RIGHT_EYE_x,RIGHT_EYE_y,RIGHT_EYE_z,RIGHT_EYE_v,RIGHT_EYE_OUTER_x,RIGHT_EYE_OUTER_y,RIGHT_EYE_OUTER_z,RIGHT_EYE_OUTER_v,LEFT_EAR_x,LEFT_EAR_y,LEFT_EAR_z,LEFT_EAR_v,RIGHT_EAR_x,RIGHT_EAR_y,RIGHT_EAR_z,RIGHT_EAR_v,MOUTH_LEFT_x,MOUTH_LEFT_y,MOUTH_LEFT_z,MOUTH_LEFT_v,MOUTH_RIGHT_x,MOUTH_RIGHT_y,MOUTH_RIGHT_z,MOUTH_RIGHT_v,LEFT_SHOULDER_x,LEFT_SHOULDER_y,LEFT_SHOULDER_z,LEFT_SHOULDER_v,RIGHT_SHOULDER_x,RIGHT_SHOULDER_y,RIGHT_SHOULDER_z,RIGHT_SHOULDER_v,LEFT_ELBOW_x,LEFT_ELBOW_y,LEFT_ELBOW_z,LEFT_ELBOW_v,RIGHT_ELBOW_x,RIGHT_ELBOW_y,RIGHT_ELBOW_z,RIGHT_ELBOW_v,LEFT_WRIST_x,LEFT_WRIST_y,LEFT_WRIST_z,LEFT_WRIST_v,RIGHT_WRIST_x,RIGHT_WRIST_y,RIGHT_WRIST_z,RIGHT_WRIST_v,LEFT_PINKY_x,LEFT_PINKY_y,LEFT_PINKY_z,LEFT_PINKY_v,RIGHT_PINKY_x,RIGHT_PINKY_y,RIGHT_PINKY_z,RIGHT_PINKY_v,LEFT_INDEX_x,LEFT_INDEX_y,LEFT_INDEX_z,LEFT_INDEX_v,RIGHT_INDEX_x,RIGHT_INDEX_y,RIGHT_INDEX_z,RIGHT_INDEX_v,LEFT_THUMB_x,LEFT_THUMB_y,LEFT_THUMB_z,LEFT_THUMB_v,RIGHT_THUMB_x,RIGHT_THUMB_y,RIGHT_THUMB_z,RIGHT_THUMB_v,LEFT_HIP_x,LEFT_HIP_y,LEFT_HIP_z,LEFT_HIP_v,RIGHT_HIP_x,RIGHT_HIP_y,RIGHT_HIP_z,RIGHT_HIP_v,LEFT_KNEE_x,LEFT_KNEE_y,LEFT_KNEE_z,LEFT_KNEE_v,RIGHT_KNEE_x,RIGHT_KNEE_y,RIGHT_KNEE_z,RIGHT_KNEE_v,LEFT_ANKLE_x,LEFT_ANKLE_y,LEFT_ANKLE_z,LEFT_ANKLE_v,RIGHT_ANKLE_x,RIGHT_ANKLE_y,RIGHT_ANKLE_z,RIGHT_ANKLE_v,LEFT_HEEL_x,LEFT_HEEL_y,LEFT_HEEL_z,LEFT_HEEL_v,RIGHT_HEEL_x,RIGHT_HEEL_y,RIGHT_HEEL_z,RIGHT_HEEL_v,LEFT_FOOT_INDEX_x,LEFT_FOOT_INDEX_y,LEFT_FOOT_INDEX_z,LEFT_FOOT_INDEX_v,RIGHT_FOOT_INDEX_x,RIGHT_FOOT_INDEX_y,RIGHT_FOOT_INDEX_z,RIGHT_FOOT_INDEX_v
0,0.4318397751876286,0.587857297488621,0.002565731713548278,0.9999951124191284,0.43103488428252057,0.5832183054515292,0.005938540169570033,0.9999873638153076,0.43005321366446353,0.583013655458178,0.005882544015600721,0.9999843835830688,0.42910040531839627,0.5827294707298277,0.005868612867613698,0.9999903440475464,0.43314047285488655,0.5839326722281319,-0.007872575807518215,0.9999964237213135,0.43369481137820665,0.584176458631243,-0.007960208169450743,0.9999967813491821,0.4342901970658982,0.5842821053096222,-0.007993157188008956,0.9999977350234985,0.4260162481239861,0.58597160918372,0.02067333784486565,0.9999946355819702,0.4342631612505229,0.5869966438838413,-0.042572835939271116,0.9999951124191284,0.4297965560640606,0.5936454960278101,0.010411023248785286,0.999987006187439,0.4316832065582273,0.5945982609476361,-0.008369303055639784,0.9999934434890747,0.41775714840207767,0.6222813146454944,0.06585823372006411,0.9999922513961792,0.42067911369459937,0.6344734702791484,-0.08449254270110809,0.9999954700469971,0.4338942025388991,0.6515992471149985,0.11355550161429805,0.4519418776035309,0.4289105687822612,0.6977070569992064,-0.1209814944437572,0.9926149845123291,0.4571347228118348,0.6522949133600504,0.13450182442154193,0.4642147123813629,0.4530326213155474,0.7004784090178353,-0.12435214285339621,0.9734609723091125,0.46334149667194885,0.6513443401881625,0.14286516159772866,0.4483635723590851,0.4589600920677186,0.7031335558210098,-0.140903901202338,0.954838752746582,0.46458108595439335,0.6479192784854343,0.1306449049285479,0.44960808753967285,0.4595313523496897,0.6996868525232586,-0.13132194578647613,0.9448825716972351,0.46253721543720777,0.6482454078538074,0.12988659888505932,0.4304198920726776,0.4576245384556905,0.6991240399224415,-0.1210618423564093,0.862877368927002,0.4048824829714637,0.724380140645163,0.050516476162842314,0.9999808073043823,0.4086450193609507,0.7309146898133413,-0.05049932066883359,0.9999867677688599,0.4208095005580356,0.806293065207345,0.082388091300215,0.7451556324958801,0.41326187338147835,0.8101201159613468,-0.04523435437253542,0.9978869557380676,0.43531611476625703,0.8762048840522765,0.12262360240731911,0.8856232166290283,0.39677884067807884,0.8807446701186045,-0.02145134678908756,0.9940035939216614,0.43203705208642124,0.8896349310874933,0.12412459147827962,0.906934380531311,0.3884801140853335,0.8989436932972497,-0.02073979510792662,0.9670968651771545,0.45350564888545447,0.8800773450306475,0.09868214790310169,0.8755477666854858,0.40686619707516253,0.8932137250900265,-0.056426057432379,0.9836138486862183
1,0.43189989668982354,0.5877416236060005,0.0026921665295958435,0.999994695186615,0.43087884613445787,0.5829451475824625,0.005984606580542654,0.9999864101409912,0.42986686059406815,0.5827521732875279,0.005924482304336757,0.9999836683273315,0.4288459335054669,0.5824769258499142,0.005916070901522669,0.9999896287918091,0.4329726346901483,0.5837866255215234,-0.008261786514360991,0.9999960064888,0.43344964895929605,0.5841028622218538,-0.008354052359105225,0.999996542930603,0.43392642310687457,0.5842671309198647,-0.008385040737422451,0.9999974966049194,0.42555766361100295,0.5855595333235603,0.019618507900408328,0.9999943971633911,0.43308527299335997,0.5870039616312296,-0.044965053669043936,0.999994695186615,0.42983037063053653,0.5937781657491409,0.010532409444983504,0.9999867081642151,0.4315754473209378,0.5947718364851813,-0.008901793310152627,0.9999932050704956,0.41763645665986177,0.6223713329860137,0.0662183724343776,0.9999925494194031,0.4195928020136693,0.6333354456084112,-0.08780939685446872,0.9999955892562866,0.4339463097708565,0.6527918900762281,0.1159056461283138,0.4621149003505707,0.42678003140858206,0.6974956274032589,-0.12318755941731585,0.9927376508712769,0.4581086967672617,0.6551366669791083,0.13196933908121913,0.4911448359489441,0.4516242819172995,0.7009155460766382,-0.12475237292902804,0.9749453663825989,0.464374346392495,0.6566817675318033,0.139919053018093,0.47590723633766174,0.457917696237564,0.7036527173859729,-0.1419067804302487,0.9572072625160217,0.46522848520960086,0.6538638148988994,0.12658722209078918,0.47739091515541077,0.45851296016148135,0.6998124105589727,-0.1325980424880981,0.9477150440216064,0.4631663390568323,0.6532264879771637,0.1268093571066856,0.4583907723426819,0.4563588312694,0.6990177563258577,-0.12155790988888053,0.868943452835083,0.4051234551838463,0.7248446737016945,0.053534853990588833,0.9999816417694092,0.408650342907224,0.7311458519526888,-0.05351315332310537,0.9999873638153076,0.42070860011236993,0.8064451898847304,0.09588189486946372,0.7465232014656067,0.4129885818277084,0.8103466340473715,-0.045251764463526814,0.9979702234268188,0.43517144662993273,0.8760068058967585,0.14511425452572949,0.8876367807388306,0.39620464103562486,0.8887422748974387,-0.03306371111954961,0.994411289691925,0.4320268409592763,0.8903255581855768,0.14756165423563541,0.9095794558525085,0.38821988446371875,0.9037608947072705,-0.03374926921512397,0.9685611128807068,0.45409736548151275,0.8794040407453256,0.12297034455197188,0.8768290877342224,0.41100338186536495,0.9042223930358882,-0.0747697240539959,0.9843530058860779
2,0.4316395112446374,0.5875154341970168,-0.004497948428615924,0.9999939203262329,0.4303950633321488,0.5825700828007288,-0.0006890525143327447,0.9999845623970032,0.4293767239366257,0.5824033362524847,-0.0007555902619580056,0.9999821782112122,0.4283353277615136,0.5821549415588376,-0.0007594120198128997,0.9999884366989136,0.4323498087269917,0.5834425466401234,-0.015669433300250335,0.9999951124191284,0.4327113432543616,0.5837976081030707,-0.01576618930391434,0.9999960064888,0.43305640561240044,0.5839936086109703,-0.015799236131299813,0.9999969601631165,0.4248963168689181,0.5852828707013809,0.015258850263697752,0.9999938607215881,0.431569388083049,0.5868535229137963,-0.05234875966395648,0.9999936819076538,0.4295981313501084,0.5939307263919282,0.00434821458267314,0.9999858736991882,0.4311479091644285,0.5948947395597183,-0.01609936102426477,0.9999925494194031,0.4175233176776339,0.6224499327795843,0.06468114256858823,0.9999927878379822,0.4181083227906906,0.6326016511235916,-0.09499856893505364,0.9999955296516418,0.43391859786851045,0.6535094669886995,0.11587560900620048,0.4747033417224884,0.4240613664899551,0.6973920822143551,-0.1289625397750309,0.992913544178009,0.4588036486080712,0.6586467589650832,0.1259397843054362,0.5228138566017151,0.44993098122732955,0.7017816322190418,-0.12952808524881085,0.9758481383323669,0.4652539866311207,0.6619472094944542,0.13322309702634805,0.5073661804199219,0.4563565909862516,0.7052858982767374,-0.14756754125867566,0.9582969546318054,0.4657934171812873,0.6599082061222619,0.11847817216600685,0.5092081427574158,0.4571411933217728,0.7012444342885695,-0.13875596821308128,0.9490144848823547,0.46361456683703806,0.6586235744612554,0.12007818669080729,0.49019089341163635,0.45484230348042054,0.7000481588499883,-0.12650953211954657,0.8713694214820862,0.4054589944226399,0.725181014197213,0.05586937548858776,0.9999820590019226,0.4082920994077408,0.7312954408781865,-0.055842290925128095,0.9999876022338867,0.4205604800156183,0.8064582995006013,0.1032405731933457,0.7425514459609985,0.4125698677131106,0.8104564802987231,-0.04771426192351748,0.9979574680328369,0.4350171097687311,0.8757825016975398,0.1582320890256336,0.8844613432884216,0.39586556468691125,0.8935371773583545,-0.04255895518830842,0.9945801496505737,0.43200522405760605,0.8907938003540035,0.161221862903663,0.9081406593322754,0.38807342733655636,0.9068705848285126,-0.04408354104629583,0.9681469798088074,0.45459928342274236,0.8786451867648529,0.1364646189979144,0.8732086420059204,0.413565249953951,0.9104667425155636,-0.08874096104076927,0.9842042922973633
3,0.4311379560402459,0.5872670531272886,-0.01514975561627319,0.9999917149543762,0.4296573877334593,0.5821924311774115,-0.010105942296130311,0.9999796152114868,0.4286552403654369,0.58206467287881,-0.010178856651431742,0.999977707862854,0.42763783846582665,0.5818587354251314,-0.010180400987155728,0.9999853372573853,0.4312933904784064,0.5829863974026268,-0.02604187109640665,0.999992847442627,0.4314687141350335,0.5833383526120864,-0.02614178721393856,0.9999942779541016,0.43164056965282965,0.5835337025778631,-0.02618055428777421,0.9999954104423523,0.4240616049085343,0.5852461627551484,0.01124791502952575,0.9999921917915344,0.4295492087091716,0.5866178410393849,-0.06044159946697096,0.9999908804893494,0.4291454093796864,0.5941843560763764,-0.0043915141174303614,0.9999837279319763,0.43041851946285775,0.5950290577752246,-0.0260844868740865,0.9999910593032837,0.41740559935569743,0.6225388509886602,0.06361177435943055,0.9999929666519165,0.41613162074770227,0.6323947804314747,-0.10210568436554494,0.9999954104423523,0.4338436603546141,0.6539241092545642,0.11528100562947133,0.484904944896698,0.4205910052571976,0.6974481361252918,-0.13364810517856046,0.9932288527488708,0.4592968004090443,0.6633058173315862,0.11847250482865737,0.556807279586792,0.4479939673628124,0.7030734947749544,-0.1316096222826412,0.9772003293037415,0.46625174283981297,0.6676754389490396,0.12483708070857179,0.5402482151985168,0.45408672945839995,0.7082775626863749,-0.15023140609264368,0.9600924849510193,0.4664359484400066,0.666794954027448,0.1085026723997933,0.5425410270690918,0.45532032762254965,0.7041496804782319,-0.14231593481131954,0.9512487649917603,0.4639772542885369,0.6651224374771115,0.11178413586957109,0.524190366268158,0.4530381534780773,0.7022374476705275,-0.12883615813085003,0.8756651878356934,0.4058942564896173,0.7254367198262892,0.05701602431280269,0.9999827742576599,0.40748862964766347,0.7314119628497529,-0.05698484022702487,0.9999880194664001,0.42031290446008934,0.8064002939632957,0.10025655584675922,0.736893892288208,0.41195632049015574,0.8104652949741904,-0.05359106372509681,0.9979841709136963,0.4348385998180932,0.8756198934146332,0.15498181155749724,0.8802433609962463,0.3958676789488109,0.8942431296621045,-0.04898112224681035,0.9947118759155273,0.43196146062442214,0.891004189423152,0.1578638494014739,0.9031124114990234,0.3880370897906165,0.9078727330480298,-0.05045416525432039,0.9661164283752441,0.45498034698622547,0.8776884760175427,0.13200312341962536,0.8714752197265625,0.4141392665249959,0.9102626187460758,-0.09537688429866513,0.9843668341636658
4,0.4300563318388801,0.586844456195831,-0.03951187073253093,0.9999908804893494,0.42834976400647823,0.5816255041531151,-0.032969777342597276,0.9999780058860779,0.42739906821932094,0.5815467153276713,-0.03305559283554818,0.9999765753746033,0.42646988204547315,0.5813952548163275,-0.0330509531320006,0.9999843835830688,0.4296956734997883,0.5822759475026809,-0.05027527620217627,0.9999920725822449,0.42974790845598476,0.5825931991849624,-0.05038093567958898,0.9999938011169434,0.4298228493758608,0.5827542713710236,-0.05042825442339691,0.9999948740005493,0.42294035894530135,0.5851618681635172,-0.002758010530046052,0.9999917149543762,0.42765753950391483,0.5860931328364778,-0.08121043092438149,0.999989926815033,0.4282925443989888,0.5943132519721982,-0.025776026211678967,0.9999836087226868,0.429297396966389,0.5950469187327792,-0.04929171614348886,0.9999908804893494,0.4172708213329313,0.6225592596190312,0.056473806606871714,0.9999933242797852,0.41413590141705087,0.6322678140231538,-0.12036265943731575,0.9999955296516418,0.433630094357899,0.653588737760271,0.10786440500191276,0.5058776140213013,0.41692950299807935,0.6974656258310588,-0.14984873916421612,0.9938043355941772,0.45923588446208385,0.6670178072793139,0.10074728344167977,0.5922170281410217,0.44540689928191024,0.7047455344881326,-0.14956489929131092,0.9791938066482544,0.4664503318922858,0.6717682123184201,0.10561931963477811,0.5756523013114929,0.45173004099300906,0.7115325655255995,-0.17006592069353368,0.9634041786193848,0.46653617535318626,0.671303650311061,0.08731290740626195,0.5786228775978088,0.45323858601706346,0.7075048770223341,-0.16294149500983096,0.955314576625824,0.46383447391646226,0.6697617650032041,0.09301898096288949,0.561662495136261,0.45093235373496987,0.7051692707198003,-0.147113903079714,0.8853548765182495,0.40627379587718404,0.7253486752510068,0.05879233011177605,0.9999836683273315,0.4065886727401187,0.731270749228341,-0.05875133382422581,0.9999886155128479,0.4201262414455412,0.8059824483735217,0.10167800975697376,0.7437278032302856,0.41126523443630747,0.8103128279958449,-0.05956725659114971,0.9981275796890259,0.43469806568963165,0.8751554301806854,0.1596750582967485,0.8848168849945068,0.39581425786018354,0.8940008129392347,-0.05564035038862907,0.9951282739639282,0.4319347909518648,0.8910887462752202,0.16265485116413653,0.9042251706123352,0.38814330782209105,0.9080890757696966,-0.057329586467572594,0.9674115777015686,0.45535547818456357,0.8769785353115622,0.13433880295072276,0.8788526058197021,0.41415345753942195,0.9098780018942693,-0.10522994377783362,0.9855827689170837
5,0.4284818376813614,0.5862840328897747,-0.06338179457400524,0.9999909996986389,0.4265492933137074,0.5807710324014933,-0.05602227506626927,0.9999786019325256,0.42569733262062054,0.5806769013404843,-0.056117859163454575,0.9999775290489197,0.424885069472449,0.5805318951606748,-0.05611219842519077,0.999984860420227,0.4276488057204654,0.5813134755407059,-0.07373260898249487,0.9999921917915344,0.42764381851468747,0.5815340825489586,-0.07383957877755162,0.9999939799308777,0.4276710493224006,0.581602781159537,-0.07389359580618991,0.9999949336051941,0.4213414260319299,0.5845769831112451,-0.01965503660695893,0.9999920129776001,0.42548386795180165,0.5850231153624396,-0.10063054742557656,0.9999901652336121,0.4270551102502004,0.59422960792269,-0.04762975249572522,0.9999844431877136,0.4277519209044318,0.5947709168706619,-0.07168774727199756,0.9999912977218628,0.4170565928731644,0.6227178233010426,0.045302353054285024,0.9999936819076538,0.4122029645102363,0.6323408024651661,-0.13622032659394395,0.9999957084655762,0.43349484801292393,0.6521157928875512,0.09957682171038214,0.5356360077857971,0.41389112727982635,0.6974873798234119,-0.16482073451791482,0.9943652749061584,0.45900749308722344,0.6680132031440732,0.08850728379828585,0.6288459897041321,0.442473872218813,0.7062351380075724,-0.169803257712296,0.9811233878135681,0.4660572528839109,0.6728278279304502,0.09246565593140461,0.6130911707878113,0.44876926881926377,0.7155071548053193,-0.1922373618398393,0.9667072892189026,0.4662285293851578,0.6721708195550098,0.07317028811999726,0.6163309216499329,0.45059313944407847,0.71181902544839,-0.1841971290963036,0.9593725800514221,0.46341164622987996,0.6709293416568207,0.08030671158007209,0.6007391810417175,0.44852867381913303,0.7085955279214038,-0.16735581138304295,0.8954252600669861,0.40700661710330405,0.7256949799401415,0.05949662498065401,0.9999845623970032,0.4060457476547784,0.7311601349285667,-0.05945016837545801,0.9999892115592957,0.4201782056263513,0.8053811447960987,0.10457380456583835,0.7591144442558289,0.4105394542217252,0.8101948142051693,-0.06050435506871766,0.9982852935791016,0.43461895159312636,0.8744632414409088,0.16836542444569716,0.8925991058349609,0.3956184182848247,0.8933459162712093,-0.0531209913747651,0.9955579042434692,0.4319504039628163,0.8910638928413387,0.17167247746671943,0.908714234828949,0.38828369038445587,0.907567601544516,-0.054592525852578,0.9694113731384277,0.45563084823744615,0.8767962915556767,0.1409418412617274,0.8884369730949402,0.4139454109328132,0.9099384375980917,-0.10422650831086291,0.9868564605712891
6,0.4273178892476216,0.5853129165513172,-0.07328341220106394,0.9999914169311523,0.4252007109778266,0.5793360437665664,-0.06575838785086356,0.9999796748161316,0.42442699159894653,0.5791944061006816,-0.0658658007425921,0.9999788403511047,0.4236946693488528,0.5790480460439407,-0.06586338153907229,0.9999856948852539,0.4259955644607542,0.5798218761171611,-0.08320358970335548,0.9999925494194031,0.4258466652461459,0.579978765760149,-0.08331130306635581,0.9999942779541016,0.425717828103474,0.5800196834972924,-0.08336810927305899,0.9999951720237732,0.4198489546775816,0.5831539171082629,-0.02791010080171482,0.9999924302101135,0.4228733062744139,0.5833515030997137,-0.10751937159470144,0.9999905228614807,0.426066241945539,0.5934760093688962,-0.05699140333703583,0.9999854564666748,0.42644098997116064,0.5936681474958145,-0.08067695785846025,0.9999918341636658,0.4171588752950939,0.622835884775434,0.03846324011683462,0.9999940991401672,0.4104917517730166,0.6323731865201675,-0.13743351272174284,0.9999958872795105,0.4340953137193405,0.6492434161049976,0.09986799614770067,0.5656955242156982,0.4114129619938985,0.6974437032427103,-0.16221267368112285,0.9948776364326477,0.45969719631331285,0.6664882813181192,0.10260068816798068,0.6632295250892639,0.4398184307983941,0.7075322696140831,-0.16850772627762378,0.9828857183456421,0.46682343738419646,0.6724503397941586,0.10853433204548694,0.6480782628059387,0.445622203179768,0.7193407194955005,-0.18836671624864842,0.9697480797767639,0.46691931400980247,0.6716287084988182,0.08861204470906935,0.6514806151390076,0.44786128316606777,0.7159299254417416,-0.18854173805032448,0.9631092548370361,0.46395311440740294,0.6700630068778989,0.09456370536770135,0.637251079082489,0.44619037679263507,0.7116871391023905,-0.1680977883083479,0.9047659039497375,0.408303505182266,0.7264111127172195,0.05951254091092516,0.99998539686203,0.4058801480701989,0.7311008725847513,-0.05945292083280424,0.9999896883964539,0.42073740533419995,0.8046030385153631,0.10631224683352875,0.7678557634353638,0.4095733480794087,0.8101554121289931,-0.05694239905902315,0.9984051585197449,0.434493804829461,0.8737976568085802,0.17108453427042272,0.8980031609535217,0.39535092881747635,0.8927974224090572,-0.04592413306236265,0.9959290027618408,0.4319339777742111,0.8910516619682308,0.17466531693935386,0.9110767245292664,0.3883264907768793,0.9070585897990631,-0.04712320896131649,0.9709911942481995,0.4555566872869217,0.8767742429460794,0.14287835487297595,0.8966560959815979,0.41362673980849113,0.910221023218972,-0.0990907558373042,0.9879841804504395
7,0.42602726221084575,0.5829159753663196,-0.068715490507228,0.9999918937683105,0.4238301157951353,0.5770054834229603,-0.06176148142133438,0.9999809861183167,0.4230804758412495,0.5768656611442563,-0.06186953176345142,0.9999803304672241,0.4223645695618219,0.576753645283835,-0.06187246079955779,0.9999867081642151,0.42437782968793575,0.5774901270866392,-0.07861507683992383,0.9999929666519165,0.4240749308041162,0.5776845267840791,-0.07872128316334312,0.9999946355819702,0.4237776049545831,0.5778168388775414,-0.07877691984176632,0.9999954104423523,0.4182433690343582,0.5808710506984163,-0.02733929407383713,0.9999929666519165,0.42036045023373175,0.5810840453420364,-0.10375363784176958,0.9999909400939941,0.42478270190102696,0.5913402778761725,-0.053493035105722266,0.9999865293502808,0.4249794227736335,0.591234641415732,-0.0763635797160012,0.999992311000824,0.41749500206538587,0.622259928498949,0.036298185054744976,0.9999945759773254,0.4089981819902146,0.6324220963886803,-0.13728837307010372,0.9999961256980896,0.43534617594310193,0.6433512347085133,0.10979693021093093,0.5985165238380432,0.4096425746168407,0.6969754253114969,-0.14756335318088526,0.9953432679176331,0.46201076592717827,0.6586813654218397,0.13381049335002893,0.6958125829696655,0.4372363575867242,0.7087036473410466,-0.146701402749334,0.9844949841499329,0.46891870924404666,0.6640926054545808,0.14335813415901993,0.6815584301948547,0.4423295770372661,0.7221829516547063,-0.16257737874984735,0.9725430011749268,0.46924207891736686,0.6634302139282223,0.12351218802588321,0.6848570704460144,0.4448605477809904,0.719046798774174,-0.1668934415493692,0.966539740562439,0.4662189739091053,0.6624546885490414,0.12638177531106126,0.6719325184822083,0.44331619824681945,0.7141787341662813,-0.14718236454895556,0.9134384989738464,0.41011071460587617,0.7272431203297203,0.05858075916767118,0.999986469745636,0.4059604602200642,0.7312245794704978,-0.05850843542388505,0.9999902844429016,0.4218068625245774,0.8035664354051858,0.09830829628876273,0.7776533961296082,0.4088567589010509,0.8102329186030793,-0.05100365866507801,0.998508870601654,0.4343581991536275,0.873510314737047,0.15268539147717605,0.9042145609855652,0.3951108413083211,0.892588228838784,-0.04028604626655577,0.9962671995162964,0.43182688866342794,0.8910779765674043,0.1554223520415169,0.9146422743797302,0.38827853628567266,0.9068201354571748,-0.041579243753637564,0.9726648926734924,0.4553466260433195,0.8770972728729244,0.12416682413646146,0.9049772620201111,0.41356915746416345,0.9101593783923554,-0.09312143559966765,0.9890196919441223
8,0.42403109584535853,0.5797899586813788,-0.055001083229269276,0.9999920725822449,0.4218339511326379,0.5743793163980754,-0.04873470930116515,0.9999814629554749,0.42108827573912466,0.5743156654494147,-0.04883485782359325,0.9999810457229614,0.420372768810817,0.5742764643260408,-0.04883934451001029,0.9999871253967285,0.4223052706037247,0.574820566177368,-0.06503780548061641,0.9999931454658508,0.42195213947977317,0.5750587650707787,-0.06514369440930227,0.9999947547912598,0.42159933788435777,0.5752575721059524,-0.06519462317228314,0.9999954700469971,0.4163023897579736,0.5782560518809725,-0.019018217089719,0.9999932050704956,0.41803096277373153,0.5783982617514472,-0.0941573002508708,0.9999910593032837,0.422773150035313,0.5882440635136192,-0.04131914180304321,0.999987006187439,0.42302349890981383,0.5881009323256353,-0.06349360431943618,0.9999924898147583,0.41806853072983857,0.6193775858197891,0.04074432903102464,0.9999948740005493,0.40785448380878975,0.6322402783802574,-0.1322896148477281,0.9999963045120239,0.43735058733395143,0.6331976294517514,0.11940100810357497,0.6163365840911865,0.40803827387945973,0.6953367863382609,-0.13223720661231445,0.995739221572876,0.4644051143101281,0.6413483159882679,0.15306392141750874,0.7229302525520325,0.43439813937459654,0.7093603559902733,-0.12137673369475768,0.9858719706535339,0.4714044375079016,0.6438319597925455,0.16420214005878986,0.7088877558708191,0.43933930907930624,0.7229891010693138,-0.13586955538817808,0.9749036431312561,0.4718556846891129,0.6423457145690915,0.14538498563425875,0.7123445868492126,0.4418277612754275,0.7197931987898687,-0.13336567495550422,0.9694386720657349,0.4689064655985149,0.6427137289728434,0.14624650159052432,0.7005620002746582,0.44015234879084975,0.7149320823805669,-0.11940165779420302,0.9207158088684082,0.41195513520921956,0.7275663597243169,0.05695655537503104,0.9999873638153076,0.4062135909284862,0.73094835792269,-0.05688122691852703,0.9999908208847046,0.423894257204873,0.8017845783914834,0.08718099828277312,0.7847229242324829,0.40861305338995774,0.8103356395448953,-0.04684594209705078,0.9985491037368774,0.43430152109691056,0.8732465914317535,0.1307211586407252,0.9082272052764893,0.39495291539600896,0.8924495032855438,-0.03980125093034334,0.996522843837738,0.43170361433710347,0.8909093720572332,0.13246390819549553,0.9168863296508789,0.3883069821766443,0.9066616024289809,-0.04148392283490724,0.9736518859863281,0.455327465704509,0.8778088382312226,0.10222474613359991,0.9114587903022766,0.4135760290282111,0.9100857462201796,-0.09078564899308336,0.9898290038108826
9,0.4217177825314656,0.5777736084801808,-0.038510952889919264,0.9999923706054688,0.41946455240249614,0.5725962536675586,-0.032787251259599394,0.9999820590019226,0.4187013856002261,0.5726325154304501,-0.03287820081625664,0.9999817609786987,0.41796168429510916,0.5726753098624091,-0.03288107631461959,0.9999875426292419,0.42003803764070763,0.5729166831289016,-0.04836146490914479,0.9999934434890747,0.41972261241504105,0.573138300010136,-0.048471815777676425,0.9999949932098389,0.41939813579831786,0.5733250379562376,-0.048519636264869125,0.9999956488609314,0.41414692146437493,0.5764673471450803,-0.006136969955904139,0.9999934434890747,0.41595917173794317,0.5764229212488444,-0.07887169633592875,0.9999913573265076,0.4205180679048809,0.5861286537987842,-0.026036299605454703,0.9999875426292419,0.42086102196148445,0.5858922396387369,-0.047295253191675435,0.9999927878379822,0.41847458822386585,0.6144808071000233,0.04750499310238018,0.9999951124191284,0.4068534544536044,0.6316237262317109,-0.119914704135486,0.9999964833259583,0.44039364968027367,0.6180480071476524,0.11838404536247248,0.6372539401054382,0.40643121600151044,0.6920704262597217,-0.12568058201244892,0.9960855841636658,0.4658922008105685,0.6151123268263679,0.14014437709535865,0.7472672462463379,0.4318387116704666,0.7092567086219784,-0.11291563894067487,0.9870832562446594,0.4728826582431791,0.6120690873691012,0.1484130999871662,0.7335468530654907,0.43675499388149785,0.7222340788160049,-0.1298755424363272,0.9769997000694275,0.47359870076179483,0.6097475716045921,0.13203690914171076,0.737095057964325,0.4391625744955878,0.7189149601118903,-0.1187050357460975,0.9720205664634705,0.4708988981587544,0.6120574985231669,0.1338090387838227,0.726283609867096,0.43741358263151964,0.7142582569803507,-0.10898039085524416,0.9271393418312073,0.41364340952464496,0.7275895271982462,0.055098947137594195,0.9999882578849792,0.40726759604045304,0.7303426929882592,-0.05503922083548135,0.9999914169311523,0.42725678086280805,0.7996581452233447,0.08158811203071045,0.7929069995880127,0.40864164488656163,0.8104683058602467,-0.047351149363177136,0.9986017346382141,0.4345289843423024,0.8730018241064885,0.12249129499707898,0.9122226238250732,0.39485865490777133,0.8922848803656438,-0.045076393123183914,0.9967595934867859,0.43168289065361004,0.8903764775821137,0.12385032474994653,0.9200347661972046,0.3884231541837963,0.9065803102084564,-0.04713492840528486,0.9747669696807861,0.4555344649723596,0.8788081611905775,0.09496447188513614,0.9171766042709351,0.41348105754171083,0.9101788946560446,-0.09308911114931102,0.9905639886856079
10,0.41972524949482487,0.5775650382041928,-0.03727353066205977,0.9999899864196777,0.4173163022313797,0.5722493921007425,-0.03158285649759427,0.9999741911888123,0.41665576781545344,0.5723275968006677,-0.031677177175879465,0.9999740123748779,0.4160226106643675,0.5724085092544553,-0.03167792963130132,0.9999819993972778,0.41771992189543566,0.5724343725613182,-0.046360364982060004,0.9999911189079285,0.4173732995986936,0.5726050376892087,-0.04647914873702183,0.9999934434890747,0.4170259279864173,0.5727498974118911,-0.046530833840370156,0.9999942183494568,0.41254402313913596,0.5760745491300308,-0.0029647272013659954,0.9999904036521912,0.4136562670980179,0.5759721909250529,-0.07173757893698551,0.999988317489624,0.41892430441720124,0.5855298689433504,-0.024371824892503863,0.9999839067459106,0.419070734296526,0.585051301547459,-0.04458453357219694,0.9999906420707703,0.4189168087073733,0.6096392427171977,0.04733642611120427,0.9999950528144836,0.40567589572497753,0.6308912328311372,-0.10639124172074449,0.9999964833259583,0.44237535340445355,0.6013062017304553,0.10068989055497302,0.6566987633705139,0.40484482049941994,0.6883576512336728,-0.12821146079472126,0.9963245987892151,0.46631138920783977,0.5858167205538065,0.10522283390164369,0.7685328722000122,0.4301987843854085,0.7078813212258472,-0.12841237059661315,0.9878907203674316,0.4734036965029578,0.5792839220591952,0.10854272107992848,0.7552080750465393,0.4348004894597188,0.7210651993751522,-0.14749547626290996,0.9783989787101746,0.4736898924623215,0.5766653265271865,0.09412664185677251,0.7588282227516174,0.4373091672148022,0.7179010306085856,-0.14036166327340255,0.9737964868545532,0.4708122338567459,0.5794993894440784,0.0990207061171531,0.7487069368362427,0.43570444669042296,0.7133280975478034,-0.12639282069035934,0.9314295649528503,0.4155051001480645,0.7272154620715546,0.0535113025988851,0.9999890327453613,0.4084766847746711,0.7292820027896333,-0.053460535300629455,0.9999919533729553,0.43137732063020956,0.7979583161217823,0.08502031884023117,0.7863678932189941,0.40914937087467723,0.8108055830001827,-0.05008628698331967,0.9985889792442322,0.4349588317530494,0.8726991789681567,0.1327560480151857,0.9124332070350647,0.3948456381048473,0.8923246519906176,-0.04727726536137715,0.996888279914856,0.43178660699299387,0.8893493584224151,0.13475720371518812,0.9196903705596924,0.3885384116853985,0.9065661702837259,-0.0485885081546647,0.9747666716575623,0.4559998844351085,0.8803631493023458,0.10470609281744271,0.9196619987487793,0.41339911222457865,0.9102830563272744,-0.09547084506068906,0.9909863471984863
11,0.4185721184526169,0.5782022970063343,-0.048792810738086674,0.999988853931427,0.4156951359340121,0.5728536350386481,-0.0428368704659598,0.9999714493751526,0.4151960125991274,0.5729153020041327,-0.04293331812535011,0.9999712109565735,0.4147241975579941,0.5729814325060161,-0.042930708932025066,0.9999800324440002,0.4157218771321431,0.5730150018419535,-0.05690484962293077,0.9999903440475464,0.41524959972926534,0.5731827327183312,-0.05703084479485236,0.999992847442627,0.4147922933101652,0.5733634403773714,-0.05708727155412943,0.999993622303009,0.4114275310720714,0.5766161543982367,-0.010326876810618802,0.9999892711639404,0.4115340266908917,0.5764761856624055,-0.07420831748417442,0.9999871253967285,0.41827412417956744,0.5858065468924383,-0.03450350372919013,0.9999826550483704,0.4180515706539152,0.5852099725178308,-0.0537320982132639,0.9999898672103882,0.4190537333488462,0.6060767735753738,0.04080515043543916,0.9999949932098389,0.4048246945653641,0.6303510257175988,-0.10223516907010755,0.9999963641166687,0.4427698791027067,0.5862902419907703,0.08185423474226676,0.6727392077445984,0.40370978968484045,0.6850106239318845,-0.12364057855946672,0.9964804649353027,0.4636905533926825,0.5566248893737791,0.07366151788405007,0.7889057397842407,0.42878129993166225,0.7047245195933748,-0.1338424546377999,0.9883373975753784,0.4703153482505251,0.5479794263839719,0.07296883889607017,0.7764874696731567,0.4333903704370769,0.7181102429117472,-0.15262493108000066,0.9792748093605042,0.46967882428850427,0.5459259305681499,0.05998834611049717,0.7800124287605286,0.43560631700924446,0.7152642471449713,-0.15202492156199038,0.9749953746795654,0.4665682971477506,0.5491735151835848,0.06757304806794436,0.7702954411506653,0.4341088805879863,0.7107790265764505,-0.13433150734220226,0.9341371655464172,0.41745900256293145,0.7260898930685857,0.0515162017728601,0.9999897480010986,0.40970416069030746,0.7278599194117952,-0.05147776763354027,0.9999923706054688,0.43523499369621255,0.7967280507087704,0.07850919238158631,0.7797396183013916,0.41071067537580197,0.8112646818161007,-0.056193415075540515,0.9985153079032898,0.43549526418958373,0.872537757669176,0.1245874004704611,0.9130174517631531,0.3948173139776501,0.8925793443407327,-0.05070899959121429,0.9969156384468079,0.4318527477128163,0.8884829929896759,0.12632353582552497,0.9178740382194519,0.38859745008604846,0.9065811038017269,-0.05147542070065224,0.9736475944519043,0.4565064047064098,0.8823847174644467,0.09253273329564499,0.9229530692100525,0.4135213528360637,0.9103146910667415,-0.09974429713828219,0.9912786483764648
12,0.4181858003139494,0.5784084149769372,-0.09033897689410614,0.9999889135360718,0.414827388525009,0.573239285605294,-0.08405549643295149,0.9999721050262451,0.4145097247191836,0.5732584408351351,-0.08416121139058041,0.9999717473983765,0.41421712977545583,0.5732836672237939,-0.08415475221616878,0.9999802708625793,0.41439705405916466,0.5735805187906535,-0.09813058333737505,0.9999906420707703,0.41376984460013233,0.5737293090139114,-0.09826333054474418,0.999993085861206,0.413148271186011,0.5737141779490876,-0.09832860806158608,0.9999937415122986,0.4108678690024783,0.577065701144082,-0.044750343735462834,0.99998939037323,0.4097944276673451,0.5774867994444708,-0.10867697277239385,0.9999874830245972,0.4184050534452709,0.5856009449277603,-0.07315735513610497,0.9999829530715942,0.41785233616828904,0.5855656964438299,-0.09239429767642698,0.9999900460243225,0.4191488121237072,0.6030492118426729,0.0167083805160863,0.9999948740005493,0.40466850910867946,0.6297387293406892,-0.12417995716844281,0.9999961853027344,0.4411101383822303,0.5745194179671149,0.05958970497761451,0.6856765151023865,0.4024467962128774,0.682810192448752,-0.1407077619007655,0.9965169429779053,0.45676361833299883,0.5327585714203968,0.050394321552344704,0.8079350590705872,0.42804081610270883,0.7008807608059471,-0.15793485556329992,0.9886630773544312,0.4627497553825376,0.5225461006164548,0.04789630781326972,0.7966025471687317,0.4329104363918302,0.7142775739942275,-0.1773187224354062,0.9800567030906677,0.4612723427159443,0.5206847071647641,0.034854955385838216,0.7999548316001892,0.4346820056438444,0.7118844117437086,-0.17712593291487003,0.9761133790016174,0.4580518305301664,0.5244089543819425,0.04426774669970782,0.7906386256217957,0.4332030296325681,0.7074023365974423,-0.1583153213773454,0.9366947412490845,0.42018951773643476,0.7244450466973438,0.04993274903723169,0.9999902844429016,0.4111040575163703,0.7264169727052957,-0.04990320418562206,0.9999926090240479,0.43882838998522056,0.7958833762577597,0.0705432050994464,0.7836403846740723,0.41334800124168375,0.8119235856192448,-0.06014174446463582,0.9984503984451294,0.4359134963580538,0.872480726242065,0.1143484451941081,0.9164348840713501,0.39491746936525596,0.8928048593657354,-0.05302024989255835,0.996971070766449,0.43181190575872125,0.8881763883999412,0.11542108314377916,0.9183986783027649,0.38866579958370734,0.9065056000437051,-0.05333090749170096,0.9726700186729431,0.4568042107990808,0.8843057325908112,0.07926808936255314,0.9275949597358704,0.41380142399242925,0.9107495614460531,-0.10283867908375599,0.991657018661499
13,0.4177922070026396,0.578446691376822,-0.12299926610929621,0.99998939037323,0.4141590714454649,0.5733276537486482,-0.1165445459740502,0.9999738931655884,0.4139272630214689,0.5733309711728775,-0.11667102000543043,0.999973475933075,0.4137240946292875,0.5733418686049323,-0.11665648849947106,0.9999813437461853,0.4134358125073567,0.5737693054335455,-0.12997178116015018,0.9999912977218628,0.41264186416353477,0.5742348194122311,-0.13012758184756545,0.9999935626983643,0.41179473229816965,0.5745568190302165,-0.13022121063300535,0.999994158744812,0.4103935914380208,0.5771724888256615,-0.0734380099656326,0.9999899864196777,0.40816940580095545,0.5797791583197455,-0.1392217263579368,0.999988317489624,0.418594729048865,0.5854144011225016,-0.103490480354854,0.9999838471412659,0.4176738611289431,0.5859415888786313,-0.12180437168904706,0.9999905824661255,0.4191027215548922,0.6003526891980849,-0.00567933509924582,0.9999945759773254,0.4050504165036336,0.6289268050874979,-0.14689596848828446,0.9999959468841553,0.43811799713543464,0.565327841894967,0.04316193450774463,0.6909100413322449,0.4012576171330041,0.6817874431610105,-0.16289172385420111,0.9964116215705872,0.44728257911545866,0.5154865690640038,0.03652146905660627,0.8235567212104797,0.4276729677404674,0.6973716446331566,-0.18300082470689494,0.9881385564804077,0.4520515492984225,0.5033362533364975,0.0332248589822224,0.8135654330253601,0.4331914390836441,0.7094681075641084,-0.2032900686774934,0.9796872735023499,0.45069381594657876,0.5017028987407681,0.02022074381155626,0.8169088959693909,0.4344484371798377,0.7069707104137962,-0.20275258932794832,0.9760541915893555,0.4480043487889424,0.5065095450196945,0.03051307552627153,0.8076687455177307,0.43289894291332764,0.703026017120906,-0.1831171525376183,0.9361580014228821,0.4226578610283986,0.723148543494088,0.049405029735394866,0.9999904632568359,0.4131941948618205,0.7256413170269553,-0.049378129946334,0.9999925494194031,0.4426390869276862,0.7952753680092944,0.06968262429748259,0.7936593890190125,0.4163334872041428,0.8132611887795581,-0.05977895887834682,0.998407244682312,0.4365258821419305,0.8718690889222278,0.12421648502349847,0.9212468862533569,0.39516925300870603,0.8927337118557517,-0.042137505326952235,0.9970953464508057,0.4319636225700376,0.8872095840317858,0.12658754438161846,0.9214483499526978,0.38872076102665476,0.9063803911209103,-0.04167514517903326,0.9727024435997009,0.456983833653586,0.8855840376445221,0.08935012200048988,0.9327083230018616,0.4142734161445071,0.911144581862858,-0.09258725430284223,0.9921478033065796
14,0.4172945286546433,0.5785706775529041,-0.1280487511839185,0.9999873042106628,0.41355046033859233,0.5735264761107306,-0.1235557510384491,0.9999717473983765,0.4133593218667165,0.5735261218888417,-0.12363922393747734,0.9999709725379944,0.41321303844451884,0.5735237990106852,-0.12364786788821215,0.9999791383743286,0.41278143014226626,0.5741764971188135,-0.1403268979064055,0.9999906420707703,0.4119717385087692,0.5751903550965443,-0.14040122500487728,0.999993085861206,0.4110811829566954,0.5761943731989176,-0.14042380941765642,0.999993622303009,0.4100980911936077,0.5778851849692206,-0.08186600761754169,0.9999890327453613,0.40727544597216997,0.5833056398800438,-0.14129375708954667,0.9999876618385315,0.4185608369963507,0.5852846520287647,-0.11142333565013744,0.9999822974205017,0.41743944798197047,0.5863107885633194,-0.1346983181578772,0.9999896883964539,0.41908618211746196,0.5996922850608823,-0.009573728378329958,0.9999938607215881,0.40529311810220975,0.6282950571605135,-0.14691864166940954,0.9999950528144836,0.43340783374650116,0.5589793460709706,0.04375128777963772,0.6874604821205139,0.40064614074570776,0.6822436400822227,-0.1642733767628669,0.9952528476715088,0.4383055899824413,0.5053126241479599,0.0382949575781822,0.836369514465332,0.4275260823113576,0.6943572759628293,-0.1849898521389279,0.9850670099258423,0.44221002459526043,0.49259404114314465,0.034751029631921206,0.8279611468315125,0.4331279873847959,0.7050213149615693,-0.20542056688240587,0.9764188528060913,0.44112585868154236,0.4910012602806089,0.022645410735692283,0.8312976360321045,0.4340583775724681,0.7018284950937541,-0.20510631799697865,0.9729474186897278,0.4388799548149107,0.49612796562058564,0.032706965186766204,0.8217318654060364,0.4325792338166916,0.6985441633633203,-0.18508952047143654,0.9292153120040894,0.4247048948492321,0.722559228965214,0.04955710704837524,0.9999906420707703,0.4153754992144446,0.7253677487373349,-0.049526212790182635,0.9999924898147583,0.4458744066102162,0.7950622098786486,0.07508692379508697,0.8052764534950256,0.41931552886962875,0.8151569724082942,-0.06093289032578465,0.9983193874359131,0.4372136090482982,0.8708831174033025,0.1460308100496019,0.9261112809181213,0.3955852517059869,0.8926532455853049,-0.03328625628990785,0.9971485733985901,0.43215770465987047,0.8858434268406455,0.14904080459049762,0.9240405559539795,0.38878945623125327,0.9061358690261836,-0.03135430349835326,0.9720354676246643,0.457119560241699,0.8865769164902819,0.1126756078430584,0.9372696280479431,0.41466570241110645,0.9114589912550786,-0.0832324596387999,0.9924592971801758
15,0.416899765389306,0.5787843346595761,-0.0876380786299705,0.9999864101409912,0.4129297852516173,0.5739659990583145,-0.08332366251519743,0.9999713897705078,0.4127117182527268,0.5738740256854463,-0.08338314912148881,0.9999706149101257,0.4125570501599991,0.5737572789192197,-0.0834023780056408,0.9999786019325256,0.41234671984400045,0.5750946947506493,-0.10113705332790097,0.9999905228614807,0.41161532742636525,0.5766198090144563,-0.1011748149991035,0.9999930262565613,0.4108208698885779,0.5782804983002796,-0.10115911045244758,0.9999935030937195,0.40965346693992594,0.5791898914745872,-0.04604983936463081,0.9999889731407166,0.40710916093417554,0.586414609636579,-0.10170895137957159,0.9999876618385315,0.41842771172523474,0.5854635817664007,-0.07428427955933975,0.9999821186065674,0.4173934374536785,0.5865565691675456,-0.09919999859162734,0.9999895691871643,0.4190613865852354,0.6005358917372564,0.01664197208093745,0.9999938011169434,0.40536762050219927,0.6291603684425351,-0.11386412360838476,0.9999949932098389,0.42874965838023577,0.5554174951144625,0.06262153940541401,0.6952847242355347,0.4006598336356025,0.6830375262669152,-0.13300435117312834,0.994644045829773,0.4300744763442446,0.5002963032041274,0.059404703282884164,0.8495855927467346,0.4269087348665508,0.6916609048843381,-0.15515795733247476,0.9840472936630249,0.4327097850186482,0.4868707954883573,0.056435034849813985,0.8422718644142151,0.43269868748528595,0.7008079324449809,-0.1743619889020919,0.9756978154182434,0.43179855516978655,0.48532401749065923,0.04593645983508653,0.8453985452651978,0.4334162882396151,0.6963351266724719,-0.17433425613812026,0.9723262786865234,0.4303172716072625,0.49053320118359134,0.054402701982430024,0.8360589742660522,0.4320278738226207,0.6934571487562994,-0.15530188551970883,0.9286616444587708,0.426577488013676,0.7231154067175726,0.04969914917434963,0.9999912977218628,0.4171977630683352,0.7262487803186686,-0.049670773105961914,0.9999929070472717,0.4492067311491283,0.7946591138839718,0.07254875983510696,0.8215615749359131,0.4221209125859395,0.8175957271030968,-0.066886251100472,0.9984080791473389,0.43807879260608107,0.8700655988284515,0.1460699226175035,0.9322623014450073,0.39593250410897374,0.8925815480095995,-0.040774974439825314,0.9973310828208923,0.43220639399119765,0.8848703759057177,0.1493701217429978,0.9294543862342834,0.38881582106862733,0.9057651042938227,-0.038849524089268256,0.9732388854026794,0.4573625802993772,0.8871690630912776,0.11456325586353025,0.942625105381012,0.41480437942913584,0.9114189743995662,-0.08942476511001582,0.9930036664009094
16,0.4169292390346525,0.5790125148636951,-0.06452217836465152,0.9999852180480957,0.41264796938214965,0.5749979189464021,-0.058791757055691285,0.9999703764915466,0.4123840689659117,0.5749344961983813,-0.058875630157334435,0.9999697208404541,0.41217201863016384,0.574825835227966,-0.058888667715447256,0.9999775886535645,0.41235606414931136,0.5766976663044519,-0.07523888030222481,0.9999901056289673,0.41180880069732645,0.5783685207366941,-0.07530366969960073,0.9999927878379822,0.41121426054409554,0.5800730058125084,-0.0753085011882441,0.9999931454658508,0.4093809161867412,0.5823306764875137,-0.021238537026303145,0.9999887943267822,0.40786911930356684,0.5891181622232706,-0.0734071884836469,0.9999872446060181,0.41859058822904294,0.5855261121477398,-0.051114370673894856,0.9999814629554749,0.4178488578115189,0.586920949390956,-0.07415385927472792,0.9999890327453613,0.4190599364893775,0.6013731837272642,0.029288174957036957,0.999993622303009,0.40555262735911757,0.6321486881801057,-0.09556539463145387,0.999994695186615,0.4247879002775463,0.5535210268838062,0.06400604758943827,0.7121075987815857,0.4005933071885789,0.6842624919755115,-0.12285449526139662,0.9943119287490845,0.4229418328830172,0.49916376726967926,0.05783694971884998,0.8627418279647827,0.4253902256488798,0.6896591561181201,-0.15654832720756523,0.9840419888496399,0.4243689954280851,0.48455357892172657,0.05361242093411937,0.8561056852340698,0.4315061730997901,0.6970378228596276,-0.17673732851232793,0.9762435555458069,0.4236576701913559,0.4831100191388809,0.044451294513419254,0.8589622974395752,0.43237429516656034,0.6910999332155496,-0.17596343798296782,0.9730607867240906,0.4227558084896631,0.4885086766311098,0.053205182988728776,0.8501256108283997,0.4309312471321649,0.6884271604674199,-0.15671192279883786,0.9313178658485413,0.42943161129951457,0.7256693771907259,0.049492966596569314,0.9999916553497314,0.41936344163758393,0.7297256180218284,-0.049471990125519866,0.9999930262565613,0.45261338268007534,0.7945421116692675,0.06893297093255177,0.8374851942062378,0.4238740095070428,0.8204077618462695,-0.06957633080227033,0.9985002875328064,0.4389778077602385,0.8698013084275378,0.13754482397011342,0.9379266500473022,0.39641759395599346,0.8924067446163717,-0.04898837969771451,0.9974870681762695,0.43255045924867885,0.8841315422739298,0.14112275924001416,0.9347724914550781,0.3891848291669571,0.9051991803305486,-0.047250718463744415,0.9744141697883606,0.45767124295234657,0.8875931262969967,0.10748732537031169,0.9474759101867676,0.4148530525820594,0.9114540202277044,-0.0970682689121791,0.9934719800949097
17,0.41675389323915735,0.5796914083617071,-0.0563282666461808,0.9999810457229614,0.4122052797249383,0.5769512108394075,-0.04791036131126537,0.9999650716781616,0.4119040931974136,0.5771186862673076,-0.0480581570948873,0.9999648332595825,0.4116300540310994,0.5772375089781623,-0.04804725242512564,0.9999732971191406,0.4120787050042831,0.5786893980843677,-0.06063373599733622,0.9999878406524658,0.41163375207356023,0.580469306877681,-0.060787822519029866,0.9999911785125732,0.41112438355173364,0.5823342510632104,-0.06087536173207417,0.9999914765357971,0.40903795361518847,0.5863168103354315,-0.007321997838360916,0.9999871850013733,0.4082215539046694,0.5918675439698353,-0.06331086414200916,0.9999844431877136,0.4186843863555362,0.5859504938125608,-0.03980515258652821,0.9999786615371704,0.4181028808866226,0.587591447149004,-0.057428938363279586,0.9999868273735046,0.4194124604974472,0.6021901249885556,0.028108191915920788,0.9999933242797852,0.40613828471728713,0.6355244670595439,-0.09130684265068595,0.9999933242797852,0.421777124915804,0.552728428159441,0.052081303511347064,0.7323873043060303,0.40035396473748325,0.6865118946347915,-0.13339661955833426,0.993051290512085,0.41709784950528805,0.4987819773810248,0.03604967104537145,0.8746424317359924,0.42221247724124344,0.6883268100874761,-0.18576756034578587,0.9820524454116821,0.41704975196293403,0.483416746343885,0.028970393165945994,0.8683320879936218,0.4286439469882418,0.693993178435734,-0.20882824531623284,0.974443793296814,0.4160897289003643,0.48224048699651423,0.021580765901931687,0.8709291219711304,0.4297762223652429,0.6866629174777437,-0.20634175368717728,0.971244215965271,0.41568618672234653,0.48789739012718175,0.03182942002479518,0.8624882698059082,0.4282433858939577,0.6842936566897798,-0.1859907822949545,0.928608775138855,0.4335120490619112,0.7305443644523617,0.04878247614417755,0.9999918937683105,0.42216968366077945,0.7354366455759317,-0.048775928361075235,0.9999929070472717,0.45652027896472364,0.7943910837173459,0.06870882000241958,0.8525630235671997,0.4252359075205665,0.822685725348336,-0.0698453537055424,0.9985468983650208,0.4398649002824509,0.8694778101784838,0.13533873813492905,0.9432705640792847,0.39709129333496074,0.892011039597647,-0.042519145565373534,0.9975691437721252,0.4332200373922073,0.882870963641575,0.14035500075135907,0.9395260810852051,0.38953667283058147,0.9043540477752682,-0.03952798832740101,0.9743272066116333,0.4580415248870847,0.8877879517418994,0.10432829175676614,0.9518958330154419,0.4149938762187956,0.9112726671355107,-0.09081310246671945,0.9937398433685303
18,0.41659582257270794,0.5825908899307248,-0.06259704051273207,0.9999626278877258,0.41179492473602275,0.5805335640907285,-0.053240481444767514,0.9999356865882874,0.41152495316096693,0.5808659025600975,-0.053401663899421664,0.9999358057975769,0.41125918882233736,0.5811659557478766,-0.05339466237596101,0.9999498724937439,0.41166630302156704,0.5825959818703785,-0.06583575819219858,0.9999759197235107,0.4112740967954906,0.5845774531364438,-0.06599321024758473,0.9999828338623047,0.4108066056455883,0.5866305232048032,-0.0660862329815115,0.9999836087226868,0.40899615628378716,0.5904040387698579,-0.011128849057214596,0.999976396560669,0.4081394374370573,0.5962084361485069,-0.06794199688093999,0.9999691247940063,0.41879668746675747,0.5882632238524298,-0.04504895582795141,0.9999614953994751,0.4182483400617325,0.5906914217131476,-0.06254704637186864,0.9999738335609436,0.4201689813818248,0.6038914697510853,0.02218334672174282,0.9999920129776001,0.40689776965549995,0.6399216294288632,-0.09403302265065053,0.9999896287918091,0.41970843757901855,0.5530654992376053,0.04218302065772667,0.7506797313690186,0.40019379598753774,0.6909394996506824,-0.1502480181200163,0.9910515546798706,0.4119752858366283,0.5003073624202181,0.014373661630919993,0.8846220970153809,0.4190817875521522,0.68783072744097,-0.2207528965813772,0.980012059211731,0.41109898345811,0.48461220434733776,0.0049310101595308065,0.8782893419265747,0.42508053694452536,0.6921106491770059,-0.24663972514016277,0.9725605845451355,0.40958881378173806,0.4839485849652969,-0.001112521473052247,0.8806147575378418,0.426672691958291,0.6836103115762979,-0.243457765664373,0.9693419933319092,0.4092471608093805,0.48976594294820486,0.010500833924327572,0.8723931908607483,0.425247720309666,0.6819319384438648,-0.22130058918680454,0.9260644316673279,0.4381935519831519,0.7355058108057291,0.04806016651647429,0.9999915957450867,0.42564923167228674,0.7407746587480815,-0.048075129836797695,0.9999920725822449,0.45928789292063005,0.7952846561159402,0.06823172526700153,0.8653955459594727,0.42755344169480436,0.8242220265524723,-0.0737395271658897,0.9984846115112305,0.44030489921569804,0.869297019072941,0.13264450814042766,0.947689950466156,0.39797085779053804,0.8915550657681052,-0.038430148575987116,0.9974312782287598,0.4336001907076152,0.8821808116776598,0.13704995087214872,0.9432511329650879,0.38982068981443113,0.9029147114072523,-0.03430322437946284,0.9723835587501526,0.4580715656280515,0.8877978869846885,0.09806897278342923,0.9553826451301575,0.4150973379611967,0.9113751564707071,-0.08755472845264839,0.9935172200202942
19,0.41641608221190296,0.5866042596953254,-0.06704125446932653,0.9999325275421143,0.41148337040628685,0.584996552126748,-0.05714608143482887,0.9998869299888611,0.41125314831733684,0.5852978774479454,-0.05731026466403686,0.9998870491981506,0.41103450996535146,0.585590234824589,-0.05730157962867189,0.9999098181724548,0.41128378169877167,0.5874587484768456,-0.07007541081735062,0.9999563694000244,0.41086957369531885,0.589474717208317,-0.07024204624550681,0.9999693036079407,0.41039747936384996,0.5916020853178839,-0.07034497878381181,0.9999707937240601,0.4090439157826558,0.5936962195805138,-0.014249718668205392,0.9999564290046692,0.40778899959155473,0.6007206525121414,-0.07721991943461551,0.9999440312385559,0.4188846196447098,0.5917906114033287,-0.04874093766723358,0.9999345541000366,0.4183051168918608,0.5947560310363766,-0.06663572192192074,0.9999532103538513,0.42101773023605327,0.6066109844616479,0.02104151440518242,0.9999901056289673,0.40796413251331853,0.6445882371493745,-0.09862240936074934,0.9999837279319763,0.4183034573282512,0.5547879014696391,0.03700911328196524,0.7675970196723938,0.3997111950601849,0.6966628755841933,-0.16615594072001313,0.9894733428955078,0.407237444605146,0.5033448168209619,0.004943970697266712,0.8940221071243286,0.4176263902868541,0.6881465469087871,-0.24606645873614708,0.9787874817848206,0.40565428052629726,0.48709694061960473,-0.005089910541261944,0.8877482414245605,0.42326439278466343,0.692035433224269,-0.27390007504395064,0.9713063836097717,0.40368359940392606,0.48708613770348663,-0.0109664913000805,0.8898847103118896,0.4252008727618624,0.6825812050274437,-0.2702739289828708,0.9681859612464905,0.4034947446414401,0.4935216188430784,0.0010376637269343637,0.8819032311439514,0.4238823269094738,0.6813889810017174,-0.2466915237052099,0.9249172210693359,0.4421340133462631,0.7388560397284367,0.04798630177974699,0.9999903440475464,0.42885138051850435,0.7443950584956575,-0.0480162441730499,0.9999896883964539,0.4614525556564329,0.7970261199133734,0.06810146506343566,0.8767616748809814,0.4306686520576475,0.8253812279020033,-0.07635290643998552,0.9983200430870056,0.4407429456710813,0.8693493621689928,0.12777784232582357,0.9514971375465393,0.39898513725825696,0.8906177129064283,-0.03211019683097088,0.9970405697822571,0.43378697974341235,0.8824309655598228,0.13190795076744893,0.9460511207580566,0.39090073619570037,0.901092285769326,-0.028063623234629617,0.9684171080589294,0.4583511573927741,0.8875518287931166,0.08829847297498153,0.9582530856132507,0.41545427867344425,0.9106235759598864,-0.07885776800768712,0.9928203225135803
20,0.41633938380650093,0.5911559752055573,-0.07912238825644761,0.9999117255210876,0.41133115376744933,0.5895543507167269,-0.069539750367403,0.9998573064804077,0.41115637336458455,0.5896134683064049,-0.06970099710992401,0.9998584389686584,0.4110019734927584,0.5897030932562689,-0.06968951459441863,0.9998853802680969,0.4110050337655201,0.5926852686064581,-0.0828854351171425,0.999943733215332,0.4105649880000521,0.5949822136334009,-0.08305387816258836,0.9999606609344482,0.41006705164909346,0.5973816922732759,-0.08315946896161348,0.999962568283081,0.4092077119009834,0.5966504914419989,-0.02537478059530257,0.9999456405639648,0.40751612527029835,0.6059085437229699,-0.09000257977417533,0.9999294281005859,0.4189287645476203,0.5958034617560248,-0.06031431598322729,0.9999182820320129,0.41837241734777164,0.5998179095132008,-0.0787379722510065,0.9999403357505798,0.4219269573688505,0.6088137711797439,0.016056277416646475,0.9999886155128479,0.40909946901457633,0.6501738769667487,-0.10770443294729501,0.9999779462814331,0.41691921864237086,0.5567671179771421,0.028009399984564087,0.7832770943641663,0.3989761412143705,0.7023829613413126,-0.1775089170251573,0.9879787564277649,0.40279564176286947,0.5068464270659854,-0.007101330427186826,0.9018005132675171,0.41752743635858786,0.688538699490683,-0.2588222729308263,0.9761790037155151,0.4002477679933818,0.4909324628966193,-0.01781171558957014,0.8955069780349731,0.4233733006886071,0.6915868622916082,-0.2873113879135676,0.968235433101654,0.39811323625700795,0.4914639796529495,-0.024008991150185455,0.897464394569397,0.425504638467516,0.6816167763301302,-0.28310466153281066,0.9649456739425659,0.39838261263711094,0.49830441730363007,-0.011149646980421878,0.8895630836486816,0.4240610727242059,0.6809416975293837,-0.25922353182520175,0.9199080467224121,0.44525668876511687,0.7405007549694602,0.047815949576241606,0.9999890327453613,0.4316638282367159,0.74657415492194,-0.047857031758342446,0.9999871850013733,0.4633915364742277,0.7994934456689013,0.06130076742597986,0.8875777125358582,0.43343513437679815,0.8261731556483674,-0.07612945096833362,0.998201847076416,0.4413760909012384,0.8691930532455441,0.12094777928931366,0.9550065398216248,0.4001375121729712,0.8889222128050664,-0.023230565073234684,0.9966398477554321,0.43454589418002515,0.8824220129421775,0.1252675307648522,0.9484053254127502,0.3923873799187795,0.8982759237289424,-0.01563405338674783,0.9643984436988831,0.45899512086595784,0.8875995073999674,0.08040773655687056,0.9607816934585571,0.4158853539398737,0.9092823760850084,-0.06570444160274094,0.9919806122779846
21,0.41646301320620926,0.5942033835819787,-0.08389080081667215,0.9999015927314758,0.41152358906609654,0.5926622271537778,-0.07459728994539802,0.9998444318771362,0.41134829776627657,0.5925316231591358,-0.07474642417260574,0.9998469948768616,0.4111985947404587,0.592455961023058,-0.07473436061825067,0.9998751878738403,0.4110926585538045,0.5960972564561025,-0.08846163494246342,0.9999372959136963,0.4106062974248612,0.5988051721027916,-0.08862170385462893,0.9999562501907349,0.4100607906069072,0.6016154646873471,-0.08871532231569286,0.9999578595161438,0.4092860553945812,0.5990357841764175,-0.029204499561871787,0.9999417066574097,0.40759986979620777,0.6098066960062296,-0.09492904607738764,0.9999213814735413,0.41908888561385005,0.5986562013626096,-0.06509201164756499,0.9999110698699951,0.418509610210146,0.6035221321242192,-0.08416169732809062,0.9999333620071411,0.4232458608491078,0.6111545171056472,0.013655425927468701,0.9999877214431763,0.4105264902114867,0.6538664851869852,-0.10886848952089032,0.9999725222587585,0.41575590457235045,0.5584899697984965,0.022764570212789933,0.8005177974700928,0.398651679924556,0.7062738077981128,-0.17670279443263998,0.9870911240577698,0.39921387519155216,0.5091493231909614,-0.016113992940102295,0.9101034998893738,0.4160605915955133,0.6891435946737015,-0.2555941173008509,0.9743561148643494,0.3954040825366972,0.49530975052288573,-0.02751932553946971,0.9039442539215088,0.42210316147123045,0.6914206964629034,-0.2833841707025254,0.9661111831665039,0.3931639773505073,0.4958344459533689,-0.03345511161855287,0.9057101607322693,0.42437923550605755,0.6817084227289469,-0.27867615393229883,0.9627118706703186,0.3940873520714894,0.5022666794913153,-0.02013010076646293,0.8981012105941772,0.42259904742240884,0.681444019930703,-0.25575909146240766,0.9173972606658936,0.4483499254499161,0.7416382176535468,0.047350039758852526,0.9999880790710449,0.4346790543624331,0.7482414518083842,-0.047403067350387545,0.9999851584434509,0.4658813587256838,0.8016010080065041,0.04161095278603688,0.8981682062149048,0.4356586822441644,0.8265862481934679,-0.07815437508480885,0.99825519323349,0.4420552219663345,0.867638722487858,0.10775385264839439,0.9586356282234192,0.40164996981620765,0.8862202780587328,-0.021003740759832506,0.9966288805007935,0.4353294909000395,0.8803389413016178,0.11286096168415882,0.951667308807373,0.3936481782368249,0.8947214245796199,-0.011118222932730397,0.964199423789978,0.4584752099854603,0.88780231986727,0.07073737404176164,0.9636660814285278,0.41612097365515555,0.9081406184605185,-0.060316531998770545,0.9920194149017334
22,0.41640095625604884,0.595984317575182,-0.08295185693672721,0.9999067187309265,0.41163728833198526,0.5945555584771289,-0.07311142023120604,0.9998541474342346,0.4114582751478466,0.5943780268941604,-0.07326111452920092,0.9998569488525391,0.41129128762653877,0.5942516837801249,-0.07324854859283988,0.9998830556869507,0.4111509416784557,0.5980720758438107,-0.0866181286317961,0.999940812587738,0.4106520508016857,0.6010462232998437,-0.08677994034120011,0.9999586939811707,0.4100900181702203,0.6041022334780008,-0.0868692930255617,0.9999600052833557,0.40928656884602116,0.6011315260614665,-0.026508489038263035,0.9999458193778992,0.40756031615393484,0.612137881347111,-0.09097727750028879,0.9999257922172546,0.41932593924658623,0.6006437982831679,-0.06369085205452779,0.9999168515205383,0.4185844600200651,0.6057277968951631,-0.08231096225125445,0.9999372363090515,0.42539400798933824,0.6132307853017531,0.01462362938826637,0.9999881386756897,0.4116842806339262,0.6575001767703461,-0.10380241700581137,0.9999702572822571,0.41492191467966333,0.5596797244889393,0.01975366443927798,0.8176777958869934,0.3985403188637323,0.7089948092188151,-0.17426775438444947,0.9865573644638062,0.3968700434480393,0.5116727522441317,-0.021202494257262765,0.9180135130882263,0.4128363370895384,0.6899280479976106,-0.2560366068567547,0.971764862537384,0.39204453400203143,0.5000624060630796,-0.03292756346719604,0.9120571613311768,0.4177476091044288,0.6909991094044274,-0.2837194093636103,0.9627604484558105,0.38991179977144497,0.5001521808760504,-0.03855008158300602,0.9136373400688171,0.42102903127670266,0.681785874707358,-0.2784884188856396,0.9589662551879883,0.3913592500346046,0.5057561150618959,-0.025119492677705618,0.9064266085624695,0.4194567978382109,0.6821841001510617,-0.2561519895281109,0.9128553867340088,0.45118312835693336,0.7420030321393691,0.04673619334186824,0.999988317489624,0.43793169260025006,0.7488510591643193,-0.04679869998778614,0.9999849200248718,0.4686296326773505,0.8032168337276999,0.02635927775076456,0.9081881642341614,0.43821506244795644,0.8277582577296662,-0.08134412765502926,0.9983829259872437,0.44220558575221447,0.8649928058896741,0.09620829927069796,0.9623126983642578,0.403342510972704,0.8828966430255341,-0.026463135252041463,0.9967936277389526,0.4354557701519555,0.8761227863175524,0.10123585462570187,0.9552755951881409,0.39394721048218845,0.890655718530927,-0.01755872211818183,0.9656925201416016,0.4566091528960634,0.8878172789301186,0.06297932969672336,0.9667248129844666,0.4159246563911436,0.9074211478233334,-0.0666074885853699,0.9924102425575256
23,0.4171175556523457,0.5967524903161182,-0.0953507468104362,0.9999072551727295,0.4123807294028144,0.5956528919083729,-0.0852317414113453,0.9998579621315002,0.4122184608663829,0.5956094316073823,-0.08538816209350308,0.9998612403869629,0.4120629251003263,0.595587599277496,-0.0853733326707567,0.9998863339424133,0.41183630398341564,0.5990028824125014,-0.09880535283258979,0.9999415278434753,0.41130895955221974,0.601830504621778,-0.09897145841802865,0.9999590516090393,0.4107378125190733,0.6046990718160354,-0.099065950512886,0.9999600648880005,0.41031713059970293,0.6028665474482942,-0.03510762245527334,0.9999479055404663,0.4082723081111906,0.6125555651528491,-0.09834248040403634,0.9999260306358337,0.4204935797623224,0.6019994309970308,-0.0749194379363741,0.9999188780784607,0.4194406211376188,0.6065085155623298,-0.09367102618728361,0.9999376535415649,0.42803055984633287,0.6152762804712565,0.007175067261726193,0.9999882578849792,0.4129000425338743,0.6604636294501165,-0.10976942990507393,0.9999665021896362,0.41489845514297463,0.5608589019094192,0.011476207817239415,0.8316353559494019,0.3984088012150354,0.7103294764246256,-0.18728101679256975,0.9847025871276855,0.39569396717207755,0.5141300371714999,-0.030580436864069513,0.9242309927940369,0.4097413778305052,0.6899746537208554,-0.2762153472219193,0.9654269218444824,0.3906397564070564,0.5037913492747713,-0.0426300136638539,0.9182255268096924,0.4130914883954182,0.688229862281254,-0.3056052684783934,0.9549911022186279,0.3886720997946601,0.5036705510956898,-0.04856875166296957,0.9196605086326599,0.41727257881845725,0.678766320432935,-0.29970777545656463,0.9504868984222412,0.39025728447096675,0.5088898846081322,-0.03462465597050529,0.9125263094902039,0.41638118624687176,0.6803544572421479,-0.27636694567544107,0.9007669687271118,0.4533544089112961,0.7416412608964098,0.04651513482843124,0.999988317489624,0.44110564334051927,0.7490457313401355,-0.04657459844435962,0.9999843239784241,0.4715450959546223,0.80420103924615,0.03225373221295219,0.9169700741767883,0.4407995879650114,0.8296567440032955,-0.08040001264640259,0.9984586834907532,0.44224488224302,0.862461629935673,0.10725772104093002,0.9653964638710022,0.40496458751814685,0.879517771516527,-0.02143694024000848,0.9968416094779968,0.43552451218877497,0.8718385662351331,0.11261391788721078,0.9580241441726685,0.39453306198120097,0.8874993239130289,-0.01568078409348215,0.9663441181182861,0.4550640736307414,0.8875450508935107,0.07270174069064,0.969232976436615,0.41602667059217163,0.9066135185105455,-0.062428192794322934,0.9925752878189087
24,0.41798989602497627,0.5967452781541005,-0.1060119931186948,0.9998984932899475,0.41303237165723505,0.5965416754995071,-0.09639696010521476,0.9998506903648376,0.4129316329956053,0.5967607889856608,-0.09655988855021336,0.9998545050621033,0.41283996190343564,0.5969556025096345,-0.09654445179871146,0.9998806118965149,0.41240748677934896,0.5995494825499396,-0.11007149943283621,0.9999367594718933,0.41186399034091387,0.6022430777549741,-0.11024076747042788,0.9999552965164185,0.4112910696438378,0.6048734477588106,-0.11034420984131944,0.9999558925628662,0.4116680988243646,0.6043489371027262,-0.045333477162889046,0.9999458193778992,0.4092753095286231,0.6125245758465355,-0.10774145211492261,0.9999182820320129,0.4218346927847179,0.6028031434331618,-0.08519902271883825,0.9999143481254578,0.4205767852919441,0.6068694881030489,-0.10410648499216348,0.9999321103096008,0.430173576729638,0.6163356917245044,0.0003349345310458109,0.9999878406524658,0.4141189941338128,0.6622601389884946,-0.11938609012535635,0.999959409236908,0.4154350314821514,0.5621022820472714,0.0039359794397439245,0.841273307800293,0.3981116763183047,0.7111810786383489,-0.20007685124874106,0.9822092652320862,0.39637709685734324,0.5159466283661976,-0.03934487508875981,0.9290750622749329,0.408775393451963,0.6884105120386392,-0.29524092589105866,0.9587781429290771,0.39076995338712406,0.5061216933386664,-0.05164745130709237,0.9231181144714355,0.41137840151786786,0.6823244571685787,-0.32636783889361776,0.9467719197273254,0.3887409831796372,0.5060257332665578,-0.058049955325467216,0.9244824647903442,0.41571889434541953,0.6722851429666789,-0.3200126085962567,0.9419198632240295,0.39060051696641085,0.5111600007329666,-0.04372563936880655,0.9170749187469482,0.4151885671275001,0.6755984391484938,-0.2954358628817966,0.8881853222846985,0.4550201066902704,0.7409684079033985,0.04674774557352064,0.9999872446060181,0.44387564914567107,0.7487181050436833,-0.04679620521409169,0.9999819993972778,0.47402022140366673,0.8045934864452904,0.05589114640440258,0.9241137504577637,0.44407705324036717,0.8306812678064615,-0.07702692661966593,0.9984352588653564,0.4423032454081942,0.8614070568765908,0.12897363390241345,0.9674833416938782,0.40592379655156796,0.8771901573453627,-0.014631255849131507,0.9966279864311218,0.4358912348747251,0.8694084048271176,0.1338142539773668,0.9592670798301697,0.39486610548836826,0.8840759839330397,-0.008576191908546853,0.9653732180595398,0.45482608165059746,0.8872006705829071,0.09309392422437664,0.9707314372062683,0.41616585084370183,0.9054364272526328,-0.05507666330252372,0.9922696352005005
25,0.419200334378651,0.6013110007558546,-0.11321540709052762,0.9998510479927063,0.4140269858496528,0.5997859665325707,-0.10404133668967652,0.9997937679290771,0.4140202709606714,0.5994595936366487,-0.10420537697417391,0.9997997283935547,0.41405107975006084,0.5992023382868084,-0.10419233760663436,0.9998382925987244,0.4130100207669392,0.603523002352033,-0.11643566276345929,0.9999061226844788,0.4122807800769804,0.6059597849845884,-0.11660886194024761,0.9999317526817322,0.4115481555461882,0.608307748181479,-0.11672175739492684,0.9999319911003113,0.4134295097419192,0.6053369777543202,-0.05201403205948214,0.9999278783798218,0.4099284929888587,0.6145342843873157,-0.11073665320873255,0.9998738765716553,0.4230999120644159,0.6061617766107829,-0.09171773120760914,0.9998841285705566,0.4216115943023135,0.6113697528839108,-0.1090086162090301,0.9999004006385803,0.43056920596531434,0.6153382522719244,-0.0021609176332796263,0.9999867677688599,0.4147792586258478,0.6625867400850566,-0.11764755674770894,0.9999476075172424,0.4166885333401814,0.5616979445729935,0.009376423513250687,0.8463790416717529,0.3977631483759197,0.7116514512470786,-0.2005091863019125,0.9782874584197998,0.39798877664974736,0.5151403869901382,-0.03658704619322503,0.9320512413978577,0.4089051791599817,0.6863557951790943,-0.29283710462706414,0.9490596055984497,0.39250089951923894,0.5064602911472318,-0.04887184426188467,0.9262487888336182,0.41181034871510075,0.6773109895842413,-0.3233847447804041,0.9353551864624023,0.3904373364789144,0.5064638350691112,-0.0548429798867021,0.927615225315094,0.41515779750687715,0.667232503209795,-0.3174780505044118,0.9299439191818237,0.3923783336366924,0.5110666104725426,-0.039938549590962255,0.9195675253868103,0.414534613064357,0.6715275457927156,-0.29309934037072305,0.870513379573822,0.4561057226998463,0.7406765171459739,0.046212354834590616,0.9999849200248718,0.4463547434125626,0.7488291859626767,-0.04627720479454311,0.9999774098396301,0.47473380054746334,0.8049772637231005,0.0626987539231777,0.9277915954589844,0.44768164413315886,0.8308310968535283,-0.08073410668543404,0.9981809258460999,0.4424323788711001,0.8611477392060413,0.13450913088662278,0.9675617814064026,0.40689482774053287,0.8751534019197733,-0.01752742300076143,0.995759904384613,0.4362571878092627,0.8687388488224571,0.13931432408945896,0.9582526087760925,0.3958268225193021,0.8802533183779031,-0.01101812619183744,0.9618646502494812,0.4550253263541628,0.8869783503668645,0.09977693068129671,0.9701332449913025,0.41682105745588016,0.9031413401876173,-0.05124615239245548,0.9907348155975342
26,0.4208194477217536,0.6028839656284875,-0.1002961654748235,0.999765932559967,0.4155929046017781,0.6022834147725784,-0.09125379920005794,0.9996902346611023,0.4155444783823829,0.6021343129021778,-0.09141554257699418,0.9996951222419739,0.41553798913955664,0.601951057570321,-0.09141089256320675,0.9997618198394775,0.4145010479858941,0.6055163145065305,-0.10307208193199971,0.9998455047607422,0.41373486859457814,0.6074969632284979,-0.10324179955891194,0.9998821020126343,0.412995340994426,0.6094908697264532,-0.10335484040634968,0.9998800158500671,0.4148976419653209,0.6059625676700044,-0.04165975101225609,0.9998859763145447,0.4116345661027089,0.6154347334589274,-0.09872995295694892,0.9997619986534119,0.4243298598698205,0.6064913102558678,-0.07990637496113774,0.9998290538787842,0.4229425285543712,0.611377930641174,-0.09644113598125317,0.9998388290405273,0.43026395440101606,0.6139257226671488,0.004922125528433491,0.9999849796295166,0.41642124823161514,0.6613618322781151,-0.10604383817740845,0.999927818775177,0.4196580903870717,0.5599807722227912,0.018775085333202556,0.8531274795532227,0.39912104862076875,0.7093912856919422,-0.1946692977632794,0.9743090271949768,0.4031453558376855,0.5125438860484529,-0.028709384905440453,0.9378030300140381,0.4097439731870377,0.6824702041489734,-0.2855293606008801,0.9451454877853394,0.39821521384375413,0.5046657460076466,-0.04052771534770726,0.9323906898498535,0.41246904730796796,0.6743341003145487,-0.31544190049171433,0.9301118850708008,0.39610802275793877,0.5046475248677388,-0.04691818592005541,0.9336685538291931,0.41473014099257316,0.6648226993424549,-0.310210609436035,0.9251452088356018,0.3978932031563348,0.5085858489785873,-0.03177902022642748,0.9258826375007629,0.4142150981085639,0.6690007073538641,-0.28608573930604103,0.8641436696052551,0.45660415121487186,0.7396414109638755,0.045244061095373954,0.9999778866767883,0.44831609981400605,0.7482866253171645,-0.045325052738189674,0.999963104724884,0.4741554898875098,0.8041896172932212,0.06031926284943305,0.9319385886192322,0.45181247506822836,0.8291114142962861,-0.08849486921514779,0.9978553056716919,0.44264805657523,0.8614541394369939,0.12248098850250239,0.9679211378097534,0.41008408325059054,0.8725400515965048,-0.029864270852080398,0.9944706559181213,0.43664548482213683,0.8692357352801727,0.12630095439297806,0.9581173062324524,0.3984826104981557,0.8753619875226698,-0.023576898500323285,0.9578317999839783,0.455762674127306,0.8870131152016772,0.09001833051443095,0.9697069525718689,0.41755182657922996,0.9004981313432961,-0.056552193739584485,0.9887312650680542
27,0.4224107299532207,0.5993224876267567,-0.07796109552894316,0.9997468590736389,0.41732194934572475,0.600271722248622,-0.06833216249942776,0.9996691942214966,0.41723839810916336,0.6006106768335612,-0.06848801975803712,0.99967360496521,0.4172033974102563,0.6007715088980536,-0.06848733691232542,0.9997490048408508,0.4163043737411497,0.6024178283555164,-0.07982957831450867,0.9998345375061035,0.41560013719967415,0.6039618900844026,-0.07998991981148716,0.9998722076416016,0.4149445772171018,0.6056002787181306,-0.08009033767240384,0.9998700618743896,0.4164111171449932,0.6045536620276312,-0.02175067073798604,0.9998802542686462,0.4137375593185423,0.6131788594382147,-0.07649202868342396,0.9997376203536987,0.4254511024270737,0.602719392095293,-0.05936364621988362,0.9998259544372559,0.42425735081945126,0.6063435213906422,-0.07539006886737684,0.9998323321342468,0.4314532756805418,0.6123897228922159,0.018705662135367406,0.9999852180480957,0.4182368653161183,0.6585620607648575,-0.0877135370458875,0.9999231100082397,0.4250954551356177,0.5574274148259841,0.030562236665615,0.8604711890220642,0.4018288918903894,0.7040419425283155,-0.17575203010014118,0.9700803756713867,0.4139369453702652,0.5075573325157163,-0.018937963460172923,0.9424784183502197,0.40922775013106194,0.6766380275998793,-0.26791946462222493,0.9409694671630859,0.4105044390474045,0.4984083993094306,-0.029642079770565027,0.9375190734863281,0.4111771915640148,0.6688847695078166,-0.29649612562996985,0.9271178245544434,0.40861016426767605,0.49768068790435765,-0.03776247538626193,0.9388020634651184,0.4125012287071771,0.6613478745732986,-0.29263479113578783,0.9222078323364258,0.4096402508871894,0.5016990380627766,-0.022884794324636453,0.9313216209411621,0.41243033153670156,0.6651435409273417,-0.26925993476595184,0.8607290387153625,0.45732878702027435,0.7358014004571094,0.04379995710083415,0.9999777674674988,0.44998341543333853,0.7435604487146646,-0.043886675047022934,0.999961256980896,0.4732249915599821,0.8029526795659743,0.04521881139704157,0.9358339905738831,0.45574914727892174,0.8236011692455834,-0.09885277492659428,0.9977455735206604,0.44285356657845615,0.8611096007483343,0.09547599000590185,0.969487190246582,0.416945993048804,0.8680260913712633,-0.0527563832168068,0.9944333434104919,0.4365429222583769,0.869551929405757,0.09807981337819775,0.9595540165901184,0.4050476891653877,0.8702021564756117,-0.047706972647990474,0.959125816822052,0.4569438806601931,0.8871776751109528,0.06360928682344298,0.9707362651824951,0.419012243407113,0.8988109554563245,-0.07806580002818786,0.9887048602104187
28,0.42270429304667867,0.5885597280093599,-0.04936968875782828,0.999754786491394,0.4175320633820123,0.5919660414968215,-0.03985639411423886,0.9996815919876099,0.4173537373542784,0.5930205941200254,-0.040011622969593305,0.9996855854988098,0.4172186613082884,0.5938390033585681,-0.04001566528209616,0.9997608065605164,0.41691011275563905,0.5923695359911235,-0.05203669071197507,0.9998394846916199,0.41641248123986363,0.5935011829648696,-0.052189307340553805,0.999875009059906,0.4159542441368101,0.5947194201605658,-0.05228109327810149,0.9998729825019836,0.41644554138183576,0.6004956620080127,0.0003755743781636879,0.9998846650123596,0.4150690725871493,0.6053251777376445,-0.05495363761271747,0.9997363686561584,0.42575690831456847,0.5931649054799758,-0.033804039391023756,0.9998352527618408,0.42474279744284477,0.5944806933403013,-0.050561227223702813,0.9998385906219482,0.43367648976189727,0.6072790043694629,0.03627666821703313,0.9999861121177673,0.42050069570541365,0.6503815957478112,-0.07696058281830376,0.9999250173568726,0.4327582836151121,0.5521955796650475,0.054563117612685445,0.8687494993209839,0.4058602009500774,0.6979615892682753,-0.16269195079803458,0.9675803780555725,0.4291123994759149,0.5013530067035128,0.02579226461904388,0.9476202130317688,0.40712235059056945,0.6611872826303752,-0.26849749514034804,0.9428910613059998,0.42788864118712266,0.490098588807242,0.021352222748100738,0.9429789185523987,0.4071165076323916,0.6514840364456174,-0.2972014044012341,0.9300036430358887,0.4261779768126349,0.48900783147130666,0.009766492713242758,0.9442216157913208,0.407198643684387,0.6467720423425944,-0.2929172541413987,0.9254295825958252,0.4263116163866859,0.49363728165626497,0.020196169987320885,0.9372982978820801,0.40788857681410634,0.6503308040755132,-0.2702691827501568,0.8669382333755493,0.4581662322793686,0.7274105463709146,0.04293842943651333,0.9999756217002869,0.452860139097486,0.7363047071865624,-0.04302326834627558,0.9999550580978394,0.4711931058338708,0.7994077580315722,0.047663441726139594,0.9343221187591553,0.46060513854026774,0.8109482152121403,-0.10152563686881741,0.9972384572029114,0.44295464413506624,0.8600703869547158,0.07369149795600342,0.96895432472229,0.42740117737225103,0.8623662403651642,-0.07687573443566047,0.9940779209136963,0.4360563916819434,0.8690632734979897,0.07363107502460475,0.9587854146957397,0.41588512914521336,0.864739917005811,-0.07449840935213221,0.9589458703994751,0.4573905766010283,0.8879353250776014,0.03708847697292053,0.9703492522239685,0.42640916875430496,0.8976045472281315,-0.10984708528433522,0.9883604049682617
29,0.42189789499555297,0.5771020088876995,-0.038631102655615104,0.999664843082428,0.41679690395082725,0.5792916110583711,-0.029939753030027647,0.9995756149291992,0.41657952325684666,0.5801335402897423,-0.030101994637932082,0.9995720386505127,0.41641789419310415,0.5809558357511245,-0.03010659547788755,0.9997004866600037,0.41633436679840063,0.5796518376895357,-0.04207539079444747,0.9997819066047668,0.41585153256143825,0.5806968671934942,-0.04222918025084903,0.999824047088623,0.4153847992420195,0.5818460038730073,-0.042329821416309886,0.9998258352279663,0.41591922470501475,0.5895766564777917,0.006776262753243954,0.9998518824577332,0.41449664064816044,0.5926668150084357,-0.04871179216674394,0.99957275390625,0.4250447826726094,0.5818919880049567,-0.024330112817031985,0.9998006224632263,0.42407291787011264,0.5827767474310737,-0.041099960037640146,0.9997766017913818,0.4355359009334017,0.59604446206774,0.045185393786856085,0.9999861121177673,0.4216253825596399,0.6358385545866827,-0.07466364375182558,0.9999206066131592,0.44296398333140763,0.5507138269288196,0.10199593225760115,0.8522301912307739,0.41136214903422746,0.6887908646038597,-0.1630584116492952,0.9618366956710815,0.44603196297373066,0.5093822445188247,0.12508965709379735,0.9500844478607178,0.40397144981792976,0.6427755304745262,-0.27852360095296574,0.9458961486816406,0.44669440644127956,0.4972051858901975,0.13297235348394934,0.9451582431793213,0.40094653623444676,0.6314262952123366,-0.30773964268820614,0.934011697769165,0.4445475033351351,0.4961387106350488,0.11782118768564287,0.9468063712120056,0.4000237831047601,0.6284105913979663,-0.3030352984155926,0.9298091530799866,0.4441389833177837,0.5017541451113562,0.11976760178804394,0.9401722550392151,0.40204465559550673,0.6315389105251854,-0.28050516843795764,0.8743171095848083,0.458767225061144,0.7130013687270025,0.04310920462012289,0.9999613165855408,0.4557183103901997,0.7245872225080214,-0.043182889265673485,0.9999282956123352,0.46769488964761985,0.7871438401085986,0.07949436998793054,0.8724098205566406,0.4624973918710434,0.7955462081091741,-0.09939480594226287,0.9927289485931396,0.44280068363462155,0.8520644170897343,0.11148885115981097,0.9514765739440918,0.4378793920789444,0.859937305109841,-0.09112796634435649,0.9920540452003479,0.4348500549793241,0.8586254647799897,0.11211643644741599,0.9434555172920227,0.42934606501034306,0.8641941394124708,-0.0906392175172056,0.9544529914855957,0.45398414560726685,0.881287711007254,0.07878940649596705,0.9582747220993042,0.4391896946089606,0.8940987825393673,-0.1315455449478966,0.9860039949417114
30,0.4213324776717593,0.5621551701000755,-0.04420394556862966,0.9996554851531982,0.41630367721830075,0.5637379884719846,-0.0354933166610343,0.9995462894439697,0.4160556265286035,0.5646377325057981,-0.035656552974666855,0.9995339512825012,0.41582352944782786,0.5655254415103365,-0.03565850593149661,0.9996844530105591,0.41597443733896505,0.5645962255341663,-0.048592777337346744,0.9997665882110596,0.4155034039701732,0.5661002567836213,-0.04874591742243084,0.999811053276062,0.41504440988813107,0.5677407588277541,-0.04885096156171388,0.9998162388801575,0.4153759683881485,0.5744641848972862,0.00136938213836401,0.9998343586921692,0.4142092977251324,0.5777869650295799,-0.059163335923637636,0.9995082020759583,0.424463287421635,0.5674838032041275,-0.029907079626406933,0.9997872114181519,0.4236709458487372,0.5686886446816578,-0.048095687904528193,0.999748706817627,0.43580743329865573,0.5875846743583676,0.044366656350237954,0.9999863505363464,0.4254077843257357,0.6164042234420775,-0.0850685032084584,0.9999232888221741,0.4509443487439835,0.567407006876809,0.13611271328159735,0.8184986710548401,0.4156164109706877,0.6593405808721267,-0.18282920888492032,0.9559175372123718,0.45937906248228866,0.5432130268641878,0.20453099991594034,0.9487953186035156,0.39880804930414454,0.6207163810729978,-0.3051204591989516,0.9496841430664062,0.4615700713225771,0.5324720706258499,0.22279597911983717,0.941125750541687,0.39182587010519826,0.6140072056225365,-0.33329212452684115,0.9384655952453613,0.45954592823982215,0.5300543538161684,0.2041054463679236,0.944274365901947,0.3904326609202792,0.6118412341390335,-0.32825041285582934,0.9346747398376465,0.45866333075932075,0.5356494299003054,0.19917344094387113,0.9382325410842896,0.39403414981705787,0.6133437037467954,-0.3079620927572249,0.8824917674064636,0.4589136651584078,0.6907821995871404,0.043946421252829666,0.9999449253082275,0.4571004339626855,0.702504217624664,-0.04400037984762871,0.99991375207901,0.4615132953439438,0.7686123405184061,0.09643585596765786,0.790922224521637,0.4609075912407464,0.7759756990841453,-0.10322188479559757,0.9793663024902344,0.4431615488869801,0.8415631651878352,0.1191939977130719,0.8769592046737671,0.4459180176258085,0.8549727729388642,-0.11537820483957013,0.9840018153190613,0.43465223482676896,0.8473868540355134,0.11883337854274675,0.8813936710357666,0.44009819115911186,0.8629514830453051,-0.11717388991798666,0.9336290955543518,0.44914577092443175,0.8690239548683163,0.08676874696144032,0.8996062278747559,0.45179744192532106,0.8890420692307603,-0.16321993129593979,0.97733473777771
31,0.42123139245169483,0.5465882284300665,-0.015274576842784878,0.9996816515922546,0.4165750648294175,0.5477445176669528,-0.004802289818014421,0.9995791912078857,0.41636180026190606,0.548787805012294,-0.004930670878716882,0.9995648860931396,0.41613838842936907,0.5497229133333477,-0.004914062257323947,0.9997068643569946,0.4162827355521064,0.5490079028265814,-0.019775535698447907,0.9997835159301758,0.41583169613565696,0.5509965181350706,-0.019924372434616082,0.9998244047164917,0.41539895960262824,0.5531230296407424,-0.020017057231494356,0.9998293519020081,0.4156596498829976,0.5580884167126243,0.035765460612518424,0.9998432993888855,0.4145373191152298,0.5624180861881798,-0.03340219504066875,0.9995342493057251,0.42433196306228615,0.5526419145720343,0.00020182287054401962,0.9997996687889099,0.42368879573685764,0.554463127681187,-0.02044779296432222,0.9997603893280029,0.4358648325715744,0.5806497744151522,0.07899806829435482,0.9999863505363464,0.4284118524619509,0.5952470949717927,-0.06892547777720857,0.9999274611473083,0.4524865559169222,0.5947640725544519,0.14895154493195661,0.7509848475456238,0.4260976229395183,0.634243479796818,-0.16683392822742454,0.9512296319007874,0.4646713682583398,0.5961868779999866,0.1887316269533974,0.9256143569946289,0.4151579328945703,0.6257431677409577,-0.2690795242786406,0.9515796303749084,0.4673970367227279,0.5931675119059424,0.20392282009124746,0.9135367274284363,0.40980200256620114,0.6239477310861857,-0.2942749027694973,0.9398944973945618,0.4666531750134057,0.5891116934163227,0.18579916570867802,0.9210028648376465,0.4090185497488293,0.6209750260625564,-0.2874696620873041,0.9362561702728271,0.4656034512179236,0.591402778455189,0.18303649915116166,0.9148862361907959,0.4113629358155385,0.6214040773255481,-0.27058493324688493,0.8847377300262451,0.45920915859086153,0.6710254890578131,0.0480646803975105,0.9999337792396545,0.45677551542009603,0.6767721584865022,-0.04809607299310818,0.9999081492424011,0.4559882410934991,0.7559679593358717,0.06804973477763787,0.7166411280632019,0.45753486497061574,0.7612587860652376,-0.11862265425068987,0.9650973677635193,0.44703086359160266,0.8344834770475111,0.07214582605021339,0.8126956820487976,0.44954821978296533,0.8480207136699127,-0.13974553687231875,0.977121114730835,0.4403904165540421,0.8432141627584181,0.07004261059420447,0.8332065939903259,0.44499894550868424,0.8598452380725312,-0.14414031015975126,0.9179109930992126,0.4535225944859639,0.8594033377511157,0.03593880806916525,0.8546716570854187,0.45698160443987146,0.8837682298251557,-0.19405568284647798,0.9709876775741577
32,0.42200550181525076,0.53572096484048,0.06902029258864263,0.9996312260627747,0.4175605450357707,0.5369108864239281,0.07802655797983915,0.9994884133338928,0.41730411733899775,0.5380431924547465,0.07793538155300272,0.9994542002677917,0.41703589473451863,0.5390195829527715,0.07797034473291461,0.9996315836906433,0.41745168737002764,0.537300680364881,0.06406085682766774,0.9997258186340332,0.4171081389699661,0.5387497867856705,0.06393173613718575,0.9997851848602295,0.41678718839372886,0.5401910679680958,0.06388102418610025,0.9997975826263428,0.41668631775038567,0.5470160552433556,0.1044279327616095,0.9997692108154297,0.4163147781576427,0.5477855801582334,0.04035343368138584,0.9994370341300964,0.4249582145895274,0.5414895602634973,0.07922195318554125,0.999642550945282,0.424658098391124,0.5423244340079169,0.060064507169382886,0.9995326995849609,0.43323274935994804,0.5787478940827504,0.12873073965311044,0.9999811053276062,0.43204311983925936,0.5695036905152454,-0.010136080506656847,0.9999284744262695,0.4474840973104747,0.6165774720055713,0.14447805242879044,0.6775128841400146,0.43464941893305076,0.5792377684797557,-0.059234952500888255,0.9362443089485168,0.46070139833859014,0.6291925566537037,0.1300389417580195,0.8369057774543762,0.4296784222126005,0.5980604904038562,-0.0752364771706717,0.8964007496833801,0.46562895349093825,0.6332495757511681,0.1369124276297432,0.828278660774231,0.4274190051215034,0.6005733472960333,-0.08615673099245338,0.8809109926223755,0.4667271920612878,0.6286536846842081,0.1233976313046046,0.8356844782829285,0.42726421952247595,0.600114845378058,-0.08013283525194437,0.8741447925567627,0.46507383244378203,0.6274250490324835,0.12455117340598781,0.8299285769462585,0.42793560709272094,0.5995441266468591,-0.07445869573525016,0.816798985004425,0.45658884303910374,0.6609002981867106,0.044775583062853105,0.9999391436576843,0.456316714627402,0.6591710380145479,-0.044869361392089274,0.9999163150787354,0.4530722345624649,0.7504352484430582,0.023653410694428837,0.6650978922843933,0.4575563303061892,0.747669868809836,-0.10005471748965122,0.9656651020050049,0.4509250760078428,0.8332935997417991,-0.015790734493306705,0.7864303588867188,0.4576809968267166,0.8348503845078601,-0.14746890855687,0.9774693846702576,0.44677557349204994,0.8464211804526189,-0.021602016314864157,0.8201801180839539,0.4514265494687214,0.8506436467170712,-0.1516255338277135,0.9178099036216736,0.4620262145996092,0.8609356726918898,-0.05777673024152004,0.8397401571273804,0.47094148397445657,0.8654941320419307,-0.19805542890514638,0.9707881212234497
33,0.42305366907800923,0.532606438228062,0.1570378369518688,0.9996655583381653,0.41893419367926443,0.53314607994897,0.16136439570358813,0.9995379447937012,0.4184881917067934,0.5344293969018117,0.16128014810383312,0.9995067715644836,0.41806438309805716,0.5356533782822743,0.16132098670516687,0.9996672868728638,0.41957102077347874,0.5316423262868606,0.1506835334002971,0.9997515082359314,0.41955656153815113,0.5318597487040926,0.15056007323520518,0.9998047351837158,0.4195491262844629,0.5319447330066134,0.15053244882396283,0.9998162984848022,0.41780278342110755,0.542754256725311,0.16212677274431495,0.9997910261154175,0.41997043575559323,0.5366464223180496,0.11314137748309538,0.9994893670082092,0.42550846593720554,0.5381100654602049,0.1583176915134702,0.999671459197998,0.42585117306028075,0.5366859742573327,0.14347495170576227,0.9995660781860352,0.4293702338423046,0.5796732459749492,0.16663449970739222,0.9999791383743286,0.43560457229614236,0.5481689333915708,0.05034603859697068,0.9999327659606934,0.44286489827292286,0.6245574201856338,0.17538932178701663,0.6219823956489563,0.44260099785668494,0.5287655881472993,0.0597323026907231,0.936378002166748,0.4570644438266752,0.6331084506852283,0.17734278355325964,0.7777031064033508,0.44175919379506773,0.5381453480039321,0.1380748632763113,0.8884601593017578,0.46345287646566097,0.6382923415728975,0.18761958522456024,0.7728335857391357,0.4418932122843604,0.5389206886291501,0.1415161157825163,0.8663238286972046,0.4648733139038084,0.6344468508447917,0.17775558829307547,0.7812768220901489,0.4414599086557114,0.5404312568051471,0.1487192797873701,0.8574399948120117,0.4627838688237324,0.6328063181468416,0.1736545124224253,0.7741875052452087,0.4410527237824029,0.5411764178957255,0.14228261347327908,0.8001924753189087,0.45167991348675296,0.6609155825206208,0.038288643849747506,0.9999447464942932,0.456400953871863,0.6559109772954665,-0.03843024490135055,0.9999244213104248,0.45399256178310915,0.7466183134487693,0.014996433204838198,0.6887998580932617,0.4606628588267733,0.7428565127508977,-0.062165365261690926,0.9678563475608826,0.4517817207745142,0.829278823307582,-0.03521696126886775,0.8021125197410583,0.46942130071776234,0.8255396366119381,-0.11522905038935792,0.9786725640296936,0.4480422036988393,0.8421428697449818,-0.04082704654761722,0.8368772864341736,0.46386002813066735,0.8427930968148364,-0.11811052816254745,0.925062894821167,0.4665630374635967,0.8633754134178158,-0.06858704087457484,0.8515946269035339,0.48955213512693113,0.8431371808052058,-0.15521875598600923,0.9713391065597534
34,0.4236198101724895,0.5341778125081741,0.18548832429306839,0.9996986985206604,0.4197918329920086,0.5339652350970674,0.18565860582249497,0.9995840191841125,0.4191325468676429,0.5353737865175517,0.18555764917816425,0.9995559453964233,0.4185135483741758,0.536804299695151,0.18557876220771236,0.9997004270553589,0.4213634831564765,0.5307843668120246,0.17763887345790857,0.9997762441635132,0.4217961370944975,0.5298752835818696,0.1775042384862899,0.9998241662979126,0.42223958969116193,0.5288647089685711,0.17747692572219023,0.9998345971107483,0.41829911044665724,0.544052924428667,0.16842109709978095,0.9998118281364441,0.42398705908230355,0.5312003902026583,0.13089423796960278,0.9995402693748474,0.42563890218734723,0.540019060884203,0.18082410097122184,0.999703586101532,0.4265040831906453,0.5365833435739786,0.1693063293184552,0.9996083974838257,0.4260282720838272,0.5847612449101036,0.16799549119813095,0.9999790191650391,0.4407948281083786,0.5366229380880081,0.06293139258133511,0.9999389052391052,0.4411418531622203,0.6219372119222366,0.21139453436647132,0.5747961401939392,0.44892972111701945,0.4851770886353082,0.08040395395031995,0.9424571990966797,0.4592939802578515,0.6159639034952433,0.2697565117052622,0.7179749608039856,0.446919398648398,0.45746378983770075,0.1718395320432526,0.8989503383636475,0.46580334901809667,0.6154548781258716,0.28928882309368664,0.7181414365768433,0.4466221213340757,0.45017536793436297,0.1772787881749016,0.8785600066184998,0.4669426023960111,0.6114554303033009,0.2797129452228545,0.7262488007545471,0.44515410235949904,0.4517896464892794,0.1870852085096495,0.8703885078430176,0.46459487591470966,0.6122030207089013,0.26759352833032596,0.7165172100067139,0.4451414942741392,0.455479699373245,0.17686217427253717,0.817803144454956,0.44675988810402983,0.6624031935419352,0.03313275320189338,0.9999496936798096,0.45674989393779186,0.6562556607382635,-0.03326954511659484,0.9999316930770874,0.4549675873347689,0.7418145298957821,0.02369688781244413,0.7189638018608093,0.4654683802809032,0.7400996923446652,-0.037411657827241054,0.9708656072616577,0.4497790907110485,0.8247032676424295,-0.0223856507135289,0.8208553791046143,0.4807428394045146,0.8209757379123139,-0.08412496447563167,0.9804444313049316,0.4449427136353082,0.8365111981119425,-0.027140483632683746,0.8529660701751709,0.47720332486288863,0.8381740212440487,-0.08662941860301149,0.9322867393493652,0.46413093975612074,0.857635310717991,-0.05030666030943391,0.8649023175239563,0.5037679399762832,0.8281404835837224,-0.11802323119980943,0.9728072285652161
35,0.42348997252328036,0.5367793985775536,0.1710266526256288,0.9997190237045288,0.41991694143840225,0.5357181566102162,0.17017322863851267,0.9996190071105957,0.419159310204642,0.5371352791786191,0.17006924067224768,0.9995923638343811,0.41845705934933236,0.5385924628802705,0.17007522838456282,0.9997260570526123,0.4220597437449862,0.531990199429648,0.16165853568485797,0.9997925758361816,0.4227828775133403,0.5306973814964292,0.16150126797812317,0.9998362064361572,0.4235334813594816,0.5293503250394547,0.16144700774124682,0.999846875667572,0.418281886407307,0.5455084817750111,0.15226673611572802,0.9998276233673096,0.42621494446481956,0.5305152058601377,0.11187143325805658,0.9995739459991455,0.42547546880585785,0.5430940032005307,0.16673025829451416,0.9997138381004333,0.42639578240258336,0.5389683331762039,0.154431185552052,0.9996125102043152,0.42524354628154193,0.5855052828788755,0.16121762735503053,0.9999756813049316,0.4430476418563296,0.5363698533603121,0.039381373247929966,0.9999422430992126,0.44159424815859094,0.6139817271913798,0.23178072231156477,0.5377289652824402,0.45862047501972725,0.4908811875752038,0.02365203354773775,0.9479461312294006,0.46183369074548974,0.607649719715118,0.32518539684159403,0.6627196669578552,0.4677111140319277,0.44168112277984595,0.06791613219039777,0.90838223695755,0.46623498712267175,0.6032735501016886,0.35118752036775847,0.6655886173248291,0.4700727019991191,0.42634500435420425,0.06375426708587575,0.8896726369857788,0.46672074113573325,0.6007731846400667,0.3420031045164379,0.6726595759391785,0.4679676396506171,0.4287172504833764,0.0787277265318802,0.8820838332176208,0.4648665062018801,0.6025376830782206,0.3250497754131043,0.6604840159416199,0.4668795679296764,0.4333272712571278,0.07394380037273676,0.8335451483726501,0.4452537528106143,0.6641879047666274,0.037043733362640635,0.999954104423523,0.4582194473062241,0.6576410821505952,-0.03712573839085441,0.9999381899833679,0.45504443730626765,0.7400669591767444,0.044366273550050586,0.744901716709137,0.46871923208236677,0.7404085057122363,-0.046569051061357745,0.9736307263374329,0.4518818812710896,0.8220768162182395,0.017486962356737676,0.8373107314109802,0.4847867820944103,0.8221345169203618,-0.06893122068473267,0.982006847858429,0.4495805229459488,0.8347240890775405,0.014269654027053283,0.867390513420105,0.48197215540068467,0.8383203165871753,-0.07117893908705027,0.9387040138244629,0.46464352863175507,0.8451641167913161,-0.006086576024868654,0.8756450414657593,0.5031408974102562,0.8288872327123366,-0.10637978826250344,0.9732625484466553
36,0.42345612474850225,0.5387137498174392,0.1610652267932891,0.9996810555458069,0.42000303864479044,0.5370023165430339,0.1586997381278446,0.9995922446250916,0.4192136151450019,0.5382639936038424,0.15860816368034902,0.9995466470718384,0.4185062118938989,0.5395184704235619,0.15861697069236202,0.9996947646141052,0.42227299298558896,0.533798197337559,0.1504595130681991,0.9997737407684326,0.42306064793041753,0.5326868414878843,0.15030600258282245,0.9998227953910828,0.4239056416920251,0.5311637554849895,0.1502494846071515,0.999842643737793,0.41830887539046135,0.5461802329335892,0.13749914339610503,0.9997916221618652,0.4270148481641495,0.5313785382679528,0.09853803472859515,0.9995651245117188,0.42533689992768403,0.5447895714214868,0.15587152029786783,0.9995060563087463,0.4264304706028528,0.5412207160677226,0.14397569596767418,0.9994194507598877,0.42407248190471086,0.5859694583075384,0.14405558939490992,0.9999416470527649,0.4435073341642105,0.5379827601569036,0.027065188224826522,0.999945342540741,0.43968640565872175,0.6207813961165289,0.20539142872605992,0.4908468425273895,0.4652303644589013,0.4989021071365899,0.020028950646519647,0.9521322846412659,0.457980075904301,0.6111855660166057,0.287488909278597,0.5970315933227539,0.47759302343640986,0.46366020696503757,0.07428624991859704,0.9149487614631653,0.4615001627377099,0.6085306337901522,0.30496381606374456,0.5998915433883667,0.4814386538096834,0.4463898701327185,0.07180422970226827,0.8967178463935852,0.4618021411555152,0.6045380387987407,0.29061556799071164,0.6062598824501038,0.47945093767983554,0.4312590139252797,0.08317102811166213,0.8892616033554077,0.4607430057866231,0.6061518413679938,0.28152390675885325,0.5952810645103455,0.4778604405266896,0.4476454266480035,0.07931441196373526,0.8417824506759644,0.44536455103329226,0.6663345626422335,0.037558512230004566,0.9999567866325378,0.4599071366446357,0.6575481023107254,-0.037635277717241206,0.9999436140060425,0.4539240283625464,0.7409553289413449,0.06568146800356249,0.7431807518005371,0.47147553818566434,0.7374337775366644,-0.04844220504164694,0.9751747846603394,0.45820631895746483,0.8213539992059977,0.04897976326090948,0.8383352756500244,0.4857723278658728,0.8208228571074345,-0.07142391077109742,0.9822518825531006,0.4590500984873088,0.8353222063609528,0.046581712897334766,0.8763197660446167,0.48171004567827475,0.8367411749703539,-0.07294910145657399,0.9431943297386169,0.4682432370526448,0.8329442909785675,0.03289270789495535,0.8603694438934326,0.5010861328669954,0.8308758446148459,-0.10994311698845449,0.9670968651771545
37,0.4236624794346944,0.5427610465458459,0.16975134355681276,0.9995344877243042,0.4203170682702743,0.5399921502385818,0.16561432651111052,0.9994524717330933,0.41945380738803295,0.5413046513284954,0.16553850897720873,0.9993657469749451,0.41866863880838645,0.5425949522427147,0.1655591270753315,0.9995689392089844,0.42278089778763883,0.535762138026101,0.16031116289751862,0.9996824264526367,0.423584633214133,0.5341875859669274,0.16016524604388638,0.9997419714927673,0.42445174455642676,0.5337509921618868,0.1601131243365151,0.9997925162315369,0.41842301232474166,0.5471915619713917,0.13681221881083072,0.9996260404586792,0.42778667211532573,0.5350765330450873,0.1117621134434427,0.9994535446166992,0.4252244736467087,0.5492819854191369,0.1615664077656609,0.9989075660705566,0.42672569325992016,0.5447429146085464,0.15359703217233922,0.9987884163856506,0.4230106805052074,0.5899800334657939,0.1326501778193882,0.9999021291732788,0.4465976774692534,0.5434208239827835,0.048853849300316374,0.9999451041221619,0.4344960996082849,0.6396730184555051,0.18417341836861195,0.4456930160522461,0.4687891823904852,0.5136006253106251,0.07334232786670324,0.941889226436615,0.44760707446507025,0.6239723069327215,0.2616336388247352,0.5379233956336975,0.4766350158623284,0.5313483578818183,0.16314426777618263,0.8658905029296875,0.45035662395613507,0.6227266311645505,0.27831556924751816,0.5408710241317749,0.47942442212785974,0.5243736079760958,0.17133630891995763,0.8376045823097229,0.4514454867158615,0.6175594193594793,0.2640063030379158,0.5466440320014954,0.47737109405653794,0.5030775887625556,0.17678945671234803,0.8287079334259033,0.4508061587810514,0.6185852152960638,0.2556577307837349,0.5367496609687805,0.4760951314653667,0.5196675249508447,0.16707105317286075,0.7786868810653687,0.44604180540357297,0.6681511930056978,0.028687701547252267,0.9999595880508423,0.4622640430927274,0.6578169073377333,-0.02881816717729503,0.9999485611915588,0.45298389196395855,0.7433757373264854,0.05284814403525419,0.7139724493026733,0.4734718842165809,0.735175744124821,-0.04385023755686622,0.9732681512832642,0.46355433038302807,0.8165555221693852,0.009971304450716287,0.817694365978241,0.48433365140642415,0.8159432479313438,-0.09209952886615477,0.9749864935874939,0.46577110716274783,0.8293134842600137,0.005584163325173513,0.8756318092346191,0.4798420054571967,0.830830015454973,-0.09633813457829607,0.9392337799072266,0.4713248457227432,0.8280330726078575,-0.0015070879964956194,0.8061599135398865,0.4991333518709453,0.8337226186479837,-0.12646052347762238,0.9232960939407349
38,0.4239434838294981,0.5492452161652699,0.1719566868884222,0.9995746612548828,0.42073959708213793,0.5458898493221825,0.16720734664372028,0.9995023012161255,0.4197262695857455,0.547285153184618,0.16713260986975254,0.9994227290153503,0.4188075687204087,0.548665426458631,0.16714987925120756,0.9996070265769958,0.423564633301326,0.5405379601887292,0.16422570518084928,0.9997111558914185,0.4244922629424502,0.538272018092019,0.16408288265977578,0.9997649192810059,0.4254797645977563,0.5382600920540943,0.16403189429215015,0.9998111128807068,0.4186466583183831,0.5513629215104237,0.13522450455597462,0.9996573328971863,0.42901515449796385,0.5399737238883969,0.12112587434904909,0.999501645565033,0.42517580475125977,0.5560895119394572,0.16233074324471602,0.9989861249923706,0.42716201458658476,0.5503713999475749,0.15734141511576508,0.9988775849342346,0.42210106934819885,0.5990298203059602,0.11460076208625516,0.9999089241027832,0.45175982713699314,0.552121157305581,0.07007340512105394,0.9999498724937439,0.42906497887202655,0.6562628303255351,0.15852407855646944,0.44172096252441406,0.4725944306169235,0.5432286688259667,0.10754806665437558,0.9281359910964966,0.44085111107145014,0.636104161398751,0.2510098663823944,0.48971235752105713,0.46958389026778063,0.5849456761564524,0.20813299672944197,0.7876371741294861,0.44362832137516545,0.6341207129614691,0.26013709434441146,0.49248579144477844,0.46948345984731377,0.5865109707627976,0.22375872411898196,0.7587612271308899,0.4451174114431652,0.6284172211374552,0.24720494449138627,0.4980064928531647,0.46753472685813885,0.5705687786851608,0.22484213475670123,0.7503492832183838,0.44442507709775636,0.6291960239410397,0.2408780711037771,0.48871198296546936,0.4671552819865088,0.5796584427356717,0.21071544183152055,0.7046876549720764,0.44698061347007734,0.6708122611045835,0.01392489876598119,0.999962329864502,0.46483810714312934,0.6567862153053281,-0.014100537169724696,0.9999529719352722,0.4529658990246907,0.7453394736562453,0.01317825475042419,0.7071349024772644,0.47564063838549997,0.7341396025248933,-0.030111890978046812,0.9622589945793152,0.46391647798674424,0.8114991017750327,-0.062269711281572035,0.8020387887954712,0.48295785955020337,0.8093104617936266,-0.10578634302530965,0.9620093703269958,0.46550869175365966,0.824147510528564,-0.06939408129879404,0.8818926811218262,0.4783705208982738,0.8226572547640116,-0.11467155675802906,0.9379170536994934,0.4717925395284378,0.8304104345185412,-0.07626336823616706,0.777764618396759,0.4973533374922614,0.8347445675304954,-0.13062005234616136,0.8895795941352844
39,0.4242310549531662,0.5601709348814825,0.1498272023030689,0.9995891451835632,0.42124290806906545,0.5568917291504993,0.14046052055699476,0.9995303153991699,0.42012785928589935,0.5582723293985636,0.1403834679297038,0.999457061290741,0.41911915370396186,0.559648035253797,0.1403881072998046,0.999626874923706,0.4242451122828891,0.551701063769204,0.14217361339500967,0.9997254014015198,0.4253054329327172,0.5494090914726255,0.14206049570015492,0.9997760057449341,0.4263951029096329,0.5491179449217658,0.14201050485883432,0.9998190999031067,0.4192843931061879,0.5619664209229602,0.10334400981664651,0.9996753334999084,0.4298191428184507,0.5501928704125538,0.1032364930425371,0.9995228052139282,0.42511276091848077,0.5668609482901434,0.13603267839976713,0.9989681243896484,0.42750667418752375,0.5613785062517436,0.13769464748246324,0.9988508820533752,0.4219536789825982,0.6107125844274246,0.07318476991994037,0.9999114871025085,0.4558556182043891,0.5683832951954431,0.06630913019180296,0.9999481439590454,0.4267535201140811,0.6634052736418585,0.11588586206947049,0.43254324793815613,0.4742945585932048,0.5896335959434507,0.09757426444973259,0.8888520002365112,0.43696330785751325,0.6467941948345726,0.220180340537003,0.4420556426048279,0.4639490221227916,0.6262578163828165,0.17598147626434046,0.7098466157913208,0.438429032053266,0.641934239864349,0.23046695547444468,0.4447733163833618,0.46220979775701226,0.6328870023999892,0.19187780831541323,0.6836761832237244,0.44028254491942254,0.6381665008408679,0.22491790620344015,0.44980451464653015,0.4609203645161218,0.6351469201701025,0.1919422894716262,0.6760314106941223,0.43964604224477477,0.6392005000795634,0.2147040214921746,0.441445916891098,0.4609851428440637,0.6303127799715311,0.17774781158992214,0.6349199414253235,0.44786067264420626,0.6792129141943792,0.0006160561793616829,0.9999632835388184,0.46775543008531817,0.6644374404634745,-0.0007846045740214831,0.9999547004699707,0.45356924533843973,0.74893718617303,-0.012179668207785911,0.7270923852920532,0.47706053342138,0.7354479108537942,-0.005817560798355506,0.9422954320907593,0.46190989187785536,0.8106282864298135,-0.09616528834615432,0.8151549100875854,0.483294926370893,0.8002760222979951,-0.07601458983761919,0.9559018015861511,0.4639387360640932,0.8259975433349606,-0.10411884997572214,0.8919655084609985,0.478528503009251,0.809277009963989,-0.08405714758804862,0.9387375116348267,0.46649383902549724,0.8355151414871211,-0.11373069275702745,0.7837932705879211,0.4949924119881219,0.8343895367213654,-0.09078407117298667,0.8679119944572449
40,0.42517387952123353,0.5744450807571408,0.13437758130686617,0.9993373155593872,0.4224681999002182,0.5717404195240563,0.12314339365277965,0.9992756247520447,0.4212747062955582,0.5729401758738923,0.1230682873300143,0.9992267489433289,0.42020734974316165,0.5740817955562044,0.12306660030569343,0.9994270205497742,0.42551845482417494,0.5682440808841158,0.12738488955157137,0.9995640516281128,0.4266396045684812,0.5668321132659909,0.12730736647333413,0.9996545910835266,0.42779691134180325,0.5656529682023181,0.1272741032498223,0.9997187256813049,0.4204407904829296,0.5774366957800726,0.0821582551513399,0.9995224475860596,0.43101975151470706,0.5658134920256476,0.092433408328465,0.9992631077766418,0.42543074148041843,0.5807046294212339,0.11866692943232394,0.9982395172119141,0.4282995862620215,0.5770322305815558,0.12402074677603579,0.9980502128601074,0.42193331037248866,0.622319538252694,0.04571233774934494,0.9999101161956787,0.45614206194877605,0.5882948160171506,0.06351658052631784,0.9999312162399292,0.42698802862848534,0.6700164420264105,0.06330275322709761,0.4346553087234497,0.47349740096500914,0.6339079737663267,0.07518291026353832,0.8254960179328918,0.43499554651124117,0.659428603308541,0.13372564990339528,0.3990025818347931,0.46115863834108606,0.6427176288196016,0.12603599838912483,0.6392059326171875,0.4348709327833991,0.6565367630549837,0.13841562493970344,0.40175092220306396,0.45831962738718285,0.6439508846827913,0.13612897316259992,0.6156418323516846,0.43605427912303363,0.653129160404205,0.13579058122954193,0.40625718235969543,0.4558397224971224,0.6428934642246789,0.1366487784577267,0.6087322235107422,0.43659496051924546,0.6533662642751418,0.13006419691124127,0.39852142333984375,0.4557785919734407,0.6414495144571574,0.1267880781420639,0.5717426538467407,0.44852310248783633,0.6914109127862109,-0.0056364004234118106,0.9999639987945557,0.46941900338445364,0.6780172194753371,0.005507469809214982,0.9999549984931946,0.4533796753202164,0.7548911401203697,-0.00775990277927901,0.7488048672676086,0.47789076651845636,0.7371523771967203,0.0012209592387080193,0.923594057559967,0.46120338439941383,0.8159854207720072,-0.07311280325853396,0.8313965201377869,0.4846630573272703,0.7862206561224798,-0.06276165044733453,0.9522890448570251,0.4637133257729665,0.8339298622948779,-0.07976858458880864,0.901070237159729,0.48217297026089234,0.7906841806003022,-0.06997181783829413,0.9390624761581421,0.4601643417562755,0.8370515908513747,-0.09399555676749771,0.7951329350471497,0.4927088337285176,0.8263371126992358,-0.08115173663411818,0.8500297665596008
41,0.4271156055586677,0.5886312416621614,0.14283282543931683,0.9992564916610718,0.42462372609547183,0.585564885820661,0.13364576867648528,0.9992234706878662,0.42341208202498276,0.5866942184312001,0.1335754556315285,0.9991734623908997,0.4223298839160372,0.5877049003328593,0.13357826854501448,0.999371349811554,0.4276225456169671,0.5826798336846485,0.13781575007098054,0.9995210766792297,0.42866335085460094,0.5817778229713437,0.13776035393987376,0.9996151924133301,0.42977261458124416,0.5808314527784073,0.13774995463235032,0.9996822476387024,0.4223096924168721,0.591312743936266,0.09214395987136018,0.9994839429855347,0.4328875482082365,0.5820922647203716,0.10648528507777617,0.9991579055786133,0.42671739629336747,0.5949940374919344,0.1277777080024991,0.9979858994483948,0.4299149649483815,0.5919148359979899,0.1331199041434696,0.9976877570152283,0.4223941198417117,0.6329741869653971,0.05254742673465181,0.999916136264801,0.4565107175282067,0.6080376318522859,0.07419737896748947,0.9999228715896606,0.42874259097235523,0.6773936305727275,0.032575463610036014,0.4364815056324005,0.47145792416163834,0.6551864504814144,0.06128551661968228,0.7524362802505493,0.4328439039843421,0.6724878106798442,0.03663779459893701,0.3675664961338043,0.46130005121231055,0.6677893195833475,0.06567718471799575,0.5769122838973999,0.43040146572249255,0.6729695592607767,0.04084977765700644,0.37195485830307007,0.45786078742572217,0.6656226294381274,0.06702195810420168,0.5559510588645935,0.43173789126532397,0.6670683486121038,0.04347388222813603,0.375346302986145,0.4529285873685562,0.6630707928112571,0.06914580123765124,0.5494950413703918,0.43329292195183866,0.6658148033278326,0.03973087306533538,0.3654260039329529,0.4525123792035237,0.6628762091909133,0.06573006595884047,0.5158249735832214,0.44843834212848094,0.7022567663873942,-0.005468366547886812,0.9999661445617676,0.4698693948132649,0.6919356192861281,0.005349342561593011,0.999957799911499,0.4521027726786475,0.7588314958981102,0.014901391190609755,0.7705574631690979,0.4774969433035167,0.7392049823488505,0.004313324551497188,0.9256103038787842,0.46137165342058434,0.8216794388634814,-0.03352671011484093,0.8469435572624207,0.4856162786483762,0.7724730627877368,-0.07188092534031182,0.9551536440849304,0.4642420683588298,0.8383953690528866,-0.03918608818203209,0.9106787443161011,0.48560269560132685,0.7792076621736795,-0.08086425257580618,0.9446359872817993,0.4550025326865058,0.8351226193564275,-0.0572054000837462,0.8102988600730896,0.4909506780760627,0.8039958732468737,-0.10243897799934656,0.8579545021057129
42,0.42989286524908865,0.5996930020196094,0.1521987135921205,0.9991875290870667,0.4275921940803526,0.5961176003728591,0.1476240694522857,0.9991455674171448,0.4264882445335386,0.5969867842538013,0.14755283870867314,0.9991005659103394,0.4254781808171952,0.5977793506213593,0.14755961554391037,0.9992913007736206,0.4304242295878272,0.5936717305864603,0.1492888293095997,0.9994754195213318,0.431409784725734,0.5928870303290228,0.1492278316191264,0.9995816946029663,0.4324864029884336,0.5920608350208825,0.14922855666705534,0.9996527433395386,0.42504004836082443,0.6017408830778936,0.11239076618637353,0.9994557499885559,0.43539705872535683,0.5943291136196679,0.12133688394512443,0.9990907907485962,0.42935464041573645,0.6058150070054187,0.14079578859465455,0.9978418350219727,0.43254133462905864,0.6032896109989708,0.1424351926360811,0.9975196123123169,0.423121233497347,0.6409588779721939,0.06610861058746062,0.9999233484268188,0.4570742845535276,0.6225525055612834,0.08868043688791134,0.9999235272407532,0.4303446003368921,0.6843437058585027,0.03187608239906173,0.45553287863731384,0.4693955847195215,0.6718887652669632,0.06623357896293909,0.7033277153968811,0.43238958801541993,0.6879441942487441,0.020700632873922577,0.37356171011924744,0.45549611960138575,0.6878650069236751,0.04904677915785991,0.5268162488937378,0.42995851550783404,0.691762372425624,0.020767991743715734,0.3840516209602356,0.45195778948920096,0.6868342467716759,0.04721449235720291,0.5090761184692383,0.43089487893240774,0.6848513892718722,0.023590598441660386,0.3855254054069519,0.4463906432901108,0.6838451044900073,0.04875958929104462,0.5021631717681885,0.4332142284938265,0.684807911940983,0.022357911536736132,0.3682210147380829,0.44628554923193775,0.6843343905040192,0.0481994817299502,0.4709722101688385,0.44814569524356274,0.7079449772834774,-0.004086447094700164,0.9999687075614929,0.46932683927672225,0.6983493259974884,0.003963736584410069,0.9999610185623169,0.4500870985644202,0.7595887865339004,0.032431443494611537,0.7930670976638794,0.478303916113717,0.7511104226112362,0.0016280982510319762,0.9317622184753418,0.4611267915793825,0.8252975957734241,-0.00981568996129291,0.862019419670105,0.4864216864109037,0.7619954313550672,-0.09356477271233282,0.9591256380081177,0.46401660782950244,0.8395653281893045,-0.014810579882136406,0.9195652008056641,0.48939790385110016,0.7763907398496351,-0.10591611947332105,0.9500641226768494,0.45407689554350694,0.8332036239760259,-0.03282811290451457,0.8281944394111633,0.49054466911724615,0.7791737658636907,-0.1322188890406063,0.8700299263000488
43,0.4330985367298124,0.6065747754914417,0.14910197811467302,0.9988568425178528,0.43107136062213336,0.6027132170540943,0.14358744450977862,0.998844563961029,0.4300954793180736,0.603282032694135,0.14351996225970126,0.9987173080444336,0.42913707154137726,0.6038668513298031,0.14351955141339978,0.99900883436203,0.43381208181381203,0.6008171541350226,0.14643128684588835,0.9992883801460266,0.4348466174943104,0.6001389537538797,0.14638110824993672,0.9993981122970581,0.4359724453517366,0.5994298883846825,0.14639192521572106,0.9995328187942505,0.42841622488839265,0.6082140922546384,0.10989703514746252,0.9992784857749939,0.4384606889316012,0.6023232545171462,0.12083469586712967,0.998662531375885,0.43249329924583413,0.612089817864554,0.13714249517236432,0.9972029328346252,0.43560893280165514,0.610406444753919,0.1403445614235741,0.9968029856681824,0.4242289287703376,0.6440879804747442,0.05679027161427904,0.9999297261238098,0.45806499889918717,0.6325103027479986,0.09538956092936647,0.9999216198921204,0.43098019531794934,0.6858472483498705,0.027505212702921444,0.45005035400390625,0.4683625715119496,0.6816943015371046,0.07830133012362886,0.6352627277374268,0.4318834764616828,0.6992174046380176,0.027541684306093606,0.34905123710632324,0.4484772631100244,0.7034311890602108,0.06036183301891596,0.47638916969299316,0.42984143921307133,0.7051535367965694,0.028263833293957354,0.36178529262542725,0.4455187295164379,0.7053302645683286,0.06007682830095288,0.46130669116973877,0.4305977863924842,0.6990093282290865,0.03151928005473952,0.3622850179672241,0.44124324662344777,0.7040846552167617,0.058880734443664526,0.4550425708293915,0.43314299753734026,0.6994657533509387,0.029727161995002187,0.345712274312973,0.4416043162345884,0.7032080003193444,0.05850851557084489,0.42780086398124695,0.4476638300078254,0.7104955196380611,-0.008229347664330682,0.9999714493751526,0.4687339084489003,0.7025143231664381,0.0081069159454533,0.9999644756317139,0.44837235552924,0.7598548599651879,0.03229757125622459,0.8120238780975342,0.47980390020779173,0.769811265809195,0.007804057121809038,0.9372960329055786,0.46098096626145474,0.8274423599243159,0.001510688782270468,0.8751256465911865,0.48852328913552395,0.7579917601176668,-0.06841828961457522,0.9617152214050293,0.4638198486396243,0.8400045718465529,-0.0024471870224390666,0.9274451732635498,0.4918089517525262,0.7685922060694009,-0.0782271102070808,0.954831063747406,0.45417397107396784,0.8329055428504939,-0.01887617249573979,0.8416084051132202,0.49472102097102555,0.7691532117979865,-0.1012578148927007,0.8780865669250488
44,0.43640154685292903,0.6101284537996562,0.14948226064443582,0.9986343383789062,0.4345524430274961,0.6063679439680915,0.14326491143022257,0.998786449432373,0.4336045810154504,0.6067128385816298,0.14320440505232124,0.9986015558242798,0.4326337456703184,0.6070952773094174,0.14319492365632733,0.9989640712738037,0.43735274587358725,0.6049018757683887,0.14750619828701012,0.9992236495018005,0.4384610414505003,0.6043290342603408,0.14746261132614946,0.9992889761924744,0.4396239800112586,0.6038148249898635,0.14748091442244388,0.9994691014289856,0.4317805060318536,0.6107234699385504,0.10998880895120752,0.9992504715919495,0.44175162570817106,0.6069244146347044,0.1255080612642424,0.9983980059623718,0.4356394631522041,0.6151858500071932,0.13717868413243967,0.9971673488616943,0.43874642678669507,0.6141103591237747,0.14219242632389062,0.9966021776199341,0.42571223718779405,0.6432436347007748,0.052582526446453136,0.9999364018440247,0.45928351538521883,0.637536435467856,0.1063055928264345,0.9999207854270935,0.4303750165871209,0.6807804584503171,0.033940083586743885,0.45372292399406433,0.4684841019766669,0.6854589377130778,0.0946157615099634,0.5734125375747681,0.4310569116047448,0.7054637346948893,0.05204407331932866,0.33506885170936584,0.4515956435884746,0.7118915183203558,0.0897855207856212,0.42964500188827515,0.42958727053233536,0.7116154279027662,0.05481347153628509,0.34666624665260315,0.449504380566733,0.7156920024326866,0.09169222951999728,0.4165133833885193,0.4298886784485406,0.708381412710462,0.05832638929464985,0.34554940462112427,0.4461256648812973,0.7156240974153787,0.08939262591302391,0.4107916057109833,0.43223430940083074,0.7080081701278683,0.05496549342891998,0.32518959045410156,0.4460911589009419,0.7134865880012509,0.0876193077436515,0.3863513171672821,0.4474517898900166,0.7106219921793253,-0.01310623499697872,0.9999739527702332,0.468344564097268,0.7044103980064389,0.012989351186635233,0.9999675750732422,0.4474167423588887,0.7600674441882538,0.016594198505793294,0.8268635272979736,0.47867778199059596,0.7807120987347191,0.0017363217260156346,0.9406396746635437,0.46091228638376486,0.8285092183521812,-0.005561150490705451,0.8859573006629944,0.4916498150144302,0.7571012854576107,-0.048217841557094,0.9598265886306763,0.46393400941576257,0.84036237342017,-0.009011487636182983,0.9342091679573059,0.4946754106453485,0.7548511964934209,-0.053572882818324195,0.9584238529205322,0.45429628661700633,0.8337500776563368,-0.025929820005382794,0.8510280847549438,0.5017399864537373,0.7756555012294221,-0.07483716883829658,0.8762726783752441
45,0.43863507253783074,0.6096778358731948,0.13591033582176476,0.9984713792800903,0.436749059813363,0.6057077322687419,0.12891978642770216,0.9987695813179016,0.43572459306035705,0.6059805393218991,0.12886136599949422,0.9985615015029907,0.434703514405659,0.6062111530985148,0.12884689399174276,0.9989557862281799,0.43968819975852946,0.6045228208814346,0.13369243549449097,0.9991961121559143,0.4408187781061443,0.6040451713970727,0.1336515735302652,0.9992401003837585,0.4419951575142994,0.6035916754177635,0.13367060082299362,0.9994401931762695,0.43377391185079284,0.6092517835753302,0.09441740906664299,0.9992495775222778,0.44400806256702946,0.606256920950753,0.11335193834134505,0.998325765132904,0.43756782923425924,0.6145323821476525,0.12381537663085114,0.9972118735313416,0.4408254410539353,0.6137646504810875,0.1295739652855055,0.9965831637382507,0.4271293018545421,0.6402057562555583,0.04153855980506963,0.9999423623085022,0.46113951887403193,0.6378082496779303,0.1027972290558474,0.9999198317527771,0.4297901068414959,0.6749210408755708,0.028927298768290435,0.49148914217948914,0.47138224244117716,0.6838793499129157,0.09236991384199683,0.5211060643196106,0.43029725040708244,0.7046939662524628,0.05031750627926416,0.3575630784034729,0.4609251013823916,0.7087640030043463,0.08627628056066372,0.3882830739021301,0.4288963522229874,0.7102484958512438,0.053111484354095774,0.36078572273254395,0.459964060783386,0.7112197961126052,0.08816812230007985,0.37667202949523926,0.42940352218491673,0.7069281305585585,0.055934475096208684,0.3570255935192108,0.45585486463138014,0.711227020195552,0.08613210927162848,0.37134045362472534,0.4309585758617944,0.7048230154173711,0.05314132656369888,0.3258635401725769,0.45518222536359493,0.7084207381520949,0.08442549183964726,0.34917810559272766,0.44738770723342874,0.7097052454948423,-0.014968907979450049,0.9999761581420898,0.46772463236536277,0.7049461075237816,0.014868440665304654,0.9999701976776123,0.4475305131503512,0.7611048868724275,-0.0021351123228669166,0.8424581289291382,0.47291105219296026,0.777006706169673,-0.000636535503768495,0.9445742964744568,0.4609166962759833,0.8291571549006866,-0.02454404276130454,0.8965101838111877,0.4939267132963451,0.7612711276326858,-0.03685034087726047,0.9581172466278076,0.46425659656524637,0.8409928083419795,-0.02808729322361093,0.940431535243988,0.49689002633094764,0.751519635745457,-0.04018739440611428,0.9613456130027771,0.45389018484524296,0.8345259087426318,-0.047494151656116736,0.8613265156745911,0.5068531487669261,0.7856700147901259,-0.06084949054888313,0.871273934841156
46,0.43974785123552573,0.606020641326904,0.10634627469948355,0.9985901117324829,0.43775689005851726,0.6019666603633332,0.09870814936501635,0.9988767504692078,0.4367478643144878,0.6021861893790106,0.09864452247108726,0.9986881017684937,0.435755716051374,0.6023862157549174,0.0986371951443808,0.9990472793579102,0.44072022438049296,0.6008846180779591,0.10281947127410337,0.9992638826370239,0.441890010663441,0.6003808021545407,0.10277120492288039,0.9993033409118652,0.4431070021220614,0.5998545340129304,0.10277609101363586,0.9994847178459167,0.43485798239707923,0.6058576669011795,0.06257292532495087,0.9993178844451904,0.4451264236654552,0.6023097974913458,0.08241822229964388,0.9984655976295471,0.4386321476527621,0.6109100239617481,0.09572584331035609,0.9974671602249146,0.44200712101800077,0.6103203824588228,0.10035240011555803,0.9968855977058411,0.42817280973706906,0.6375555532319203,0.017332485131919376,0.9999479055404663,0.4629150629043577,0.6353614568710324,0.0796851500868797,0.9999220967292786,0.42889797772679994,0.6715100714138573,0.01201614184038979,0.5406332612037659,0.47531713758196126,0.6839081508772711,0.071106315936361,0.4979168176651001,0.4289779211793625,0.7033074038369311,0.038808062459741305,0.40775203704833984,0.4647618566240581,0.7050714015960691,0.06225420406886506,0.35703834891319275,0.4278468974999017,0.7087397507258821,0.04216263113277297,0.4027101695537567,0.46385535172053727,0.7089718801634649,0.06372183944497786,0.3468187749385834,0.42888854231153195,0.7051973955971851,0.04315546878746576,0.39750492572784424,0.4602302270276204,0.7079264674867899,0.06048667388302936,0.3413234353065491,0.43011692592075873,0.7034062300409587,0.04318323491939474,0.3590518534183502,0.45988879288945855,0.7054508617946076,0.06009172350168225,0.32085147500038147,0.4465389558247156,0.7100066372326439,-0.015502905765814434,0.999978244304657,0.4658045853887284,0.7057209968566891,0.015418001956173344,0.9999725818634033,0.44794063738414197,0.7626054610524855,-0.017716945867453295,0.8579451441764832,0.4666052665029251,0.7680283631597242,-0.002445946540683507,0.9493611454963684,0.4612645515373773,0.8294154865401128,-0.05258517595274106,0.9067167639732361,0.4935376490865433,0.7687913554055347,-0.04208693131804464,0.9611324071884155,0.4647266209125517,0.8411029951913013,-0.05669478992266312,0.9463055729866028,0.4983591088226861,0.762439405918121,-0.04630729375141005,0.9648729562759399,0.45310985105378265,0.8346770746367315,-0.07807165533304211,0.8741800785064697,0.5061834105423516,0.7965792928423197,-0.06629646718502041,0.8796542286872864
47,0.44026275362287226,0.6024459617478504,0.09219969276870996,0.9986351728439331,0.4382797973496571,0.5983870778764995,0.08243723043373649,0.9989144802093506,0.4373005015509467,0.5988865920475548,0.08239607023341311,0.9987507462501526,0.43633026906422184,0.5991169912474493,0.08233997247048783,0.9990917444229126,0.4413235042776378,0.5967989649091445,0.08928931440625867,0.9992812871932983,0.44255326816013857,0.5961529527391703,0.0892516651323863,0.9993205070495605,0.44384951761790664,0.5954483389854428,0.08926102497747962,0.9994902014732361,0.43540413720267135,0.6030122756958005,0.04642266939793312,0.9993550181388855,0.44587221911975294,0.5975912451744076,0.0698723128863743,0.998494029045105,0.4391195016247883,0.6074560727391921,0.07709580297980986,0.9976540207862854,0.44259321945054175,0.6061143909181865,0.08677824586629863,0.9971007704734802,0.428342510972704,0.6343113235064912,0.007565858215093608,0.9999529123306274,0.4635428164686473,0.6315260137830458,0.07029459040079795,0.9999243021011353,0.4275441970143997,0.6696278844560892,0.001292679272592065,0.5858228206634521,0.47741770914622694,0.6798413685389924,0.06484926151377811,0.4990352690219879,0.4274941767965042,0.7012996673583981,0.0160381899348327,0.45335033535957336,0.46368091191564265,0.7010278991290497,0.059091370339904484,0.3291679322719574,0.4267800629138944,0.7086132866995672,0.015986997660781644,0.4376777708530426,0.46219079239027816,0.7060788256781438,0.061134810958589796,0.31880661845207214,0.42786203026771524,0.7061230472155977,0.017307215237191736,0.4310183525085449,0.4592238715716769,0.7043231895991731,0.05743306992309431,0.3130132555961609,0.42916007467678596,0.7034425616264339,0.010152285120316904,0.38406994938850403,0.45948857239314467,0.7019145114081243,0.05687317433101788,0.2938480079174042,0.4448840515954152,0.7092152731759205,-0.01644279206437723,0.9999799132347107,0.46342822228159203,0.7046078239168436,0.01635393311402627,0.999974250793457,0.4467842536313191,0.7629373737743919,-0.03059489040502479,0.8718673586845398,0.4638000369071958,0.7612081561769755,-0.002551607311969356,0.9523655772209167,0.45999849268368287,0.8286724090576167,-0.056492324519370266,0.9158207178115845,0.49237752812249297,0.785103252955845,-0.05022140922290936,0.9633427262306213,0.4636372183050426,0.8393430556569776,-0.06035608164966104,0.9515112042427063,0.497685065439769,0.7845553449222016,-0.055564457603863276,0.967660665512085,0.4532481346811565,0.8356770191873819,-0.08040006096873961,0.8853866457939148,0.5026068653379165,0.8135727030890325,-0.07504740548985342,0.8862047791481018
48,0.44096846154757885,0.5996170095035005,0.10433520589556007,0.9980618357658386,0.4390465336186543,0.5956561548369268,0.09434377508504045,0.9984528422355652,0.4380808336394172,0.5962568862097601,0.09431470611265723,0.9982548952102661,0.43712627121380376,0.5963998505047386,0.09423251109463823,0.9987242221832275,0.44211766379220124,0.5939871736935204,0.10197077861854002,0.9989749193191528,0.44336806961468267,0.5933333362851821,0.10193711029631745,0.9990129470825195,0.4446515883718216,0.5926787427493501,0.10194857333387643,0.9992437958717346,0.436148542165756,0.6002568534442354,0.05924300327897068,0.9992039799690247,0.4465738458292823,0.5949365360396246,0.07956409071172983,0.9981194138526917,0.43993221265929067,0.6045848539897372,0.08656171432563232,0.9973793029785156,0.443322500160762,0.6030760254178726,0.09800495590482435,0.996792197227478,0.4280779004096983,0.6302026373999456,0.020705343809510966,0.9999566674232483,0.46365931459835574,0.6285717691693984,0.07057333950485498,0.9999252557754517,0.4256231018475122,0.6677837508065356,0.016577571949788494,0.6142474412918091,0.4781997442245481,0.6753821730613705,0.07287587991782593,0.46309664845466614,0.4259075914110454,0.7011114001274106,0.0282774402626923,0.434047132730484,0.4673610482897075,0.7022801433290751,0.08307235709258484,0.2989778518676758,0.42573568395205885,0.710342899390629,0.027703583134072153,0.4118383526802063,0.46583366223743966,0.7098841275487624,0.08668451500790456,0.28933560848236084,0.42672058173588323,0.7088959353310718,0.029403883325202107,0.40375423431396484,0.46363188113485043,0.7078629408563883,0.08377818678106577,0.2838704586029053,0.42798210041863555,0.7054016028131754,0.016293823985116813,0.3565501570701599,0.4637549408844537,0.7049907888684951,0.08159512047256738,0.26641231775283813,0.44317298276083794,0.7083157198769702,-0.013802588225475372,0.9999811053276062,0.46213084629603773,0.7036134907177514,0.013704514157559184,0.9999759793281555,0.44218910677092393,0.7591931956154956,-0.01669766972107546,0.8827009797096252,0.4646716782024926,0.7579718657902305,-0.001365456929696457,0.954850435256958,0.4548551167760574,0.824716564587184,-0.030097770744136387,0.9229809045791626,0.4916709882872443,0.8074411613600591,-0.0513134497616972,0.9653270840644836,0.45840604134968327,0.833876914637429,-0.033272849555526444,0.955751359462738,0.4958199952329906,0.8127338051795956,-0.05650375666362896,0.9700016379356384,0.45290028793471176,0.835663611548287,-0.04803050160408018,0.8868038058280945,0.49594059075627983,0.829535089220319,-0.0764305512819971,0.8880966305732727
49,0.44136936579431785,0.59594817502158,0.12414634206465307,0.9982119798660278,0.4395769757883887,0.591973154885428,0.11468891650438304,0.998569667339325,0.4386120787688662,0.5924100671495708,0.11466095979724605,0.9983922243118286,0.4376446323735371,0.5924001421247207,0.1145859105246407,0.9988234043121338,0.4425586427961075,0.5906617420060292,0.12141899338790343,0.9990507364273071,0.44376449840409393,0.590096591200147,0.12138307520321433,0.9990862011909485,0.4449806051594869,0.5895740526063099,0.12140582650899881,0.9992979168891907,0.4365054130554197,0.5958904521805897,0.0758157769484179,0.9992707371711731,0.44673718980380445,0.5918101498058861,0.0944815728281225,0.998271644115448,0.4404426412922993,0.6006264839853557,0.10634901417153218,0.997610330581665,0.4436452984809873,0.5996012636593407,0.11629468628338399,0.9970716238021851,0.42779380593981037,0.6257014121328078,0.03680154787642614,0.9999608397483826,0.46352333511625,0.6257636853626793,0.07995656036904876,0.9999316930770874,0.4233709011759075,0.6655273386410301,0.03366090721849883,0.6508176922798157,0.47880770989826726,0.6710062367575506,0.08538803585938042,0.4901978373527527,0.42427017859050187,0.6989739349910188,0.05606816847409518,0.4582652151584625,0.4702248258250098,0.697530787331717,0.10702069944569038,0.2818877398967743,0.4242882328374043,0.7089975118637082,0.05814658810517615,0.4208136796951294,0.4688319027423856,0.7059760570526119,0.11184903106519149,0.2689661383628845,0.42498499495642506,0.7081824762480596,0.05951607051704608,0.4104127883911133,0.4665185851710181,0.704190157141004,0.10986588277987067,0.2628515362739563,0.4262515110628944,0.7042823042188369,0.046419614021267194,0.35795703530311584,0.4665123811789919,0.7006513953208919,0.10612349680491852,0.2460453361272812,0.44194040043013416,0.7071513482502525,-0.011154974185462505,0.999982476234436,0.4621047760759079,0.7029646566935944,0.011048721349132908,0.9999778866767883,0.4359119585582186,0.7548990062304901,0.00011435222945042987,0.8930163383483887,0.4673329787594929,0.7597006201744075,0.0023122244082125157,0.9584373831748962,0.4466085067817141,0.8212454949106485,-0.022239815869501647,0.9295161366462708,0.4926316448620385,0.8253266113145008,-0.056565902488572226,0.9680036902427673,0.4504463357584815,0.8297774689538134,-0.026331652115498257,0.9597831964492798,0.4961666320051463,0.8350837247712268,-0.06265633265886986,0.9725685715675354,0.44597901105880716,0.8349643622125894,-0.041661418335778355,0.8915216326713562,0.4893027297088076,0.8370808073452536,-0.08522736813340864,0.8947147130966187
50,0.44152958137648424,0.5900280220167975,0.12040310033730092,0.9983888864517212,0.43974421024322485,0.5857552289962765,0.1118597024253436,0.998711347579956,0.4387462113584789,0.5858089464051379,0.11181373404605043,0.9985517263412476,0.43772585306848777,0.5857218469892227,0.11178790799209044,0.9989400506019592,0.44272078531129,0.5851139170782904,0.11465353412287571,0.9991447925567627,0.44389757684298903,0.5847078817231313,0.11459856735808503,0.9991766810417175,0.44507411292621046,0.5843363983290534,0.11461021282843176,0.9993672966957092,0.43642045600073653,0.5889250278472897,0.06917547647442134,0.99934321641922,0.44666899357523215,0.5866856779370986,0.08147762141057419,0.998443067073822,0.44055897678647704,0.5946502038410728,0.1071890662823404,0.9978474974632263,0.4436926109450202,0.5944043806621004,0.11039412702832899,0.9973618388175964,0.42678171055657504,0.6225772636277332,0.03120515745665344,0.999964714050293,0.4631722416196548,0.6246031318392069,0.06371669364827018,0.9999381899833679,0.42054928966930916,0.6632757987294875,0.03528590399239742,0.6842982172966003,0.47876905458314056,0.6688256553241182,0.06602165475487706,0.5095990896224976,0.4224599965981073,0.6961793354579378,0.08269165094409667,0.4945533871650696,0.4701997569629122,0.6928862622806,0.0857918839369501,0.278353750705719,0.4225121438503263,0.7058153595243178,0.0900616177490779,0.4476828873157501,0.46848481893539407,0.7011605995041981,0.0895391804831368,0.2608817219734192,0.42323762689317956,0.7033000809805731,0.08916511652725079,0.43553629517555237,0.4660886696406771,0.699153569766453,0.08781482917921879,0.2524515390396118,0.42428836226463296,0.6989509020532877,0.08400984965264793,0.3788650929927826,0.46620319911411806,0.6956465823309759,0.08499834580080845,0.23469781875610352,0.4404613639627182,0.7073594042233056,-0.00929699623957276,0.9999840259552002,0.46180223737444176,0.7041814701897754,0.009201045161379231,0.9999799132347107,0.4304621866771151,0.7511858531406944,0.01457730675382273,0.9036053419113159,0.469907714639391,0.7622294596263337,0.00807736456128103,0.9623814225196838,0.437840972627912,0.8201989224978852,-0.02635808025619812,0.9364857077598572,0.49337487901960075,0.8307358043534411,-0.046341826713510906,0.9709752202033997,0.4416866753782543,0.8292202217238286,-0.03159115325127328,0.9637684226036072,0.49650806273732845,0.8424395050321302,-0.052282764709421545,0.9752196669578552,0.4320026227406091,0.8334544845989769,-0.04874481601374488,0.901934027671814,0.4853777842862263,0.8351383413587293,-0.07359903784734859,0.9043087959289551
51,0.44124552692685787,0.5840241704668315,0.11070188092333925,0.998546302318573,0.439390798977443,0.5792888760566709,0.10127721301146911,0.9988372325897217,0.4383283393723622,0.579300899165017,0.10123525623764305,0.9986938834190369,0.43724598458835034,0.5792476637022833,0.10121347499745227,0.9990437030792236,0.44252819589206127,0.5787925635065349,0.10315358362027573,0.9992287158966064,0.44373012695993674,0.5784472482545032,0.1030924226556505,0.9992576837539673,0.4449015617370603,0.5780793002673555,0.10309722998312537,0.9994293451309204,0.43581731745174934,0.5824151805468964,0.05829505366938452,0.999407947063446,0.4463304485593521,0.580316489083426,0.06703374077166827,0.9985969066619873,0.44008997423308216,0.5888834919248306,0.09772088974714274,0.9980595111846924,0.44333591290882635,0.5885626997266494,0.09967265703848426,0.9976220726966858,0.424714033944266,0.6196394000734599,0.02549767760293823,0.9999681115150452,0.46288813948631263,0.622226102011544,0.048714444679873306,0.9999439716339111,0.41761372685432413,0.6619265828813823,0.03994226562125341,0.7137248516082764,0.47830170478139583,0.6671808310917442,0.050460372013705096,0.5436416864395142,0.4206702836922235,0.6913750239780968,0.10177589729428287,0.4854273796081543,0.4683355476175034,0.6913499883243013,0.06986487443958007,0.272661954164505,0.4209391985620769,0.7005067229270932,0.11180759168096946,0.43149444460868835,0.4664320809500556,0.6989530733653474,0.07287178465298241,0.25047481060028076,0.42212203230176637,0.6963681459426876,0.10938789173960681,0.41851308941841125,0.46391095859663806,0.6967276045254296,0.07168197961790218,0.2405024617910385,0.4227617408548081,0.6917521698134282,0.10345045147197582,0.3637126684188843,0.46415873680795916,0.6937251925468442,0.06924426332116124,0.2226478010416031,0.43793402484485056,0.7077932000160214,-0.00765956483249153,0.9999852180480957,0.4601564313684189,0.7053030644144327,0.0075855035334825485,0.9999815225601196,0.42645901867321545,0.7501267773764471,0.015496292683695036,0.9131313562393188,0.4718224363667622,0.7643534830638337,0.009397567306379119,0.9659754037857056,0.4286266599382671,0.8222373877252848,-0.022637554524200295,0.9427402019500732,0.49371997203145684,0.8302437986646376,-0.03193644583225248,0.9737064838409424,0.43252876145499075,0.8320614354951037,-0.027539832357849382,0.967290461063385,0.49714079243796194,0.8423682383128571,-0.03665174586432319,0.977558970451355,0.41732955149241835,0.8362769126892087,-0.043513022975197845,0.9108558893203735,0.4860396546976905,0.8348650983401704,-0.053320986777543995,0.9125927686691284
52,0.4408373355865476,0.5776429585048128,0.09877850732633041,0.9986879825592041,0.4388881053243363,0.5727459498814171,0.08905253580638336,0.9989507794380188,0.43781088420322944,0.5727643915585107,0.08901000193187164,0.9988221526145935,0.4367549385343277,0.572759756020137,0.08899591181959421,0.9991371035575867,0.442069397653852,0.5723892177854263,0.09019932448863978,0.9993044137954712,0.4432774637426647,0.5721374443599153,0.09013154932430807,0.9993307590484619,0.44444114821297764,0.5718109795025414,0.09012105720383776,0.9994853138923645,0.4351632382188523,0.5762336475508552,0.048467673361301394,0.9994663596153259,0.4459537080356051,0.5743600385529651,0.054382200006927735,0.9987359046936035,0.43972214886120364,0.5827762774058748,0.08670837751456664,0.998250424861908,0.4430823096207208,0.5824681554521831,0.08761449690376005,0.9978567957878113,0.4217157483100889,0.6154147914477754,0.018974564597010603,0.9999711513519287,0.46180041262081667,0.6175298963274272,0.03488425399575913,0.9999492168426514,0.4149691275187899,0.660431269236973,0.04321708796279769,0.7402065396308899,0.47681185177394303,0.6641111748559131,0.03928065544792582,0.5827192068099976,0.42012155396597706,0.6840193680354524,0.11099907415253771,0.47847357392311096,0.46710850681577387,0.6880331107548302,0.061681514978408784,0.29768723249435425,0.42100246378353645,0.6923919388226096,0.12232602877276279,0.42017582058906555,0.46526709028652713,0.6953977687018256,0.06445854646818976,0.26556339859962463,0.42261424234935197,0.6869044968060082,0.11868857358183174,0.40629085898399353,0.4628224091870442,0.6931062357766284,0.06338693329266136,0.2523442804813385,0.422966419798987,0.6829332045146393,0.11217261552810665,0.3528805673122406,0.4631373703479764,0.6902155280113217,0.061231626357351,0.23006783425807953,0.43346008317811124,0.7075272577149525,-0.005597715614463333,0.9999862909317017,0.4561079638344898,0.7054502878870279,0.005549568745690129,0.999983012676239,0.4217950761318205,0.750922756535666,0.02085637487471103,0.9217516779899597,0.47171386735779874,0.7648569362504138,0.0027737469678478562,0.9692755937576294,0.41985730528831466,0.8256279230117795,-0.00619408638615693,0.9484158754348755,0.49369258625166734,0.8297968574932639,-0.024083497029330034,0.9762086868286133,0.4233965865203311,0.8354920795985628,-0.009638343305726129,0.9705098271369934,0.49646017892020067,0.8418375100408277,-0.0267973433913929,0.979705810546875,0.4094788798264093,0.841340555463518,-0.020184366132265742,0.919258713722229,0.4871492232595169,0.8355623943465093,-0.03777935755039963,0.9203566908836365
53,0.4402045590536933,0.5711246694837295,0.10661409050226206,0.9988158941268921,0.43825464333806696,0.5663405946322847,0.09712829738855357,0.9990530014038086,0.4371377944946287,0.5664270298821583,0.09708769236292153,0.9989374279975891,0.4360651407923015,0.5665267501558574,0.0970748594829014,0.9992209672927856,0.44140120829854673,0.5660700815064563,0.09776709250041411,0.9993727207183838,0.4426113384110585,0.5659239564623149,0.0976827129721641,0.9993966817855835,0.443755519390106,0.5656883920942031,0.09766995353358128,0.9995359182357788,0.4342195451259611,0.5704383747918262,0.05565271462712966,0.9995188117027283,0.4452885849135261,0.5687078629221233,0.05397406997425213,0.9988613724708557,0.43911551322255793,0.5764912911823815,0.09414003086941579,0.9984225034713745,0.44242383497101895,0.5762929763112746,0.09433527014085219,0.9980687499046326,0.41857312236513394,0.6101573978151591,0.027387298271059977,0.9999737739562988,0.45948949115616916,0.6118437647819517,0.03837772256561686,0.999954104423523,0.41258939845221365,0.6588099360466,0.057263838393347574,0.7615164518356323,0.47409361430576846,0.6602185777255464,0.044505925263677304,0.6207534670829773,0.4207737190382819,0.6763664041246684,0.1293001975331987,0.4450902044773102,0.46491163458142937,0.6822133830615449,0.07264558779341831,0.32304733991622925,0.42233773640223893,0.683789537634168,0.142295753955841,0.38992422819137573,0.46276620030403115,0.6892262714249744,0.07652129850217271,0.28118985891342163,0.423593074083328,0.6784121087619234,0.13830551334789815,0.37652096152305603,0.46053572722843694,0.6868556499481198,0.07641270426767209,0.26538875699043274,0.4243594467639921,0.6750770551817755,0.13028330398457386,0.3275901973247528,0.46099756360053995,0.6839185987200053,0.07279231580240383,0.23810963332653046,0.4272782606737952,0.7053031478609354,-0.0038262794492766247,0.9999873638153076,0.45018243959971815,0.7043400577136445,0.003767640850440199,0.9999845027923584,0.4157519561903815,0.7526576876640316,0.023694928043654973,0.9295233488082886,0.4696233195917945,0.7637994442667275,0.0020600963516959102,0.9722870588302612,0.4128333483423503,0.8292637399264741,-0.002065163531473705,0.9535389542579651,0.4920111511434825,0.8288920368467054,-0.022819495985978773,0.9784954190254211,0.41580316254070804,0.8389438254492618,-0.005057473400873797,0.973419725894928,0.4934328062193732,0.8397742356572829,-0.025180689824212864,0.981657862663269,0.4067835867404936,0.8455639192036216,-0.012674846021192409,0.9269149899482727,0.4878633737564085,0.8377685206277026,-0.033734921392585535,0.9275133013725281
54,0.43841427734919935,0.5663583244596206,0.12953411021402897,0.9989311099052429,0.4364762774535586,0.561640839917319,0.12057207865374424,0.9991457462310791,0.4352797721113475,0.5617911440985541,0.12053281196526112,0.999041736125946,0.4340897466455185,0.5619473218917844,0.12052424124308989,0.9992970824241638,0.4396790530000412,0.5613156948770793,0.12011968961783812,0.9994344711303711,0.44080721225057307,0.5612236176218304,0.12001521374498089,0.9994562268257141,0.44187308124133495,0.5610493932451518,0.1200079909392765,0.9995816946029663,0.43231671367372765,0.5659657018525257,0.077676405438355,0.9995663166046143,0.4436193917478832,0.5645907504217962,0.06789020991751123,0.9989745020866394,0.43705826827457955,0.5718766195433478,0.11628965778010227,0.9985777735710144,0.4403990830693924,0.5715863466262815,0.1150224313139915,0.9982597231864929,0.4153560825756616,0.6054869140897475,0.05000975722713128,0.9999761581420898,0.45615847451346236,0.6087243318557737,0.04458739597882541,0.9999585747718811,0.4093876940863471,0.6579900520188464,0.08306187316775318,0.7597870826721191,0.46951928394181364,0.6576977321079795,0.0464160087917532,0.6530665755271912,0.4209093213081358,0.6722595214843747,0.1543683584247316,0.40246036648750305,0.4595219859055108,0.6777679886136733,0.07730811004127772,0.3118651211261749,0.42317573087556004,0.6784590397562296,0.16873073407581868,0.35271936655044556,0.45688441225460574,0.6840529509953087,0.08161716078008921,0.26667335629463196,0.4243029602936334,0.6733830196516851,0.16426930725574485,0.34048816561698914,0.45480770894459294,0.6813223174640106,0.0824398868850299,0.2505808472633362,0.4251877588885169,0.6704149586813788,0.15496198854276105,0.2966197431087494,0.45551309841019744,0.6782030718667164,0.07795500627585816,0.22385726869106293,0.4204393378325869,0.7012465357780453,0.0010766180639620866,0.9999884963035583,0.44351616076060685,0.7023622614996771,-0.0011642828504721228,0.9999859929084778,0.4090111698423111,0.7519341247422351,0.03844297262174741,0.9364120960235596,0.4647895378725867,0.7607165728296548,0.011296352757407079,0.9748575091362,0.4068650330815995,0.8297411271503989,0.00902352518002901,0.958067774772644,0.48644340634345984,0.8277157494000021,-0.01663875273869572,0.9804654717445374,0.4085817498820167,0.8400564772742132,0.005813801175515561,0.9760085344314575,0.4868301297937118,0.8388628636087686,-0.0195017538432564,0.9833894371986389,0.40578339099884014,0.8457195792879373,-0.001038828831432124,0.9332185387611389,0.488197875022888,0.8373216714177809,-0.028902681757296822,0.9332916140556335
55,0.43462097474506906,0.5650334221976141,0.14865769978080473,0.9990361332893372,0.432789281436375,0.5600119863237651,0.1402014987809317,0.9992297887802124,0.43149496487208755,0.5601307341030664,0.1401582926511764,0.9991360902786255,0.430174934012549,0.560224652290344,0.1401531868747302,0.999366044998169,0.4361418417521883,0.5597942181995934,0.13877246890749245,0.9994903802871704,0.4372159004211424,0.5597577810287473,0.13865970735039024,0.9995101094245911,0.4382310305322918,0.5596581288746422,0.1386537189994539,0.99962317943573,0.42865314739091037,0.5638307367052349,0.09596717442784986,0.999609112739563,0.44019328696387133,0.5633037652288162,0.0864276479397501,0.9990765452384949,0.4327933507306233,0.5705101217542373,0.1347152920705931,0.9987180233001709,0.4362942951066151,0.5703315104757034,0.1321976870298385,0.9984320402145386,0.41158706630979247,0.6037786245346066,0.06893281537507258,0.9999784231185913,0.45273604903902304,0.6081445625850129,0.04675601992223942,0.9999626278877258,0.40629904610770073,0.6579218506813046,0.10275758685810221,0.731174647808075,0.4640498808452059,0.6574534075600758,0.04795185519116263,0.6782430410385132,0.41917853781155157,0.6721146464347836,0.17174144621406273,0.362930029630661,0.4525824870382035,0.6781121560505455,0.08759856543370652,0.28809231519699097,0.4216774872371126,0.6779340403420582,0.1869317948818206,0.31832876801490784,0.44961303131920927,0.6838533656937732,0.09258566818067002,0.244822695851326,0.4237518898078372,0.6733136534690853,0.1823706286294119,0.30727145075798035,0.4474018130983623,0.6809945293835228,0.09444077312946314,0.2295265793800354,0.4241837297167095,0.6705172300338742,0.17204691767692556,0.26790010929107666,0.44821731277874516,0.6781698840005054,0.08884573451110292,0.20486712455749512,0.4141561601843151,0.6976296544075009,0.006882100123246863,0.9999896287918091,0.437824294396809,0.7003124356269833,-0.006987301019086898,0.9999873638153076,0.40287445783615095,0.7493000456265038,0.06215413148914062,0.942219078540802,0.4590168782642908,0.757463295119149,0.02916326936600462,0.9769493937492371,0.3997101690087998,0.8272554312433511,0.0400449222752026,0.961907684803009,0.47646918467112925,0.8272062693323404,0.006537279463892832,0.9819309115409851,0.4000785546643391,0.8380593470164703,0.037687615065702354,0.9782838821411133,0.47609764933586096,0.8393872175897866,0.004088523644687872,0.9848635792732239,0.40149462733949914,0.8439432161194933,0.0320098044084651,0.9376556277275085,0.4828086401735031,0.8374915991510661,-0.005676826648414134,0.9361406564712524
56,0.4300708404609133,0.5656124864305766,0.15194659914289194,0.9990851283073425,0.4282508875642502,0.560605590684073,0.14363528490066524,0.9992638230323792,0.42692398769514883,0.5606955647468564,0.14358796477317803,0.9991793632507324,0.425572781051908,0.5607446619442529,0.14358804821968071,0.9993934035301208,0.4317600088460103,0.5605392268725802,0.14165567436388554,0.9995214939117432,0.4328449411051612,0.5606183562959941,0.14155058392456593,0.9995438456535339,0.4339153672967636,0.5606695566858562,0.14153934206281382,0.9996503591537476,0.4240784014974319,0.5641905103410991,0.0991842293313571,0.9996345043182373,0.4358412376471926,0.5642828362328662,0.09465862448726378,0.9991573095321655,0.42810958623886086,0.5711371660232542,0.13799479731491626,0.9988066554069519,0.43172654254095877,0.5712087222508019,0.13483097915138512,0.9985576272010803,0.4073657904352459,0.6049973590033392,0.07361109171594889,0.9999790787696838,0.44879776154245626,0.6083735108375546,0.040044551129852,0.9999656081199646,0.4032742789813448,0.6583467108862737,0.10840171767132617,0.674314558506012,0.45850967935153397,0.660349231106894,0.04622733550412312,0.6784045696258545,0.414787664583751,0.6740609850202285,0.17420821275029855,0.32679712772369385,0.44576507210731486,0.6815861753055025,0.09844477730137957,0.2605503797531128,0.41761023742812,0.6793724622045241,0.1890213953597204,0.28671059012413025,0.44249365074293934,0.6884959408215111,0.10371871569326942,0.22123079001903534,0.42087199006761805,0.674397790431976,0.18410804569721212,0.27674615383148193,0.4400948805468421,0.6848284636225015,0.10574000584227694,0.20730184018611908,0.42071463806288567,0.6718293104852946,0.17411039641925258,0.24134783446788788,0.4410974987915582,0.6818421755518229,0.09989846944808956,0.18507425487041473,0.40898166384015744,0.6961322750364027,0.011959953510501817,0.9999904036521912,0.4329733346189769,0.7004772952624727,-0.012053077804739583,0.9999884963035583,0.39708696603775007,0.7488695996148242,0.08389920783894399,0.9445627331733704,0.4532973987715582,0.7557195203644885,0.04594840955521377,0.9758570790290833,0.38964384027889776,0.8255580561501635,0.08418106943635001,0.9643927812576294,0.4650581206594192,0.8292446613311764,0.04207204955455379,0.9817473292350769,0.38960823587008864,0.836273440292903,0.08406930631691853,0.9797346591949463,0.4639853145395004,0.841851643153599,0.04150200039148329,0.985148012638092,0.3912381836346216,0.8426983049937653,0.07845629810887784,0.9334840178489685,0.4720502504280633,0.8395314318793157,0.03152495170278207,0.924534797668457
57,0.42525962335722767,0.5664641107831679,0.13753182802881508,0.9991574883460999,0.4233543225697106,0.561874677453722,0.12892306276730123,0.9993190169334412,0.4220844141074587,0.5620119605745585,0.12887227237224574,0.9992434978485107,0.4208274091993057,0.5620975392205372,0.12887118714196336,0.999438464641571,0.4269976769174847,0.5616543820926119,0.12636003025940482,0.9995614290237427,0.4282432309218813,0.5617092728614804,0.12626302625451763,0.9995836615562439,0.4294981530734469,0.5617504256112232,0.12623454332351677,0.9996811151504517,0.4190478895391735,0.565775029999869,0.08458512978894366,0.9996657967567444,0.4310813529150824,0.5648108380181447,0.07742687229599268,0.999237596988678,0.4234957984515597,0.5721241406032015,0.12402209852422982,0.9989103674888611,0.42711667844227363,0.5722446441650388,0.12011550601039608,0.9986900091171265,0.40281530363219104,0.6065417936870027,0.06759652559246332,0.9999792575836182,0.44422771249498616,0.610576750550951,0.027354960835405742,0.9999681115150452,0.3997158902032033,0.6608012063162665,0.1027354119079453,0.6292073726654053,0.4524232166154042,0.6668774230139594,0.03967383844511848,0.6882416605949402,0.41034799218177775,0.6781626105308529,0.17254052375044132,0.29433494806289673,0.4394075853484016,0.6882254736764086,0.10587308385542457,0.23559033870697021,0.4126011405672344,0.683559029442923,0.18697131318705412,0.2583259046077728,0.4359337653432572,0.6961746692657468,0.11304953055722367,0.1998179405927658,0.4159548248563492,0.6789979747363495,0.18231594647680002,0.2493419647216797,0.4334115479673656,0.6918794751167294,0.11963216151509962,0.18714508414268494,0.4158275101866039,0.6762314030102318,0.1717244403702871,0.21753664314746857,0.4344007108892711,0.6886744941983901,0.11025086236851551,0.1671639084815979,0.40470342891556854,0.6985626816749569,0.012944845562534668,0.9999909996986389,0.4285808605807166,0.7036473870277402,-0.01302216888538428,0.99998939037323,0.3915599559034618,0.751044860907963,0.08957978955336976,0.9489034414291382,0.4482932806015012,0.7574725627899167,0.059283601545861764,0.9759644865989685,0.3776508195059638,0.825308947903769,0.10855093513216287,0.9672726392745972,0.45525365642138865,0.8338200603212624,0.079017091076925,0.9822791218757629,0.3777282484940118,0.8360676731382093,0.11039056841816217,0.9811796545982361,0.4536620071956088,0.8465273295130044,0.08095881710760292,0.9855738282203674,0.3742061521325791,0.8408148527145382,0.10403208493122028,0.9336488246917725,0.4617478149277821,0.8446365254265917,0.07289271394589114,0.9179216027259827
58,0.42005756071635636,0.5693562950406753,0.13296817626271923,0.9992243647575378,0.4181411589894974,0.5646936212267192,0.12442862327609737,0.9993686676025391,0.4169602956090653,0.564823428222111,0.12437980898788992,0.999302327632904,0.4158048425401958,0.5648964098521638,0.12438148771013527,0.9994798898696899,0.42183448331696627,0.5644243563924514,0.1214619962232453,0.9995971322059631,0.4232092968055178,0.5644332323755534,0.12137155085802072,0.9996193647384644,0.42458460586411595,0.5644185287611823,0.12134148457220617,0.999708354473114,0.4139154391629354,0.5687421185629706,0.08111270070075985,0.9996936321258545,0.4260402032307214,0.5673587509563989,0.06789498701691624,0.9993088245391846,0.4184835706438335,0.5751113193375721,0.12010472225291383,0.9990022778511047,0.4222020847456794,0.5751077805246623,0.1156604260206222,0.9988070726394653,0.3980103850364683,0.6100301912852694,0.06724545764071597,0.9999793171882629,0.43925111549241186,0.6153406432696749,0.024835652219397666,0.9999699592590332,0.3941174362386974,0.6672687547547473,0.0965519426124436,0.6159050464630127,0.4456110588141848,0.6755693537848333,0.033139572186129417,0.7051164507865906,0.40636176722390294,0.683118447235652,0.16155404703957688,0.26541540026664734,0.4317128598690031,0.695302901949201,0.0932378328272274,0.21357013285160065,0.40787822348730884,0.6896692054612292,0.17587834085736948,0.23308567702770233,0.42766622475215343,0.7028064012527462,0.09928483239242003,0.18081612884998322,0.41105793629373805,0.6851898942674906,0.1680057397910526,0.22497999668121338,0.42561685783522446,0.6986109018325802,0.10742601794855931,0.16922593116760254,0.4108679473400114,0.682255411148071,0.1625075025217873,0.1964268535375595,0.42653579371316075,0.6954988428524558,0.09842192445482521,0.15128636360168457,0.39998608486992954,0.70571482692446,0.012435159246836384,0.9999909996986389,0.4237480231693811,0.709854355880192,-0.012515276936548091,0.9999898076057434,0.3850524817194256,0.7575631942067824,0.08537689255816593,0.9536958336830139,0.44409065161432515,0.762298146315983,0.06250246529068262,0.9774511456489563,0.36536083476884007,0.8270634140287123,0.1063420346805027,0.9703848958015442,0.4499544186251502,0.8407691342490056,0.09047584959438865,0.9834115505218506,0.365373384952545,0.8389054860387526,0.10831228068896698,0.9828774929046631,0.44861901998519876,0.8544253894260948,0.09330574891396928,0.9865118265151978,0.3553829806191579,0.8393644486154825,0.09953649363347458,0.9380679726600647,0.45828731570925013,0.8479718208312984,0.08590106612869668,0.9173324108123779
59,0.413752576283046,0.5749930552073885,0.1330352617161614,0.9992916584014893,0.41199908256530743,0.5697775432041711,0.12488112023898526,0.9994205832481384,0.41087428842272056,0.5697264722415376,0.12483428674084794,0.9993617534637451,0.4097776753561836,0.569661828449794,0.12483783279146461,0.9995233416557312,0.41563000593866606,0.5698854940278187,0.12187820332390915,0.9996326565742493,0.4170572604451859,0.5699144363403318,0.12179405604090003,0.9996538162231445,0.4184629712785991,0.5699084537369862,0.1217670172452926,0.9997347593307495,0.4079019222940716,0.5731764095170154,0.08305591728006087,0.9997203350067139,0.42001702870641416,0.5729797823088507,0.06746589328561506,0.9993740320205688,0.41213790007999945,0.5806947350502012,0.12078634649515146,0.9990910887718201,0.416008298737662,0.5808749965259004,0.1163100606628826,0.9989169239997864,0.3923756105559211,0.6160996760640823,0.0676428148789065,0.9999796748161316,0.43338819146156293,0.6217352918216157,0.02895928807556628,0.9999716877937317,0.3880459470408302,0.6754836899893621,0.09375015688793994,0.6037498116493225,0.4384697462831223,0.6823040740830555,0.033617555509720516,0.7177121043205261,0.40181305238178777,0.6890317644391737,0.15575536212750837,0.23980560898780823,0.42414504970822997,0.7000176395688735,0.08522877512233594,0.1938668042421341,0.40264165571757704,0.6975265077182221,0.17356641228709896,0.21094819903373718,0.4193098025662556,0.7060830473899838,0.09010265735643247,0.16386955976486206,0.4058787592819757,0.6933317388807021,0.15986883682864045,0.20363618433475494,0.4178296463830129,0.7027716960225784,0.09710464748953065,0.15323930978775024,0.40558939576148967,0.6904762847082953,0.16102088519505084,0.1780356466770172,0.4187022898878368,0.7000242539814536,0.08974364053990155,0.13713929057121277,0.3944235163075581,0.7141324451991486,0.011154335471136225,0.9999910593032837,0.41879070486341186,0.7163016710962564,-0.01124161314219236,0.9999901652336121,0.376862483365195,0.764130113806043,0.07798659716333659,0.9580750465393066,0.4414384237357546,0.7667480043002534,0.05811394729784554,0.9786804914474487,0.3551768166678291,0.8304545811244415,0.09162972335304528,0.97319495677948,0.44874019367354234,0.8449395554406298,0.08407479524612423,0.9841898679733276,0.35503322482109057,0.8435995987483429,0.09280852973461146,0.984443724155426,0.44751274841172334,0.8588629075459068,0.08677403288228167,0.9872971773147583,0.3425662602697098,0.8388772726058955,0.08358139810817578,0.9424192309379578,0.45802355323519006,0.8497864433697288,0.08113469758204048,0.9157899022102356
60,0.4068691611289976,0.5804788010460987,0.13884034412247787,0.9993501305580139,0.40511781317847095,0.5746563826288493,0.13098074964114592,0.9994649291038513,0.4039391100406645,0.5744309186935422,0.13093390507357455,0.9994131326675415,0.4027883759566714,0.5742111035755699,0.13093846631901598,0.9995613098144531,0.40882594670568173,0.5753421272550308,0.1285227239131927,0.9996631145477295,0.410255044698715,0.5755219970430644,0.12844520040920798,0.9996834993362427,0.41165099484579887,0.5756542444229124,0.12843032713447294,0.9997575283050537,0.4009385790143692,0.5778150371142794,0.09008246553795674,0.9997426867485046,0.4130937593323842,0.5792891740798947,0.07390781609075406,0.999430239200592,0.40511012417929493,0.586090050424848,0.12653257399797432,0.9991639852523804,0.4090558256421768,0.5867182408060343,0.12269245897020606,0.9990084767341614,0.38570300766399906,0.6216652137892584,0.06341769322752949,0.9999792575836182,0.4261752486228941,0.6262310334614343,0.036383391810314976,0.9999722838401794,0.38094631348337427,0.6794794201850888,0.0801834398082324,0.5797545909881592,0.4312814908368245,0.6862386703491208,0.03246840909123419,0.7185818552970886,0.39439774070467254,0.6931640301431925,0.1246852127569062,0.2163320779800415,0.4167124807834623,0.7025204420089719,0.06393164359033104,0.1755640059709549,0.3951330499989644,0.702843242032187,0.1395732536911964,0.19046805799007416,0.41138022031102844,0.7080969367708475,0.06548387099589617,0.14822576940059662,0.3986876445157186,0.6973490817206243,0.12646300026348653,0.18387490510940552,0.40996039765221715,0.7046525921140395,0.06764998994767663,0.1385306417942047,0.39842945763042975,0.6943895050457543,0.130261691553252,0.16087764501571655,0.4109531070504868,0.7018721342086789,0.06524186054510726,0.1240496039390564,0.38759042620658857,0.7194120458194184,0.009814631007611747,0.999990701675415,0.4129941259111675,0.7209581289972574,-0.009915896425289762,0.9999901056289673,0.3680104025772638,0.7670407516615727,0.07399847315890444,0.9614409804344177,0.43750168851443677,0.7677114554813926,0.05779326068503513,0.9776098728179932,0.34833711726324884,0.8340505991663247,0.08167547833706648,0.9755520820617676,0.4489539018699099,0.8444369724818634,0.08188570665993858,0.9838280081748962,0.34795564498220155,0.8478642821311947,0.08205443085836508,0.9857368469238281,0.44790680153029283,0.8575762305940896,0.08426302431949545,0.9875971674919128,0.3378762015274591,0.839764867510114,0.07210768251014604,0.9448230266571045,0.4584230337824138,0.850738748482295,0.07899731551962236,0.9070030450820923
61,0.3991720897810798,0.5823633653776983,0.13235886394977564,0.9993886351585388,0.3972629811082566,0.5766393371990746,0.12425664876188544,0.9994907379150391,0.39610352005277344,0.576431117738996,0.1242086857557296,0.9994439482688904,0.39497831889561225,0.5762002961976185,0.12420632924352368,0.9995858669281006,0.40094896044049927,0.5773117150579177,0.12255044409206929,0.9996823072433472,0.402326852083206,0.5774891223226272,0.12247349236692695,0.9997027516365051,0.4037103661469049,0.577599421569279,0.12245929070881428,0.9997727870941162,0.3930152841976709,0.5801753027098517,0.08376575665814533,0.999755322933197,0.405008508477892,0.5813363330704822,0.0715339239154543,0.9994643330574036,0.39740256241389665,0.5878725664956226,0.11981913724115911,0.9992193579673767,0.40123663544654825,0.5885462215968538,0.11687673266444881,0.9990754127502441,0.378025710582733,0.6227807828358238,0.05325539207884242,0.9999799132347107,0.41802749804088024,0.6277555806296209,0.035072269077811906,0.9999727606773376,0.37295984710965824,0.678478794438498,0.06261876842805314,0.5850915312767029,0.4239994134221756,0.6870575428009029,0.022143334842153948,0.7176109552383423,0.3859134682587213,0.6924617137227737,0.09684349958385735,0.1976187825202942,0.41035305772508873,0.7035477467945641,0.03718341514468191,0.16051431000232697,0.3873558802264076,0.7014026709965293,0.10648766351597644,0.1745365411043167,0.40556366784231984,0.7098264915602545,0.037386794707604795,0.1352941393852234,0.3902782823358262,0.6956165943826944,0.09941021289144239,0.16853263974189758,0.40380460875374913,0.7058348945208955,0.038501919752785115,0.12624672055244446,0.3901122748851774,0.6930433903421671,0.09870831519365306,0.1475474089384079,0.40474492481776625,0.7028611796242847,0.0376201456678765,0.11307499557733536,0.3806245676108767,0.7203672017369948,0.007547600244704099,0.9999906420707703,0.4061128071376254,0.7215799212455747,-0.007664274906606544,0.9999901652336121,0.36118322355406607,0.7659256849970133,0.06355712818247927,0.9642131328582764,0.42973333852631684,0.7665643164089744,0.045604307417358644,0.976629912853241,0.34517716935702714,0.8353657296725678,0.054363379521029306,0.9777085185050964,0.4476104446819848,0.8388907160077772,0.045924507720129806,0.9838788509368896,0.3450676143169401,0.8490233148847304,0.053071976559502715,0.9869682192802429,0.4467447536332264,0.8511341112000599,0.04599605649709698,0.9881032705307007,0.3371282645634241,0.8404192975589204,0.042001600543569224,0.947428286075592,0.45838964326041065,0.8512666361672534,0.03807370779769759,0.9013071060180664
62,0.39090671709605607,0.5818628004619051,0.13456721476146147,0.9993837475776672,0.3889325295175823,0.5762477551187786,0.12583096133811128,0.9994885325431824,0.3878049194812773,0.5761188473020278,0.12577937926564892,0.9994441270828247,0.38672109075954963,0.5759432026318139,0.1257712115134511,0.9995822906494141,0.3925150837217057,0.5767414535794937,0.12523911574057164,0.9996873736381531,0.39384160126958556,0.5769073264939442,0.12515706185783654,0.9997118711471558,0.39521605372428875,0.5770112940243309,0.12514785102435516,0.9997797012329102,0.38473318559782826,0.5802273460796898,0.08210158135209761,0.9997541904449463,0.39647974882807036,0.580834364891052,0.07709775247744148,0.999482274055481,0.3893121191433496,0.5873237286295206,0.12071560025215142,0.9992377161979675,0.39294847590582693,0.5878696611949372,0.11924074164458677,0.9991093277931213,0.37030656593186495,0.6218321323394772,0.04485780969262121,0.9999797940254211,0.41025898626872453,0.6268744962556019,0.040420276033026815,0.9999734163284302,0.365436804294586,0.6769304803439546,0.05589214009898046,0.5634967684745789,0.4165076962539126,0.6858665278979708,0.024086399057081757,0.7092059254646301,0.3780931370598928,0.6894467745508464,0.09600673807518818,0.1783505082130432,0.4045057645865847,0.7029321398053847,0.031610310982380575,0.14710798859596252,0.380263658932277,0.6968012162617272,0.10345154872962402,0.15770161151885986,0.4008403880255561,0.7102604150772092,0.032147645205259305,0.12392245978116989,0.3825951525143213,0.6920120273317606,0.10129945235592973,0.15229551494121552,0.3987392442567006,0.7058774692671637,0.03283745566649094,0.11554142087697983,0.3826647784028733,0.6892019714627944,0.09566860667296813,0.1334233283996582,0.3994582670075551,0.7025437627519877,0.031505976457680954,0.1034211665391922,0.37375226531709926,0.7194376485688342,0.003853271409337008,0.9999911189079285,0.398602783679962,0.7208955679621012,-0.003984866703727414,0.9999908208847046,0.3562671823160987,0.7637711916651041,0.05558389153863699,0.9670387506484985,0.4178368040493554,0.7665871398789539,0.04712456890514917,0.9778617024421692,0.34419999037470117,0.8350688440459111,0.03486762946205478,0.9797285795211792,0.44293112669672263,0.8285148705754957,0.029987068766994127,0.9850674867630005,0.34452207854815875,0.8484010509082245,0.032558409310877306,0.9881666302680969,0.4433273289884838,0.8386456949370243,0.028428170457482325,0.9890989661216736,0.33713422587939657,0.8405667236873078,0.01989387901765959,0.9505729675292969,0.4544358236449103,0.8462245821952816,0.018609718625832876,0.9071740508079529
63,0.38271215898650013,0.5811925394194464,0.13920526632240832,0.9994182586669922,0.3808476209640501,0.5757873450006754,0.13009322030203677,0.9995188117027283,0.3797540417739321,0.5757122635841366,0.1300404855183192,0.999478816986084,0.3787146985530851,0.575586744717189,0.13003073121820172,0.9996072053909302,0.38432588832718967,0.5761224542345317,0.1303224384784698,0.9997074604034424,0.38565248591559254,0.5762155532836911,0.1302342853375843,0.9997319579124451,0.387011043514524,0.5762773462704247,0.1302296306405748,0.9997950792312622,0.37680092794554554,0.579814267158508,0.08414572009018485,0.9997701048851013,0.38834916182926704,0.5799231767654416,0.08448850406067708,0.9995205402374268,0.38126536096845337,0.586657529217856,0.12440020846469056,0.9992841482162476,0.3847417533397673,0.5871051669120786,0.12404884610857277,0.999167263507843,0.3636750945023126,0.6211205533572604,0.04194672097052845,0.9999807476997375,0.40347790122032146,0.6255750826426911,0.049034988667283716,0.9999746084213257,0.36072217907224363,0.676992571353912,0.05673616507223672,0.5371602773666382,0.4098693277154648,0.6836436305727275,0.03623307714504853,0.6901963353157043,0.3722351201942987,0.688451288427625,0.1070173785090446,0.16107456386089325,0.39877075382641364,0.7016584004674635,0.049991414270230676,0.13440150022506714,0.37516301444598593,0.6947510225432256,0.11741124838590618,0.14267396926879883,0.3960855730942316,0.7104099205562043,0.05312007378254616,0.11350272595882416,0.3770766683987207,0.6897314122744965,0.11557690160615097,0.13778278231620789,0.3938549739973884,0.7058819736753188,0.054420190996357344,0.1056908667087555,0.3770192146301268,0.6872435416494094,0.10807064196893142,0.12080780416727066,0.3943013421126772,0.7020503793443948,0.050305513771516916,0.09459351748228073,0.36903875725609897,0.7177757467542372,-0.002088251779787241,0.9999913573265076,0.3924021925245011,0.7197346482958109,0.0019398232755650359,0.9999911785125732,0.35059705206326064,0.7594783902168271,0.036871447839907215,0.9692553281784058,0.4046066863196235,0.7649432335581094,0.05455102271267343,0.9746102690696716,0.34266855631555815,0.8337840625217978,-0.0005251037755182831,0.9814434051513672,0.43119968516486007,0.8131338170596527,0.01679165448461259,0.9849597215652466,0.3442172067505971,0.8464253442628039,-0.00432593215789114,0.9891919493675232,0.434118718760354,0.8204243472644257,0.01275446180786404,0.9897315502166748,0.3365251992430004,0.8412708861487248,-0.018815390971888384,0.9533993601799011,0.4435040848595754,0.8360617194856912,0.0008527668725166904,0.9067705869674683
64,0.3749730237892694,0.5809834480285642,0.1466065802744456,0.9994385242462158,0.373204902240208,0.5756349989346092,0.1370346654738698,0.9995391368865967,0.3720907577446527,0.5755726456642148,0.1369795335190636,0.9995007514953613,0.3710616827011107,0.5754501904760085,0.13696775883436196,0.9996231198310852,0.3767347514629362,0.5758670466286793,0.13818723240068975,0.9997203350067139,0.37813491906438534,0.5758039082799636,0.13809728601149143,0.9997449517250061,0.3794834486075809,0.5757169331823073,0.13809783203261233,0.9998049736022949,0.36935738750866465,0.5796242577689033,0.08884395105498173,0.9997777938842773,0.38091186625616874,0.5791646344321112,0.09317855515650336,0.9995400905609131,0.3736169951302663,0.5864913684981208,0.13083410135337278,0.9992948770523071,0.3771074746336254,0.5868303758757452,0.13169440286500106,0.9991810917854309,0.35763395513807006,0.6206746782575332,0.04252733109252792,0.9999812245368958,0.3974971141133988,0.6246832881655009,0.06140878126025197,0.9999745488166809,0.35748587506157997,0.6782381398337225,0.05403222516179082,0.5057373642921448,0.40383175441196967,0.6822014280727928,0.05303107872605322,0.6556245684623718,0.36727794834545663,0.6884328126907345,0.11584900851760586,0.14553077518939972,0.39210456439426944,0.699482430730547,0.0715694513171911,0.12260103225708008,0.3691917930330547,0.6945013642311093,0.12707486195223666,0.1290936917066574,0.3895720251968927,0.708069905212947,0.07587676463382581,0.10369135439395905,0.3714208875383648,0.6887182082448684,0.1260625881808144,0.12467312812805176,0.3876335433551242,0.7032292451177321,0.07739317869501451,0.09646341949701309,0.3714433380535669,0.6864954505647929,0.11738859329904823,0.10937047004699707,0.3880171230861117,0.6998864395277837,0.07173473819025922,0.08624596148729324,0.3657842917101722,0.7169024893215721,-0.008590624494744195,0.9999911189079285,0.3880887567996977,0.7194219793592177,0.008421502861061261,0.9999911785125732,0.3436069914272852,0.7526894739695954,0.019914287860904413,0.9683663845062256,0.3925333040101186,0.7596486823899402,0.07396594466907634,0.9470877051353455,0.33986946003777624,0.8322315914290288,-0.020364768031452377,0.9821956753730774,0.4169520659106116,0.804792852061135,0.038838511040168125,0.981019139289856,0.3425255852086202,0.8442571299416675,-0.02455942165106534,0.9899798035621643,0.42155306765011363,0.8106241226196285,0.03467419610491819,0.9895519614219666,0.3356568864413668,0.8416457806314737,-0.03831661064177749,0.9529669284820557,0.42473151939255827,0.8290514366967334,0.02542757790402641,0.8959447741508484
65,0.36763889023235846,0.5807678614343913,0.1471773624420165,0.9994708299636841,0.3658881212983811,0.575544328348977,0.13710439034870686,0.9995650053024292,0.36481379611151543,0.5754818967410493,0.1370475462504795,0.9995318651199341,0.3638313983167919,0.5753552181380133,0.13703107280390597,0.9996461868286133,0.3693980446883609,0.5756463187081471,0.13910896650382443,0.9997347593307495,0.3708023667335509,0.5754175339426311,0.1390205344983509,0.999759316444397,0.3721304859433854,0.5751651900155201,0.13902055365698673,0.9998149275779724,0.36235208766800997,0.5795169370515003,0.08851690292358394,0.9997930526733398,0.3736945790903907,0.5784525394439695,0.09691396313054217,0.9995659589767456,0.3663932945047105,0.5863476974623542,0.13095012264592298,0.9993355870246887,0.36989451050758343,0.5865297317504881,0.1327993942158562,0.999222993850708,0.35193514738764065,0.6211952975818087,0.04071475629295619,0.9999821782112122,0.3912482908793856,0.6237712979316709,0.07175990470818107,0.9999735951423645,0.35359953045845016,0.6802461538996012,0.05279172036264622,0.4820687472820282,0.39819025482450193,0.6811929804938177,0.06250057795218056,0.611128032207489,0.3628569986139023,0.6870440942900518,0.12496133723429266,0.13145612180233002,0.38459842801094035,0.6953571319580074,0.07985903716513085,0.11088553816080093,0.3645288629191261,0.692026591300964,0.13561809786728443,0.1167958527803421,0.3819386822836738,0.7009966083935326,0.0875174562845911,0.09396475553512573,0.36683286258152537,0.6857318043708798,0.135200305708817,0.11278985440731049,0.379776050363268,0.6960483380726402,0.08956489115953442,0.08739026635885239,0.36605931605611514,0.6836224692208422,0.12707088525806148,0.09901159256696701,0.38012915168489714,0.6930098278181891,0.08138858920761513,0.07817218452692032,0.3632899343967436,0.7162760751588,-0.015176572254858904,0.9999900460243225,0.3846855333873202,0.718688813277653,0.015001214079425796,0.9999899864196777,0.3368255291666302,0.7480783155986237,0.012221738057477127,0.9690814018249512,0.3840257550988877,0.754466126646314,0.08661294898816513,0.9127231240272522,0.33580984643527423,0.8309379271098541,-0.02245639019778796,0.9826634526252747,0.4035481197493415,0.8069160069738112,0.05609975638134136,0.9753900170326233,0.3391390630177088,0.8422988516943791,-0.025149383395910253,0.9903430938720703,0.40792371119771664,0.8151874320847643,0.05235985283340724,0.988449215888977,0.3304504198687416,0.8419827801840643,-0.03512630704125122,0.9511829614639282,0.40352497867175485,0.8285309042249402,0.045458876048879944,0.8816976547241211
66,0.3606918607439312,0.5805771538189477,0.1476649710110255,0.9995180368423462,0.3588413706847598,0.5757094042641773,0.1360635318926402,0.9996023774147034,0.35775331514222264,0.5757154635020663,0.13599357221807745,0.9995735287666321,0.35674467682838423,0.5756661977086746,0.13597241682665684,0.9996771812438965,0.36230231182915806,0.5755566409655977,0.14114884819303233,0.9997573494911194,0.36363761765616265,0.5752680914742603,0.1410800559180123,0.9997803568840027,0.3649820131914955,0.5749513813427514,0.14108953433377397,0.9998306632041931,0.3553420560700551,0.5798791578837801,0.0831547745636531,0.999812126159668,0.36675873313631313,0.5783742700304301,0.099975445653711,0.999604344367981,0.35952507683208995,0.5862656337874274,0.12975490433829168,0.9993961453437805,0.3629732021263666,0.5862939119338987,0.13622996296201428,0.9992923736572266,0.3460715200219834,0.6234372513634815,0.030762758505131504,0.9999837279319763,0.3842912818704331,0.622962176799774,0.08264339459793904,0.9999745488166809,0.3482340250696453,0.6838538561548502,0.04887588352763225,0.5142183899879456,0.3906020607267105,0.6799832395144868,0.07332976928779053,0.5830152630805969,0.35747482095445887,0.6894363471439904,0.13027013125164164,0.1264919638633728,0.3765277581555501,0.691367445673261,0.08452421514583483,0.10341516137123108,0.3590720040457588,0.6960039990288867,0.1401787058583327,0.11386649310588837,0.3741458782127924,0.6936137369700838,0.09252657038824895,0.08971657603979111,0.3614677565438405,0.6905516658510478,0.14017073272594377,0.10992807149887085,0.37142397505896413,0.6887588586126052,0.09442987734717978,0.08323295414447784,0.36093850561550667,0.6877056973321094,0.13298389347536216,0.09689673781394958,0.3716566758496419,0.6863299489021298,0.08617811756474628,0.0746380090713501,0.3598287659032003,0.715698979582105,-0.021849688195756493,0.99998939037323,0.38102318474224617,0.7181018880435396,0.02168565581419637,0.9999890327453613,0.3317828714847563,0.7463582379477361,0.023983822127671105,0.9719289541244507,0.37838791097913455,0.7528545056070597,0.11123847216367716,0.913031280040741,0.3305603138038089,0.830872467585972,0.008558580093085764,0.9842110872268677,0.39679715292794343,0.8128208313669474,0.10385696637843331,0.9768442511558533,0.3345959646361213,0.8421031185558859,0.00892546379140445,0.9911531805992126,0.4005155052457535,0.8251327923365998,0.10267122771058759,0.9892401695251465,0.3200004407337732,0.8441232136317658,0.00030460786074400226,0.954870343208313,0.38917075054986117,0.828876103673662,0.097472147663523,0.8894391655921936
67,0.35412410327366406,0.5812821013586859,0.14163499474525446,0.9995350241661072,0.35215024096625175,0.5769160764557972,0.12926414098058422,0.9996110200881958,0.3509701813970292,0.5770783935274394,0.12918529531785414,0.9995909929275513,0.34986993415015066,0.5771742650440759,0.12915943839720312,0.999689519405365,0.355571138858795,0.5764538526535031,0.13696959274155746,0.999759316444397,0.35683900288173115,0.5762018186705451,0.13692886446203498,0.9997846484184265,0.3582155661923543,0.5759107725960866,0.13695293068885797,0.9998314380645752,0.3483837085110799,0.5815213067190985,0.07585257227931701,0.9998235106468201,0.36024003710065555,0.579633055414472,0.09918388213430128,0.9996103048324585,0.3529209281717026,0.5872060656547544,0.123569144308567,0.9994354248046875,0.35629416874476827,0.5871170997619626,0.1345087081193923,0.9993300437927246,0.3396212015833172,0.6267307979719976,0.016854900254734916,0.9999850392341614,0.3769011821065628,0.6226490344320021,0.08788425603083197,0.999972939491272,0.34209983944892863,0.6874826908111569,0.021679678153512724,0.5440569519996643,0.38173472711018136,0.6772915908268516,0.06121989467314308,0.5365812182426453,0.3506362651075634,0.6944894415991644,0.07585258867059431,0.11986613273620605,0.36806582553046074,0.6886506472315104,0.034077073846544514,0.09528335928916931,0.35105256864002754,0.7036280972617011,0.07988927289843555,0.1081220805644989,0.36590016058513075,0.6888480663299558,0.035061649765287105,0.08440487831830978,0.3535516602652412,0.6972796099526538,0.08086794465780253,0.1042950227856636,0.3618448300021034,0.6840273550578523,0.036041718082768556,0.07820549607276917,0.35352831653186234,0.6950428179332185,0.07839858893837244,0.09200259298086166,0.3625277476651326,0.6817640628133499,0.03384148595588546,0.07008775323629379,0.35509106687137043,0.7177043233598979,-0.028258225960390897,0.9999876618385315,0.3765297796045029,0.7182585614068164,0.028096886271876936,0.9999864101409912,0.3270618149212427,0.7498746991157529,0.020816146888371016,0.9742796421051025,0.37511274644306714,0.753823341642107,0.12436357140541071,0.8993260860443115,0.32381125773702335,0.8329550147056576,0.008054806338623165,0.9855068922042847,0.3945719233580996,0.8152260337557108,0.1232959349240575,0.9769189953804016,0.3286551654338835,0.8446470209530418,0.008277722847248824,0.9918087720870972,0.3987246036529539,0.8298536590167451,0.12242470830678934,0.9895713925361633,0.3067953177860804,0.8498981339590885,-0.005735054825033457,0.9571706056594849,0.38513051697186046,0.8274632539067945,0.11354905409472324,0.8910649418830872
68,0.3475002740110668,0.5824627518653867,0.13713446408510202,0.9995760321617126,0.34545138307980117,0.5783910325595308,0.12466662015233715,0.9996445775032043,0.34417383841105853,0.5786640507834295,0.12458594909736083,0.9996275901794434,0.3429453296320777,0.5788682052067344,0.12455634112868984,0.9997169375419617,0.34885810869080663,0.5777519719941273,0.13354837426117483,0.9997791051864624,0.35008488042013974,0.5775462899889262,0.13352570065430225,0.9998028874397278,0.3514333324772969,0.5772959981645854,0.13356085462229586,0.9998447299003601,0.34145598581859027,0.5833164930343625,0.07074436353785647,0.9998397827148438,0.3536365151405333,0.5814077377319333,0.0995243240680013,0.9996404051780701,0.34615670101983187,0.5887232967785424,0.11940799589667996,0.9994873404502869,0.34951864225523793,0.588539956297193,0.1328215394701276,0.9993881583213806,0.33299531681197014,0.6295484951564241,0.008254605917526138,0.9999864101409912,0.36966819678034085,0.6225318993840896,0.09445250907114569,0.9999728202819824,0.3364484063216617,0.6909570642880027,0.0008882460051349225,0.5872377157211304,0.373063049997602,0.6747514333043776,0.06892534324101036,0.5258522033691406,0.34156501548630835,0.7022750496864315,0.04056185792599404,0.1608790159225464,0.36020928536142605,0.6892048103468755,0.03214511054434945,0.09649784117937088,0.3397570635591233,0.7117259877068652,0.04128236845135686,0.14487722516059875,0.35792339529309936,0.689670189789363,0.02922191683735165,0.09210354834794998,0.3413899660110472,0.7045426692281447,0.04338628793401375,0.14054608345031738,0.35332385046141473,0.6856688278062,0.027054620161652554,0.08514116704463959,0.3424460291862486,0.7027240446635652,0.04309083414929251,0.11953306943178177,0.3543315785271779,0.6836133292743135,0.0292482725211552,0.0746232122182846,0.35037192702293385,0.7212550009999954,-0.03214771316519804,0.9999855160713196,0.37159467680113645,0.7189183814185003,0.0319936976368938,0.9999824166297913,0.3220567141260418,0.7577299969536914,0.0034576061214985545,0.9767482280731201,0.372206892286028,0.7541721803801397,0.12956837075097216,0.8983540534973145,0.31787493569510306,0.839964607783726,-0.01017684143568788,0.9868515729904175,0.3955357943262371,0.8174633145332333,0.1291366930518831,0.9775047302246094,0.32302451304026997,0.8527795399938307,-0.0116021311708859,0.9925625324249268,0.4004682523863654,0.8323139565331592,0.12821160278150007,0.9902411103248596,0.2983444137232643,0.8566406590597966,-0.029292413459292472,0.9607204794883728,0.3858961752482821,0.827406617573329,0.11936352827719275,0.8952227830886841
69,0.3406495409352437,0.5831973075866697,0.12800114303827273,0.9996055364608765,0.3385974517890382,0.5791430796895705,0.11612974745886663,0.9996672868728638,0.3372995146683282,0.5795009783336094,0.11605049307857232,0.9996556043624878,0.33602490339960356,0.5798102889742165,0.11602518899100159,0.9997386932373047,0.3419496101992469,0.5783863254955832,0.12354147647108345,0.9997894763946533,0.3431421237332478,0.5782052772385728,0.12351629648889809,0.9998124837875366,0.34441813315664,0.5779976623398911,0.12354445031711024,0.9998500943183899,0.33468172635350885,0.5843494534492487,0.06418163159063879,0.9998535513877869,0.3467804014682767,0.582342195510864,0.09037282339164182,0.9996562004089355,0.3392777008669714,0.5898690973009378,0.11133051259177065,0.9995309114456177,0.3426353471619741,0.5895290068217685,0.12232568136283328,0.9994329810142517,0.3270939963204518,0.631387945583888,0.005124484707734408,0.9999876022338867,0.36264397161347506,0.6223959309714178,0.08870194320167814,0.9999693632125854,0.33090842621667027,0.6936406050409587,-0.0033658071487610436,0.6270868182182312,0.3646577766963411,0.6741560322897772,0.07480377022709161,0.48538467288017273,0.3320864958422523,0.7078807473182673,0.03158553136246532,0.2075321525335312,0.3522083725248062,0.6954542449542451,0.04881959568176951,0.0892595648765564,0.329025910581861,0.7156925507954184,0.031665454059839115,0.1817677617073059,0.3497356270040783,0.6971553308623175,0.04686388777835028,0.08663608133792877,0.32934195995330795,0.7079370839255195,0.03431281128099978,0.17565521597862244,0.34461653402873443,0.6928732820919578,0.048287965357303536,0.07999181002378464,0.33078910112380966,0.7060728277478898,0.03421864903398912,0.14777922630310059,0.3460276671818323,0.691997500828334,0.04679736303431642,0.07046844065189362,0.3454859375953673,0.7235655290739877,-0.03234537046934874,0.9999843239784241,0.36616356543132206,0.7194678596087859,0.03215491904744079,0.9999787211418152,0.3169430928570882,0.7639589854649129,0.01255847868908726,0.9789356589317322,0.36636227454457937,0.7540686777659822,0.11608493455818715,0.8971427083015442,0.3145926075322286,0.8468153374535693,0.006146619009918378,0.9880484938621521,0.3915430920464649,0.8149582982063291,0.11716874518564764,0.9783236980438232,0.319747597830636,0.8600451333182197,0.00481962697314366,0.9931735992431641,0.3963033250399996,0.8270685383251729,0.11668041284595211,0.9907376766204834,0.29515289579118986,0.8601003340312412,-0.013982884984995619,0.9637422561645508,0.38656406658036346,0.8268741233008245,0.10438895736421852,0.9003152847290039
70,0.3335970546518053,0.5837274193763732,0.11622162908315653,0.9986559152603149,0.33160678318568615,0.5794266172817772,0.10568958137716562,0.9986318945884705,0.33035259672573614,0.5798349278313775,0.10561664083174294,0.9988114237785339,0.3290892439229149,0.5802335313388276,0.10560225461210518,0.9992008805274963,0.334876117536,0.5786391837256291,0.10916465989180979,0.9989410638809204,0.33604440348488923,0.5784746970449172,0.10911895803042818,0.9990856647491455,0.3371987325804573,0.5783223356519421,0.10912580447537552,0.9992156624794006,0.3280476910727364,0.5848503828048699,0.05776797724621634,0.9996457695960999,0.339693409204483,0.5828116774559018,0.0750042389546121,0.9984338283538818,0.3322627042021069,0.5908875993319918,0.10131816778864174,0.9991548657417297,0.33563428180558336,0.590357806001391,0.10554042415959494,0.9986867308616638,0.32171842711312415,0.632391423838479,0.007597895139562258,0.9999872446060181,0.35579359616552075,0.6222888622965127,0.07465451828071046,0.9999333620071411,0.3255742439201898,0.6956368020602631,0.006319858845589416,0.6417006254196167,0.35660643151828203,0.6750254665102277,0.08469541094132832,0.43868765234947205,0.32180905682700023,0.7123713612556454,0.045763592315571616,0.19773729145526886,0.3443441459110803,0.7065738814217704,0.09236537699720695,0.08103280514478683,0.3180670593466077,0.7163136584418156,0.047578859329223566,0.17389144003391266,0.3415793469973971,0.7106452737535747,0.09642608846936919,0.07911817729473114,0.316454780101776,0.7081401382173811,0.05053095897393567,0.16789816319942474,0.3360624696527209,0.7055399400847299,0.10587273426353931,0.07304089516401291,0.31776853799819943,0.7057503649166652,0.04870326029402869,0.13999421894550323,0.33787363597324904,0.7063647099903653,0.09391436736498562,0.06439690291881561,0.34050496816635123,0.7253692899431502,-0.02926160714456012,0.9999815821647644,0.3602540458951675,0.7200651066643847,0.029005623183080115,0.9999733567237854,0.3116698886666978,0.770311270441327,0.03787965620535294,0.9779016971588135,0.35859266945293944,0.7536479251725334,0.08740892154829841,0.8874080777168274,0.3135220076356614,0.8549327935491285,0.04399188713702773,0.9887996315956116,0.38455213563782825,0.8090629100799561,0.08950943393366668,0.9779638648033142,0.31823283859661644,0.8682562862123764,0.043771968116717755,0.9933747053146362,0.3885556476456778,0.8158774716513493,0.08973419943026129,0.9901774525642395,0.29696563056537073,0.8613271849496026,0.026317549363843104,0.9636406898498535,0.38814168657575315,0.8262576971735275,0.0723945440990584,0.8972680568695068
