frame_id,NOSE_x,NOSE_y,NOSE_z,NOSE_v,LEFT_EYE_INNER_x,LEFT_EYE_INNER_y,LEFT_EYE_INNER_z,LEFT_EYE_INNER_v,LEFT_EYE_x,LEFT_EYE_y,LEFT_EYE_z,LEFT_EYE_v,LEFT_EYE_OUTER_x,LEFT_EYE_OUTER_y,LEFT_EYE_OUTER_z,LEFT_EYE_OUTER_v,RIGHT_EYE_INNER_x,RIGHT_EYE_INNER_y,RIGHT_EYE_INNER_z,RIGHT_EYE_INNER_v,RIGHT_EYE_x,RIGHT_EYE_y,RIGHT_EYE_z,RIGHT_EYE_v,RIGHT_EYE_OUTER_x,RIGHT_EYE_OUTER_y,RIGHT_EYE_OUTER_z,RIGHT_EYE_OUTER_v,LEFT_EAR_x,LEFT_EAR_y,LEFT_EAR_z,LEFT_EAR_v,RIGHT_EAR_x,RIGHT_EAR_y,RIGHT_EAR_z,RIGHT_EAR_v,MOUTH_LEFT_x,MOUTH_LEFT_y,MOUTH_LEFT_z,MOUTH_LEFT_v,MOUTH_RIGHT_x,MOUTH_RIGHT_y,MOUTH_RIGHT_z,MOUTH_RIGHT_v,LEFT_SHOULDER_x,LEFT_SHOULDER_y,LEFT_SHOULDER_z,LEFT_SHOULDER_v,RIGHT_SHOULDER_x,RIGHT_SHOULDER_y,RIGHT_SHOULDER_z,RIGHT_SHOULDER_v,LEFT_ELBOW_x,LEFT_ELBOW_y,LEFT_ELBOW_z,LEFT_ELBOW_v,RIGHT_ELBOW_x,RIGHT_ELBOW_y,RIGHT_ELBOW_z,RIGHT_ELBOW_v,LEFT_WRIST_x,LEFT_WRIST_y,LEFT_WRIST_z,LEFT_WRIST_v,RIGHT_WRIST_x,RIGHT_WRIST_y,RIGHT_WRIST_z,RIGHT_WRIST_v,LEFT_PINKY_x,LEFT_PINKY_y,LEFT_PINKY_z,LEFT_PINKY_v,RIGHT_PINKY_x,RIGHT_PINKY_y,RIGHT_PINKY_z,RIGHT_PINKY_v,LEFT_INDEX_x,LEFT_INDEX_y,LEFT_INDEX_z,LEFT_INDEX_v,RIGHT_INDEX_x,RIGHT_INDEX_y,RIGHT_INDEX_z,RIGHT_INDEX_v,LEFT_THUMB_x,LEFT_THUMB_y,LEFT_THUMB_z,LEFT_THUMB_v,RIGHT_THUMB_x,RIGHT_THUMB_y,RIGHT_THUMB_z,RIGHT_THUMB_v,LEFT_HIP_x,LEFT_HIP_y,LEFT_HIP_z,LEFT_HIP_v,RIGHT_HIP_x,RIGHT_HIP_y,RIGHT_HIP_z,RIGHT_HIP_v,LEFT_KNEE_x,LEFT_KNEE_y,LEFT_KNEE_z,LEFT_KNEE_v,RIGHT_KNEE_x,RIGHT_KNEE_y,RIGHT_KNEE_z,RIGHT_KNEE_v,LEFT_ANKLE_x,LEFT_ANKLE_y,LEFT_ANKLE_z,LEFT_ANKLE_v,RIGHT_ANKLE_x,RIGHT_ANKLE_y,RIGHT_ANKLE_z,RIGHT_ANKLE_v,LEFT_HEEL_x,LEFT_HEEL_y,LEFT_HEEL_z,LEFT_HEEL_v,RIGHT_HEEL_x,RIGHT_HEEL_y,RIGHT_HEEL_z,RIGHT_HEEL_v,LEFT_FOOT_INDEX_x,LEFT_FOOT_INDEX_y,LEFT_FOOT_INDEX_z,LEFT_FOOT_INDEX_v,RIGHT_FOOT_INDEX_x,RIGHT_FOOT_INDEX_y,RIGHT_FOOT_INDEX_z,RIGHT_FOOT_INDEX_v
0,0.6115794811929972,0.5554686665534971,0.12389016279152464,0.9985748529434204,0.6099591170038495,0.5498449836458478,0.12077520851578026,0.9966374635696411,0.6087977222033909,0.549384912422725,0.12073098484958918,0.9959539175033569,0.6076123629297527,0.548846442358834,0.12076444093670152,0.9967045187950134,0.6130347779818941,0.550804941994803,0.11186126960175373,0.998521625995636,0.6141736660684858,0.551045078890664,0.11177767983504694,0.9988847374916077,0.6152103049414495,0.5512302688189912,0.111777842257704,0.9993056058883667,0.6054201892444064,0.5517351899828229,0.0977805425013814,0.9964919686317444,0.6155382377760747,0.5547188537461415,0.05706602271114072,0.998872697353363,0.609460990769522,0.5605123775345937,0.11779352149793078,0.9965786337852478,0.6124672225543427,0.5616275123187473,0.10547345110348288,0.9978871941566467,0.5893177032470702,0.5895337411335532,0.09562396023954661,0.9999562501907349,0.6125729135104585,0.5998214568410603,-0.0018415553894426315,0.999992847442627,0.5885588390486581,0.6397573947906492,0.08462223815066472,0.020981188863515854,0.6198927589825219,0.6582476411546976,0.006438946537673441,0.9032087326049805,0.5956415057182309,0.6711829577173504,0.060743695816823304,0.005373668856918812,0.6282836300986153,0.6767393452780585,0.06696659518139694,0.6492926478385925,0.5977242963654652,0.6778012241636,0.06306138379233214,0.009094735607504845,0.6311909505299158,0.6839004652840749,0.06554415417569014,0.5153125524520874,0.6002082552228653,0.6761747751917158,0.058027455849306804,0.008244522847235203,0.6308062417166574,0.6815051998410905,0.0686495827777044,0.46836531162261963,0.6002578173364912,0.6739782060895645,0.057881882893187554,0.007544916123151779,0.6290625078337532,0.6787527612277441,0.06960040203162594,0.3029943108558655,0.584483626910618,0.6901493055479864,0.03619323830519402,0.9999971389770508,0.5923178195953367,0.6925181303705485,-0.0362512143594878,0.9999988079071045,0.5903320227350504,0.7656036615371702,0.08058167823723379,0.682142972946167,0.5870502812521796,0.7711460334914066,-0.036253764826272204,0.9941881895065308,0.59945387669972,0.8339092765535626,0.1018426098993846,0.8618116974830627,0.5721593822751725,0.8506865262985225,-0.035787843327437105,0.9815762042999268,0.5972984194755553,0.8472700033869062,0.10265489476067671,0.9345697164535522,0.5660999076707018,0.8628844176019935,-0.03617873737322431,0.931604266166687,0.6149026870727539,0.8428130899156838,0.08739721029996868,0.671995222568512,0.5880454063415527,0.8674544726099286,-0.06265558770724702,0.8787854313850403
1,0.6115375859396793,0.5555785536766049,0.13405421163354597,0.9987059831619263,0.6099084956305365,0.5499113423483709,0.13045132947819568,0.9969547390937805,0.6087336693491252,0.549424566541399,0.13040364874260757,0.9963374137878418,0.6075588090079168,0.5488613333020887,0.13044391466038557,0.997012197971344,0.6131242070879251,0.5509256396974832,0.12222501018217624,0.9986612796783447,0.6142540676253181,0.5511667694364272,0.12213545803512833,0.9989907145500183,0.6152838894299093,0.5513450895036967,0.12212594215358999,0.9993709921836853,0.6053646836962016,0.5517738444464545,0.10446825006178442,0.9968254566192627,0.6155630775860375,0.5548040083476473,0.06720584439379823,0.9989805817604065,0.6093897972788124,0.5605878761836459,0.12692048464502606,0.9968777298927307,0.6123358402933389,0.5617173109735759,0.11546340967927654,0.9980754852294922,0.5893203020095822,0.5895198668752393,0.10189463985817768,0.9999556541442871,0.6131309185709267,0.6014211671692984,0.005693129889134849,0.9999932050704956,0.5856629082134789,0.6405896067619321,0.1069509046418326,0.022475266829133034,0.6202403392110549,0.6582961065428594,0.023690649308264235,0.9112764596939087,0.5839132308959958,0.6826844079153874,0.10915578103491232,0.005351356230676174,0.6287755676678247,0.6760378071240013,0.09928006210497439,0.6702364087104797,0.5860854319163729,0.6886565463883532,0.11368850746325078,0.00902538001537323,0.6316944803510389,0.6820510438510345,0.10068816223314819,0.5397850275039673,0.5891269343239917,0.6869795782225468,0.10828088713543746,0.008186643011868,0.6312131234577721,0.6789889829499378,0.10705032859529759,0.49370279908180237,0.5892043215887885,0.6867609875542774,0.10756356599075445,0.007564575877040625,0.6296563455036704,0.6768767510141644,0.10306257669414788,0.3303277790546417,0.5830690128462651,0.6899216362408224,0.036885591170617495,0.9999971985816956,0.5919175744056698,0.6923745734351018,-0.036916097147124134,0.9999988675117493,0.5904286844389774,0.7658245801925654,0.08673178191695886,0.7093239426612854,0.5869274565151755,0.7709658929279867,-0.03050736106399977,0.9947248697280884,0.5995126673153466,0.8344303710120062,0.11152762430054794,0.8739786744117737,0.572141863618578,0.8507816672325128,-0.0321400993636676,0.9832897782325745,0.5970703124999998,0.847308824743543,0.11282364896365564,0.9400069713592529,0.5661068252154755,0.8626532179968691,-0.03260676150343245,0.9377133250236511,0.6145275473594662,0.8424171192305423,0.09885741025209423,0.6983147263526917,0.5878820657730102,0.8673983437674383,-0.059129778934376535,0.8894582390785217
2,0.6111446108136855,0.5556299686431881,0.13665801158973143,0.9988178610801697,0.6095072712217056,0.5499313797269547,0.13275136287723263,0.9972282648086548,0.6083425232342309,0.5494305525507243,0.13270232613597593,0.9966699481010437,0.6071842755590163,0.5488568953105379,0.13274524446044644,0.9972743391990662,0.6128164478710717,0.5509906240871971,0.12464762287480484,0.9987826943397522,0.6139554347310745,0.5512380770274568,0.1245537889855248,0.9990836977958679,0.6150170462472095,0.5514154025486535,0.12453963139227453,0.9994281530380249,0.6049814888409203,0.5518070067678176,0.10550253795725953,0.9971162676811218,0.6152725832802906,0.5548561675207953,0.0690467229911259,0.9990763068199158,0.6090078422001427,0.5606243593352179,0.12914371320179524,0.9971298575401306,0.611941678183419,0.56176814522062,0.11782926789351868,0.9982385635375977,0.5893195629119871,0.5893923691340852,0.1047661953738757,0.9999527931213379,0.6133895465305871,0.6027195845331461,0.00606637517256396,0.9999935030937195,0.5848122852189197,0.6406417131423947,0.11856538397925234,0.02361372672021389,0.6201855710574555,0.6583764519010268,0.029234073869884004,0.918759822845459,0.5828377962112424,0.6814731325422011,0.13354513911264276,0.00530749699100852,0.6291017787797107,0.6744304912430896,0.11488282935959948,0.6943486332893372,0.5851014597075324,0.6873156939234049,0.13895439015967498,0.008988349698483944,0.6320216826030183,0.6793979985373357,0.11766618596655977,0.5706244707107544,0.5883354697908671,0.6851615990911208,0.133203851538045,0.008168067783117294,0.6314729946000233,0.6758171234812052,0.12442374357155386,0.5265516042709351,0.5883407677922927,0.6856845651354105,0.13248868126954344,0.007629827596247196,0.630031825814928,0.6741757103375023,0.11919418254068914,0.3671739995479584,0.5819333996091568,0.6897924678666247,0.03809549276317867,0.999997079372406,0.5914614796638485,0.6925617541585647,-0.038110406483922665,0.9999988675117493,0.5904674615178787,0.7661901593208309,0.09209051153489517,0.7344692945480347,0.5868547337395801,0.7711741702897205,-0.025199940454746987,0.9952204823493958,0.5995489614350452,0.834873076847621,0.119027515394347,0.885221004486084,0.5721322212900432,0.8509495258331294,-0.02720522715577056,0.9848681092262268,0.5969469308853147,0.8473915066037856,0.1205815155591283,0.9450207948684692,0.5661107880728582,0.8626256789479934,-0.027675517408975517,0.9433513879776001,0.6142312049865719,0.8419421042714796,0.10725004225969309,0.7230818867683411,0.5878458023071286,0.8672880257878981,-0.054215404923473064,0.8994000554084778
3,0.6103912847382679,0.5556006789207456,0.13071374190705157,0.9989200234413147,0.6087335739816935,0.5498839054788859,0.12682251100029257,0.9974764585494995,0.607615574768611,0.5493867788996012,0.1267761181507791,0.9969708919525146,0.6064867820058548,0.5488228321075437,0.1268170033182416,0.997513473033905,0.6121091808591568,0.5509807569640021,0.11817270666360849,0.998893141746521,0.6132946763719829,0.5512459431375774,0.11807896069117949,0.9991679787635803,0.6144502401351926,0.5514329603740145,0.11806996720177781,0.9994801878929138,0.604288862432752,0.5518184389386855,0.1007448479533195,0.9973801374435425,0.6146764755249021,0.5548665796007426,0.06225014020289691,0.9991627335548401,0.6083213124956401,0.5606023311614987,0.12369890468461167,0.9973671436309814,0.6112913608551023,0.5617676700864517,0.11169740919555932,0.998389720916748,0.5893289276531761,0.5890791978154861,0.10296602142708637,0.9999496936798096,0.6133869596890038,0.6036555545670643,-0.0006817000385905998,0.9999936819076538,0.5859695264271325,0.6399376341274804,0.11106093376874918,0.0240766778588295,0.6198122348104201,0.658453834056854,0.020435733747269418,0.9236512780189514,0.5946282693317955,0.6652975576264515,0.11444711046559465,0.0052993325516581535,0.6292677930423188,0.6714215976851324,0.10732824908835542,0.7083591222763062,0.5967071601322717,0.6729084389550342,0.11593287140130991,0.009163347072899342,0.6321800197873794,0.6752719674791605,0.10920860405479155,0.5906122922897339,0.600013835089547,0.6690449357032773,0.11047858638422825,0.008364401757717133,0.6315885833331514,0.6711613246372765,0.11216058518205364,0.5476146936416626,0.6001268318721222,0.6677708421434672,0.11330312171152654,0.007882470265030861,0.6301659941673275,0.6698461277144293,0.11103850156068797,0.3897026777267456,0.581179709093911,0.6897129007748192,0.03940291383436746,0.9999970197677612,0.5909238696098325,0.6930039337703157,-0.03941921389528681,0.9999988675117493,0.5904478652136663,0.7667624882289339,0.09525166302919383,0.7566261887550354,0.5868381619453427,0.7717834029878885,-0.021665619047624714,0.9956677556037903,0.5995983839035031,0.8352826850754871,0.1224103438002722,0.8952472805976868,0.5721348711422509,0.851165618215288,-0.022787397248404354,0.9862982034683228,0.5970073069844924,0.8475420100348332,0.12388879252331592,0.9496022462844849,0.5661187052726743,0.8628328033855979,-0.023277517142040377,0.9485232830047607,0.6140051177569795,0.8413547890526903,0.11007469594478601,0.7457720637321472,0.5879014117377143,0.8670862674713131,-0.05003679304250647,0.9084590673446655
4,0.609259872777121,0.5555781364440915,0.11869365423917763,0.9990178942680359,0.6076086640357968,0.5498516576630726,0.1146186300686427,0.9977077841758728,0.6065209899629862,0.5493556158883228,0.11457146278449462,0.9972500205039978,0.6054188251495358,0.5487995522362843,0.1146057756883757,0.9977391362190247,0.6109742930957247,0.5509744559015544,0.10511267568383893,0.9989964365959167,0.6121699520519799,0.5512452006340024,0.10501354570899685,0.9992464184761047,0.6133552772658208,0.5514343466077529,0.10500003014292031,0.9995289444923401,0.6031391978263851,0.551877973760877,0.0895875194243022,0.9976251721382141,0.6136887465204508,0.5548728993960786,0.046992032974958395,0.9992420673370361,0.6072298594883507,0.5606040307453698,0.11228761013065061,0.9975982308387756,0.6103113532066342,0.5617710045405795,0.09913353536810189,0.9985360503196716,0.5893247434071129,0.5888365813664025,0.10053444313151491,0.9999463558197021,0.6129024488585333,0.6044457878385269,-0.015139584948441805,0.9999938607215881,0.5895314301763259,0.6386183227811537,0.11896526813507075,0.02520052343606949,0.6187089988163537,0.6586578811917982,0.007828747348061627,0.9286432266235352,0.6086488059588838,0.6451888918876645,0.13408329529421664,0.005678182002156973,0.6292658959116251,0.6689399072102135,0.09972401091030661,0.7239402532577515,0.6115420443671087,0.6504823293004713,0.1391946320022855,0.01001832541078329,0.6321452822004043,0.6721883841923302,0.10182904015694341,0.6115505695343018,0.6137691548892427,0.6467139823096136,0.13257241291659214,0.009240866638720036,0.6315365501812522,0.6680947814668925,0.1043236805924347,0.5702710151672363,0.6130636130060465,0.6458026817866731,0.13236272696937829,0.00884641706943512,0.6301477994237624,0.6668708290372574,0.1040303528308868,0.41376766562461853,0.5803926331656317,0.6899143525532311,0.04254527177129471,0.9999962449073792,0.5904071194784979,0.6940222620964047,-0.04255614227482249,0.9999985694885254,0.5903736846787586,0.7672736236027305,0.10270082056522364,0.766845703125,0.5868614690644398,0.7727117896080014,-0.016119511239230624,0.9959349632263184,0.5994643654142104,0.835515655790056,0.13134564948933458,0.9006322622299194,0.5721298200743536,0.8515672854014802,-0.012912784410374498,0.9873257279396057,0.5969053983688352,0.8476898857525412,0.13296432835715152,0.9522250294685364,0.5660889472280227,0.8631440230778281,-0.013024472179157387,0.9522204995155334,0.6136514595576692,0.8407187870570587,0.11989036543028689,0.7579431533813477,0.5881494385855536,0.8669846398489811,-0.03901646770536898,0.9144023060798645
5,0.6078304631369451,0.555564280918666,0.10195259515728265,0.9991050362586975,0.6062673125948221,0.5498334748404363,0.09807799522365838,0.9979131817817688,0.6051921197346276,0.5493468625204901,0.09802818787949422,0.9974987506866455,0.6041040437562122,0.5488005416733875,0.09805398732423777,0.9979413747787476,0.6095835566520689,0.5509476644652228,0.0875916310719081,0.9990885853767395,0.6107787949698309,0.5512282643999369,0.08748537302017208,0.9993165135383606,0.6119368450982227,0.5514217104230605,0.08746119290590282,0.9995725750923157,0.601590161664145,0.5519496117319377,0.07590883118765691,0.9978480935096741,0.6125099216188701,0.5548951472554885,0.028002144822052533,0.9993132948875427,0.6057680215154372,0.5606413262231007,0.09679612091609405,0.997802197933197,0.6089219587189808,0.5618011321340286,0.08229246756860184,0.9986664652824402,0.5891135556357245,0.5888262118612014,0.09734594907079419,0.9999426603317261,0.61169068132128,0.6051102536065235,-0.03214566041050211,0.9999939799308777,0.592549271242959,0.6361764550209043,0.13386697151831212,0.026014534756541252,0.6170779006821766,0.6590031640870228,-0.010990388292287073,0.9327273964881897,0.6170332942690165,0.6298780083656308,0.1691846677235194,0.005886749364435673,0.6292891740798947,0.6677775502204892,0.07538530038935794,0.7373325824737549,0.6203515223094392,0.6305057849202834,0.1825876187000955,0.01032748632133007,0.6322152086666649,0.6706345319747922,0.07620903626084324,0.6289646625518799,0.6213426896503991,0.6277163897241862,0.1738279964242662,0.009594492614269257,0.6317028181893481,0.6666441696030749,0.08115021405475475,0.589152991771698,0.6200264794485906,0.6289789795875547,0.16626348303897032,0.009325220249593258,0.6302962643759589,0.6654388291495184,0.08038970423596242,0.4322603940963745,0.5795385820525031,0.690296820231846,0.046553345982517494,0.9999949932098389,0.5898844497544422,0.6952013713972905,-0.04655129952090124,0.9999980330467224,0.5902723635945999,0.7676276121820719,0.1088852282081331,0.7536948323249817,0.5869017737252369,0.7733931643622258,-0.013594122364052698,0.9958896040916443,0.5992081199373516,0.8353514007159637,0.1393654076116425,0.89658123254776,0.5721465621675761,0.8519113949366974,-0.004611464004431449,0.9877649545669556,0.5967021618570597,0.8475079161780217,0.14117874758584154,0.9503531455993652,0.5661369528089248,0.8633661508560176,-0.0041409252672955105,0.9536218047142029,0.613173196996961,0.8402159963335306,0.12859669668333865,0.7545607089996338,0.5887378300939285,0.8668821556227544,-0.029487274959683406,0.9169454574584961
6,0.6062370623861038,0.5555305276598247,0.09172178293977461,0.9991835951805115,0.6048692532948082,0.5498070376259938,0.08817046263388222,0.9980981349945068,0.6038121053150719,0.5493351868220735,0.08811699790613987,0.9977229833602905,0.6027201737676345,0.5488009061132156,0.08813661656209397,0.9981235861778259,0.6080472418240136,0.5508767638887675,0.07738582960196899,0.9991716146469116,0.6092214328902106,0.5511604104723247,0.0772773084895951,0.9993798732757568,0.6103453602109633,0.5513594559260774,0.07724628874233787,0.9996119141578674,0.6000424436160493,0.5519889116287229,0.06825129921947204,0.9980491399765015,0.6112116966928751,0.5549057943480353,0.01887122520378657,0.9993771910667419,0.6041564260210307,0.5606708679880412,0.08744311268840513,0.9979847073554993,0.6072316663605823,0.5618182812418253,0.07251106819936204,0.9987837672233582,0.588393448080335,0.5887802004814146,0.09417482295206611,0.9999383091926575,0.6098238331930975,0.6055608391761778,-0.03971919135323591,0.9999940395355225,0.5927745206015448,0.6336756621088298,0.14609882107802794,0.02877882309257984,0.6153636489595682,0.6595241001674104,-0.023494235506015152,0.9378645420074463,0.614582402365548,0.6251499465533663,0.19927150436810076,0.007378030568361282,0.6293443339211597,0.6673907365117752,0.04876901879906652,0.7567588686943054,0.618448552063533,0.6211451581546236,0.21471981150763364,0.012620843015611172,0.632337893758501,0.6695668322699408,0.04773212447762487,0.6553748250007629,0.6189559681074958,0.6201889821461266,0.20540312443460726,0.011912616901099682,0.6319879582950044,0.6655732342175071,0.05667534800512448,0.6180989742279053,0.6175777162824356,0.6228070752961292,0.19674324201686033,0.01175825297832489,0.6305079204695563,0.6644511393138337,0.05399060259972297,0.46529972553253174,0.5787637761660982,0.6906623431614464,0.048405059959207235,0.9999933838844299,0.5892128365380421,0.6958912900515962,-0.04839204251766202,0.9999973177909851,0.5901239565440584,0.7678230455943513,0.10964493410927904,0.7501866817474365,0.5869451999664304,0.7735495771680556,-0.014798520319163792,0.9959443807601929,0.5989620549338202,0.8351991278784612,0.14090541728905262,0.8971806168556213,0.5721717408725191,0.8521738631384709,-0.002527094639039464,0.9883628487586975,0.5965350474630081,0.8472450409616739,0.14277236717087877,0.950098991394043,0.56622028861727,0.863582222802298,-0.0016697343255925381,0.9554350972175598,0.6128908770424977,0.8397385563169203,0.12987839920180178,0.7600935697555542,0.5893639019557405,0.8667533891541613,-0.0267534703016281,0.920943558216095
7,0.6047129511833188,0.5554571441241671,0.08975544295140671,0.9992510676383972,0.6035771829741339,0.5497598579951692,0.08646803775003974,0.9982580542564392,0.6025359749794004,0.5493084890501837,0.0864101375852312,0.997917652130127,0.6014178463390892,0.5487879395484921,0.08642920042787275,0.9982811808586121,0.606557089941842,0.5507714390754697,0.07568396862064085,0.9992441534996033,0.6076535327093939,0.5510471361024036,0.0755760842135974,0.999435544013977,0.6087973833084104,0.5512509669576371,0.07554510044200076,0.9996463656425476,0.5988318051610672,0.5519932031631467,0.06745921692677903,0.9982272982597351,0.6099344628197803,0.5548986486026217,0.018065434215324257,0.9994336366653442,0.6027177538190567,0.5606757078851969,0.08576834584985457,0.998137354850769,0.6055491140910554,0.5618004339081898,0.07083656000239505,0.9988842606544495,0.5873560990606033,0.5887632182666231,0.09324408727032793,0.9999322891235352,0.6080400824546812,0.6060313786779128,-0.04048975365502492,0.9999939203262329,0.5917371528489246,0.6316602621759684,0.15143603341920026,0.028918541967868805,0.6141120961734223,0.6602706142834252,-0.028292727124478126,0.9422149062156677,0.6132631489208763,0.622309965746743,0.20970717455659582,0.008246553130447865,0.6293708954538615,0.6668173687798633,0.037904007307120714,0.772307276725769,0.6174590025629313,0.6174208879470822,0.22581133374146042,0.014107374474406242,0.6324541517666404,0.6685510124479018,0.035623168626001886,0.6773926615715027,0.6179923636572698,0.6169437578746249,0.2162949251277105,0.01342350710183382,0.6322576386587957,0.6644310866083414,0.04430622884205407,0.6423010230064392,0.6168296899114334,0.6203143971306935,0.20725112685135422,0.013340347446501255,0.6306764926229201,0.6633144174303324,0.04273856239659443,0.49224239587783813,0.578038794653756,0.6910338129316054,0.048832970857620214,0.9999915361404419,0.5883817962237765,0.6963386910302295,-0.048815869539976096,0.9999964833259583,0.5899228896413529,0.7679495947701587,0.10878859566790712,0.7461710572242737,0.5869684917586188,0.7735803263528003,-0.01392798953290496,0.9959224462509155,0.5988678557532172,0.8351056303296767,0.13950426535946975,0.897904634475708,0.5721856900623864,0.852350533008575,-0.0006927527919677747,0.9888485074043274,0.5965329800333292,0.8470547676086422,0.1413002793278012,0.9501819610595703,0.5662853666714257,0.863820305892399,0.00028932726085518617,0.9570016264915466,0.6132495965276443,0.8387090546744207,0.12797113444123942,0.7654651999473572,0.5897690517561773,0.8665116173880437,-0.02448167295328207,0.9242880940437317
8,0.6033340964998515,0.5553959608078001,0.09147500864097045,0.9993162155151367,0.6023270351546148,0.5497231721878049,0.0881475191031183,0.9984118342399597,0.6012563620294841,0.5492831179073876,0.08808550068310325,0.9981040954589844,0.6001110911369321,0.5487691266196112,0.08810496117387495,0.9984334111213684,0.605184003284999,0.5507066266877307,0.07743516074759615,0.9993125796318054,0.6061628273555209,0.5509691613061085,0.07732934738908491,0.9994875192642212,0.6072659492492674,0.5511746423585072,0.07730059794017244,0.9996785521507263,0.5977706585611613,0.5520320160048346,0.06853301035506382,0.9983945488929749,0.6085936358996797,0.5549117514065331,0.01945726882134164,0.9994862675666809,0.6014123371669221,0.5606851066861831,0.08725962724004468,0.9982908368110657,0.604043126106262,0.5617809772491452,0.0724212635840688,0.9989809989929199,0.5862685986927574,0.5887703214372905,0.09339052970920285,0.9999303817749023,0.6063895327704291,0.6063977309635704,-0.03902979706014904,0.9999939203262329,0.5910992230687819,0.6304721542767113,0.1571531368153435,0.02901921235024929,0.6128855483872546,0.6611703804561067,-0.024640127910034986,0.9466239213943481,0.612562366894313,0.6209044626780915,0.22216332852840415,0.0104904193431139,0.6289499623434881,0.6659830246652872,0.045112554835421675,0.788979709148407,0.6168782608849659,0.6168276446206226,0.23952334565775724,0.017716165632009506,0.6321694101606093,0.6674170494079587,0.04342384604471068,0.7009608745574951,0.6175348213740754,0.6161755493709017,0.22983053071158263,0.01705132983624935,0.632081592082977,0.6629748906408034,0.05246497264930178,0.6681736707687378,0.6163322533879958,0.6192773274012972,0.21984729255948737,0.016966767609119415,0.6304612892014636,0.661840314524514,0.05020659289189745,0.5232550501823425,0.5773019245692659,0.6914572698729375,0.04911389861788066,0.9999902248382568,0.5873667359352109,0.6967856543404712,-0.049090443764414085,0.9999958276748657,0.5897007840020313,0.7679907560348507,0.11323426301990232,0.7426912188529968,0.5869249514171052,0.7737118244171138,-0.012154310622385563,0.9959836006164551,0.5987429193087983,0.8350510512079508,0.14755360015801014,0.8981622457504272,0.5721759029797142,0.8526320644787375,0.0011013459547289776,0.9894086122512817,0.5965605173792154,0.847049784660339,0.1498103554759706,0.9499373435974121,0.5662692819322857,0.8642548050199232,0.0021403556406897084,0.958828866481781,0.6136654274804249,0.8368978040558948,0.13845932568822583,0.7707830667495728,0.5899463483265466,0.8663480145590643,-0.021590258393968845,0.9282549619674683
9,0.6022247808320178,0.5553778869765142,0.09141839338200428,0.9993795156478882,0.6012340562684193,0.5497184089251924,0.08834436110087798,0.9985598921775818,0.6001224824360436,0.5492834891591751,0.08827915191650386,0.9982819557189941,0.5989720821380613,0.5487743530954631,0.08829931574208391,0.9985796809196472,0.6040404183523993,0.550696379797799,0.07738101248230249,0.9993776082992554,0.6049468517303465,0.5509539740426197,0.07727747878858018,0.9995363354682922,0.6059569512094767,0.5511547429221015,0.07725145199469154,0.9997090101242065,0.596769959586007,0.5521007742200577,0.06940802463463372,0.9985495805740356,0.6072943534169875,0.5549346225602283,0.01920520764376435,0.9995355010032654,0.6003269331795825,0.5607496295656473,0.08744582384824748,0.9984445571899414,0.6028498598507469,0.5617831383432658,0.0722681560686656,0.9990752935409546,0.5851867556571957,0.5887868131910048,0.09396131294114245,0.9999321699142456,0.6047428080013817,0.6065800394330704,-0.03928137506757462,0.999994158744812,0.5900518740926467,0.6299512573650902,0.16071090527943194,0.030041521415114403,0.611479272161211,0.6619757396834234,-0.023570736976606495,0.9509343504905701,0.6122141514505657,0.6201489925384518,0.22703880965709677,0.014993223361670971,0.6279608454023087,0.6654915009226114,0.0477921980832304,0.8067413568496704,0.6163845862661086,0.6164813859122137,0.24475566233907414,0.02432885766029358,0.6313657334872651,0.6667932101658409,0.046039105845349156,0.7257766723632812,0.6171710048403056,0.6159768632480074,0.23478987429823184,0.023577531799674034,0.6314214842660084,0.6622367262840267,0.0553694957068988,0.6955063939094543,0.615968903473445,0.6184253675597051,0.22466474856649116,0.023293638601899147,0.6297841991697035,0.6611320938382828,0.05301883667707441,0.5582638382911682,0.5766741429056437,0.6918750252042495,0.049842571041413694,0.9999895095825195,0.5862569195883611,0.6971177595002307,-0.04981316445129256,0.9999954700469971,0.5895545125007626,0.7678926467895504,0.11951754604067116,0.732899010181427,0.5868278179849895,0.7738258481025693,-0.01215422270553452,0.996009349822998,0.5984942078590391,0.8347811869212556,0.16029016971588128,0.8934971690177917,0.572195608275277,0.8529388734272543,0.002002042548597923,0.9898086190223694,0.5965333427701676,0.8470103025436397,0.16328867333275923,0.947624683380127,0.5662651096071513,0.8647211074829098,0.0032043798830792562,0.960091769695282,0.6138562934739247,0.834979653358459,0.1543000604425157,0.7687721252441406,0.5901674798556733,0.8662995321410039,-0.019648862470473552,0.9312576651573181
10,0.6012618899345394,0.555415264197758,0.089954742363521,0.9994348883628845,0.6002260020800997,0.5497724396841864,0.08709641716309952,0.9986902475357056,0.5991078615188595,0.5493445209094454,0.08702885593686781,0.9984392523765564,0.5979797073772973,0.5488481964383803,0.08705055266618725,0.9987091422080994,0.6029532807213916,0.5507280315671645,0.07607266243015012,0.9994348883628845,0.6038125702313011,0.5509757825306482,0.0759701352034296,0.9995794892311096,0.6047368356159752,0.5511666553361072,0.07594579309225079,0.9997358322143555,0.5958282794271195,0.5522455402782982,0.06898632006985797,0.9986883401870728,0.6059836455753869,0.5549521667616706,0.01845342091151645,0.999579131603241,0.5994144286428176,0.5608816317149569,0.0862406390053885,0.9985806345939636,0.6018442187990458,0.5618187257221765,0.07096992007323671,0.9991588592529297,0.584076791150229,0.5888520172664095,0.09412063871111184,0.9999340772628784,0.6028236065592082,0.6062409400939939,-0.03938821916069302,0.9999943375587463,0.5886635575975687,0.6300987499100819,0.15959724869046885,0.030559388920664787,0.609940445423126,0.6624876482146124,-0.02311266836311135,0.9548681378364563,0.611168255124773,0.6205435310091288,0.22378271690436763,0.021209610626101494,0.6268402644566125,0.6652154105050221,0.047728801784770805,0.8229511976242065,0.6149437495640343,0.617042711802891,0.2411060946328298,0.03363506868481636,0.6303421361105779,0.6664749332836692,0.045690645437155425,0.7485514879226685,0.6160364610808233,0.6172177042279922,0.23114825529711577,0.03284219652414322,0.630531185013907,0.661817269665854,0.055185225073780306,0.7206063270568848,0.6148460234914505,0.6188691769327433,0.2213917510850088,0.03205038234591484,0.6289112278393334,0.6607179096766878,0.05300670564174649,0.5907156467437744,0.5762641480990816,0.6921825885772701,0.050019221114260784,0.9999889135360718,0.585255750588008,0.6972497105598446,-0.04998885361211638,0.9999951720237732,0.5894407391548154,0.7676956738744459,0.12346051207610534,0.7216749787330627,0.5866630349840434,0.7739035197666709,-0.01353614652263266,0.9960663914680481,0.5980719838823588,0.8341658830642696,0.1691752212388174,0.8885409235954285,0.5722284913063047,0.8532362444060185,0.0005986999520765882,0.9902305603027344,0.5964214512280053,0.8468477487564083,0.17274141694818215,0.9450257420539856,0.5662579451288493,0.86519067457744,0.001890368772936718,0.9613676071166992,0.6135536398206436,0.833325840745653,0.16547664872237605,0.7668359875679016,0.5903422781399315,0.8662999629974362,-0.020595495562468247,0.9344297647476196
11,0.6000590511730737,0.5554916756493702,0.0887222234691892,0.9994847774505615,0.5989812425204684,0.5498806646892,0.0861467925565583,0.9988076686859131,0.5978869370051789,0.5494739294052122,0.08607818782329556,0.998580813407898,0.5967814394405907,0.5490123186792644,0.0861010304519108,0.9988256096839905,0.6016027825219288,0.5507743886538912,0.07505279800721573,0.9994864463806152,0.6024290834154399,0.551003003120422,0.074950555392674,0.9996183514595032,0.6033066562243867,0.5511812806129452,0.07492674653019221,0.9997600317001343,0.5946777565138677,0.5524803042411802,0.06903283340590338,0.9988128542900085,0.6045291066169736,0.5549711414745873,0.018250622520489344,0.9996183514595032,0.5983477864946636,0.561067918368748,0.08534137287310187,0.9987033009529114,0.6006847109113418,0.5618942277772083,0.06997968831232612,0.9992341995239258,0.5830110686165944,0.5890146987778797,0.09449057323592046,0.9999359846115112,0.6010710154260905,0.6057363305773051,-0.039449099025556,0.9999945759773254,0.5877695066588262,0.6307395270892548,0.15767508745193476,0.030796077102422714,0.6084279690470011,0.6626923135348726,-0.025530427002481038,0.9586580395698547,0.6104866879326953,0.6235307421003067,0.21698207727500363,0.027025040239095688,0.6260337557111464,0.6651221088000703,0.04168620947748421,0.8385445475578308,0.614358065809522,0.6198056834084644,0.2333834043570926,0.04226931929588318,0.6296236719403945,0.6667191386222836,0.03888960380240209,0.7703650593757629,0.6155825768198282,0.6198364836829047,0.22420448405402038,0.04137217625975609,0.629857036045619,0.662025267737252,0.0486273630123053,0.7446980476379395,0.6144017100334165,0.6217354127338952,0.2145501379455838,0.03987875208258629,0.6282696025712147,0.6607974410057065,0.046972896744097964,0.6228166222572327,0.5760345561163763,0.6923689961433407,0.049975200636046255,0.999988317489624,0.5845790846007208,0.6972710149628772,-0.04994483888149259,0.9999949336051941,0.5893075687544683,0.7674035072326656,0.12306655177048267,0.7088335752487183,0.586471537181309,0.7739079168864655,-0.013984987272747919,0.996127724647522,0.5976330706051416,0.8335844227245872,0.16862863770553035,0.882408082485199,0.5722488743918279,0.8534201128142216,-0.0005977319520232926,0.9906224608421326,0.5962330256189616,0.846662638868604,0.17216491188321786,0.9419026374816895,0.5662466032164435,0.8654288939067292,0.0006719824791486777,0.9625601172447205,0.6129002196448188,0.8320068342345097,0.16429960642542152,0.7627087235450745,0.5903621298926215,0.8662282194410047,-0.021699115580746095,0.937413215637207
12,0.5987379431724547,0.5555548718997407,0.08506356839622767,0.9995293617248535,0.5976162007876802,0.5499848604202268,0.08294727717127115,0.99891197681427,0.5965414098330903,0.5495986155101229,0.08288211865084508,0.9987065196037292,0.595444800172533,0.5491709811346869,0.08290461386953078,0.9989289045333862,0.6001489315714152,0.5508226820400781,0.07168111630848473,0.9995324611663818,0.6009461249623977,0.551031262534005,0.0715798450367791,0.999653160572052,0.6017926556723456,0.5511860847473142,0.07155602787222178,0.9997816681861877,0.5933389833995272,0.5526912825448169,0.06830750022615702,0.9989240765571594,0.6030277541705538,0.5549280762672422,0.016536135013614374,0.9996533989906311,0.597157686097281,0.5612282463482445,0.08244491240807938,0.9988120794296265,0.5994174957275388,0.5619889003889899,0.06685823202133176,0.9993013739585876,0.5820535421371458,0.5891847525324138,0.09436039860759458,0.9999371767044067,0.5991679923874988,0.6045466031347,-0.04104515888861245,0.999994695186615,0.5873319864273068,0.6309879371098106,0.15326226949691765,0.031317051500082016,0.6065885492733544,0.6624827776636393,-0.03330691456794738,0.9621297121047974,0.6099486674581253,0.6260414702551702,0.21008264252117692,0.031915176659822464,0.625119294439043,0.6651088050433565,0.02535212172993591,0.8522807955741882,0.6139923453330991,0.6225842612130298,0.22632888768400455,0.04955979436635971,0.628792037282671,0.66683064017977,0.02079442071595361,0.789502739906311,0.6155631235667635,0.622278032984052,0.21341184718268247,0.04865117743611336,0.6292086635317118,0.662204119137355,0.030571761381413244,0.7658130526542664,0.6142711196626933,0.624527447564261,0.2072001929794038,0.04666732996702194,0.6276836156845089,0.6609383055141991,0.03041900021157093,0.6505752801895142,0.575934655325753,0.6924179792404171,0.05007342664258818,0.9999874830245972,0.5842150705201282,0.6972164290291919,-0.05004614506449016,0.9999945759773254,0.5891719852175028,0.7670355592455178,0.12150789371558593,0.7067504525184631,0.5863095675195964,0.7738498398235862,-0.016934954720948414,0.9962380528450012,0.5972888571875433,0.8332620041710986,0.16738465556076587,0.8820432424545288,0.5722598518644058,0.8534808993339535,-0.005382741216037951,0.9910824298858643,0.5960585423878257,0.846563943794795,0.17083884179592124,0.9412867426872253,0.5662650295666283,0.8656232833862301,-0.004426299574385794,0.9639348387718201,0.6123311264174323,0.8312758990696494,0.16122778483799519,0.765616774559021,0.5904707244464327,0.8659314376967289,-0.0286924477134432,0.940698504447937
13,0.5973726289612904,0.5553212983267645,0.08149096369743344,0.9995713829994202,0.5961929287229263,0.549948898383549,0.08018247634172436,0.999009907245636,0.5951692274638581,0.5495775393077302,0.08012367465666359,0.9988239407539368,0.5941220419747486,0.5491764817919047,0.08014519959688182,0.9990257620811462,0.598644503525325,0.5507265738078524,0.06850431838205878,0.9995752573013306,0.5994225740432737,0.5508972491536819,0.06840437544243672,0.9996852874755859,0.6002536790711537,0.550988583905356,0.06838018553597583,0.999801754951477,0.5918994665145871,0.5527619072369163,0.06743256513561519,0.9990260601043701,0.6015192900385172,0.5545635615076335,0.015184871293604366,0.9996855854988098,0.5959300654275074,0.5611390318189347,0.08002861589193341,0.9989164471626282,0.5980945876666475,0.5618759700230187,0.06389821150473182,0.9993646740913391,0.5813157064574103,0.5893292920930042,0.09558498518807543,0.999939501285553,0.5971808774130682,0.6029225247246875,-0.04251789003610609,0.9999948740005493,0.5867940170424322,0.6319980195590424,0.14968808761664792,0.03673899173736572,0.6043958544731137,0.6620707239423477,-0.040629054765616124,0.965246319770813,0.609770573888506,0.6282601850373402,0.1997714293854576,0.0376141332089901,0.6235251358577181,0.6652132068361551,0.009131865416254312,0.864844560623169,0.6139581782477239,0.6254514098167416,0.214656605039324,0.05619648098945618,0.6272835476057868,0.6672999637467517,0.0026218937244266256,0.806411862373352,0.6155786718641005,0.6246558002063203,0.19909699814660198,0.05520695447921753,0.6278829983302522,0.6626907961709156,0.012219023697876499,0.7843735814094543,0.6141990389142715,0.6269788929394311,0.19609392966542916,0.052834827452898026,0.6264002731868196,0.6613282799720761,0.01387118778324552,0.673809826374054,0.5758443049022127,0.6923344169344218,0.05065235176256722,0.9999871850013733,0.5839611479214257,0.696969742434365,-0.05063085055777002,0.9999944567680359,0.5890500698770793,0.7665983779089787,0.12108918130397792,0.700441300868988,0.5861110363687785,0.7737572295325139,-0.023000807182065066,0.9963828921318054,0.5971313714981077,0.8330141459192545,0.1683383724519184,0.8790417909622192,0.5722693443298337,0.8534877828189301,-0.012059182361034404,0.9915235042572021,0.5959802729742865,0.8464750732694348,0.1718122035264968,0.9386073350906372,0.5662910461425779,0.8657998153141562,-0.01137028560707611,0.965153157711029,0.6121164407048904,0.8309930580002918,0.16035187159265785,0.7639714479446411,0.5905936973435535,0.8655973400388441,-0.0385953293847186,0.9436981678009033
14,0.5961409926414487,0.5546038457325524,0.08258484176227021,0.9996098279953003,0.5949125596455163,0.5496407406670704,0.08182897865772244,0.9990988969802856,0.5939546670232497,0.5492476514407565,0.08177433801548817,0.9989303946495056,0.5930008309228076,0.5488321406500678,0.08179611095360344,0.9991137981414795,0.5972546270915438,0.5504000782966612,0.07006091965096334,0.9996141195297241,0.5979987008231024,0.550527203083038,0.06996198296546932,0.9997143745422363,0.5988096339362006,0.5505398682185578,0.06993821061083245,0.9998199343681335,0.5905956677028108,0.5525375843048093,0.07104401439428326,0.9991180300712585,0.6000100169863017,0.5537698541368754,0.017893290652760428,0.9997146129608154,0.5947973404611857,0.5604609813008987,0.08160388895443504,0.9990130662918091,0.5968184658459252,0.5612287555422099,0.06537248023918693,0.9994227886199951,0.581112764562879,0.5893562810761586,0.10071077708687096,0.9999425411224365,0.5949553183146883,0.6012247664587835,-0.039846145361661894,0.9999951124191284,0.5883978281702311,0.6304634128298074,0.14918203864778784,0.0459754541516304,0.6024716871125355,0.6617772306714735,-0.03951400837727954,0.9681786298751831,0.6108629431043349,0.6298438021114892,0.18885145357676908,0.045308951288461685,0.6217477134295869,0.6654931919915332,0.004078378900885581,0.8770737648010254,0.6147977897099084,0.6292804462569097,0.20181215362889415,0.06409742683172226,0.6256333300045556,0.6685070293290272,-0.0035706281395895116,0.823058545589447,0.6160461323601857,0.6285532508577616,0.18636781828744065,0.0628342255949974,0.6262458818299428,0.6640402214867724,0.005522130003997257,0.8026643991470337,0.6146121740341184,0.6293915544237407,0.1845765543835503,0.06012364849448204,0.6246951920645575,0.6623724085944036,0.008437820231275896,0.6979956030845642,0.5758776238986422,0.6918849996158052,0.05110355743340081,0.9999873042106628,0.5837187903267994,0.6963198576654703,-0.05109129963176589,0.9999945163726807,0.5889732394899638,0.7664584806987214,0.1172373045768056,0.7006577849388123,0.5859003373554772,0.773703152792794,-0.030907165764697944,0.9965770244598389,0.5970512424196514,0.832694007669176,0.16194672201360968,0.8798093199729919,0.5722801838602336,0.8534795590809409,-0.021794543315523426,0.9920176267623901,0.5960065960884091,0.8463858178683685,0.16501651235989154,0.9377984404563904,0.5663035477910721,0.8659015059471127,-0.02149349782349807,0.9665825963020325,0.611976383413587,0.8310654112270897,0.15181112161704466,0.7676034569740295,0.5905810935156683,0.8655896919114245,-0.051083352842501206,0.9470094442367554
15,0.5949900746345518,0.5529137526239665,0.07912614920309607,0.999646008014679,0.5937351584434507,0.5483525122914994,0.07905686455113543,0.9991825222969055,0.5928098763738356,0.5480137433324539,0.07900208394442282,0.9990301132202148,0.5919217501367839,0.54764004605157,0.07902091145515439,0.9991965889930725,0.5959522553852623,0.5489844850131441,0.0673759101756981,0.9996501803398132,0.5966393113136289,0.5490778020450044,0.06727553446378023,0.9997411966323853,0.5974026560783383,0.5490451778684341,0.06725276474441798,0.9998366832733154,0.5894316502979821,0.5516669903482707,0.07184138031942501,0.9992027282714844,0.5984030740601674,0.5520430990627831,0.018215818703174583,0.9997410178184509,0.5937586886542181,0.55893075295857,0.07899061154041968,0.999104917049408,0.5956457768167764,0.5596950650215147,0.06289411602275709,0.9994769096374512,0.5809801220893858,0.5889304961477004,0.10334413647651668,0.9999468922615051,0.5930335419518604,0.6001153554235183,-0.037696020411593555,0.9999954104423523,0.5913801312446592,0.6249404736927575,0.1512004958731787,0.0714179202914238,0.6007823245865955,0.6614777905600409,-0.04150996431708334,0.9711220860481262,0.6129713671548023,0.6308617132050648,0.1806164013487951,0.0838298574090004,0.6207078116280689,0.6664010371480666,-0.0076024158724716665,0.8888981342315674,0.6167470795767646,0.6332343220710752,0.19186750607831127,0.09995470196008682,0.6247504983629496,0.6712827341897145,-0.016505464372624234,0.8396139144897461,0.6174554211752752,0.6326519608497617,0.17956831880978166,0.09796455502510071,0.6252231274332316,0.6675376823970247,-0.008058313845789852,0.820997416973114,0.6160184826169692,0.631930829797472,0.1761952306543077,0.09297755360603333,0.6235631312642775,0.6654031685420442,-0.003724164608865972,0.7244344353675842,0.575959914071219,0.690974230425698,0.05099371565239767,0.9999877214431763,0.5836068800517488,0.695225415910993,-0.0509877056947776,0.9999946355819702,0.5889206630843024,0.7668011341776164,0.10437058976718352,0.7079707384109497,0.5856861489159717,0.7737172263009204,-0.03829961025289125,0.9967557787895203,0.5972387262753075,0.8328110541616164,0.1411151341029575,0.8807589411735535,0.5723130788121902,0.8534455912453783,-0.03080099179808581,0.9923465251922607,0.5963166747774393,0.846460194247109,0.1431675604411533,0.9370696544647217,0.566302737167903,0.8659438184329438,-0.030880878706063528,0.9672710299491882,0.6118325012070789,0.8312879017421174,0.12694015183619084,0.7723768353462219,0.5902523159980771,0.8658915281295773,-0.061536505605493244,0.9495670795440674
16,0.5936674697058538,0.5507487075669422,0.06459377173866541,0.9996808171272278,0.5924194267817904,0.54640291588647,0.06503398269414898,0.9992629289627075,0.5915025285312104,0.5461836048534936,0.06497544976217404,0.9991255402565002,0.5906481521470204,0.5458952563149586,0.0649873220494815,0.9992756843566895,0.5945195112909587,0.5468446510178699,0.053563482686877224,0.9996846318244934,0.5951344660350252,0.5469292248998368,0.05346080517130236,0.9997667074203491,0.5958179593086239,0.5468929239681786,0.053438808396458606,0.99985271692276,0.5882259794643945,0.5503278357642035,0.062883507247482,0.9992817044258118,0.5965874859264916,0.5498226165771481,0.009044559805520939,0.9997664093971252,0.5925713556153431,0.5569790210042678,0.06578904688358304,0.9991928935050964,0.5943398526736665,0.5576711739812575,0.049956462053315956,0.9995284080505371,0.5803772449493405,0.5875626019069125,0.0964771871055875,0.9999516010284424,0.5916623302868431,0.5989363925797596,-0.0430295736661979,0.9999957084655762,0.5942639401980806,0.615595345837729,0.14957641618592393,0.12959451973438263,0.5993211167199268,0.6601348842893325,-0.05779633628470554,0.9738924503326416,0.6148064391953602,0.6282403639384675,0.1790838441678455,0.1594208925962448,0.620134319577898,0.6680565936224798,-0.04186381495424677,0.8998075127601624,0.6188599433217727,0.6331254839897154,0.19070561400481623,0.16996051371097565,0.6242825116430007,0.6758180907794404,-0.05336057171225545,0.8551337718963623,0.6193654417991635,0.632745814323425,0.17747963198593675,0.16781064867973328,0.6248688118798389,0.6727074861526486,-0.04573386439255303,0.8382658958435059,0.6177063669477187,0.6309400830950054,0.1745431938341685,0.1608416885137558,0.6231993658202033,0.669816298144204,-0.03874197120645215,0.7502241730690002,0.5760042309761044,0.6898668970380508,0.05074637617383682,0.999988317489624,0.5837068693978443,0.6941264612334113,-0.05073939593774929,0.9999948143959045,0.588876334258488,0.7672455225672038,0.09136447012424465,0.7289097905158997,0.5855895604406081,0.7736453737531386,-0.049132350725787005,0.9969853758811951,0.5975386330059594,0.8334630523409158,0.1251628160476684,0.8868339657783508,0.5723706603050229,0.8533929620470315,-0.04409625780369553,0.9927971363067627,0.596762463024684,0.8466549141066411,0.12667312749794546,0.9382189512252808,0.5662982378687174,0.8659214837210515,-0.04468080034213405,0.9683132767677307,0.6115849954741339,0.831494217259543,0.10841110668012069,0.7852339148521423,0.5898413249424522,0.8663206270762849,-0.07681220631514274,0.9529750943183899
17,0.5916976111275806,0.5487732802118571,0.04823574189628871,0.9997125864028931,0.5904580763408114,0.5446517927306036,0.04905071003096442,0.9993362426757812,0.5895621759550909,0.544558991704668,0.048992798264537514,0.9992125630378723,0.588705115658896,0.544373948233468,0.04900202815021785,0.9993477463722229,0.5925187706947324,0.5449837258883883,0.03775563463568686,0.99971604347229,0.5931072490555896,0.5451085294995986,0.03765400392668586,0.9997899532318115,0.5937276959419246,0.5451031701905384,0.03763643455292495,0.9998673796653748,0.5864591394151958,0.5492903079305373,0.04964223344411167,0.9993533492088318,0.5944027798516407,0.5481210061482018,-0.0023755384076918867,0.9997895956039429,0.5907496895108901,0.5553231545857018,0.05079379656485146,0.9992731213569641,0.5925219552857532,0.5559426784515378,0.035170062737805485,0.9995753169059753,0.5794108033180234,0.5861303891454421,0.08514852374792095,0.9999561309814453,0.5909370337213786,0.5975938166890823,-0.05193852069122448,0.9999960660934448,0.5958170941897798,0.6063565765108379,0.13900646184171944,0.20130454003810883,0.5976026126316613,0.6579073412077765,-0.08050522761685504,0.9764231443405151,0.6164898616927008,0.6183106320244922,0.1653760041509355,0.23993714153766632,0.6194271002496989,0.6695323160716463,-0.08407535018133261,0.9097097516059875,0.6210483687264576,0.6233924082347322,0.1755762734583445,0.24801583588123322,0.6236161487443104,0.6803406545094077,-0.09894766738372185,0.8693298697471619,0.6217020869255063,0.6230920808655872,0.1616932332515716,0.24614226818084717,0.6244951520647319,0.677644838605608,-0.09204325865555019,0.8540933728218079,0.6196562767028806,0.6217864496367316,0.16051804551056448,0.2389465868473053,0.6229253734861098,0.6737920386450629,-0.08176062755020598,0.7742170095443726,0.576109559195382,0.6891840440886358,0.05043278006570678,0.999988853931427,0.5838080763816831,0.6934357370649062,-0.05042652136513162,0.9999949336051941,0.5891100066048756,0.7674250943320134,0.08481648841074531,0.7493290901184082,0.5855348127228871,0.7733354210853574,-0.05346734885658534,0.9972301721572876,0.5980866381100243,0.8340898445674347,0.1233228513172694,0.8933006525039673,0.5723988856588088,0.8533531887190678,-0.0492103438824415,0.9933172464370728,0.5971326197896683,0.8468409861837111,0.12508191338607239,0.9401968717575073,0.566285557406289,0.8658837335450305,-0.05001025998166627,0.9699511528015137,0.611822848660605,0.8318460685866216,0.10467174138341626,0.7987321615219116,0.5895387104579377,0.8668545927320204,-0.08414565644093919,0.9566847085952759
18,0.5895816411290847,0.5472241776330128,0.040809871149914585,0.99974125623703,0.5883419445582796,0.5432910084724424,0.041294015944004045,0.9994024038314819,0.5874891945293969,0.5431939908436364,0.04123676477798392,0.9992910027503967,0.5866489529609678,0.54300822019577,0.04124479708927016,0.9994127154350281,0.5903293337140763,0.543701020308903,0.030294416977890887,0.9997443556785583,0.5908922791481015,0.543856232506888,0.030193710526717543,0.9998109340667725,0.5914774639265875,0.543857715811048,0.030178621783852562,0.9998806118965149,0.5845881598336353,0.548208233288356,0.0417173746973276,0.9994178414344788,0.5921647804124013,0.5468104907444543,-0.008989555202424521,0.9998105764389038,0.5887373021670748,0.5538370404924663,0.043417328276804494,0.9993454813957214,0.5904737762042451,0.5543663552829194,0.028183282219937857,0.9996176362037659,0.5790187290736605,0.5845920222146168,0.07750549167394634,0.9999600052833557,0.5899774040494643,0.5963141134807038,-0.058447573014668026,0.9999963641166687,0.597202943052564,0.5958541904176982,0.131092277594975,0.26494550704956055,0.5958900298391067,0.6557259900229315,-0.0933066780013697,0.9787251949310303,0.6176997746740066,0.6017510805811198,0.15726184376648486,0.31152743101119995,0.6185523458889549,0.6703055535043986,-0.1056168672229562,0.9186245799064636,0.6228424174445013,0.6034036346844261,0.1669125271695,0.3172748386859894,0.6228452307837348,0.6826626368931359,-0.1220616292740617,0.8821002244949341,0.6235879250935144,0.6030302643775938,0.15365501642227164,0.3157491087913513,0.6239553349358692,0.6800590293748034,-0.11532090881041113,0.8683339953422546,0.6212151101657319,0.6033953649657111,0.15258202041898447,0.3083876669406891,0.6223774228777201,0.6755352292742045,-0.10360670941216601,0.7957947254180908,0.5768172928265161,0.6887196217264444,0.05025277787021226,0.9999894499778748,0.5839237059865676,0.6928325125149315,-0.05025432620729717,0.9999951720237732,0.5901566096714561,0.767231224264417,0.08540340300117216,0.7684606909751892,0.5857853378568374,0.7728045599801195,-0.049734323791095165,0.9974440932273865,0.5987410443169727,0.8343226041112624,0.12820533343723836,0.9007124900817871,0.5724238140242437,0.8533623286655967,-0.04208692429321151,0.9938527345657349,0.597197331701006,0.847102354254041,0.1302918353251048,0.9430007338523865,0.5664209672382897,0.8658318178994311,-0.04291510576648369,0.9717468023300171,0.6132385287966045,0.8325224825314109,0.10823176098721363,0.8137176036834717,0.5895134738513399,0.8673369050025936,-0.08183097073010033,0.9603770971298218
19,0.5880050097193034,0.5459037780761716,0.03198242147586174,0.999767005443573,0.5866950273513791,0.5422456196376253,0.0316443997933155,0.9994618892669678,0.5858933636120385,0.5421616894858221,0.03158589629227726,0.999361515045166,0.5850818974631171,0.5419955270630971,0.03159015074374369,0.9994711875915527,0.5885568090847557,0.5426210454532077,0.0210585668683052,0.9997698664665222,0.5890775050435745,0.542748245171138,0.020955600908824368,0.9998297691345215,0.5896398867879593,0.5427162238529748,0.020941875156547333,0.99989253282547,0.5831446511404852,0.5473143049648828,0.030879795178771006,0.9994758367538452,0.590329551696777,0.5456158212253023,-0.018000187485345764,0.9998294115066528,0.5873760615076334,0.5525506240980963,0.0344117564548339,0.9994105100631714,0.5889564769608631,0.5527051636150903,0.019705760345927296,0.9996556639671326,0.5792149731091087,0.5834504025323047,0.0679358465330941,0.9999635219573975,0.5886892625263755,0.5953627092497686,-0.06541067372475348,0.9999966025352478,0.5979853749275205,0.5834076881408689,0.12411196040255677,0.3136237561702728,0.5946110759462626,0.6544498324394223,-0.10190063863992686,0.9806616902351379,0.6178806219782145,0.5788009728704178,0.15714705820594507,0.3707556426525116,0.6182372348649159,0.6703106641769406,-0.11960465716464172,0.9263805150985718,0.6233709420476639,0.5750000391687663,0.16664633367742804,0.37367144227027893,0.6226946405002046,0.6824401804379051,-0.13671634367534086,0.8930482864379883,0.6243378809520174,0.5743090919085909,0.15432678333350583,0.37253376841545105,0.6237425327301023,0.6802330902644562,-0.1304571975554738,0.8805088996887207,0.6219689437321252,0.5767306872776574,0.15289367990834365,0.3643222451210022,0.6220541340964179,0.6755151476178847,-0.11793035545519415,0.8134996891021729,0.5781406760215756,0.6884270497730798,0.049944985977240945,0.9999899864196777,0.5840179664748053,0.692378073079245,-0.0499514250883034,0.9999953508377075,0.5923871585300988,0.7668282730238775,0.08709520356995715,0.77510666847229,0.5866977691650388,0.7724250980785912,-0.041446194797754264,0.9974160194396973,0.5993181177547997,0.834321044172559,0.13124333322048182,0.9027981162071228,0.572655117511749,0.8536204883030478,-0.027649391070008265,0.9940071105957031,0.5970467805862424,0.847391741616385,0.1333956875971385,0.9430530071258545,0.566855682645525,0.8658485378537856,-0.02808831477803842,0.9716441035270691,0.615576100349426,0.8338137865066524,0.11163182279893324,0.8216933608055115,0.5898424148559567,0.8678447450910292,-0.0696737883346421,0.962378203868866
20,0.5872917635100225,0.5451828479766843,0.021433671883174348,0.9997901916503906,0.5859470486640928,0.5418263111795696,0.02135977145059898,0.9995155334472656,0.5852749654224938,0.5417936597551616,0.021296677321827565,0.9994251132011414,0.584596252441406,0.5416715264320371,0.02129539317310055,0.9995238780975342,0.5874861206327163,0.5420449342046463,0.01043193342962435,0.9997928142547607,0.5879187958581105,0.5421280384063718,0.010325099674186536,0.9998467564582825,0.5884332486561363,0.5420115453856329,0.01030578544097287,0.9999032616615295,0.5827931642532346,0.5468462296894616,0.02292018027177878,0.999528169631958,0.5890385763985768,0.5447487626756938,-0.027356300343360205,0.999846339225769,0.5869971036911008,0.5517551898956297,0.0248038357922009,0.9994691610336304,0.5882410338946749,0.5514764785766598,0.00966933864567961,0.9996899366378784,0.5797945942197524,0.5814817837306429,0.061644825392535726,0.9999668598175049,0.5867979407310483,0.5950184447424749,-0.07200048331703454,0.9999968409538269,0.5991703936031884,0.5681413803781779,0.11768543805394849,0.3674570918083191,0.5939116988863261,0.653505216326032,-0.10398135206529066,0.9823275208473206,0.6174474988664898,0.5505849548748559,0.14982302412390702,0.43075448274612427,0.6183667949267793,0.6694029637745446,-0.12048646594796855,0.9332612752914429,0.6225335529872347,0.5419829274926864,0.157644849377019,0.43252596259117126,0.6229878595897127,0.6818928173610139,-0.13751506507396694,0.9028297662734985,0.6234578864915028,0.5412362652165547,0.14581690579652778,0.4316326379776001,0.6238329035895208,0.6793802125113348,-0.13236761518887105,0.8914101719856262,0.6214144400187898,0.5446678417069569,0.1455922817545277,0.42342516779899597,0.6220691817147388,0.6749091012137274,-0.11916517679180412,0.829258143901825,0.5803027868270871,0.6884483354432239,0.04976359403559138,0.9999905824661255,0.584080374240875,0.6921456711632862,-0.049766639087881336,0.9999955296516418,0.5953955445970804,0.7664570944649829,0.08639248588255469,0.7701316475868225,0.5884568895612441,0.7723207150186807,-0.04187917251672062,0.9973151087760925,0.5995559743472505,0.8343485747064859,0.13153371810913078,0.8999298214912415,0.5729956814220971,0.8539894955498828,-0.022754820329802364,0.9940114617347717,0.5967686312539234,0.8479355164936606,0.13378174475261137,0.9394177198410034,0.5672757625579832,0.8658998080662313,-0.02253948114812373,0.970588207244873,0.6174781203269956,0.8354918326650342,0.11281492922987252,0.8264485597610474,0.59025730235236,0.8687630363873069,-0.06310471807207377,0.9641743302345276
21,0.5873140386172702,0.5453527518681115,-0.016975949784474705,0.9998102784156799,0.5857764380318775,0.5421772020203723,-0.014749125305284638,0.9995622038841248,0.5852627038955686,0.5421814816338673,-0.014821802550120208,0.9994804859161377,0.5847447633743283,0.542075957570757,-0.01482059918001011,0.9995700716972351,0.5868634496416362,0.5422643133572167,-0.027294443015541334,0.9998129606246948,0.5871291450091768,0.5422581349100383,-0.027405861978019974,0.9998615980148315,0.5874778151512143,0.5422702499798364,-0.027437649853527535,0.9999125599861145,0.5828523141997197,0.547174343041011,-0.0006634762776749487,0.9995744228363037,0.587400903020586,0.5457612139838081,-0.058032956825835334,0.9998607635498047,0.5873040182249885,0.5518719519887649,-0.009089017792471813,0.9995205402374268,0.588219504696982,0.5514353445598055,-0.026305058305816982,0.9997199177742004,0.5803029979978286,0.5795307942799157,0.04526053576597144,0.999969482421875,0.5852264097758699,0.5951046517917085,-0.09520181566476818,0.9999967813491821,0.6000067251069202,0.553658478600638,0.09431990321193418,0.417391300201416,0.5934171165738784,0.65264013835362,-0.12216505919183998,0.9837887287139893,0.6152643680572507,0.5228265685694556,0.10795629194804594,0.48551246523857117,0.6187609604426789,0.6673262528010774,-0.13757457477705815,0.9390379786491394,0.6196579711777821,0.5123946556023187,0.11048515566757741,0.48672977089881897,0.623383089474269,0.6807016168321879,-0.1563146020684923,0.9109412431716919,0.6197668331009998,0.5117278243814194,0.09815309803400715,0.48602283000946045,0.6241005403654913,0.6782928075109206,-0.15314485856464924,0.9004289507865906,0.6177701507295879,0.5149929148810248,0.10285764975207187,0.4780079126358032,0.6223359261240275,0.6739804863929746,-0.1369551077485084,0.8412876129150391,0.5831085920333859,0.6888868689537045,0.04984718720827782,0.999991238117218,0.5841804998261586,0.6923023666654311,-0.04984342913542473,0.9999957084655762,0.5983600599425176,0.7661877564021515,0.08242478179080141,0.7667220234870911,0.5907462205205642,0.7723445074898851,-0.04870147449629645,0.9973323345184326,0.5996958715575079,0.8343779018947053,0.13156657048634113,0.8989698886871338,0.5732317822320118,0.8544467176709852,-0.02862613781222274,0.9941397905349731,0.596549718720572,0.8483920199530461,0.1340095950024468,0.934694766998291,0.5673900519098551,0.8661948255130218,-0.027918762554015417,0.9692594408988953,0.6183546389852248,0.8376087478228974,0.11179084650107787,0.8330878615379333,0.5907043201582769,0.8699921131134029,-0.06583150199481416,0.9662810564041138
22,0.5878530212811058,0.545736001219068,-0.061056167525904495,0.9998289346694946,0.5859671763011385,0.5423996567726133,-0.05599040733608747,0.9996055364608765,0.5855456624712261,0.5423204762595037,-0.05607601935459697,0.9995318651199341,0.5851353781563893,0.5421439000538415,-0.056068539172494096,0.9996126890182495,0.5866540108408244,0.5424732821328297,-0.07054376998650173,0.9998315572738647,0.5867223126547674,0.5422699826104298,-0.07066242978242887,0.9998753070831299,0.5868472933769223,0.5425111940928865,-0.07071079579847198,0.9999212026596069,0.5828894104276382,0.5475701127733501,-0.027088915716324522,0.9996167421340942,0.5856573309217178,0.5475838541984556,-0.09335849561861578,0.9998744130134583,0.5878456728799,0.5520837238856722,-0.04781969594103947,0.9995680451393127,0.5884919319834025,0.5516687563487459,-0.06763088362557544,0.999747633934021,0.5809119497026713,0.5778781022344315,0.029084665381482654,0.9999719858169556,0.5840766804558888,0.5953708938189912,-0.12270405973706922,0.9999967813491821,0.6002126285008019,0.5418057458741321,0.07453673843826562,0.4543151259422302,0.5926883135523112,0.6517039384160721,-0.14445354725633341,0.9852697253227234,0.6098153608185901,0.5018590756825037,0.06987495699099129,0.5341845154762268,0.619054053510938,0.6644835421017234,-0.15538145772048398,0.944661021232605,0.6132739441735402,0.49089238473347235,0.06852555572986599,0.535376787185669,0.6235548581395827,0.6777202129364011,-0.1755887806415557,0.9189959764480591,0.6125204001154215,0.49010093893323603,0.0557552520717893,0.5348985195159912,0.624295331750597,0.6755741289683748,-0.17366784257548187,0.9094287753105164,0.6106589828218729,0.4935793135847362,0.06406188522066386,0.5270072817802429,0.6225030268941604,0.6715925863810945,-0.15502355439322327,0.8542119264602661,0.5861603089741295,0.689134187357766,0.05106255624975475,0.9999918937683105,0.5848334005900789,0.6922032373292102,-0.05105685357536586,0.9999959468841553,0.6015565838132584,0.7653470039367672,0.0766096091696194,0.766567587852478,0.5931041053363253,0.7721029077257425,-0.055466200730630306,0.997482180595398,0.600266487257821,0.8344082951545712,0.12723727566855286,0.9001307487487793,0.5732633880206515,0.8546565566744119,-0.036677717417478536,0.9945040941238403,0.5966531089373994,0.8486777526991705,0.12961205925260266,0.9307340979576111,0.5672126599720544,0.8666286264147073,-0.03611509847853863,0.9694570899009705,0.6188860910279408,0.8397029467991416,0.1026827780263764,0.8435617685317993,0.5909578136035372,0.8708744951656883,-0.07637265324592588,0.9691492319107056
23,0.5879504237856181,0.5460267135075157,-0.09003070207046607,0.999845564365387,0.5856900095939634,0.5427688768931795,-0.08387001400624282,0.9996443390846252,0.5852757556097845,0.5427962797028676,-0.08396972124028249,0.9995778799057007,0.5848943097250799,0.542741216932024,-0.08395729978167632,0.9996508359909058,0.5861583880015779,0.5429587279047282,-0.09906255964721947,0.9998482465744019,0.5860638124602179,0.5429097601345605,-0.09919054385806829,0.9998876452445984,0.5860033903803141,0.5435467226164679,-0.09925225826778578,0.9999289512634277,0.5823088288307188,0.5485491599355423,-0.04697578607925344,0.9996547102928162,0.5839587007250102,0.5500175850731983,-0.11621147841215129,0.9998866319656372,0.5878825272832595,0.5528753502028326,-0.07373181371284379,0.9996106028556824,0.5882832969938003,0.5527196747916083,-0.09440705704369712,0.9997724890708923,0.5817438040460856,0.5775685991559707,0.016146323776670857,0.9999739527702332,0.583769973686763,0.5955834150314329,-0.13902626505919857,0.9999966025352478,0.5979189327784944,0.5332498329026356,0.06310464292764661,0.48076921701431274,0.591817760467529,0.6513854316302705,-0.15924760316099432,0.9864940047264099,0.6011693000793454,0.48929893800190494,0.053271720771278626,0.5776697397232056,0.6189949955259048,0.661494159698486,-0.17223929762840262,0.9493933320045471,0.6039331657545904,0.47763036830084643,0.05012466960719651,0.5790548920631409,0.6236615742955887,0.6733376009123662,-0.19381355260099675,0.9257848262786865,0.6029344814164296,0.4762297102383202,0.03755280242434568,0.5787808299064636,0.6244234170232497,0.6715009314673284,-0.19232919854777192,0.9170242547988892,0.6012261765343799,0.48030247603143944,0.04743639230728147,0.570895791053772,0.6225848691804066,0.6676999688148495,-0.17199945045369003,0.8645059466362,0.5887050168854847,0.6901885901178629,0.052425795261348974,0.9999924302101135,0.5859298041888643,0.6928038120269773,-0.05241838608469279,0.9999960660934448,0.6052278518676755,0.7644603746277941,0.07626459662403376,0.7698270678520203,0.5950599619320458,0.7732144406863617,-0.06007388734391755,0.9975569844245911,0.6009552785328454,0.834407830238342,0.1322820616619927,0.9023110866546631,0.5732495239802766,0.8550065875053401,-0.04448667605008396,0.9948004484176636,0.5968754972730361,0.8485636251313342,0.1352534128086907,0.9280375838279724,0.5668785759380883,0.8671221171106607,-0.04423434846103189,0.9691342115402222,0.6197940775326316,0.8419841204370767,0.10541877533708295,0.8541284203529358,0.591088453360966,0.8718617200851436,-0.08744273781776424,0.9716941118240356
24,0.5875700575964788,0.5471962962831767,-0.08794210042272291,0.9998600482940674,0.5849315285682676,0.5440524833542958,-0.08162522699151717,0.9996787309646606,0.5845282060759405,0.5442740372249055,-0.08173137051718571,0.9996187090873718,0.5841744525091986,0.5444486856460569,-0.08171332563672744,0.9996846914291382,0.5852601868765692,0.544658929961068,-0.0967916431171553,0.9998630881309509,0.5850794672966001,0.5451576301029748,-0.09692537827151157,0.9998986124992371,0.5849307400839667,0.5460965548242839,-0.09699401472296029,0.9999358057975769,0.581557168279375,0.5507795197623114,-0.04409687295556067,0.9996886253356934,0.5827892252377098,0.552832564285823,-0.11316901934998369,0.9998974204063416,0.5875670330865039,0.5548359547342571,-0.07135204885687144,0.99964839220047,0.5877916250910075,0.5552660448210578,-0.09200569050652635,0.999794602394104,0.5826707346098761,0.5784737178257531,0.019153427871476315,0.9999755024909973,0.5838330745697018,0.5968758089201789,-0.13570015260151447,0.9999964237213135,0.5940490347998479,0.5270094990730283,0.0652575007506779,0.5011899471282959,0.5907414674758908,0.6515005758830476,-0.1546282606465475,0.9875475764274597,0.5930994970457891,0.4806548774242399,0.0538664577262742,0.616256058216095,0.6184087089129854,0.6591147218431742,-0.16785853505134574,0.9536721706390381,0.5949463605880734,0.4682905282293045,0.050228631709303154,0.6178984642028809,0.6237676552363801,0.6693700160299025,-0.18942418098449698,0.9319943785667419,0.5940513934407912,0.46665889109883973,0.03844244102282182,0.6177695393562317,0.6245163866451805,0.6669912082808356,-0.18750175407954617,0.9239786267280579,0.5928086008344375,0.47064392140933425,0.0483627952635288,0.6096379160881042,0.6226830635751994,0.6637605122157503,-0.1673563965729304,0.8741801977157593,0.5906634943825855,0.6917642406054902,0.05354635087507109,0.9999929666519165,0.5876654965536933,0.6939245939254758,-0.0535435582910265,0.9999962449073792,0.6089351824351716,0.7640307068824764,0.07745089381933208,0.7748937010765076,0.5966365780149184,0.7757090960230142,-0.06262559337275367,0.9976727962493896,0.6016081980296542,0.8344367538179667,0.13880745725972304,0.9046646952629089,0.5733968649591715,0.8551838908876688,-0.0474333835499627,0.9951370358467102,0.5966650894709993,0.8485307216644283,0.14294935550008495,0.9266983866691589,0.5666084902627124,0.8674209356307979,-0.047007025671856724,0.9698535799980164,0.6202814170292443,0.8443327852657858,0.10958162248134608,0.8641216158866882,0.5910078389304021,0.8731101615088322,-0.09212945401668544,0.9741684794425964
25,0.5866458007267541,0.5506426538739884,-0.09650930485555098,0.9998727440834045,0.5836929065840583,0.5473883100918359,-0.08996744964803963,0.9997093677520752,0.5833581686019894,0.5476416587829587,-0.0900819761412484,0.9996550679206848,0.5830749239240371,0.5478672385215757,-0.09005907667534688,0.9997148513793945,0.5838444880076814,0.5486287372452869,-0.1051792259727205,0.9998763799667358,0.5836148193904329,0.549723410606384,-0.10531749214444835,0.999908447265625,0.5834249990327014,0.5509470871516634,-0.10539319919688356,0.9999419450759888,0.5806341256414138,0.5545963338443208,-0.050649193674325924,0.9997188448905945,0.5816002964973448,0.5575294818196975,-0.1198327053870473,0.9999069571495056,0.5870139990534098,0.5583864859172274,-0.07921002571071895,0.9996820092201233,0.5871014952659603,0.5598510776247294,-0.09990670233964916,0.9998142719268799,0.5832773753574914,0.5799441286495751,0.014214501982288696,0.999976634979248,0.5844485742705207,0.5997611982481817,-0.14019595129149293,0.9999961256980896,0.5889158572469436,0.5245627846036636,0.05936748635556014,0.5038141012191772,0.5903700215475897,0.652223455905914,-0.15974277768816258,0.9883889555931091,0.5861586655889236,0.47571003011294755,0.04470044319251816,0.6487005352973938,0.617766920157841,0.6571953756468634,-0.17697113965238837,0.9575010538101196,0.5872281415121894,0.46204168541090807,0.04016755712883811,0.6511698961257935,0.6239538635526382,0.6662033711160928,-0.19938623564583907,0.9375221133232117,0.5862768837383813,0.46048604079655214,0.028591975516506593,0.6512373685836792,0.6246815306799749,0.6628577504839213,-0.197467929976327,0.9301806688308716,0.5853675467627386,0.46444476161684284,0.03926788901777138,0.6423748135566711,0.6228909560612267,0.6600915006228852,-0.17651415765285483,0.8828120827674866,0.5924224444798057,0.6930342435836789,0.053898023920399774,0.9999932646751404,0.5896234563418794,0.6952383824757165,-0.0539048984646797,0.9999962449073792,0.6118412988526478,0.7640990665980744,0.07761258227484563,0.7761759161949158,0.5980542540550229,0.7788545250892636,-0.062296373397111866,0.9976235032081604,0.6019876548222131,0.8343857169151302,0.1399647231612886,0.9062100052833557,0.5735967227390831,0.8551274759428837,-0.04719077167766433,0.9952701926231384,0.5960284028734477,0.8485467144421164,0.14444233689989355,0.9235306978225708,0.5665976149695258,0.8673359325953889,-0.04699023536273409,0.9685606956481934,0.6203030518123078,0.8458195907729009,0.10868546238967346,0.8728169798851013,0.5910944870540071,0.8738760318074903,-0.09018186181783672,0.9761229753494263
26,0.586145973205566,0.5557431186948502,-0.11333644453968315,0.9998833537101746,0.5829010009765622,0.5521102581705363,-0.1066454695803778,0.9997363090515137,0.5826032876968381,0.5522545082228523,-0.1067698614937918,0.9996869564056396,0.5823444145066394,0.5523819599832804,-0.10674365801470614,0.9997413754463196,0.5829857553754532,0.5539557286671227,-0.12219084373542234,0.9998880624771118,0.5827493412154059,0.5553194182259693,-0.12233161798545286,0.9999170899391174,0.5825356568608961,0.5566766313144136,-0.1224135911890438,0.9999473094940186,0.5799826264381406,0.5593184420040673,-0.06517147655997954,0.9997455477714539,0.5807577320507592,0.5632532341139654,-0.1358327603765896,0.9999150633811951,0.586759190899985,0.5627114449228556,-0.0951547196933201,0.9997115731239319,0.5868484922817773,0.5649104390825541,-0.11627496076481678,0.99983149766922,0.5833559342793053,0.5815730401447838,0.0018385388023619124,0.9999773502349854,0.5850905895233152,0.605851204054696,-0.15275095616068152,0.9999954104423523,0.5852969714573448,0.5255133373396734,0.04430292089070591,0.505949854850769,0.5904477766581941,0.6551761593137466,-0.17363244465419217,0.9890154600143433,0.5804687942777359,0.47354033504213583,0.024160052436803053,0.6785009503364563,0.6167863317898339,0.6556669320378982,-0.19403785978044774,0.9608370065689087,0.5804272634642462,0.4588186689785546,0.018412191474011956,0.6815897226333618,0.6238468595913476,0.6630772590637204,-0.2172334679535456,0.9423452615737915,0.5792118787765501,0.45753263660839605,0.006864193432764811,0.6818528771400452,0.6247004032135007,0.6587611232485087,-0.21554353875773283,0.9356211423873901,0.5788224680083136,0.4621539856706345,0.01863977408834865,0.6723695397377014,0.6229348608425682,0.6566592097282407,-0.19367991387844077,0.8901867866516113,0.5943966048104419,0.6939773372241426,0.05400764527065411,0.9999932050704956,0.5917120116097584,0.6969789130347113,-0.05402472381080897,0.9999958872795105,0.6148158890860418,0.7639063818114141,0.07542897824730188,0.7817075252532959,0.599665466376713,0.7811154893466401,-0.06009391173720357,0.9974084496498108,0.602704332556043,0.834301900863647,0.13114809947354447,0.9098564982414246,0.573824174063546,0.8548046520778108,-0.04394879426274979,0.9952521920204163,0.5958952239581514,0.8487067716462268,0.1346735077244894,0.9231424927711487,0.5669407248497006,0.8669934426035196,-0.043923810869455314,0.9664018154144287,0.6203656724521089,0.846646792548043,0.09549225675208224,0.8816515803337097,0.5911987934793742,0.8736972740718292,-0.08850078199590951,0.9776264429092407
27,0.5856872592653545,0.560270309448242,-0.122480760621173,0.9998912811279297,0.5822074890136716,0.556660563605172,-0.11585033035704062,0.9997590184211731,0.5819419690540856,0.5567691258021761,-0.11598413554685451,0.9997140765190125,0.5817025968006676,0.5568505457469393,-0.11595693901181217,0.9997637271881104,0.5821896433830258,0.5589044996670312,-0.13115252714071948,0.9998981356620789,0.5818919607571191,0.5605751037597653,-0.131294631000076,0.9999245405197144,0.5815897635051179,0.5623010039329527,-0.13138265407511163,0.9999517798423767,0.5794494765145435,0.563412158829825,-0.07332515724535496,0.9997687935829163,0.5796725766999378,0.568627277442387,-0.14295826405286782,0.9999217987060547,0.5866058434758865,0.566682067939213,-0.10383410565555092,0.9997369647026062,0.586606134687151,0.5696049468857899,-0.12465966216155455,0.9998462796211243,0.5835580825805662,0.58286109651838,-0.0068396383364285745,0.9999779462814331,0.5854341455868309,0.6119681579726081,-0.15679008364677421,0.9999945163726807,0.5827913744109015,0.5282879539898461,0.032356376041259065,0.5165184736251831,0.5899065034730091,0.6603147268295285,-0.17570347466639102,0.989523708820343,0.5754225185939241,0.4753902716296058,0.008360369510150373,0.7053290009498596,0.6148860897336684,0.6545516695295058,-0.1954973701919827,0.9637255668640137,0.5742382679666789,0.45996862735067073,0.0006791951400893018,0.7088873386383057,0.6227004153387884,0.6602802651269092,-0.21865715725081297,0.9465472102165222,0.572592564991542,0.4590271030153545,-0.010075100371614099,0.7093115448951721,0.6240503345217021,0.6554235816001889,-0.21696122459002892,0.9403716325759888,0.5724983130182536,0.46461791055543056,0.0031168292210038175,0.6992340683937073,0.6219587121691019,0.6539259433746334,-0.19508644470146713,0.8965848684310913,0.5969541226114543,0.696439046519143,0.05365404582449366,0.9999932646751404,0.5935439739908488,0.7001905219895496,-0.05367235041090418,0.9999957084655762,0.618500016416822,0.7636590497834338,0.07314812349421634,0.7956222891807556,0.6014566080910816,0.783518506799425,-0.06187826501471652,0.9974358081817627,0.6037428464208328,0.8342242121696468,0.13246493850435526,0.9165434837341309,0.5742152963365824,0.8546899403844557,-0.044127604684659386,0.9955002665519714,0.5969212787491932,0.848582087244306,0.13562453708478375,0.9269636869430542,0.5674370731626235,0.8667752010481694,-0.04382735767534798,0.9668391346931458,0.6208311149052208,0.8475517221859519,0.09772334450057571,0.891674816608429,0.5913283365113392,0.8733393515859327,-0.0920423539621489,0.9794121384620667
28,0.5851771490914479,0.5637665833745682,-0.09658906997314518,0.999899685382843,0.5814562099320546,0.5602731244904652,-0.08894993136969524,0.9997806549072266,0.581203380652836,0.5604565841811042,-0.08908835061260362,0.9997401237487793,0.5809788823127744,0.5606462325368606,-0.08906409169680302,0.9997851848602295,0.5813715883663719,0.5628389137131824,-0.10399843534188608,0.9999075531959534,0.5810082674026487,0.564872622489929,-0.10414281977074481,0.9999315142631531,0.5806103161403109,0.566925501823425,-0.10423133139099389,0.9999560117721558,0.5789746131215774,0.5671547957829064,-0.04701742668237003,0.9997907876968384,0.5786321571895052,0.5732933027403693,-0.11516845247575211,0.9999284744262695,0.5864582930292399,0.5702522686549593,-0.07822978857106394,0.9997609853744507,0.5863389423915315,0.5736847502844671,-0.09869198634156154,0.9998602271080017,0.5840101514543803,0.5865367531776425,0.012606363084965511,0.9999790787696838,0.5855755022593905,0.6171445012092587,-0.13369316820587424,0.9999940991401672,0.5808165618351524,0.5305622492517741,0.04529885915773253,0.5378827452659607,0.5885690433638434,0.6662012015070231,-0.1514064812234469,0.9899977445602417,0.5711420450891764,0.47924051029341536,0.018855701307100896,0.7313976883888245,0.6115090557507104,0.6542386804308207,-0.16831585977758673,0.9660877585411072,0.5688617740358622,0.4647132107189721,0.013372525306684622,0.735016405582428,0.6194043091365267,0.6575460093361988,-0.18948877794401978,0.9501583576202393,0.5668844393321444,0.4639392086437768,0.0018435203586705,0.7355004549026489,0.620827165671757,0.6528589350836614,-0.1872455043452126,0.9444515705108643,0.567070925235748,0.469426130396979,0.012792162064995076,0.7253501415252686,0.6184644767216271,0.6521328585488453,-0.16751590073108666,0.9021133780479431,0.5995534641402105,0.7008114048412865,0.05358202191335812,0.9999935626983643,0.5957260097776138,0.7044209241867062,-0.053599376337868807,0.9999957084655762,0.6226444312504357,0.7634263225964134,0.06180184515459194,0.8114123344421387,0.6041536467415943,0.7859937156949721,-0.07396010277526716,0.997595489025116,0.6045001421655924,0.8341467448643272,0.1145836004189082,0.9222466945648193,0.5750474163464134,0.8547264116150988,-0.06587822948183329,0.995806872844696,0.5979327406202041,0.8481882589203966,0.11720497054713107,0.9306883811950684,0.5678210309573579,0.866899466514587,-0.06582174173423219,0.9683544635772705,0.621081459522247,0.8489422576768053,0.08186993471213747,0.9006034731864929,0.5914945125579831,0.8732825824192588,-0.11613822600671218,0.981189489364624
29,0.5842487352234974,0.5673493078776766,-0.04787639304995534,0.9999048113822937,0.5803635631288798,0.5640498706272667,-0.03903829304035751,0.9997977018356323,0.5801406008856634,0.5642632688794814,-0.039172270584718435,0.9997612237930298,0.5799618227141241,0.5645041159221101,-0.0391518009111418,0.9998027086257935,0.5801982624190192,0.5669147236006598,-0.05298796596803833,0.9999150633811951,0.5797735384532381,0.5691118989671977,-0.053128616485212506,0.999937117099762,0.5793233905519756,0.5712409240858893,-0.05320898238569496,0.9999590516090393,0.5783794709614342,0.5710381439753938,0.0006693916927490925,0.9998096823692322,0.577591788768768,0.5778651969773425,-0.06231909686965599,0.9999327659606934,0.5860865848405018,0.5739960329873219,-0.03091893450223972,0.9997797012329102,0.5857901096343991,0.5775538768087112,-0.049905707953231654,0.9998701214790344,0.585270730086735,0.5907385928290229,0.04927416560905318,0.9999798536300659,0.5856830103056769,0.6201944402285982,-0.09057174101471896,0.9999929070472717,0.579283217021397,0.5322785224233352,0.07521181697291984,0.5533186793327332,0.5861581410680495,0.6713920150484354,-0.1179118218166487,0.9897603988647461,0.5670002256120952,0.48323232957294987,0.045889486778261386,0.7543666958808899,0.6079623341560361,0.6545215879167827,-0.13981569962842116,0.9668082594871521,0.5638821159090311,0.4700727224349973,0.04323656708002088,0.7581123113632202,0.6157033562660215,0.6562047021729602,-0.16031700841018126,0.9521054029464722,0.5621364831924436,0.4691179096698759,0.031080277457035003,0.758563220500946,0.6167623673166545,0.651457778045109,-0.15699580907821648,0.94666588306427,0.5626391836575098,0.4742295495101382,0.04087470975438397,0.7482125163078308,0.6142429760524202,0.6512222324098856,-0.13879616132804318,0.9046016335487366,0.602163025311061,0.7044548256056646,0.053648044488259695,0.9999936819076538,0.5975700514657154,0.707125754015786,-0.05367359497717446,0.9999954700469971,0.6254588144166127,0.7639121838978356,0.044906469487718155,0.8223621249198914,0.6070640921592709,0.7883208394050595,-0.08262316542012346,0.9977091550827026,0.604750277314867,0.8343670197895592,0.09006878222737989,0.9261918067932129,0.57622378042766,0.8546798552785597,-0.0848845473357609,0.9960042238235474,0.5985847864832194,0.8478891117232182,0.09233964979648586,0.9344220757484436,0.5681033236639839,0.8666211894580292,-0.08551188941512784,0.9699455499649048,0.6211372886385234,0.8503731846809384,0.057924097031354885,0.907709002494812,0.5918537804058617,0.8738984380449564,-0.13444255505289343,0.9826156497001648
30,0.5838890961238313,0.5714229055813378,-0.012467032564537857,0.9999102354049683,0.5798967429569787,0.5683143803051537,-0.003046106525341326,0.99981290102005,0.5796613301549636,0.5684817535536627,-0.0031765580339457,0.9997802376747131,0.5794852290834697,0.5686687145914348,-0.0031609401680595586,0.9998182058334351,0.5797235846519467,0.5711449027061459,-0.016351257477487828,0.9999217987060547,0.5792648877416335,0.5731937885284422,-0.0164843175826328,0.9999422430992126,0.5787927695683068,0.5751633218356538,-0.016554643373404218,0.9999618530273438,0.5781237687383376,0.5751626116888862,0.03467185678226606,0.9998267889022827,0.5770976032529556,0.5823450190680365,-0.02555787712335585,0.9999369382858276,0.5859572325434002,0.5780202763421193,0.003108773912702289,0.9997977614402771,0.5856392145156858,0.580996899945395,-0.015019854583910523,0.9998800754547119,0.5868814928191046,0.5944761071886333,0.07403828749167064,0.9999809861183167,0.585606709548405,0.6238620468548363,-0.06200455342020304,0.9999924302101135,0.5780693531036374,0.5338135361671446,0.09348950865013254,0.5873111486434937,0.5836077230317249,0.6762778043746945,-0.09945094329970218,0.9899476170539856,0.5632445386477876,0.4867292259420665,0.060996319832546345,0.7772824168205261,0.603928526810237,0.6548849293163841,-0.15003099271229328,0.9690419435501099,0.5593897206442694,0.47534463916506065,0.057972869649529434,0.7805320620536804,0.6110879557473315,0.6561681304659159,-0.17262119948863974,0.9555243253707886,0.5577329363141739,0.4741709870951514,0.04762393915194218,0.7809141278266907,0.6116474032402035,0.6510230575289042,-0.16826177409717008,0.9504863619804382,0.5585760167666841,0.47882425189018224,0.057383924429970104,0.7709778547286987,0.609401728425707,0.6510621343340189,-0.14924484321049275,0.9107821583747864,0.6047060387475147,0.7069724491664338,0.053953995981386706,0.9999938607215881,0.5993961351258411,0.7087793912206374,-0.0539960688778332,0.9999952912330627,0.626912348611014,0.7657469340733115,0.03333435463053838,0.8372634649276733,0.6096450294767104,0.7897101845060072,-0.08839546782629826,0.9978625178337097,0.6046118191310335,0.8347342967987057,0.069516923385007,0.9313423037528992,0.5775938323565889,0.8548293863024026,-0.09607869663408822,0.9962294697761536,0.5987268294606887,0.8476877229554309,0.0712461303387369,0.938539445400238,0.568255041326795,0.8662052409989489,-0.09709196016192433,0.9714556336402893,0.6211972151483806,0.8520692297390525,0.03438988892095428,0.915010392665863,0.5924053941454204,0.874641667093549,-0.14576216020754398,0.9839777946472168
31,0.5840488314628598,0.576153949328831,-0.004260919402752599,0.9999144077301025,0.5798902784075053,0.5731899755341663,0.004435164364362468,0.9998255968093872,0.5796331286430356,0.5729634574481416,0.004314077401068062,0.999796450138092,0.5794406856809341,0.5727669443402968,0.004328236065339297,0.9998316168785095,0.5796839424542015,0.576180735656193,-0.008527227570968007,0.9999275207519531,0.5791620748383656,0.5779863630022318,-0.00866260227880307,0.999946653842926,0.5786220891135077,0.5798239605767384,-0.008729037775525018,0.9999641180038452,0.5780732836042128,0.5784491317612782,0.041620950640312245,0.9998419284820557,0.5767151134354724,0.5869172947747363,-0.01372944877615996,0.9999397993087769,0.586068648951394,0.581800179822104,0.01004790679684707,0.9998133778572083,0.5858218414442877,0.5846516081265039,-0.007107697374054358,0.9998883008956909,0.5882624523980274,0.5957016451018194,0.07643059108938487,0.9999821186065674,0.5855332578931534,0.6280882205281936,-0.05156736576131409,0.9999915361404419,0.5773200494902472,0.5357216494424,0.09271815248898094,0.6199980974197388,0.5810882568359372,0.6801681637763974,-0.0999416502458708,0.9897791743278503,0.5608335103307449,0.49049747245652314,0.05732795324708732,0.7978610992431641,0.6000750643866399,0.6555304850850783,-0.17518482250826692,0.9703353643417358,0.556039260114942,0.480435412270682,0.04971781298518179,0.8005637526512146,0.607081934383937,0.6571338364056175,-0.20067617212023045,0.9577822089195251,0.5543747901916501,0.47928271038191633,0.043569203881945975,0.8008694648742676,0.6073450769696913,0.6510535018784656,-0.1959133722952433,0.9530014991760254,0.555468962873731,0.4837298171860829,0.05512024377073558,0.7913191914558411,0.6051065308707099,0.651347538403102,-0.17492626224245333,0.9146263003349304,0.6071598155157905,0.7083709665707176,0.052854020680700005,0.9999940991401672,0.6016200695719035,0.7103557382311136,-0.05291945668203488,0.999995231628418,0.6269389033317563,0.7688673973083492,0.02702002158122402,0.8506238460540771,0.612427358967917,0.7901951295988897,-0.08822905889579225,0.9979891180992126,0.6047096593039374,0.8350781628063743,0.0707774032439504,0.9359472990036011,0.5795286638396124,0.8541601300239559,-0.08961666598916049,0.9964154958724976,0.5989803126880098,0.8476725884846275,0.0734311753085681,0.9423472881317139,0.5691962667873924,0.8645846724510189,-0.09020713546446388,0.9728946685791016,0.6210710695811678,0.8532246794019422,0.036445322845663326,0.9214971661567688,0.5929444670677182,0.8750531213624133,-0.13932036906480783,0.9851824045181274
32,0.584379754747663,0.5797433802059716,-0.009698138386011117,0.9999186992645264,0.5801393168313159,0.5771950091634475,0.0010186551146554347,0.9998369812965393,0.5798505204064502,0.5767388292721336,0.0008658089795582275,0.9998109340667725,0.5796253732272554,0.5763620580945693,0.0008772110092520199,0.9998434782028198,0.579960867336818,0.5800781147820606,-0.00803309295858655,0.9999326467514038,0.579427315507616,0.5817198668207438,-0.008123861120215478,0.9999505877494812,0.5788558397974284,0.5834169370787482,-0.00816742059375558,0.9999662041664124,0.5782018576349528,0.5813652702740258,0.03578378751075692,0.9998552799224854,0.5768004502568924,0.5902508139610287,-0.018938579303877684,0.9999425411224365,0.5861355866704665,0.5842927132334025,0.00670776745038373,0.9998273849487305,0.5859683615820745,0.5871777670724049,-0.00799495758754866,0.9998958110809326,0.5891591531889776,0.5963552985872539,0.06893012374639508,0.999983012676239,0.5853807449340818,0.6314425843102589,-0.05437579751014707,0.9999908804893494,0.577127921581268,0.5373778956277027,0.07734324591500415,0.652723491191864,0.5789393493107384,0.6829424977302548,-0.10990720987319941,0.990108847618103,0.5598373941012789,0.4937829051698955,0.04038396240877252,0.8167993426322937,0.5959980624062672,0.6569577830178394,-0.19498580609049104,0.9726154804229736,0.554195325715201,0.48386859553200834,0.03016972531165394,0.8188902735710144,0.6021251644406997,0.6578676496233256,-0.2215487790959221,0.9610833525657654,0.5526528903416222,0.4832756400108335,0.026013035207454634,0.8191136121749878,0.6026312811034064,0.6510366695267811,-0.21693484485149372,0.9566951990127563,0.553893412862505,0.48690931797027565,0.037346705953989694,0.8100353479385376,0.60071028641292,0.6516953161784578,-0.1950596983943666,0.9210396409034729,0.6097605415752954,0.7103020310401913,0.05015236267021722,0.9999940395355225,0.6043101276670181,0.7130459342684061,-0.050231509229966546,0.9999948740005493,0.6276820540428159,0.7715893132346014,0.02604714621390614,0.8626776933670044,0.6149502038955685,0.7904767206736969,-0.0879346919911248,0.9980792999267578,0.6051705939429144,0.834754635606493,0.07023076862096783,0.9390237331390381,0.5814911757196697,0.8517871754510058,-0.07394191133124485,0.9963917136192322,0.5993720105716158,0.8461793592997956,0.07176971371684752,0.9446213245391846,0.5709271890776495,0.8613955804279869,-0.0726744144090584,0.9728164672851562,0.620899256638118,0.8535806315285815,0.03961001751678329,0.9263985753059387,0.5935873150825497,0.8748815894126889,-0.11744016451495029,0.9859316945075989
33,0.5845222166606355,0.5800798365047997,-0.02702069490083625,0.9999213814735413,0.5803235684122355,0.578471870081765,-0.015683595394407987,0.9998458623886108,0.5800235050065173,0.5783562626157486,-0.015854192217479315,0.999822735786438,0.5797746981893264,0.5783026133264811,-0.015841237553727936,0.9998528957366943,0.5801800353186468,0.5809046609061101,-0.022998915586088374,0.999936580657959,0.579670134612492,0.5825139386313299,-0.02307939015861067,0.9999536871910095,0.5791197299957273,0.5841477036476133,-0.02311823934848818,0.9999676942825317,0.5782812629427225,0.5836421217237198,0.019214174843260212,0.9998668432235718,0.5771475349153788,0.5914337788309367,-0.03535538927784986,0.9999447464942932,0.5862615380968363,0.5845996652330668,-0.009096350786941387,0.9998393654823303,0.5861200145312715,0.5872811419623236,-0.02274810176874909,0.9999023079872131,0.5912267821175708,0.5960222976548328,0.05355912718389713,0.9999836087226868,0.5853187492915559,0.6315087897436956,-0.06599374594432963,0.999989926815033,0.5777152912957325,0.538600511210305,0.05533692363117419,0.6845158934593201,0.5765565565654207,0.6848441617829455,-0.1332127324172428,0.9905075430870056,0.5598606126649036,0.49633119361741174,0.01577992029488086,0.8342444896697998,0.593075677326747,0.658326126847948,-0.21302419262272962,0.9748057126998901,0.5536634819848194,0.48512674229485625,0.004711929176534922,0.8358083963394165,0.5986554844038825,0.6573860372815811,-0.24050531557628077,0.9642041921615601,0.5523483923503327,0.48558728865214734,-1.6233587770590058e-05,0.8359796404838562,0.5993883473532537,0.649786625589643,-0.23547672459057387,0.9601801037788391,0.5536778347832814,0.48821669391223343,0.012443457809942103,0.8274744749069214,0.5979162999561852,0.6510017156600949,-0.21307572509561257,0.9271867871284485,0.6122119903564449,0.7113775065967012,0.047939169726201436,0.9999938607215881,0.6060354062489097,0.7147118278912132,-0.04801574721932409,0.9999943375587463,0.6293318510055539,0.7728473101343423,0.02881459013691969,0.8751198649406433,0.6171172124998907,0.791081755501883,-0.08474032857588355,0.9981887340545654,0.6059922933578489,0.8344495790345323,0.07943531806979856,0.9433446526527405,0.5830688800130569,0.8487612996782571,-0.05117604264191216,0.9964419603347778,0.5999099680355614,0.8445132562092368,0.0799565819757325,0.9473291039466858,0.573183591025216,0.8566057971545624,-0.047483069768973735,0.9726434350013733,0.6210215142795015,0.8536816034998209,0.04957545484815323,0.9320790767669678,0.5940033725329805,0.8748506324631823,-0.08664171418973374,0.9867356419563293
34,0.5846709626061573,0.5785790545599798,-0.04999165519007612,0.9999273419380188,0.5804104736873079,0.5779768603188649,-0.039619315889441536,0.9998591542243958,0.5800934161458694,0.5782401970454623,-0.03978688952172106,0.9998384714126587,0.5798578109060012,0.5785127622740607,-0.03977104244238163,0.9998658895492554,0.5804053068161008,0.5801090819495063,-0.048668489019785585,0.9999420642852783,0.5799726264817371,0.5818693927356172,-0.04877438787370918,0.9999577403068542,0.5794913189751758,0.5836943984031675,-0.048828060233167214,0.9999702572822571,0.5785266893250599,0.5847775765827721,-0.0019448834205312367,0.9998794794082642,0.5776694655418393,0.5918649503162927,-0.05947937071323392,0.999949038028717,0.5868138722011018,0.5835004176412307,-0.031660960787641135,0.9998538494110107,0.5866417663437977,0.5860146079744609,-0.046828211684312115,0.9999107718467712,0.5937760165759493,0.5964048896517069,0.03664374708064963,0.9999846816062927,0.5852898223059515,0.6317611609186442,-0.08532946897404531,0.9999894499778748,0.5782336422375267,0.53961797271456,0.03786715983546204,0.7134644389152527,0.5748679620879034,0.6860609514372686,-0.15535518079996102,0.9909660220146179,0.5613526037761141,0.496946026597704,-0.003931052424013613,0.8500626683235168,0.5901019011225017,0.6589387774467466,-0.23680322681154514,0.9765306115150452,0.5552013533455982,0.4856381595134733,-0.015167323819228574,0.8512514233589172,0.5957273926053726,0.6559361168316429,-0.2652841048581258,0.9667177796363831,0.5536968588829038,0.48685940504074077,-0.02144251009449362,0.8513949513435364,0.5963944367000031,0.6480893526758463,-0.25971609439168647,0.9629738926887512,0.5552718503134588,0.48897603494780384,-0.007973236750279151,0.8434555530548096,0.5952097501073562,0.6497912832668846,-0.23677163805280402,0.9319930672645569,0.613765135833195,0.7118802240916657,0.04788635617920328,0.9999939203262329,0.6068981119564598,0.7154198765754696,-0.04794654164995464,0.9999940991401672,0.6317350677081515,0.7727443371500284,0.03347727789410522,0.8867698907852173,0.6184848853519982,0.7916940093040462,-0.08373340687581467,0.9983357787132263,0.6064871753965102,0.8326377579144065,0.08591807910374229,0.9475640058517456,0.5841204132352553,0.8466285756656098,-0.04321835019758767,0.996637225151062,0.6000743184770854,0.8414688587188717,0.08644878119230266,0.9503136277198792,0.5751710023198806,0.852782707554953,-0.03901232087186402,0.9738668203353882,0.6201672519956314,0.8538074152810229,0.0543173690991742,0.9376240968704224,0.5951292872428892,0.8745640243802748,-0.07577371107680453,0.987756609916687
35,0.5858799116952076,0.5792526670864647,-0.1058360820902245,0.9999304413795471,0.5810494525091986,0.5780677216393604,-0.09799683184495991,0.9998685717582703,0.5807697517531256,0.5779064927782328,-0.09814480005630422,0.9998500347137451,0.58061557326998,0.5777963416916981,-0.09813142490706271,0.9998754858970642,0.5808448076248166,0.5813604252679004,-0.1090677736593144,0.9999459385871887,0.5803152237619669,0.583570565496172,-0.10923032994781218,0.9999605417251587,0.579796757016863,0.5859190549169265,-0.10932239863489351,0.9999717473983765,0.5795253855841498,0.5840072785105022,-0.05177289987249033,0.9998896718025208,0.5780023455619809,0.5942505359649656,-0.09992998157228739,0.9999510645866394,0.5885350261415752,0.5832548448017663,-0.08707779077813027,0.9998652935028076,0.5880761197635103,0.5873810751097541,-0.10198411856378825,0.9999170303344727,0.5956235681261333,0.5917626704488479,-0.003955798542925301,0.9999853372573853,0.5851066282817292,0.636942568847111,-0.11072300672531124,0.9999875426292419,0.5796380570956636,0.5273177317210604,-1.2334223304492214e-05,0.738274097442627,0.5744004164423259,0.698754697186606,-0.18695574679544985,0.9906354546546936,0.5622747847012108,0.48014128123010885,-0.047452972669686594,0.8641960024833679,0.5889461789812358,0.6718725953783304,-0.285692984504359,0.9771717190742493,0.5563941257340566,0.47036918742316086,-0.060755332346473415,0.8650671243667603,0.5953728164945327,0.6657206433159961,-0.31646528116294304,0.9678263068199158,0.5545208079474311,0.4711751597268239,-0.06726006281096487,0.8651992678642273,0.5955826078142437,0.6581138747079028,-0.3128422021865843,0.9642601013183594,0.5555098720959253,0.47390277726309615,-0.051653204060026575,0.8577374815940857,0.594275799819401,0.660437898124967,-0.2868109984057289,0.9341888427734375,0.6139654380934576,0.7106781142098559,0.043926309794187525,0.9999932646751404,0.6069063254765099,0.7147775445665628,-0.04400321607078823,0.9999929070472717,0.6323786837714056,0.772580288137708,0.02575431258550711,0.8968877196311951,0.6194677574293951,0.7919687884194506,-0.08167137737785063,0.9983978271484375,0.6063950828143525,0.8305433937481468,0.09557886713051367,0.9508398771286011,0.5853760106222967,0.8451686297144205,-0.03534030318260191,0.9966855049133301,0.5998255780764985,0.8393828885895861,0.09917544284835454,0.9517415165901184,0.5772272382463725,0.8496455652373174,-0.031042255886963414,0.9739590883255005,0.6187722648893081,0.8536612084933686,0.06326219173414364,0.9420835971832275,0.5964259352002822,0.8738262517111638,-0.07063311444861545,0.9884495139122009
36,0.5855024661336623,0.5821281433105466,-0.011551760562828597,0.9998986721038818,0.5807739870888844,0.5792848621095927,-0.003965179196425833,0.9998360872268677,0.5805412718227929,0.5783634798867359,-0.0040991469153335985,0.9998162388801575,0.5804427828107559,0.5776652898107254,-0.004077346729380732,0.9998486042022705,0.5805967092514035,0.583229759761265,-0.013261781313589627,0.9999317526817322,0.5801356043134415,0.5845954060554501,-0.013424197797264358,0.9999497532844543,0.5797075050217761,0.5860472406659805,-0.013503110834530409,0.9999610781669617,0.5801281554358344,0.5831483091626846,0.027999691146292846,0.9998776912689209,0.5782046437263486,0.5915503689220971,-0.014396887857999106,0.9999256730079651,0.5881706544331139,0.5847345982279093,0.001661532797983721,0.9998502135276794,0.5878216556140352,0.5882499728884013,-0.011343760149819498,0.9999017119407654,0.5925285356385365,0.5973909701619826,0.059956428568278014,0.9999837875366211,0.5867704919406342,0.6217805845396857,-0.041813814932746524,0.9999796152114868,0.5799349290984015,0.5748504638671872,0.08697211653260244,0.7553053498268127,0.5761802996907912,0.6399930306843347,-0.10188444543829447,0.9873533248901367,0.5675819448062349,0.5391604193619317,0.08964127900877165,0.876300573348999,0.5845769354275292,0.6048936384064808,-0.14964979269674838,0.9781277775764465,0.5638757382120403,0.5335694687707082,0.08920596774135314,0.8765861392021179,0.587573375020708,0.5936989648001532,-0.17034615533692488,0.9693397879600525,0.5632057717868257,0.5328954117638722,0.0818063854639019,0.8766980171203613,0.5871464797428673,0.5895226665905541,-0.16515439323016565,0.9661422371864319,0.5637024453708102,0.5346905222960878,0.08673901520669458,0.869430422782898,0.5865694795336038,0.5930199878556385,-0.14929417563336228,0.9373803734779358,0.6118135639599389,0.7030348556382312,0.03970693999103136,0.9999887943267822,0.6084425943238392,0.7057925224304196,-0.03979262060352732,0.9999869465827942,0.631514968190874,0.7720196962356565,0.021565861095275186,0.9049224853515625,0.6200404201235088,0.7846896018300733,-0.09792902086462288,0.9977448582649231,0.6063061015946521,0.8290423512458798,0.059490378892847445,0.9518656134605408,0.5890283635684419,0.84058084487915,-0.08340909970658163,0.99535071849823,0.6001675946371894,0.8383702925273346,0.06100748676274501,0.9488646388053894,0.5801572646413528,0.8452683380671906,-0.0829158875559057,0.9633265733718872,0.6189326064927234,0.853590767724173,0.02828005972717488,0.9442571997642517,0.5987387623105728,0.873082886423383,-0.1204230870519365,0.9872702956199646
37,0.5842260565076554,0.5799493244716096,0.07853242190820828,0.9998926520347595,0.5801454680306568,0.5768270134925839,0.08573211516652784,0.9998378157615662,0.5799593755177086,0.5760457124028884,0.08561680120016844,0.9998155832290649,0.579862558841705,0.5755461794989447,0.08564219528010909,0.9998525381088257,0.5800106797899516,0.5794467261859346,0.07642522518123897,0.9999286532402039,0.5796584231512885,0.5796734724725994,0.07627016359141892,0.9999454617500305,0.5793346881866452,0.5799039874758036,0.07620744077222685,0.9999576210975647,0.5800460372652323,0.5803208674703323,0.1057855153722422,0.999881386756897,0.578309174946376,0.5833333458219253,0.06265134183423857,0.9999107122421265,0.5864747575351168,0.5827699082238331,0.08688082210719582,0.9998196959495544,0.5863621916089736,0.5840519292013984,0.07368821459157122,0.999852180480957,0.588606740747179,0.6046350836753842,0.12295960597693914,0.9999799728393555,0.5886580978121073,0.6005810260772702,0.016984304253544122,0.9999792575836182,0.5810881274087085,0.596106135845184,0.1542422376573085,0.6855058670043945,0.5811878374644686,0.5860736080578393,-0.001857663278600992,0.9835967421531677,0.5754334245409282,0.5659729727676933,0.16201247402599872,0.8115472197532654,0.5828914182526722,0.5460965922900607,-0.04573118920837127,0.9735119342803955,0.5741251553807938,0.5593974871294837,0.16736497740660386,0.81535804271698,0.5831332598413737,0.5329765660422187,-0.059451343757765604,0.9619830250740051,0.5744195869990755,0.5565199375152585,0.16059552718486098,0.8162856101989746,0.5818639619009833,0.529669984749385,-0.050431944642748125,0.9570742249488831,0.5746811985969541,0.5590735946382792,0.1596480610647371,0.8066582679748535,0.5818349344389777,0.5340208794389449,-0.04439324395997182,0.925469696521759,0.6099917752402166,0.6943463206291196,0.038057801659618085,0.9999884366989136,0.6108262828418183,0.6954501220158165,-0.038144550046750464,0.9999874234199524,0.6284758482660563,0.7696021080017086,0.022897872435195095,0.8798887729644775,0.620686818872179,0.7751001102583746,-0.10553930848836893,0.9974581599235535,0.6067455870764593,0.8293292011533461,0.03574500923444116,0.9275902509689331,0.5947337320872713,0.8362314513751434,-0.1316768108734062,0.9929510354995728,0.6010131733758106,0.8380226271493091,0.03526371599041988,0.9445890188217163,0.5852510758808678,0.8398523483957558,-0.13070755260331285,0.9624745845794678,0.620751823697771,0.8538078631673536,0.0052918620939765675,0.9233952760696411,0.5999372993196757,0.8721089959144589,-0.1833918413945606,0.9816601276397705
38,0.5826561178479873,0.5670655795506065,0.08901438957878519,0.9997091293334961,0.5791503667831418,0.5652968628065924,0.09710706908787997,0.9995458126068115,0.5789182850292748,0.5648976853915622,0.0970000844980989,0.9994651079177856,0.5787415129797797,0.5646666032927374,0.09702822257365495,0.9996454119682312,0.5792321324348446,0.5671317730631145,0.08589028088109832,0.9997758269309998,0.5790109719548904,0.5673206346375599,0.08574970683881213,0.9998067617416382,0.5787562131881712,0.5674553888184681,0.08569469568984847,0.9998404383659363,0.5789813450404573,0.5710844397544859,0.1188104164121406,0.9997092485427856,0.5779940485954282,0.5722636222839352,0.06691796689161231,0.9995014667510986,0.5847801515034264,0.5704256159918646,0.09770854296428813,0.9995490312576294,0.58494518995285,0.5710050497736247,0.08202247417398859,0.9995133876800537,0.5854462589536391,0.5988793543406892,0.1395881923713854,0.9999735951423645,0.5908417378153117,0.584793640886034,0.018557782710662912,0.9999382495880127,0.5835492610931394,0.5857013770512169,0.17596851492832807,0.6505208611488342,0.5863281045641215,0.5721023951257975,0.009191504350331225,0.9562940001487732,0.5864535519054954,0.5527382791042326,0.18264811044292784,0.7887495160102844,0.5823485527719767,0.5318330049514768,-0.040459584125450636,0.9360724687576294,0.5864524671009606,0.5440051257610319,0.19126507969839224,0.7949016094207764,0.579936497552054,0.5191969139235357,-0.052965524366923686,0.9242921471595764,0.5874340994017462,0.5403050286429267,0.18198662943073676,0.7968020439147949,0.5788248062133786,0.5198161448751174,-0.042806934458868795,0.9167513251304626,0.5879358717373437,0.5441990920475549,0.17928253050361354,0.7850961089134216,0.5791878632136751,0.5217894809586658,-0.03898075031382693,0.8775695562362671,0.6086389609745568,0.6799376641001017,0.040537595110280156,0.9999867677688599,0.6125930053847174,0.6812504512923101,-0.040609902356352104,0.9999845623970032,0.6237163203103199,0.7610862476485113,0.029262865973370404,0.8450192809104919,0.6209217088563099,0.7621006233351568,-0.10418886414596008,0.994880735874176,0.6078599452972409,0.8297472272600444,0.02355548130082231,0.9136650562286377,0.6022476264408654,0.8327044674328391,-0.14618160000869201,0.9912700653076172,0.6023454359599519,0.8377729041235784,0.021286426910332255,0.9281609654426575,0.5933627094541275,0.8368931685175212,-0.14468463850872854,0.9560402631759644,0.620107989651816,0.854165456976209,-0.0096055340554033,0.91134113073349,0.6039351497377665,0.8679257869720455,-0.20513245654957624,0.9790303707122803
39,0.5825849992888312,0.5475583025387353,-0.043580084719828195,0.999736487865448,0.5783873728343416,0.5470930065427506,-0.034616761761052266,0.9995886087417603,0.5780640772410799,0.5473170672144206,-0.03474379612931184,0.9995152950286865,0.5777540377208162,0.5475874492100303,-0.03473207109740802,0.999678373336792,0.5783650006566726,0.5488465598651339,-0.047187490335532586,0.9997972249984741,0.5780404925346372,0.5503384045192171,-0.04731471485325268,0.9998251795768738,0.5776742134775432,0.5519479904855997,-0.04739422893949917,0.9998554587364197,0.5768020936420983,0.5564738137381415,0.005748021602630601,0.9997358918190002,0.5763834340231756,0.5613105297088621,-0.051968611031770695,0.9995474219322205,0.5848068390573771,0.5521022353853495,-0.027515159387673654,0.999589204788208,0.5847700749124797,0.5542150190898348,-0.044813884581838326,0.9995573163032532,0.5843489987509588,0.5791379247392925,0.05244201528174533,0.9999743700027466,0.5915096674646647,0.5847523604120524,-0.07443296797573563,0.9999380111694336,0.5871206845555984,0.5444316727774481,0.0986190734165055,0.6132838726043701,0.59069937978472,0.6156289679663519,-0.13761160385661886,0.9493399262428284,0.5901546938078741,0.5075544152941021,0.10106503580297736,0.7949113845825195,0.5799064414841786,0.5874396954263957,-0.25544445365667334,0.9341701865196228,0.5913542338779991,0.49962442602430046,0.10631519556045527,0.8003337979316711,0.5747240253857202,0.5797166739191325,-0.2808949751513344,0.9206271767616272,0.590213664940425,0.49584127323968047,0.09405294784477772,0.803777813911438,0.574394939626966,0.5815793003354751,-0.2754844101411955,0.9132952690124512,0.5903882384300229,0.5000521387372696,0.09634289400918136,0.7915927171707153,0.5758860468864438,0.5806671713079722,-0.25719404731478,0.8710858225822449,0.6086587429046628,0.6670359100614272,0.040865826181003005,0.9999839663505554,0.6132212179047718,0.6694805536951334,-0.04094854774219647,0.9999810457229614,0.6171850170407973,0.7497043745858325,0.031057280820927437,0.81301349401474,0.6201206667082647,0.7504611389977588,-0.08659187406301494,0.9912124872207642,0.6091068284852161,0.8259602631841383,0.041788621499602274,0.9037554264068604,0.60895311321531,0.8283290420259743,-0.09957567666258126,0.9895212054252625,0.6035585641860959,0.834093400410243,0.04017404545364634,0.9175964593887329,0.6025514517511638,0.8341670002256117,-0.09666426011494224,0.9517257213592529,0.6175844635282242,0.8531894598688394,0.0021227707288094992,0.9051510691642761,0.6096361892563953,0.8616642458098271,-0.15622409113815844,0.9772822260856628
40,0.5797955070223124,0.5298427956444873,-0.018956673251731053,0.9997578263282776,0.5754867911338803,0.52971373796463,-0.009920170796769007,0.9996235966682434,0.5751301697322297,0.5300488812582831,-0.010036122692482816,0.9995553493499756,0.5747564298765997,0.5304063047681533,-0.010026765189000541,0.9997046589851379,0.5755716970988679,0.5318413751465931,-0.024099701536553244,0.9998155236244202,0.575316102164132,0.5337744406291414,-0.02423084995576313,0.999841034412384,0.575010550022125,0.535866912773677,-0.024300325661897656,0.9998683333396912,0.5733646018164495,0.5402173212596346,0.026215070353022625,0.9997575879096985,0.5736076406070162,0.5466825331960403,-0.03892239592969416,0.9995858669281006,0.5822826828275405,0.5348633561815532,-0.004419991267578943,0.9996218681335449,0.5823106919016154,0.537497840608869,-0.02380921702299799,0.9995934367179871,0.5805370279720848,0.5657186712537491,0.07059466445020264,0.9999727606773376,0.5917136549949644,0.5708159872463768,-0.0673766576551965,0.9999366402626038,0.5853262850216454,0.5760917714663911,0.14932289038385657,0.5570033192634583,0.5927818809236797,0.6050979452473774,-0.14179849102760528,0.9432792067527771,0.5878765021051676,0.549461153575352,0.21757002643176476,0.7455064058303833,0.5800732680729455,0.581295950072152,-0.19090256329093652,0.9361425638198853,0.5877732038497923,0.5460520463330403,0.2344144601907048,0.7592095732688904,0.5724555015563962,0.5741031970296584,-0.20819488082613255,0.9236517548561096,0.5862711174147467,0.5424223337854656,0.22153561179127002,0.7667665481567383,0.571757616315569,0.5762199980872016,-0.20213893141065317,0.9169279336929321,0.5866100617817467,0.5442795736449102,0.21434740871191016,0.7535818815231323,0.5738750628062654,0.575950285366603,-0.19033552812678467,0.8747053146362305,0.6072397095816473,0.6522526008742193,0.043863343021699336,0.999981164932251,0.6145284567560465,0.6519681709153309,-0.04393025258822099,0.9999791383743286,0.6115275689533776,0.7372860908508297,0.022179030251157063,0.7662498354911804,0.6193479095186503,0.7348950488226751,-0.08806505150028635,0.9885333776473999,0.6098739470754349,0.818516864095415,-0.004718528129160401,0.8959692120552063,0.6161979130336214,0.818240984848567,-0.10892567123685559,0.9897538423538208,0.6051618116242542,0.8279543059212816,-0.009897267871669356,0.9110234379768372,0.6105208311762126,0.8281518050602501,-0.11245523478303632,0.9530878067016602,0.617456201144627,0.8502534151077267,-0.046558120527437734,0.905194878578186,0.6215221353939598,0.8517373715128214,-0.1488623027290616,0.978410542011261
41,0.5751200573784961,0.5212829964501515,0.07524215483239716,0.9997810125350952,0.5712671194757731,0.5211298925536016,0.07922844482319691,0.9996604323387146,0.570860798018319,0.5220849973814826,0.07914007790386673,0.9995990991592407,0.5704245379992892,0.5230753013065881,0.07914576690111838,0.9997336268424988,0.5718022193227492,0.5211533461298259,0.06779240476233615,0.9998332858085632,0.5718048283032007,0.5220698714256284,0.06765643624322751,0.9998563528060913,0.5717996273721965,0.5230270913669038,0.06760061628052164,0.9998807311058044,0.5696028249604359,0.5308852502277916,0.0871595157044274,0.9997815489768982,0.571702592713492,0.530097162723541,0.03422259209411483,0.999625563621521,0.5774099622453959,0.5270105821745734,0.07968899495899673,0.9996542930603027,0.5779030544417243,0.5270644273076737,0.06382171383925844,0.9996240139007568,0.576498358590262,0.5630435483796253,0.10647705346345895,0.9999731779098511,0.5908480235508508,0.5472739713532582,-0.008660250848957468,0.9999365210533142,0.5818503788539339,0.5970553568431307,0.18689067981072827,0.5284600257873535,0.5940525668007984,0.5548549813883643,-0.019417697936296455,0.9338891506195068,0.5850646172251017,0.5823042682238985,0.28124522609370084,0.678367555141449,0.5847521867070876,0.5575425590787613,0.024334105423518573,0.8703474998474121,0.584433317184448,0.5806299056325637,0.3012911626270838,0.6951295137405396,0.5784399407250538,0.5578388810157773,0.02607861970152172,0.8652437925338745,0.5834606051445005,0.5768392852374483,0.29253104712281897,0.7032189965248108,0.5769537738391328,0.5576585599354332,0.033012305625847393,0.8568955659866333,0.5837531345231189,0.5771051900727405,0.28001674456255765,0.691429078578949,0.5782733917236326,0.5578972220420835,0.02763903353895459,0.8164268136024475,0.6050523791994364,0.6441964711461745,0.03747756326837197,0.9999813437461853,0.6160141995974946,0.6385133096149986,-0.03756138091640811,0.9999790787696838,0.607541443620409,0.7266642911093573,0.0076990352411355255,0.7740846276283264,0.6190803698131013,0.7211448396955215,-0.06620673601116449,0.9894149303436279,0.6093874182019912,0.8085213899612423,-0.05349915655595913,0.9011521935462952,0.6242884601865493,0.8052814364433285,-0.12794295059783112,0.9905728697776794,0.6062510831015449,0.8185117227690556,-0.06049168466457296,0.9177190065383911,0.6199408411979672,0.818012348243168,-0.12940916333879737,0.9572936296463013,0.6189884849957055,0.8467148116656709,-0.0881366054394415,0.9114373326301575,0.6355627741132461,0.8319509846823552,-0.17069843454020356,0.9800581932067871
42,0.5694365433284212,0.5200556942394798,0.16520689119185714,0.9997984766960144,0.566226289953504,0.5197049038750782,0.1645917359207357,0.9996907114982605,0.5656246457781108,0.5210728526115416,0.16452421684350282,0.9996346831321716,0.565017919881003,0.5224533813340321,0.16453784012368738,0.9997570514678955,0.5676327313695633,0.5172314132962905,0.15704827393804272,0.9998475313186646,0.5680308580398556,0.5166974118777681,0.15690930368644845,0.9998685121536255,0.568452499594007,0.5160785198211668,0.15686838690723684,0.9998908042907715,0.565347167423793,0.5283912624631606,0.14669151963399985,0.9998011589050293,0.5702568769454954,0.5183414629527499,0.11152661485331394,0.9996597766876221,0.5711884175028117,0.5258831841605047,0.16035181411675037,0.999674379825592,0.5725802847317284,0.5226363590785432,0.14957075959869787,0.9996441006660461,0.5731156826019285,0.5635240282331192,0.14313859354172426,0.9999701976776123,0.5900384511266433,0.5243770360946653,0.05341964736580847,0.9999409317970276,0.5808419772556848,0.6073593344007217,0.19247299390179762,0.48428982496261597,0.5939024312155585,0.5005817294120786,0.09371219820209908,0.9219367504119873,0.5897451519966123,0.5978709970201762,0.2885341431413377,0.6112551093101501,0.5910303235054013,0.4997843222958699,0.21971131563186636,0.7907379865646362,0.5891750335693356,0.5951141442571365,0.32153509131499686,0.6265132427215576,0.5882023589951648,0.4996331385203768,0.23501114078930438,0.7831567525863647,0.5907038944108143,0.5906709688050403,0.315154274872371,0.6338565349578857,0.5864407181739805,0.5019204693181172,0.24323055957044865,0.7750005125999451,0.590652341502053,0.590266144275665,0.2897358336618967,0.6232739090919495,0.5861415573528832,0.502417640175138,0.2254707449248858,0.7383857369422913,0.6020614726202825,0.6382374371801101,0.030001405413661673,0.9999825954437256,0.6162895475115091,0.6284433654376436,-0.030118724544133446,0.9999808073043823,0.6063534753663197,0.7185862421989437,0.0017748264163466414,0.7820138931274414,0.6206304294722418,0.712455592836652,-0.04242496341466902,0.9846159815788269,0.6080179044178551,0.8007488318852012,-0.07137476272348844,0.8982847332954407,0.6331850290298459,0.7952517185892374,-0.12299413851329252,0.986149251461029,0.6053456255367822,0.8109093870435439,-0.07841434835323263,0.9222183227539062,0.6303121277264183,0.8102242554937086,-0.12356030195951456,0.9572928547859192,0.6183324626513886,0.8441871217318939,-0.09840459520263327,0.898197591304779,0.6490765503474641,0.8099955371447968,-0.16473106401307233,0.9607449173927307
43,0.5649474143981931,0.5212388736861091,0.17762962664876658,0.9997690320014954,0.5618546264512196,0.5204995785440715,0.17548894179718827,0.9996896982192993,0.5610097731862747,0.5223712716783793,0.17541690553937633,0.999631941318512,0.5601595929690767,0.5242660863058906,0.17542469139610012,0.9997571706771851,0.564050711904253,0.5157819134848456,0.16943883768149776,0.9998360276222229,0.5647572313036235,0.514243195738111,0.1693017912762505,0.9998555183410645,0.5654828258923119,0.5126646944454736,0.16925350236041198,0.9998831748962402,0.5608143278530664,0.5292443735258917,0.15086192020348133,0.999799907207489,0.5682936055319647,0.5126562442098342,0.12233454265764776,0.9996611475944519,0.5660493186541964,0.5278720770563395,0.17037736560617167,0.9996037483215332,0.5681022797312053,0.522008030755179,0.16149752459355757,0.9995362758636475,0.5705637250627787,0.5681000385965618,0.14256856526647288,0.9999437928199768,0.5893894706453593,0.5129022427967613,0.054323877128107184,0.9999392032623291,0.5828097411564416,0.6066081779343738,0.16926780939102165,0.436635822057724,0.5957683920860287,0.46646451779774234,0.07058030877794536,0.9229774475097656,0.597413464954921,0.6013432587896073,0.23954658806323992,0.5507211089134216,0.595171454974583,0.4409121555941443,0.16640440970659248,0.7974058389663696,0.6007209113665988,0.5980385729244775,0.2731767611844198,0.5651805996894836,0.5949379222733631,0.43695231250354205,0.1731515147856303,0.7849636673927307,0.6021243044308251,0.5922081504549296,0.2654413774609564,0.5717978477478027,0.5931101577622547,0.43840177399771535,0.18323920433010366,0.7739501595497131,0.6011295267513818,0.591766023635864,0.24016086778470436,0.5620952844619751,0.5924374205725531,0.43974921788488097,0.17178248784371777,0.7295957207679749,0.5994924374989098,0.6370305146489822,0.027454445032136766,0.9999823570251465,0.6158186197280882,0.6259246468544003,-0.027597849017807402,0.9999819993972778,0.6064984083175656,0.7142993535314284,0.0095793906333191,0.789376437664032,0.6240279657500127,0.7082955104964117,-0.03414673645581516,0.9836621880531311,0.6067743471690583,0.7941364543778552,-0.03963501895112649,0.8967356085777283,0.6404901504516598,0.7894396577562601,-0.09652879344565524,0.9833863377571106,0.6034402762140544,0.8049114278384613,-0.04469869687621081,0.927680492401123,0.6391992211341855,0.8046952503068103,-0.0972917984638895,0.9588150382041931,0.6152893986020767,0.8401947447231833,-0.06573991434914722,0.8870634436607361,0.6555916547775265,0.7977280787059235,-0.1372111865452357,0.9451158046722412
44,0.562852426937648,0.5204682469367978,0.16158632806369227,0.9997619986534119,0.5597360219274246,0.5195919649941578,0.16067368643624436,0.9996987581253052,0.5587969728878563,0.5213745253426685,0.16059671470097125,0.9996410608291626,0.5578728692872181,0.5231741002627779,0.16060525051185054,0.9997645616531372,0.5622283356530323,0.5147830009460447,0.1533480584621429,0.9998356699943542,0.5630274619374953,0.5131812538419449,0.15321393736771166,0.9998545050621033,0.5638287067413327,0.5115608743258883,0.15316062484468723,0.9998835325241089,0.5586102332387649,0.5279890724590844,0.14218080895287644,0.9998066425323486,0.5665796007428847,0.5118123565401347,0.10774099401065276,0.9996729493141174,0.5637103608676363,0.5271978974342344,0.15655783244541704,0.9995786547660828,0.5659703373908994,0.5214227693421498,0.14603974265711642,0.9994961619377136,0.5687674709728783,0.5700182999883376,0.1447967846478734,0.9999281167984009,0.5883591941424775,0.5138736707823615,0.03526189763631137,0.9999387860298157,0.5838157466479708,0.6076812931469506,0.15409386578415113,0.3979220390319824,0.5980300119944979,0.4656646021774835,0.026150845949138895,0.9298173785209656,0.6009620019367761,0.598053979873657,0.19123349062034053,0.497821569442749,0.601970028877258,0.4089026859828402,0.08878547208649767,0.8161925077438354,0.6053610001291545,0.5942480564117429,0.21622700286763047,0.5122525691986084,0.6045400977134702,0.3958089121750421,0.08656006753444666,0.8040848970413208,0.6058415327753337,0.5875944512231006,0.20798674034220824,0.5181780457496643,0.60265063388007,0.39468857986586414,0.10056718545300615,0.7935541868209839,0.604503318241664,0.5877244319234572,0.1903940579720905,0.509014904499054,0.6015100564275466,0.39924905044691883,0.09479608769927701,0.7508832812309265,0.5977414608001705,0.6376742856843127,0.03238749328468526,0.9999823570251465,0.6151061568941386,0.6265311053821015,-0.0325033846178225,0.9999830722808838,0.6065254143306185,0.7121790664536609,0.018929735780693582,0.8067764639854431,0.6279619250978739,0.7048811469759257,-0.05023753749472752,0.9847257137298584,0.607221904822758,0.7910476820809498,-0.016139425443751465,0.9036833643913269,0.6455593075071059,0.7849508217402863,-0.08645917922258373,0.9838912487030029,0.6051478675433565,0.8017997094563072,-0.019427835076515153,0.9340823292732239,0.6443079318319045,0.7995528084891179,-0.09105161854198997,0.9619951248168945,0.6136376380920407,0.8291218451091217,-0.04189217359359773,0.8895119428634644,0.6574453490121022,0.797107304845537,-0.12132569679192128,0.9434798359870911
45,0.5626141241618563,0.5201374207224163,0.1580092732395444,0.9995417594909668,0.5595036864280698,0.5190135291644502,0.15638211497238697,0.9995253086090088,0.5585056424140927,0.5207395212990894,0.1563106771026338,0.9994034767150879,0.5575492892946514,0.5224742378507339,0.15633479952812188,0.9996146559715271,0.5621838808059689,0.5144784791128973,0.15061299800872796,0.9997051954269409,0.5630164521081105,0.5130307180540901,0.15049439924103863,0.9997311234474182,0.5638159615652898,0.511557590961456,0.15046618325369693,0.9998077154159546,0.5583675980567929,0.5274841478892733,0.1334228349583489,0.9996201395988464,0.5662690349987572,0.5119325450488497,0.10760738040719708,0.999525785446167,0.5632598570414948,0.5268730895859852,0.15169549669538218,0.9991030097007751,0.5657139778137205,0.5216905151094707,0.14328909814357751,0.9989523887634277,0.5672071712357654,0.5696556602205547,0.13373460854802807,0.9998657703399658,0.5870412315641128,0.5171721816062925,0.041773248144558475,0.9999297857284546,0.5836415069443837,0.6078527808189389,0.10652992900993138,0.35994330048561096,0.5992429120200018,0.47382322379520936,0.04132765052574019,0.9314993023872375,0.6012246830122809,0.5969713330268858,0.08459181168249671,0.4490395784378052,0.6043074386460437,0.430928096600941,0.10710153217826565,0.8245866298675537,0.6059860127312793,0.5944550922938753,0.08696821651288436,0.462828665971756,0.6069115706852501,0.4190386797700607,0.10611002658094673,0.8058733940124512,0.605383731637682,0.58955431495394,0.08135618205581388,0.4681086838245392,0.605478341238839,0.416833630629948,0.11667760951178409,0.7925046682357788,0.6040325113705223,0.5899606091635565,0.08179922465767175,0.459645539522171,0.6046252284731182,0.42135717783655413,0.11189813081707267,0.7413978576660156,0.5963650941848753,0.6396187356540132,0.02622400148372564,0.9999819993972778,0.6145357387406483,0.6271222727639332,-0.02633506729034706,0.9999839067459106,0.6049741183008464,0.7124338167054309,0.028087664315743093,0.8035048246383667,0.631069469451904,0.6998842205320083,-0.05269373485020226,0.9830044507980347,0.6083287681852065,0.7913360544613426,-0.00435744047697101,0.9015071392059326,0.6491190229143412,0.7804862652506144,-0.08963505178689953,0.9820408225059509,0.6092861635344367,0.8016817229134692,-0.007161773355411629,0.9357900619506836,0.6482789124761306,0.793877906458718,-0.09376129869903832,0.9618748426437378,0.6118362716266084,0.8194129279681611,-0.029901975752519697,0.8667294383049011,0.6588209680148531,0.7969057917594905,-0.12711767618145253,0.9248160123825073
46,0.5624978542327878,0.5211311544690811,0.16191318929195397,0.9995622634887695,0.5594051820891242,0.5202982613018579,0.15659097390515456,0.9995538592338562,0.5583821875708441,0.5219347647258211,0.15652329027652734,0.9994397759437561,0.5573736037526809,0.5235156893730162,0.15657720097473682,0.9996357560157776,0.5622192314692903,0.5164684568132671,0.15531004922730574,0.9997203350067139,0.563084064211164,0.5153077193668908,0.15521719966615943,0.9997434020042419,0.5639278837612695,0.5141417605536323,0.15522807581084108,0.9998164772987366,0.5581439954893928,0.5289497273308887,0.13429288395813527,0.9996345639228821,0.5662072454180034,0.5148802229336327,0.11510184726544782,0.9995564818382263,0.5628906914166039,0.5275495307786122,0.15205037380967815,0.9991397261619568,0.5656118529183521,0.5235828076090129,0.1485785952636173,0.9989954233169556,0.5653420124735149,0.5706809146063665,0.10809761200632363,0.9998683333396912,0.5857458863939555,0.5228740981646944,0.06700869915740827,0.9999327659606934,0.5814793348312375,0.6154178670474458,0.02642144683216297,0.33337876200675964,0.5985335043498445,0.4905776074954439,0.09498580832566529,0.918215811252594,0.5928941334996902,0.6006049718175612,-0.05105739406176975,0.41515281796455383,0.6022057873862128,0.47240039110183696,0.18138002753257743,0.8333900570869446,0.5949357645852222,0.5986782125064303,-0.060116353205272116,0.4363541603088379,0.6045114619391302,0.464885399171284,0.1869546379361833,0.8125487565994263,0.59483950308391,0.5937138863972252,-0.05951091455561773,0.44100335240364075,0.6037300348281858,0.4637538867337361,0.1907450969730104,0.7989979982376099,0.5944963642529076,0.594621922288622,-0.05273356331246239,0.427457720041275,0.603081599303654,0.4670309858662739,0.18409352877310337,0.7449180483818054,0.5959630080631798,0.6424836226872033,0.012364387625296194,0.9999809265136719,0.6142195582389829,0.6276684182030812,-0.012483935962830265,0.9999843835830688,0.603041783400944,0.7156408071517941,0.039348620602062755,0.7916117310523987,0.6331561684608457,0.696845870358603,-0.04275833804692539,0.9796088337898254,0.6085805160658697,0.7912849255970542,0.008816684782505035,0.8973710536956787,0.6513621398380821,0.773163032531738,-0.08849630866731913,0.9776803255081177,0.6114200813429693,0.8010512096541265,0.006504392105021648,0.9384968876838684,0.6498378736632208,0.7861898490360801,-0.09332842103072571,0.9616057276725769,0.6099511657442362,0.8119431546756196,-0.0116257061649646,0.8469273447990417,0.6620150276592797,0.7960125412259779,-0.12329719939402166,0.9037811756134033
47,0.5619461110660005,0.5250247750963482,0.15751178732940121,0.9994685649871826,0.5590733272688726,0.5240187934466769,0.15606460443564818,0.9995060563087463,0.5581087691443305,0.5254378846713472,0.15601178450243808,0.9993987083435059,0.5570691193853103,0.5268092802592683,0.1560122004577091,0.9995997548103333,0.5618233544485907,0.5204935891287665,0.15137121549674437,0.999660849571228,0.5627068485532485,0.5193880762372696,0.15128119077001292,0.9996843338012695,0.5636497974395749,0.51817831993103,0.15130227995770312,0.9997687935829163,0.5575151971408296,0.5320550050054276,0.11849860314811975,0.9995958209037781,0.5660740767206461,0.5191075989178247,0.11766191295215056,0.9994996190071106,0.5622956241880142,0.5311315042631964,0.14816097553287227,0.9989669322967529,0.5651498981884545,0.5279910360063822,0.14519278407096856,0.9987096786499023,0.5632573059626985,0.5754141569137571,0.07365375916872703,0.9998711347579956,0.5860660518918716,0.5285179172243388,0.07892654740384643,0.9999200105667114,0.577901995182037,0.6261317372322079,0.010576207164142808,0.3368307650089264,0.5983420525278361,0.5212167697293415,0.12912118413618628,0.8367142677307129,0.5828263708523339,0.6123748983655655,-0.03777819084269658,0.38442230224609375,0.5997858643531797,0.5182632420744213,0.23165450000337184,0.7671470642089844,0.5825911624091009,0.6115116970879688,-0.042902995007378694,0.40748897194862366,0.6015432357788083,0.5111816840512409,0.24433546066284173,0.7485190033912659,0.5828880803925648,0.6060183099337983,-0.0383280717900821,0.4108390212059021,0.6001862049102781,0.511614976610456,0.24516504146158685,0.7351038455963135,0.5836174539157319,0.6064132417951308,-0.036145513185432965,0.39397069811820984,0.5993614690644398,0.5163562732083454,0.23380631990730755,0.6825616359710693,0.5962700605392454,0.6438984002385817,0.0006847966861511972,0.999981164932251,0.6142591936247687,0.6283253976276939,-0.0007909947956380023,0.9999847412109375,0.6013177769524707,0.7180175372532432,0.02757977484060184,0.7778825163841248,0.6351030298641747,0.6945374165262491,-0.0369201848549502,0.9707831740379333,0.6074966890471319,0.7909338559423171,-0.006575395951845815,0.8890441060066223,0.653895545005798,0.7635551197188237,-0.08812526496393336,0.9661577343940735,0.6105200988905768,0.8001885720661704,-0.009689417973692925,0.9393613338470459,0.6514878392219541,0.7754505498068669,-0.09309545287064139,0.9576322436332703,0.6051766054970875,0.8091341069766449,-0.023620847439659486,0.8116811513900757,0.6654451625687732,0.7932502848761419,-0.11534421912261414,0.8653382658958435
48,0.5623359918594358,0.5334707498550413,0.13720475477831698,0.9984453916549683,0.5595679010663712,0.5318921225411548,0.13800891978400087,0.998646080493927,0.558659597805568,0.5330837947981696,0.13795706757477344,0.9986400604248047,0.5576122232845848,0.5342911703245978,0.1379133088248116,0.9990497827529907,0.5621435523033139,0.5283507602555408,0.1301911300846508,0.9989006519317627,0.5629902260644093,0.5271762524332316,0.13009346936430244,0.9990295767784119,0.5639866335051398,0.5257774949073789,0.13008362523147032,0.9992330074310303,0.5576628446578977,0.5393427559307641,0.08998881535870684,0.9992161989212036,0.5664489592824661,0.5270727140562873,0.09911201213087349,0.9985389709472656,0.5626465371676851,0.5395857385226656,0.12936467209032598,0.9970024228096008,0.5655111704553875,0.53652092388698,0.12499500087329313,0.995954692363739,0.5623114790235244,0.5838544351713995,0.04483770845191817,0.9998583793640137,0.5878491946629113,0.5413174186434062,0.06555339619517322,0.9998387694358826,0.5747878551483152,0.632694784232548,0.010581989213824264,0.323566734790802,0.6009018131664818,0.5631949807916365,0.09448734223842617,0.7547027468681335,0.5761390924453733,0.6206329890659874,-0.0033918858638831567,0.3470461964607239,0.597362114701952,0.5653644161564961,0.15757222774305507,0.691460371017456,0.5746275765555243,0.6216119357517784,-0.0032310858368873596,0.3683164715766907,0.5988215667860846,0.5603915955339156,0.16719662637582838,0.6750664114952087,0.5749810116631642,0.616245775563376,0.0018557687955243207,0.37126049399375916,0.5953201413154598,0.5608585408755709,0.16817655935883513,0.6628715395927429,0.57638977425439,0.6155061875070842,-0.00016514680215290456,0.35578492283821106,0.5949648686817712,0.5656893917492455,0.15900084307151174,0.6153689026832581,0.5969731109482899,0.6499826737812584,-0.0037618766605321836,0.999975323677063,0.6148799180984494,0.6343145302363802,0.003671492130628653,0.9999771118164062,0.6006376641137257,0.721932940823691,0.009449819315757065,0.7853759527206421,0.6361106106213158,0.6949592420033043,-0.0290862847651754,0.9517353177070618,0.6075328264917643,0.793123524529593,-0.02274313353534255,0.8905420303344727,0.6550565923963272,0.7438336951392034,-0.06273116064923147,0.9564594030380249,0.61113828420639,0.8036493471690582,-0.025953959740166142,0.9387099742889404,0.6539261221885678,0.748732597487313,-0.06566055927957803,0.950742244720459,0.6016957419259205,0.8069208519799365,-0.03637063529874596,0.7894064784049988,0.6662893295288084,0.7812058125223428,-0.07850649846451618,0.8258101344108582
49,0.5626976472990851,0.5470860208783828,0.12501275539398188,0.9950809478759766,0.5600249579974581,0.5445126312119618,0.12364288355622967,0.995259165763855,0.559055263655526,0.54552446603775,0.12358094411236893,0.9956910610198975,0.557978650501796,0.546588451521737,0.12353119552135461,0.9968588948249817,0.5627094336918419,0.5409359761646813,0.11900721192359918,0.9959001541137695,0.5636074679238453,0.5397102202687942,0.11895251997879568,0.9966556429862976,0.5646209018571033,0.5383352092334199,0.11895223664385926,0.9970663189888,0.5579140509877883,0.5509475673948012,0.07158603561776021,0.9975377917289734,0.5669402258736744,0.5400883436203001,0.08826753624847952,0.9931819438934326,0.5627454025404791,0.5537291901452198,0.11619333816426135,0.9931288957595825,0.5657548495701379,0.5502709167344226,0.11552624617304116,0.9900277256965637,0.5623058676719663,0.5933952229363575,0.032016131814037035,0.9998623728752136,0.58906146969114,0.5597750595637727,0.06001959890127179,0.9997093677520752,0.5740183659962244,0.6363464014870777,0.004236076080373354,0.36324864625930786,0.6042399576732087,0.6021939822605675,0.049837787342923004,0.6975910067558289,0.5767664313316343,0.637557016100202,-0.007863928404237532,0.3356555104255676,0.5950530903679981,0.6095145208495001,0.05462455110890522,0.6231257319450378,0.5758347817829674,0.6411219120025631,-0.008612093828352423,0.3606351315975189,0.5957666567393709,0.6084660836628503,0.055313749398503954,0.6084980964660645,0.5758061017308914,0.6368350284440174,-0.0050854232029191,0.36204302310943604,0.5898578166961668,0.608165029117039,0.05514234980302194,0.5974239706993103,0.5768792169434681,0.6351118513516014,-0.00520490894892385,0.3370480239391327,0.5906844632966175,0.6109287381172177,0.05370529246117385,0.5544970631599426,0.597184474127633,0.6604515109743387,-0.005973086945180379,0.9999746680259705,0.6154317413057597,0.6440955366407118,0.005882351218523188,0.9999725222587585,0.5992442114012579,0.7280542356627324,0.005698427318462299,0.8026266694068909,0.6360588039670669,0.6988008533205301,-0.023947901864136957,0.9440487027168274,0.608490511349269,0.7982279964855735,-0.016307673962520697,0.9003278017044067,0.6544705476079665,0.7242959550448823,-0.061942423560789626,0.954371452331543,0.6126289623124256,0.8106344171932761,-0.019407627924478473,0.9442617297172546,0.6578807950019834,0.7293738978249682,-0.06605381646326607,0.953262984752655,0.5997084157807484,0.8079402821404589,-0.03220687022964868,0.8023151159286499,0.663468561853681,0.7514711141586301,-0.08043097342763625,0.8141247034072876
50,0.5626098394393918,0.5604643378938945,0.1304846767868314,0.9945552945137024,0.5600696972438264,0.5574790545872277,0.12256469385964525,0.994893491268158,0.5590413366045268,0.5584680761609756,0.1224882394075393,0.9953105449676514,0.5579630187579561,0.5594325031552994,0.12248383292130055,0.9966224431991577,0.5628876549857,0.5545394080025807,0.12681201675108494,0.9955523014068604,0.5638681258474074,0.5535834908485411,0.12679773356233318,0.9963371157646179,0.5649142248289923,0.5526355709348403,0.12682223788329527,0.9967895746231079,0.5579889893531796,0.5630712645394459,0.08448162142719537,0.9973883628845215,0.5671924046107699,0.5547145383698597,0.0981510928698948,0.9917184114456177,0.5624034847531998,0.5672982539449416,0.11826408654451365,0.9928414821624756,0.5655400020735601,0.564344445296696,0.12403919739382602,0.9891952872276306,0.5627318109784805,0.6026570967265534,0.03567097133823802,0.9998751282691956,0.5886891041483195,0.5775498850005012,0.08097180585776052,0.9997027516365051,0.5743525385856625,0.640162624631609,-0.00868651092584644,0.4120742380619049,0.6054628270012989,0.6207355499267575,0.04799678006342477,0.6319214105606079,0.57638155903135,0.6533997808183939,-0.04113620684615202,0.3377912938594818,0.5924019251550944,0.6431010757173807,0.006823123698788017,0.5618253946304321,0.57555649961744,0.6600562180791579,-0.047786368882017455,0.3577463626861572,0.5914640494755333,0.6494122045380726,0.003229894222957736,0.5491791367530823,0.5750883408955162,0.6555614079747878,-0.044806845326508776,0.356991171836853,0.585867641653333,0.6474190848214283,0.0028081828994410245,0.5390598773956299,0.5758183836936948,0.6532370056424819,-0.03988850702132496,0.32336166501045227,0.587458733149937,0.6455343535968232,0.006141724064946157,0.5001155734062195,0.5968299048287524,0.6701776334217613,-0.009673992537760304,0.9999760985374451,0.6157305972916736,0.6541459407125197,0.009568997252998602,0.999972939491272,0.5970780270440235,0.7336396081107001,0.020206442222531346,0.8142634630203247,0.635269224643707,0.7078510880470272,-0.01820230594437036,0.9429841041564941,0.6094223158700123,0.8007898552077154,0.008967845261629137,0.9071422219276428,0.6519677247319899,0.7067397747720987,-0.07048395009977473,0.9540534615516663,0.6138043931552339,0.8149345346859519,0.006596398180616754,0.9488059282302856,0.6573611123221258,0.7088736500058852,-0.07659706739442686,0.9565659761428833,0.6001865267753598,0.8083190117563517,-0.006678367485957479,0.8075786232948303,0.6619540555136542,0.721323146138872,-0.09735899854983598,0.8173391819000244
51,0.5622884648186817,0.5685768774577546,0.1402202929769243,0.9948766827583313,0.5599744336945667,0.5654604622295922,0.13276469281741543,0.9952771067619324,0.5589759622301371,0.5664743815149577,0.13269427887031005,0.9956289529800415,0.5579764621598378,0.5673785720552714,0.1326855527503149,0.9968613386154175,0.5627154878207612,0.562931134019579,0.13926311177866793,0.995891273021698,0.5637288740703035,0.5621987138475688,0.13924873854432782,0.9965905547142029,0.5648056166512623,0.5614548887525284,0.13928361556359692,0.997024655342102,0.5580137133598324,0.5706794585500442,0.09571229411023,0.9975659847259521,0.5673279932567049,0.5633233189582822,0.11972035637923643,0.9922106862068176,0.5620448963982716,0.5754160029547553,0.12769199758768074,0.9933184385299683,0.5650887404169352,0.5729850820132661,0.13602759582655766,0.9898908734321594,0.5630423852375572,0.6074013369424001,0.04102539175323076,0.9998867511749268,0.5876957586833406,0.5876671859196251,0.10826748886278692,0.9997172355651855,0.5751330835478644,0.6405067324638363,0.0050141334001507065,0.436486154794693,0.6037930778094698,0.629047073636736,0.08490154157791815,0.5715287923812866,0.575820994377136,0.666550859383174,-0.008018169578696993,0.35095399618148804,0.5903056417192729,0.6610110878944393,0.04660957029887605,0.5116899609565735,0.575269852365766,0.6761676771300177,-0.011942325259691891,0.3697304427623749,0.5876454131943836,0.6690529738153727,0.04572793798787251,0.5030485391616821,0.5740267566272188,0.6722376840455189,-0.008264128637633145,0.3674152195453644,0.5839363847460063,0.6674077970640997,0.04330519453755445,0.493573933839798,0.5746146389416283,0.6689333949770243,-0.005699546927852284,0.3228113055229187,0.5855102879660468,0.6651305130549836,0.045994755785380065,0.45638787746429443,0.596184364386967,0.6732353704316272,-0.01569425482302903,0.9999760985374451,0.6149157915796549,0.6593404480389183,0.015581086783536835,0.999972403049469,0.5943364807537621,0.735112014838627,0.019531885674223294,0.8225091099739075,0.6340525286538257,0.7195824401719226,-0.010582766475688128,0.940132200717926,0.6096784029688151,0.8010210377829411,0.005951777991971797,0.9119596481323242,0.6504389762878415,0.6985227669988356,-0.06974135041236874,0.94260174036026,0.614295058591025,0.8149225473403927,0.0037471196414636705,0.9527276754379272,0.6541292888777593,0.6965468457766939,-0.07637453355959481,0.9576290249824524,0.5996399504797796,0.8089821100234982,-0.013937198051384509,0.8131383657455444,0.6626506413732254,0.7052074159894668,-0.10177240776164187,0.8056356906890869
52,0.5622159055301119,0.5708980287824356,0.14756156759602676,0.9948080778121948,0.5600355284554616,0.5676526154790603,0.14128568683351783,0.9954537153244019,0.5591094102178298,0.5686291711671009,0.14121721386909478,0.9957305788993835,0.5581863982336859,0.5695159861019676,0.1412124071802411,0.9969817996025085,0.5625360948698859,0.5654236623219078,0.14743414755378442,0.9960106015205383,0.5635148644447323,0.5647869706153867,0.14739290560994822,0.9965915083885193,0.5645745328494478,0.564093732833862,0.14742186580385475,0.9970574975013733,0.5581174084118432,0.5733627012797762,0.10646565066916597,0.9976733326911926,0.5672966224806646,0.5657693164689197,0.13369952418974462,0.9920871257781982,0.5620283586638312,0.5775365965706959,0.13574963957071295,0.9936732649803162,0.5648282715252465,0.5753549848284037,0.14298923015594478,0.9902666807174683,0.5623586211885723,0.6072782448359896,0.04274806114179745,0.9998975992202759,0.586758288315364,0.592141018595014,0.1253652087279728,0.9997174739837646,0.5746784755161828,0.6384276338985986,-0.005122272164693896,0.48411089181900024,0.6014745797429764,0.6339891808373586,0.10913594386407302,0.5175612568855286,0.5749592048781256,0.667141783237457,-0.027067837917378955,0.3923659026622772,0.5894374643053325,0.6690686174801415,0.07362978652651817,0.4626312553882599,0.5752784167017253,0.6782596809523442,-0.033797566406428795,0.40508008003234863,0.5866885457720072,0.6772644383566717,0.07340145307992182,0.4559321701526642,0.5732694029808041,0.6763745972088402,-0.028113366823111247,0.4009595811367035,0.5836301650319777,0.6759924360683982,0.06825179596032413,0.4472467601299286,0.5734875014850069,0.6723880852971755,-0.024154456811291816,0.3440738618373871,0.584187659195491,0.6735949737685064,0.07161265329590862,0.41327279806137085,0.5953963041305539,0.6735237853867664,-0.020852438466889507,0.999976396560669,0.6130973730768474,0.6615953138896394,0.020728248357772816,0.9999709725379944,0.5934819391795564,0.7355037042072837,0.011589981229709723,0.8350712656974792,0.6285787974085124,0.7289772697857445,-0.001676057106150047,0.9357814788818359,0.6100425498826161,0.801253419263022,0.0015426263346203753,0.9186168313026428,0.6482168981007164,0.6956558278628755,-0.04181889199784822,0.9294707179069519,0.6148858615330284,0.815366777351924,-2.5590362825561076e-05,0.956856906414032,0.6501223019191193,0.6850242597716192,-0.04622049150722365,0.9588049650192261,0.5994353175163266,0.8105921472821913,-0.021766992844641196,0.8253018856048584,0.6642365455627438,0.7075370584215434,-0.07115542941859787,0.7950752377510071
53,0.5620052882603234,0.5698472874505176,0.14468131278242377,0.9930850863456726,0.5600132976259502,0.566525214059012,0.1382349550724029,0.9947072863578796,0.5591485874993458,0.5672783187457491,0.13816623347146165,0.9947106838226318,0.5582706417356216,0.5679929426738191,0.13815875053405757,0.9964936971664429,0.5624016455241609,0.5645878025463646,0.14471091926097865,0.9951759576797485,0.5633785367012021,0.5638986263956339,0.14468660865511207,0.9954368472099304,0.5644209027290341,0.5631478445870532,0.14473059816019868,0.9961956739425659,0.5581534658159526,0.5721935868263242,0.10384720138141082,0.9973709583282471,0.5671700085912429,0.5649012991360253,0.13212687245437071,0.9893595576286316,0.5617688826152254,0.5761104754039217,0.1331239291599818,0.9934190511703491,0.5644821899277821,0.5741890260151452,0.1410448836428778,0.9893203377723694,0.5608454533985681,0.6043175118310108,0.035011810756155406,0.9999074339866638,0.5859844888959609,0.5929452027593338,0.12584597361939287,0.999703049659729,0.5730046136038641,0.6332318050520758,-0.02530839280890566,0.5317124724388123,0.6007876038551327,0.6329561301640099,0.11026099600962225,0.467862993478775,0.5738748516355239,0.6646037084715704,-0.05833383130707909,0.4441841244697571,0.5963033812386647,0.669654205867222,0.08584748602339196,0.4181343913078308,0.574901291302272,0.6756003022193906,-0.06769287785116049,0.4520103931427002,0.5957244617598395,0.6768807649612424,0.08491969598191121,0.4131683111190796,0.5725816147668018,0.6751389827047072,-0.06039619439148475,0.446696400642395,0.5923582877431595,0.6768492204802374,0.07718597368470256,0.40512314438819885,0.5724478108542304,0.6711298448698858,-0.054976057660366784,0.3813411593437195,0.5913151826177322,0.6744307041168209,0.08125752945031434,0.3740910291671753,0.5941209401403151,0.6725501009396141,-0.024530375589217446,0.9999772310256958,0.6104938524109973,0.6617429018020626,0.02439400843743766,0.9999702572822571,0.5934998699596947,0.735748297827584,-0.002210748428478837,0.8442699313163757,0.6180770192827494,0.7305581024714876,0.0023966497941208735,0.9324665069580078,0.6102835365704125,0.801431892599378,-0.018949527878846434,0.9244101047515869,0.6456944380487712,0.7023579086576186,-0.04284065706389289,0.9199790954589844,0.6153951151030401,0.8149876253945483,-0.02097727571880178,0.9604889154434204,0.6484786255019048,0.6913717150688168,-0.04635276070662905,0.9597979784011841,0.599754532745906,0.8113802552223202,-0.04745541103184221,0.8358387351036072,0.6648381267275125,0.7171502096312383,-0.07149143878902704,0.7909414768218994
54,0.5617694956915716,0.5676278454916815,0.1462749587638037,0.9936782717704773,0.5599504181316919,0.5644597479275293,0.13742185320172984,0.9951823949813843,0.5591134190559385,0.5651384694235664,0.13735251980168472,0.9951674938201904,0.5582609653472898,0.5658269098826814,0.13733816146850578,0.9968034625053406,0.5623602816036767,0.5624970367976595,0.14461826554366514,0.9956108927726746,0.5633690612656728,0.5617092047418865,0.14456114258084973,0.9958326816558838,0.5644272633961266,0.5608837229864936,0.14458625444344103,0.9965271949768066,0.5581393446241104,0.5701292003904068,0.10028751726661406,0.9975973963737488,0.5670583810125076,0.562732706751142,0.12806629857846663,0.9902268648147583,0.5614556346620829,0.5736599854060579,0.1320969892399651,0.9939966201782227,0.5642922197069438,0.5716585227421349,0.14042202660015646,0.9902277588844299,0.559164384433201,0.6015016283307755,0.03210981951228208,0.9999166131019592,0.585588661261967,0.589687429155622,0.11786299496889108,0.9997262358665466,0.5705642717225208,0.629234947477068,-0.027395807233239908,0.5727297067642212,0.6025080084800718,0.6288134472710742,0.09647440527166634,0.4244863986968994,0.571815274442945,0.6591132215091158,-0.06053658026669704,0.4821852743625641,0.600020144666944,0.6581783652305601,0.06784066983631676,0.3770453631877899,0.572795270170484,0.669423299176352,-0.0690355487167835,0.48317116498947144,0.5995146427835734,0.6643924100058416,0.06631788249526702,0.3728819489479065,0.5706953729901992,0.6684488313538685,-0.06261011926191191,0.4765247404575348,0.5947106599807737,0.6660063454083031,0.062218449477638486,0.36554431915283203,0.5706894414765491,0.6646021774836945,-0.05752681419253347,0.4017885625362396,0.592855107784271,0.6638724003519327,0.06462346145084923,0.3375096023082733,0.5914157680102754,0.6704350096838811,-0.02430114767381122,0.9999792575836182,0.6075483390263146,0.6611583811896184,0.024170100476060583,0.9999727010726929,0.5926779082843232,0.7351702604975016,-0.013133019967270742,0.857388436794281,0.6066103202956061,0.7246512566293986,-1.0074927870717758e-05,0.9254705905914307,0.6106168491499762,0.8003848774092535,-0.038244458248040486,0.9310936331748962,0.6413026554243902,0.7089735627174374,-0.05207499595625058,0.9139800667762756,0.615829913956778,0.8123068690299984,-0.04129231738458784,0.9642612934112549,0.646444978032793,0.6979896817888529,-0.055950344460351104,0.9619155526161194,0.600172662734985,0.8117916958672655,-0.06812202025737077,0.8504703044891357,0.6598899466650823,0.7315510443278718,-0.08097169771790501,0.7966389060020447
55,0.561442834990365,0.5636594840458459,0.1440586428557123,0.9940376281738281,0.55971314396177,0.560628637245723,0.13381433444363725,0.9954713582992554,0.5588752882821216,0.5612594451223099,0.13374665805271688,0.9954509735107422,0.5580101881708415,0.5619283114160807,0.1337283824171338,0.9969797730445862,0.5622356210436137,0.5587765046528406,0.14125836449010026,0.9958900809288025,0.5633009672164915,0.5579784188951762,0.14118010295288896,0.9960903525352478,0.5644127573285782,0.5571344035012379,0.14119153129202971,0.9967196583747864,0.5577888284410746,0.5659813710621423,0.0942178008811814,0.9977612495422363,0.5668361340250285,0.5593908429145811,0.12220140993595119,0.9908581376075745,0.5609729596546715,0.5695110644612991,0.1284217817442757,0.9944509267807007,0.5640504189899987,0.5676369564873829,0.13684311274971275,0.9908950924873352,0.5572329674448283,0.5971784097807744,0.03109241915600639,0.9999247193336487,0.5856497049331663,0.5853907329695562,0.10780347032206394,0.9997392892837524,0.5678336722510199,0.6259210262979777,-0.020749817948256206,0.613383948802948,0.6051656518663676,0.6240339824131554,0.07974564007350374,0.412671834230423,0.5686550719397405,0.6533224105834958,-0.046569275110959985,0.5291783213615417,0.5992405431611194,0.6432105524199346,0.04459138182657103,0.3618638217449188,0.5690602370670861,0.6617082255227222,-0.05283585637807843,0.5282894968986511,0.5962062375886097,0.6480622121265953,0.04195221492222375,0.36487123370170593,0.5677407281739368,0.6604992883546008,-0.048120444055114446,0.5214874744415283,0.5914734176227022,0.6489878892898556,0.0400789757392236,0.35471752285957336,0.5679671185357227,0.6578670689037864,-0.04412325013961109,0.44582197070121765,0.5904034818921767,0.6475848555564878,0.04209561294742991,0.32265347242355347,0.5878246443612232,0.6678008675575253,-0.02496831587382724,0.9999798536300659,0.6042115449905393,0.6599382451602388,0.02483762412198951,0.9999719262123108,0.589030107430049,0.7331494127001077,-0.027466824165146255,0.8714717626571655,0.5980905379567825,0.7174033233097618,0.006242945796943132,0.9311871528625488,0.6099430765424453,0.797527512482234,-0.06339679690343991,0.9379045963287354,0.6351196970258437,0.7214665327753336,-0.04464180320501326,0.9212993383407593,0.6162180321557178,0.8066028765269684,-0.06772623627579635,0.9677912592887878,0.6417195303099492,0.7161327464239935,-0.04923311120697428,0.965440034866333,0.6006799204008917,0.8119905301502769,-0.09511607715061729,0.8650079965591431,0.6436011774199346,0.7489431193896698,-0.07235114106110162,0.814027726650238
56,0.5611981017248968,0.5564620665141511,0.13428112694195332,0.9946023225784302,0.5593116777283802,0.5530709760529652,0.12364767874990185,0.9958932399749756,0.5583698715482437,0.5537118656294684,0.12358163424900595,0.9958727955818176,0.5574150647435867,0.5543570228985375,0.12356427141598286,0.9972577691078186,0.5619804126875738,0.551552149227687,0.13085090049675527,0.996278703212738,0.5630523647580825,0.5509691102164129,0.13078417799302502,0.9964579343795776,0.5641676579202921,0.5503490277699059,0.1307949636663709,0.9970258474349976,0.5569983022553577,0.5584334441593712,0.08142313254731039,0.9979683756828308,0.5664675729615345,0.553020780427115,0.10982089159744121,0.9917147755622864,0.5604196361133028,0.5623882481030053,0.11826736267123897,0.9949789047241211,0.5636696917670111,0.5609135372298102,0.12667616648333407,0.991756796836853,0.5548552479062758,0.5900348186492917,0.016839807267699916,0.9999321699142456,0.5857030068125041,0.5816149251801624,0.09839419350028034,0.9997613430023193,0.5648254922458101,0.6220270582607812,-0.03982203677296636,0.6501092314720154,0.6060801676341463,0.6198045304843355,0.07041067566190444,0.40825432538986206,0.5650338939258028,0.6501681327819822,-0.06788554372532024,0.5688800811767578,0.5936791488102502,0.6325732707977292,0.035065616560833776,0.33743470907211304,0.565438137735639,0.6571699023246762,-0.07266164805207931,0.5657979846000671,0.5884206141744338,0.6360138944217134,0.03190825932792253,0.3426149785518646,0.5645357864243641,0.6570283787591114,-0.06932037962334493,0.5589255690574646,0.5847295624869208,0.6359043240547178,0.03017954304814337,0.3315322697162628,0.5647403325353347,0.655841483388628,-0.06588007413915223,0.48117366433143616,0.5843395778111047,0.6350696308272222,0.0325651844697339,0.29982948303222656,0.5840662819998602,0.6661545395851132,-0.028251051210931355,0.999980628490448,0.6005809358188081,0.658752199581691,0.028123682258384557,0.9999722242355347,0.5830574154853818,0.7297853367669238,-0.029450873498405715,0.8840935230255127,0.5926953520093643,0.7120792950902664,0.030077726686639432,0.9326088428497314,0.6081910933767044,0.7935624923024855,-0.05730151864034786,0.9439827799797058,0.6257885490144999,0.7408826010567798,0.0041407534187393544,0.9269461631774902,0.6156935180936538,0.7997187750680101,-0.061280432130609214,0.9709400534629822,0.6325545208794727,0.7443089808736525,0.00013533725536295747,0.9684202671051025,0.600351400034768,0.8118055871554779,-0.08839550763368602,0.8780257701873779,0.6225295696939739,0.7664483666419979,-0.019565090084714538,0.8286120295524597
57,0.5608946561813352,0.5463836022785729,0.11260015730346946,0.9941635131835938,0.5588101523263111,0.5427270174026486,0.10364203963960915,0.9946838021278381,0.5577200753348212,0.5433617625917705,0.10358104876109528,0.9948447346687317,0.5566219755581444,0.5439288326672143,0.10356047792094089,0.996513843536377,0.5616170917238505,0.5414224284035817,0.10917576572724746,0.9953809380531311,0.5626281687191552,0.5410742657525196,0.10914383956364218,0.9955583214759827,0.563672544275011,0.54067816053118,0.10916449278593059,0.9962195754051208,0.5559707471302575,0.5479673981666563,0.062272018407072305,0.9976218938827515,0.5659142749650136,0.5437619073050359,0.08790351812328606,0.9908074736595154,0.5597004941531587,0.5525716338838846,0.0990995632750647,0.9950394630432129,0.563023109095437,0.5514297877039225,0.10604677647352213,0.991772472858429,0.5526737894330703,0.5826520681381222,0.0005731618564043719,0.9999386072158813,0.5855609280722479,0.57889654976981,0.08306810110807414,0.9997674822807312,0.5611960172653195,0.6185467515672953,-0.05267754186476978,0.6840651631355286,0.6056493980543951,0.6171194757734023,0.06718323890651973,0.4003964066505432,0.5612903050013949,0.6473413007599964,-0.08091499113610809,0.6019569039344788,0.5916573371206009,0.6339388830321173,0.05061000058693543,0.31037113070487976,0.5615430150713236,0.6549275789942057,-0.10214666106871192,0.5949398875236511,0.5868268013000486,0.6375163163457594,0.0501743745590959,0.31665050983428955,0.560900749479021,0.6537078346524916,-0.09545275749904764,0.5874003171920776,0.5851944804191587,0.636495324543544,0.04695553784923892,0.30553534626960754,0.5612261925424846,0.6525907669748576,-0.079624814327274,0.5061114430427551,0.5850604414939878,0.6352629678589954,0.04795780511839047,0.2759923040866852,0.5802592243467055,0.6657135912350243,-0.030056087832365706,0.9999776482582092,0.5968566536903379,0.6583910039493013,0.029918332291500895,0.9999642372131348,0.5747875894818985,0.7270792910030907,-0.03170729306127342,0.8941435813903809,0.5892863546098979,0.7110391293253213,0.047204314345227795,0.9120556116104126,0.6017299090112955,0.7874097824096676,-0.058910732929195644,0.9487233757972717,0.614338822024209,0.7638040082795275,0.02915190177570495,0.9263028502464294,0.6096802098410468,0.7910793849400107,-0.06265536653144016,0.9730935096740723,0.6195128287587844,0.7713557788303916,0.026143935504868345,0.9695700407028198,0.599082473346165,0.8123392803328374,-0.08365453332662579,0.8866076469421387,0.6091615165982924,0.7850974185126165,0.011284848302602762,0.8298020958900452
58,0.5604277951376777,0.5377332840647013,0.1008665440337998,0.9946107268333435,0.5581544756889341,0.5340174300330023,0.0918832129665783,0.9950221180915833,0.5569200686046052,0.5347162076405114,0.09182085352284564,0.9951754212379456,0.5557123013905114,0.5352860263415743,0.09179110633475436,0.9967374801635742,0.5611189109938483,0.5326021449906483,0.09626760397638588,0.9956888556480408,0.5620922463280812,0.5323807699339729,0.09623169196503499,0.9958457350730896,0.5630807876586912,0.5320984619004383,0.09623895542962206,0.9964645504951477,0.5548542925289697,0.539731226648603,0.05000358724168366,0.9977771639823914,0.5652724163872853,0.5353363684245516,0.07053986479129107,0.9914162158966064,0.5589124270847863,0.5444016865321566,0.08737563810178209,0.9954190850257874,0.5622758133070807,0.5431456037930077,0.09280723886830461,0.9923868179321289,0.5508338519505089,0.5774008972304205,-0.008679116038339475,0.9999445080757141,0.5850889733859468,0.5757935898644582,0.0654492598559175,0.9997859597206116,0.5577454669134955,0.6167437280927384,-0.05844476765819956,0.7106468677520752,0.6050808787345884,0.6145251921245027,0.0526216888534171,0.40589016675949097,0.5582703709602352,0.644100771631513,-0.08583228034632544,0.5752400159835815,0.5893863524709426,0.633217860971178,0.041970816680363225,0.28147977590560913,0.5583648119653972,0.6530123233795163,-0.11284624242356842,0.5621436238288879,0.5854838762964518,0.6374165126255578,0.04202168275203022,0.287027508020401,0.5579506005559647,0.6488864898681638,-0.10509590612990512,0.553898811340332,0.5840476070131572,0.6370457359722679,0.03866393661924769,0.27672821283340454,0.5585693836212156,0.6471265707697185,-0.0849191358046872,0.47330453991889954,0.5842394266809734,0.6360093457358221,0.039438620316130754,0.2500002682209015,0.5756974594933644,0.6657500863075253,-0.02791149073413439,0.9999790191650391,0.5923373835427418,0.6593796559742515,0.027772981034857872,0.999966561794281,0.5650887932096207,0.723075449466705,-0.02897019012432012,0.8983999490737915,0.5868493539946418,0.7109501021248951,0.049290846926825366,0.8952348828315735,0.5912967102868214,0.7788758414132251,-0.05580028825040372,0.9505575895309448,0.6061903323445998,0.7743600538798738,0.024281364000801522,0.9276074767112732,0.5982937080519537,0.7821355785642348,-0.05926472816084109,0.9743351340293884,0.6103465335709706,0.782694440228598,0.020675634942017487,0.9703818559646606,0.5954088057790481,0.8057288970266067,-0.07395803640995705,0.8874257802963257,0.602734337534223,0.793207888943808,0.00819833499512502,0.8298890590667725
59,0.5592233981404984,0.5329625180789399,0.09293569432837617,0.9951310157775879,0.556949744905744,0.5290811572756083,0.08363405082906991,0.9954977035522461,0.55567033461162,0.5296491742134092,0.08357054846627368,0.9956361055374146,0.5544212222099302,0.5300795350755962,0.08353783871446332,0.9970468878746033,0.5600475805146351,0.5277769190924506,0.0866841641919953,0.9961033463478088,0.5611270785331723,0.5275160585130961,0.08663727641105648,0.9962446689605713,0.5622516666139873,0.5272067155156814,0.08663245631115774,0.9968035817146301,0.5534717832292827,0.5344825608389716,0.04170772060751913,0.9979903697967529,0.5643806082861762,0.5307571445192607,0.05583941170147484,0.9922473430633545,0.5575543625014167,0.5394749692508151,0.07961325645446773,0.9958636164665222,0.5611152103969026,0.5383144668170381,0.08319765265498838,0.9931247234344482,0.5492464389119827,0.5745940514973229,-0.008239298071047021,0.9999499917030334,0.5837611692292347,0.5724712116377692,0.04638391147766792,0.9998063445091248,0.5542805024555748,0.6185700689043314,-0.038739433379045535,0.7380868196487427,0.6047001617295399,0.6113287108285084,0.036700487509369835,0.45289790630340576,0.5551247767039705,0.6397109849112372,-0.03842550399047986,0.5992187261581421,0.5883682438305443,0.6313210078648156,0.03146349633378641,0.2915177643299103,0.5550012588500974,0.6476884586470464,-0.05465274612818443,0.581764817237854,0.5842893566404068,0.635119192940848,0.0317748046347073,0.29299068450927734,0.5552570922034125,0.6418048875672473,-0.049848051209534894,0.5727181434631348,0.582602386815207,0.6344443287168228,0.02902648427656717,0.27949458360671997,0.5559370892388478,0.6400962199483595,-0.037423451989889125,0.48783567547798157,0.5831743393625529,0.6332378183092386,0.0293877890067441,0.24853067100048065,0.571079749720437,0.6658970917974196,-0.02464947780328136,0.999980628490448,0.5876035554068426,0.6613299523081095,0.024543053177850577,0.9999693632125854,0.5552235262734547,0.718256318569183,-0.016529080357369295,0.9074769616127014,0.5838062899453297,0.7122673869132992,0.04449912671531948,0.9016581177711487,0.578280995573316,0.7691227606364655,-0.0453136444623981,0.9549121856689453,0.6026141166687009,0.7768608127321512,0.007323958365512741,0.9339946508407593,0.5846177135195048,0.7734922817775178,-0.04860816140260013,0.9766629338264465,0.60729455436979,0.7860681091036111,0.0027284300478640907,0.9730278849601746,0.5833967873028344,0.7965717554092404,-0.055625294787543134,0.8965222239494324,0.5955516781125747,0.7936427848679675,-0.0075707903730549975,0.8440070152282715
60,0.5569232566016058,0.5309500285557336,0.09551143859113961,0.995582640171051,0.5547933067594253,0.5264706986291066,0.08547819810254229,0.9959052205085754,0.5536055871418541,0.5268049444471085,0.08541588272367201,0.9960333704948425,0.5524563261440819,0.5269889967782154,0.08538536770003179,0.9973098039627075,0.5579736215727666,0.5254773276192799,0.08815759569406506,0.9964645504951477,0.5591939313071113,0.525177867071969,0.08810757462467461,0.9965955018997192,0.5604931473731991,0.5248305729457308,0.08809911970581324,0.9971031546592712,0.551570391654968,0.5311572449547901,0.04093463516661097,0.9981736540794373,0.5625275816236222,0.5283108234405515,0.05329541649137222,0.9929878115653992,0.5554066317422047,0.5370259829929894,0.08145751080342697,0.9962455034255981,0.5590886133057729,0.5361402613776067,0.08452969448907031,0.9937680959701538,0.5467977285385129,0.5717315571648731,-0.005446132645010946,0.9999546408653259,0.5812167661530628,0.569039588315146,0.03929800997887337,0.9998245239257812,0.550355575765882,0.618901203359876,-0.026654784860355503,0.7592385411262512,0.6033694096973962,0.6071296640804833,0.029434503668120914,0.4948989450931549,0.5518798828124998,0.6346418193408417,-0.005399233422109059,0.5784550309181213,0.5868145193372452,0.6266346641949242,0.027419678441115772,0.3036258816719055,0.5519561069352283,0.6404122948646542,-0.0015953901622976583,0.5582653880119324,0.5827529464449199,0.6303613083703175,0.028089599204914897,0.299574613571167,0.5524396368435448,0.6354910543986727,-0.0016630650631019057,0.5491600632667542,0.5806794098445345,0.628866522652762,0.026045964126076,0.2838405966758728,0.5531211239950995,0.6344689777919221,-0.003968859889677594,0.4659057557582855,0.5815306425094602,0.6273130246571129,0.025777804106473907,0.24962493777275085,0.5657160844121658,0.665825990268162,-0.0235767542783703,0.9999814629554749,0.5825984563146316,0.6624181117330276,0.023508254598293976,0.9999713897705078,0.5468893664223804,0.7127818550382339,-0.0015414308789851398,0.9145845770835876,0.5809826612472532,0.7142656326293942,0.051790633957300845,0.9075989723205566,0.5676009007862634,0.7624217697552269,-0.027455838849501937,0.9582879543304443,0.6016840662275039,0.7759838002068652,0.018511392083019013,0.9393410086631775,0.5741847378867011,0.7680050321987693,-0.0306534563324281,0.97835373878479,0.6076785462243213,0.7862773418426511,0.014434085044610709,0.9750367403030396,0.5674359491893222,0.7904611144747049,-0.03566411307879855,0.9012359380722046,0.5897848810468398,0.7898347531046184,0.006523445780788148,0.8527843356132507
61,0.5540664826120647,0.5279596073286872,0.09485912195273803,0.9960106015205383,0.5522103684289112,0.5231621112142288,0.08439225000994542,0.9963008761405945,0.551189018998827,0.5233379193714685,0.08433326227324345,0.996417224407196,0.5501520855086188,0.5234450680868964,0.08430406110627306,0.997567892074585,0.5552023530006406,0.522443948473249,0.0867213889956474,0.9968079924583435,0.5564450519425526,0.5221066066196984,0.08665513311113626,0.9969269633293152,0.5577910423278806,0.5217138273375372,0.08663503697940278,0.9973851442337036,0.549132829053061,0.5276851160185675,0.039652531168290525,0.9983499646186829,0.5597667200224737,0.5250038964407782,0.05009619146585462,0.9936738014221191,0.5527975150517053,0.5336720756122042,0.080943061198507,0.9966031312942505,0.556313393797193,0.5330271346228461,0.08346344786030901,0.9943644404411316,0.5430672236851282,0.5677947027342658,-0.0010810131839077385,0.999958872795105,0.5777476583208354,0.5652094432285851,0.035770012225423524,0.9998410940170288,0.5454001273427689,0.618321735518319,0.0031838954825486464,0.779816746711731,0.6001066906111578,0.6029971531459261,0.03176611033933502,0.5347916483879089,0.5489015647343225,0.6292500751359119,0.05330820796745162,0.563757598400116,0.5836356963430129,0.6211433819362092,0.03832457028329371,0.30491167306900024,0.5491302013397215,0.6336762172835211,0.06105804783957343,0.5400024056434631,0.5801832454545155,0.6250783937317982,0.038708996506673934,0.2960487902164459,0.550080323219299,0.6288688250950402,0.05959520036620751,0.5309170484542847,0.5778534208025248,0.6229497075080869,0.03648350579398017,0.27850914001464844,0.5506432124546593,0.6279433301516939,0.054707630723714804,0.4500754177570343,0.578815858704703,0.6211384177207944,0.036884654153670565,0.24384519457817078,0.5588461756706236,0.6648881214005604,-0.021306599783045894,0.9999828338623047,0.5769291332789828,0.6625886269978112,0.021259943236197735,0.9999737739562988,0.5391971996852327,0.7087042382785249,0.007979438478027337,0.9224274158477783,0.5776570081710812,0.7160573908260887,0.04075617396405763,0.9150148034095764,0.5571755817958284,0.7591204336711336,-0.017298057728580053,0.9619459509849548,0.5998612454959322,0.775951424666813,0.0050687647956822604,0.94472736120224,0.5640876633780341,0.7649800726345604,-0.02025245225855281,0.9802790284156799,0.6063267912183486,0.786389897550855,0.001198187619281403,0.9772047400474548,0.5519392439297265,0.7923831837517871,-0.019785316075597477,0.9086112380027771,0.5876843333244322,0.7895768029349187,-0.002307758380525874,0.8637795448303223
62,0.5508173193250381,0.5236076916967117,0.09860379142420628,0.9963780045509338,0.5490326387541632,0.5188031979969567,0.08853800190346578,0.9966452121734619,0.5480433872767855,0.5189736110823493,0.08848352389676226,0.9967501163482666,0.5469781211444307,0.519161522388458,0.0884552989687238,0.9977894425392151,0.5519847052437916,0.5182068892887658,0.09095549881458279,0.997110903263092,0.5531155875750948,0.5179517950330459,0.09087987457002908,0.9972202777862549,0.554304766654968,0.5176412735666545,0.09085823148488995,0.9976353645324707,0.5459202630179266,0.523538415772574,0.04533584447843686,0.9985031485557556,0.5563724688121248,0.5210684929575237,0.056094314477273366,0.994284987449646,0.5493928790092466,0.5293702806745255,0.08512265724795201,0.9969083666801453,0.5528103521892,0.5287170427186146,0.0876951939293316,0.9948846101760864,0.5382618018559044,0.5628680501665385,0.005071564284818511,0.9999622702598572,0.5737958209855214,0.5612960406712121,0.04052618092724253,0.9998559951782227,0.5401083963257923,0.6161026324544631,0.01322293260267802,0.7749360203742981,0.5944297926766529,0.600289051873343,0.03195649177900381,0.5581787824630737,0.5452821407999309,0.6251601355416432,0.0600908989352839,0.5115947127342224,0.5779300093650814,0.6170235412461413,0.034111802173512305,0.29155096411705017,0.5454393778528484,0.6299087507384161,0.06792043436850817,0.4904513955116272,0.574964072023119,0.6213331495012553,0.03338047713041303,0.28171026706695557,0.5468793851988654,0.6246117745126994,0.06624001871262275,0.48213526606559753,0.5726620469774516,0.6188132354191369,0.030670487561396176,0.26412132382392883,0.5472953796386716,0.6234232664108273,0.06135124681251387,0.4089232385158539,0.5734985641070772,0.6170448780059812,0.032379134744405735,0.23005084693431854,0.5510971767561773,0.6614947557449338,-0.01868715837065662,0.9999840259552002,0.5702738523483274,0.6609242779867986,0.018624196334608954,0.9999760389328003,0.5319151639938352,0.7042645028659272,-0.002890920190007558,0.9286733269691467,0.5736516424587792,0.7149897149630953,0.020416644721158905,0.9221498370170593,0.5457031028611317,0.7598426086562017,-0.03943085380430731,0.9648652672767639,0.597583700929369,0.7753284164837425,-0.02941666123058113,0.9495792984962463,0.552935034888131,0.765916299819946,-0.0435086700000933,0.981747567653656,0.6035101277487616,0.7850392222404475,-0.03471218807888881,0.9790961146354675,0.5401846459933688,0.7940459983689441,-0.0454613183225904,0.9126567840576172,0.5872969337872094,0.7898789933749604,-0.04018571326243024,0.8730615973472595
63,0.5472900458744592,0.5197453277451649,0.09946236291101997,0.9967153072357178,0.5455251659665786,0.5150688171386717,0.08959054159266604,0.9969578385353088,0.5444196343421933,0.5152748244149341,0.0895395274673189,0.9970517158508301,0.5432167615209305,0.5155229755810327,0.08951438580240517,0.9979924559593201,0.5485814281872339,0.5144515003476822,0.0920451000332832,0.9973847270011902,0.5496583853449137,0.5142600076539173,0.09196371648992807,0.9974848628044128,0.550771629810333,0.5140273179326736,0.09194045045546118,0.9978611469268799,0.5421556745256695,0.5194597090993607,0.04710816964507101,0.9986391663551331,0.5531047735895427,0.5176087856292723,0.05784090714795246,0.9948248267173767,0.5454600266047884,0.5255979078156605,0.08629512744290485,0.997183620929718,0.548885643482208,0.5249515584536959,0.08885498834507802,0.9953495860099792,0.5335021189280916,0.5585891689573013,0.008896679886882855,0.9999653100967407,0.5698729583195274,0.5592111519404818,0.04111853986978529,0.9998689889907837,0.5346593703542435,0.6138727273259841,0.019576533803982388,0.7863226532936096,0.5876523068972994,0.5988514167921881,0.03253642160977634,0.5800498723983765,0.5400373492922099,0.6230644515582491,0.06671108699270654,0.4735875427722931,0.5721670985221861,0.6154678055218286,0.03272287462438854,0.27319279313087463,0.5402727944510322,0.6281984107834949,0.0751977369189262,0.45282378792762756,0.5692025610378808,0.619357359409332,0.03320224609758171,0.2622806429862976,0.5424237779208589,0.6226730602128162,0.07312316761485164,0.44514837861061096,0.5669385824884685,0.6172246728624613,0.030946822464466076,0.24518446624279022,0.542619853360312,0.621237460204533,0.06785051279834335,0.37720173597335815,0.5676586253302436,0.6156479477882382,0.03145691725824559,0.21306940913200378,0.5433654563767567,0.657581225463322,-0.015683290043047488,0.9999850392341614,0.563633584976196,0.658913513592311,0.015603488896574286,0.9999778866767883,0.5249459607260565,0.7010508384023391,-0.010219956008950242,0.9339490532875061,0.5683735830443244,0.7103829945836746,0.004870223999023432,0.9257261753082275,0.5325880476406639,0.7626455596515107,-0.05893684897039615,0.9673278331756592,0.5922971129417416,0.7732560685702728,-0.056368575032268234,0.952982485294342,0.5395239489419117,0.7674018979072568,-0.06426197120121543,0.9831637740135193,0.5973666242190767,0.7827097671372546,-0.06293176854960618,0.9805647730827332,0.5255831445966446,0.7955015301704402,-0.0706835806369781,0.9167723655700684,0.5846156324659073,0.7892581684248785,-0.07265932973075123,0.8779231905937195
64,0.5426258615085053,0.5192397339003424,0.10107516071626114,0.9970037937164307,0.5409985763686042,0.5144456097057886,0.09203265202896932,0.9972267746925354,0.5399010266576492,0.514594985757555,0.09197779127529684,0.9973095655441284,0.5387411713600156,0.5147404074668882,0.09195282778569626,0.9981635212898254,0.5442194564001899,0.5138242295810151,0.09471608379057472,0.9976258277893066,0.5453318272318156,0.513649843420301,0.09464318581989829,0.997719407081604,0.5465401053428648,0.5134484086717876,0.09462744189160206,0.9980620741844177,0.5377974203654695,0.5179161872182572,0.050155654230288074,0.9987531304359436,0.5486805592264445,0.5168860810143605,0.061210367402860066,0.9953063726425171,0.5408062628337312,0.5250437549182344,0.08827091412884844,0.9974009990692139,0.5442880340984887,0.5245538422039574,0.09128509398017606,0.9957424402236938,0.5286058494022912,0.5573527727808268,0.013452799631548773,0.9999671578407288,0.5653899925095691,0.5594741463661191,0.04300124581371033,0.9998803734779358,0.5286521434783933,0.6127570220402306,0.024457252557788564,0.7729852199554443,0.580732497147151,0.6015538232667104,0.03441710897854394,0.5825003981590271,0.5325566342898775,0.6202838540077207,0.07213098875113892,0.4286498725414276,0.5649658015796114,0.6173031279018943,0.04089469909667967,0.2518216371536255,0.5324759176799228,0.6243676730564659,0.0808013850024768,0.410037100315094,0.5615619318825855,0.6214514885629924,0.04503989198378152,0.24127604067325592,0.5350389736039296,0.6180410334042138,0.07905940903084614,0.40308094024658203,0.5594920873641965,0.6192572236061094,0.04395544646041732,0.2251719981431961,0.5351473842348369,0.6173611249242507,0.0733818833317075,0.34166762232780457,0.560293012005942,0.6171812398093084,0.04045795234186307,0.19531892240047455,0.536493819100516,0.6552313974925447,-0.01426912910704101,0.9999855160713196,0.5577991196087426,0.6573898519788467,0.014168358540960714,0.9999792575836182,0.5179734519549777,0.7007861665316988,-0.021941058390906872,0.9384699463844299,0.5640072022165569,0.7068011505263189,0.011574940942227835,0.926758885383606,0.5190747993332996,0.7665512561798091,-0.08205721431544846,0.9696909785270691,0.5845334121159143,0.7721506340163091,-0.05124458936708312,0.9556447267532349,0.5248075527804237,0.7722708940505977,-0.0886128934366362,0.9844627976417542,0.5885820286614551,0.7813221011842997,-0.058174872504813305,0.9817046523094177,0.5090152255126406,0.7965315597397936,-0.1017331267041819,0.9207582473754883,0.5790509104728696,0.7907070023672917,-0.07097825759223526,0.8804160356521606
65,0.5373108863830564,0.521101893697466,0.10239494038479663,0.9972938299179077,0.5358910628727502,0.5162784184728348,0.09336912781000134,0.9974960684776306,0.5349275333540777,0.5163605145045687,0.09331413464886798,0.9975704550743103,0.5339331660951885,0.5164228899138312,0.09329882604735235,0.9983405470848083,0.5390091691698344,0.5157351272446766,0.09592729828187394,0.997859001159668,0.5402014238493781,0.5155034371784752,0.09584913317646294,0.9979439973831177,0.5415124876158576,0.5152321304593765,0.09583174266985481,0.9982530474662781,0.532828160694667,0.5195066673415045,0.05110640206507272,0.9988734126091003,0.543394989626748,0.5182925956589832,0.06122891519750865,0.9957680702209473,0.5359532764979769,0.5267971873283384,0.08971222255911142,0.9976465106010437,0.5391948410442895,0.526579405580248,0.09263106712273185,0.996152400970459,0.5238232646669658,0.5589155759130202,0.019107442954555146,0.9999692440032959,0.5604784079960412,0.5602040767669675,0.0431351955447878,0.9998911619186401,0.5223605496542791,0.6134998934609547,0.04328701096986019,0.773755669593811,0.5735641053744722,0.607677968910762,0.0380686474165746,0.5837602019309998,0.5272913779531203,0.6201859372002735,0.10858904038156778,0.3898705840110779,0.557691259043557,0.6233822737421305,0.05807570453201019,0.23067469894886017,0.5271214161600383,0.6237084865570066,0.1208602576383522,0.3731319010257721,0.5541331223079133,0.62834381035396,0.06385804899036882,0.22101397812366486,0.5295335275786262,0.6181011727878023,0.11809020425592145,0.36688345670700073,0.5522014430591036,0.6256766387394493,0.0637874184974602,0.2060268223285675,0.5298976966312952,0.6157788838659011,0.1099223245467458,0.3112557828426361,0.5531325289181298,0.6228566697665621,0.05842468381992405,0.17884279787540436,0.5306598629270278,0.6551720244543889,-0.011220347189477505,0.999985933303833,0.5527625117983135,0.6577259557587757,0.01111410377281052,0.9999804496765137,0.510678330489567,0.7029531104224065,-0.01640158660177673,0.9438942074775696,0.5599361572946818,0.7063078965459548,0.014092411313738132,0.927627444267273,0.5041955862726482,0.7734853812626425,-0.07302941839609824,0.9721896648406982,0.576920972551618,0.7759699889591758,-0.0404242556542158,0.9582676291465759,0.50815851518086,0.7824177861213679,-0.0791640575442995,0.9856837391853333,0.5798333270209173,0.7854110956192013,-0.04624927799616539,0.9827559590339661,0.49034066200256327,0.7972901735986979,-0.09426703123109677,0.9260628819465637,0.5743548801967073,0.793160886423928,-0.05727497679846625,0.8839498162269592
66,0.531548396178654,0.5229431646210805,0.10056816020182197,0.9975295066833496,0.5301764181682039,0.5184565833636691,0.0904809781483241,0.9977157711982727,0.5292790498052322,0.5185921600886751,0.09042711045060833,0.9977844953536987,0.5283345971788677,0.5187040414128983,0.09041792771645951,0.9984821081161499,0.5331741877964562,0.5177346842629567,0.0932323283382824,0.9980566501617432,0.534388288429805,0.5174368211201257,0.09315086454153057,0.9981372952461243,0.5356608390808102,0.5171011141368318,0.0931312529104096,0.9984172582626343,0.5270340204238889,0.5221305319241112,0.0463973004903112,0.9989716410636902,0.5374558210372923,0.5200387358665464,0.05812865644693372,0.9961705803871155,0.5305062481335229,0.5287692700113567,0.08755352241652348,0.9978349208831787,0.5334938015256606,0.5282841171537125,0.09069069985832483,0.9964863061904907,0.5182112591607227,0.5611736553055897,0.016665176036102423,0.9999693632125854,0.5550445982388085,0.5617586255073546,0.04009962379932401,0.9998982548713684,0.5160588553973604,0.6168183684349058,0.04734865357833247,0.7524866461753845,0.5662157416343686,0.6152672733579361,0.04698822498321531,0.5811946988105774,0.5233635612896508,0.6237854872431071,0.119586032629013,0.3518398404121399,0.5508355225835525,0.6327020049095151,0.07782640073980601,0.20871667563915253,0.523588625022343,0.6278807146208624,0.13211808758122576,0.3369242250919342,0.5469605735370089,0.6393366592270985,0.08452775265489303,0.19995689392089844,0.5254357831818715,0.6236652868134632,0.1288588892136301,0.3312627971172333,0.5450414538383481,0.6357815810612267,0.0842903735382216,0.1863127052783966,0.5258775183132713,0.6224965810775754,0.1209209548575537,0.28113460540771484,0.5461072053228103,0.6322674785341532,0.07818604995097429,0.1617785394191742,0.5254921793937681,0.656764573710305,-0.01139408357973609,0.9999857544898987,0.5474700263568331,0.6596665586744033,0.01130059361457824,0.9999808669090271,0.5027798243931358,0.707923511096409,-0.011032285275203838,0.9489563703536987,0.5563818965639384,0.7105001790182928,0.027138787055654173,0.9324242472648621,0.4887296276433125,0.7834196295057021,-0.055320251945938356,0.9747457504272461,0.5729415059089658,0.7831774422100608,-0.0036454303988388576,0.9616971015930176,0.4908023084912979,0.7967175688062391,-0.060100129459585434,0.9868977069854736,0.5759558132716585,0.7928786465099876,-0.006914116867950979,0.9840561747550964,0.47460157786096824,0.797795964990343,-0.07494494808571675,0.9317541718482971,0.5718269893101281,0.7964144042560029,-0.013495020461933946,0.8906139135360718
67,0.5254597646849493,0.5249417696680339,0.09525723350899556,0.9977556467056274,0.5241478732654025,0.5204550078936983,0.08342619431870321,0.9979245066642761,0.5232169730322699,0.5205500807080947,0.08337019469056807,0.9979897737503052,0.5222118735313414,0.5205943294933861,0.08336050212383267,0.9986210465431213,0.5269876888820101,0.5198195849146159,0.0874049718890871,0.9982389807701111,0.5281744377953663,0.5195362687110898,0.08732822111674714,0.9983142614364624,0.5293385045869008,0.5192175149917599,0.08731048788343153,0.9985669255256653,0.5207084127834862,0.5241701211248122,0.036416192672082334,0.9990682005882263,0.5314476081303185,0.5223209670611788,0.054462070337363624,0.9965367913246155,0.5244088309151783,0.5308390821729385,0.08144017159938807,0.9980244040489197,0.5270722184862406,0.5302257350512911,0.08604069692747929,0.9968022108078003,0.5119691073894499,0.5629174453871588,0.0027780246322176264,0.9999708533287048,0.5487622124808171,0.5652941158839632,0.04327936864324976,0.9999021291732788,0.5094135420663013,0.6219058479581557,0.031486497446894635,0.7659592628479004,0.5586499827248707,0.6210224236760817,0.060796680194990946,0.5612412095069885,0.5165154031344821,0.6300053051539827,0.10246727104697903,0.32058292627334595,0.5445441365242002,0.6397578733307971,0.09023202082940507,0.18858098983764648,0.5178642289979114,0.6392209529876707,0.11269077041319434,0.3067436218261719,0.5405508450099398,0.6471732565334862,0.09731293980564384,0.1808197945356369,0.5193093623433791,0.6350399936948501,0.1101253136992454,0.301524817943573,0.5384857654571531,0.6432487777301241,0.09602271339723038,0.16842350363731384,0.5201496703284125,0.6344977004187444,0.10399905443191523,0.2560523450374603,0.53960553748267,0.6397738797324042,0.0901324617011206,0.14637236297130585,0.5195003764969959,0.6604982273919239,-0.016588102387530453,0.999983549118042,0.5412157229014802,0.6634980048452102,0.016507118780698087,0.999977171421051,0.4942440867424009,0.7131334986005508,-0.005252055160235611,0.9537758231163025,0.5526793565068924,0.7165693504469732,0.045090257589306126,0.932283341884613,0.4772362862314495,0.7922272631100242,-0.032667794770428096,0.9770776033401489,0.572001687117985,0.7882904853139601,0.036353561122502584,0.9637081623077393,0.47808304173605765,0.8065070067133219,-0.03572020402976443,0.9879783987998962,0.5752715945243834,0.7980077862739559,0.03535379155405929,0.9849594831466675,0.4649878723280768,0.7981434719903124,-0.04934466577001978,0.9367201924324036,0.5729153530938282,0.7980389884540009,0.031545792253954055,0.8909628987312317
68,0.5188594273158477,0.526351680074419,0.09741775265761775,0.9978563785552979,0.5174997295652115,0.5216651286397659,0.08542943916150497,0.9980124235153198,0.5165652087756564,0.5217131836073737,0.0853719894375119,0.998090386390686,0.515544188022613,0.5216788922037394,0.08535805195569986,0.9986859560012817,0.5203529204641066,0.5211601631981981,0.08996415116957249,0.998336136341095,0.5215399571827478,0.5209149003028867,0.08989603604589186,0.998420000076294,0.522675950186593,0.5206447601318357,0.08988197041409354,0.9986559748649597,0.5139146958078655,0.5252824170248849,0.03743105807474678,0.9991253018379211,0.5247979675020489,0.5239886130605421,0.05831624248198097,0.9967601895332336,0.5177739807537621,0.5322061760084966,0.08315151929855338,0.9980987310409546,0.52047906092235,0.5316338147435867,0.0884646268827574,0.9969451427459717,0.505288118124008,0.5638472012111116,-0.00104726940127357,0.9999715089797974,0.5413221052714754,0.5685010399137221,0.05001013066087449,0.9998971819877625,0.5025348254612511,0.6251730544226506,0.023986391350626916,0.7819550037384033,0.5510857888630454,0.6248631102698184,0.06695332931620732,0.5209044814109802,0.509001883438655,0.6351873721395217,0.0891662989343915,0.2935386002063751,0.5373416662216183,0.6449939199856348,0.0835884698799678,0.17035222053527832,0.5104229518345421,0.6461106538772581,0.09771163378443029,0.2801617383956909,0.5333356227193559,0.653074160643986,0.0890336598668779,0.16364488005638123,0.512014899935041,0.6417673689978458,0.09563741534948347,0.275287926197052,0.5311859250068661,0.648870548180171,0.08693351085696899,0.15238846838474274,0.5129303029605319,0.6407469442912509,0.09075290113687509,0.23377947509288788,0.5323942916733874,0.645361917359488,0.08280236806188307,0.13255426287651062,0.5121424862316672,0.6629030653408593,-0.020410480030945363,0.9999797344207764,0.5338036741529191,0.6657140357153752,0.020328809799892558,0.9999704360961914,0.4870386004447934,0.7157920820372441,-0.001995582727249704,0.9577943682670593,0.5475185615675787,0.7206986359187532,0.05079497109566415,0.9267147779464722,0.4721245842320575,0.7953034911836893,-0.024958641986761745,0.9790641069412231,0.5705423848969592,0.7882590157645085,0.04328385043357096,0.9648497700691223,0.4729366379124774,0.809695698533739,-0.027687405156237695,0.988841712474823,0.5745389103889464,0.7978126645088193,0.04233264598463268,0.9855826497077942,0.46109477792467357,0.7983459183147973,-0.041282748537404115,0.9400321841239929,0.5713803121021811,0.7978730167661392,0.037864656054547904,0.8880887031555176
69,0.5117308991295947,0.5273798908506119,0.10401698606354845,0.9979363083839417,0.5102635094097682,0.5222462245396204,0.09294373052460807,0.9980740547180176,0.5093321459633963,0.5222107921327863,0.09288331185068396,0.9981470108032227,0.5083101987838742,0.5220490506717136,0.0928594276309013,0.9987219572067261,0.5132421323231285,0.5219898785863599,0.09787754757063728,0.998425304889679,0.5144329650061471,0.521826648712158,0.09782471933535168,0.9985142946243286,0.5155901176588877,0.5216559052467347,0.09781761233295716,0.99874347448349,0.5066216281482151,0.5255526099886215,0.04515975234763964,0.9991356730461121,0.5175673178264072,0.5253926106861658,0.06776559842484338,0.9969300031661987,0.5105238659041267,0.5330775294985091,0.08946191668510434,0.9981185793876648,0.5135330523763384,0.532734853880746,0.09537140088421953,0.9970459342002869,0.4980544149875642,0.5640933173043386,-0.0007031298575124606,0.9999723434448242,0.5327297466141833,0.5720874496868675,0.06157178261450359,0.9999023079872131,0.4953731996672493,0.6275642429079324,0.017320899292826666,0.7728453874588013,0.5434872967856268,0.6270024333681372,0.0691486218145915,0.49568280577659607,0.4998901673725672,0.6398501464298791,0.07172346178974418,0.2655097544193268,0.5294186353683469,0.6482775909560065,0.06164879181555336,0.15437814593315125,0.5007168514387946,0.65115624666214,0.07831936499902174,0.25339075922966003,0.5254832693508692,0.6567793062755038,0.06381975199495035,0.1484261006116867,0.5029343758310588,0.645865336486271,0.07701709717512131,0.24896396696567535,0.5232741236686703,0.6524369546345298,0.060772141601358104,0.13814187049865723,0.5037533061844961,0.6436601417405265,0.0733609169721603,0.2114613652229309,0.5245910610471453,0.6489589469773428,0.05981412359646381,0.12019990384578705,0.5036257369177679,0.6649656278746469,-0.02496021900858197,0.9999793171882629,0.5252935120037623,0.6672751222337996,0.024867104712341513,0.999970555305481,0.4805691123008726,0.7167625342096599,-0.0018048988305963652,0.9592388272285461,0.5413491879190717,0.7241368906838551,0.05077726856938426,0.9160354137420654,0.4728076841150012,0.7936977318355013,-0.02832670589642866,0.9800271391868591,0.5695375170026503,0.7838256750788003,0.029200213562164866,0.9629222750663757,0.4745997752462111,0.8069883670125685,-0.031629250730787026,0.9892188906669617,0.5746148228645325,0.7929571151733399,0.026631687741194454,0.9855868816375732,0.46299483350345044,0.7983911020415168,-0.04565680825284546,0.9374725818634033,0.568710134710584,0.7961894937923977,0.018809660790222033,0.8741008639335632
