frame_id,NOSE_x,NOSE_y,NOSE_z,NOSE_v,LEFT_EYE_INNER_x,LEFT_EYE_INNER_y,LEFT_EYE_INNER_z,LEFT_EYE_INNER_v,LEFT_EYE_x,LEFT_EYE_y,LEFT_EYE_z,LEFT_EYE_v,LEFT_EYE_OUTER_x,LEFT_EYE_OUTER_y,LEFT_EYE_OUTER_z,LEFT_EYE_OUTER_v,RIGHT_EYE_INNER_x,RIGHT_EYE_INNER_y,RIGHT_EYE_INNER_z,RIGHT_EYE_INNER_v,RIGHT_EYE_x,RIGHT_EYE_y,RIGHT_EYE_z,RIGHT_EYE_v,RIGHT_EYE_OUTER_x,RIGHT_EYE_OUTER_y,RIGHT_EYE_OUTER_z,RIGHT_EYE_OUTER_v,LEFT_EAR_x,LEFT_EAR_y,LEFT_EAR_z,LEFT_EAR_v,RIGHT_EAR_x,RIGHT_EAR_y,RIGHT_EAR_z,RIGHT_EAR_v,MOUTH_LEFT_x,MOUTH_LEFT_y,MOUTH_LEFT_z,MOUTH_LEFT_v,MOUTH_RIGHT_x,MOUTH_RIGHT_y,MOUTH_RIGHT_z,MOUTH_RIGHT_v,LEFT_SHOULDER_x,LEFT_SHOULDER_y,LEFT_SHOULDER_z,LEFT_SHOULDER_v,RIGHT_SHOULDER_x,RIGHT_SHOULDER_y,RIGHT_SHOULDER_z,RIGHT_SHOULDER_v,LEFT_ELBOW_x,LEFT_ELBOW_y,LEFT_ELBOW_z,LEFT_ELBOW_v,RIGHT_ELBOW_x,RIGHT_ELBOW_y,RIGHT_ELBOW_z,RIGHT_ELBOW_v,LEFT_WRIST_x,LEFT_WRIST_y,LEFT_WRIST_z,LEFT_WRIST_v,RIGHT_WRIST_x,RIGHT_WRIST_y,RIGHT_WRIST_z,RIGHT_WRIST_v,LEFT_PINKY_x,LEFT_PINKY_y,LEFT_PINKY_z,LEFT_PINKY_v,RIGHT_PINKY_x,RIGHT_PINKY_y,RIGHT_PINKY_z,RIGHT_PINKY_v,LEFT_INDEX_x,LEFT_INDEX_y,LEFT_INDEX_z,LEFT_INDEX_v,RIGHT_INDEX_x,RIGHT_INDEX_y,RIGHT_INDEX_z,RIGHT_INDEX_v,LEFT_THUMB_x,LEFT_THUMB_y,LEFT_THUMB_z,LEFT_THUMB_v,RIGHT_THUMB_x,RIGHT_THUMB_y,RIGHT_THUMB_z,RIGHT_THUMB_v,LEFT_HIP_x,LEFT_HIP_y,LEFT_HIP_z,LEFT_HIP_v,RIGHT_HIP_x,RIGHT_HIP_y,RIGHT_HIP_z,RIGHT_HIP_v,LEFT_KNEE_x,LEFT_KNEE_y,LEFT_KNEE_z,LEFT_KNEE_v,RIGHT_KNEE_x,RIGHT_KNEE_y,RIGHT_KNEE_z,RIGHT_KNEE_v,LEFT_ANKLE_x,LEFT_ANKLE_y,LEFT_ANKLE_z,LEFT_ANKLE_v,RIGHT_ANKLE_x,RIGHT_ANKLE_y,RIGHT_ANKLE_z,RIGHT_ANKLE_v,LEFT_HEEL_x,LEFT_HEEL_y,LEFT_HEEL_z,LEFT_HEEL_v,RIGHT_HEEL_x,RIGHT_HEEL_y,RIGHT_HEEL_z,RIGHT_HEEL_v,LEFT_FOOT_INDEX_x,LEFT_FOOT_INDEX_y,LEFT_FOOT_INDEX_z,LEFT_FOOT_INDEX_v,RIGHT_FOOT_INDEX_x,RIGHT_FOOT_INDEX_y,RIGHT_FOOT_INDEX_z,RIGHT_FOOT_INDEX_v
0,0.4157200600419725,0.5767780423164367,-0.04756356967347006,0.9998600482940674,0.41180964367730266,0.5719355446951728,-0.039284789242914724,0.9996670484542847,0.41148556300571976,0.5718965819903781,-0.039432182136390874,0.99967360496521,0.4112189088548933,0.5718513045992166,-0.03940611542867762,0.9997461438179016,0.4113454937934871,0.5730078612055097,-0.05417994090488977,0.9998542070388794,0.410683327061789,0.5738712566239491,-0.05432476944157054,0.9998981952667236,0.40999485169138217,0.5747138977050781,-0.05440022801714278,0.9999006986618042,0.40831188133784685,0.5757790889058793,-0.002670935541391368,0.9997945427894592,0.40649391412734986,0.5795108658926825,-0.07060361302324702,0.9997373223304749,0.4160007187298365,0.5842970507485523,-0.032426307855972204,0.9998099207878113,0.41506785239492144,0.5851103646414616,-0.0528919454663992,0.999859094619751,0.41809626647404236,0.5988489849226812,0.04272087647446563,0.9999864101409912,0.4025088974407742,0.6204916732651843,-0.10403095994676859,0.999984622001648,0.43979793276105594,0.5752781782831461,0.07925087107079368,0.9432530403137207,0.39637613807405736,0.6776414598737444,-0.15262802285807475,0.9963487386703491,0.4580384288515364,0.5368991059916358,0.06625601053237914,0.9929541945457458,0.4207276940345764,0.6995330980845859,-0.19583533321108132,0.9949776530265808,0.46400919471468244,0.5244869393961767,0.06505824763860017,0.9890180826187134,0.4265956044197079,0.7139012387820651,-0.21978397028786797,0.99090975522995,0.4625621080398557,0.5213723846844261,0.05031064088855468,0.9904710054397583,0.42865445784160044,0.708177098206111,-0.21666942409106651,0.9905532598495483,0.460072119746889,0.5263973738465988,0.05927477585417882,0.9893311262130737,0.42707347273826596,0.703281475816454,-0.19606227150985164,0.9794370532035828,0.4218390183789387,0.7248937555721826,0.052082677611282865,0.9999798536300659,0.41007775494030535,0.7268930077552791,-0.05210446289607455,0.9999735355377197,0.432811504602432,0.7920324121202739,0.09661101507289067,0.9089078903198242,0.41144326073782767,0.8103820119585309,-0.05772656425833699,0.9932964444160461,0.43610261763845165,0.8738647460937499,0.1385826677083969,0.9779154658317566,0.3951141817229134,0.8884981972830636,-0.041849339221205026,0.994752049446106,0.4308136565344671,0.8888901795659743,0.13934243278844013,0.9609934687614441,0.38829638106482367,0.9020944527217313,-0.04214434432131902,0.9562807083129883,0.45663741145815134,0.8869736228670386,0.09727484477417801,0.980156660079956,0.41246184876986886,0.9085962312562123,-0.09618654059512272,0.9895380735397339
1,0.4154670851571217,0.5765820980072017,-0.04515377746096673,0.9998727440834045,0.4114798026425495,0.5718514868191307,-0.03750634507409159,0.9996980428695679,0.4111050852707453,0.571783569880894,-0.03763093232576334,0.9997039437294006,0.4107893807547431,0.5717508775847295,-0.037611889812563123,0.9997698664665222,0.4110971450805659,0.5730849129813057,-0.05232445310269079,0.999867856502533,0.4104012523378641,0.5739924720355439,-0.05246242683913022,0.9999076128005981,0.40967724067824207,0.5749126434326168,-0.05252828278711857,0.9999098777770996,0.4076492301055361,0.5764256017548695,-0.0021846596151590273,0.999813973903656,0.4060758888721464,0.5806421586445394,-0.07014951397265702,0.9997618794441223,0.4157705511365616,0.5839827230998442,-0.030298094850565678,0.9998274445533752,0.4148937072072709,0.5848422595432821,-0.05067831724882123,0.999872088432312,0.41716644253049545,0.6002787300518577,0.04327439692403588,0.9999873638153076,0.40247138398034227,0.6221818855830596,-0.09751504702227451,0.9999855756759644,0.4363832856927597,0.5678005678313116,0.0784101960914475,0.9403523802757263,0.39633728606360286,0.677105345044817,-0.13256203063896715,0.9962043762207031,0.44898356028965536,0.522964478390557,0.06771592795848845,0.9928871393203735,0.42090216279029835,0.695485881396702,-0.16265197736876338,0.9945452809333801,0.4535570476736341,0.5104030498436515,0.06618422237890104,0.989116370677948,0.4268112361431117,0.7077607784952431,-0.18343373707362573,0.9903586506843567,0.45221788287162734,0.5080006505761824,0.05436158435685291,0.9905188083648682,0.4288439742156435,0.7036980169160021,-0.1803884259292056,0.989939272403717,0.4500827363559174,0.5123754876000537,0.06266208610364367,0.9892703294754028,0.4272567808628082,0.6995554021426605,-0.16237520788397097,0.9777488112449646,0.4221175483294894,0.725466247967311,0.051346843476806334,0.9999810457229614,0.41170216883931826,0.7276335239410396,-0.05134762142385753,0.9999750256538391,0.4378084301948544,0.792363618101392,0.09129184654780792,0.9070395231246948,0.4124864978449682,0.812077496732984,-0.05908480659127232,0.9935169219970703,0.43590664522988437,0.8731983184814449,0.1373913466930389,0.9770313501358032,0.39496829594884586,0.8889520117214745,-0.03916454379047663,0.9948412775993347,0.43069658960614843,0.8882721798760547,0.13938179484435484,0.9600558876991272,0.38832954594067143,0.9022698794092445,-0.03850459924765993,0.9563426971435547,0.4563841376985819,0.8872118098395204,0.1019950432436806,0.9800930619239807,0.4124441734382083,0.908674960477011,-0.08835388145276471,0.9898119568824768
2,0.41497239215033377,0.5770090818405149,-0.039356039411255275,0.9998819828033447,0.4109264825071605,0.5726925270897998,-0.031897554493376175,0.9997222423553467,0.41054225138255507,0.5726142355373924,-0.03200984301843812,0.9997274875640869,0.41020972984177706,0.572583552769252,-0.03199583752346889,0.9997885823249817,0.4106111526489256,0.5740557278905594,-0.04638063109346796,0.9998786449432373,0.40993096317563715,0.575024889196668,-0.04651558042636937,0.9999149441719055,0.40921748961721127,0.5760263204574583,-0.04657739879829541,0.9999170303344727,0.40701053568295054,0.5781103168215068,0.002878068387508389,0.9998303651809692,0.40562177300453167,0.5826962845666065,-0.063685489233051,0.9997819662094116,0.4155379525252749,0.5841624838965276,-0.024679032580128726,0.9998413324356079,0.4147390655108858,0.5851632612092151,-0.0446229964494705,0.9998822212219238,0.4165544050080434,0.6015985386712208,0.0468792816357953,0.9999880790710449,0.40251414094652427,0.6248315198080877,-0.08821821446929655,0.9999860525131226,0.43234959755625024,0.5616294230733596,0.0811687092695917,0.9354327321052551,0.3962179252079553,0.6774413738931925,-0.11817561494452607,0.9957035779953003,0.4400192524705612,0.512092133079256,0.0722671881318092,0.992540180683136,0.42087510824203467,0.6923667260578698,-0.14465894188199718,0.9931133389472961,0.4435506411961145,0.4991480903966084,0.06975578899894438,0.9889432191848755,0.42680338025093056,0.7026645490101402,-0.16393967611449098,0.9887500405311584,0.44240473508834816,0.4972913495131899,0.0600019282528332,0.9902902841567993,0.42870652505329654,0.6993204508508951,-0.1608520669596535,0.9881261587142944,0.4405777258532386,0.5015212093080791,0.06777560008423665,0.9889078140258789,0.42713747620582554,0.695838950361524,-0.14414460786751332,0.9738070964813232,0.42324764558247135,0.7262752345630097,0.0505244474325861,0.999982476234436,0.4135557668549672,0.7288287043571469,-0.05051602401903695,0.9999768137931824,0.44231224656105017,0.7927991236959182,0.08454505098717549,0.911052405834198,0.41410628216607215,0.8141977752958022,-0.06164816170930859,0.9939843416213989,0.4358832410403658,0.8725224137306209,0.13446676731109614,0.9778854846954346,0.39498808554240616,0.8892216818673266,-0.04028101914695329,0.995177686214447,0.43073348573275955,0.887520257064274,0.13741995436804627,0.9612992405891418,0.388401355913707,0.9023816653660361,-0.039085277595690304,0.9584195017814636,0.4561924227646417,0.8876704658780775,0.103007004729339,0.9810004830360413,0.41247781344822454,0.9087725503104069,-0.08662315202610829,0.9904667139053345
3,0.414113459416798,0.5778179747717719,-0.02176152153738906,0.9998865723609924,0.41006233096122724,0.5742450288363863,-0.013928198468472267,0.9997381567955017,0.4097068360873629,0.5742145368031091,-0.01403911409101315,0.9997430443763733,0.40938363245555315,0.5742117592266625,-0.014028526789375707,0.9998008012771606,0.4098360708781649,0.5756372792380194,-0.027868580658520957,0.999886155128479,0.4092393245015824,0.5766661729131424,-0.02800623891609054,0.9999200105667114,0.40859879936490723,0.5777144704546244,-0.028072465370808312,0.9999219179153442,0.4062816117491039,0.5809147051402498,0.0203473679189171,0.9998435378074646,0.405071426289422,0.5853865010397772,-0.043533434186662924,0.9997983574867249,0.4152480014732904,0.5846735715866086,-0.00748921121869768,0.9998509883880615,0.41458147679056423,0.5858467766216819,-0.026714634522795665,0.9998895525932312,0.41623626181057505,0.6027875883238654,0.05962839696024143,0.9999881386756897,0.4025565871170587,0.628026975904192,-0.07140906304121014,0.9999861717224121,0.42721136552946887,0.5564620171274455,0.09378217331000732,0.9289650321006775,0.39599675110408217,0.678312744413103,-0.10683773607015604,0.9951754808425903,0.4309082337788171,0.5038606728826248,0.08738936207124161,0.9920466542243958,0.4208815199988227,0.6902198927743091,-0.1403602365936551,0.9917735457420349,0.43387236169406324,0.4903480052947996,0.08373733279960494,0.9887539744377136,0.4267651660101752,0.6985388926097322,-0.15986045088086803,0.9874911308288574,0.4329361753804341,0.4888924820082526,0.07504622361489702,0.9900453090667725,0.42841260858944463,0.6949585369655061,-0.15629116041319704,0.9867136478424072,0.431345702920641,0.493614499909537,0.08186402810471395,0.9885286092758179,0.4268840593951087,0.6920949186597549,-0.13978342669350755,0.9710418581962585,0.4251769014767236,0.7273020846503118,0.04984441335712158,0.9999837279319763,0.4155969159943715,0.7305468235697061,-0.04984094457966938,0.9999784231185913,0.4467475022588455,0.793280584471566,0.07694183609315323,0.9175190925598145,0.41649210963930383,0.8171152217047551,-0.06611069855945448,0.9945014119148254,0.43599618247577104,0.8719226292201447,0.13036157318523944,0.979404866695404,0.39514516762324725,0.8892178688730509,-0.04661343576652661,0.9955737590789795,0.43081848365919906,0.8867470230375013,0.1342323865209306,0.9635758399963379,0.38847726328032334,0.9024188739912846,-0.04527077078819272,0.9612898230552673,0.45599317720958144,0.8884519594056262,0.10137995694364815,0.982286274433136,0.41256411160741513,0.9088124700954978,-0.0925257991467203,0.9912272691726685
4,0.413430207967758,0.5797982454299924,-0.020788831316999018,0.9998921155929565,0.4093016266822813,0.5770198617662698,-0.012433837407401623,0.9997543692588806,0.4090202110154286,0.5769703728812079,-0.012551172423575598,0.9997589588165283,0.40875073075294477,0.5769132546016146,-0.012539934127458498,0.9998130202293396,0.4090545339243751,0.5786182880401609,-0.02587017789483069,0.9998936057090759,0.4085320864404949,0.5798220566340853,-0.026010233749236368,0.9999251365661621,0.4079598213945114,0.5810715266636437,-0.026079785504511413,0.9999268054962158,0.405916004521506,0.5844666429928368,0.023683496032442353,0.9998558163642883,0.4046910788331711,0.5898051261901853,-0.03820457703300883,0.9998132586479187,0.41511837414332775,0.5860792704990929,-0.006032009555825162,0.9998605847358704,0.41452842354774455,0.5876981598990301,-0.024580265581607804,0.9998966455459595,0.41625272546495695,0.6041031854493275,0.061720870860985315,0.9999884366989136,0.40294797335352195,0.6330429792404172,-0.06521454432180945,0.9999861717224121,0.4226020336151121,0.5538453493799479,0.09665122074740269,0.9297784566879272,0.39568657960210507,0.6810362611498149,-0.1093564567821366,0.9946092367172241,0.4227545976638792,0.5005092339856282,0.0890206864901951,0.992079496383667,0.41979809318269984,0.6885182278496875,-0.1558793412787573,0.9910283088684082,0.4250172725745608,0.4859008363315035,0.08286941855081487,0.9889110922813416,0.42574664780071786,0.6953504834856302,-0.17736243094716744,0.9868795275688171,0.4245242186955041,0.4844112362180435,0.07530752183603386,0.9901075959205627,0.4271835139819552,0.690457303183419,-0.17385119966098234,0.9860367178916931,0.42320914694241096,0.48964000429425897,0.08286466731556821,0.9885304570198059,0.4257437893322534,0.6879778470311844,-0.15569621026515953,0.9696949124336243,0.42815633416175825,0.7290876030921933,0.04891994701964512,0.999984860420227,0.4180527985095976,0.7327370830944603,-0.048924564676625364,0.9999798536300659,0.4496125025408606,0.794380722727094,0.06960114943129672,0.9243783354759216,0.41879794512476215,0.8196096420288083,-0.06954212912491387,0.9949746131896973,0.4364332446030206,0.8711048926625928,0.12608914332730425,0.9807764291763306,0.3956021445138112,0.8893059611320492,-0.05181079059839246,0.9959146976470947,0.43154223220688936,0.8854749117578775,0.1298346234219414,0.9657028317451477,0.3887033121926442,0.9024311729839865,-0.05095761705722125,0.9635587334632874,0.45614121641431515,0.8891835944993152,0.0963768824934959,0.983424186706543,0.4127095835549489,0.9091161080769126,-0.09909490708793908,0.9918816685676575
5,0.41310906239918277,0.582972420964922,-0.027891368897897843,0.9998913407325745,0.4088115394115446,0.5806310261998855,-0.01894245698515857,0.9997593760490417,0.4086211153439111,0.5805279169763835,-0.019069639247442982,0.9997634887695312,0.40842724187033497,0.5803796597889488,-0.01906080080994537,0.9998160600662231,0.40848307779857074,0.5826407688004627,-0.031535773883972835,0.9998968839645386,0.4080124701772415,0.5842330336570737,-0.03167604506015776,0.9999275207519531,0.4074823728629519,0.5860022834369112,-0.031749747321009616,0.9999290704727173,0.405917031424386,0.5881649664470125,0.02082549862056371,0.9998632669448853,0.40451039075851425,0.5953484909875049,-0.0354608081281185,0.9998229742050171,0.41514915909085937,0.5886511172567093,-0.012012441882065357,0.9998647570610046,0.41455113206590904,0.5910375765391755,-0.02941250870270387,0.9998998641967773,0.4164668185370307,0.605455889020647,0.05688253247312135,0.9999879002571106,0.4038092800549097,0.6392634255545476,-0.06460470514638081,0.9999851584434509,0.4190241966928753,0.5530457241194586,0.08398338151829579,0.9288728833198547,0.39549327407564416,0.6853838631084984,-0.1176982719983373,0.9939348101615906,0.4151155531406401,0.500122649329049,0.06773707568645473,0.9918457865715027,0.4175104498863218,0.6878218361309594,-0.18346597296851014,0.9904520511627197,0.4160998931952883,0.4849210900919776,0.058729373969669825,0.9887853860855103,0.423621014186314,0.6933927127293175,-0.20775736910956236,0.986517608165741,0.4154957660606927,0.4836003729275292,0.05289181992411611,0.9899027347564697,0.4249118294034684,0.6866993835994173,-0.2044777478490556,0.985632061958313,0.4146491612706864,0.48918547715459526,0.06233943461307454,0.9882023930549622,0.4235177312578472,0.6846890057836257,-0.18386360577174587,0.9687931537628174,0.4319540773119243,0.7314169526100155,0.04758470218096458,0.9999857544898987,0.42088912555149605,0.735767373016902,-0.047603736498526145,0.9999809861183167,0.4525305339268274,0.7959791898727414,0.06424401657921924,0.9307145476341248,0.42113309502601604,0.8219846146447314,-0.07238767232213697,0.9953986406326294,0.43722994072096666,0.8704984971455162,0.12375749392168856,0.9821343421936035,0.3960706378732407,0.8895470721381047,-0.049952598448310556,0.9962186813354492,0.4323257037571496,0.8843869686126705,0.12776922200407295,0.9678354859352112,0.38889096379280075,0.9024162735257826,-0.04847147624407493,0.9655357599258423,0.4567639546734944,0.8896061795098437,0.09092479603631151,0.984505295753479,0.4127462412629807,0.9100160632814677,-0.09904252971921644,0.9924521446228027
6,0.41305171166147486,0.5864020790372573,-0.04280861972698141,0.9998506307601929,0.4085891527788978,0.5838959421430312,-0.03328830764761991,0.9996936917304993,0.4084550406251633,0.5837896261896403,-0.03342449678374186,0.9996958374977112,0.4083134983267101,0.5836340716906954,-0.03341683646930114,0.9997610449790955,0.4082213461399076,0.5865461621965677,-0.04569911190441675,0.9998721480369568,0.40778545396668553,0.5887065444673809,-0.04584529713860578,0.9999105334281921,0.40727638857705234,0.5910064765385217,-0.04593189028756957,0.999913215637207,0.4060157895088194,0.5916009937013895,0.011019339879775148,0.9998421669006348,0.4044660849230628,0.6004327603748864,-0.042725971660443694,0.9997989535331726,0.4152222599302018,0.5917614562170843,-0.025257268414965686,0.9998316168785095,0.4145942313330512,0.5950233629771638,-0.04238264230745177,0.9998761415481567,0.41698160086359276,0.6073821868215286,0.04802807686584334,0.9999851584434509,0.40469649519239137,0.6442909973008288,-0.07099837980100084,0.9999791383743286,0.41690297126770004,0.5540245124271935,0.06524511969515252,0.925277829170227,0.395360972200121,0.690350098269326,-0.133168328659875,0.9916415810585022,0.40858941503933477,0.5020038170473914,0.038659113991473384,0.9900778532028198,0.4153401843139102,0.6876100523131231,-0.21228441596031178,0.9876102805137634,0.4081333875656126,0.48649784667151297,0.028770659391635214,0.9867991209030151,0.4215748488903044,0.6928226130349292,-0.23896861502102432,0.9835138916969299,0.40691656896046213,0.4856697252818514,0.023959270226103908,0.9878165125846863,0.42281343851770653,0.6838084850992472,-0.23564230969973962,0.9824567437171936,0.40640688964298777,0.49139748130525834,0.03516891497586453,0.9855931997299194,0.42138444781303386,0.6821107796260286,-0.21299182389463686,0.962399959564209,0.4361748065267288,0.7351105264254976,0.0469275405364377,0.9999859929084778,0.4242053006376537,0.7399695651871815,-0.04695889822074343,0.9999812245368958,0.455704719679696,0.7985010623931881,0.06962577381304329,0.9361080527305603,0.42366462690489615,0.8244141425405226,-0.07392520840678893,0.995703399181366,0.43804228050368155,0.8704696076256884,0.13244279665606357,0.9831651449203491,0.3963962691170827,0.8898816040584014,-0.042410826523389115,0.9963480234146118,0.4326037730489456,0.8840417878968371,0.13730261538709906,0.9693284630775452,0.38890637244497006,0.9024643761771062,-0.039844922987478104,0.9654245376586914,0.45684849364416924,0.8898407186780652,0.09642431225095471,0.9851348996162415,0.41309689027922475,0.9112597346305843,-0.09281515989984782,0.9926134347915649
7,0.4130005955696104,0.5895144547734938,-0.055127755552530265,0.9997691512107849,0.4084361834185462,0.5871725388935631,-0.04530251954815215,0.9995572566986084,0.4083162903785703,0.5871833068983893,-0.04544508741902452,0.9995540976524353,0.40819415620395094,0.5871525560106547,-0.04543825638081344,0.9996486306190491,0.40807104366166236,0.5902835573468886,-0.057828631092395076,0.99982088804245,0.40765465412821067,0.5927446348326544,-0.05797826323126041,0.999875009059906,0.4071569962160926,0.5952003717422483,-0.05807194496904099,0.9998812079429626,0.4060508642877849,0.5950095755713325,0.0012981736113683174,0.9997891187667847,0.40440867543220504,0.6042694040707177,-0.05264642227973254,0.9997433423995972,0.4153449978147232,0.5946237155369347,-0.03667063580027646,0.9997599720954895,0.41469584618295924,0.5983815755162918,-0.053936747248683636,0.9998237490653992,0.41783929211752735,0.609586770193917,0.0387190699045147,0.9999810457229614,0.40556508813585535,0.6496866413525169,-0.07689874129635944,0.9999682903289795,0.41504685623305165,0.5552102225167408,0.04831472379820685,0.9183810949325562,0.3953831664153506,0.6955027478081836,-0.1469293751886912,0.9886457324028015,0.40241811445781145,0.5043621029172622,0.015138618381960043,0.9869433045387268,0.4146342149802615,0.6877657822200227,-0.2309781321457453,0.983331561088562,0.4010100713797976,0.4889003370489391,0.0046725692626621,0.9833168983459473,0.42076680064201333,0.6920490060533793,-0.25872861402375347,0.978647768497467,0.39924454263278397,0.48795748693602403,-0.0003934077918529527,0.9842671751976013,0.4220218837261198,0.6817385009356904,-0.2550847879477909,0.9773367643356323,0.39905762587274807,0.49338880777358984,0.011583840421267911,0.9811509847640991,0.4205809073788777,0.6805604049137657,-0.23167673264230992,0.9526816606521606,0.44018278207097716,0.7381936737469261,0.046348191159112095,0.9999855160713196,0.4276628902980258,0.7438549944332664,-0.046387902647256826,0.9999805092811584,0.45912538766860944,0.8013734545026503,0.07224692457488602,0.9400442242622375,0.4270642314638408,0.8265274814196991,-0.07476507659469328,0.9958930611610413,0.43874676142420066,0.8707299913678846,0.13681947503771094,0.9838119149208069,0.39674047231674175,0.8901016797338209,-0.03553028479218481,0.9963624477386475,0.4326680966785974,0.8841013380459373,0.1420861674206597,0.9699904918670654,0.3890314911093029,0.9019017457962031,-0.031805976107716544,0.9643846750259399,0.45634620785713176,0.8900103398731771,0.09815896408898485,0.9853727221488953,0.41351123452186567,0.9116362537656507,-0.08522204990897855,0.9925678372383118
8,0.4130065517766133,0.5918318339756554,-0.06008374009813579,0.9997521638870239,0.4084259876183099,0.58983473437173,-0.05013601460627145,0.9995383620262146,0.4082944887025014,0.5899274110794065,-0.05028129102928296,0.9995352029800415,0.4081662399428229,0.5900217396872381,-0.050272858568600226,0.999631404876709,0.40806828226361935,0.5932950428553987,-0.06324071426476748,0.9998146295547485,0.4076385821614945,0.5957983238356451,-0.06339209026523995,0.9998708963394165,0.4071328307901108,0.59844445671354,-0.06348488245691569,0.9998774528503418,0.406006131001881,0.5979633143969941,-0.003620519314426927,0.999785840511322,0.40435767088617575,0.6076060618673049,-0.062344081486974415,0.9997411370277405,0.4155912322657447,0.596811747550964,-0.041557418182492235,0.9997484087944031,0.4149086603096551,0.600929578713008,-0.05960436484643389,0.9998142123222351,0.41900167039462477,0.6121305482728138,0.03399809662784847,0.9999793171882629,0.4065548462527137,0.654349943569728,-0.08144729307719635,0.9999626874923706,0.4125878163746423,0.5561235427856442,0.041305855661630614,0.917628824710846,0.3953543628965103,0.7007030555180138,-0.15604001496519354,0.9876081347465515,0.39698426638330714,0.5069554107529775,0.005320505079414161,0.9850504994392395,0.4144973499434333,0.6875537923404145,-0.23919191999094816,0.9816880226135254,0.39465205669403053,0.49204535228865465,-0.005658747062885333,0.9811410903930664,0.4204526594706942,0.689552749906267,-0.26726984211376725,0.9766876697540283,0.3927333644458224,0.4911700001784731,-0.010602466123444688,0.9820135831832886,0.4217429237706319,0.6788978525570457,-0.26310801420892976,0.9751848578453064,0.39305682608059456,0.49666683503559633,0.00168958157300949,0.9783948659896851,0.4203028261661528,0.6787704842431201,-0.2397346317768096,0.9487478137016296,0.44353684527533377,0.7410031352724344,0.046413218655756525,0.9999855160713196,0.4309623198849812,0.7472860710961475,-0.046454567887953324,0.9999803900718689,0.4616271725722719,0.8047558154378615,0.0687987617083958,0.9444794058799744,0.43037898370197825,0.827739332403455,-0.07506607025861736,0.9961625337600708,0.43965522050857525,0.8712050284658155,0.13308916900839118,0.9845882058143616,0.3974634715488977,0.8900400025503972,-0.034502855315804465,0.9964597821235657,0.43334333215441,0.8845325691359379,0.1375610749636377,0.9709561467170715,0.3893680019038062,0.9005558116095402,-0.031164515071681553,0.9646364450454712,0.45634669491222907,0.8902637532779145,0.09313020237854544,0.9858425259590149,0.41378399559429696,0.9110313262258253,-0.0838096309985433,0.992704451084137
9,0.41307073320661253,0.5947664209774559,-0.06128259801438873,0.999750018119812,0.40844848752021773,0.5929005946431838,-0.05134661229593411,0.9995445013046265,0.40832200816699415,0.5929304855210438,-0.05149423724838663,0.999542772769928,0.4082037832055771,0.5930085693086894,-0.051484303602150484,0.9996361136436462,0.40805334959711326,0.5964483601706366,-0.06443198323249813,0.9998164772987366,0.4076091621603283,0.5990140131541658,-0.06458636447787282,0.9998722076416016,0.4070877296583991,0.602023466995784,-0.06467448387827189,0.9998783469200134,0.40618980867522086,0.6007432256426126,-0.005453422143805902,0.9997924566268921,0.404376675401415,0.6110076853207177,-0.06500182354024475,0.9997459053993225,0.4160539976188113,0.5997013500758577,-0.04293766021728514,0.9997498393058777,0.4152542454855781,0.6042419450623646,-0.060959926460470444,0.9998133778572083,0.4208541614668708,0.6149454849106922,0.03011319759700978,0.9999787211418152,0.40796311157090304,0.6584913151604785,-0.0840324942554746,0.9999573230743408,0.4105541195188248,0.5571010725838794,0.03272646010986395,0.9189557433128357,0.3954591921397616,0.7058093888419013,-0.1568292192050388,0.9863816499710083,0.39260625413485917,0.5098833884511673,-0.006325800450784817,0.9840737581253052,0.4131629177502221,0.687383925914764,-0.2379316555602209,0.9792739748954773,0.3894079617091586,0.49667947888374303,-0.01792678592194403,0.9799143671989441,0.4189652843134742,0.6867483156067982,-0.26531987360545556,0.9738330841064453,0.3874600240162439,0.49666328259876774,-0.022467429297310954,0.9806920289993286,0.42058920519692533,0.6769867249897544,-0.2606303325721194,0.9720674753189087,0.38822078108787517,0.5025344261101312,-0.009867436704891064,0.9766911864280701,0.41908354674066794,0.6780862127031596,-0.23825010572160982,0.9433402419090271,0.44675046120371115,0.7428306034633088,0.04591893340860092,0.9999852776527405,0.43436061314174085,0.7497779130935666,-0.04596602916717527,0.9999798536300659,0.46399896315165906,0.8074605975832254,0.053551054533038794,0.9487168788909912,0.433604277883257,0.8290167195456365,-0.07444461094481601,0.9963882565498352,0.44078528795923483,0.8703785708972382,0.12032799742051528,0.9849699139595032,0.3989891341754367,0.8888623986925392,-0.030606252167906068,0.996464192867279,0.4340878673962182,0.882306359495435,0.12502359492438173,0.9715015888214111,0.3898694063935959,0.8982503431183947,-0.02681730022387844,0.9642271399497986,0.4555669733456201,0.890435171127319,0.08290071742875231,0.9859937429428101,0.41373672740800016,0.9097357017653325,-0.07692396981375554,0.9926852583885193
10,0.4135641379015785,0.5976850322314669,-0.07077581201280864,0.9997662901878357,0.40875476172992137,0.5959273985454012,-0.06055905286754878,0.9995790123939514,0.40864910738808746,0.5958018064498898,-0.060709346298660524,0.999578595161438,0.4085515865257806,0.5957419957433425,-0.06069706827402112,0.9996639490127563,0.40827215143612433,0.5994927917207988,-0.07373819510851584,0.9998296499252319,0.4078371737684521,0.6022247774260381,-0.07389785360012732,0.9998813271522522,0.40733635255268624,0.6054192781448362,-0.07398714189018518,0.9998866319656372,0.4068858163697377,0.6033734934670582,-0.0126628464353936,0.9998099207878113,0.40497498597417536,0.613912647111075,-0.07291179937975745,0.9997649788856506,0.416961176906313,0.6024847592626297,-0.05162809991410798,0.9997681379318237,0.41606185691697234,0.6072684764862057,-0.06981065656457625,0.9998260140419006,0.4232004608426773,0.6178321838378904,0.023451182938047807,0.999979555606842,0.4098107874393461,0.6602150814873828,-0.08965473153761451,0.9999539852142334,0.4099681317806242,0.559346772943224,0.023055261799267347,0.924079179763794,0.39580997143472924,0.7096367921148025,-0.16394887609141207,0.9857370257377625,0.39012046882084417,0.5151987961360385,-0.018472247677189954,0.9844803214073181,0.41017808743885564,0.6882018004144937,-0.24729257992335715,0.9767941832542419,0.386078368765967,0.5037579791886464,-0.030478982567521067,0.9802566170692444,0.41475346514156863,0.6866511413029258,-0.2749659044401985,0.9704867601394653,0.3839693231242042,0.5053244386400493,-0.03505082548196825,0.9809232354164124,0.41721025705337506,0.6779187832559854,-0.2697702177933283,0.9682126641273499,0.38503648553575776,0.5114534582410537,-0.022046967063631323,0.9769131541252136,0.4160629621573855,0.6792042051042826,-0.24755215431962682,0.9375044703483582,0.44982524343899294,0.7440321087837216,0.045444295129605676,0.9999855756759644,0.43836433376584716,0.7514240384101865,-0.045498013815709504,0.9999799132347107,0.46677926438195344,0.8086792639323639,0.041803659924439,0.9535954594612122,0.43676335981913955,0.831738768305097,-0.07700783227171212,0.9966991543769836,0.4416104137897489,0.8679414987564082,0.11252421864441457,0.9860008955001831,0.4009097329207827,0.8866746766226627,-0.027689582162669715,0.9966431260108948,0.43466421791485355,0.8777980446815487,0.1175575245703969,0.9731418490409851,0.39037882941109775,0.8955662284578592,-0.023245718702673897,0.9657686352729797,0.45342705930982297,0.8905718139239716,0.07661152013710563,0.9868160486221313,0.41371143630572704,0.9086199147360661,-0.07202560646193365,0.9930120706558228
11,0.41510844315801326,0.5995381644793916,-0.07553893285138263,0.9997770190238953,0.4099647368703567,0.5979563253266468,-0.06494871133140152,0.9996055364608765,0.4098676996571675,0.5978060807500564,-0.06509872738804133,0.9996058344841003,0.40977089319910304,0.5976840683392113,-0.06508546929274284,0.9996849298477173,0.4092892467975614,0.6015940666198727,-0.07858484664133614,0.9998397827148438,0.4088143680776867,0.6045636739049636,-0.07874625091041834,0.9998881816864014,0.4083056773458207,0.6076984473637169,-0.07883796628032408,0.9998928308486938,0.40830933536801994,0.6054924947874883,-0.015818634815514078,0.9998239278793335,0.4062601591859543,0.6158061589513504,-0.07844553078923902,0.9997795820236206,0.4186928399971551,0.6045432823044911,-0.05575967409781045,0.9997822046279907,0.4176724484988619,0.6095562968935282,-0.07455707256283076,0.9998353719711304,0.4256846998419078,0.6196666070393151,0.02149638437799044,0.9999799728393555,0.41200770224843686,0.662234476634434,-0.09657914170197074,0.9999486804008484,0.410822534561157,0.5630085485322132,0.0231232856533357,0.925057053565979,0.39628640583583263,0.7129632609231128,-0.16949008405208582,0.9837614297866821,0.3896416178771426,0.5217238647597174,-0.019939064304344348,0.9827430844306946,0.4078205193792069,0.6891357813562662,-0.25298708251544394,0.9696166515350342,0.38491707273891973,0.5111865265028814,-0.031633004759039185,0.9782189726829529,0.41088366082736405,0.6863208617482863,-0.2810207588332039,0.9614556431770325,0.38269703728812066,0.5133451512881686,-0.03599487346197876,0.9788052439689636,0.41426908203533697,0.6773985130446294,-0.275119924545288,0.9582530856132507,0.3839870188917431,0.5188990695135932,-0.0232379791725959,0.9742139577865601,0.41363651837621396,0.679153513908386,-0.2530335686036518,0.9221383333206177,0.4527907337461197,0.7442823716572349,0.04538410391126358,0.9999858140945435,0.4426861822605131,0.7520452158791675,-0.04543176080499374,0.9999799132347107,0.470762868438448,0.8090217011315478,0.03904423170856065,0.957718014717102,0.44049464975084557,0.834529408386775,-0.08258372353655948,0.9969632029533386,0.44236650466918925,0.8653020858764645,0.11102223162140161,0.9866876006126404,0.4024198796067917,0.8834853529930111,-0.030747320928743892,0.9967623353004456,0.43540098411696276,0.8731823733874725,0.11620632005589344,0.9741153120994568,0.3910831826073781,0.8918514285768777,-0.025476495868393338,0.9670716524124146,0.45161846876144385,0.8904113428933276,0.07642764406544818,0.9872379899024963,0.4140543052128381,0.9073908363069803,-0.07107743131262911,0.9932088255882263
12,0.41652462823050346,0.6043642878532407,-0.07505154737404411,0.9997754693031311,0.411173789841788,0.6017611639840259,-0.06433125223432265,0.9996137619018555,0.4111146662916454,0.6010543056896752,-0.0644794013883386,0.9996158480644226,0.41108125703675386,0.6004320383071897,-0.06446707621216771,0.9996921420097351,0.4103042823927741,0.6063166022300717,-0.07704578212329316,0.9998416304588318,0.4097051211765832,0.6091018438339231,-0.07720812261104579,0.9998891353607178,0.40909830246652856,0.611909302643367,-0.07730480602809357,0.9998928904533386,0.4100299188068933,0.6070140617234363,-0.01382871610777718,0.9998316168785095,0.4071786037513186,0.6186472841671533,-0.07336337821824207,0.9997835159301758,0.42021746805735977,0.6080487489700315,-0.054591089274202045,0.9997862577438354,0.4190338696752274,0.6143069863319395,-0.07228721678256986,0.9998356699943542,0.42696581653186233,0.6196759615625651,0.02422089037884558,0.9999798536300659,0.41354416608810407,0.6634994728224615,-0.0901939845510891,0.9999406337738037,0.41170473524502327,0.565586151395525,0.029854957972254056,0.9249070882797241,0.3969712674617765,0.7143208299364359,-0.16276405411107192,0.9827263951301575,0.39063829183578475,0.5257118787084305,-0.010466606715427972,0.9817116260528564,0.40724638274737746,0.6880814347948343,-0.2452194286244255,0.9661139845848083,0.38544254984174436,0.5158828650202067,-0.02196773194840975,0.9771221280097961,0.40945788877350925,0.6827100174767627,-0.2726023418562752,0.9564889073371887,0.3831293659550801,0.5178002204213821,-0.028818473166653074,0.9776360988616943,0.4130919831139699,0.6727124639919824,-0.2667766877583094,0.9527822732925415,0.38464886971882395,0.5229428700038363,-0.015463964002473005,0.9725562930107117,0.4126666247844694,0.67583817413875,-0.24514719290392728,0.9136141538619995,0.4552058296544209,0.7439072404588968,0.04524530033980095,0.9999851584434509,0.4462231346539086,0.7518139617783679,-0.04529696862612449,0.9999784231185913,0.4751961725098744,0.8090953656605308,0.035602231110845275,0.9610274434089661,0.44445809551647714,0.8351847035544255,-0.08828642261879781,0.9971738457679749,0.4430895021983553,0.8638812014034811,0.102035071168627,0.9866705536842346,0.40348186237471423,0.8809454764638625,-0.042409973312169294,0.9967227578163147,0.4360431875501358,0.8709062576293941,0.10668768180268146,0.9743932485580444,0.3918097785540987,0.8879237685884744,-0.03769160237695488,0.9676783084869385,0.45179059505462627,0.8895322969981598,0.06613534561225343,0.9868578314781189,0.4144515591008321,0.9064806750842499,-0.08243527721081458,0.99308842420578
13,0.4190253462110245,0.6084184936114716,-0.08198069908789223,0.9996888041496277,0.41357930302619916,0.6046418530600408,-0.07217635320765628,0.9995198249816895,0.41350767527307764,0.6038307751928054,-0.07232910384024889,0.9995244145393372,0.4134754257542745,0.603149502617972,-0.07232057367052347,0.9996247291564941,0.41259886366980403,0.6094740458897179,-0.08478067772729052,0.9997891783714294,0.41188739623342224,0.6119628054755072,-0.08494723907538819,0.9998475909233093,0.4111649240766251,0.6144871575491766,-0.08505502705063135,0.9998505711555481,0.4124428595815384,0.6085662279810221,-0.02270947865742657,0.9998044967651367,0.409173513310296,0.6199684994561329,-0.08206646953310281,0.9997097253799438,0.42227528606142295,0.611130607128143,-0.06158343926072118,0.9997434020042419,0.42093929052352885,0.6183120301791597,-0.0791728494422776,0.9997832775115967,0.42814038225582646,0.6193618621144973,0.019051755645445402,0.999978244304657,0.4153414547443388,0.664658941541399,-0.09635381123849318,0.9999193549156189,0.41345660516193916,0.5666882497923712,0.028798976380910182,0.9244234561920166,0.39782813957759294,0.7148224626268656,-0.17118302285671227,0.9802135825157166,0.39243161593164694,0.5276643804141451,-0.00923439293567623,0.9820982217788696,0.4081066429615019,0.6826888867786949,-0.25754592759268613,0.9632347822189331,0.3878152438572473,0.5177199636186869,-0.02045408750751188,0.9775430560112,0.41073929837771805,0.6739693948200767,-0.28561483280999306,0.9521380066871643,0.3854836625712257,0.5189117738178796,-0.028857558220624913,0.9779766798019409,0.4138260943549018,0.6640372429575235,-0.27937169841357623,0.9482116103172302,0.3869386332375661,0.5242815085819788,-0.015113016883177411,0.9726511240005493,0.41318957720484034,0.6690541420664103,-0.25735257140227713,0.9071800708770752,0.4577828764915464,0.7433872188840589,0.04491281849997382,0.999980628490448,0.44950738378933475,0.7516184244837076,-0.044974804243871125,0.9999701976776123,0.4782034371580395,0.8094059279986786,0.050705771573952244,0.963249146938324,0.44821280666760016,0.8343357171331129,-0.08604365885257717,0.9972344636917114,0.4434764129774909,0.8628314205578391,0.11742069785084037,0.9859210252761841,0.4047376879623956,0.8788079466138563,-0.032570897095969734,0.9962199926376343,0.43625826495034337,0.8688774245125903,0.12212375636611661,0.973566472530365,0.392803268773215,0.8833480613572253,-0.026904465550822862,0.9662590026855469,0.4523255876132418,0.8882276177406307,0.08582717563424788,0.9857820868492126,0.4151869305542535,0.9054407732827319,-0.06572770071881155,0.9922220706939697
14,0.42099658591406663,0.6073778101376122,-0.07992907379354745,0.9996317028999329,0.41560210159846694,0.6053193279675073,-0.07032524283443176,0.9994785785675049,0.4154966465064456,0.6044016667774743,-0.0704803456153188,0.999474823474884,0.4154395214148928,0.6038471783910475,-0.0704843061310904,0.9995934367179871,0.4147661115442001,0.6091576729501994,-0.08355420380830761,0.999768078327179,0.41414386630058264,0.6110606568200245,-0.08372228039162495,0.9998276233673096,0.41353118504796693,0.6130757399967735,-0.08383286957229882,0.9998332262039185,0.41435406718935264,0.6092919622148784,-0.022840216143855015,0.999796986579895,0.4118766171591621,0.6192614095551624,-0.08414521047047202,0.9996840357780457,0.4239724806376864,0.6100138681275501,-0.06059648841619489,0.9997267723083496,0.422730608497347,0.6156853778021674,-0.0789780503937176,0.9997639656066895,0.4302069204194203,0.6197688102722165,0.018802856268095112,0.9999765157699585,0.4173647344112394,0.6636212331908087,-0.09898690666471205,0.999902606010437,0.4176870703697203,0.5656970517975941,0.029345172111477157,0.9077286720275879,0.39925113575799104,0.7140553150858194,-0.1868714243173598,0.9768326878547668,0.39738143852778823,0.5239839213235035,-0.009870982356369492,0.9769458174705505,0.40850549851145046,0.6748812300818303,-0.2746900073119571,0.9570783376693726,0.39170411995479026,0.5148263394832608,-0.019812848658433975,0.9731414318084717,0.4105232698576789,0.6639929567064554,-0.3038667500019072,0.944508969783783,0.3893250346183775,0.5153200660433086,-0.029229680768081107,0.9737253785133362,0.4125910111836023,0.6563139081001279,-0.2971272332327705,0.9398646354675293,0.3914497724601199,0.5203685198511394,-0.016007174345265534,0.967089056968689,0.4123283505439756,0.6616849711963105,-0.2745537621634346,0.8933171033859253,0.46012391788618884,0.7431818740708483,0.045131748914718606,0.9999767541885376,0.45244586978639856,0.752298739978245,-0.04520022187914165,0.9999634027481079,0.47901330419949095,0.809457056862967,0.06687117032706735,0.9547262191772461,0.45179527146475634,0.8338675856590267,-0.08206921241113113,0.9962704181671143,0.4433706223964689,0.861932573999677,0.13640715650149748,0.9764831066131592,0.4078452467918394,0.8759035076413831,-0.015458942590547455,0.9928874373435974,0.43624520812715784,0.867857820647103,0.1417763656803539,0.9636977910995483,0.3960743861539021,0.877895287105015,-0.008263188068355829,0.9573403596878052,0.4525469235011507,0.8874776159014016,0.11257685763495304,0.9753251075744629,0.4154979169368742,0.9031113556453156,-0.04017481644238742,0.9861718416213989
15,0.42206928900309953,0.6023160730089457,-0.07564685174397057,0.9996392130851746,0.41697927287646686,0.6032004901341027,-0.06525281678353034,0.9995021820068359,0.4168897237096512,0.6025196433067319,-0.06540654769965577,0.9994969964027405,0.41684025611196224,0.6024346266474039,-0.06541630604437416,0.9996153116226196,0.4162380235535756,0.605610827037266,-0.07843548868383676,0.9997757077217102,0.4157513507774896,0.6072766712733675,-0.07860117618526728,0.9998307824134827,0.4153049486024037,0.6090841446604045,-0.07870634347200389,0.9998369812965393,0.4156673618725366,0.6095818281173704,-0.017619650445080223,0.9998096823692322,0.41404468246868664,0.617279722009386,-0.07853137009910172,0.9996896982192993,0.4251519637448445,0.60643686737333,-0.056693699636629624,0.9997438192367554,0.4239536804812293,0.6097419193812776,-0.07494813501834865,0.9997744560241699,0.4332812641348156,0.6197979944092884,0.024059857747384467,0.9999778270721436,0.4191500561577931,0.6626736777169361,-0.09600712912423265,0.9998990297317505,0.42514734864234904,0.5626151135989595,0.03591162966830388,0.9095631837844849,0.4015959279877797,0.7148611068725583,-0.19350186118057788,0.9737064242362976,0.40874075293540935,0.5143276282719201,-0.007774865627288819,0.9782162308692932,0.4077954411506651,0.6704958898680548,-0.28274842841284603,0.9536435604095459,0.40321802752358554,0.5046672846589768,-0.016147621055798866,0.9745754599571228,0.4088663876056669,0.6575195091111317,-0.31271277325493935,0.9406482577323914,0.4010297536849973,0.5049732335976189,-0.025700336801154265,0.9751908779144287,0.4097462407180239,0.6522623436791553,-0.30640745162963856,0.9356915354728699,0.4030013442039488,0.5095464876719882,-0.01323385073670319,0.9689206480979919,0.41014235275132294,0.6574932438986638,-0.28316408182893466,0.8879798650741577,0.4621746276106151,0.7415242620876854,0.04359934542860301,0.9999744892120361,0.45432867152350265,0.7502433453287394,-0.0436768157141549,0.9999558925628662,0.47752193893705075,0.8092580199241635,0.06249374098011423,0.9523504376411438,0.45409590772220043,0.8302775944982252,-0.08170335292816158,0.9956528544425964,0.4432285257748193,0.8615954637527462,0.14132927751966878,0.9721843004226685,0.41204227379390146,0.8724315779549731,-0.001192721351981156,0.9911584854125977,0.43593415362494314,0.8678104928561615,0.14793476451720505,0.9587694406509399,0.40135823488235456,0.8723010284560063,0.006131004781595302,0.9530819654464722,0.4525633692741392,0.8874141165188376,0.12255903296172614,0.9706222414970398,0.41593676124300255,0.9009133764675681,-0.024502427875995617,0.983234167098999
16,0.42136020319802403,0.6015227692467824,-0.07636256984301973,0.999664306640625,0.41664336834635035,0.6027583326612198,-0.06473015397787091,0.9995394945144653,0.41662371584347296,0.6016954200608386,-0.06488015992300848,0.999534010887146,0.41665926490511196,0.6012769699096676,-0.06488227397203443,0.9996450543403625,0.4159548240048543,0.605088686943054,-0.07556804801736557,0.9997912049293518,0.415524968079158,0.6065816300255908,-0.07573205339057101,0.999841570854187,0.4151278121130805,0.608283574240548,-0.07583362045032635,0.9998470544815063,0.41596205915723505,0.6075010282652716,-0.01495535905872072,0.9998239874839783,0.4140027352741784,0.617184838226863,-0.06733310882534296,0.9997062683105469,0.42496396473475845,0.6052844132695877,-0.057560900066580066,0.9997642636299133,0.4238300485270362,0.6078532934188839,-0.0722278123455388,0.9997897148132324,0.4356751067297797,0.6132760081972392,0.027186921172376175,0.9999790787696838,0.4201590291091372,0.6612301026071818,-0.08277467195210708,0.9998958110809326,0.4347640761307306,0.557313697678702,0.04717094962085994,0.9148324131965637,0.40467802115849066,0.712351640633174,-0.18419090168816693,0.9722813963890076,0.42635509712355457,0.5012169735772267,0.015336242304848764,0.980117678642273,0.40454346196992036,0.662396693229675,-0.2766412207058496,0.9556757211685181,0.4223960280418394,0.49032916596957593,0.010716592706739895,0.9767040014266968,0.4038855782576968,0.6484163778168811,-0.3053640071834835,0.9429666996002197,0.41999920351164666,0.48966383593423,-0.0013073320367506577,0.9773019552230835,0.40395327976771744,0.6449066315378458,-0.30005244740418013,0.9383617639541626,0.4210022875240869,0.4944592305592126,0.009232587493689992,0.9715462923049927,0.4049701341560907,0.6493598188672745,-0.27764960016523077,0.8926360607147217,0.4642706590039387,0.7362356458391459,0.040133341401815396,0.9999701976776123,0.4563864963395253,0.7432322178568156,-0.04022811959896767,0.9999449849128723,0.4766461568219319,0.805640179770333,0.03555445703012601,0.9537597298622131,0.455940566744123,0.8202350803783958,-0.08817487806081767,0.9950830340385437,0.4430387582097733,0.8615074685641694,0.10126296968332354,0.9710534811019897,0.41963480625833766,0.8694502881595063,-0.03446453789781245,0.9902973175048828,0.4350718753678456,0.8687882661819455,0.10623002243893481,0.9570058584213257,0.4096406825951166,0.8703345060348506,-0.030762693818126394,0.950495183467865,0.45242288708686806,0.887429388931819,0.07467832224709645,0.9695158004760742,0.4167895163808548,0.9008847372872484,-0.06951548063329285,0.9822219610214233
17,0.42119378873280094,0.595817765167781,-0.04876152990119796,0.9996777772903442,0.41655336618423444,0.5955370664596554,-0.03742369722042763,0.9995579123497009,0.4165333739348818,0.5948320695332115,-0.03756671228579111,0.9995502233505249,0.4165644390242438,0.5944698197501044,-0.03754922407014028,0.9996597766876221,0.41585602590015935,0.5977669000625607,-0.047448832861014756,0.9997991323471069,0.41538762620517167,0.5991356730461117,-0.047610621367182034,0.9998470544815063,0.414910373517445,0.6007112503051755,-0.047710934494222895,0.9998520612716675,0.4160966421876633,0.599328221593584,0.00919600014042641,0.999828040599823,0.41378719125475183,0.6085102847644258,-0.03961239297475132,0.9997076988220215,0.4247827070099965,0.5991509761129105,-0.03141903121556553,0.9997742772102356,0.42360552208764196,0.6015788640294754,-0.0448033816048077,0.9997922778129578,0.437239862339837,0.6012498123305181,0.04987655878067014,0.9999792575836182,0.4219196787902285,0.6500657149723594,-0.058990461272852734,0.9998952150344849,0.4484802271638596,0.5539622783660887,0.0758107381207602,0.9102432727813721,0.4092953937394277,0.6984113352639332,-0.15286846224750783,0.9720370769500732,0.4500801452568597,0.5031835368701387,0.054649982178982856,0.9810553193092346,0.40163893529346995,0.6479931558881484,-0.25458485995020175,0.9594276547431946,0.44947881698608383,0.49127901196479773,0.05410752267177613,0.9775113463401794,0.39826892273766634,0.6361977304731093,-0.2822118980543953,0.9476378560066223,0.4471770158835818,0.4890937507152555,0.04042486202503952,0.9782600402832031,0.3978627613612582,0.6330795713833397,-0.2776511285986218,0.9434360861778259,0.4467012865202765,0.49467944247382,0.048308431915938824,0.9728564620018005,0.3999672199998581,0.6361803736005507,-0.25619184119360777,0.9012011289596558,0.46597528627940565,0.7190584438187732,0.037284395950181126,0.9999556541442871,0.45897520099367395,0.7244601011276242,-0.03738472940666333,0.9999231100082397,0.4742874750069207,0.7927826268332341,0.018039941335363036,0.9353461861610413,0.45739850742476307,0.8017374634742733,-0.09062090686389374,0.9915909767150879,0.4422766566276548,0.8594118578093388,0.05364205666950768,0.9608924388885498,0.42944498573030726,0.8647859913962224,-0.06538848121251375,0.9884886145591736,0.43374490227018064,0.867692911624908,0.054987990377204726,0.9485948085784912,0.4198683432170321,0.8693254981722146,-0.0645442270540765,0.9468035101890564,0.45163118328366936,0.8879350015095299,0.01579581078674111,0.9621883034706116,0.4270679499421799,0.8992406879152566,-0.10933413910014284,0.9803038239479065
18,0.42088886669703873,0.5803154604775562,0.014101914742163244,0.9996883869171143,0.4161765396594999,0.5797096048082622,0.027144460060766755,0.99956214427948,0.4161348683493476,0.5794579778398783,0.0270186387002468,0.999553918838501,0.41614172969545615,0.579273656436375,0.027060973431382848,0.9996634721755981,0.41560524702072127,0.5816557254110062,0.015939117329461225,0.9997996091842651,0.4152093189103261,0.5830081343650815,0.015782776155642095,0.9998494386672974,0.41480267558779016,0.5845574719565252,0.015703619697264255,0.9998541474342346,0.415998670033046,0.5838560461997984,0.07325428136225254,0.9998237490653992,0.4141103131430488,0.5922718456813265,0.020634623962853628,0.9997014999389648,0.4246303175176891,0.5842360922268457,0.03055056333541869,0.9997753500938416,0.4236348935535974,0.58629070179803,0.015446091443300239,0.9997818470001221,0.4385095672948018,0.5899777020726882,0.1053222804729427,0.9999783635139465,0.4245523946625844,0.6290027499198911,-0.0131807536818087,0.9999001026153564,0.46201501744134066,0.5757832850728714,0.11659287608095571,0.8785404562950134,0.4122411004134585,0.6698762382779799,-0.10746322870254513,0.9705466032028198,0.47932467630931286,0.5347400954791475,0.07843199526625017,0.9797557592391968,0.39439979791641216,0.6302190031324111,-0.2235246290053639,0.9631525278091431,0.48109905890056043,0.5222205664430344,0.07804035552378208,0.9760920405387878,0.3875566567693436,0.6248126200267243,-0.2520343367542538,0.95245361328125,0.47930372527667436,0.5176135267530166,0.06245137671274795,0.9774102568626404,0.3868116872651235,0.6215198108128136,-0.24778118431568136,0.9486608505249023,0.47777964643069654,0.523411508968898,0.07067869299623579,0.9721857309341431,0.39028082319668345,0.622406869275229,-0.22585147661822175,0.9101853966712952,0.4660629928112028,0.6921777827399114,0.03855204624789099,0.9999414086341858,0.46001468726566835,0.6961353744779311,-0.038628483457224694,0.9999095797538757,0.4688423837934219,0.772823710100991,0.012404501863056788,0.8879113793373108,0.45802735430853686,0.7785843729972836,-0.10581116463456831,0.9833577871322632,0.4441753872803277,0.853714399678366,0.021220786709870598,0.9223678708076477,0.4398126551083154,0.8594857556479314,-0.11694414527820685,0.9795033931732178,0.4355115021978104,0.8644097208976742,0.019647822209766925,0.9225398898124695,0.43069200771195526,0.8681744524410788,-0.11880893308137139,0.9323081374168396,0.45451627543994333,0.884794403825487,-0.025105308634894227,0.9366777539253235,0.44280140570231824,0.8951129181044438,-0.17216682221208293,0.9699239730834961
19,0.42125820432390465,0.5612483961241583,0.05576311030558175,0.999716579914093,0.41648127010890396,0.5613593203680853,0.06844033705336705,0.9995997548103333,0.41636187945093406,0.5617233804294038,0.06833741090127397,0.9995928406715393,0.4163074876580917,0.5620638881410869,0.06838086673191612,0.9996913075447083,0.4160786909716468,0.5627606783594401,0.0551583623247487,0.99981689453125,0.4157155862876345,0.5642137135778152,0.05499637882624352,0.9998630881309509,0.4153644212654657,0.5657792670386176,0.054915013430373985,0.9998669624328613,0.4161830110209327,0.5686058912958415,0.11033222731202835,0.9998384714126587,0.41493507879120944,0.5740918636322019,0.05016552871093152,0.9997282028198242,0.4247643172740935,0.5662690741675238,0.07105338051915167,0.9997944235801697,0.4239576169422693,0.5678177935736517,0.05277091568069797,0.9997990131378174,0.43860035368374395,0.5829173718179973,0.1404892165746007,0.999978244304657,0.4286474040576388,0.6032205837113513,0.005940938155565944,0.9999086856842041,0.45640518920762174,0.5981465680258611,0.16429762818983615,0.8429009914398193,0.4304997972079684,0.6458448869841436,-0.06931470057794022,0.9731366038322449,0.45852518081665017,0.5747753126280646,0.14877859886203487,0.9793832898139954,0.4218991185937607,0.6351767318589343,-0.15126102013247344,0.9668104648590088,0.45924068008150354,0.5689978233405519,0.15296301096677775,0.975999116897583,0.41874020865985306,0.6342537420136585,-0.1741338582975523,0.9571717381477356,0.4586446021284374,0.5656138701098303,0.14066657189811974,0.9777133464813232,0.41927009480340116,0.6299659235136846,-0.16884684200797753,0.9537581205368042,0.45826388342039903,0.568131373609815,0.1433036565780639,0.9728185534477234,0.4213221081665582,0.6295669947351725,-0.15176341193062912,0.9190877079963684,0.46457416500364007,0.6688189165932789,0.04217285343578882,0.9999393224716187,0.4591324244226726,0.6712097491536818,-0.04224214426108767,0.9999139904975891,0.46160135609762987,0.7565145032746448,0.0012932682443144029,0.8862206935882568,0.45720397404261975,0.7580475858279634,-0.11210619232484267,0.9848634004592896,0.4457450585705891,0.8474997826984947,-0.011833211992468153,0.9241300821304321,0.4515095923628124,0.8509140576635084,-0.13366959371737064,0.9813289642333984,0.43652857286589464,0.8586689472198482,-0.01469601078757218,0.9264867901802063,0.44466859102249123,0.863511661120823,-0.13694990554026187,0.9378617405891418,0.45501701406070144,0.8840012328965319,-0.05778787388865435,0.9401426315307617,0.4674547076225279,0.8794634733881265,-0.18994285464286792,0.9725911617279053
20,0.4242924511432646,0.5390621406691412,0.0351236606282847,0.9996029138565063,0.41968230605125406,0.5412944214684621,0.046948446014097735,0.9995145201683044,0.4194818019866941,0.5421765259334017,0.0468579472175666,0.9994826912879944,0.41931715607643105,0.5430449434689111,0.04689664351088657,0.9996281862258911,0.4195523747376031,0.542345471041543,0.03131973700863973,0.9997799396514893,0.41928161042077183,0.5440690364156449,0.03117091049041065,0.9998347759246826,0.41899994100843135,0.5458970853260583,0.031096900041614244,0.9998456239700317,0.41924412165369285,0.5518739938735959,0.08782365364687779,0.9997861385345459,0.41881821155548077,0.5556832432746884,0.016872990424079543,0.9996662139892578,0.4277122753007069,0.5445422513144355,0.05050234730754577,0.9996711015701294,0.4272747099399565,0.5458054201943531,0.029163967392274292,0.9996461272239685,0.43845381907054337,0.5748935103416439,0.12514877872807634,0.9999687075614929,0.4331897650446208,0.578522741794586,-0.02141075915257845,0.9999116659164429,0.4495011551039557,0.6117873157773697,0.16004045775958461,0.7664723992347717,0.439866199663707,0.6007272311619347,-0.09274698730025968,0.9738105535507202,0.44604643412998723,0.6110766036169866,0.15404865464993878,0.9102699756622314,0.44418381452560407,0.6145251657281601,-0.13491834806544434,0.9626452326774597,0.4488010772636956,0.6131987793104987,0.1598579585552215,0.914046049118042,0.44595892259052805,0.6142141486917221,-0.1541710346937179,0.9483982920646667,0.4494349982057297,0.6114706669534953,0.14678781096424368,0.9169922471046448,0.44797727039882096,0.6113023264067511,-0.14676232763699115,0.9439054131507874,0.4485151307923451,0.6108489343098229,0.14852573275566094,0.9067572951316833,0.4480126670428683,0.6115487260477881,-0.1333825724465506,0.9013016819953918,0.46328250595501463,0.6588994162423267,0.04807658557380946,0.9999391436576843,0.4584692333425792,0.659474946771349,-0.04813202374747819,0.9999176263809204,0.45822158030101207,0.7475387368883402,0.014344798210575903,0.8096317052841187,0.4577322985444748,0.7469973700387134,-0.1095193920390946,0.9792463183403015,0.45556187629699685,0.8370227302823744,-0.00427926369011402,0.871959388256073,0.4551885638918193,0.8428063903536112,-0.1307452397687094,0.9791222810745239,0.4497688702174593,0.849850283350263,-0.009678708416010647,0.889289915561676,0.44920789429119634,0.8551563041550768,-0.13358499194894513,0.933131754398346,0.46870974302291846,0.8694706644330703,-0.048501093259879495,0.903619647026062,0.47411374449729893,0.870231791904994,-0.1854528661285127,0.9693117141723633
21,0.429234103645597,0.5243109464645384,0.05365425305707111,0.9996381998062134,0.4246586978435515,0.5280338372503006,0.06332515616502077,0.999556839466095,0.4244577331202369,0.5291045052664618,0.06324484593101906,0.9995266795158386,0.4242606537682667,0.5301910519599912,0.06328221559524533,0.9996617436408997,0.4245828509330748,0.5287093400955197,0.04764183557459284,0.9997961521148682,0.4243266846452438,0.5302532775061469,0.04752372641648562,0.999845027923584,0.4240313904626027,0.5317948290279931,0.04749003196401253,0.9998553395271301,0.42457638723509633,0.5400192499160764,0.09351922443934844,0.9998035430908203,0.4242529673235755,0.5413052507809228,0.0222777670648481,0.9996791481971741,0.4324754399912696,0.5288465482848028,0.06554015715207369,0.9996966123580933,0.43227874721799553,0.529514043671744,0.0440610055944749,0.9996632933616638,0.43925080384526916,0.5703840664454867,0.12566749602556224,0.9999704360961914,0.43788316164697894,0.5570405670574731,-0.014514973972524912,0.9999076128005981,0.4531615103994095,0.6124715379306245,0.1534480648381369,0.7082358002662659,0.44442668982914496,0.5444933167525697,-0.04225848636456896,0.9693681597709656,0.4578580686024255,0.6290250897407529,0.1434710890054702,0.8731266260147095,0.45103780712400143,0.5562845587730405,-0.009438334192548463,0.9222062826156616,0.4641067453793115,0.6347710881914408,0.15045468338898244,0.8774558305740356,0.45271611043385074,0.5526647499629427,-0.01777416127068654,0.8969171047210693,0.4654544847352162,0.6338574443544658,0.13677873845611294,0.8835098147392273,0.45373039075306465,0.552819263083594,-0.009628391478742858,0.8885427117347717,0.46363638724599543,0.6322164808000834,0.13776634122644146,0.8713549971580505,0.4534481831959314,0.5546794193131581,-0.006025576591491694,0.8405769467353821,0.4628029099532534,0.6575185094560893,0.04995090237685611,0.9999446272850037,0.4585744857788084,0.6555720414434157,-0.04999321209532871,0.9999249577522278,0.4603943271296363,0.7436089396476742,0.026058347499929357,0.7496351003646851,0.4616274765559603,0.7430302057947428,-0.10374007139887124,0.9803041219711304,0.4722808156694682,0.8258681706019806,0.00691963668380464,0.857058584690094,0.44886445913996,0.8335796969277514,-0.11238924616149489,0.9799491167068481,0.47058305655206933,0.8402721847806655,0.0008751884102821302,0.87797611951828,0.4417580051081519,0.8427902426038466,-0.11352385814700802,0.9321309924125671,0.49236910428319636,0.8461239797728398,-0.03155553857130662,0.8958715200424194,0.4633951229708533,0.8692833815302164,-0.15564265634332378,0.9704200029373169
22,0.4333518666880469,0.5247785568237302,0.11965526608484126,0.9996733665466309,0.4292130632059913,0.5277587124279566,0.12677315335188588,0.9996001720428467,0.42892291631017393,0.52886586018971,0.1266932563057967,0.9995731115341187,0.4286424866744448,0.5299831662859233,0.12673671373299183,0.9996950626373291,0.4298014487539017,0.527457066944667,0.11466272324323648,0.9998153448104858,0.429855681317193,0.528241511753627,0.11456123601113041,0.9998593330383301,0.4298636487552096,0.5289491142545425,0.11456691303423468,0.9998683929443359,0.42925491418157286,0.5387849416051589,0.1394632833344595,0.9998229742050171,0.43094831364495395,0.5357435856546672,0.08354868055986503,0.9997091293334961,0.4362360954284666,0.5290103963443209,0.12498802585261201,0.9997257590293884,0.4365953394344873,0.5284344570977344,0.10807300955057139,0.9996932744979858,0.44033743909427076,0.5712613735880168,0.1518778075064931,0.9999727606773376,0.4429501584597994,0.5452856506620132,0.0342682222170489,0.9999135136604309,0.4636851097856247,0.6237233792032512,0.1469202062913349,0.706377387046814,0.44342843208994165,0.4991689997059956,0.03011875205806322,0.9719399809837341,0.49368421605655105,0.6359267660549706,0.10910686041627604,0.8833397030830383,0.4393933117389677,0.4793029572282516,0.09134927711316512,0.9293933510780334,0.5033001984868729,0.6361508079937523,0.11325097382068626,0.8865838050842285,0.43702124612671966,0.4715488323143548,0.08775884402649738,0.9061840176582336,0.5045641515936168,0.633344347136361,0.09933568750108984,0.8921673893928528,0.4354421189853121,0.4736461392470766,0.09713160140173771,0.8983632922172546,0.5011310296399251,0.6336014747619626,0.10243291982582631,0.8802152276039124,0.43627840791429773,0.47655633943421477,0.09512526456798821,0.8543689846992493,0.46021045531545346,0.6595714364733012,0.044676216585295525,0.9999497532844543,0.45937426771436396,0.653692017282758,-0.04474226097975456,0.9999319314956665,0.4636961971010478,0.7413334880556376,0.037639644262214576,0.773144543170929,0.46819165178707645,0.7413965872355865,-0.08160213136247223,0.982268214225769,0.48553409150668525,0.8181415438652034,0.031472890079021446,0.8710407018661499,0.4588325807026452,0.8250147359711779,-0.09216415733098979,0.9819332957267761,0.48454738003866993,0.8332843576158793,0.027999811646129392,0.8898890018463135,0.45208582026617844,0.8335787381444655,-0.09366084699119837,0.9387996792793274,0.5023245496409278,0.8339308909007478,-0.00677838160523346,0.9060521721839905,0.4705220273562838,0.8588168757302416,-0.1337635078600474,0.9733288288116455
23,0.4347868570259637,0.53793979201998,0.18505952475326393,0.9997013211250305,0.4311202262129101,0.5385214209556577,0.1875287687139851,0.9996374249458313,0.4306192500250678,0.5395932044301712,0.18743856198021336,0.9996131062507629,0.4301818072795866,0.5406750627926415,0.18746870777436658,0.9997236728668213,0.4325434991291589,0.5368184992245263,0.17943014108708918,0.9998307824134827,0.4329153929437908,0.5365391935620987,0.179301495956523,0.999870777130127,0.4332609696047645,0.5361228738512309,0.17929000423422875,0.9998791217803955,0.4306096545287539,0.5474432536533897,0.17748318357127046,0.9998398423194885,0.4350870847702024,0.5389520542962207,0.1392567362237189,0.9997344017028809,0.4367324454443793,0.5424321975026809,0.18260248697229786,0.9997473955154419,0.43772697193281973,0.5401375991957525,0.17088474977229315,0.999712347984314,0.440241194622857,0.5742592845644268,0.17494069401706958,0.9999709129333496,0.4478058568068911,0.5426878196852545,0.07140129927013598,0.9999188780784607,0.4608356918607437,0.6276964000293184,0.18955574120794014,0.6573861241340637,0.45689847809927786,0.4903941537652694,0.0795798512441771,0.9743204712867737,0.48669251033237976,0.6287113240786958,0.20323959801878239,0.8519055247306824,0.45716270719255697,0.4442871928215025,0.15178374946117396,0.9356353878974915,0.49320729630334015,0.6246724741799488,0.21561874768563669,0.8605815172195435,0.45820386835506965,0.4333844440323964,0.15196291208267207,0.9143112897872925,0.49403370703969657,0.6209617546626497,0.20640389450958788,0.864646315574646,0.45568706563540845,0.43425899573734805,0.16444806690726954,0.9069042205810547,0.49173690421240646,0.6230178730828418,0.20023794025182715,0.8481941223144531,0.454924610682896,0.4378395157200947,0.15707926239286144,0.866216242313385,0.4564586562769751,0.6636195489338463,0.03801853656768797,0.9999541640281677,0.46090055618967307,0.6541731664112633,-0.03813204754676136,0.999938428401947,0.4651046786989482,0.7416454672813412,0.04474276985440933,0.7954636812210083,0.4747230546815052,0.7396817173276625,-0.05250096480761253,0.9839961528778076,0.48009437918663,0.8186675531523565,0.030833560654095225,0.883637547492981,0.48345338021005885,0.8185720443725581,-0.06994998614702902,0.9836689233779907,0.4755878014223914,0.832126288754599,0.02888763711920805,0.9008074402809143,0.48000384909766036,0.8312943458557125,-0.07219475656747815,0.944831907749176,0.4880550955023082,0.8400633846010477,-0.0014328520745038975,0.9149020314216614,0.5004257670470644,0.835370780740465,-0.10879746462617597,0.9755542278289795
24,0.4342255422047204,0.5448674951280864,0.1989105007478168,0.9997214674949646,0.43102308682032975,0.5446584888866968,0.19966393240860522,0.999667763710022,0.430337687049593,0.5459407857486178,0.19956896347658964,0.9996445775032043,0.4297316380909509,0.5471858348165237,0.19959524359021857,0.999747097492218,0.4331150625433238,0.541964530944824,0.19215748182364864,0.99984210729599,0.43379832421030295,0.5412835206304275,0.19200032438550668,0.9998785257339478,0.43448248846190296,0.5403918726103645,0.1919624149799346,0.9998871088027954,0.43005061745643597,0.5533007826123917,0.1834144094160624,0.9998528957366943,0.4367776436465125,0.5410450748034883,0.14766143730708525,0.9997498393058777,0.4356547866548809,0.5496607303619382,0.19468584486416396,0.9997494220733643,0.4371969725404465,0.5472161582538058,0.1837132854121071,0.9997000098228455,0.43939123664583457,0.5770458970751079,0.18254126650946473,0.9999660849571228,0.4502892860344476,0.5435664193970814,0.07255659848451611,0.9999243021011353,0.45690980383328006,0.6276567901883804,0.22422150118010375,0.6011785268783569,0.46013315745762395,0.4985343260424475,0.060022194151367426,0.9754927754402161,0.4788953832217623,0.6261908701487947,0.291212465081896,0.7699375748634338,0.4708878695964811,0.4529868713447024,0.1096669822931289,0.9351885318756104,0.48315532207488987,0.619860049656459,0.3105537235736845,0.7793216109275818,0.4759969055652616,0.44250659346580484,0.10699657606227052,0.9141608476638794,0.4836222018514359,0.6159307462828496,0.2940269231796263,0.7829688191413879,0.4750960409641264,0.4422571599483488,0.12187124746186387,0.9060178399085999,0.4815495576177322,0.6189180936132156,0.28817692867347156,0.7675530910491943,0.4732027488095418,0.4462652606623511,0.11557007538420808,0.8635397553443909,0.45393712690898325,0.6665993707520618,0.037236510430063506,0.9999578595161438,0.46308055605207143,0.6562305143901277,-0.037362600650106145,0.9999441504478455,0.46470538462911315,0.7415542909077233,0.05766239416386397,0.8116502165794373,0.47907372287341504,0.7375970823424199,-0.039123206372771925,0.9854395985603333,0.46960529940468904,0.8201005169323508,0.03442252650856971,0.8924831748008728,0.5015167415142057,0.8173341751098628,-0.07290751636028286,0.9848455190658569,0.4652361529214039,0.8330685411180765,0.031107631511986242,0.9102041721343994,0.4999563642910546,0.8328972135271341,-0.07558319291898179,0.9500057697296143,0.47535750610487776,0.8421655774116512,0.007364122389948791,0.9185670614242554,0.5215608579771858,0.8234348007610862,-0.11279924852507449,0.9754014611244202
25,0.43446617807660765,0.5484620179448807,0.20174287131854457,0.9997462034225464,0.4312618655817847,0.54769263948713,0.2022281208208628,0.9996984004974365,0.4304917105606622,0.5489819254193985,0.2021461635828017,0.9996769428253174,0.42980512636048435,0.5501908574785502,0.20218811460903705,0.999769926071167,0.43351540991238163,0.5441441944667269,0.19416796565055838,0.9998562932014465,0.4342464140483309,0.54269060747964,0.19401068772588448,0.9998894333839417,0.4350015614713939,0.5413706813539775,0.19397178377423957,0.9998973608016968,0.4302491681916371,0.555793922288077,0.18542537348611005,0.9998655319213867,0.4372637672083716,0.5442355683871676,0.14757579437323973,0.9997726082801819,0.4355279139110018,0.5529871804373603,0.19745851329394742,0.9997591972351074,0.43744563800947983,0.5505248512540541,0.18586499648434765,0.9997143745422363,0.4386489868164061,0.5855296662875582,0.18408185073307573,0.9999579787254333,0.45170468262263685,0.548064383438655,0.0689820562090192,0.9999313354492188,0.4512816395078385,0.6353512763977047,0.2507346796137945,0.5463078618049622,0.46731284516198274,0.5137851570333751,0.06803491669041767,0.977515459060669,0.4695142226559773,0.6409745591027393,0.301001568351473,0.6950444579124451,0.48146077139036975,0.49390726089477516,0.13597895162446152,0.940378725528717,0.4730749632631027,0.6398941959653579,0.3235607028007506,0.7049262523651123,0.48710254601069836,0.490946236678532,0.13704299990619925,0.9205402135848999,0.4737251009259903,0.6354998980249675,0.34270800990717737,0.7084092497825623,0.4867600159985676,0.4924995814050944,0.1494495319468634,0.9129078984260559,0.4723739019462039,0.636300843102591,0.3041351612125123,0.6942244172096252,0.4847273247582569,0.49442361508096944,0.14181246331759856,0.8725356459617615,0.45418003627232123,0.6679216555186677,0.03916761342968258,0.9999604225158691,0.46509041190147377,0.6573625275066918,-0.03928478591676268,0.9999492764472961,0.4650004744529722,0.7417210749217438,0.0654929671436548,0.8187817335128784,0.48140380382537823,0.7359200051852631,-0.056734865690980615,0.9867581129074097,0.4666575832026343,0.8203222955976209,0.03584250094635145,0.8964657783508301,0.4985965209347859,0.8195944207055224,-0.10718660961304387,0.9858689904212952,0.4651291736534662,0.834387167862483,0.03177967800625732,0.9178318381309509,0.4955260208674837,0.83431087902614,-0.11099049853427065,0.9545099139213562,0.4775513614927017,0.8321605052266798,0.013726821914315223,0.9167161583900452,0.5170422775404792,0.8304490940911424,-0.1459256674562181,0.9749016761779785
26,0.43553262097494927,0.5564917155674522,0.20328462081296095,0.9990454912185669,0.43241310460226856,0.5550611461911881,0.2026054165193012,0.9990546703338623,0.4315173336437768,0.5562469840049741,0.2025407463312148,0.9988123178482056,0.43069300651550274,0.5573827658380779,0.20258697654519753,0.9991387724876404,0.4349603286811281,0.5506072112492151,0.19688200312001355,0.9994877576828003,0.4357669600418634,0.5483183503150937,0.1967337931905473,0.9995770454406738,0.4366094682897838,0.5463585325649803,0.1966993455375943,0.9997045397758484,0.431221545594079,0.5618995496204918,0.1809227411236081,0.9989874958992004,0.43886108057839507,0.5491897906575882,0.15396948329039975,0.9993234872817993,0.4361576369830538,0.560726189613342,0.19682835255350378,0.9967891573905945,0.4384955406188963,0.5573287248611447,0.18844585759299132,0.9969372153282166,0.4378052319799149,0.5994832260268073,0.17568839618137896,0.9998799562454224,0.45652713349887286,0.5523186734744479,0.07778350285121369,0.9999346137046814,0.4435875517981391,0.6520148038864133,0.22896166784422728,0.4922473132610321,0.47927470462662813,0.5409106263092583,0.08338372228401045,0.9682685136795044,0.46042469654764423,0.6598429747990197,0.23770458783422188,0.6257400512695312,0.4878934647355759,0.5602221846580503,0.15352833058152873,0.9007154107093811,0.4641891734940663,0.6637407694544109,0.25655367289270664,0.6348336935043335,0.48984646797180154,0.5660877040454317,0.15772036420447477,0.8680469393730164,0.465946567058563,0.659124091693333,0.29163075685501083,0.6379733681678772,0.4888152897357938,0.5685163540499548,0.16471235198634004,0.8570798635482788,0.46497305972235525,0.6570651360920494,0.24347636699676503,0.6251915693283081,0.4878340635980876,0.5667610185486927,0.15761797747441691,0.8099804520606995,0.45452891077314084,0.6688424638339447,0.03073620418352739,0.9999633431434631,0.46824520911489187,0.6592668822833467,-0.03089936444136712,0.999954104423523,0.46549016152109396,0.7424363919666832,0.048452784493565534,0.7965905666351318,0.483924991743905,0.7356011118207656,-0.05523107057171206,0.9871588945388794,0.47086446710995244,0.817993833337511,0.0036190700318132103,0.88725745677948,0.4965666455881934,0.8194173114640368,-0.12564776859113141,0.9853678941726685,0.47180095314979537,0.8298233270645137,-0.00116325175123555,0.9207391738891602,0.4917750256402149,0.8324901648930136,-0.13340734073093952,0.9565410614013672,0.4795227893761224,0.8296393530709398,-0.019129514740779986,0.881289541721344,0.5147262777600967,0.8357999614306855,-0.1635763330118996,0.9606226682662964
27,0.4370775384562354,0.5692860875810893,0.20142941900662004,0.9991344213485718,0.4342021431241715,0.5674205166952948,0.19906895756721488,0.9991438984870911,0.4331800247941696,0.5686826688902715,0.19901093925748545,0.9989235997200012,0.4322517488683971,0.5699411221912927,0.19904055978570656,0.9992179274559021,0.4369881084987093,0.5625973190580094,0.19714916689055295,0.9995366334915161,0.43783524206706437,0.5601826667785642,0.19700635160718638,0.9996174573898315,0.4386921635695864,0.558042296341487,0.1969766850982393,0.9997327327728271,0.4328805182661327,0.5731807947158811,0.1733870510544095,0.9990789890289307,0.44114615065710866,0.5591803176062444,0.16136774931635167,0.999386727809906,0.43724972179957783,0.5741486447198048,0.1914693649326051,0.9970754384994507,0.4400330049651008,0.5692683373178752,0.18897656840937468,0.9972185492515564,0.4372704735824038,0.6160285387720378,0.15921345991747712,0.9998866319656372,0.4625811014856609,0.5647846800940375,0.09636528981583455,0.9999409317970276,0.4379585998398915,0.6703756928443905,0.20552087681634076,0.483489453792572,0.49150443332535854,0.5739841307912552,0.10389736209596902,0.9701464772224426,0.45440492374556385,0.6761947393417356,0.21256472638675133,0.5816782116889954,0.4904573653425487,0.618265640735626,0.1631712568657738,0.9072327613830566,0.45894750782421634,0.6802547386714387,0.22959060370922077,0.5932703614234924,0.48978882346834435,0.6297521182468957,0.16994306700570233,0.8743473291397095,0.4617179674761634,0.6745913147926328,0.25496255372251775,0.597203254699707,0.487363198825291,0.6307629576751161,0.1725826599768229,0.864033579826355,0.4605060475213185,0.6721995472908017,0.2173418458018983,0.5842667818069458,0.4870042673179079,0.6265529045036857,0.16535306317465637,0.8181644678115845,0.45537118485995676,0.6727434890610828,0.0163303239803229,0.9999663233757019,0.47157042452267217,0.6627115828650335,-0.01654318938297884,0.9999585151672363,0.4661676492009842,0.7463607175009588,0.021475940942764272,0.8159746527671814,0.48680980546133834,0.736999484470912,-0.041223216056823705,0.9883092641830444,0.47376183356557555,0.8159388082368029,-0.04168001008885246,0.897472620010376,0.4945734253951479,0.8158020615577694,-0.12367069678647172,0.9866172671318054,0.47581043498856657,0.8253216709409437,-0.0480806340064321,0.928424060344696,0.4894558012485502,0.8263089605740135,-0.12696220896073745,0.9606828093528748,0.47913600376674087,0.8331193923950192,-0.06482071974979976,0.8899444937705994,0.5114357982363017,0.8396284852709085,-0.15139088502952025,0.9630236625671387
28,0.43833625231470363,0.5843004005295886,0.1848213838679449,0.9992067217826843,0.4357980472700934,0.582535590444292,0.1839620168719972,0.9992184042930603,0.434725966623851,0.5838107824325559,0.1838883812938417,0.9990172982215881,0.43376510228429505,0.5850431936127796,0.18392297668116425,0.999282717704773,0.438624117204121,0.5785485080310273,0.18227280718939637,0.9995779395103455,0.4395377584866113,0.577053550311497,0.18213098219462795,0.9996517300605774,0.4404898933001925,0.5755148274557929,0.1821012786456516,0.9997563362121582,0.43440225294658097,0.587848171166011,0.15292144417762749,0.9991570711135864,0.44321136985506304,0.5749224049704412,0.15356729711805064,0.999439001083374,0.43827001793043935,0.589679179872785,0.1807196608611515,0.9972903728485107,0.4412770867347715,0.585212809698922,0.17476419849055147,0.9974401593208313,0.4371757754257745,0.6320634824889044,0.1293221182056835,0.9998906254768372,0.4679924692426407,0.5871360574449809,0.10561997358288078,0.9999459385871887,0.43797701426914737,0.6821230581828523,0.16338379681110374,0.46355053782463074,0.49340156487056164,0.618438056537083,0.1148780729089464,0.9564957022666931,0.45222585882459343,0.6829607469694952,0.21949567581926063,0.5274825692176819,0.48571298888751413,0.658682024478912,0.15994128031390045,0.8634878993034363,0.45661996006965616,0.6824736901691979,0.23686908015183028,0.5387609601020813,0.4830575585365293,0.6678366235324311,0.1685560796942029,0.8244091868400574,0.4590133445603505,0.6773326584271019,0.22857190583433412,0.5424332618713379,0.4805710801056451,0.6660594224929807,0.16999652683734884,0.8139708638191223,0.45740572810173014,0.6756419403212408,0.22012757914406902,0.5306127071380615,0.4809489054339271,0.6622136950492856,0.16128950076443802,0.7677181363105774,0.45649017436163747,0.6852292060852048,0.0026742377717580094,0.9999682903289795,0.4748226659638539,0.673681693417685,-0.0028861834734146066,0.9999620914459229,0.4666942528315951,0.7526934521538867,-0.010577459580131936,0.8336283564567566,0.4882777869701383,0.7373933741024559,-0.030669274021472237,0.98882657289505,0.4748829228537421,0.8160658921514234,-0.08752225158470013,0.906650185585022,0.49371815323829626,0.806757875851222,-0.12347427244697293,0.9873713254928589,0.4776483970029011,0.8247560926846091,-0.09518954312162736,0.9352273941040039,0.4892767046179088,0.8150918194225852,-0.12439643527780254,0.9641076922416687,0.47819719484874157,0.8379198448998584,-0.11168119866800091,0.8973317742347717,0.5067688482148305,0.842940511022295,-0.14498426658766603,0.9632992744445801
29,0.4408451506069726,0.5991633721760339,0.17765835608754832,0.9992701411247253,0.4385814309120176,0.5968535355159212,0.17676464957850313,0.9992850422859192,0.4374671152659823,0.5980600271906169,0.1766928674919264,0.9991008639335632,0.43643543039049404,0.59917060307094,0.17671958463532575,0.9993419647216797,0.4414628199168612,0.593602655615125,0.17579009660652697,0.9996141195297241,0.4424014449119566,0.5926485521452765,0.17567312972886215,0.9996811747550964,0.44338183147566634,0.5917134727750503,0.17566252904278884,0.9997766017913818,0.4367406828062873,0.6022194096020287,0.13994295341627933,0.9992265701293945,0.4461264848709104,0.593323366982596,0.14928111306258604,0.9994786381721497,0.44035277111189686,0.6051729304449897,0.17540691388504837,0.9974857568740845,0.44351689304624264,0.6015236156327382,0.16837835524763373,0.9976279139518738,0.43702400837625754,0.6473098737852911,0.10097940244844977,0.9998986721038818,0.4706449832235062,0.6154172999518256,0.11226012430020736,0.99994957447052,0.43928651213645914,0.6942262223788667,0.1323526292507137,0.44862350821495056,0.49289521745273024,0.6578130756105693,0.1233204128486769,0.8888028264045715,0.4509748024599891,0.6968041658401486,0.20419771256191382,0.47635430097579956,0.4821460400308879,0.6815775479589186,0.16814854251486908,0.7790569067001343,0.4547240819249832,0.6964901481355936,0.22107321172952643,0.48662614822387695,0.47910714915820507,0.6868024655750816,0.17826293451445435,0.7434462904930115,0.4566174737044741,0.6911072441509789,0.22092668350253775,0.48985031247138977,0.47718795197350616,0.6844426512718198,0.18044209309986653,0.733970046043396,0.4555468405996048,0.6921284811837329,0.20701723567077085,0.4789825975894928,0.47760834693908666,0.6818858385086056,0.16961755518402366,0.692290186882019,0.4573629915714262,0.7027069176946363,-0.005985118368906632,0.9999703764915466,0.4771458157471246,0.6892291460718425,0.005804354990167276,0.9999651908874512,0.46653637034552414,0.7574738877160205,-0.027937219691063667,0.8456252813339233,0.4881572595664431,0.7419040543692449,-0.014096242828028537,0.9816719889640808,0.47522839648382986,0.8178808246340067,-0.10890680125781463,0.9111966490745544,0.4936828425952364,0.7979690602847505,-0.11106557633195599,0.9836307764053345,0.47813451290130593,0.8287384646279468,-0.11722415291837279,0.9407762885093689,0.49074352809361027,0.8041406290871752,-0.11471195391246246,0.9654850363731384,0.47771879690034025,0.8383573344775604,-0.13769088227834014,0.8909006714820862,0.5024637903485977,0.841441782883235,-0.13705951465027666,0.9465141892433167
30,0.44416161945887955,0.6130419186183381,0.15849992760590137,0.9993425011634827,0.4420743644237516,0.61011061327798,0.1552174291440418,0.9993560314178467,0.4409750853266033,0.6110104475702556,0.15514900088310235,0.999190092086792,0.4398730908121379,0.6118310502597262,0.15515486512865334,0.999407172203064,0.4449015830244335,0.6076043759073527,0.15667134395667479,0.9996524453163147,0.445887586048671,0.6067948392459321,0.15659461106572825,0.9997128248214722,0.44689089315278174,0.6060287271227153,0.15660027606146668,0.9997987747192383,0.4395822218486239,0.6153314454214911,0.11434882645096092,0.9993031024932861,0.4495172296251567,0.6083930253982541,0.13137526341847006,0.9995299577713013,0.44350038937159925,0.6187541110174993,0.15246090761252803,0.9977320432662964,0.4466418947492325,0.6162388460976733,0.14974502644368573,0.9978606700897217,0.4375306189060209,0.6580612897872922,0.06886405561651499,0.9999085068702698,0.4726879962853021,0.6359522870608736,0.10516257605382369,0.9999542236328125,0.440371787548065,0.7026124204908095,0.07321992713425837,0.46581098437309265,0.49130388924053714,0.685969451495579,0.10478302474532804,0.8174740076065063,0.4485725300652638,0.7131146056311468,0.1257430378879819,0.4361068308353424,0.480154912812369,0.7051235590662271,0.12828958715711317,0.7044607996940613,0.45047423498971095,0.7156169397490362,0.13590393172843107,0.44466596841812134,0.4781139595167975,0.7077695795467919,0.13514756602900363,0.6718583703041077,0.4514344675200324,0.7114372968673703,0.138419773536069,0.4470144212245941,0.47549797296524027,0.7063875283513747,0.13612641096115105,0.6633350849151611,0.45157081144196626,0.7126595309802461,0.12892549655267166,0.43604767322540283,0.4759433993271417,0.7052077974591933,0.1285869819777352,0.6260517239570618,0.4576260779585155,0.7168979542595997,-0.01053658540227583,0.9999728202819824,0.4789079836436678,0.7056949343000136,0.010387607457648426,0.9999682903289795,0.46550949982234385,0.7585013747215267,-0.01481425597199371,0.8601424098014832,0.4869887573378424,0.7468925714492795,0.008306002670100752,0.9785442352294922,0.47588983603886176,0.818914926052093,-0.09070980548858637,0.9179425239562988,0.49390115908214,0.7895965542112073,-0.08182095488799465,0.9812265634536743,0.47855346543448285,0.8308060646057125,-0.09899203287703645,0.9465531706809998,0.49405053939138116,0.8025200452123366,-0.09222445110125196,0.9683988690376282,0.47672399112156433,0.837638882228306,-0.12123414512191495,0.8994500041007996,0.49990789209093345,0.8256981662341523,-0.11676705933974252,0.9475381374359131
31,0.44765734161649406,0.6243782520294187,0.14017257988452902,0.9991828799247742,0.44565673896244573,0.6211188265255516,0.13414917801107673,0.9992604851722717,0.444644431556974,0.6217777235167363,0.13409416994878218,0.999095618724823,0.44359986186027506,0.622410908767155,0.13406621515750877,0.9993396997451782,0.4484416416713167,0.6191877995218547,0.1387653755290167,0.9995539784431458,0.4495351680687494,0.6184383852141241,0.13872732009206493,0.9996075630187988,0.4506065854004449,0.617732066767556,0.13874269468443728,0.9997152090072632,0.4427743775503974,0.6263634153774804,0.09634066947868887,0.9992812871932983,0.45304286905697394,0.6201132842472619,0.11587372209344586,0.9992266297340393,0.4469959080219267,0.6298010025705607,0.12647298723459238,0.9975428581237793,0.45014776928084216,0.6280385954039435,0.13218630424567623,0.9974279999732971,0.43878866348947776,0.6658455150468006,0.04836884928601126,0.9999170303344727,0.4738339228289466,0.6511750698089597,0.0956179899828774,0.9999486804008484,0.44086620296750734,0.7083713071686877,0.03733254857361315,0.49725764989852905,0.4903313985892702,0.7020204203469409,0.0873665583985192,0.7402918934822083,0.44397951960563636,0.7320048843111308,0.06333075218967026,0.45369017124176025,0.4817726535456519,0.7283683351108003,0.09574228141989022,0.6376849412918091,0.4446137453828537,0.7379880343164713,0.06667215472885538,0.45347049832344055,0.48224794609206034,0.7322659185954499,0.09941974665437421,0.6082801818847656,0.4445492531572067,0.7350136893136158,0.06970391209636412,0.4531889855861664,0.47905580486570065,0.7321788328034534,0.09885174078600742,0.6002653241157532,0.445286965370178,0.7348967654364447,0.06609168042029649,0.43001025915145874,0.47901150669370357,0.73070410149438,0.0950286535280091,0.5661493539810181,0.4586400534425461,0.7238470179694036,-0.012604975327849384,0.999974250793457,0.47971076028687587,0.717053047248295,0.012480612285435195,0.9999693632125854,0.464583794559751,0.7592246600559776,-0.010172804737729682,0.8555927276611328,0.4858301792825969,0.761194711072104,0.02468348720243998,0.9331514835357666,0.4760926604270933,0.8195886390549791,-0.06440776256578307,0.9185347557067871,0.4931541195937563,0.780818174566541,-0.03519702622933045,0.9538828134536743,0.4785705242838176,0.8321180258478433,-0.07042101185236654,0.9505583643913269,0.4951914940561565,0.7936615552221022,-0.04206646888383795,0.9653551578521729,0.47539496166365464,0.8376768589019772,-0.08859334364533421,0.8870066404342651,0.4981678519930156,0.8059043151991704,-0.05964432815755049,0.9020923972129822
32,0.45162884082112975,0.6321604149682178,0.12769494993346073,0.9992332458496094,0.44956453698022003,0.6288712705884658,0.12222149457250316,0.9993171095848083,0.4485784888267515,0.6294278366225103,0.12216052753584719,0.9991650581359863,0.44760856713567443,0.6299517631530758,0.12213393449783319,0.9993933439254761,0.45241611514772667,0.6272996204239978,0.12602603180067873,0.9995824694633484,0.4535961798259188,0.6267306855746675,0.12599931359291072,0.999627411365509,0.4547451870782033,0.6262330055236813,0.12600918710231773,0.9997305274009705,0.446533348730632,0.6342666779245646,0.08635610661336349,0.9993438124656677,0.4570630524839671,0.6288471375192912,0.10131806603499816,0.9992521405220032,0.4510495466845374,0.6376709444182256,0.11507337902273444,0.9977456331253052,0.4541841549532752,0.6364406040736604,0.11975004013095576,0.9976125955581665,0.44073605707713515,0.6707522204944063,0.03688068624053681,0.9999251961708069,0.4760420858860014,0.6620234676769798,0.0846413427165576,0.9999490976333618,0.4409284480980462,0.7117563758577615,0.01853512765041418,0.5428871512413025,0.48959564055715266,0.7124635509082247,0.07147364946348322,0.679418683052063,0.4386618665286471,0.7497240049498417,0.029130456277302312,0.5002449154853821,0.48437077147620045,0.7465997236115589,0.07209069217954359,0.5767124891281128,0.43806696363857794,0.7588060021400449,0.02786230093666483,0.49552440643310547,0.4871532797813414,0.7539896845817562,0.07303691293512068,0.5496917963027954,0.4377692392894198,0.7583423188754488,0.03166796948228561,0.49404025077819824,0.4840410181454248,0.7550785371235436,0.0714203623788697,0.5422950983047485,0.4385814079216546,0.7546240380832123,0.031815141439437845,0.46324020624160767,0.48323749048369247,0.7522655418940949,0.07074461983782901,0.511583149433136,0.4598662010260988,0.7299264107431681,-0.012135344264762735,0.9999764561653137,0.4798511326313017,0.7263275453022544,0.012020334441746978,0.9999713897705078,0.464376766341073,0.7600235939025876,-0.015071350069982654,0.864120602607727,0.4858351494584763,0.7826079913548056,0.023559430135147903,0.8814715147018433,0.47603998354503063,0.8201922655105587,-0.03828169735414639,0.9142467975616455,0.49165830952780565,0.7788062265941071,0.005006211011537486,0.8782218098640442,0.4783537243093761,0.8328637923513136,-0.04030987215893607,0.9520319104194641,0.4932646683284212,0.7799417921474998,0.00336963986711843,0.9405079483985901,0.4746682354382104,0.8381743652479985,-0.05294259690812653,0.8664443492889404,0.49658927747181464,0.7950027687208989,-0.006230904447979153,0.825005829334259
33,0.4548721739224023,0.6373126830373489,0.13726539696965892,0.9993076920509338,0.4527682721614835,0.6338763185909813,0.13378202830042152,0.9993845820426941,0.45176091449601286,0.6343713249479018,0.13372386246919626,0.9992473721504211,0.4507861656802039,0.634819994653974,0.1337007616247449,0.9994534850120544,0.45572353260857695,0.6324990527970447,0.1354868271521159,0.9996234178543091,0.45687970859663807,0.6321274042129513,0.13538961282798218,0.9996634125709534,0.4580141595431735,0.6318332280431471,0.13537019320896687,0.9997566938400269,0.4498202017375399,0.6392461129597251,0.1015881974782262,0.9994090795516968,0.46013838137899105,0.6349506974220273,0.10966086047036303,0.9993237853050232,0.4541856442178997,0.6430140580449782,0.1267273611256054,0.9979693293571472,0.4573264368942803,0.6420084970338,0.129260224529675,0.9978479743003845,0.4421449261052266,0.6751305035182404,0.049498064815998055,0.9999326467514038,0.4784379797322407,0.6700356687818252,0.09012904486485886,0.9999532103538513,0.44006004588944553,0.7171622480664931,0.034251777774521264,0.5871548056602478,0.48974602052143623,0.7196731465203418,0.07130450212529724,0.6233224868774414,0.4355658939906527,0.7605796830994739,0.048726046191794506,0.5483339428901672,0.4853629044124056,0.756657893317086,0.06917444297245567,0.5211668610572815,0.43476773841040456,0.772490811347961,0.0477047091083867,0.5420289039611816,0.48797714795385067,0.7662285038403098,0.06893861804689677,0.49661925435066223,0.4353967249393461,0.7738421508244102,0.0512906355517251,0.5400694012641907,0.4857286104134149,0.7681913239615301,0.06819468779223303,0.4897688627243042,0.4359081481184276,0.7699416739600041,0.05133037790656087,0.508379340171814,0.4845414723668777,0.7640372225216453,0.06798013576439445,0.46215954422950745,0.4605394218649181,0.7353740249361307,-0.012069940726671896,0.99997878074646,0.47957304290362746,0.7326453941208972,0.01194538053657327,0.9999741911888123,0.4645426230771199,0.7626298069953914,-0.02859956225646392,0.876726508140564,0.48681617719786485,0.8021066393171035,0.02421337238379886,0.8810396790504456,0.4758264550140924,0.8205410276140482,-0.04292952929224285,0.9174101948738098,0.49220853703362577,0.7822136419160022,0.006898675380008561,0.8471764326095581,0.47768847090857347,0.833241498470306,-0.04380223963941844,0.9552416205406189,0.49223297749246847,0.7712050029209678,0.0055247621344668525,0.9376675486564636,0.4749219000339506,0.838380282265799,-0.05548668195094378,0.8670490980148315,0.4974805235862729,0.7960123317582263,-0.0047651546009417015,0.7916724681854248
34,0.457081079483032,0.6401391029357907,0.14509694278240198,0.9993744492530823,0.45499400922230293,0.6365179623876296,0.14192508054631092,0.9994449615478516,0.45396476473127073,0.6368555358477999,0.14186619562762118,0.9993206858634949,0.4529383855206624,0.6371355158942082,0.14184809816735125,0.9995070695877075,0.4579646996089388,0.6353328636714387,0.1426541986210005,0.9996602535247803,0.4590804151126314,0.6349548459053036,0.1425313417400632,0.9996960163116455,0.4601959500993999,0.6346187302044457,0.142502740238394,0.9997804164886475,0.4520005728517258,0.6410804271697995,0.1096797760043825,0.999467134475708,0.4621827346937995,0.6374844721385408,0.1151290862687996,0.9993886351585388,0.45634883471897647,0.6455448508262631,0.13477772005966726,0.9981678128242493,0.4593797555991579,0.6446938071932109,0.1362887627312115,0.998056948184967,0.44296000599861124,0.6763075811522344,0.05672990541372978,0.9999393820762634,0.4800551746572765,0.6735561473028997,0.0925482559416975,0.9999574422836304,0.4386847972869871,0.718932063238961,0.0424244794129793,0.6213765740394592,0.490391853877476,0.722626994337354,0.06619610052023611,0.5691657662391663,0.4343090040343146,0.7635425720896036,0.05945338399282521,0.565051794052124,0.4847533864634376,0.751924187796456,0.060456208246094816,0.4701629877090454,0.43361362814903237,0.7786634564399716,0.05948829810534202,0.5444543957710266,0.4860838413238523,0.7598581075668331,0.05943648261683325,0.4478936195373535,0.43495885474341234,0.7807487368583675,0.062411659743104635,0.5394781231880188,0.4830695135252814,0.7612877675465171,0.05950787918908253,0.4415718615055084,0.4354244794164383,0.775345534937722,0.0617862885551793,0.4992515742778778,0.48231986590794135,0.7580719062260215,0.05943593915019713,0.41674140095710754,0.4604492545127867,0.7383496131215774,-0.009747167862951751,0.9999808669090271,0.4791144115584235,0.7363127589225765,0.009622523614338461,0.9999767541885376,0.4643406799861361,0.7644303543227056,-0.017984537121706765,0.8863570094108582,0.4868062342916214,0.8005957944052556,0.02437789796718528,0.8784851431846619,0.4756263647760661,0.821172726154327,-0.0438054310423987,0.9176681041717529,0.4940413338797431,0.794249788352421,-0.01342848526047808,0.829139769077301,0.4770685800484247,0.8334733111517766,-0.046577564147966224,0.9585483074188232,0.4932987502643038,0.790017998218536,-0.017384797387889447,0.9396145343780518,0.4749945189271652,0.838236514159611,-0.06425122874123707,0.8659125566482544,0.4979848512581414,0.8012658204351149,-0.0351823208520987,0.7733134627342224
35,0.45761541383607024,0.6396365029471258,0.12524974239724018,0.9994202852249146,0.45566111547606314,0.6358784760747634,0.12060592408691129,0.9994888305664062,0.4547020537512641,0.6360429321016582,0.12054275817104743,0.9993740916252136,0.45372768299920196,0.6361780745642522,0.12052416290555676,0.9995466470718384,0.45858691675322377,0.6348964980670382,0.12229550140244613,0.9996850490570068,0.4597665403570445,0.6344219224793568,0.12220323107072278,0.9997164011001587,0.46098418831825233,0.6339482103075297,0.12218223320586336,0.9997954964637756,0.4525963272367203,0.6397690159933904,0.08628969607608655,0.9995128512382507,0.4630347073078154,0.6363142541476655,0.09671078015651018,0.999426007270813,0.4568256386688775,0.6445997118949887,0.11411564754588259,0.9983177781105042,0.4599106541701723,0.6437805499349318,0.11651746673243382,0.9982019662857056,0.4432201955999645,0.6752050944737022,0.03759501501917838,0.999945342540741,0.48072924017906166,0.6729826211929318,0.07612775250204969,0.9999600648880005,0.4378293284348077,0.7168318220547264,0.029544974091861916,0.6477590799331665,0.4920523396560122,0.7222749676023208,0.05626881090658049,0.5154419541358948,0.433887332677841,0.7603790044784543,0.05503586126225333,0.5773557424545288,0.484550870316369,0.7439720562526154,0.055787004530429805,0.424552857875824,0.4336688348225183,0.7769760881151468,0.05686400865337676,0.5406420230865479,0.48503948705536953,0.7481736132076806,0.056461343169212315,0.404346227645874,0.43473088656152975,0.7789432951382225,0.05934607306761398,0.5320019721984863,0.48154690861701943,0.7490210754530767,0.05595658038343699,0.3984149694442749,0.43510989376476816,0.7726311802864071,0.057452578949076766,0.48177704215049744,0.4810502954891748,0.746920754228319,0.05484205697263987,0.3759341537952423,0.4601358779839105,0.7374435629163467,-0.010090380481311247,0.9999825954437256,0.47855385031018915,0.7360410809516903,0.009984236077538552,0.99997878074646,0.4640681692532128,0.7669078809874394,-0.015267029484467842,0.8912561535835266,0.48324002708707514,0.7889844468661713,0.01992145510656492,0.839375913143158,0.47570978147642934,0.8220206158501757,-0.053773478631462354,0.9132518768310547,0.49410661118371124,0.804512650626046,-0.031052978815776955,0.783515214920044,0.4770826322691779,0.8336223738534106,-0.05837770029902456,0.9612342715263367,0.4933613887854983,0.8063636762755253,-0.036622952723077355,0.9338538646697998,0.4748634227684564,0.8381091288157868,-0.07689386180468966,0.8585933446884155,0.4963287753718238,0.8111281684466767,-0.05600518101959354,0.7314128279685974
36,0.45761074934686913,0.635140536512647,0.08886027889592302,0.9992368817329407,0.4556975960731504,0.6315162096704752,0.08126578309706275,0.9993865489959717,0.4547229979719432,0.6316797699247085,0.08119445443153377,0.9992854595184326,0.45373479723930343,0.6318156072071617,0.08117368370294567,0.9994897246360779,0.4587066369397298,0.6306742208344592,0.08465995511838365,0.9995648264884949,0.45994155917848834,0.6302469798496788,0.08463424252612245,0.9995905160903931,0.4611951879092623,0.6298036422048293,0.08462616865124016,0.999684751033783,0.45235268984522115,0.6357329538890291,0.04303845231022151,0.9995108842849731,0.46320295674460255,0.6324727586337495,0.057797841408422986,0.9991852045059204,0.45673372575214904,0.6401661923953462,0.07625525636332373,0.998319685459137,0.45993124502045746,0.6394521645137239,0.08014463888747347,0.9981124997138977,0.44325061951364764,0.6722115891320362,0.0013523831963539092,0.9999505281448364,0.4809222238404408,0.6694964408874509,0.04744673860924582,0.9999526739120483,0.4377026711191448,0.7123715707233971,-0.0005579068258936941,0.6792784333229065,0.4940305897167748,0.7195956553731643,0.046285545080900166,0.46994468569755554,0.4335445702075956,0.7584076353481835,0.030304459854960424,0.6123390197753906,0.48406891311917966,0.7400861212185448,0.059945323637553595,0.3871726095676422,0.43287057621138414,0.7741889493806018,0.03182168645518165,0.5712761878967285,0.4844326445034569,0.7427045123917713,0.0626477458647319,0.3687765300273895,0.43380358815193154,0.7761832748140604,0.03392321914434431,0.5617947578430176,0.4806109905242918,0.7424148372241426,0.0603580255593572,0.3627588748931885,0.43471721410751324,0.7701623439788815,0.03275656455329484,0.5050486922264099,0.48020496538707164,0.7410070691789896,0.05873542279005047,0.34185799956321716,0.45909703799656437,0.7380022270338873,-0.010834147541650699,0.9999837875366211,0.47791547264371576,0.7360348973955423,0.010756815065230636,0.9999796748161316,0.463962982382093,0.7696018661771498,0.011555500854072823,0.8933685421943665,0.4783896659101756,0.7801499213491163,0.028209551210914327,0.811127781867981,0.47578068545886426,0.8227527175630838,-0.0022629247180053144,0.9167469143867493,0.49106257302420453,0.8137034637587407,0.001462520446096148,0.780250608921051,0.4773443894726887,0.8335367560386655,-0.004236766749194687,0.9635017514228821,0.4914788944380622,0.8172234569277078,-0.0030618633542742035,0.9322041273117065,0.47447870288576377,0.838182244982038,-0.016692984104156483,0.8563103079795837,0.4908908971718377,0.8251685483115057,-0.01071524534906659,0.714228093624115
37,0.4572173322950088,0.6299198695591515,0.07614441194704596,0.9964816570281982,0.45538056748253936,0.626829659938812,0.06821816627468377,0.9961145520210266,0.45436645661081565,0.627234349931989,0.06814244485327171,0.9968783855438232,0.45332118528229826,0.6276436090469357,0.06812684834003445,0.9977458715438843,0.4584545161042892,0.6256536858422412,0.07117218779666079,0.9961475133895874,0.459695107596261,0.6252203992434908,0.07113584876060482,0.9968045353889465,0.4609014834676468,0.6247810738427295,0.07111391531569614,0.9971315860748291,0.45179080707686264,0.6322351983615327,0.0291643973972116,0.9989293217658997,0.4626713948590413,0.6277793305260791,0.04326092143143924,0.9957574605941772,0.45622807656015646,0.6352329305240083,0.06406745931931901,0.997047483921051,0.4594263962336947,0.6342580761228287,0.06739442220755983,0.9959935545921326,0.4430634941373551,0.66930490221296,-0.009386597041572842,0.9999548196792603,0.4805597322327748,0.6648887668337138,0.034246423255119986,0.9999314546585083,0.43779630746160214,0.7086859532764976,-0.0073371786890285345,0.7100333571434021,0.49494756119591826,0.7144642046519685,0.049051623791456195,0.432669997215271,0.43303023150988973,0.7569196190152846,0.02577082706349235,0.6451327800750732,0.48383507728576636,0.7368500011307849,0.07595151875700265,0.3516172766685486,0.43135640365736805,0.771445548534393,0.02762042680489164,0.6007992625236511,0.4837960771151949,0.7407809189387726,0.08036576892648421,0.33463287353515625,0.43174245953559853,0.7734208703041073,0.029214854165911658,0.5906891822814941,0.48022051112992403,0.739900868279593,0.07719834915229248,0.32879531383514404,0.4330122470855711,0.768491787569863,0.028095469943114675,0.5279384851455688,0.47998755318777875,0.7379208104951037,0.07474116406270433,0.3098015785217285,0.45785756111145,0.7397368907928463,-0.010543370246887203,0.9999845027923584,0.47716470275606404,0.736491341250283,0.010487307421863075,0.9999796748161316,0.46423033901623295,0.7744596362113949,0.036421983662460515,0.8858493566513062,0.4752214227403911,0.7792635491916108,0.031460444762238415,0.7947874069213867,0.4762428547654831,0.8246112823486323,0.048397511030946444,0.920633852481842,0.4881611236504143,0.8207605021340502,0.039575594131435646,0.7909794449806213,0.47779963697705924,0.8350044710295537,0.04915474546807151,0.9641394019126892,0.49066078492573306,0.8262995072773521,0.046279526608330845,0.9327191114425659,0.47422903180122356,0.8389243142945422,0.043482646239655344,0.8522384166717529,0.4879704424313134,0.8422650218009945,0.018867923638650343,0.7118164300918579
38,0.4567421759877884,0.6264318943023679,0.10335743810449323,0.9967901110649109,0.4549002741064342,0.6231777736118859,0.0953845796840531,0.9964697957038879,0.4538258501461572,0.6236532092094418,0.09531372913292471,0.9971618056297302,0.4527103977543965,0.6241381508963446,0.09530009520905353,0.997949481010437,0.4579447678157259,0.6220246928078785,0.09855629908187044,0.9965012073516846,0.4591323929173603,0.621650843960898,0.09851097570998324,0.9970957636833191,0.46026256680488564,0.6212666119847976,0.09850072285958694,0.9973925948143005,0.45123833417892434,0.6286045449120655,0.05465396514960695,0.9990296959877014,0.4619023799896238,0.6243250318935936,0.0666334683341639,0.9961533546447754,0.45568808998380367,0.6316937071936468,0.0899459594062396,0.9973160624504089,0.4587550835950032,0.6308931214468816,0.09349677754299976,0.9963546395301819,0.4424675566809516,0.6657467041696818,0.012972617042916156,0.9999592304229736,0.47960757953780014,0.6602249349866591,0.05257267292056762,0.9999362826347351,0.4373697962079728,0.706874334812164,0.012899521758247691,0.7382997274398804,0.4946913174220492,0.709161463805607,0.07007768388305388,0.41479605436325073,0.431884033339364,0.7547622510365074,0.04776179402002264,0.6779136061668396,0.48421097993850687,0.7322831000600539,0.10691170053822649,0.32856160402297974,0.4290361378874096,0.7685248630387439,0.050917901843786216,0.6339353322982788,0.4837527522018975,0.7377682362283975,0.11260554024151388,0.31130051612854004,0.42915365099906905,0.7698385272707253,0.052725257192339184,0.6236832141876221,0.48046366827828524,0.7360241992133001,0.11027777578149518,0.30432942509651184,0.43065119215420294,0.7653549313545223,0.05026749042528014,0.5608386397361755,0.4803529688290185,0.7338729483740668,0.1061283232910292,0.2859368920326233,0.45657319426536536,0.7409317033631457,-0.009138081675129273,0.999985933303833,0.47604015810149036,0.736697265080043,0.009084799885749811,0.9999814629554749,0.4634633336748394,0.7761261088507512,0.051358921686187366,0.8957698941230774,0.47514835000038125,0.7825850299426484,0.01914740705064364,0.8135660886764526,0.47485536422048275,0.8242031438010076,0.06677793349538529,0.9273650050163269,0.48907605409622174,0.8346973402159551,0.020943318041307578,0.81041419506073,0.47675616315432934,0.832172436373574,0.0679502200335264,0.9671757817268372,0.4926165052822656,0.8446717466626845,0.029785840958356846,0.9385980367660522,0.474254148347037,0.8398391723632809,0.06482800532664569,0.8627381324768066,0.48686594026429286,0.8590607711247031,-0.009734729996749325,0.7366753816604614
39,0.4559054366179873,0.6229562367711745,0.12689555968557079,0.9970813393592834,0.45403172714369616,0.6189214723450794,0.11872636867421009,0.996805727481842,0.4529476932116915,0.6193629997117176,0.11865901595779822,0.9974290132522583,0.45184971264430435,0.6197631495339526,0.11864291408232275,0.9981425404548645,0.4570252205644333,0.6180421318326674,0.12229846290179655,0.996834933757782,0.4581751065594807,0.6178127033369878,0.12224383545773364,0.9973697662353516,0.45930415391921975,0.617564717360905,0.12224758586713241,0.9976395964622498,0.4505293548107145,0.6235501834324425,0.07664690358298162,0.9991233944892883,0.461066229854311,0.6205058642796105,0.08827282722507201,0.9965237975120544,0.4549216287476674,0.6280974881989612,0.11220345454556596,0.9975690841674805,0.4579162163393836,0.6277103611401146,0.1161697747451918,0.9966945648193359,0.44095047286578565,0.6605368733406064,0.031231672689318646,0.9999632835388184,0.4786622873374392,0.6573955672127857,0.0711965945682355,0.9999417662620544,0.436307427712849,0.7043320127895897,0.029652442410588252,0.7613897323608398,0.49394279377801054,0.7050244127001077,0.09107555406434192,0.37991389632225037,0.43022043875285537,0.7507126161030357,0.06799636887652531,0.7017905712127686,0.4837705339704239,0.7284724235534664,0.12248376693044384,0.30274394154548645,0.4268963822296686,0.7637665050370349,0.0729815376922488,0.6538840532302856,0.48219425848552133,0.7342251147542677,0.12851310180766237,0.28753313422203064,0.4265157307897294,0.7646628822599134,0.0753157650253602,0.6415877342224121,0.4797158871378215,0.7326964650835306,0.12716557638985765,0.2798749506473541,0.42807837639536156,0.7602833867073056,0.07093076663357868,0.5733700394630432,0.47983729243278483,0.7304484248161313,0.12201097416026246,0.2621344327926636,0.45519572837012134,0.7396874870572767,-0.008834323945588295,0.9999873042106628,0.4746795041220526,0.7357195207050864,0.008757817359375098,0.9999832510948181,0.4606389548097336,0.7747313635689868,0.04699972335781368,0.9015705585479736,0.47565958074160963,0.7871019704001287,-0.0067406996020248945,0.8313595056533813,0.47000530191830203,0.8225081494876313,0.047777553222009085,0.9312478303909302,0.49152648278645084,0.849638850348336,-0.04213047048875262,0.8285194039344788,0.4730541297367639,0.8273038591657362,0.047567223331757925,0.9696969389915466,0.4953899690083093,0.8605400221688402,-0.03926930863942417,0.9443317651748657,0.4716565566403523,0.8423545292445588,0.04447931338633807,0.868500292301178,0.4879872705255234,0.870400088174002,-0.07757926742945395,0.7610713839530945
40,0.45531159554209005,0.6174487335341314,0.11644553031240186,0.9973219037055969,0.4533939038004192,0.6126200199127194,0.10691978037357325,0.9970904588699341,0.4522704439503804,0.6129360301153998,0.10685359580176212,0.9976546168327332,0.45117435540471734,0.6131469624383106,0.10683192568165911,0.9983055591583252,0.4562191273484909,0.6121498584747311,0.11045389090265542,0.9971203804016113,0.4573419766766682,0.6120806574821469,0.11040268348796023,0.9976027607917786,0.45846157584871544,0.6119726743016921,0.11040152907371516,0.9978494048118591,0.44981514385768323,0.616300080503736,0.06298507047551016,0.9992051124572754,0.4602541327476499,0.6149363177163257,0.0758043310471943,0.9968447685241699,0.4541264508451732,0.622605798925672,0.10127972534724639,0.9977920651435852,0.4572485046727315,0.6225415059498375,0.10515204476458681,0.9969936013221741,0.43857319355010965,0.6538655604634963,0.01970884927681513,0.9999669194221497,0.4779351847512379,0.6548328944614952,0.05988385954073495,0.9999464750289917,0.4342199248926978,0.6998333658490858,0.016368867989097313,0.7838096618652344,0.49342840654509385,0.7026051895959033,0.078023694136313,0.3613845705986023,0.42877017855644206,0.7444656678608482,0.051116165838071256,0.7243621945381165,0.48202878832817053,0.7266843863895958,0.10091295029435834,0.2827282249927521,0.42557291814259096,0.7563883900642392,0.0553614231092589,0.673053503036499,0.47965947304453144,0.7321452225957594,0.10538426211902069,0.2681208848953247,0.42560591101646406,0.7568767275129042,0.057265877297946355,0.6592805981636047,0.47771321620259943,0.7305351052965434,0.10343415758439468,0.2594628632068634,0.4272924031530106,0.7528317281178062,0.05382635380540572,0.5873969793319702,0.4780424645968844,0.728451185567038,0.10006787840809137,0.2421111762523651,0.4527392796107699,0.7379589472498209,-0.007839005413864336,0.9999884963035583,0.4728880533150262,0.7342907837459015,0.007764291763305661,0.999984860420227,0.45491547158786205,0.7716989602361403,0.05690728074737955,0.9095343351364136,0.4760481468268801,0.7899439862796235,-0.012622323286320477,0.8479094505310059,0.4623212635517118,0.8196252380098611,0.06388092264533039,0.9371397495269775,0.49295358828135877,0.8584888935089108,-0.07300190702080724,0.8453766107559204,0.46647869263376485,0.8224962217467168,0.06413479628307475,0.9723522067070007,0.49655791180474396,0.8701273901121953,-0.08164582358939304,0.9496594667434692,0.46597209402493045,0.8451393876756936,0.06259390243462151,0.877958357334137,0.4877976128033227,0.8723055822508672,-0.09423527824027195,0.7839346528053284
41,0.4545923820563723,0.6106504252978731,0.11340613173586975,0.9975332617759705,0.4526470959186552,0.6058259963989254,0.10411451586655204,0.9973308444023132,0.4514477457318985,0.6061718872615267,0.1040586786610739,0.9978450536727905,0.45028911488396756,0.6064265370368954,0.10403693382229119,0.9984418153762817,0.45546077319553896,0.6051775608743937,0.10577988283974779,0.9973660111427307,0.4565356322697229,0.6050596611840382,0.10572331036840162,0.997803270816803,0.45759430272238577,0.6048977136611935,0.10571634769439693,0.9980305433273315,0.44887272630419034,0.6097841790744234,0.05956825220159119,0.9992755055427551,0.45950493727411523,0.6079581413950237,0.06242584469062938,0.997124969959259,0.45297801409448873,0.6160809533936634,0.09930221502270012,0.9979898929595947,0.45625886831964746,0.6156366739954264,0.10073702739817751,0.9972608089447021,0.4358045824936456,0.6479900053569245,0.023038797665919566,0.9999701380729675,0.4763120395796638,0.6508717213358195,0.04617523167814525,0.9999507069587708,0.4313676885196139,0.6952988931110924,0.027858707095895482,0.8047739863395691,0.49230570367404375,0.700300049781799,0.06000887794154028,0.3805243670940399,0.42887921333312967,0.7347306319645469,0.06790696872132163,0.7465887665748596,0.47937653831073196,0.7244898114885598,0.09020248864378244,0.2709908187389374,0.4265192151069639,0.7452761445726663,0.0743812412023544,0.6935122013092041,0.4765949521745952,0.7309144428798127,0.09406104449714928,0.2533717155456543,0.4258364668914248,0.744159340858459,0.07421971069914951,0.6793829202651978,0.4748746309961589,0.728396756308419,0.09258246443101333,0.24325169622898102,0.42761137996401083,0.7403114676475521,0.06980326580149784,0.60715252161026,0.4754245213099886,0.726138741629464,0.08968370045934401,0.22622713446617126,0.44894824453762583,0.7364079867090495,-0.0026173690001347226,0.9999894499778748,0.4701698456491741,0.7324430278369356,0.002563594827162367,0.9999861717224121,0.44773677928107103,0.7692667450223647,0.07208456237401278,0.9159902334213257,0.4765527606010435,0.7902733956064494,-0.010383358557841603,0.862861692905426,0.4535342625209261,0.8231384175164356,0.08447502031922335,0.9418280124664307,0.4924180337360925,0.8617756656238007,-0.059633899905851884,0.8604828119277954,0.45716907211712404,0.8292389784540445,0.08512784530009539,0.9742933511734009,0.49494753054210094,0.8734967265810281,-0.06669992485216683,0.9542834162712097,0.4553020792348042,0.8473037498337878,0.08423107809254098,0.8818591237068176,0.488160295145852,0.8735825708934235,-0.08136413565703797,0.8032764792442322
42,0.45316495384488764,0.6034468225070406,0.1293621557099478,0.9977565407752991,0.4511450844151631,0.5987809811319621,0.1204395996672766,0.9975797533988953,0.4497951354299271,0.5990614601543969,0.12039508947304312,0.9980417490005493,0.44850038119724794,0.5993160963058468,0.12037862667015616,0.9985824227333069,0.4541013913495198,0.5982089877128598,0.12062404453754419,0.9976194500923157,0.4550819337368009,0.5980586869376043,0.12055157593318389,0.9980136752128601,0.4560373604297636,0.5978502069200785,0.12054714603083469,0.9982208609580994,0.44700421861239825,0.6031812242099215,0.0752043606979506,0.99934321641922,0.4580779024532861,0.6012915645326884,0.06823218337127138,0.9974064230918884,0.4510820116315567,0.6088446480887273,0.11522174818175174,0.9981752634048462,0.454483743224825,0.6084115777696879,0.11473616915089738,0.9975197315216064,0.43298411539622694,0.6421717166900631,0.0439607575535774,0.999972939491272,0.47349298851830596,0.6453372819083074,0.04661419051034108,0.9999552965164185,0.4278879157134463,0.6928164703505377,0.05894285025341167,0.7723743915557861,0.4897483851228439,0.697469546113695,0.05278248297316685,0.35874107480049133,0.4301078719752173,0.7229113987513948,0.11004940260733871,0.6759796142578125,0.47564343384333996,0.7215980921472819,0.09825416143451414,0.24790601432323456,0.42829213653291953,0.7328688263893124,0.12047085825886039,0.6276708841323853,0.47308736784117544,0.7300469977515082,0.10286197236606047,0.23126697540283203,0.4282642560345784,0.7291636041232514,0.11790625538144786,0.6145272254943848,0.4712201007774896,0.7261699948992044,0.10250152179173055,0.2214643806219101,0.4295124096529822,0.7250862155641825,0.11106593885592048,0.5491299033164978,0.47165372882570517,0.7234887157167704,0.09835534925971708,0.20564571022987366,0.44396624735423473,0.7344418713024681,0.003711366174476486,0.9999903440475464,0.46650386793272813,0.7308566859790253,-0.003751915919461419,0.9999874830245972,0.440583458968571,0.766722670623234,0.0855692689972264,0.9187149405479431,0.47706868989127,0.7900833708899357,-0.007314302426363738,0.8761922717094421,0.44445709160396013,0.829666013377053,0.09444594298090249,0.9449820518493652,0.4925041811806813,0.8621500713484623,-0.057040137425065016,0.8739311695098877,0.44702794211251373,0.8395697815077642,0.09478796539562084,0.9755671620368958,0.49417770590100946,0.8730046391487116,-0.06350874616099253,0.9582718014717102,0.44248008046831383,0.8498099258967804,0.09481072915451863,0.8793946504592896,0.488900018589837,0.8747630596160885,-0.07638597086604149,0.8193626403808594
43,0.4501971500260487,0.5969751511301311,0.146060690496649,0.9979571104049683,0.44809634174619384,0.592422202655247,0.13764205276966088,0.9978021383285522,0.44668098262378125,0.592600870132446,0.13760074909244258,0.9982156157493591,0.44529955387115455,0.592740224088941,0.1375904013003621,0.9987064599990845,0.45132818392344864,0.5919434513364517,0.1373592229826109,0.9978481531143188,0.45228033832141307,0.59181113072804,0.13727522854294089,0.9982037544250488,0.4532223480088368,0.591628779683794,0.13727257464613227,0.9983930587768555,0.4438479304313657,0.5968593546322412,0.09279931176986009,0.9994017481803894,0.4553108045033044,0.5955885716847008,0.08387842444436887,0.9976597428321838,0.4481384703091211,0.6023690291813439,0.13182928924049644,0.9983377456665039,0.4515130111149377,0.6021155050822664,0.13071484288999008,0.9977514743804932,0.42984288590294956,0.6359708070755001,0.06201598042888298,0.9999752640724182,0.46992067950112454,0.6399826577731538,0.05284981706312722,0.9999594688415527,0.4244185166699544,0.6909039701734268,0.08386513681284015,0.7203845381736755,0.48548687100410437,0.6931803345680234,0.05611656584909981,0.35087260603904724,0.43152242643492544,0.713778836386544,0.14273745907204485,0.6090487837791443,0.47083553331238864,0.7181839840752734,0.10278875870364049,0.22480535507202148,0.4299754934651509,0.7227723291942048,0.1556881685342107,0.5656623244285583,0.4677444636821745,0.7281484280313761,0.10730771103075568,0.20939487218856812,0.43186806951250334,0.7175309317452564,0.15154785109417773,0.5537630915641785,0.46558604240417456,0.7232357689312523,0.10858146825007026,0.20031355321407318,0.4321265927382876,0.7135919247354776,0.14313566471849162,0.4949222505092621,0.4661977154867987,0.7198103121348787,0.10364353741918288,0.1859789341688156,0.43824463656970414,0.7300655058452057,0.006919725778113515,0.999991238117218,0.4616147688456942,0.7286159242902479,-0.006975420258407078,0.9999886751174927,0.43343948040689717,0.7655495677675516,0.09282374190432681,0.9227887392044067,0.47628484368324253,0.7890668869018551,0.00020227758213877626,0.8880458474159241,0.43279009802000845,0.8368833303451534,0.10597069157021381,0.9489173293113708,0.4921830126217431,0.8620239547320772,-0.03522061753485882,0.8860197067260742,0.43496205125536214,0.8484999384198866,0.10687581705195559,0.9772313237190247,0.4933516076632906,0.872328116212572,-0.03874634807663303,0.9619996547698975,0.4285984448024203,0.8532107216971258,0.10765000219855984,0.8814266920089722,0.4897972992488314,0.8765546509197777,-0.05158406164763227,0.8333539366722107
44,0.44627809098788646,0.5921859809330529,0.14305348907198218,0.9980089664459229,0.44426035795892965,0.5875627006803237,0.1349851054804665,0.9978819489479065,0.4429217866488864,0.5876417108944482,0.13493687893663125,0.9982469081878662,0.44159822804587207,0.5876618794032503,0.13493001163005824,0.9987173676490784,0.447657479558672,0.5873310957636149,0.13447495230606618,0.9979984760284424,0.44880994132586866,0.5872956275939939,0.13438786438533232,0.9983295202255249,0.44993094631603764,0.5872388311794823,0.13437423280307217,0.9985189437866211,0.43998129708426315,0.5915418437549043,0.09227938524314332,0.9994102120399475,0.4519082452569687,0.5913263865879601,0.08808399289846416,0.9978548884391785,0.44442941120692636,0.5977261185646054,0.1294675856828689,0.9984002709388733,0.4480034325804027,0.5976504002298625,0.12806817612477706,0.9978969693183899,0.4262117419924053,0.6320579971585952,0.06245444597942485,0.9999762177467346,0.466521449599947,0.6362918445042198,0.046729414803641164,0.9999626874923706,0.4206916783537181,0.6893742374011445,0.08654712140560146,0.6782289743423462,0.4802460491657255,0.6901878544262474,0.048669318429061324,0.36190351843833923,0.43148882133620103,0.7076510838099884,0.1429258682898112,0.5485878586769104,0.4652182996273039,0.7152278167860845,0.0895130696041243,0.20325151085853577,0.4306942301137105,0.7168510556221005,0.1554789219583783,0.5095793604850769,0.46128013134002666,0.724601350511823,0.09269764912979939,0.18905557692050934,0.43493012615612553,0.7097019876752577,0.15034370848110737,0.49883466958999634,0.45899505615234354,0.7196736471993579,0.09369792065450118,0.18076050281524658,0.43430936932563763,0.7066928182329447,0.1427190231425421,0.44590213894844055,0.45985953892980286,0.7159052695546828,0.08985606623547412,0.16783536970615387,0.4323788353375024,0.724468340192522,0.007640558640871725,0.9999918937683105,0.45600788252694247,0.725917794023241,-0.007707171607762572,0.9999896883964539,0.4260190708296637,0.7648090260369433,0.09289863152163365,0.9238932728767395,0.47360506653785683,0.788319247109549,0.012653482093342706,0.8977679014205933,0.42090987477983727,0.8376473307609554,0.11357145862919937,0.9511954188346863,0.49019445691789876,0.861686709948948,-0.006603957340121268,0.8962941765785217,0.4228019143853866,0.8481316668646671,0.11534006020852491,0.978019654750824,0.49120524014745415,0.8733151010104584,-0.008453883470169133,0.9649091362953186,0.41819649168423223,0.8543029819216044,0.11679003004516869,0.869836688041687,0.49039831246648496,0.873184786524091,-0.018470984990043293,0.8373459577560425
45,0.4421048930713106,0.590632913793836,0.13783031957490097,0.9980437159538269,0.44026771443230744,0.58583710363933,0.129933008977345,0.997947633266449,0.4390623067106517,0.5858961241585865,0.12987872745309553,0.9982783794403076,0.4378431090286798,0.5858955400330677,0.1298734192337308,0.9987231492996216,0.4437318614550997,0.5857351865087235,0.1291805791003363,0.9981312155723572,0.44508397664342586,0.5857803140367777,0.12909909614494863,0.9984444975852966,0.4464322558471132,0.5858351026262553,0.1290813245943614,0.9986312389373779,0.43599943092891125,0.5894761971064972,0.08835862449237274,0.9994142055511475,0.44828179223196823,0.5896054267883298,0.08160992988518302,0.9980303049087524,0.4405003019741601,0.5963257449013843,0.12473087012767785,0.9984259009361267,0.4442228538649421,0.5963416082518438,0.12308349098478039,0.9980067014694214,0.4219443678855894,0.6315567442349023,0.061612098557608436,0.9999760389328003,0.46306081243923713,0.6354000585419788,0.03794385822755948,0.9999651312828064,0.4168779773371558,0.6891769851957046,0.0928329535893031,0.6286371946334839,0.4749619535037447,0.6889171736580981,0.043014028455529874,0.37253254652023315,0.429794657230377,0.7046159284455432,0.15554242517266947,0.4939393997192383,0.46003041693142466,0.7134245106152122,0.09104576877185272,0.18365652859210968,0.4305060633591241,0.7138516919953479,0.16948931898389535,0.45889773964881897,0.45593226637159057,0.7215582762445719,0.09522850087710785,0.17067767679691315,0.43473453436579007,0.7068078194345743,0.16370633287089204,0.44921743869781494,0.453575049127851,0.7170510292053219,0.09676480144262309,0.16311539709568024,0.43425623008183056,0.702946421078273,0.15512911294187812,0.401619553565979,0.4545858885560715,0.7134230153901233,0.09178564058882846,0.15146930515766144,0.426974604810987,0.7215884566307065,0.00894214883446693,0.9999924302101135,0.45050481046949087,0.7240788306508742,-0.009015196907733164,0.9999905824661255,0.4183983257838656,0.7666552424430844,0.09103225171566005,0.9242140054702759,0.46956889203616525,0.7882834059851506,0.029306640515902198,0.9058442711830139,0.40871196389198283,0.8390373161860871,0.11339993753603521,0.9537907242774963,0.48515073827334787,0.8612503477505271,0.025501503316419455,0.9054797291755676,0.4094591430255343,0.8486815929412838,0.11553701077188759,0.9790816903114319,0.48572142549923464,0.8747069784573142,0.025133985547082755,0.967636227607727,0.4069189003535677,0.8550188456262857,0.11568434621606549,0.863853394985199,0.489445969888142,0.8698325923510957,0.016472016022141486,0.8404355645179749
46,0.4382645036493027,0.5914288197244915,0.1402248391083308,0.9981412291526794,0.4365116826125552,0.5866749865668157,0.13254742154053273,0.998067319393158,0.4353322012083869,0.5867337584495542,0.13249379864760802,0.9983670115470886,0.4341485423701148,0.5867716142109459,0.13249068983963552,0.9987804293632507,0.4399614453315733,0.5867458445685247,0.13096745269639143,0.998278796672821,0.4413462400436399,0.5868460433823719,0.13088248031479965,0.9985694289207458,0.44277401311056935,0.586957206044878,0.13086125510079513,0.9987460374832153,0.4319911318165913,0.5904208370617455,0.09086655569928029,0.9994410276412964,0.4443575220448628,0.590409856183188,0.07962450768266402,0.9982032179832458,0.43668254443577337,0.5970894132341655,0.12731559340442924,0.9984906911849976,0.44039511254855546,0.5973180975232804,0.12465668725115905,0.9981369376182556,0.41734594702720623,0.633150231838226,0.0667853586375713,0.9999752044677734,0.45904796123504615,0.6362240927559986,0.036150258247341416,0.9999670386314392,0.4132073504584174,0.6906763400350295,0.10589674242905203,0.5794818997383118,0.46937545623098076,0.6904254044805251,0.04570269754954745,0.3914855122566223,0.4266824628625595,0.704549407958984,0.1783099268163953,0.44464683532714844,0.4551243739468709,0.714225591932024,0.10543767873729973,0.1658487319946289,0.42824723379952545,0.7139523948941908,0.1940512967961174,0.4131435453891754,0.4516161961214881,0.7220761690820963,0.11178401346717558,0.15398640930652618,0.4319063067436216,0.7077565448624744,0.18819836846419735,0.4044276177883148,0.44924044949667774,0.7175019792148041,0.11415319080863676,0.1471187025308609,0.43235910279410206,0.7020158376012526,0.17801528147288725,0.36161714792251587,0.4500391432217187,0.7140494346618649,0.1070393392017909,0.1366480588912964,0.42270317247935685,0.721012313025338,0.00999028094645057,0.9999925494194031,0.4458513609000613,0.7241060171808512,-0.010075924452394242,0.9999911785125732,0.41121569275855996,0.7736243809972486,0.08302141694085935,0.9194253087043762,0.4650567565645488,0.7902180518422804,0.03755875974893568,0.9060556888580322,0.39738964012690936,0.8443550416401451,0.0950091567422662,0.9537733197212219,0.4775295555591581,0.8644486887114384,0.03823028254721844,0.9107110500335693,0.3968911247594014,0.8544477156230378,0.09617160537413183,0.9787516593933105,0.4770748683384485,0.8787142753601069,0.03842116495860473,0.968617856502533,0.39342858195304853,0.8596895660672865,0.09588120334914749,0.8472853302955627,0.48344105907848883,0.873011195659637,0.03019570753510508,0.8241869211196899
47,0.4334695262568336,0.5927628653390067,0.14117108626025054,0.9982455968856812,0.43166488664490815,0.5882654002734591,0.1335797092744281,0.9981749057769775,0.4305370799132753,0.5883990645408628,0.13352573599134163,0.9984455704689026,0.4294288865157534,0.5884957824434549,0.13352180038179667,0.9988335967063904,0.4351497828960416,0.5881127885409759,0.13195304998329707,0.9984163641929626,0.4365730762481688,0.5881675669125146,0.13186717161110462,0.9986869692802429,0.4380361216408863,0.5882460662296836,0.13184411355427325,0.9988530874252319,0.42725216235433283,0.5922088537897381,0.09262111357280178,0.9994664788246155,0.4395910331181115,0.5913879479680737,0.07966516507523394,0.9983623623847961,0.4320264330932068,0.5984608548028125,0.12827698247773295,0.9985686540603638,0.4356646248272486,0.5985743744032722,0.1255112273352486,0.998270571231842,0.41287727952003445,0.6355634689331049,0.06699580922722811,0.9999737739562988,0.4544589102268217,0.6383126684597558,0.03769707392368995,0.9999686479568481,0.40956106696810024,0.6950421793120245,0.10587149773325231,0.540391743183136,0.4635021422590526,0.6945664388792853,0.04818998213325226,0.41439658403396606,0.42309006878307853,0.7056545495986933,0.1797904091221945,0.40030011534690857,0.4507417985371178,0.7187543698719565,0.10959978210074561,0.14987589418888092,0.42447585889271294,0.7168990595000124,0.19531677876199993,0.3719797134399414,0.44788642440523396,0.7265881913048876,0.11646489543574191,0.1389860212802887,0.4276662647724148,0.7111259647778102,0.1898635395935604,0.3641301393508911,0.4454514460904254,0.7221073831830706,0.1190339867557798,0.1327379196882248,0.42828977278300673,0.7058422786848881,0.1797104754618235,0.3256271779537201,0.4460692260946542,0.7184759259223936,0.11151011479752396,0.12332559376955032,0.41874153103147205,0.7246332798685344,0.009909634052642754,0.9999918937683105,0.44145053284508806,0.728185631547655,-0.00998875768855214,0.999991238117218,0.40330548286437967,0.7837993247168403,0.0725965718073504,0.9197731018066406,0.46039292386599917,0.7950256807463504,0.04312475696206092,0.9034637212753296,0.3856915661266868,0.8529819164957315,0.07615458167025016,0.9544551372528076,0.47053173184394814,0.8696768930980133,0.04846634199576718,0.9131020307540894,0.38545695032392213,0.8637764062200269,0.07645062570061,0.9785745739936829,0.4695705388273509,0.8831488728523252,0.049093202102397177,0.9684475660324097,0.37742484807968124,0.8663551194327214,0.07299125630940705,0.8354734778404236,0.47658251438822036,0.8801935553550715,0.04139463858945029,0.7993887662887573
48,0.42805220825331547,0.5951587762151448,0.1425543269940784,0.9983981251716614,0.42606216754232135,0.5911172526223318,0.1349284189088003,0.9983322620391846,0.4249778228146689,0.5913822889328002,0.1348749382155281,0.9985756278038025,0.42395466140338345,0.5915557077952792,0.13486790231295992,0.9989293217658997,0.4295968770980833,0.5904396908623826,0.1337324087108885,0.9985645413398743,0.4310164988040925,0.5903624517577033,0.13364599687712528,0.9988106489181519,0.43244151132447345,0.5903243047850469,0.1336223576750074,0.9989621043205261,0.42196343370846323,0.5954325846263339,0.09493544208151948,0.9995085597038269,0.43409609028271257,0.5931877323559349,0.08185773853744774,0.9985182285308838,0.4267823772771016,0.600899645260402,0.12946085866008475,0.9986826777458191,0.4302444858210426,0.6006829295839581,0.1271237213696752,0.9984208345413208,0.4084379971027371,0.6390333771705625,0.06446120515465731,0.9999737739562988,0.44927232265472417,0.6416919572012763,0.04332169347575731,0.9999704957008362,0.40599730185100014,0.70184691292899,0.09705776742526454,0.5204517841339111,0.4573364249297549,0.7012662921633039,0.05227710434368678,0.4462259113788605,0.4188086960996898,0.7085648179054257,0.16691768424851539,0.36049365997314453,0.44682304092815933,0.7266474468367434,0.10886183019195284,0.13646617531776428,0.4190695498670848,0.7227061424936563,0.18070757261344364,0.33504560589790344,0.4448424892766136,0.7349072303090775,0.1152881330677441,0.12608256936073303,0.421714913845062,0.7174838764326916,0.17618571945599149,0.32796788215637207,0.4423226322446547,0.7305287786892484,0.11772333745445523,0.12029004842042923,0.42217064755303485,0.7140910182680403,0.16721419521740497,0.2933529019355774,0.4427138200828004,0.7264326214790343,0.11085680787052421,0.11182372272014618,0.41529243418148587,0.7317486456462311,0.008793866554541247,0.9999909996986389,0.43741345490728073,0.7355918492589676,-0.008853667695075278,0.9999909996986389,0.39491012096405,0.7978042755808148,0.0591321739767279,0.9244617819786072,0.4554627861295429,0.8024275932993209,0.04537861719727515,0.9030359387397766,0.37369216510227743,0.8652541092463901,0.05427347751600399,0.9575203061103821,0.4633093774318692,0.8773650663239613,0.05450911809291156,0.9170594215393066,0.3748217804091316,0.8772458740643087,0.05360495022365026,0.9796112179756165,0.4620246521064211,0.8884424924850461,0.0553683525483523,0.9693005084991455,0.35885951519012455,0.8755907569612772,0.04535644001194407,0.8389258980751038,0.4676702278000964,0.8923127889633179,0.047785522057009575,0.7881885766983032
