frame_id,NOSE_x,NOSE_y,NOSE_z,NOSE_v,LEFT_EYE_INNER_x,LEFT_EYE_INNER_y,LEFT_EYE_INNER_z,LEFT_EYE_INNER_v,LEFT_EYE_x,LEFT_EYE_y,LEFT_EYE_z,LEFT_EYE_v,LEFT_EYE_OUTER_x,LEFT_EYE_OUTER_y,LEFT_EYE_OUTER_z,LEFT_EYE_OUTER_v,RIGHT_EYE_INNER_x,RIGHT_EYE_INNER_y,RIGHT_EYE_INNER_z,RIGHT_EYE_INNER_v,RIGHT_EYE_x,RIGHT_EYE_y,RIGHT_EYE_z,RIGHT_EYE_v,RIGHT_EYE_OUTER_x,RIGHT_EYE_OUTER_y,RIGHT_EYE_OUTER_z,RIGHT_EYE_OUTER_v,LEFT_EAR_x,LEFT_EAR_y,LEFT_EAR_z,LEFT_EAR_v,RIGHT_EAR_x,RIGHT_EAR_y,RIGHT_EAR_z,RIGHT_EAR_v,MOUTH_LEFT_x,MOUTH_LEFT_y,MOUTH_LEFT_z,MOUTH_LEFT_v,MOUTH_RIGHT_x,MOUTH_RIGHT_y,MOUTH_RIGHT_z,MOUTH_RIGHT_v,LEFT_SHOULDER_x,LEFT_SHOULDER_y,LEFT_SHOULDER_z,LEFT_SHOULDER_v,RIGHT_SHOULDER_x,RIGHT_SHOULDER_y,RIGHT_SHOULDER_z,RIGHT_SHOULDER_v,LEFT_ELBOW_x,LEFT_ELBOW_y,LEFT_ELBOW_z,LEFT_ELBOW_v,RIGHT_ELBOW_x,RIGHT_ELBOW_y,RIGHT_ELBOW_z,RIGHT_ELBOW_v,LEFT_WRIST_x,LEFT_WRIST_y,LEFT_WRIST_z,LEFT_WRIST_v,RIGHT_WRIST_x,RIGHT_WRIST_y,RIGHT_WRIST_z,RIGHT_WRIST_v,LEFT_PINKY_x,LEFT_PINKY_y,LEFT_PINKY_z,LEFT_PINKY_v,RIGHT_PINKY_x,RIGHT_PINKY_y,RIGHT_PINKY_z,RIGHT_PINKY_v,LEFT_INDEX_x,LEFT_INDEX_y,LEFT_INDEX_z,LEFT_INDEX_v,RIGHT_INDEX_x,RIGHT_INDEX_y,RIGHT_INDEX_z,RIGHT_INDEX_v,LEFT_THUMB_x,LEFT_THUMB_y,LEFT_THUMB_z,LEFT_THUMB_v,RIGHT_THUMB_x,RIGHT_THUMB_y,RIGHT_THUMB_z,RIGHT_THUMB_v,LEFT_HIP_x,LEFT_HIP_y,LEFT_HIP_z,LEFT_HIP_v,RIGHT_HIP_x,RIGHT_HIP_y,RIGHT_HIP_z,RIGHT_HIP_v,LEFT_KNEE_x,LEFT_KNEE_y,LEFT_KNEE_z,LEFT_KNEE_v,RIGHT_KNEE_x,RIGHT_KNEE_y,RIGHT_KNEE_z,RIGHT_KNEE_v,LEFT_ANKLE_x,LEFT_ANKLE_y,LEFT_ANKLE_z,LEFT_ANKLE_v,RIGHT_ANKLE_x,RIGHT_ANKLE_y,RIGHT_ANKLE_z,RIGHT_ANKLE_v,LEFT_HEEL_x,LEFT_HEEL_y,LEFT_HEEL_z,LEFT_HEEL_v,RIGHT_HEEL_x,RIGHT_HEEL_y,RIGHT_HEEL_z,RIGHT_HEEL_v,LEFT_FOOT_INDEX_x,LEFT_FOOT_INDEX_y,LEFT_FOOT_INDEX_z,LEFT_FOOT_INDEX_v,RIGHT_FOOT_INDEX_x,RIGHT_FOOT_INDEX_y,RIGHT_FOOT_INDEX_z,RIGHT_FOOT_INDEX_v
0,0.2879480455602917,0.7213280899184086,0.03892428491796775,0.9950882792472839,0.28853348408426543,0.7236239314079285,0.03605045261127619,0.9961232542991638,0.29014293977192446,0.7230682134628295,0.035901905596256355,0.9959549903869629,0.2916715213230676,0.7221972703933711,0.03595092796853619,0.996973991394043,0.28448912075587673,0.7256223474230079,0.025862881647689108,0.9970383644104004,0.28276687264442435,0.7258439183235168,0.02569986209273351,0.9977872371673584,0.281069962467466,0.7263680679457528,0.025572283778871906,0.9982293248176575,0.2926815875938959,0.7192654303141998,0.027708984911441914,0.9979616403579712,0.27763951846531454,0.7236445307731625,-0.02179543320089566,0.9948105812072754,0.28957402195249277,0.7169024859155926,0.040173734192337385,0.990471601486206,0.28371558359691074,0.7179670333862301,0.02480801216193622,0.991899847984314,0.29670410411698467,0.696911661965506,0.045204183885029454,0.9999018907546997,0.2831033766269682,0.7102642348834446,-0.06445499211549752,0.9994988441467285,0.3189217592988694,0.6544958165713717,0.07003530412912379,0.03754241764545441,0.29577447090830106,0.7040135979652401,-0.15164267293044487,0.0071152448654174805,0.33411183953285206,0.666171995231083,0.06918430743472925,0.05324225127696991,0.3137818540845599,0.7304283550807406,-0.2144522411482673,0.013294994831085205,0.34313111390386297,0.6714940275464738,0.07311071828007708,0.06614518910646439,0.3180238502366201,0.7457781008311677,-0.24027897076947344,0.01600639894604683,0.33766138383320377,0.6800426908901758,0.06023088863917764,0.06431468576192856,0.3226475366524287,0.7483909453664501,-0.2304571253912787,0.014448008500039577,0.3324698099068233,0.6799545679773599,0.06468695764030741,0.048878125846385956,0.3215518712997435,0.7432312675884789,-0.21355512184756126,0.010029754601418972,0.31468835558210084,0.5954166378293718,0.05065614219222747,0.9999263286590576,0.29712226390838625,0.6148959245000567,-0.05079874704991066,0.9998878240585327,0.3385234577315194,0.5739692943436755,0.16117675666298187,0.169037863612175,0.29010619265692555,0.7145948324884684,-0.11409945232527594,0.6225605010986328,0.3390655526093073,0.6122800895145957,0.32032022220747813,0.2109430730342865,0.2678187761987957,0.7987046156610763,-0.15837939529280584,0.5776271224021912,0.3346260947840553,0.6156448500497,0.33807873683316375,0.323365718126297,0.27594499332564204,0.7636769635336739,-0.1624123502672385,0.5466238260269165,0.352085290636335,0.6294955662318635,0.3263441690376827,0.16020138561725616,0.28205506205558756,0.8375731655529564,-0.20434886163898885,0.6599541306495667
1,0.2880467993872504,0.7494613834789816,-0.06335050868136544,0.9954798221588135,0.28999179942267267,0.7507829308509824,-0.06731613480619017,0.9964485764503479,0.29099543775830927,0.7494612574577327,-0.06747770011425017,0.9962672591209412,0.2924621726785385,0.7480905532836909,-0.06743331093873299,0.9972236156463623,0.28760347877229947,0.7538112027304505,-0.0778986257101808,0.9972711801528931,0.28684195280075053,0.754548525810241,-0.07808110937476155,0.9979393482208252,0.2859997579029628,0.7555175491741722,-0.07821039046560016,0.9983565211296082,0.29343475954873205,0.7412968908037452,-0.07010840326547622,0.9980988502502441,0.2823118337563105,0.7435617566108699,-0.12058016564697015,0.9951348900794983,0.2888442959104263,0.7402850134032114,-0.05970212082777704,0.9912357330322266,0.28453460250582,0.7432664155960079,-0.075204726415021,0.9924083352088928,0.2966219561440603,0.7024864350046427,-0.037001174901212984,0.9998709559440613,0.2830548346042631,0.7197261129106791,-0.15712327510118482,0.9994936585426331,0.3132981853825703,0.6528549943651468,-0.016128973662853208,0.03603808581829071,0.27384409052985037,0.7654742956161494,-0.24313446496214183,0.05506372079253197,0.3296257674694059,0.6166195613997316,-0.027312653724636357,0.049695808440446854,0.2758698778493062,0.8111938033785134,-0.29364718879972174,0.04972260072827339,0.3374021794114791,0.6081808107239856,-0.026134178042411846,0.06146848201751709,0.27832161699022545,0.8291397724832806,-0.3229085671050207,0.04003806412220001,0.3330117114952629,0.6111517752919875,-0.04484421844993326,0.0598788857460022,0.28164999144417885,0.8278663890702378,-0.31163358177457523,0.03455924987792969,0.32861337321145184,0.6158804041998722,-0.03455076771123067,0.04572368040680885,0.28131728768348674,0.8220872368131361,-0.2922777844326836,0.021828366443514824,0.313705482653209,0.5968423860413685,0.04253631340605868,0.9998707175254822,0.30039301514625544,0.6075814740998402,-0.042681020072528254,0.9998640418052673,0.3369014271668024,0.5949073246547149,0.12712875200169418,0.15667380392551422,0.30978783198765325,0.6815819246428351,-0.06061522119811594,0.5840880870819092,0.33618613140923626,0.6595803465162,0.24241191872528609,0.1940278261899948,0.3085217280047279,0.720866857256208,-0.044651060511491064,0.5303138494491577,0.3327695199421472,0.6607537320681979,0.25049992672034654,0.3031544089317322,0.31237080522945937,0.7069441863468713,-0.04304738754705921,0.5018921494483948,0.34552726234708486,0.6883153591837199,0.23800481217248085,0.14915123581886292,0.3143690288066862,0.7480581607137401,-0.07859074462737348,0.6017442345619202
2,0.288431885412761,0.7633925335747852,-0.11634800199951441,0.9958007335662842,0.2913291939667292,0.7642490744590755,-0.12091591241104258,0.9967278838157654,0.29188286832400717,0.7624499917030331,-0.12108863443136211,0.9965243935585022,0.29330436502184176,0.7608543634414668,-0.12104569279721801,0.9974377155303955,0.28981062003544383,0.7678519334111892,-0.13192154179726323,0.9974580407142639,0.2895612657070159,0.7688620686531064,-0.13211154416203494,0.9980487823486328,0.2891840355736867,0.7700824635369434,-0.13224438748189377,0.9984524846076965,0.2942666224070956,0.7517788955143516,-0.12119475901126855,0.9982100129127502,0.285510845695223,0.754163551330566,-0.1732371671125292,0.9953423142433167,0.28867656503404876,0.7523001517568312,-0.11161685681768821,0.9918765425682068,0.285180137838636,0.7557673692703244,-0.12749563625880644,0.9927595853805542,0.2965637479509625,0.7053523727825707,-0.08056717930095533,0.9998390674591064,0.282923114299774,0.7252684661320274,-0.20871151536703103,0.9994730949401855,0.3104673360075268,0.650582260744912,-0.06361217647790907,0.03420521318912506,0.2616280325821467,0.7988983988761899,-0.297574306811605,0.08597499877214432,0.32749506235122666,0.5854231442723953,-0.081526762672833,0.04597976431250572,0.25483526332037776,0.8550650068691795,-0.34358043244906816,0.06749144941568375,0.3345655432769229,0.5687001023973735,-0.08170725405216214,0.05665013566613197,0.256300173486982,0.8744890757969443,-0.37518096012728536,0.050517529249191284,0.3308666007859365,0.5685689023562838,-0.10370468220540452,0.05525990575551987,0.2590884438582828,0.8706359301294595,-0.36265328100749405,0.043216731399297714,0.32673001204218166,0.576323648861476,-0.09030485366071969,0.04228540137410164,0.2590309143066405,0.8651222876140046,-0.34184077339512947,0.026262691244482994,0.3130682102271487,0.5979741726602824,0.03869974677051815,0.9998018145561218,0.30220756530761705,0.603410104342869,-0.038844878865139806,0.9998283386230469,0.3350565688950673,0.606016455377851,0.11527287747178754,0.1431817263364792,0.32103927986962444,0.6572187151227675,-0.03519392492515698,0.5383647680282593,0.33413209830011625,0.6828029326030183,0.20870544271809705,0.17744828760623932,0.3316828753267014,0.6757895316396437,0.01081805460687195,0.48370176553726196,0.3313731270177022,0.6835067255156377,0.21162901265280576,0.281141459941864,0.3325108613286698,0.6741251247269764,0.01532434707374445,0.4576232433319092,0.3405982034546987,0.7162575789860313,0.20221274409975312,0.13732615113258362,0.3331294953823088,0.6953965714999604,-0.014888106818710039,0.5465565323829651
3,0.28933606062616607,0.7569312879017418,-0.10347773581743236,0.9956290125846863,0.2929565378597803,0.7582874672753466,-0.1085365570017269,0.9967213869094849,0.29311279228755394,0.7564305935587199,-0.10872302481106344,0.9963934421539307,0.2945516765117644,0.7549494879586353,-0.1086756342223712,0.9974243640899658,0.2912665895053317,0.7615583726337974,-0.11999774149485992,0.9972796440124512,0.2909404933452605,0.7624361361776076,-0.12017940069947917,0.9977811574935913,0.29050946150507234,0.7635850003787447,-0.12031977794000075,0.9982656240463257,0.2954986802169254,0.7459162933485846,-0.11206286145108081,0.9981759786605835,0.2874424781118119,0.7515391571181158,-0.16664816737174978,0.9948506951332092,0.2895749228341238,0.7479428189141406,-0.09994428093944273,0.9920252561569214,0.28583894968032825,0.7500390836170738,-0.11656444988080428,0.992424488067627,0.2965457499027251,0.7043065037046157,-0.0748494554843221,0.99982750415802,0.28273303338459543,0.7253688011850625,-0.20795454808643876,0.9994590282440186,0.3118103299822125,0.6467101386615205,-0.06212839409708974,0.03520645946264267,0.26384838734354277,0.7906742266246247,-0.30646699752126405,0.1274844855070114,0.32908263802528365,0.5752927797181263,-0.08232000651104106,0.046201229095458984,0.25870704225131436,0.8436810374259945,-0.35947180901254916,0.10133157670497894,0.33630045396941033,0.5572528566632949,-0.08215659739715708,0.055260807275772095,0.2599274047783442,0.8633571539606363,-0.3923221273081641,0.0731060579419136,0.3327547533171516,0.5572846123150414,-0.10400223221097668,0.05410793796181679,0.2634182316916328,0.8588401624134605,-0.37872583525521397,0.06217360496520996,0.3279018291405268,0.5658172641481669,-0.09098136978490008,0.04168398305773735,0.26265391281672873,0.8551905546869546,-0.35747909120150956,0.0359947606921196,0.3129024233136857,0.5984083090509684,0.04093624928167886,0.9997438788414001,0.3022166763033184,0.6033232910292486,-0.041076044525418944,0.9997899532318115,0.3322788834571837,0.6030082430158339,0.14511811669383723,0.12969231605529785,0.31890670742307375,0.6513546943664548,-0.05242494025400704,0.50059974193573,0.332940729175295,0.670091915130615,0.2504644943135124,0.16073709726333618,0.32814282689775726,0.6827319485800604,-0.01980997873470186,0.4418472349643707,0.33073105641773753,0.671035299982343,0.25223404467105853,0.2565644085407257,0.32864346333912425,0.6797158530780244,-0.016339870217987995,0.4175373315811157,0.33666160958153846,0.6975822942597523,0.2558376601764133,0.12454205006361008,0.33039435744285567,0.7026445388793943,-0.044169784124408425,0.49628913402557373
4,0.2898736519472938,0.7524669885635372,-0.08920420951076913,0.995876669883728,0.2933431889329636,0.7537141970225739,-0.09333981552294318,0.996935248374939,0.2935206481388636,0.7517510567392618,-0.093527868602957,0.9965881705284119,0.294960239955357,0.7506224223545617,-0.09348239685807905,0.9975876808166504,0.2913190671375818,0.757360880715506,-0.10549185148307251,0.9974200129508972,0.2908285285745347,0.7582518833024159,-0.10566408676760532,0.997859537601471,0.29022626706532056,0.7593442627361839,-0.10580954019512444,0.9983336925506592,0.29596672058105455,0.741311236790248,-0.09605412078755238,0.9982720017433167,0.28721984965460623,0.7496742231505255,-0.15374716073274605,0.9950299263000488,0.28958144017628246,0.7454921313694541,-0.08564276705895146,0.9925604462623596,0.28585296358380985,0.7458963172776355,-0.10318293699196403,0.992759108543396,0.2965003703321728,0.7036691086632861,-0.0628128685057163,0.9998267889022827,0.2823692015239169,0.725296170370919,-0.20162680021354124,0.9994856119155884,0.31229342051914744,0.6450999481337408,-0.05612936903323444,0.03508657589554787,0.2637156205517904,0.7888860685484747,-0.30706278256007585,0.17381201684474945,0.32953152145658204,0.5767836775098525,-0.08033021198851718,0.04490984231233597,0.2587390865598405,0.8431738172258645,-0.36417723553521275,0.13702501356601715,0.3365752926894595,0.5590216057641163,-0.07986938697951176,0.053080081939697266,0.2599303466933113,0.8620163031986777,-0.39741207020623326,0.09859154373407364,0.333167312826429,0.5594242794173102,-0.10157670623489785,0.052104126662015915,0.2640710456030708,0.8563571487154276,-0.3827999046870639,0.08373133093118668,0.3282643369265963,0.5681801608630587,-0.08906233246837339,0.04041502624750137,0.26280504379953645,0.8539662224905827,-0.36192331995282834,0.048274341970682144,0.31270560792514246,0.5999937295913693,0.042903610531772864,0.999726414680481,0.3017236036913734,0.60404189314161,-0.0430461749434471,0.9997861981391907,0.3309802021299088,0.6011157546724589,0.14729779320103775,0.11916810274124146,0.3211218340056282,0.6287424870899743,-0.057023058618817984,0.48137274384498596,0.3328085311821527,0.6616619297436303,0.25818852356501976,0.14634111523628235,0.33091020498956936,0.6740802458354402,-0.03503628540784119,0.4071331024169922,0.33005817277090876,0.6679064972060065,0.2628497059856141,0.23819835484027863,0.32942694255283883,0.6702811786106652,-0.03212698511779307,0.3856091797351837,0.33577076366969505,0.6877835222652977,0.27274421623774925,0.11391259729862213,0.33463661159787844,0.6881866421018326,-0.05501912704535891,0.453382670879364
5,0.2898878599916184,0.7519072890281673,-0.06874295771121976,0.9960799813270569,0.2932729968002863,0.7528631993702476,-0.07177578913313998,0.9971106648445129,0.2936501996857778,0.7510856696537559,-0.07195435890129631,0.9967343211174011,0.29477393286568765,0.7498141152518133,-0.07190950619322908,0.9977197647094727,0.2912634287561688,0.7565938932555059,-0.08358322807720725,0.9975378513336182,0.2907561634268078,0.7573828560965399,-0.08374719726187838,0.9979167580604553,0.2901093270097459,0.7583160553659708,-0.08388987715755186,0.9983922839164734,0.29585810218538544,0.7399145007133481,-0.07314198730247358,0.9983384013175964,0.287728943143572,0.7502515707697184,-0.1290192205991063,0.9951654076576233,0.2893303828580037,0.7450645753315513,-0.06502439379692074,0.9930128455162048,0.2858555844851901,0.7450934869902471,-0.08206788216318399,0.9930478930473328,0.29648876275335023,0.7031893491744992,-0.04380320448960574,0.9998259544372559,0.2820873609610965,0.7256398371287751,-0.17821303946631284,0.9995170831680298,0.3133151369435445,0.6429407085691177,-0.03408942807997974,0.033902328461408615,0.2627464541367121,0.7908793040684288,-0.28227037446839454,0.22758911550045013,0.3314998064722332,0.5778743011610845,-0.051431877166032765,0.04226754605770111,0.2579074340207235,0.8422582404954089,-0.340860251869474,0.1739450991153717,0.33864988344056246,0.5609282187053133,-0.04954644803489955,0.04970666766166687,0.26029534169605784,0.8606762051582332,-0.37310191137450066,0.12375564128160477,0.3352428257465361,0.5616945283753528,-0.07072938914809904,0.04886350408196449,0.26370156066758277,0.8561032107898163,-0.35913903713226303,0.10461272299289703,0.3307016134262083,0.5701729365757531,-0.059776720617498634,0.03814307972788811,0.26328156760760707,0.8523734109742297,-0.3388482340744562,0.06033002957701683,0.31269214749336227,0.6010969502585273,0.04324108383485247,0.9997140765190125,0.3015742097582135,0.6039097206933155,-0.04337887114712168,0.9997886419296265,0.3322521643979207,0.5973961472511289,0.12508135076080043,0.10954783111810684,0.3231506977762493,0.6160360404423302,-0.052744470536708804,0.4619556665420532,0.33247983540807435,0.6684640135083877,0.2204142655645097,0.13279464840888977,0.3303109211581092,0.6699815835271559,-0.03469635407839501,0.3747936189174652,0.3286652922630309,0.6772964324269972,0.2300240682704107,0.22042450308799744,0.32688352550779054,0.6696843726294379,-0.03376015073486735,0.3567066192626953,0.33889502627508966,0.7003811393465311,0.22218090806688573,0.10378579050302505,0.3359072753361292,0.686805631433214,-0.05133130890982489,0.41364744305610657
6,0.2899518583502087,0.7518998861312863,-0.06207945825798168,0.996235728263855,0.2929996260574884,0.7521167499678472,-0.06498170090573172,0.9972537159919739,0.2936087778636386,0.7505831088338576,-0.06515450584036961,0.9968565702438354,0.29465753521238036,0.7492696676935465,-0.06511148150478088,0.9978312253952026,0.29134526933942506,0.7562447854450768,-0.0770175116402762,0.9976271390914917,0.290878848518644,0.7570270351001192,-0.07718527317047116,0.9979543089866638,0.2902968832424707,0.7579704829624717,-0.07732455198253901,0.9984240531921387,0.29575819713728757,0.7392369151115414,-0.06626498731119289,0.9983711838722229,0.2870544706072125,0.7484584212303158,-0.12353685434375486,0.9951604008674622,0.28928127799715303,0.7448749661445614,-0.0583848243313176,0.9933085441589355,0.2858206680842807,0.7447307280131745,-0.0757410536919321,0.9930844306945801,0.2967145051274979,0.7033289653914312,-0.037715105127011005,0.9998149871826172,0.2819695949554442,0.7263305085045947,-0.17190331859248018,0.9995198845863342,0.3104017087391443,0.649998867511749,-0.029959781787225165,0.0325036495923996,0.26395646674292417,0.789134563718523,-0.26803662734372263,0.2560005486011505,0.3234677161489212,0.595972885404314,-0.05177764296531675,0.0397116020321846,0.2584097606795174,0.8384798356464926,-0.3203614643641879,0.18911875784397125,0.3294258960655756,0.5820715955325533,-0.04978889024683405,0.0465669222176075,0.26077035069465626,0.857376430715833,-0.3499637893268039,0.13419786095619202,0.3257019766739435,0.5833718623433791,-0.07021670415997502,0.04585105553269386,0.26400900738579874,0.854690747601645,-0.3367859338011059,0.11304523050785065,0.3219334568296158,0.590883386135101,-0.06008090940969328,0.03597261384129524,0.26410190973963044,0.8499063559940879,-0.3182745890957967,0.06550998240709305,0.3125015531267437,0.6018516233989167,0.04294716204915726,0.9996920824050903,0.30139255268233145,0.6041848438126698,-0.043074242770671824,0.9997800588607788,0.3324473559856413,0.5945882388523644,0.11710186153650279,0.10146776586771011,0.3243778066975728,0.6157698205539155,-0.05031799791114669,0.45625025033950806,0.3320318034717013,0.6748992085456845,0.20025711825915735,0.12287779152393341,0.3300101237637655,0.6610116941588262,-0.04517445947442733,0.3561461865901947,0.3281369405133382,0.679675734043121,0.20711403361388606,0.21160483360290527,0.3264403675283703,0.6674948675291876,-0.04582689941993779,0.342637300491333,0.33997285366058333,0.7108013170106067,0.1986455512898308,0.09770841151475906,0.33629904048783427,0.6868809410503929,-0.06460925117135044,0.3872474431991577
7,0.29018965108054007,0.7523727825709748,-0.05578320718237329,0.9963482022285461,0.293105295726231,0.7519133448600765,-0.05830373040267397,0.9973544478416443,0.2937697666031972,0.7504043272563385,-0.05846578383019989,0.996918261051178,0.29465414711407234,0.7488882865224562,-0.05840983731406073,0.9979048371315002,0.2917454855782644,0.7562290396009169,-0.07101058151040755,0.9977151155471802,0.291312938928604,0.7570581487246918,-0.07116734981536862,0.997993528842926,0.2908614601407731,0.758178147247859,-0.07129943349531714,0.9984701871871948,0.2957817724772861,0.7387824671609057,-0.05941519992692128,0.9983707070350647,0.2864729242665426,0.7469023295811241,-0.11837032586336131,0.9952594637870789,0.2894624727112905,0.744781763213021,-0.05179060708199226,0.9935359358787537,0.2859697086470466,0.745416154180254,-0.06986054927110669,0.9932339787483215,0.29706501109259453,0.7036585484232218,-0.030748467626316195,0.999809741973877,0.2819306109632763,0.7273416944912499,-0.16420363570962626,0.9995480179786682,0.30777171765054956,0.6541696718760895,-0.023864390687750908,0.0314437560737133,0.265332508938653,0.7886035578591479,-0.2525291059698376,0.299825519323349,0.3147311483110699,0.606634325640542,-0.0483240373432636,0.03889636695384979,0.26056336675371433,0.8362408757209774,-0.2965583209480557,0.2338714450597763,0.3186561013971055,0.59557226725987,-0.04612755264554702,0.045557405799627304,0.2633624732494353,0.8550214648246761,-0.32353174601282375,0.17094367742538452,0.3143776987280163,0.597187565054212,-0.06580299884080884,0.044824667274951935,0.26625378046716947,0.8536712510245184,-0.3107228168419428,0.14372290670871735,0.31182764257703494,0.6036477650914871,-0.056506782025098776,0.035543881356716156,0.26707187550408484,0.8483554857117785,-0.2942964294127054,0.08553332835435867,0.3123326122760771,0.6022503512246264,0.042191670409270673,0.9997003674507141,0.30100321258817386,0.6044422132628302,-0.04231254043323651,0.9997909069061279,0.3330719215529304,0.593394885744367,0.11966878835644035,0.09606723487377167,0.3265479445457457,0.6118631805692397,-0.05373017415404317,0.47678202390670776,0.33117524811199717,0.6811675735882348,0.1942926687853676,0.11609674245119095,0.3298794116292679,0.6584147334098813,-0.06294725728886465,0.3653770685195923,0.3274181110518318,0.6832644598824634,0.19985803536006375,0.21169185638427734,0.3255918017455508,0.6682175619261602,-0.06457294992038179,0.3522179126739502,0.3401009832109722,0.7186855316162106,0.1914855556828634,0.09416485577821732,0.3374494518552506,0.6879449674061363,-0.08342738715665676,0.3797178864479065
8,0.2907678757395062,0.7527336324964247,-0.04872862749866074,0.9964669942855835,0.2938346113477433,0.7522371632712224,-0.050954313150473975,0.997456967830658,0.29431987489972783,0.7505209224564685,-0.051109935769012974,0.9969826340675354,0.2950156978198459,0.7488923788070675,-0.05104420589549198,0.997973620891571,0.2923622727394103,0.7562870178903849,-0.06420928026948652,0.9977911114692688,0.29187645741871415,0.7570886901446747,-0.06435456935848505,0.9980215430259705,0.2913823000022342,0.7581864510263712,-0.06448310592344825,0.9985039830207825,0.29599730883325837,0.7386940887996125,-0.049902430708919226,0.9983575344085693,0.28635098338127124,0.7462784579821992,-0.11313121808426715,0.9952843189239502,0.28960477880069174,0.7447791644505088,-0.044705396358455905,0.9936695098876953,0.2865567905562263,0.746504974365234,-0.06349167759929382,0.9932087063789368,0.297368892601558,0.7052863461630682,-0.017663357779383645,0.9997989535331726,0.2818630823067255,0.7274397441319054,-0.16008730403014582,0.9995670914649963,0.3031960214887345,0.6853502001081191,-0.013065769150853147,0.029497545212507248,0.2655758534158978,0.7883652857371736,-0.23553634243352062,0.33763355016708374,0.30849652971540165,0.675566380364554,-0.04529050184147696,0.036284491419792175,0.2615188547543116,0.8356868556567597,-0.2610090162072861,0.2581320106983185,0.31267147064208967,0.6723119582448683,-0.04315053309713089,0.04264660179615021,0.2646597385406493,0.8531997271946494,-0.2850449238504681,0.18867848813533783,0.30810078893389004,0.6767490983009334,-0.05887412929109162,0.04196993634104729,0.2680996767112186,0.8517965418951848,-0.27286680936813346,0.15798881649971008,0.305414066995893,0.6806981274059838,-0.05176037496754099,0.03341026231646538,0.2689204462936945,0.8472268921988347,-0.25842975378036487,0.09489879757165909,0.31214476057461316,0.6030307190758839,0.045022164391619796,0.999702513217926,0.3006466141768863,0.604585254192352,-0.0451400429010391,0.9997978806495667,0.33473412394523605,0.5925535849162508,0.12030502834490361,0.08910305052995682,0.3297345987388064,0.5983045986720491,-0.06365287208131379,0.4845736622810364,0.3309431655066352,0.6805157201630725,0.19585955909320277,0.10762892663478851,0.33028929403849994,0.664870943341936,-0.08071439308779577,0.3570058345794678,0.3269873857498168,0.6852327840668812,0.20242687208311888,0.20370663702487946,0.325657899890627,0.6681812320436746,-0.08148553350142067,0.3488362431526184,0.3389007278851099,0.7190667527062549,0.19566589168139858,0.08839637786149979,0.34096595815249836,0.6878789152417861,-0.10046844663364542,0.3620697557926178
9,0.29157566172736016,0.7525194099971223,-0.06838224413139476,0.9961566925048828,0.29468873994691014,0.7526521921157834,-0.07144007594989876,0.99715656042099,0.2950244503361837,0.7508542452539713,-0.07161433467907562,0.9965212345123291,0.29556111182485295,0.7492530584335324,-0.07155625668487375,0.9977402091026306,0.2929865053721835,0.7566980838775631,-0.08385128527879712,0.997620165348053,0.2924123798097882,0.7573601416179108,-0.08399230933615137,0.9978044629096985,0.291869727202824,0.7582382764135085,-0.08412718176841733,0.9983735680580139,0.2963222129004341,0.7388627767562863,-0.06974894111709933,0.9979915618896484,0.2863130799361636,0.745755451066153,-0.13024250375373017,0.9947027564048767,0.28986932465008314,0.7446289794785632,-0.06431882642209527,0.9930869340896606,0.2873338529041834,0.7471551094736368,-0.08205487472670416,0.9925463795661926,0.29750813416072286,0.706411140305655,-0.03451264489974293,0.9997563362121582,0.2818373365061623,0.7274399570056367,-0.17643015384674066,0.9995614290237427,0.3066721405301774,0.6843463931764872,-0.03454333430688295,0.030907725915312767,0.26495260851723795,0.7891917501177103,-0.26094010855470373,0.3796081244945526,0.31551848309380653,0.6636286650385173,-0.06893882381596733,0.040408905595541,0.26012383443968623,0.8340527721813743,-0.2947735628911426,0.2851581275463104,0.32063321641513265,0.6553745457104272,-0.06779172569513318,0.048022858798503876,0.2619893985135213,0.8496848855699808,-0.3218671177114758,0.21136292815208435,0.3170476921967096,0.6595977016857688,-0.08357939741773793,0.04734078794717789,0.26533225689615514,0.848703701155526,-0.30947620102337414,0.17651793360710144,0.31400699274880534,0.6654944351741243,-0.07513177656967722,0.03843279927968979,0.2662161682333264,0.8450977461678637,-0.2924735558884483,0.10952647030353546,0.3121101983955927,0.6034707784652706,0.04787155325923645,0.9997168183326721,0.3003807127475737,0.6044865454946243,-0.047987035236188316,0.9998072385787964,0.33624303851808807,0.5947175332478112,0.13138089201280043,0.08562551438808441,0.32937461904117027,0.5885231205395287,-0.0637070291808673,0.5183573961257935,0.33082051447459615,0.6820889745439799,0.18535633087158193,0.10376311838626862,0.32990357364927003,0.6765425000871927,-0.08644396173102512,0.37976670265197754,0.3267996021679468,0.689283546379634,0.1859903067350387,0.20907366275787354,0.32549878954887373,0.6757504054478234,-0.0888013335210936,0.3778127431869507,0.3377906833376202,0.7228148017610819,0.1837324210575648,0.08812342584133148,0.34140700442450367,0.6980581487928115,-0.10943278308425626,0.37080174684524536
10,0.2908549913338251,0.7536800793239045,-0.05741490040506632,0.9962427020072937,0.29437890989439813,0.7535938228879653,-0.059872472179787466,0.9972800612449646,0.29473525030272335,0.7516094684600827,-0.06005691928522924,0.9966180920600891,0.2951727211475371,0.7500988704817633,-0.06001509672829079,0.9978294372558594,0.29258083360535747,0.757644278662545,-0.07317830281598223,0.9976773858070374,0.29204793146678365,0.7581846441541396,-0.07332753943545474,0.9978176355361938,0.291561346394675,0.7589225343295503,-0.07347483166626517,0.9983910322189331,0.296023917198181,0.740174465520041,-0.05818611021552764,0.9980586171150208,0.28628293786730075,0.7476964967591417,-0.1230189178671155,0.9946680068969727,0.28972027727535776,0.7454399875232148,-0.05332032207931789,0.9933170676231384,0.28702959418296803,0.748029404027121,-0.07237379210335865,0.9925830364227295,0.2975212080138069,0.7084540588515142,-0.023636140754180284,0.9997616410255432,0.28176772509302395,0.7284320950508114,-0.1778796617473874,0.9995790123939514,0.30788655451365865,0.6932212999888826,-0.021502982319465694,0.03158683329820633,0.2645667459283555,0.7886090465954367,-0.26928981798035745,0.42266741394996643,0.317440160683223,0.6787616150719775,-0.05188284846288815,0.041064850986003876,0.25749879223959776,0.8338478446006772,-0.3084147921630313,0.32123103737831116,0.323016846179962,0.6721745661326815,-0.05046165127839358,0.047687359154224396,0.25817921417100076,0.8493137189320152,-0.33664065258843545,0.24016575515270233,0.32006662147385717,0.6773088574409482,-0.06619338093857677,0.04702213406562805,0.2613713409219468,0.8491276826177321,-0.32303429160799285,0.20211125910282135,0.31629018272672366,0.6831861427852083,-0.05829721290085994,0.03833819925785065,0.2624283850193022,0.8461195656231467,-0.3056803711823053,0.12494528293609619,0.3118146462099891,0.6046257683209008,0.05190524341804638,0.9997118711471558,0.29993972693170806,0.6044635398047309,-0.05201259180903432,0.9998087882995605,0.33776217613901394,0.5977536218506946,0.1461435988545417,0.08013079315423965,0.3289923540183475,0.5796538250786916,-0.05747022788439475,0.5249758958816528,0.330852471079145,0.6893970455442153,0.19630816025393338,0.09871521592140198,0.33077416419982897,0.6715921946934288,-0.08120532887322557,0.38116776943206787,0.32639185275350285,0.6945606929915289,0.19461739616734633,0.20950810611248016,0.3264435061386652,0.672705325058528,-0.08363496682473587,0.3772259056568146,0.3372877376420156,0.722934874466487,0.20018027935709262,0.08564426004886627,0.3425019408975327,0.6913013049534386,-0.10355964004993434,0.3640299141407013
11,0.2893190996987478,0.7559334209987092,-0.0484804214111396,0.9945106506347656,0.2932675404208046,0.7552184292248314,-0.049566998944750834,0.9960088133811951,0.2937086990901401,0.7529294950621466,-0.04974711372384001,0.994791567325592,0.29404470494815266,0.7515557612691603,-0.04970353828477006,0.9969317317008972,0.2917040620531353,0.7588201625006535,-0.06413817788873397,0.9967402815818787,0.2911807222025734,0.7591545241219653,-0.06428655694637976,0.9967131018638611,0.2908693279538834,0.7598283410072323,-0.06443792049373896,0.9977023601531982,0.29525663852691636,0.742588993481227,-0.04520308966083184,0.9971057772636414,0.28653412376131315,0.7508567128862649,-0.11345969992024552,0.9922430515289307,0.2882901413100105,0.7468384606497624,-0.042770962044596655,0.9913910627365112,0.2858446359634398,0.7493333220481868,-0.06341667239155085,0.9899733066558838,0.2971969153199876,0.7101962242807658,-0.008064220419951845,0.9997272491455078,0.2816799734319958,0.7295498354094365,-0.16857395725590835,0.9995462894439697,0.306361949443817,0.7103805065155027,-0.005836937988975218,0.03022388182580471,0.26435379896845124,0.7879093919481546,-0.258045230593,0.4384007453918457,0.3145186270986283,0.7169916152954099,-0.03659838962235619,0.04276429861783981,0.25634067484310685,0.8356115630694795,-0.2972073593309946,0.31519585847854614,0.32117701428277134,0.7096631237438743,-0.037545857897826586,0.05072591081261635,0.25495713864053987,0.8506149768829341,-0.32553183436393723,0.2361571043729782,0.31815068296023763,0.7153742483683991,-0.05299128391447342,0.05013192072510719,0.2590379348823001,0.8514160258429387,-0.3126969584396906,0.19766539335250854,0.31448088714054634,0.7205789497920442,-0.04352761284847343,0.04133259505033493,0.25999239768300725,0.8485226358686171,-0.2946977628128868,0.12246063351631165,0.3113227818693432,0.6059246131352013,0.05331515425017899,0.9997305274009705,0.299453579527991,0.6043235284941535,-0.05341756226760998,0.9998208284378052,0.3385228242192948,0.5943454469953262,0.1569731495210102,0.07362635433673859,0.3314746788569858,0.5735753417015073,-0.05110203176736829,0.5375189781188965,0.33204346384320926,0.6692180906023295,0.22173195907047807,0.09044936299324036,0.3320654102734155,0.6627218008041378,-0.0814035383718354,0.3694368302822113,0.32883884651320305,0.6723562547138756,0.2226406114442007,0.19749215245246887,0.32743448529924646,0.6647797397204804,-0.08435679844447541,0.3749545216560364,0.3375616882528576,0.6900313905307222,0.2296161447252545,0.07898353785276413,0.34244070819446004,0.6749191028731207,-0.10448033426489144,0.34369632601737976
12,0.28829173360552096,0.7580141305923459,-0.05342630020209718,0.9895302653312683,0.2926327151911598,0.7565130352973934,-0.0544311243508543,0.99237060546875,0.2930361986160277,0.7540359531130105,-0.054601840249129674,0.990104079246521,0.29318703157561155,0.7526545643806455,-0.05454323919756069,0.9940317869186401,0.2913468710013797,0.7595114844185962,-0.06919289018426619,0.993977963924408,0.29083921568734294,0.7596958535058154,-0.06933957402195245,0.9940211176872253,0.2907155156135558,0.7604054195540288,-0.06948522925376889,0.9957506060600281,0.2943296909332274,0.7444293379783626,-0.0463049236152853,0.9943591356277466,0.28712838632719845,0.7529125111443652,-0.11570450620991837,0.9863566160202026,0.286778391259057,0.7480506317956104,-0.04638390136616568,0.9863728880882263,0.2850000866821833,0.7503892592021393,-0.06728980668953483,0.9847097396850586,0.296569194964,0.7130429404122486,-0.0026005005463957736,0.9996664524078369,0.28167897122246865,0.7295412829944062,-0.1610568987471716,0.9994133710861206,0.29933498416628146,0.7590158632823396,0.0018710033435906728,0.03869803622364998,0.26351036514554693,0.7873633061136515,-0.2243168762751987,0.4590030312538147,0.30723701374871376,0.8244802440915785,-0.03550130820700098,0.07273492217063904,0.25519879204886287,0.8379154528890334,-0.2502366083008901,0.33038780093193054,0.3163513541221617,0.8221865517752507,-0.03943864053913523,0.08418586850166321,0.25252316423824844,0.851949206420353,-0.276097912447793,0.25285401940345764,0.31274513261658793,0.8308210287775308,-0.05132533480812393,0.08438690751791,0.2576165599482399,0.8532434361321581,-0.2653313619749885,0.2130110114812851,0.3092396736145018,0.8321132353373932,-0.04125987903348034,0.0710376426577568,0.25879915101187556,0.850467957769121,-0.24819576910563865,0.13344250619411469,0.31059940968240995,0.6065001061984467,0.05472335858004432,0.9997511506080627,0.29936650650841834,0.6035526616232733,-0.05482454480869427,0.9998325705528259,0.33875790834426867,0.5824848651885983,0.15694913885423106,0.0712987408041954,0.3376244919640676,0.5693907737731931,-0.05827800418649399,0.5663034915924072,0.3342919639178683,0.6292729054178507,0.251644011906215,0.08985818922519684,0.3334079538072857,0.6547415460859023,-0.08662689200469421,0.38791027665138245,0.33367825576237253,0.6313911999974928,0.25969320365360793,0.20276832580566406,0.3281508522374288,0.6559709719249177,-0.0883179345301219,0.39103636145591736,0.337753391265869,0.6386371953146796,0.2573642177241188,0.07852421700954437,0.3423410875456672,0.6586659806115284,-0.10842818979706077,0.34767481684684753
13,0.2876260536057607,0.7556412339210508,-0.0870261124202183,0.9855179786682129,0.2917017604623521,0.7552980235644746,-0.08853378335812259,0.9896987676620483,0.292087868281773,0.7532787374087739,-0.08871899561158245,0.9868017435073853,0.29244778496878476,0.7522228888102936,-0.08865023103675668,0.9919309020042419,0.2903630673885344,0.7577729054859703,-0.10171100092785695,0.9917782545089722,0.28986236367906826,0.7579205002103531,-0.10186866724065369,0.9919217228889465,0.28977073941911957,0.7586367147309436,-0.10201325267553324,0.9941208362579346,0.29325938395091455,0.7446737664086474,-0.08061504028737541,0.9924535751342773,0.28697392089026297,0.7525691645486011,-0.142919316462108,0.9816878437995911,0.28556421143668026,0.7460480298314771,-0.07911118519093306,0.9828325510025024,0.28436703681945785,0.748154943329947,-0.09807000075067789,0.980871319770813,0.29612644995961857,0.714421463012695,-0.03543184841317788,0.9996345043182373,0.28159924319812213,0.7286107250622338,-0.17871692180633536,0.9992775321006775,0.2954364427498407,0.7610609429223193,-0.035187984151499596,0.04879135265946388,0.2632617167064121,0.7863149949482504,-0.23383418066161007,0.47551587224006653,0.30229496530124106,0.8147780435425891,-0.07896804599357499,0.11111420392990112,0.25455472895077286,0.8377497553825375,-0.26728479691914137,0.3472457230091095,0.31155544604573915,0.8108051725796287,-0.08542755097150799,0.12656551599502563,0.2507906419890266,0.8498236758368352,-0.29416443875857745,0.27241653203964233,0.30813811761992305,0.8179801617349893,-0.09812965499835882,0.12755513191223145,0.25580633538109904,0.8513631888798301,-0.2845881947449274,0.23134945333003998,0.30505653704915714,0.8197612592152183,-0.08506596765613977,0.1085120365023613,0.25725920711244843,0.8488909397806437,-0.26598958458219246,0.14647263288497925,0.3102110181535992,0.6060409188270566,0.051397812260048706,0.99977046251297,0.2994561408247265,0.6027444856507436,-0.05150667354464528,0.999842643737793,0.338527921267918,0.5732718433652603,0.1493169831378119,0.07345026731491089,0.340025131191526,0.5717180899211336,-0.05723646719540866,0.5964127779006958,0.33609798380306777,0.5988954629216873,0.24520721861294328,0.09828852117061615,0.3338023815836224,0.6549291014671323,-0.08213368760687961,0.41041648387908936,0.3370438149997165,0.5980888519968302,0.2529635246310914,0.21849997341632843,0.3285971965108597,0.6551298107419692,-0.08370747172406738,0.4080390930175781,0.33700812288693005,0.6100367290633062,0.246198290160724,0.08510307222604752,0.3412361127989631,0.6571609292711528,-0.10918321332761215,0.35854437947273254
14,0.2866196853773933,0.7522813507488793,-0.07847306919949391,0.9819753170013428,0.2904762872627802,0.7534443804195945,-0.07924829551151816,0.9867157340049744,0.29096951058932696,0.7519519533429824,-0.07943170581545145,0.9829128980636597,0.29162593994821806,0.7512203710419787,-0.079364928816046,0.9895254969596863,0.2889341439519608,0.7555024777139933,-0.09229069820472167,0.9894437193870544,0.28851908189909786,0.7557723334857391,-0.09245215292487821,0.9896388649940491,0.288335872547967,0.7565556202616007,-0.09259609409740988,0.9924880862236023,0.29216524703162045,0.744258458273751,-0.07437262481876779,0.990100622177124,0.2862592109612055,0.7521238344056262,-0.13523482552596494,0.9769800305366516,0.28510871444429653,0.7432981065341401,-0.07119660696813035,0.9795190691947937,0.2837008825370242,0.7452188559940879,-0.09000667418752395,0.9766530394554138,0.2960452565125055,0.714539585794721,-0.035992412402161514,0.9996039867401123,0.28141407370567306,0.7279992273875642,-0.1780903816223144,0.9992234110832214,0.29162949579102637,0.7524439862796235,-0.031712964789143615,0.05082150548696518,0.2633952660220009,0.7859778063637866,-0.23119116595813197,0.4955712556838989,0.29980664849281297,0.7956380384308948,-0.07042426871401919,0.11413520574569702,0.25465356877871914,0.8379605140004835,-0.2670678973197935,0.35791173577308655,0.30553294505391787,0.7919075472014288,-0.07529337608388488,0.13037855923175812,0.25186479176793763,0.8503154771668566,-0.29348339864185863,0.2831360101699829,0.3024833083152769,0.7985596605709617,-0.08869631950344353,0.13139969110488892,0.25590601563453663,0.8515028800283155,-0.28342369113649624,0.24113918840885162,0.2988900073937006,0.7996600900377542,-0.07678634311471663,0.11164383590221405,0.2576904756682259,0.849262918744768,-0.26554270982742295,0.153085395693779,0.3099917113780974,0.6059378351484024,0.04832100878868782,0.999782919883728,0.2992404052189417,0.6025015609604969,-0.048432635515928246,0.9998487234115601,0.34013394543102793,0.5739400642258778,0.1265953857983861,0.07459725439548492,0.3393284022808073,0.5736505252974371,-0.059967134680066765,0.6092244386672974,0.3362095977578843,0.6179183721542355,0.20374590754508962,0.10158780962228775,0.3339293071201868,0.6551419939313613,-0.0754433606884309,0.41042059659957886,0.3363740444183348,0.6156399113791327,0.20950776040554037,0.22961308062076569,0.3292349381106239,0.6566673670496257,-0.07628643166806014,0.409834623336792,0.3355478721005575,0.6390052897589544,0.19945882431098383,0.08865563571453094,0.3430839572634014,0.6596027578626358,-0.09994588568806644,0.35020607709884644
15,0.2860749653407504,0.7506202340126034,-0.08810205204146244,0.9759536981582642,0.2896262841565267,0.7526045186179021,-0.08980122996228077,0.9816600680351257,0.2902330654008046,0.75136284828186,-0.08998036533594127,0.9762243032455444,0.29099833198956065,0.7507661564009527,-0.08992229167904169,0.9857895374298096,0.2880331456661223,0.7545668431690757,-0.1029656501752989,0.9857932925224304,0.287646870953696,0.7547250083514618,-0.1031299769878387,0.9857162237167358,0.28740960615021827,0.7555522833551677,-0.10327703505754467,0.9898030757904053,0.2913933668817791,0.74405619927815,-0.08694432590688973,0.9859856367111206,0.28584519198962605,0.7519856401852195,-0.1481772797448294,0.968543529510498,0.28485445209911875,0.7416423439979549,-0.08154999486037659,0.9740235805511475,0.283315564904894,0.7434304237365719,-0.10047145528452732,0.9694889783859253,0.2953925320080347,0.7137470994676859,-0.05043081822139874,0.9995039701461792,0.2812825935227529,0.7278493898255481,-0.18921318267072942,0.9989807605743408,0.289401910986219,0.7508546420506065,-0.04679047859140803,0.050452712923288345,0.2638549114976609,0.7857689840453008,-0.25085044801235185,0.49162939190864563,0.2991255717618123,0.8005205222538536,-0.08282969572714392,0.11518649756908417,0.25471884863717204,0.8376738258770531,-0.29103022217750535,0.34609872102737427,0.3032591411045618,0.7936498965535842,-0.08891806155443188,0.13248950242996216,0.25309046677180685,0.8507206133433746,-0.3195636391639708,0.2745361626148224,0.30046716673033563,0.8004164968218118,-0.10184194019862579,0.13363701105117798,0.2565984666347503,0.8520530717713488,-0.3105146731649125,0.23326455056667328,0.29606713822909747,0.8007883020809715,-0.08914829343557354,0.1131414845585823,0.2583621621131896,0.8499226774488172,-0.29006982190268366,0.1477724015712738,0.3095739483833312,0.606480230603899,0.04578259927885871,0.9997755289077759,0.29888188157762785,0.6027332561356677,-0.04589077063969201,0.9998363256454468,0.3417188491140092,0.5881672160966053,0.12387382217815937,0.06937600672245026,0.33812012246676837,0.5826204708644319,-0.04705924008573802,0.5976750254631042,0.3358109772205351,0.6513190678187776,0.20905705860682885,0.09486138820648193,0.33390900492668135,0.65719142130443,-0.0351182595427547,0.38901641964912415,0.33500061460903696,0.6532439810889106,0.21535683700016556,0.21962928771972656,0.32986047353063297,0.6616915787969313,-0.03348451230142796,0.39316248893737793,0.3340532498700277,0.6786585296903335,0.2078986904450824,0.0835956558585167,0.3440280301230293,0.6632564817156108,-0.054866361511605094,0.32771801948547363
16,0.28636646015303463,0.7507180196898321,-0.10401676659073145,0.9738627076148987,0.2898867019585199,0.7526128036635259,-0.1087699277060372,0.9801992774009705,0.2904904399599346,0.7513007470539634,-0.10894805746419084,0.9739155173301697,0.29106087514332346,0.7504928248269214,-0.10890000036784576,0.9847767353057861,0.28836718286786744,0.7548487799508227,-0.12185524318899423,0.9848394989967346,0.2880134957177297,0.7548769167491365,-0.12200860636574876,0.984524130821228,0.2878081398350851,0.7556776080812723,-0.12215864998953678,0.9890865087509155,0.29119692529950814,0.7436087608337398,-0.10857109150716232,0.9849498867988586,0.28604592255183614,0.7516471437045502,-0.16991733866078507,0.9661043286323547,0.2851574506078446,0.7416267207690644,-0.09929115133626115,0.9733095765113831,0.28365337678364333,0.7433575732367377,-0.11791537829807822,0.9685347080230713,0.29451912045478806,0.7134542380060465,-0.07126641337360651,0.9994698762893677,0.28122406091008856,0.7272432531629287,-0.20325279533863058,0.9989354610443115,0.2906236657074518,0.7614626067025317,-0.0710061995046479,0.04819991812109947,0.2640835310731614,0.7845174312591549,-0.27480302325316824,0.48897600173950195,0.30176642707415974,0.8260348728724886,-0.10658255560057499,0.10946140438318253,0.2535297538552964,0.8376121878623959,-0.32191361188888534,0.3411354124546051,0.30617437022072913,0.817081248760223,-0.11479933602469303,0.1274142861366272,0.25251449005944376,0.8513044714927669,-0.35331248044967634,0.2722882628440857,0.3032171683652059,0.8247786368642531,-0.12666174088205606,0.1287105828523636,0.2557553580829074,0.8524004663739881,-0.34394632237298134,0.23089206218719482,0.299153207029615,0.8249101247106276,-0.11256481834820334,0.1083584800362587,0.2571938140051704,0.8504840408052713,-0.32124441351209354,0.14436282217502594,0.3090421923569269,0.6077697447368073,0.04573218716042381,0.9997764229774475,0.29857692463057367,0.6028769442013329,-0.04583708888718058,0.9998361468315125,0.3423764603478566,0.6021896345274786,0.14180591638599116,0.0628092810511589,0.33621173926762155,0.5894038421767096,-0.03784507225666726,0.554272472858429,0.3360604107379912,0.6759637287684847,0.2561920276709964,0.08614445477724075,0.3346463390759058,0.6642055528504505,-0.011536935025027811,0.35871633887290955,0.3347446279866353,0.6841083305222644,0.26748805940151205,0.20099659264087677,0.33089791366032173,0.6699771046638485,-0.008437000587582583,0.3640773296356201,0.3339079380035399,0.7065550480570109,0.25561244189739213,0.07624408602714539,0.3437698168413978,0.668443531649453,-0.02960505698408398,0.30054983496665955
17,0.28663501569202954,0.7484172974314005,-0.1104053995438984,0.9730772376060486,0.29013387049947453,0.7509705969265525,-0.11315155561481198,0.979724109172821,0.29075401851109084,0.7497890676770889,-0.11332569377762926,0.9734027981758118,0.2913074433803557,0.7489374109676903,-0.11328220984765458,0.9845127463340759,0.2885031436170849,0.7531861168997624,-0.1266219556331634,0.9844563603401184,0.28806541817528847,0.7531739013535632,-0.12677345254591527,0.9840990304946899,0.2878217211791446,0.7539906110082351,-0.12691495652709683,0.9886632561683655,0.29131847790309345,0.742378747463226,-0.11326239747660496,0.9850083589553833,0.2860568744795662,0.7504132764680042,-0.17452629974910183,0.9650344848632812,0.28541369778769343,0.7399765219007216,-0.10361407037292203,0.9730755686759949,0.283889831815447,0.7415880714144022,-0.12283142209053034,0.967789888381958,0.29415415951183854,0.7133431860378807,-0.07726252387676916,0.9994633197784424,0.2808867922851016,0.7260648642267495,-0.20632709179605746,0.9988887310028076,0.29325455086571817,0.7642374532563342,-0.08106283013309748,0.05407550558447838,0.2641659115042004,0.7826927712985443,-0.2862787910870142,0.5057358145713806,0.30339592610086696,0.8272991776466365,-0.11716372668743127,0.12076523900032043,0.2521974563598632,0.837535612923758,-0.3404757482664924,0.351071834564209,0.30965310675757257,0.8209257738930834,-0.12579741775989528,0.1397322416305542,0.2514154464006423,0.851344205651964,-0.3729658518518719,0.28300872445106506,0.30641153539930055,0.8285653778484885,-0.13684516059500823,0.14090928435325623,0.25458429285458145,0.8517401593072069,-0.3630296937056948,0.24034865200519562,0.3026135751179285,0.8287370971270966,-0.12276464381388251,0.11717545241117477,0.2558601651872906,0.849329282556261,-0.3398303849356513,0.14929138123989105,0.30886674267905084,0.6087663820811677,0.04537304778184208,0.9997731447219849,0.297782334259578,0.6030972940581183,-0.04547589368053843,0.9998303651809692,0.3435408609254018,0.6086714438029694,0.15521644992487765,0.05781915411353111,0.33064735446657434,0.5908473065921236,-0.035468400269746764,0.5484457015991211,0.3364939153194426,0.6851149286542617,0.27913393207958753,0.07946145534515381,0.3349105128220148,0.6438049043927871,-0.012593041187418351,0.34471645951271057,0.33419002464839376,0.6943988817078723,0.29240375416619424,0.19076967239379883,0.33241573572158795,0.6467980640275135,-0.0100368585171444,0.35540249943733215,0.3336069830826349,0.7176238451685222,0.282655296581132,0.07103301584720612,0.3435820451804568,0.6440801126616339,-0.029435274430683667,0.28448086977005005
18,0.2862681797572543,0.745968219212123,-0.09137035076107294,0.9735472202301025,0.28952390551567064,0.7492243868964056,-0.09170839147908343,0.9801708459854126,0.29007011737142274,0.7480733326503205,-0.0918779632874897,0.9740750789642334,0.29050150598798463,0.7472450069018769,-0.09183438462870458,0.9848334789276123,0.2879862836429049,0.7512223703520635,-0.105314704137189,0.9848517775535583,0.28750255448477596,0.7513402240616931,-0.10546199764524182,0.9845749735832214,0.2872019691126686,0.7522262283733909,-0.10559487704719811,0.9889065027236938,0.29093997137887123,0.7413337639399934,-0.09306656526667725,0.9856147170066833,0.2857299004282269,0.7490123374121526,-0.15309213314737585,0.9663426876068115,0.28526516045842837,0.7382215925625389,-0.08332017064094539,0.974172055721283,0.28387039218630095,0.7397253070558817,-0.10279121675661626,0.9689525365829468,0.29418571250779274,0.7139319522040227,-0.05989669348512374,0.9994739294052124,0.28047900881086063,0.7249318463461736,-0.19125199275357374,0.9989119172096252,0.2934023669787814,0.7656197156224929,-0.06473359018564222,0.06644394993782043,0.26470081721033356,0.7804053221430094,-0.27053217334406704,0.5266224145889282,0.30436488730566824,0.8290973288672306,-0.09134941228798453,0.14109854400157928,0.25133511764662597,0.8372418999671932,-0.32188060879707325,0.36929669976234436,0.3108897379466464,0.8227256808962137,-0.09821338994162418,0.16160431504249573,0.24967405966349998,0.8510228633880611,-0.352817004067557,0.30256831645965576,0.30753051127706243,0.8301551955086841,-0.10785176328250336,0.16214294731616974,0.2526046012129101,0.8512568558965405,-0.3425043344497679,0.25825297832489014,0.3038845522063118,0.8298043404306681,-0.09602412645305902,0.1342323124408722,0.2544942762170518,0.8483626161302834,-0.3208086090428487,0.16116902232170105,0.3091611657823834,0.609352236134665,0.04544135268245422,0.9997878074645996,0.2968345318521771,0.6026535221508569,-0.045544659133468335,0.99984210729599,0.3438580887658254,0.6073521835463385,0.16011908905846722,0.06064498797059059,0.3253855066640035,0.5907988173621039,-0.04438167523060524,0.5834256410598755,0.3384674523557934,0.6678019131932937,0.27535345894949764,0.08502287417650223,0.3352628537586756,0.6195343817983352,-0.03481694034167697,0.3863682150840759,0.33720540063721777,0.673683052403586,0.2871708163193293,0.20545974373817444,0.33367744343621375,0.6228296620505194,-0.03364490052419049,0.385675311088562,0.33536111031259797,0.6922295144626069,0.27921704649925216,0.07646089047193527,0.34344607761928,0.6226125836372374,-0.054542498343757205,0.3118991553783417
19,0.2843086676938192,0.7452201179095673,-0.0847970896533557,0.9686449766159058,0.287070539167949,0.7484686664172577,-0.08562149873801636,0.9765588641166687,0.28761273281914834,0.7474443503788535,-0.08578971347638535,0.9700183868408203,0.2882211480821881,0.7467794861112319,-0.08573987803288864,0.9821177124977112,0.286297594649451,0.7504345876829961,-0.09881786853075022,0.9815804958343506,0.28604860390935616,0.7507997921534943,-0.09897075529609403,0.9816654324531555,0.28586893422262993,0.7518564360482349,-0.09910117111035752,0.986320436000824,0.28900010160037437,0.7414782302720202,-0.08837089091539378,0.98438960313797,0.2850701672690254,0.7486365709986003,-0.14662974817412233,0.9618884921073914,0.28378351926803574,0.7376100897788997,-0.07744713297912048,0.971754252910614,0.28289301225117264,0.7390978693962094,-0.09637228250503535,0.9654581546783447,0.29297007322311386,0.7156405721391947,-0.05689408310822076,0.9994389414787292,0.28003405502864276,0.725380548409053,-0.18460872982229495,0.9985560178756714,0.292012025628771,0.7658541611262727,-0.05696794545011859,0.08314497768878937,0.2640628831727163,0.7793780224663867,-0.2544013415064129,0.538815438747406,0.30717200381415216,0.8316206932067868,-0.07613016111510137,0.16585823893547058,0.2509886017867496,0.8369251506669177,-0.29795463766370484,0.37315356731414795,0.31339482665061935,0.8233738745961867,-0.08277903028896873,0.18685945868492126,0.24847860506602684,0.8502948556627542,-0.32737829344613195,0.30780717730522156,0.31019752706800174,0.8304644959313525,-0.09120782379593163,0.18746188282966614,0.2510930836200713,0.8508799007960725,-0.318037951844079,0.263782799243927,0.3059819970812115,0.8290832689830231,-0.0800380068165915,0.1546371728181839,0.25296862721443164,0.8480316826275413,-0.2968679334436143,0.1645682156085968,0.3084875651768274,0.6095341018268037,0.04440089964440889,0.9997901916503906,0.29612616385732365,0.6019323195729934,-0.04450570493936537,0.9998331665992737,0.34124549286706085,0.5973350048065182,0.16485211551189416,0.06547476351261139,0.32424482958657386,0.5907511643001009,-0.04072554696883472,0.6016947031021118,0.3405559165137153,0.6195741363934105,0.27984273007937827,0.09932771325111389,0.3360638856887816,0.618810244968959,-0.007343934037323508,0.4033670425415039,0.34078760487692683,0.620698159081595,0.2895702447210038,0.22017093002796173,0.33466115253312234,0.6250385556902202,-0.003596596659294198,0.3950289189815521,0.3374525410788398,0.6272691437176293,0.28567385332924966,0.08302760124206543,0.34239107540675556,0.6212927409580773,-0.02232858730213982,0.31426310539245605
20,0.2824779646737234,0.7477331553186686,-0.10227011718920294,0.9676342010498047,0.28489843436649853,0.7502546940531046,-0.10284314921924041,0.9754402041435242,0.28538583261626094,0.7492873294012884,-0.10301644844668247,0.9688647985458374,0.28608366421290793,0.7482178790228704,-0.10295552057879306,0.9810807108879089,0.28470847010612477,0.7522123353821887,-0.11736489044768464,0.9806636571884155,0.284846555335181,0.7521997656141005,-0.11753330656460347,0.981103241443634,0.2850721844605036,0.7535746438162664,-0.11767089260475971,0.9857622981071472,0.28702988624572745,0.7434754593031744,-0.09244112819433208,0.9840028285980225,0.2847939133644103,0.7501467875071931,-0.1593576673950467,0.9616720080375671,0.28198925597327085,0.7398916193417137,-0.09317108009542732,0.9711179137229919,0.2818014042718069,0.7415460705757138,-0.11376446506806777,0.9651151299476624,0.2903880357742308,0.7178452202251976,-0.05201787629297799,0.9993889331817627,0.27987968666212887,0.7262053046907694,-0.19296781676156172,0.998331606388092,0.28502357857567906,0.7650299106325419,-0.03338617959192819,0.09798038005828857,0.262996139696666,0.7789531367165697,-0.252093567592757,0.5638270378112793,0.29736338002341123,0.8231087888990125,-0.05191005596092766,0.18791046738624573,0.2507993459701537,0.8365575994764052,-0.28251864058630793,0.3986561894416809,0.3024703230176652,0.8179936408996578,-0.05715472208602085,0.21164506673812866,0.2480359409536633,0.8511767659868509,-0.31254362463951096,0.33216384053230286,0.3001616929258618,0.82489344051906,-0.06769789755344388,0.21324557065963745,0.25069889426231373,0.8511789934975756,-0.30352982112339555,0.28839340806007385,0.29631809592246994,0.8247935908181323,-0.05659688562154767,0.17677940428256989,0.25156496337481893,0.848263950007302,-0.2812530287674494,0.1838970184326172,0.30633451853479643,0.6097982117107933,0.048403511622122336,0.9997864365577698,0.2960050310407365,0.601404239450182,-0.0485182504568781,0.9998095035552979,0.3345862286431447,0.5776274476732524,0.1823013165167399,0.0911930724978447,0.32531563724790286,0.5843116453715731,-0.03154317050107887,0.6230922937393188,0.33948099442890695,0.5499903849193026,0.31559833799089687,0.13947035372257233,0.3379017387117657,0.6501298648970464,0.03690730104488984,0.42011576890945435,0.3424234969275337,0.542453633035932,0.3273728123732974,0.2516409754753113,0.3357797580105916,0.6589467559541972,0.04468956823859894,0.4036169648170471,0.33681294662611805,0.5424236229487825,0.3166889071464537,0.10510654747486115,0.342784695965903,0.6511506676673886,0.02869588823190756,0.3187195658683777
21,0.28225305591310756,0.7520435503550935,-0.15349789453404283,0.9704668521881104,0.2846567835126603,0.7534580128533497,-0.1508302156414304,0.9775751233100891,0.2852046838828494,0.7523634655135014,-0.15100291264908647,0.9715434908866882,0.2859504171780176,0.7510526810373576,-0.1509436886225427,0.9827093482017517,0.28442857350621886,0.7557760408946442,-0.16735288458211073,0.9823678731918335,0.28495164343288953,0.7553710733141215,-0.16754245651619767,0.9827789664268494,0.2850764734404426,0.7549708911350792,-0.167685660294124,0.9870232939720154,0.2864439070224761,0.7457315768514357,-0.12125872905765256,0.9853870272636414,0.2853263165269578,0.7520853570529389,-0.1980111509561538,0.96504807472229,0.28141847423144734,0.7437136241367882,-0.1382519323910985,0.973578929901123,0.28143365468297676,0.7457960639681132,-0.16144989728927606,0.9681684374809265,0.2877857548849922,0.7186504159654886,-0.0624730831810406,0.9993987083435059,0.28011168837547284,0.7267199873924253,-0.2221910400050026,0.9983468651771545,0.27528596520423876,0.7591185723032267,-0.030872403351323928,0.09167052805423737,0.2621799741472515,0.7778225149427138,-0.27656236631529657,0.5902097821235657,0.27728831086839933,0.8053146447454176,-0.06327480822801587,0.17772316932678223,0.2509186463696615,0.8362133162362231,-0.30430904797145286,0.4265761077404022,0.2807626630578721,0.8093978387968878,-0.06907809185130252,0.20456941425800323,0.24851055996758586,0.8526957767350328,-0.3368738855634415,0.3573770821094513,0.2793343467371803,0.8176484567778447,-0.0835144602826663,0.20778706669807434,0.25136304795742026,0.8519104702132085,-0.32787207279886504,0.31380316615104675,0.2764892484460557,0.8181697419711518,-0.07006941459008623,0.17427659034729004,0.25148286393710534,0.8484903369631082,-0.3033427187374659,0.20320355892181396,0.30383768337113504,0.6097694260733465,0.053098877625805965,0.9997992515563965,0.29599233099392463,0.601437413692474,-0.05321968155247822,0.9998155832290649,0.3306572582040513,0.572706307683672,0.1924823765243802,0.11812657117843628,0.32603054472378307,0.5864960295813422,-0.01489363429801804,0.6503379344940186,0.3368899703025816,0.565600606373378,0.3413539205278667,0.18867996335029602,0.33882072142192277,0.6651419997215269,0.09265986575878088,0.4584875702857971,0.3406805983611514,0.5608957154410223,0.35488171747752584,0.2933853566646576,0.3364303324903759,0.673037014688764,0.10455202665179963,0.4311339855194092,0.33406640631811946,0.5670204724584305,0.34275595290320243,0.1438787430524826,0.34180087532315917,0.663828132833753,0.08984384440949982,0.3539990782737732
22,0.28253225513866953,0.7553942152432029,-0.17877931488411758,0.972624659538269,0.28520936880792874,0.7561448046139304,-0.17507457648004798,0.9792301654815674,0.2855305790901183,0.7546759690557204,-0.17524401460375097,0.9735487103462219,0.28590584652764445,0.7534487230437139,-0.17519721644265304,0.984010636806488,0.28484916772161195,0.7588015930993213,-0.1920412608555384,0.9836947321891785,0.28540050983428944,0.7582339644432065,-0.1922369901623044,0.9839972853660583,0.28527930464063356,0.7558097634996683,-0.19238170747246053,0.9879645705223083,0.2865226498671939,0.7470168522426057,-0.13991443280662802,0.9863491058349609,0.28585031458309706,0.7533412490572244,-0.21856137641838608,0.9673529863357544,0.28129845942769716,0.7472505092620847,-0.16143452333552488,0.97544926404953,0.2814423722880226,0.748991295269557,-0.18519890585115967,0.9703236222267151,0.28629430191857463,0.7184054817472183,-0.07714206129312512,0.999313235282898,0.28039838671684253,0.7265558310917443,-0.23799650839396874,0.9979769587516785,0.2651048362255095,0.749764777932848,-0.03848464148385182,0.08382581174373627,0.2621025451592035,0.776053370748247,-0.3030948472874504,0.5597735643386841,0.2546471553189413,0.7821883371898102,-0.07907169184514451,0.16375339031219482,0.2505221162523541,0.8356673717498775,-0.3296295625822883,0.40215396881103516,0.2560096647058213,0.7948517050061904,-0.08488914966583247,0.1904594749212265,0.24790377829756044,0.8534244452204018,-0.3640790419919149,0.3348877727985382,0.2545832812786101,0.8024144019399366,-0.10545910022088453,0.19419416785240173,0.25007064470223006,0.8523696729115073,-0.35534225446837275,0.29350462555885315,0.25332581741469234,0.8021573730877464,-0.08886406953845702,0.16306418180465698,0.2509368304695401,0.8486853275980264,-0.32912803377423955,0.18893033266067505,0.302143963745662,0.6097639305250983,0.05523259629096301,0.9997488260269165,0.295954109089715,0.601770256246839,-0.05535938069224355,0.9997694492340088,0.33037781885692036,0.5886625204767497,0.17899790278502864,0.10719669610261917,0.3280716921601975,0.6004354034151347,-0.008155980280467438,0.59623122215271,0.33610592484474167,0.6278011662619452,0.34041758520262566,0.17135629057884216,0.3392232256276265,0.66850026505334,0.10597043665392053,0.4191451668739319,0.340086713007518,0.6300724046570911,0.3576131045818327,0.2688871920108795,0.33656241808618803,0.6759161199842177,0.11843414764319142,0.3947855234146118,0.33274045671735475,0.6438730699675421,0.34479014277458175,0.1312927007675171,0.3413234199796402,0.6720737951142444,0.1003400646682296,0.3223087191581726
23,0.2821992090770175,0.7558318512780322,-0.1581990548542567,0.9741136431694031,0.2850418823105947,0.7564476098333082,-0.15722636495317724,0.9802669286727905,0.2852248166288647,0.7547741958073204,-0.15739025388445166,0.9747768640518188,0.2854173694338116,0.7539895125797814,-0.15735147254807602,0.9848792552947998,0.28505323103495994,0.759289375373295,-0.17265532612800588,0.9845459461212158,0.2854404934814997,0.7590928792953487,-0.17284107761723647,0.9847501516342163,0.28508287072181693,0.7559796673910955,-0.1729827097484043,0.9885890483856201,0.2860857980591909,0.74681646994182,-0.13446859738656447,0.9869337677955627,0.2857852731432232,0.7531740580286295,-0.20587296102728153,0.9687012434005737,0.2808599557195389,0.7481315510613574,-0.1450192938957895,0.976947009563446,0.28111735412052685,0.7491694331169125,-0.1667422835315976,0.9720281362533569,0.28602362615721555,0.7180948104177199,-0.08322596784148895,0.9993016719818115,0.2801866020475114,0.7269361666270662,-0.2276057528597967,0.9979005455970764,0.27062823431832433,0.7535230636596677,-0.05340738844658645,0.07738488167524338,0.26098605564662375,0.7761643903596057,-0.30134719439915236,0.5329552888870239,0.2655436941555567,0.794414913654327,-0.09353825045483449,0.15322783589363098,0.2493057493652615,0.8362906030246187,-0.33234161308833515,0.3827052712440491,0.26839154107230034,0.810165885516575,-0.10038998510156355,0.17957431077957153,0.24652888561998085,0.8530434114592412,-0.3661335655621118,0.316852331161499,0.26601366400718673,0.8174444862774437,-0.1214433787124497,0.18370671570301056,0.24792986341885148,0.8526942627770555,-0.35724855576242703,0.2769179344177246,0.2638893008232115,0.8151975342205589,-0.10370084643363947,0.154572531580925,0.24949583836964187,0.8495010188647676,-0.3318792547498429,0.17722710967063904,0.30156388112476884,0.6091972913060867,0.05296017729810304,0.9997250437736511,0.29568266187395353,0.602088529723031,-0.05308240747877527,0.9997435808181763,0.33264982444899405,0.6027149626186913,0.1487469498600278,0.09820924699306488,0.33013970596449704,0.6181258491107393,-0.014929214918187678,0.5553979873657227,0.3374722429684229,0.6808947171483718,0.30476568426404665,0.15618301928043365,0.34033826248986365,0.6696917465754915,0.08473100800599367,0.38426151871681213,0.3400131591728754,0.6901039770671296,0.3221067973545618,0.24798499047756195,0.33646846669060826,0.6763398868697027,0.09575098859412326,0.36237233877182007,0.33349270139421716,0.7072111623627795,0.3120132991245813,0.12031790614128113,0.3421462876456123,0.6727142674582343,0.07754145754235128,0.2943248450756073
24,0.28199983239173876,0.7556610754558015,-0.12582915680749068,0.9752188324928284,0.284629920550755,0.7561683620725356,-0.1262659515653337,0.9811848998069763,0.2847382383687154,0.7546470182282581,-0.12642807109015322,0.9758124351501465,0.2846939972468784,0.7538052303450445,-0.1263854822942188,0.9856143593788147,0.2850107039724076,0.7590745449066159,-0.1409216859510966,0.9853814244270325,0.2851335942745208,0.7589934945106502,-0.14110127006258277,0.9855173826217651,0.28493950963020315,0.7575943452971319,-0.14123548822743545,0.9892221689224243,0.2854586533137729,0.747009090014866,-0.11206978176321296,0.987479031085968,0.28524135691778985,0.7537421788488112,-0.1822113697017941,0.9704092144966125,0.28038608261517106,0.7480565718242097,-0.1159187672393662,0.9780017137527466,0.28071743590491144,0.7488573159490308,-0.1366612792015075,0.9734321236610413,0.2861857209886822,0.7180111987250188,-0.07052712504352839,0.999235212802887,0.2795687513692037,0.728889533451625,-0.2100325252328599,0.9978877902030945,0.2819076180458067,0.7220617720058982,-0.04709170630999972,0.07095126807689667,0.25992349897112155,0.7787239330155504,-0.2844015181064604,0.5207003951072693,0.28554491741316645,0.7277063318661278,-0.07976888056312284,0.14073045551776886,0.24806643979889992,0.8371105670928951,-0.3185204659189495,0.36942920088768005,0.2914591457162583,0.735276469162532,-0.08577688080923894,0.16661140322685242,0.24516003429889666,0.8529654570988242,-0.3508714343820298,0.306609570980072,0.2887152969837187,0.739050093718937,-0.10455954628331315,0.17078359425067902,0.24573628945010037,0.8531505823135372,-0.34030672567231296,0.2673162817955017,0.2849863367421285,0.7394740309034071,-0.08892460869891299,0.14337167143821716,0.2478379943541117,0.850154614448547,-0.3172201199190956,0.16922618448734283,0.3014322519302367,0.6086057066917416,0.050393229935850395,0.9996801018714905,0.2949382952281405,0.6026643327304292,-0.050527237142835316,0.9997144341468811,0.33315994739532456,0.6044162579945153,0.13305800386837544,0.08905911445617676,0.32687006167003074,0.6399586711611063,-0.02757483242811368,0.5147523283958435,0.33779839106968457,0.6760928698948447,0.2843000037329536,0.14158278703689575,0.33613275544983984,0.6770344461713516,0.049766203973974465,0.35280704498291016,0.3400039979389734,0.6836500491414748,0.3012375456946236,0.22680890560150146,0.336778449160712,0.6837344782693042,0.058873303873198335,0.3330978751182556,0.33427901268005356,0.7009142024176458,0.2903343771185192,0.1096322312951088,0.33888195497649043,0.684262941564832,0.03992894675050461,0.26962268352508545
25,0.2823885926178522,0.7563977156366617,-0.13511360585689539,0.9776553511619568,0.2846855861800056,0.7571657027517043,-0.13632255409445077,0.9830438494682312,0.2848836796624319,0.7558013626507347,-0.1364953343357358,0.9782019853591919,0.2847446518284933,0.7549142956733701,-0.13644102258341645,0.9870356321334839,0.2850470193794794,0.7597894055502752,-0.15088880104678012,0.9868199825286865,0.28513938273702333,0.7598735264369416,-0.15106824593884596,0.9869421720504761,0.28491138730730314,0.7594784787722992,-0.15121559543269014,0.9902807474136353,0.285150738273348,0.7482439943722313,-0.12201616976942328,0.9887159466743469,0.284900654213769,0.7550229259899681,-0.192664463179452,0.9733170866966248,0.2806434971945625,0.7483353989464893,-0.1251053501452718,0.9801608324050903,0.2806680117334637,0.7495425479752673,-0.1458320485694067,0.9760230779647827,0.28605721933501094,0.7187320555959426,-0.07572436268840514,0.9992952942848206,0.278974950313568,0.730788285391671,-0.21668473695005677,0.9980564117431641,0.2902081046785626,0.7076698422431943,-0.05994299730019908,0.06669844686985016,0.2578345520155769,0.7813702821731563,-0.2856031145368302,0.5328205227851868,0.3019008823803492,0.7185050930295669,-0.0857310165252004,0.1304672807455063,0.24573626135076784,0.8384909238134107,-0.3267510805811199,0.38665971159935,0.3085825869015284,0.7099505833217072,-0.09266992083617615,0.15482096374034882,0.24293537225042058,0.8531026005744929,-0.3603113353252409,0.31789687275886536,0.30606682726315076,0.7140643954277035,-0.10680227428674692,0.15884406864643097,0.24454959247793456,0.854063316753932,-0.3486874154635836,0.27679094672203064,0.30109381164823246,0.7156557713236124,-0.09277035104376925,0.13327154517173767,0.24561867969376688,0.8514295492853433,-0.3250920082841599,0.1732366979122162,0.30146215217454075,0.6084443977900911,0.04732948871595517,0.9996300339698792,0.29410287482397884,0.6027697001184733,-0.04746074506214685,0.9996864199638367,0.3335741928645541,0.6048142961093355,0.15679922231606067,0.08965454250574112,0.32214233194078706,0.6401855145181925,-0.016040931336049512,0.5113478899002075,0.33790902750832674,0.6774737170764374,0.31335928780691946,0.13712508976459503,0.33042619654110483,0.6540142536163327,0.07136610671877858,0.3464445471763611,0.3395070935998643,0.6848750642367769,0.32918864744050147,0.2245485484600067,0.33512695772307244,0.6581673009054998,0.08320747762918468,0.31910014152526855,0.3351361657891953,0.7005022014890395,0.32220865062304893,0.1090635135769844,0.33417873723166314,0.6595485516956872,0.06358055046626497,0.2632737159729004
26,0.28184374570846543,0.7569834692137579,-0.1467571990830557,0.9794557690620422,0.2842233155454907,0.7580953921590529,-0.14678230200495032,0.9844889044761658,0.2842403028692516,0.7568189144134518,-0.1469562215464455,0.9800264835357666,0.28417335493223994,0.7558986067771908,-0.14689601148877818,0.9881351590156555,0.2848829601492199,0.7604392732892714,-0.1620019853115081,0.9879657626152039,0.28501530289649946,0.7604832547051562,-0.16218179549489695,0.9880642890930176,0.28486536570957716,0.7607253994260511,-0.16233451536723537,0.9911215901374817,0.28451459152357905,0.7494864259447366,-0.12584191305296755,0.9896676540374756,0.2846629943166459,0.7559426682335986,-0.2007445207663944,0.9756386876106262,0.27962378518921976,0.7480208958898268,-0.13447788975068492,0.9818441271781921,0.2799792000225611,0.7497217740331373,-0.1560278952121734,0.9780529737472534,0.2843702239649635,0.7197626795087538,-0.07379458184753143,0.9992824792861938,0.27860250387872953,0.7314924853188648,-0.2264777430466242,0.9981382489204407,0.2889091219220841,0.716624387672969,-0.05312905877030319,0.061924755573272705,0.25622011167662473,0.7824285353933058,-0.29383655445916296,0.5443598031997681,0.3010418713092803,0.7494061146463663,-0.08078384591000418,0.12127845734357834,0.2451277013335908,0.8387222477367942,-0.33597249558993736,0.39557087421417236,0.3074933631079536,0.7371370043073378,-0.08842169152838839,0.14649999141693115,0.24262766454901002,0.8525786978857853,-0.3682607020650589,0.3278735280036926,0.305410884959357,0.7427945171083719,-0.10186830397163113,0.15098071098327637,0.24526136219501485,0.8539582916668479,-0.35850005234990784,0.2864421308040619,0.30044006449835625,0.7430185760770522,-0.0874486176030976,0.12655384838581085,0.24535076320171342,0.8514677558626444,-0.3356139148984635,0.17794498801231384,0.30071147254535113,0.6075627616473604,0.04804140818970542,0.9996390342712402,0.29368347610746093,0.6030290825026372,-0.048167983123234316,0.9997019171714783,0.33392184036118633,0.6052105256489342,0.16004322724682937,0.08342878520488739,0.3205241279942647,0.6376135860170633,-0.013369992691358279,0.5170122981071472,0.33788464069366436,0.6774328913007461,0.32181736401149186,0.12904541194438934,0.3312794106347219,0.6343953115599493,0.10483244646872789,0.3553732931613922,0.3382838249206541,0.6849845290184018,0.3386223512036458,0.2148112654685974,0.33642149823052525,0.6398758922304423,0.11125610502702844,0.3157500922679901,0.3348168092114583,0.6995533296040123,0.32923683013234806,0.10491812974214554,0.3289737011705125,0.6359809807368684,0.09147342677627288,0.26415538787841797
27,0.2815051564148493,0.7570473960467744,-0.15348375226770122,0.9810183048248291,0.28389136280332283,0.7582763739994591,-0.15050294399261469,0.9856942296028137,0.28371880054473864,0.7568801607404433,-0.15067299987588603,0.9816011190414429,0.28378111549786145,0.7558942811829699,-0.1506086362259728,0.9890847206115723,0.2849007572446549,0.7605102641241888,-0.16720143514020094,0.988893449306488,0.2851218487535203,0.7603338616234911,-0.16738484501838674,0.9889793992042542,0.2850747091429573,0.7606913975306916,-0.16753277054854793,0.9917764663696289,0.2838864854403903,0.7495363950729367,-0.1207513958215713,0.9904758930206299,0.2847261113779884,0.7557567340987065,-0.20046240772519783,0.9773855805397034,0.2786020364080155,0.7471328207424706,-0.13806648190532406,0.9830798506736755,0.27936395832470473,0.7492431896073474,-0.1615303537675312,0.9793968200683594,0.28227860076086847,0.7191906537328445,-0.061794088887316814,0.9992290735244751,0.27858382208006705,0.7309588977268761,-0.2292269596031733,0.9977368116378784,0.2869993950639451,0.74408528975078,-0.03118135553917713,0.05947289615869522,0.25756135923521845,0.7817748955317902,-0.29644618460110245,0.5183720588684082,0.3049906134605406,0.8078325356755933,-0.057299240465675055,0.11830835789442062,0.24570126490933544,0.8404064502034865,-0.3352909275463648,0.36647242307662964,0.31167847258704034,0.8046486820493421,-0.06327527005757602,0.14577628672122955,0.2432397723197936,0.8537587370191297,-0.3671351926667348,0.3045569956302643,0.3095037034579684,0.8132689458983281,-0.07743549932326585,0.15148811042308807,0.2455692103930881,0.8561483962195255,-0.3572498500347136,0.2657688558101654,0.30446948323931,0.8119119899613514,-0.06375795975327489,0.12696793675422668,0.24556888980524869,0.8538115842001774,-0.33496640750340034,0.16478951275348663,0.2996402544634681,0.60485485962459,0.053070820655141536,0.9995812773704529,0.29315063612801673,0.6037048407963341,-0.05319762772747446,0.9996328949928284,0.33375307662146414,0.6037207927022659,0.15312984032290317,0.07819271087646484,0.3118211320468356,0.6673291598047526,-0.04511978585006933,0.4923321306705475,0.3376673749514987,0.6780110052653718,0.3118559028421128,0.11943274736404419,0.3205116638115473,0.6720375384603225,0.06186831992651731,0.33461442589759827,0.3365423474993023,0.686585017613002,0.32786045670509323,0.20224373042583466,0.3194987722805567,0.6710845129830494,0.06386010178497856,0.2945672273635864,0.3390768434320176,0.6974684732300891,0.3090134007590156,0.09928100556135178,0.3161660458360398,0.6794707264219009,0.03566395310418945,0.24850143492221832
28,0.281684511899948,0.7571375932012283,-0.15580791980028144,0.982434868812561,0.28380840676171426,0.7580389125006536,-0.151161027593272,0.9867549538612366,0.2835252089159828,0.7565760816846572,-0.15133154009069708,0.9829860925674438,0.28354019437517425,0.7555153233664373,-0.15126451594488954,0.9899212718009949,0.28517175316810595,0.7605121731758114,-0.1684395824159894,0.9897212386131287,0.2854717918804712,0.7601804307528901,-0.16862785433019903,0.9898359775543213,0.2855454623699187,0.7605269806725634,-0.16876868009567253,0.9924026727676392,0.28341208696365344,0.7490131684711998,-0.11668939185994007,0.9911709427833557,0.2847322242600576,0.7554146272795537,-0.19847121238708487,0.9789891839027405,0.2782122986657277,0.7464859145028246,-0.13885593882628844,0.9841713309288025,0.2792310893535613,0.7489280870982575,-0.16309536397457114,0.9808447360992432,0.28072550892829884,0.717442553383963,-0.04960637933441568,0.9991337060928345,0.2780542790889739,0.7303851962089536,-0.22671305494649058,0.9974196553230286,0.2831530094146727,0.7444963114602222,-0.009287017124838056,0.05548568814992905,0.26024441378457197,0.7805899909564423,-0.2921648774828228,0.505642831325531,0.3014270850590296,0.7689859271049496,-0.030335935045565865,0.11126632988452911,0.2443406364747455,0.8423730288233072,-0.3269653115953716,0.37340930104255676,0.30920318194798047,0.7740793517657686,-0.03326695721064293,0.13961158692836761,0.2426135548523493,0.8579720088413779,-0.35877766949789847,0.31611618399620056,0.3072412703718456,0.7816848720823012,-0.04956227413245608,0.1455180048942566,0.24374280146190086,0.8595422557422088,-0.3470825961657931,0.27511465549468994,0.3024306033338818,0.7825354916708807,-0.03722930422851016,0.12200285494327545,0.24474592421736024,0.8569544638906201,-0.32552507008825016,0.17112360894680023,0.2983124247619082,0.6021987966128755,0.056259291193314936,0.9995390176773071,0.2919314903872352,0.6045485734939572,-0.05640839572463714,0.9995612502098083,0.33321222407477225,0.60394788810185,0.14138335841042649,0.08650704473257065,0.30405422619410905,0.6997807332447594,-0.07818364172043009,0.493804007768631,0.33685605866568413,0.679763168948037,0.2986253874642507,0.14333635568618774,0.30798954793385086,0.7089985557964866,0.01329282687178679,0.38425156474113464,0.3347987736974442,0.6882418428148539,0.3144211692469459,0.23016701638698578,0.30743446094649163,0.7123336757932388,0.015675411692687435,0.3350750207901001,0.3418196465287888,0.7000944903918671,0.28521042891911086,0.12981125712394714,0.30499801380293695,0.7262080618313378,-0.032112856102841224,0.3052651882171631
29,0.2816254419939857,0.7559116806302748,-0.1496124729514121,0.983936071395874,0.28345371484756454,0.7573267630168365,-0.1452279131327356,0.9879198670387268,0.28326460889407556,0.7559143304824826,-0.1454025879502296,0.9844921827316284,0.28335398691041114,0.7550592797143115,-0.1453267105988093,0.9908143877983093,0.284449461528233,0.7598223226410998,-0.16215866250651217,0.990625262260437,0.2846274971961974,0.7596447059086388,-0.16234709450176776,0.9907422661781311,0.28467441882405947,0.7600165452275954,-0.16247804548059183,0.9930733442306519,0.28304806521960657,0.7479413526398792,-0.11311230957508082,0.9919508099555969,0.28358789682388297,0.7552458507674077,-0.19149570081915163,0.9808436036109924,0.278407140289034,0.7458160792078287,-0.133313748879092,0.9855393767356873,0.27877589464187613,0.7479680708476472,-0.15738376932484754,0.9825098514556885,0.2802881734711782,0.7162120308194838,-0.04647105133959223,0.9990738034248352,0.2767077233110154,0.7298671262604847,-0.2143258729151316,0.997403621673584,0.2771789014339446,0.7384625383785789,-0.004132590655769616,0.05282974988222122,0.2605808453900472,0.7802353484289982,-0.27805449025971535,0.5206872224807739,0.2896380407469612,0.7510293568883619,-0.02090484382850782,0.10692322254180908,0.24005501185144687,0.8439267533166064,-0.30855946711131493,0.38943904638290405,0.29590865373611436,0.7546489136559619,-0.020558107750756387,0.13685105741024017,0.23911726985658907,0.862224698066711,-0.34114911556243877,0.3325991630554199,0.2938510349818637,0.7613974928855892,-0.03864681944251058,0.14383448660373688,0.2406502889735357,0.8621455720492768,-0.327242920228413,0.2913101613521576,0.2900949461119514,0.7629254579544064,-0.028392543111528654,0.12099099159240723,0.2410770991018839,0.8595969234194071,-0.30557720320565346,0.18188880383968353,0.29697031974792465,0.6019799249512805,0.055514931678771945,0.9994074702262878,0.28980531607355375,0.6049145681517462,-0.05565162907753669,0.9994515180587769,0.3338028703417095,0.6049231699534822,0.14607654341629567,0.087192602455616,0.3035944623606544,0.6847721253122598,-0.07676885308963909,0.5005196928977966,0.3358107447624205,0.6822565197944638,0.30006426402500685,0.14514124393463135,0.2989017111914497,0.6862572073936459,-0.0014115990804774402,0.41278791427612305,0.33304702213832293,0.6930958424295695,0.315101887498583,0.2380772829055786,0.29869900686400264,0.6888842804091314,0.007478104957512451,0.35316041111946106,0.34095874599048054,0.7035251396042956,0.2888699344226291,0.1357985883951187,0.3008471310138701,0.7037363920892985,-0.04558405524918009,0.32986488938331604
30,0.2808499813079832,0.7543652670724048,-0.1332056324396814,0.9854438304901123,0.2827504456043242,0.7559549808502194,-0.1317551806569099,0.9890627861022949,0.2825570787702287,0.754600826331547,-0.1319253184965678,0.9859732985496521,0.2827875469412121,0.7539848497935701,-0.13184785885470246,0.9916853308677673,0.2832989249910626,0.7585241062300542,-0.1478356059108461,0.9915085434913635,0.283294973203114,0.7584317241396219,-0.14802542371409272,0.9916250109672546,0.2832760427679333,0.759063122953687,-0.14816198689596988,0.9937247633934021,0.282406278167452,0.7462227787290298,-0.10368346593209671,0.9927115440368652,0.2818571976252964,0.754187875134604,-0.18041379281452716,0.9826542139053345,0.2780870948519024,0.7445045300892418,-0.11957663659538537,0.9868695139884949,0.277899989059993,0.746352478436061,-0.14184581552233008,0.9841229915618896,0.28019742880548737,0.715524932316371,-0.04274306478244916,0.9991059303283691,0.2749641971928731,0.7291512404169351,-0.2035997245992932,0.9975135326385498,0.2790041991642542,0.7078642913273399,-0.00554673867965383,0.05179988592863083,0.25898311904498494,0.7804817949022561,-0.2701187346662793,0.5293664932250977,0.28584609542574185,0.6869251302310395,-0.024636987543531816,0.10767840594053268,0.23775521303926184,0.8435354215758183,-0.2963515937328337,0.4052290916442871,0.29117455737931375,0.6836679748126435,-0.026714755062546034,0.1400270313024521,0.2371143681662422,0.8626981513840807,-0.3250150748661585,0.349704384803772,0.28892396347863325,0.6872467603002272,-0.04331362949950353,0.14815090596675873,0.23952378460339127,0.8611302188464569,-0.3164694232600075,0.30812087655067444,0.28668659073965874,0.6909392169543671,-0.03089295231870241,0.12528486549854279,0.23815733407224915,0.8581910014152523,-0.2948022288935524,0.19556647539138794,0.29567427294594884,0.6034650921821592,0.056432563492229984,0.9993959069252014,0.2870492330619266,0.6084819265774315,-0.056552769350154034,0.9994377493858337,0.32995433722223544,0.5990651505334035,0.1568388525928769,0.10646776854991913,0.29863222496850134,0.6829316922596519,-0.09403425199644902,0.5221934914588928,0.333150746992656,0.6766483102525981,0.30041228617940613,0.17720243334770203,0.29433853455952225,0.6945356334958754,-0.05533431795026572,0.4521832764148712,0.331813654729298,0.671608585970742,0.31407372355461105,0.27797532081604004,0.29347501652581337,0.6959362319537568,-0.05159345418214796,0.38490864634513855,0.3375857549054281,0.6828832268714902,0.29051408256803224,0.16792257130146027,0.2951681205204554,0.7186206136431009,-0.10232568585446898,0.37083700299263
31,0.28035243153572065,0.755437748772757,-0.13266581967473023,0.986884355545044,0.28235430376870274,0.7569068772452214,-0.13348206047500877,0.990148663520813,0.28219211697578417,0.755540175097329,-0.1336422944175345,0.9873661994934082,0.28252255235399504,0.7549587437084739,-0.13357545472681515,0.9925112724304199,0.28297344616481224,0.7593124985694881,-0.14955883050071336,0.9923466444015503,0.28296106117112285,0.7592063103403361,-0.14975239554686198,0.9924511313438416,0.28271292022296346,0.7592362625258307,-0.14989795881722648,0.9943411350250244,0.28190366455486826,0.7463830130440845,-0.10710331127047534,0.9934354424476624,0.2808418895517075,0.7537862011364524,-0.18303553148039742,0.9843378067016602,0.2779039561748503,0.7462025523185727,-0.12053502223321365,0.9881489276885986,0.2776188262871332,0.7477007780756266,-0.14238140093428742,0.985657274723053,0.27946734939302703,0.7148726361138477,-0.04966498709150721,0.9991899132728577,0.2717740782669611,0.7270689862115038,-0.20381870014326905,0.9976414442062378,0.284171369246074,0.6703483785901747,-0.019433802259819846,0.050540659576654434,0.259085087265287,0.7798116479601175,-0.2674015211207525,0.4959874451160431,0.2934212114129746,0.642331048420497,-0.045309467081512705,0.11238265782594681,0.23853260449000754,0.8439170939581732,-0.29019730772290897,0.390743613243103,0.298333237000874,0.6354228649820597,-0.05063402535659924,0.14186014235019684,0.23681012775216773,0.8624205980982096,-0.318545415997505,0.3367253243923187,0.2956313678196497,0.6369371891021726,-0.06659702142434458,0.15037477016448975,0.2388006465775625,0.8624009455953321,-0.31194064532007476,0.2959202527999878,0.29381328139986296,0.6397994790758403,-0.05079994563545498,0.1271960586309433,0.23709861593587048,0.8589339188167022,-0.28931027267660403,0.18629619479179382,0.29474995987755903,0.6025120105062209,0.05861952528357503,0.999423623085022,0.28456012947218745,0.6126386625426153,-0.05873751257147105,0.9994292855262756,0.3242656929152351,0.5864040851593015,0.18639192283153527,0.10043727606534958,0.2849318921566008,0.7180405037743701,-0.11875533184834883,0.5211924314498901,0.3308961118970597,0.6405918138367785,0.33690094011170507,0.1693565845489502,0.2782628195626394,0.7700332232883995,-0.13061953415828084,0.4660389721393585,0.33095544746943867,0.6268877489226202,0.3514778614044188,0.2735404670238495,0.2740232331412178,0.7600349903106686,-0.13174336786781032,0.39952874183654785,0.3383755207061766,0.6322966456413266,0.32367004156112655,0.1631200760602951,0.2752668704305375,0.8160781111036024,-0.18203698769211762,0.40502479672431946
32,0.28027260558945777,0.7580579434122355,-0.08244483864733147,0.9881913065910339,0.2821384515081132,0.7588894128799435,-0.08182891671146661,0.9911314249038696,0.28194008895329054,0.7574989233698161,-0.08197766441319665,0.9886268973350525,0.2821105071476526,0.7565080744879583,-0.08192146271467204,0.9932584762573242,0.2831157224518911,0.7611704298428124,-0.09691869329128941,0.9931091666221619,0.2832415665899003,0.761074374403272,-0.09709607426609307,0.9932034015655518,0.2828801555292946,0.7605019484247477,-0.09721624350973535,0.9949043393135071,0.28136567814009517,0.7479211296354018,-0.05725038727479319,0.9940905570983887,0.28067466105733585,0.7545937793595446,-0.12801669389009468,0.9858934283256531,0.2777078066553387,0.7489422661917546,-0.07147573104926513,0.9893216490745544,0.2777492097445895,0.7503910252026146,-0.09221256737198144,0.9870758652687073,0.27837193608283983,0.713889714649745,-0.012375020555087492,0.9992656707763672,0.26574385081018703,0.7269270982061111,-0.15638170880930757,0.997787356376648,0.28882874931607916,0.6478279232978817,0.006282964874325054,0.05149455368518829,0.25998649852616434,0.7777685999870296,-0.22502870729991356,0.4851263165473938,0.3013674063341957,0.5992447853088376,-0.023395565152168264,0.13127243518829346,0.23954042281423282,0.8437533259391781,-0.2493768236466815,0.40357744693756104,0.30739206075668324,0.5843481217111857,-0.02785933076270988,0.16697174310684204,0.23729533425399224,0.8629020912306645,-0.27825624942779525,0.3550991714000702,0.30516362701143523,0.5840270434107097,-0.045518242035593286,0.17614251375198364,0.23868515576635077,0.8645438245364594,-0.2686936931950704,0.31390002369880676,0.30245429532868506,0.5877068332263399,-0.02965609010841164,0.14743460714817047,0.23799981432301645,0.8611029079982209,-0.24804591110774438,0.19854502379894257,0.2937038796288625,0.6003732391766137,0.05973285936883515,0.9994678497314453,0.281422654220036,0.6186170186315261,-0.05985868232590809,0.9994521737098694,0.3171578415802545,0.57662935086659,0.21086997560092371,0.11801585555076599,0.2733314692974089,0.7461927856717787,-0.1266568454248564,0.5502873063087463,0.3296546970094952,0.5957575763974868,0.37488991958754386,0.22135509550571442,0.2696393072605132,0.8201085090637203,-0.1681003938296011,0.5140029191970825,0.3303619401795522,0.5820882252284456,0.38855875134468065,0.3238809406757355,0.2656087815761565,0.8091092228889462,-0.1722329992268766,0.45076948404312134,0.33931693264416274,0.5797979354858396,0.36021196331296634,0.21706756949424744,0.26106758202825264,0.8874805978366302,-0.22475742282611974,0.46154120564460754
33,0.2819556704589298,0.7616152235439841,-0.02800712223563874,0.9893689155578613,0.28341611368315545,0.7624931352479114,-0.024431189681802468,0.9920163154602051,0.28330478327614905,0.7611134546143664,-0.02457723825105598,0.9897620677947998,0.28343953575406744,0.7599368589265002,-0.024502752987401816,0.9939311742782593,0.2841320233685628,0.7644154565674914,-0.038922697864472854,0.9937953352928162,0.2839827733380452,0.7643529091562541,-0.039071813811148895,0.9938803315162659,0.2836414447852542,0.7637435930115832,-0.03914857363062244,0.9954109191894531,0.28222546662603093,0.752382295472281,-0.0051403681614569235,0.9946804046630859,0.2809263535908289,0.7582484739167346,-0.07248706354626584,0.987292468547821,0.2789483921868459,0.7530918308666771,-0.018496283569506222,0.9903755187988281,0.2787543356418608,0.7543899382863724,-0.03921898635370389,0.9883403778076172,0.2774403469903127,0.7138477257319855,0.027441572131855135,0.9993359446525574,0.2621530038969856,0.7304222021784097,-0.1110088373933519,0.9979470372200012,0.2880914875439234,0.665452180589948,0.04147572703659533,0.059336107224226,0.2588164934090204,0.7790416955947873,-0.1838769031422478,0.46992388367652893,0.30306265439305974,0.6400453737803865,0.015451517162312349,0.17629343271255493,0.23922900089195787,0.8450598648616242,-0.2150767002786908,0.42136678099632263,0.31155210733413685,0.6261740343911304,0.01546896131310079,0.20866017043590546,0.2373450743300573,0.8635054860796243,-0.24556387024266368,0.3742636740207672,0.3089472038405281,0.6298439758164539,-0.003038459324410981,0.2183486819267273,0.23872828313282546,0.8653537971632818,-0.2298397498471395,0.3313377797603607,0.30460540396826596,0.6342831560543603,0.008074463637811793,0.1872456818819046,0.23894502265112727,0.862601906912667,-0.21212119332381646,0.21405909955501556,0.29332531349999547,0.5984277895518709,0.05863051095179146,0.9995090365409851,0.2792696620736802,0.6225236143384658,-0.058753556864602194,0.9994813799858093,0.315705313852855,0.5805186476026261,0.2032817827803747,0.14878074824810028,0.2729926228523253,0.752753114700317,-0.11288689619728492,0.590805172920227,0.3281104402882711,0.6101859705788746,0.3710423580237796,0.258769154548645,0.26883915577615997,0.8284850273813517,-0.14735652527638837,0.5562732219696045,0.3273077326161519,0.6135686789240153,0.3824414278779709,0.3686641752719879,0.26462249500410884,0.8174120647566656,-0.15043119011180733,0.4981793165206909,0.3380692303180693,0.6153979846409385,0.34810455441474897,0.252544641494751,0.2620362034865787,0.894513642787933,-0.20134468477086287,0.5106521844863892
34,0.28185465931892384,0.7634988767760137,-0.0020491564912455337,0.990424394607544,0.2835034225668225,0.7646367328507556,0.0012974698628698158,0.9928094744682312,0.2834899246692656,0.7635007125990727,0.001137073391250212,0.9907793402671814,0.2836336757455552,0.7623616439955572,0.001226857836757396,0.9945337772369385,0.2833122202328272,0.7660883034978591,-0.013216992254768084,0.9944116473197937,0.28276652268001,0.7658276115144999,-0.013349300835813779,0.9944888949394226,0.2821797566754476,0.7657795531409124,-0.013447775266000184,0.9958668351173401,0.2822346746921538,0.7555337122508454,0.01439696928220136,0.9952086210250854,0.27900097710745664,0.7610763907432553,-0.053504768013954124,0.9885521531105042,0.27807549578802915,0.7551950642040794,0.005861210184437896,0.9913179278373718,0.2771577307156153,0.7564507859093799,-0.014833424559661305,0.9894874691963196,0.2772065486226762,0.7159433552197045,0.04170823548255221,0.9993852376937866,0.26224769694464534,0.7355766875403265,-0.10308698671204698,0.9981262683868408,0.28819631763866954,0.7089044315474371,0.05627556400639669,0.06729444861412048,0.25530000584466106,0.7861538444246561,-0.18283139892986833,0.5139089226722717,0.3048120796680449,0.7094773020063124,0.03620382491499184,0.19926616549491882,0.23694372049399776,0.8513030341693328,-0.22548505450998024,0.4762674570083618,0.3142017926488603,0.7002409373010905,0.038712263719311774,0.23653821647167206,0.23689010483877987,0.8661001784460881,-0.2561458238533564,0.4333527386188507,0.31168481622423433,0.7032771212714056,0.020132295468023843,0.24488896131515503,0.23891749083995809,0.8654699104172839,-0.24053904073578958,0.39352351427078247,0.30683100308690736,0.7094295178140909,0.029009225485580305,0.21014320850372314,0.2383683349405015,0.8631247060639513,-0.22238228831972384,0.2831580340862274,0.2927128774779182,0.600835561752319,0.0579032884112426,0.9995375275611877,0.2780617705413272,0.6216317926134379,-0.05803179730262072,0.9995096325874329,0.3163953363895415,0.5921054107802253,0.18463029307978485,0.19159790873527527,0.27939544149807505,0.6928823300770348,-0.09242855837302544,0.6283272504806519,0.3245551509516578,0.6629239542143682,0.3225394793919153,0.3115304410457611,0.2795313451971325,0.7411072100911817,-0.1057934596070221,0.5998972058296204,0.3225653605801717,0.6694089855466567,0.3313807768481116,0.4165832996368408,0.27593744056565406,0.7339048470769607,-0.1063357504350798,0.546750009059906,0.33414293612752627,0.6853125095367428,0.3044270711285726,0.31028056144714355,0.2815010905265807,0.7784445439066202,-0.14708338244152913,0.5590190887451172
35,0.2812901777880531,0.7649402584348403,-0.03856157639196939,0.9901275038719177,0.2834404613290513,0.7663089735167363,-0.03840446301868981,0.9927407503128052,0.28384589467729826,0.7653536183493475,-0.0385876316577196,0.9907925724983215,0.28410167523792795,0.7643158759389601,-0.03849755552198204,0.9945043921470642,0.28229543737002766,0.7673876626150944,-0.05309682746550864,0.9943146109580994,0.2815501247133526,0.7668201157024924,-0.05322753824293611,0.9943881630897522,0.28045564293861375,0.7667643972805565,-0.05337806349354128,0.9957191944122314,0.282162639924458,0.7573735186031882,-0.026605359305228494,0.9952625036239624,0.2774303896086555,0.7624953201838898,-0.09782266856304232,0.9883882999420166,0.2765171715191431,0.7568045803478782,-0.03136650632534707,0.9912823438644409,0.2754598200321196,0.757912342888968,-0.052254166241203014,0.9891848564147949,0.27687054276466355,0.7191046680722915,0.008137910653437882,0.9993889927864075,0.2633369922637938,0.7386350069727213,-0.14434287462915685,0.9982233047485352,0.28773729801177966,0.759506639412471,0.016277322439210748,0.08384739607572556,0.24998613936560485,0.7971289941242758,-0.22009519679205747,0.5546644330024719,0.3089745223522185,0.8108160427638459,-0.0039207002214555215,0.24149705469608307,0.2310254348175865,0.8637706722531996,-0.2803208649158476,0.5140342116355896,0.319441589287349,0.8132578951971868,-0.004669140951175773,0.2804221212863922,0.23272599365030006,0.8750386953353877,-0.31452023855277456,0.47121283411979675,0.3176001787185667,0.8149039779390603,-0.020326196881277212,0.28836315870285034,0.23540963956287916,0.8719892604010442,-0.3000608776296887,0.4309827387332916,0.3125412889889307,0.8173778125217979,-0.00993271773414952,0.24987687170505524,0.2341305034501211,0.869458699226379,-0.2777689652783529,0.3177078068256378,0.2922505830015454,0.6037522043500625,0.05744284423334255,0.9995543956756592,0.27781112619808723,0.614541947841644,-0.057573792019060654,0.9995408654212952,0.31936566999980365,0.5978239468165804,0.18514791599341793,0.1860872358083725,0.2941528260707854,0.6175210118293759,-0.04822149180940217,0.6614100337028503,0.3207971445151736,0.6917787126132416,0.3101523084299903,0.2976713180541992,0.29358602762222274,0.6561105642999918,-0.010399684097085672,0.6256198287010193,0.31824233106204425,0.7017983300345281,0.32051799893379196,0.4188419580459595,0.29065248881067535,0.6536253912108282,-0.005373872417424399,0.5748701095581055,0.32734428388731807,0.7249006611960271,0.30485252737998947,0.29617437720298767,0.3005807799952369,0.6711016706057953,-0.034831809804641754,0.5693318843841553
36,0.2780937245913913,0.7619483385767252,-0.06810047232678956,0.990951657295227,0.28095489570072707,0.7635084203311371,-0.06777493123497279,0.9933618307113647,0.28151975103786997,0.7626256636210846,-0.067935092693993,0.9915841817855835,0.28182215860911763,0.7616187453269956,-0.06786008019532473,0.994975745677948,0.2795395203999109,0.7647875274930678,-0.0828719209347452,0.9947952032089233,0.27894867658615097,0.7643604244504651,-0.08301660631384164,0.9948640465736389,0.2774205131190162,0.7645483613014218,-0.08315376990607803,0.996074914932251,0.28007206065314144,0.7544099909918646,-0.04934574477374551,0.9956789612770081,0.27535519770213523,0.7606127534593852,-0.12343286893197462,0.9893275499343872,0.2736212023666925,0.7549322554043357,-0.05841288034405025,0.9919494390487671,0.27197025844029005,0.7569551570074895,-0.07989581631762638,0.9900103807449341,0.2743233970233371,0.722207655225481,-0.004107261568840059,0.9994009137153625,0.2627678998879023,0.7393825752394536,-0.16014414812837321,0.998322069644928,0.279347446986607,0.7850111297198701,-0.00040339902043342495,0.10194418579339981,0.2521396262305122,0.7998255968093868,-0.22207034357956468,0.5934170484542847,0.29161297423498955,0.8469842723437714,-0.030801651972745134,0.2885461151599884,0.2449507896389279,0.8532215169497894,-0.27488345546381804,0.5573683381080627,0.29949116621698635,0.8563896059989926,-0.035284435775663155,0.32909488677978516,0.2477322331496646,0.862838574818202,-0.30661975571087413,0.5178405046463013,0.29899229918207426,0.8567080531801492,-0.04954467149717465,0.3370906114578247,0.2502044733081544,0.8589903559003553,-0.29665074603898167,0.4799831509590149,0.29464982066835665,0.8550902673176353,-0.037084780580231104,0.2952035665512085,0.2489849256617681,0.8569016541753492,-0.2736800713198524,0.37084856629371643,0.2910542138985224,0.6043798395565575,0.05822388710720196,0.9995167851448059,0.2775775066443851,0.6067973017692563,-0.058357204071113014,0.9994995594024658,0.31605543238776057,0.5949032817568095,0.18614321989672516,0.17891311645507812,0.3019847146102359,0.5929260509354725,-0.024831412253635256,0.6858049631118774,0.3172666532652717,0.6848698530878337,0.31023959687777913,0.29112228751182556,0.30014384729521604,0.6381743362971711,0.03792378806642123,0.6516329646110535,0.3149129382201602,0.6953214389937261,0.3217794469424655,0.425516813993454,0.29621028644697994,0.6365529111453462,0.0452096052467823,0.6051422953605652,0.32067176784787843,0.7167740072522841,0.3158778650420051,0.2928796410560608,0.3069317162036894,0.6565809948103766,0.021648380240159387,0.5952311158180237
37,0.2767816134861536,0.7587355903216768,-0.09782198209847717,0.9918153882026672,0.27945304257529113,0.7598078148705616,-0.09664173509393414,0.9939813017845154,0.2799540843282426,0.7589098555701116,-0.09678364002278869,0.9923658967018127,0.2802545368671416,0.7580661330904277,-0.09670805452125408,0.9954403042793274,0.2785080569131032,0.7618985772132869,-0.11171234995126719,0.9952923059463501,0.27800298503467,0.761865082808903,-0.11187013121587885,0.9953561425209045,0.2765189349651336,0.7604561993053978,-0.11196859670536854,0.9964519143104553,0.278903567790985,0.7511114495141162,-0.07631599397531574,0.9960652589797974,0.27493968776294153,0.7542390687125066,-0.14914622519697454,0.9903427958488464,0.2731997098241532,0.7523955992289948,-0.08723481499723021,0.9926459789276123,0.27026322398866914,0.7555530037198744,-0.10834102066499841,0.9909383058547974,0.2729767186301094,0.7152039800371439,-0.027348039299249637,0.9993650913238525,0.26261526346206654,0.739582230363573,-0.1756605684757232,0.9983742237091064,0.2789283675806862,0.7303650430270601,-0.024775205419531883,0.09428077936172485,0.25538224833352213,0.7976545725549967,-0.23539227715560357,0.5918338298797607,0.28198057327951687,0.7388166563851488,-0.05994591607180022,0.2733398675918579,0.24923021580491736,0.845108888830457,-0.2714313115392411,0.5624697208404541,0.28642923917089175,0.7370217868259972,-0.06521601177352877,0.31967687606811523,0.25102247340338557,0.8545400806835715,-0.30157124187265105,0.5225127339363098,0.28293807549136013,0.7391980324472696,-0.08129538925630703,0.32943597435951233,0.25279595766748686,0.8507902554103302,-0.2912014986787522,0.4840843677520752,0.2811445206403731,0.7436913388116015,-0.067205547062414,0.2871229946613312,0.25199996232986444,0.8491138798849919,-0.2700153329542704,0.3722159266471863,0.2900680243968963,0.6019636596952163,0.05731032629098208,0.9993075132369995,0.27544121571949537,0.6102103897503441,-0.05746903068252969,0.9992716908454895,0.3075008400848932,0.5953065548624308,0.17130920035498476,0.16446326673030853,0.2909538899149212,0.675462448596954,-0.06890235873205318,0.6723483800888062,0.31422523004668085,0.6544897113527567,0.30929769277572616,0.2744295597076416,0.28991658432143064,0.7490036606788633,-0.046614110682691834,0.6613170504570007,0.31261677571705393,0.6606699977602274,0.32159103240285586,0.41065293550491333,0.28999567542757293,0.7499595267432073,-0.04402657888297522,0.6110140681266785,0.3195818168776374,0.6712861827441621,0.3035840468747274,0.2827843427658081,0.2960850519793373,0.7909539546285353,-0.08093200649933088,0.6110854148864746
38,0.2773837932518549,0.7560084768704002,-0.11126243642398284,0.9926302433013916,0.2798089231763566,0.7562169858387535,-0.1087285595280783,0.994581401348114,0.28000078286443425,0.7554025786263598,-0.10885608824236047,0.9931266903877258,0.2801997508321488,0.754652997425624,-0.10878212803176465,0.9958946704864502,0.27945695178849345,0.7584834967340738,-0.12359545230865474,0.9957606196403503,0.27908276064055293,0.7585930432592116,-0.1237664041774613,0.9958178997039795,0.27795082841600677,0.7558329701423642,-0.12385098678725101,0.9968045353889465,0.2789436587265558,0.7482516612325393,-0.08699566796422001,0.9964573383331299,0.27576436485562994,0.7477418456758768,-0.1569910375135285,0.9912987947463989,0.2743198318140846,0.7498081479753763,-0.09908613285848068,0.993368923664093,0.2709475117070333,0.753614589146205,-0.11973005639655245,0.9918254613876343,0.2716023649488175,0.7095883045877726,-0.0359251855340387,0.9994227886199951,0.2628465277808052,0.735414464133126,-0.17537311911582937,0.9985150694847107,0.27503866127559107,0.7072996326855248,-0.02300017816679817,0.09490466862916946,0.2634772615773336,0.7904532568795337,-0.22259219501699712,0.6144422292709351,0.262582355737686,0.7088594896452765,-0.05421018834624969,0.28286120295524597,0.2684667940650666,0.8394571270261488,-0.24054121758256625,0.5992098450660706,0.2647196420601435,0.6989742006574355,-0.05626311429909295,0.32226914167404175,0.27238944556031897,0.8453671761921471,-0.26683246961661733,0.5580739974975586,0.25988874903747,0.7015334418841768,-0.07651543755616458,0.3307725191116333,0.27411203937871104,0.8425571135112214,-0.25818463563919053,0.5206432938575745,0.2601621065820965,0.7074153287070134,-0.06310463781867705,0.287476122379303,0.2722720261131013,0.8415875571114672,-0.23959869359220765,0.40701475739479065,0.28827337026596056,0.6008285982268194,0.056009417346545604,0.9993369579315186,0.2732603558472223,0.6164855718612667,-0.056193263403006934,0.9992957711219788,0.3028124809265135,0.5999000344957621,0.15694944752114154,0.1695089489221573,0.2795626504080635,0.7284691555159428,-0.11087016181222026,0.6888227462768555,0.3114575394562311,0.6380569781575881,0.297687444942338,0.2751676142215729,0.28257204209055203,0.7992043478148321,-0.11845196027840882,0.6718959808349609,0.3097751864365168,0.6404856494494844,0.31040476901190606,0.4168560206890106,0.29036477037838515,0.8125839369637622,-0.12041392507297646,0.6234999299049377,0.31746417624609796,0.6442648802484783,0.28637302688189903,0.2837737500667572,0.2978727383272987,0.8420640809195379,-0.15991364770701946,0.6338104605674744
39,0.2812192823205674,0.7556097183908732,-0.10696022361516948,0.9933643937110901,0.2827514759131839,0.7540990982736856,-0.10499397196940008,0.9951201677322388,0.28282286099025167,0.7532363823481965,-0.10511357081787923,0.9938098192214966,0.2830162031309944,0.7523252964019771,-0.10505251267126622,0.9963021278381348,0.2826263896056582,0.7558161088398522,-0.11718990504741664,0.9961829781532288,0.2823560212339672,0.7557013222149437,-0.11735798461096622,0.9962345957756042,0.28182056801659705,0.7527243256568905,-0.1174468862158911,0.9971228837966919,0.28087582077298834,0.7465954491070335,-0.08560143560171123,0.9968084692955017,0.27845715114048536,0.7456209778785702,-0.144326730285372,0.9921650290489197,0.2772968896797724,0.7488742862428934,-0.09599809625319068,0.994022786617279,0.2750164696148462,0.7518536891256057,-0.11312195935419622,0.9926370978355408,0.2698728374072482,0.7084900600569586,-0.036877713458878636,0.9994609355926514,0.26330524257251187,0.7270699943814956,-0.15937612780502858,0.9986420273780823,0.2697666917528424,0.7225399238722662,-0.025638369231351776,0.09189806878566742,0.27117246815136486,0.7835557988711761,-0.19821464674813397,0.6295846104621887,0.25156011113098675,0.7536238227571757,-0.051404643590961155,0.29624566435813904,0.2900559242282593,0.8376185876982549,-0.21965180933475484,0.6298970580101013,0.2564742313964025,0.7407652088573997,-0.05239619921360695,0.34274303913116455,0.2977328939097267,0.8430002314703802,-0.24359569421836297,0.5894269347190857,0.25263098776340476,0.7434307558195927,-0.0721574315002986,0.35420283675193787,0.3004097278629029,0.8413037402289251,-0.23751650026866356,0.553314208984375,0.25291081496647416,0.746800213200705,-0.060075004292385895,0.30964741110801697,0.2964374661445616,0.8406986219542363,-0.21994986193520671,0.44288110733032227,0.28715117573738086,0.6011808582714623,0.05176688166601315,0.9993349313735962,0.2721614675862447,0.6170733162334985,-0.05195846706628797,0.9992865324020386,0.30114801866667595,0.639742815494537,0.11754302382469171,0.16977015137672424,0.27603384426661887,0.7433299848011559,-0.10601664888007295,0.7085554003715515,0.3053768805095126,0.651414688995906,0.23707543100629522,0.2829745411872864,0.28122414776257093,0.8183309657233098,-0.13629164589302875,0.6986613273620605,0.3026782018797737,0.6494993601526529,0.24753633396966104,0.42731231451034546,0.2955620535782404,0.841715882505689,-0.1350790031520383,0.6512255072593689,0.311539476258414,0.6521034853798999,0.2202464461326598,0.30194908380508423,0.30608842117445795,0.8625251378331862,-0.1768888325563498,0.6647173166275024
40,0.2832276872226169,0.7545969554356163,-0.11350030430725637,0.9940085411071777,0.2851915044443947,0.7512086715017043,-0.1109249551381383,0.9955815076828003,0.2849820341382706,0.7504367538860863,-0.11102896609476628,0.9943912029266357,0.28429422719138,0.7496335761887682,-0.1109791117055075,0.9966437220573425,0.28495212537901726,0.7516641514641894,-0.12374789352927883,0.9965502023696899,0.2846422765936169,0.7509172286306105,-0.1239222481846809,0.9965971112251282,0.28433155587741293,0.7503945061138695,-0.1240100422075816,0.9974008798599243,0.281229258435113,0.7443193350519448,-0.08678234560149052,0.9970952868461609,0.2800904520920343,0.7418751955032346,-0.14772447347640982,0.9929072260856628,0.27880715983254556,0.749031225272587,-0.10085243497576028,0.994526743888855,0.27735722405569885,0.7507417968341278,-0.119117507977145,0.993308424949646,0.2671248027256556,0.713926553726196,-0.03361277409962243,0.9994795322418213,0.26293377620833247,0.7167727027620585,-0.16113108055932174,0.9987419843673706,0.2583511854921067,0.7778567109789163,-0.013048681403909402,0.08648201078176498,0.27330427936145224,0.7772529448781691,-0.19016694298812314,0.639291524887085,0.23572508650166635,0.8594605582101,-0.04096972442099024,0.2830042541027069,0.2924490009035382,0.8336692401341026,-0.20418900549411761,0.6566357612609863,0.24186288246086654,0.8599158270018439,-0.04444601365498131,0.3325388729572296,0.3005613454750604,0.8404257127216881,-0.2294615511383328,0.6155309677124023,0.24151415271418425,0.8623224071093964,-0.06302371216671804,0.3444553315639496,0.3035999021359851,0.8395737835339134,-0.22615932396480004,0.5797086358070374,0.24034627377986895,0.8576167992183137,-0.05007758119276589,0.3017362654209137,0.29960436437811155,0.838694584369659,-0.20547240504196704,0.4715973436832428,0.28575284906796034,0.6001607588359285,0.05220773443579671,0.9993253350257874,0.27332113214901504,0.6095589671816142,-0.052391514394964464,0.9992647767066956,0.30046379310744137,0.6645799364362441,0.12074705468756805,0.16380718350410461,0.278261580637523,0.7438346777643472,-0.08541627260191097,0.709010124206543,0.3011967309883661,0.6715514268193923,0.2428178127322877,0.2793641686439514,0.28313310061182284,0.8210901958601812,-0.0978009065347058,0.7108848690986633,0.2977743804454802,0.6702924966812132,0.25355084027562813,0.4193729758262634,0.29776768088340744,0.8476451277732846,-0.09115499737007272,0.663219690322876,0.3062620878219603,0.6718802690505978,0.2259004912206104,0.3005329370498657,0.31188046591622476,0.8600485580308093,-0.1324780602540288,0.6790482997894287
41,0.27784282224518897,0.7551420892987929,-0.13152090481349393,0.9944623708724976,0.28065764307975755,0.751036018984658,-0.1285720424992697,0.9958986639976501,0.2817206714834484,0.7497824175017217,-0.12869292753083358,0.9947640895843506,0.28074123178209565,0.7486842359815322,-0.12864954705749232,0.9968670010566711,0.2802298699106488,0.7509125982012064,-0.14319118112325663,0.9968074560165405,0.27988812497683924,0.7496721846716741,-0.14336735882929386,0.9968465566635132,0.2795453003474643,0.7502599920545301,-0.1434671380690165,0.9975967407226562,0.2785690809999192,0.7437768527439659,-0.10106970305953702,0.9972671866416931,0.27742105126380906,0.7401209729058398,-0.16857462993689937,0.9933603405952454,0.27424733042716964,0.7504046576363697,-0.11746235702719002,0.9945597648620605,0.27276144538606906,0.7510174598012649,-0.13802913853100363,0.9935271739959717,0.26650058882577066,0.7156186989375519,-0.0458867836743593,0.9994113445281982,0.25923993246895916,0.7164172274725774,-0.18860038604055124,0.9984754920005798,0.258629365478243,0.7751357504299705,-0.028714551044894107,0.08066215366125107,0.2621439218521117,0.7848935825484136,-0.2319409889834267,0.6394860148429871,0.24213167258671342,0.840668770245143,-0.0686610698699951,0.2724878191947937,0.25485870454992554,0.8489835671016145,-0.24675050590719486,0.6622292995452881,0.2465688803366251,0.8477625250816342,-0.07570876580263884,0.32643577456474304,0.2597096719912119,0.85845034122467,-0.2777219878775732,0.6194470524787903,0.24703437728541225,0.8480120607784813,-0.09438043470893584,0.33934149146080017,0.2624598443508147,0.8573134626661024,-0.2712307866130555,0.5812110304832458,0.24619828249726966,0.839950711386544,-0.07819443595196517,0.29732468724250793,0.25990268204893374,0.8554839985711231,-0.24689544226442053,0.46933120489120483,0.2832912955965313,0.6013443197522842,0.05323038367288451,0.9993205070495605,0.2719846231596809,0.6064105800219941,-0.053406471759080865,0.9992050528526306,0.29826681954520073,0.6663446954318453,0.12724384569696012,0.15078043937683105,0.28088344505855,0.7154868381364001,-0.06080952308007646,0.6849325895309448,0.3000619735036576,0.6602034517696922,0.25129550993442523,0.26863613724708557,0.28913141744477394,0.7946823171206879,-0.049696281339441,0.7079283595085144,0.2973618907587867,0.6592987775802609,0.26193937808275214,0.40353259444236755,0.29912659440721767,0.8104327269962852,-0.04209634980985094,0.6612052917480469,0.3052210961069378,0.6550602419035771,0.2323957640145505,0.2901493012905121,0.31255514621734604,0.8729262386049539,-0.08453560663121082,0.683282196521759
42,0.26946774295398157,0.7543935179710384,-0.14095743671059602,0.9948703050613403,0.27294826081820883,0.7524453810283113,-0.13752309530973428,0.9961607456207275,0.2749048709869384,0.7508287106241495,-0.13763888504888325,0.995044469833374,0.2744510275976997,0.7493630834988183,-0.13760439333106783,0.9970168471336365,0.2723705044814517,0.751793483325413,-0.152120918141944,0.9970459938049316,0.27209898829460133,0.7502978324890133,-0.1523066032145704,0.9970799684524536,0.271824265377862,0.7509570768901276,-0.15241225830146238,0.9977849125862122,0.27341982807431886,0.7437277248927522,-0.10777582786977287,0.9973464012145996,0.2723588236740656,0.7395913090024672,-0.1752194129329706,0.9938258528709412,0.26747196487018027,0.7491760730743404,-0.12584049212081086,0.9946542978286743,0.2661093524524143,0.7487567339624674,-0.14626210193548878,0.9937993884086609,0.2662255406379699,0.7156836697033471,-0.04815806299448011,0.9991414546966553,0.2552717749561581,0.7180097835404529,-0.19560168193919308,0.9984413385391235,0.2571806217942918,0.7855504478727064,-0.026146702308739927,0.07667183876037598,0.252416591984885,0.7926887444087434,-0.23360150967325474,0.6675100326538086,0.2438873312302997,0.8545228821890691,-0.061890690773725485,0.25339874625205994,0.23044133101190828,0.8626949463571818,-0.23879346336637214,0.6863304972648621,0.2458966233900614,0.860168247563498,-0.06905308355178148,0.3052615821361542,0.2322865273271287,0.871806270735604,-0.26882009463650824,0.640778660774231,0.24616813872541687,0.8588532601084025,-0.087200182889189,0.3179599642753601,0.23436799134526923,0.8704928330012727,-0.26085187452180036,0.6030899286270142,0.24522858049188329,0.8476232937404082,-0.07114690217588626,0.279622346162796,0.23312227938856386,0.8680595891816272,-0.23771234750747672,0.4914833903312683,0.28065429415021614,0.5995753220149447,0.050561620082174005,0.999245822429657,0.270939414841788,0.6055032968521116,-0.05073504767247606,0.9991687536239624,0.29539593202727166,0.6586452926908217,0.10915798608745841,0.14077211916446686,0.2822544940880365,0.7015187144279477,-0.04422480325613701,0.6570988893508911,0.2963756646428788,0.6480106438909254,0.22073094035897928,0.2512700855731964,0.2968592754432132,0.780294232709067,-0.01864554083773067,0.6733105182647705,0.29454385127340027,0.6472560320581706,0.22965293100902,0.3822193443775177,0.3009236250604901,0.7916406682559418,-0.017019841181380398,0.6273728013038635,0.30122056858880164,0.6390494636126924,0.1917777240276336,0.2712220847606659,0.31800225632531287,0.856025774138314,-0.06175220374550135,0.6421452164649963
43,0.26461886252675726,0.7536192178726193,-0.08142826950975823,0.9951952695846558,0.2675180843898227,0.753361093997955,-0.07898702605494427,0.9963504672050476,0.26894934007099686,0.7520763720784865,-0.07908918304102758,0.9951863288879395,0.26935912200382767,0.7504999075617105,-0.07905467764607493,0.9970744252204895,0.26645427346229544,0.7536263993808199,-0.08926336443317784,0.9972200989723206,0.26608922566686344,0.7522908244814188,-0.08944282712680948,0.9972449541091919,0.2657173361097062,0.7520605530057631,-0.08953271481607637,0.9979332089424133,0.2693438223430087,0.743489779744829,-0.06190056119646342,0.9973222613334656,0.266717379433768,0.7423195992197306,-0.11008472788546762,0.9941413998603821,0.2637825753007615,0.7463118740490501,-0.07175237924924915,0.9942171573638916,0.2622564758573258,0.7454658951078139,-0.08641202916790328,0.9935474395751953,0.26676231452396926,0.7081021053450445,-0.01794392807143074,0.99888676404953,0.25127772518566666,0.7185238514627725,-0.1385095788964203,0.9983108043670654,0.2632637866905756,0.73878002337047,-0.005447741637804677,0.07559718191623688,0.2507797062397002,0.7945349710328234,-0.18098699237619117,0.6736403703689575,0.25700097254344384,0.7664090446063447,-0.029262853307383388,0.23677274584770203,0.2339336254767008,0.8613249727657859,-0.18760429450443805,0.696308970451355,0.26057260589940195,0.7588508418628144,-0.032608822467071655,0.2856505513191223,0.23455064509596132,0.8703091519219531,-0.2113115966320037,0.6454898118972778,0.2580142693860189,0.7625409534999299,-0.04890467649591818,0.29744601249694824,0.23643916504723672,0.8689188497407092,-0.20175655611923754,0.6065415143966675,0.25673647012029366,0.7548412169728956,-0.03671103391264165,0.26328083872795105,0.2354129101548875,0.8668729049818852,-0.18563018866947711,0.4973336458206177,0.2786301834242684,0.5971956014633175,0.04107430204749106,0.9992632269859314,0.26917942421776897,0.6102955750056672,-0.04126950204372404,0.9991857409477234,0.2900897264480589,0.6607938902718677,0.06614074909261292,0.14123639464378357,0.28054029090063903,0.7106000883238652,-0.04671131606612884,0.6394977569580078,0.29067157847540703,0.6154534220695493,0.14425072542258663,0.26781725883483887,0.30247229422841737,0.7937192542212346,-0.040269948542118045,0.6677724719047546,0.2890947742121559,0.6095154762268064,0.14973616876772464,0.3799278140068054,0.30233146974018626,0.8052663190024236,-0.04121415019035336,0.6124206185340881,0.2971801161766051,0.601912781170436,0.10967182974730214,0.2861371338367462,0.3231427150113241,0.8564947962760922,-0.08291366887944081,0.6392468214035034
44,0.26453594905989497,0.7485572116715564,0.0037271790206432377,0.9956557750701904,0.2663538311208996,0.749904268128531,0.005155885219573983,0.9967028498649597,0.2671994021960666,0.7475756066186084,0.005056387558579449,0.9956483244895935,0.2674018025398253,0.7467694878578183,0.005097819172910287,0.9973536729812622,0.26470016155924103,0.7506936873708449,-0.0017556775893483798,0.997482419013977,0.2636400503771644,0.7498439754758559,-0.0019231710050787096,0.9975046515464783,0.2631275168487003,0.7491525939532685,-0.0019870010869843524,0.9981275200843811,0.2676481076649256,0.7383367742810928,0.0069807577878236785,0.9975784420967102,0.2621040190969194,0.7388564876147676,-0.026155955331133927,0.994681179523468,0.2643339778695787,0.7394281506538388,0.006863960623741155,0.9946988224983215,0.26182766897337767,0.7385647296905513,-0.003500848742468008,0.9940215945243835,0.26949803658894117,0.6947323816163196,0.025768193602561943,0.9989713430404663,0.24752943175179606,0.7164156062262396,-0.06585141654525481,0.9983798265457153,0.27261416230882907,0.6676193458693365,0.034146389524851516,0.07440215349197388,0.2511534273624419,0.7920730931418279,-0.12369207995278488,0.6572561860084534,0.2726259261369704,0.6460524218423023,0.024893405394894732,0.22892653942108154,0.23330922382218486,0.8704987117222374,-0.13486753063542495,0.6846944093704224,0.2773474663496016,0.6291459066527227,0.026237918968711575,0.2727941572666168,0.23196878773825497,0.87966125522341,-0.15571087683950144,0.6255650520324707,0.2724433175155093,0.6363209639276775,0.01052678472229413,0.28321126103401184,0.23403213024139394,0.8780888523374282,-0.14229718106133588,0.5857073664665222,0.2707623741456439,0.6368685211454116,0.018643297840441976,0.2501943111419678,0.23361689320632378,0.876363326822008,-0.13183698015553602,0.477239191532135,0.277813126359667,0.5932582514626636,0.03321428926927701,0.9993100166320801,0.2673757510525838,0.6163406661578584,-0.03343971031052724,0.9992258548736572,0.28786913071359893,0.6509566341127665,0.06686954327992027,0.18379369378089905,0.27490374275616225,0.7487840022359572,-0.07738099492021966,0.6658456325531006,0.289409223624638,0.5795926962579997,0.13178490485463817,0.31204551458358765,0.3016109526157378,0.8325610859053472,-0.10161922350525851,0.6737258434295654,0.28783044815063463,0.5688543455941334,0.13601490855216972,0.4212817847728729,0.3023114749363489,0.8514366132872442,-0.10476202336805202,0.6304697394371033,0.29828621234212593,0.5594255277088708,0.09725877514907287,0.3111235499382019,0.31764872840472613,0.8717342581067762,-0.14017257711717054,0.6459264159202576
45,0.26282489470073145,0.7422461714063369,-0.0016165851881461447,0.9960768222808838,0.26468419858387526,0.7440297790936058,-0.0017182245185332588,0.9970250725746155,0.2658346661499567,0.7409780791827607,-0.0018389715929515611,0.9960712790489197,0.26591398630823393,0.7407177175794325,-0.0017895835850919965,0.997610330581665,0.26186567289488644,0.7462900706699913,-0.0096321287165795,0.9977244138717651,0.26188423207827966,0.744653122765677,-0.00979066123919827,0.9977433681488037,0.25973493286541516,0.7452349679810657,-0.009845855512789312,0.9983062744140625,0.2666717946529387,0.7324087108884536,-0.0035184111180050007,0.9978129863739014,0.25937512091227927,0.7360196454184392,-0.041521092451044475,0.9951751232147217,0.2637814726148332,0.7326149088995795,0.0004305161469216872,0.9951591491699219,0.2612922430038451,0.7324506487165175,-0.011449029682470212,0.9944924712181091,0.2707037542547497,0.6868506567818775,0.014593583132539471,0.9990554451942444,0.2459700707878384,0.7125869342258995,-0.08070588867579184,0.9984365105628967,0.2788449031966072,0.6201575585774011,0.020481446185814472,0.07203060388565063,0.2546634903975894,0.7596320288521899,-0.1575887807777949,0.6286983489990234,0.28413130428109834,0.5626095925058634,0.007813666335174012,0.21885739266872406,0.24448424407414016,0.812087740216936,-0.18445878412042338,0.6537777185440063,0.2897991895675658,0.5452235630580354,0.010256292724183623,0.2582005560398102,0.24438114932605187,0.8202107633863173,-0.2073417263371603,0.5902742147445679,0.2836764361177171,0.5559402397700716,-0.00656765807153923,0.26732996106147766,0.24526978262833177,0.8189816900662009,-0.19348197409084855,0.5507710576057434,0.28290424900395517,0.5580711926732742,0.0015067085091556801,0.23550695180892944,0.2452224599463598,0.8174914819853641,-0.18146060960633403,0.4464748501777649,0.2773402844156536,0.5922401172774175,0.03187548869422502,0.9993507862091064,0.2661048497472489,0.6191863315446033,-0.0321284309029579,0.9992555379867554,0.29033213428088583,0.6314212611743379,0.09057360962033267,0.20354333519935608,0.2745986223220824,0.7447403073310849,-0.09892548961298803,0.6815977692604065,0.2918723251138413,0.5591139197349546,0.16665711445467807,0.34503936767578125,0.30160276123455576,0.8308935114315574,-0.11993534501109798,0.6738166213035583,0.29022380283900656,0.5483962416648862,0.17344806300742277,0.4509338438510895,0.30184298242841434,0.8487466011728555,-0.1217079564929008,0.643265426158905,0.29703952499798353,0.5353719779423303,0.1466036150498049,0.3304373323917389,0.31102279169218866,0.8914957114628379,-0.14658011176756444,0.6513758301734924
46,0.25842302100999004,0.737987067018236,-0.03511598551911966,0.9964553117752075,0.26166762794767096,0.7399279696600775,-0.03420852960220404,0.9973127841949463,0.26292945487158625,0.7370922565460201,-0.03433691013737447,0.9964484572410583,0.26314003978456757,0.7369543773787359,-0.03429602448429379,0.9978379607200623,0.2575914442539214,0.742977290494101,-0.04410921090415544,0.9979418516159058,0.2584522468703132,0.7396836110523766,-0.044269359750407064,0.9979587197303772,0.25576888493129174,0.7420782855578827,-0.04433151696409495,0.9984672665596008,0.264601456267493,0.7289991395814075,-0.02868680469691752,0.9980212450027466,0.2573238330227987,0.7331403476851324,-0.07547860181491287,0.9956263899803162,0.2605587916714803,0.7286767039980204,-0.0300060293770262,0.9955641627311707,0.25844202807971395,0.7290083680834085,-0.04450754023024012,0.9949488639831543,0.26954327055386124,0.6877099343708579,-0.002466113213449715,0.9991434812545776,0.24694123523575906,0.7114422781126837,-0.10713178068399423,0.9985508322715759,0.28094639096941254,0.6300130282129557,0.008934629282781055,0.06842692941427231,0.2585034336362565,0.741265911715371,-0.18421379753521502,0.581915020942688,0.2829554285321916,0.5791350262505666,-0.005030399188399311,0.204721137881279,0.24968096443584978,0.7822086657796584,-0.2128621701683316,0.6010414361953735,0.28871927942548464,0.563073144640241,-0.0030348179063626676,0.24009236693382263,0.24952440432139794,0.7902495997292651,-0.23596299588680256,0.5396102070808411,0.2834953801972524,0.5690555776868544,-0.020638965017029207,0.24828766286373138,0.24954496494361322,0.7890537193843293,-0.22292121095316741,0.5030457973480225,0.2822742913450512,0.574088554722922,-0.011847189867070734,0.21826009452342987,0.2499365572418484,0.7872600844928194,-0.20987876994269225,0.40639886260032654,0.2771126304353985,0.5909771050725662,0.03316707105508871,0.9994097352027893,0.2656320878437586,0.620216996329171,-0.033425251660602416,0.999316930770874,0.29028560519218427,0.6204677530697411,0.09259389064141678,0.20191210508346558,0.275536286830902,0.7434495312826971,-0.10381678066083358,0.6672285199165344,0.29085255180086395,0.5544270890099658,0.16112203725746693,0.3533417284488678,0.30125758903367167,0.8325845156397134,-0.11905561642987382,0.6452283263206482,0.2893194334847585,0.544679169995444,0.16745944640466137,0.43647709488868713,0.3009720027446745,0.8497884665216715,-0.12104107013770507,0.6132104992866516,0.29247997573443807,0.5298466035297936,0.13982338330575392,0.3295595943927765,0.30236353789057036,0.8947375604084555,-0.1468670793942042,0.6350447535514832
47,0.25703883000782546,0.7378335339682439,-0.03491349442462835,0.9966824650764465,0.2612336822918482,0.7394898346492219,-0.03373954273494226,0.9974940419197083,0.2618617372853414,0.7383171456200732,-0.03387119665442565,0.9966636300086975,0.2621932676860263,0.737976012911115,-0.03382778870207922,0.9979686141014099,0.25659764409065233,0.7424500959260119,-0.042912094747381536,0.998039722442627,0.25725711243493204,0.7385298132896421,-0.04307427411632877,0.9980490207672119,0.25493939178330544,0.741345267636435,-0.043137485001768366,0.9985362887382507,0.2638885361807686,0.7303102697644912,-0.026705835786248945,0.9981261491775513,0.25663308330944595,0.7326176830700462,-0.07214464204651966,0.995660126209259,0.25897643055234626,0.7291554672377447,-0.03027392469479568,0.9953620433807373,0.25722113677433545,0.7290936776569907,-0.043793358773525255,0.9944403171539307,0.2681273111275263,0.689078342914581,-0.005692385569480913,0.9991779327392578,0.2480675722871507,0.7135192802974153,-0.10294232485549785,0.9984111785888672,0.2835214470114026,0.6312828472682405,-0.002388742300016542,0.06372468918561935,0.26013123989105214,0.7440748453140255,-0.17389606663158952,0.5426763296127319,0.28350022179739803,0.579146211487906,-0.019911153880613187,0.1914317011833191,0.24719981125422877,0.7919701457023617,-0.19599660677569244,0.5683422684669495,0.28955244932855867,0.5622781174523487,-0.01948243294443403,0.22371487319469452,0.24469651452132624,0.8033220410346982,-0.21739796740668152,0.5073397755622864,0.28415696961539116,0.5674320987292696,-0.03577628171603594,0.231001615524292,0.24462142203535342,0.8022480487823482,-0.2044200714145387,0.47159168124198914,0.28276509642601,0.5740346431732175,-0.02624237936522279,0.2031579464673996,0.2456596838576452,0.7990573235920494,-0.19280878049986694,0.37868979573249817,0.2762534175600323,0.5915665456226891,0.03152146062680652,0.9994353652000427,0.26499010324478134,0.6239310349736892,-0.03178046217986514,0.9993176460266113,0.286377659014293,0.5986599309103826,0.07968772639121324,0.21493315696716309,0.2778124919959476,0.7436420559883115,-0.10266331285238262,0.6573664546012878,0.2872215560504367,0.5179646049227031,0.14580194226333065,0.3824707269668579,0.3047230797154561,0.8295314686638964,-0.11277166626283096,0.6233158707618713,0.2861520137105668,0.5055478692054746,0.1514398540769304,0.46868088841438293,0.30472029106957554,0.8482794421059741,-0.11392470981393536,0.6065697073936462,0.28758624792098986,0.4886330825941901,0.12071910511170109,0.3452342450618744,0.3080151949610027,0.8892559851918898,-0.14079532367842532,0.6174922585487366
48,0.2568460758243287,0.7491109200886314,-0.012215376911418769,0.9969639182090759,0.26097749684538146,0.750825067077364,-0.01182252083505902,0.9977132678031921,0.2621418642146246,0.7497816375323701,-0.011949063591392967,0.9969481825828552,0.26258746342999584,0.7493027150630949,-0.011917970196476994,0.998138427734375,0.2571113037211553,0.7531000818525038,-0.018967584307704642,0.9981968998908997,0.25646841568606227,0.7504011826855792,-0.019140181584017604,0.9982055425643921,0.2553874096700122,0.7514881210667743,-0.019208007332469725,0.9986546039581299,0.26451231198651437,0.7410514116287228,-0.008761029184928954,0.9982849359512329,0.25546923492635987,0.7420797339507509,-0.045893370413354444,0.9959912896156311,0.25802019323621467,0.7391987672873903,-0.009474065206346227,0.9956706762313843,0.2558780112436838,0.7395917492253437,-0.020244487295193316,0.9947522878646851,0.2709442155701772,0.6946037735257826,0.004676104293737026,0.9992432594299316,0.24529738362346365,0.7255367883614128,-0.078552704836641,0.9985167980194092,0.28689146127019594,0.6297333061695096,0.00942274818995169,0.06217372417449951,0.25633675966944003,0.7827081561088558,-0.15286807928766516,0.5355137586593628,0.2836369876350674,0.5777003058365411,9.934431208031592e-05,0.1837693452835083,0.2328425083841595,0.8587701431342529,-0.19037252153669076,0.5697363615036011,0.2876558414527347,0.5631352944033484,0.0006219673901796362,0.2135828286409378,0.22817283698490676,0.8731947754110605,-0.21323897827948832,0.5026494264602661,0.2828225565808159,0.5651557820183888,-0.01501737331439341,0.21950069069862366,0.229483011152063,0.87197510429791,-0.19938280635646402,0.46627676486968994,0.28132075411932794,0.5731398497309002,-0.005838399832802155,0.19221685826778412,0.23061088089432025,0.867895742825099,-0.1875171808259827,0.37100934982299805,0.2761068263224192,0.5893432651247295,0.02667193561792372,0.99947190284729,0.2643184274435042,0.6209344531808578,-0.026936064341238554,0.9993563890457153,0.2839256427117755,0.6330401735646382,0.059570833242365256,0.2520277202129364,0.2770966304200035,0.7450798366750987,-0.08805079337741643,0.673862099647522,0.29013693928718554,0.6116342876638683,0.10745249795062196,0.42088446021080017,0.29603597798517756,0.8328516576971322,-0.10056830458343025,0.62826007604599,0.2907986445086342,0.6063837170600888,0.11012619499649315,0.4990101456642151,0.296082704407828,0.8470077940395896,-0.10183932943535698,0.6159721612930298,0.29785478072507027,0.5971549340656823,0.06422657354601788,0.3764353096485138,0.29759707919188894,0.8820951504366734,-0.14147073823426445,0.6256763339042664
49,0.26353002871785836,0.7207703573363164,-0.02724404807335563,0.9971963167190552,0.2663518164839062,0.7210419705935884,-0.027623738973800615,0.9979150295257568,0.26750727210726044,0.7204972471509659,-0.027734637258773925,0.9972061514854431,0.2678557183061326,0.7201298185757226,-0.027718531340360633,0.9983028173446655,0.26383198669978536,0.7232490641730169,-0.03586392886936663,0.9983426332473755,0.26334987793649933,0.7218244722911287,-0.03603338200066769,0.9983393549919128,0.26212312834603435,0.7218407545770914,-0.036100397684744406,0.9987607002258301,0.2686272885118211,0.713539978436061,-0.022790566911654805,0.9984118938446045,0.26097487040928424,0.7140151091984337,-0.0642859017210347,0.9961519241333008,0.2639082993779862,0.7126783626420155,-0.02320946157976452,0.9958537220954895,0.26231663141931794,0.7139180421829221,-0.035257183414484757,0.9948071241378784,0.27413790311132147,0.6788107054574146,0.002236281102523203,0.9992243647575378,0.24996360540390003,0.7058526686259675,-0.095697651377746,0.9983963370323181,0.28681622147560104,0.6310234376362389,0.016125216920460962,0.05620584264397621,0.26191616654396044,0.768157863616943,-0.1674378037452697,0.48756521940231323,0.2869055126394543,0.5948244043758935,0.00813735356288296,0.16676001250743866,0.24468367610658906,0.8351303424154005,-0.21443103381565629,0.5226501822471619,0.28893537691661275,0.5859192592757085,0.009222479909658425,0.1938672959804535,0.2413929338966096,0.8496631741523739,-0.23966675932918263,0.4591805338859558,0.2850989052227564,0.5879801307405741,-0.008182479826999562,0.19919337332248688,0.24252734056540887,0.8488345163209093,-0.22761035753147935,0.4252188801765442,0.2843502717358724,0.5915393965584888,0.0014035384037664922,0.17429082095623016,0.2432417392730712,0.8447436213493345,-0.21235918147223326,0.33716022968292236,0.2750408317361558,0.6012857828821452,0.02861244454979895,0.9991286993026733,0.2643711635044642,0.6247314555304389,-0.02884503794567924,0.9991462230682373,0.28748997790472836,0.693934379305158,0.053117572729076634,0.22833842039108276,0.2745294298444474,0.751985304696219,-0.07903178685477799,0.6145484447479248,0.298337400811059,0.7517705798149106,0.09761995545455383,0.3891097605228424,0.2773233162505285,0.8407132608549932,-0.08296505223427497,0.5784662365913391,0.2991518318653105,0.7588905096054074,0.1002105729920523,0.4657082259654999,0.2757371331964219,0.8495664954185481,-0.08337339051067826,0.5664599537849426,0.31326768483434386,0.7534493735858369,0.0522257358900138,0.3540268540382385,0.278236493042537,0.8741948093686781,-0.13001451268792147,0.5833273530006409
50,0.2790300884417124,0.6284759725843154,-0.02270546784358364,0.9973349571228027,0.27929185330867756,0.625343972444534,-0.01950845388429505,0.9980136454105377,0.27970208823680864,0.6252764310155593,-0.019591820758900466,0.9973399341106415,0.2794796564749308,0.6252253847462788,-0.019583997848842814,0.9983835220336914,0.2781306279557091,0.6271471500396726,-0.032030897481100884,0.9984228610992432,0.27771102658339897,0.626651390109743,-0.03216533112738812,0.9984202086925507,0.27676308453083026,0.6267846286296841,-0.032215660730642914,0.9988207221031189,0.2776793501206805,0.6239951559475487,-0.0021538801225168356,0.9984881579875946,0.2742822029760904,0.6243672243186403,-0.06011410658912997,0.9963412880897522,0.2786130479403903,0.6284346810408998,-0.013576286477369384,0.9960548877716064,0.2778934985399245,0.6302046409675051,-0.030962309374340927,0.9950631260871887,0.27590267828532616,0.6285095351082935,0.03652973025704599,0.9992624521255493,0.26580519144024156,0.6430007909025461,-0.09653024652174537,0.9984761476516724,0.28670250177383405,0.6311359022344859,0.06011852044612167,0.05986073426902294,0.27883675439017147,0.7087073547499517,-0.14681727545601975,0.512675553560257,0.2943836608103342,0.6356275566986627,0.046435314709586735,0.16174110770225525,0.2768156698771884,0.7669575853007177,-0.16775281620877122,0.5407402813434601,0.29539777721677496,0.6387750123228342,0.04836902911109582,0.18854474276304245,0.27607053518295277,0.779515536342348,-0.19036424064210472,0.47683441638946533,0.2948355210678917,0.637853349958147,0.029898089609507992,0.19378630071878433,0.27666913803134635,0.7789590656757351,-0.18097394204565448,0.4431712180376053,0.29395294104303615,0.6375138248716079,0.03873618806579282,0.17083465307950974,0.27641577231032494,0.7753977979932509,-0.1657282079969133,0.35107743740081787,0.27127865254878986,0.6375696403639655,0.041242347019059294,0.9991718828678131,0.2627121946641376,0.6498536527156826,-0.04136540165969302,0.9991887509822845,0.29601319304534357,0.7400032154151368,0.07646492363086765,0.23723886162042618,0.2707973220518656,0.7691735752991264,-0.06677549444139,0.6337657272815704,0.3078242693628582,0.8472731700965332,0.1196278178266116,0.40532931685447693,0.25319422760180055,0.848817385094506,-0.049075648241809405,0.5993205308914185,0.30615021160670675,0.8646085705075941,0.1220306611486843,0.48110535740852356,0.2481654405593871,0.8559216346059523,-0.04802631844899481,0.5855183005332947,0.32880500427314197,0.860376850196293,0.08503423593938346,0.3746604919433594,0.2551893834556851,0.8694191208907532,-0.08799044495182373,0.6034191250801086
51,0.29458697778838006,0.5346044182777402,-0.016629538605255734,0.9974735975265503,0.29191069432667305,0.5295450006212504,-0.010420092181967832,0.9981122612953186,0.29129005840846456,0.529875906876155,-0.010478493970419674,0.9974737167358398,0.2904829263687132,0.5301355106489997,-0.010466174195919713,0.9984642267227173,0.29193337474550507,0.529978309358869,-0.026151402720383222,0.9985030889511108,0.29142072285924625,0.5303313698087417,-0.02624917131449494,0.9985010623931885,0.29074905940464546,0.5307752660342623,-0.026275865361094462,0.9988807439804077,0.28595361709594713,0.534175532204764,0.01814609563776424,0.9985644221305847,0.2867472606045858,0.5344775216920032,-0.05380435841424122,0.9965306520462036,0.29324484552655883,0.5435601081166945,-0.003922073315022444,0.9962560534477234,0.2933749250003268,0.5444285494940619,-0.025306900218129147,0.995319128036499,0.2756337898118154,0.5771104982921053,0.06678855489008126,0.9993005394935608,0.2823381104639597,0.5791874561991007,-0.09666752942970816,0.9985559582710266,0.2861055527414593,0.631092696530478,0.0868251268884965,0.06351562589406967,0.2963566933359417,0.6426784600530349,-0.11702427566051476,0.5377858877182007,0.3039937130042484,0.6736386775970455,0.05716156975499219,0.15672220289707184,0.30956221137727996,0.6945015294211248,-0.0937273983444486,0.5588303804397583,0.30641335759844085,0.6860392536435805,0.05793027803301808,0.1832221895456314,0.31007769533566054,0.7071544987814764,-0.11040194183588023,0.49448829889297485,0.307869039263044,0.6856027245521542,0.04052665422537495,0.1883792281150818,0.30973447688988265,0.7070142831121169,-0.10514945153679162,0.4611235558986664,0.3064268589019774,0.681700527667999,0.049263864383101444,0.1673784852027893,0.3090166504893983,0.7032273530960079,-0.09183702788182663,0.3649946451187134,0.2680615953036716,0.6739849720682414,0.05406601801514624,0.9992150664329529,0.261646407842636,0.6784917405673433,-0.054080342714275614,0.9992312788963318,0.30356817160333893,0.7397183554513109,0.0970287038811615,0.2461393028497696,0.26996839897973185,0.7832518424306594,-0.06722925145711214,0.6529830098152161,0.310290047100612,0.8286741903850007,0.1489906715495245,0.42154887318611145,0.2421292287962776,0.8516691207885738,-0.04331009696636879,0.6201748251914978,0.3051584184169768,0.8457714506558005,0.15188006460666648,0.49650248885154724,0.2340752444096973,0.8640437415667939,-0.041832651144691854,0.6045766472816467,0.3323888242244719,0.8367614797183442,0.1308626935950347,0.3952941298484802,0.2537588707038333,0.8707027162824355,-0.0744602381118706,0.6235108971595764
52,0.29891110786369857,0.5054497838020322,-0.011047515432749469,0.9977204203605652,0.2952880088772091,0.49969030874116055,-0.003748023669634541,0.9982871413230896,0.29437792684350683,0.500172618457249,-0.003803468854831793,0.9977098107337952,0.2934066802263259,0.5005519739219118,-0.003783245411302357,0.9986074566841125,0.29576808256762355,0.49972906964165803,-0.020995347521134772,0.9986465573310852,0.295300011549677,0.5003688616412024,-0.021087849512696252,0.9986454248428345,0.294782399705478,0.5008889922073907,-0.021112153173557337,0.9989882111549377,0.28821333604199534,0.5062865001814704,0.02871060334146022,0.9986993074417114,0.2904502804790223,0.5065443677561622,-0.04951665747378551,0.9968686103820801,0.2975307932921817,0.5169806029115402,0.002961820145303917,0.9966174364089966,0.29797268978186997,0.517629128694534,-0.02040431007210696,0.9957783818244934,0.2762273252010344,0.5613135337829587,0.0815270606661215,0.9993688464164734,0.28708147640739157,0.559469710929053,-0.09902990779706405,0.9986997246742249,0.28359357884951986,0.631511569874627,0.09862156805715386,0.06406404078006744,0.3025991993291036,0.6231913055692397,-0.11322190293243947,0.5827476978302002,0.29509536070483056,0.688983686481203,0.057824247144162635,0.1481437087059021,0.3193979833807262,0.6717095247336793,-0.07591986251728872,0.5900694727897644,0.29641411730221323,0.7047087814126693,0.05783143618277139,0.1744236946105957,0.3207098228590828,0.6844691029616761,-0.09118689543434547,0.5244091153144836,0.29831277685505986,0.7038818223135809,0.041314441883670415,0.17955420911312103,0.3202522382140158,0.6842158564499443,-0.08720993921160694,0.4916703999042511,0.29753714033535533,0.6987706235476899,0.050017585951302714,0.16139790415763855,0.31925983790840406,0.6804635643959043,-0.07394440514700748,0.38789600133895874,0.26817254381520395,0.6865739481789722,0.06053488281156333,0.9992931485176086,0.2621804948363984,0.6890362714018137,-0.06051956016038143,0.9993079900741577,0.30824871190956643,0.7423645828451426,0.10562576742044512,0.24968962371349335,0.2704934226615087,0.7879391559532707,-0.08270332626998421,0.6876038312911987,0.3115716355187551,0.8301458997385839,0.15951009030852992,0.45314523577690125,0.23699651296649651,0.8560157035078317,-0.07549848604415141,0.6579704284667969,0.30557368823460157,0.8477073192596432,0.16233387844903122,0.5225861668586731,0.22723408596856243,0.8699816295078818,-0.07580305925969563,0.6402482986450195,0.33449124821594767,0.8379934975079124,0.14533823308135774,0.4396018385887146,0.25299861303397575,0.8792136711733677,-0.11198488202478199,0.6607183814048767
53,0.2960850826331546,0.515081339223044,-0.026592201553285108,0.997907280921936,0.2927173444202967,0.5096648267337252,-0.019432428253016294,0.9983546137809753,0.29190807597977764,0.5101449625832691,-0.019501542379813528,0.9978100061416626,0.2909797140530176,0.5105479598045347,-0.01947258652320929,0.9986485242843628,0.29320667130606504,0.5098379509789601,-0.03711401575378008,0.998741626739502,0.2928578283105576,0.5104222621236526,-0.03721854415323052,0.9987527132034302,0.29242795365197305,0.5109419822692869,-0.03725322958614143,0.9990677237510681,0.28627297537667395,0.5158713425908767,0.014577784216297516,0.9987398386001587,0.28866768479347216,0.5160269021987913,-0.06556872640337259,0.99714595079422,0.2951275604111806,0.5254511203084671,-0.01184537633318021,0.9968305826187134,0.2956069980348858,0.5261579530579701,-0.03585812103535446,0.9961390495300293,0.2775947809219359,0.567000217097146,0.07267565195049555,0.9994266033172607,0.28474067790167656,0.5663544654846189,-0.11718512347766324,0.9988293051719666,0.28530548470360884,0.6310696090970718,0.08810754311936238,0.05802200362086296,0.3024764299392699,0.6313010811805722,-0.13847984799316945,0.6229044198989868,0.29317438346999014,0.6876695581844872,0.04244793632200784,0.13348276913166046,0.3175944456032343,0.6792918324470517,-0.10683136582374568,0.6169116497039795,0.2938584191458564,0.7029520886284961,0.04202605581709314,0.15729668736457825,0.3191290284906113,0.6925166743142261,-0.12391863316297524,0.5499895215034485,0.2942948034831454,0.703015337671552,0.025410436838865263,0.16190433502197266,0.31882655450275954,0.6919703313282555,-0.12020493724516454,0.5172519087791443,0.2944998306887489,0.6977049623216898,0.03455886074474877,0.1455986052751541,0.31780440381595054,0.6881608724594113,-0.10505993728126793,0.40416762232780457,0.27113233293805794,0.684763819830758,0.06230494656733101,0.9993637204170227,0.26415000132152,0.688903657027653,-0.06230219858033313,0.9993771314620972,0.31155355487550995,0.7410308769771027,0.10703083766358235,0.2439964860677719,0.27342328599521076,0.7869372725486752,-0.09907360853893413,0.7187217473983765,0.31175660065242206,0.8299290622983656,0.16155292668512883,0.4759775996208191,0.23756966931479306,0.8586025203977309,-0.1032235189207962,0.6919482350349426,0.3058146740709031,0.847060554368155,0.16404963944639472,0.5425626039505005,0.2274263241461344,0.8721303548131666,-0.10473735465535092,0.6722008585929871,0.3345075947897773,0.8387210999216348,0.14081491742815283,0.47375068068504333,0.25464774966239917,0.8875325986317222,-0.1484018305582659,0.6941618323326111
54,0.29481185674667343,0.515112439223698,-0.03939562870987823,0.9981058239936829,0.29149338688169196,0.5099686026573178,-0.032175893868718816,0.998494029045105,0.2907218583992548,0.5104778834751671,-0.03225098654095614,0.9979971051216125,0.28981090188026415,0.510931154659816,-0.032218848913907985,0.9987626075744629,0.29199909908430904,0.5101710796356199,-0.04999803602695463,0.9988588094711304,0.29170770134244633,0.5107937472207204,-0.05010459896709235,0.9988706707954407,0.29132745010512207,0.5113633155822751,-0.050142046383448984,0.9991555213928223,0.28522923248154763,0.5163773826190401,0.0032809062045998857,0.9988470077514648,0.2878274125712257,0.5164537583078654,-0.07763931506446425,0.9974192380905151,0.2941007554531096,0.5253062248229978,-0.02397348377271554,0.9971188306808472,0.2946484863758086,0.5260772909436904,-0.04815984570554323,0.9965094923973083,0.2802399737494331,0.568209636211395,0.061070722873721776,0.9994798898696899,0.28406645655632007,0.5671700630869181,-0.12736380185399732,0.9989453554153442,0.2935621057237896,0.6270219802856443,0.08958242365292135,0.054064489901065826,0.3038199058600833,0.6319854157311573,-0.15142317286559506,0.6589232087135315,0.3053716557366506,0.683159221921648,0.05204745924898554,0.12095212191343307,0.32113813928195395,0.6806936110768995,-0.1265448678817067,0.6368489861488342,0.3065063791615621,0.6950332028525212,0.05306365149361744,0.14292842149734497,0.3228565548147473,0.694116834231785,-0.14481515501226688,0.5670397877693176,0.3061952463218143,0.6966054218155994,0.035768576179231897,0.14718468487262726,0.3226782313414981,0.6932374341147284,-0.14107736902577528,0.5350677967071533,0.30653954233442016,0.6922232542719157,0.04415051101573874,0.1327434778213501,0.321707111597061,0.6891644154276163,-0.12495408249752855,0.4114169478416443,0.27455310395785726,0.6860338500567842,0.06303976082376068,0.999426543712616,0.2667295822075434,0.6910638519695824,-0.06303568237594193,0.9994391202926636,0.31618609343256254,0.7406856485775535,0.09692183796848565,0.2386121302843094,0.27743048412459226,0.7879318237304683,-0.09883176386356349,0.7466375827789307,0.31258065870829976,0.830588921478816,0.14505625856774187,0.498371958732605,0.23766384720802297,0.8583099246025081,-0.0964592322707176,0.7223632335662842,0.30595777205058494,0.8471158674785065,0.14676217479365206,0.5623184442520142,0.22761251287800915,0.8710922547749107,-0.09731531036751606,0.6983485221862793,0.3351634970733096,0.8398772733552111,0.11763304237808495,0.5084391236305237,0.2550654019628251,0.8875908000128606,-0.1412810576813561,0.7240027189254761
55,0.2942051598003931,0.5154238411358422,-0.04598320533654518,0.9982845783233643,0.29079771041870106,0.5105758411543708,-0.03866981367713637,0.9986178278923035,0.2900073809283119,0.5111074805259702,-0.03875474163464136,0.9981691241264343,0.2890773262296403,0.511627353940691,-0.03873664002333367,0.9988687634468079,0.2913267144135065,0.5108288100787569,-0.056180526529039626,0.9989616274833679,0.2910330516951423,0.5115035312516346,-0.05628934369555539,0.9989752769470215,0.2906349531241824,0.5121672528130665,-0.05633206867745942,0.99923175573349,0.2844006070068903,0.5170973062515256,-0.00279827677378697,0.9989497065544128,0.2869833145822796,0.5172429221017018,-0.08268161958881783,0.997656524181366,0.29350525225911805,0.5255579556737625,-0.03051749483295549,0.9973853826522827,0.2940514913627078,0.5262016773223874,-0.054228080383368876,0.9968417882919312,0.2837118004049572,0.5695318051746912,0.05487104313714161,0.9995301961898804,0.28328616533960604,0.5684621112687245,-0.12995882247175483,0.9990491271018982,0.30649857691356097,0.6164882251194542,0.10160316399165556,0.07095649838447571,0.30473182627132944,0.6331754718508036,-0.1552094970430646,0.6922109127044678,0.3280667262417928,0.6613569072314668,0.08292691622461587,0.14271964132785797,0.324812078475952,0.6821671860558642,-0.1397120250122887,0.6651031970977783,0.3325294579778397,0.6683675067765369,0.08687140867114063,0.1655702292919159,0.3276024843965256,0.6954973680632452,-0.15862141634736734,0.5983332395553589,0.332286192689623,0.6709164432116914,0.06793644077011514,0.17218813300132751,0.32775673014777035,0.6942018696240013,-0.15561016840594147,0.5687085390090942,0.33083624158586755,0.6690709863390238,0.07483081115143636,0.1611611545085907,0.32644475187574096,0.6899860365050177,-0.1386943665998322,0.44493141770362854,0.27919719815254196,0.68738465649741,0.0626103049942425,0.9994829893112183,0.26979792628969457,0.6938513500349859,-0.06260357094662528,0.9994945526123047,0.3209603590624671,0.7406328984669274,0.08405925482511517,0.2504160404205322,0.2810437696320669,0.7896378823689049,-0.09461815229484008,0.771754264831543,0.31319320287023256,0.8313294853482923,0.12629856062786915,0.5322098731994629,0.23781485727855128,0.857991528511047,-0.08279995790549682,0.7498586773872375,0.3060268470219202,0.8471667085375101,0.1274421728083065,0.5925023555755615,0.22774485562528873,0.8696598751204351,-0.08274467161723541,0.7243775129318237,0.3355971557753425,0.8411008971078051,0.09482017031737733,0.5489098429679871,0.2554016828536986,0.8876993519919255,-0.12567628792354033,0.7511218190193176
56,0.29417242152350276,0.5160324130739482,-0.044479373629604045,0.9984400868415833,0.29057520798274433,0.5111971105848037,-0.037152381134884685,0.9987118244171143,0.2898044850145066,0.5117304614612033,-0.037252126421247186,0.9983097910881042,0.28891885280609114,0.5122991102082386,-0.037254463242632985,0.9989556670188904,0.29096778460911327,0.5114728059087479,-0.054109502796615846,0.9990462064743042,0.2905753195285796,0.5122060384069167,-0.054219581506081964,0.9990638494491577,0.2900459894112177,0.5130261250904626,-0.05426752726946556,0.9992935657501221,0.28390756675175244,0.5178572228976656,-0.002271310913576078,0.999040961265564,0.2855455807277133,0.5184763176100593,-0.07947345035416736,0.9978588819503784,0.2934633067675998,0.5259885447365895,-0.02963627683264867,0.9976269602775574,0.2939342073031833,0.5265152147838045,-0.052587750766958485,0.9971412420272827,0.28698072859219126,0.5699792402131214,0.05383750902754918,0.9995764493942261,0.2824320222650254,0.5711129988942825,-0.12478858743395119,0.9991427063941956,0.31318047983305786,0.6014364957809446,0.11353819625718248,0.13162373006343842,0.3055070153304507,0.6342393432344706,-0.15203281342983238,0.7226966023445129,0.336380556651524,0.6335192595209391,0.11119196830051281,0.21692396700382233,0.3281773030757903,0.6826664192335943,-0.1436262654406683,0.6968490481376648,0.34272691607475264,0.637009707518986,0.11716802141496108,0.23590224981307983,0.3324907873358044,0.6967411943844384,-0.1624863854476383,0.6354676485061646,0.34251181823866694,0.6378030249050682,0.09826908047710142,0.24307987093925476,0.3334078286375317,0.6950955067362101,-0.1594788921730858,0.6085805296897888,0.3395601170403615,0.6384111353329247,0.10360507725604937,0.23349642753601074,0.3316847324371336,0.6906148893492559,-0.14273669634546546,0.49282968044281006,0.2841366563524518,0.6885843294007434,0.0611439448382173,0.9995341897010803,0.2732090226241519,0.6963728615215843,-0.061139066836663626,0.999544620513916,0.3259107989924293,0.740616805212838,0.06677298907722742,0.2757226228713989,0.2837033092975615,0.7918523464884073,-0.09713235305888307,0.7943985462188721,0.31329714059829694,0.8316571474075314,0.10952940136194224,0.5659253597259521,0.23811911812850395,0.8578508683613364,-0.08380725128310064,0.7746174335479736,0.30598753861018574,0.8470519678933276,0.11107677838632032,0.6208974123001099,0.22779554043497346,0.867679585729326,-0.08347306655985964,0.7482995986938477,0.3358790116650716,0.8421812806810647,0.08027540253741397,0.5861295461654663,0.255490059512002,0.888334350926535,-0.12401903441974088,0.7755167484283447
57,0.2940291592053003,0.5168338435036793,-0.049438659846782654,0.998593807220459,0.29016519614628367,0.5118962764739987,-0.04234762356749601,0.9988355040550232,0.28939825466700947,0.5124869568007331,-0.04245608906660759,0.9984737038612366,0.28852815032005297,0.5131360871451239,-0.042466992459126864,0.9990572929382324,0.2904050469398497,0.5121604919433591,-0.05898743825299396,0.9991393089294434,0.28990330355507976,0.5129908732005526,-0.05910200519221167,0.999155580997467,0.28924819060734325,0.5139629415103365,-0.05915520723376952,0.9993619918823242,0.2830779450280324,0.5189932124955311,-0.007504448460947186,0.9991355538368225,0.284063536780221,0.5199579460280279,-0.08324566973107198,0.9980672001838684,0.2933842003345488,0.5267105119568958,-0.03471289830548421,0.9978617429733276,0.2936835374150956,0.5271864805902751,-0.057279542833566635,0.9974247813224792,0.28983690568378984,0.5687208397047857,0.05163627458470206,0.9996185898780823,0.28156891720635535,0.574111267498561,-0.12713553479739592,0.9992272257804871,0.3178480557032992,0.5843486939157756,0.11080800167151855,0.20390446484088898,0.3060910625117164,0.6353703158242359,-0.15661046675273343,0.7500702738761902,0.344711524248123,0.6031532508986335,0.11797799106155117,0.290382981300354,0.3311461423124584,0.6825327345303123,-0.1541810750961303,0.7221680283546448,0.3521994394915443,0.6046213609831671,0.12482332246644151,0.30619552731513977,0.3364908908094677,0.697988847323826,-0.17381476461887352,0.6638156771659851,0.35148806912558406,0.6034604668617245,0.1060444987245968,0.3132551312446594,0.33821595226015344,0.6963069762502394,-0.16993394238608214,0.6390737295150757,0.3478816526276723,0.6052480799811224,0.11068740593535553,0.3045380413532257,0.3362469187804629,0.6915702700614925,-0.15311541599886752,0.5253506898880005,0.2892077880246297,0.6902212194034028,0.059159376365797836,0.9995805025100708,0.27710723110607677,0.6986076985086711,-0.059155725049121005,0.999589741230011,0.3306552180222101,0.7405732614653447,0.058845332371337045,0.31046515703201294,0.2860653400421141,0.7949063931192667,-0.10093774007899416,0.8147567510604858,0.31329889297485336,0.8316935573305397,0.10606513002089087,0.5938931107521057,0.23894495069980612,0.8577763404164991,-0.08385948772941312,0.7968274354934692,0.3058829997267041,0.84701383624758,0.10837094868932445,0.6459723711013794,0.22801228548799232,0.8656598550932744,-0.08313134844814024,0.7693983912467957,0.3360981583595274,0.8435038106782091,0.07884698552744725,0.6182827949523926,0.25546999744006554,0.8887040240424017,-0.12163894219057894,0.7973970770835876
58,0.2932953919683183,0.5172277876308984,-0.05271321002926143,0.998733639717102,0.2893066678728375,0.5122128043855938,-0.04583326418484958,0.9989492297172546,0.28860933695520663,0.5128896832466123,-0.045938367928777396,0.9986240267753601,0.28783125366483403,0.5136101092611038,-0.04594503736921717,0.999149739742279,0.28937998924936553,0.512460376535143,-0.06232615102614672,0.9992244839668274,0.28882048130035387,0.5133992603846956,-0.062447628911052405,0.9992395043373108,0.28811271531241267,0.5144581743649072,-0.06250289625355172,0.9994250535964966,0.2824016281536646,0.5199218630790707,-0.010354174196254458,0.9992212653160095,0.2827561897890907,0.5210818529129027,-0.0856005034276417,0.9982593059539795,0.2930620227541241,0.527063921519688,-0.037641521223953776,0.9980741143226624,0.2931551192487988,0.5275880966867716,-0.06005696462733402,0.9976813793182373,0.29252588493483395,0.5653860483850749,0.048913860640355494,0.9996565580368042,0.28060468775885433,0.576352662699563,-0.12689073298658637,0.9993041753768921,0.3204271563461847,0.5669932007789609,0.11030751104865749,0.2723705768585205,0.3061461644513265,0.6355323450905933,-0.15455255891595562,0.7749956250190735,0.35046369348253503,0.5710838590349467,0.11988239245755326,0.35846197605133057,0.3337544466767991,0.682776137760707,-0.15348974934646054,0.749584972858429,0.3578521924359456,0.567349702119827,0.12638000271150038,0.37242382764816284,0.3391129187175204,0.6990184817995341,-0.1731088655335562,0.6968713998794556,0.3571784232343944,0.5659336243356974,0.10906079241207663,0.3790539801120758,0.3415674405438558,0.6977094956806724,-0.16855487653187334,0.6745679378509521,0.35374578663281014,0.5692741666521342,0.11322470243488034,0.37126749753952026,0.3398119023868014,0.6926507694380621,-0.15216823688575193,0.5713626742362976,0.294367195027215,0.6913182514054432,0.057416346243449594,0.9996222853660583,0.2817210180418831,0.6997764280864167,-0.057408077695539995,0.9996306300163269,0.3357645196574073,0.7414344515119277,0.050590586449418724,0.366856187582016,0.2886726524148667,0.7972762516566682,-0.10304707522903164,0.8332570195198059,0.3137469393866401,0.8310785072190418,0.10226963247571667,0.6323214769363403,0.2405216404369898,0.8574237908635817,-0.08316947881664545,0.8171198964118958,0.3057873317173547,0.8456335152898512,0.10491409131458823,0.6794124841690063,0.22886328356606608,0.8635058011327468,-0.08063289523124692,0.7921712398529053,0.33626980951854146,0.8446270142282755,0.07611045539379116,0.655365526676178,0.25564988681248246,0.8888276849474221,-0.11528417084898263,0.8176134824752808
59,0.2923941212041036,0.5173246094158714,-0.05851415970495766,0.9988600015640259,0.28829235008784687,0.5125784346035546,-0.05183722536478721,0.9990537166595459,0.28762509567396966,0.5133098517145427,-0.05194381667034964,0.9987610578536987,0.28690265331949494,0.5140386240822925,-0.05194573753646439,0.9992343783378601,0.28839263405118654,0.512882852554321,-0.06779462248086926,0.9993018507957458,0.28786891783986757,0.5138759051050457,-0.0679253416401999,0.9993154406547546,0.2872165245669227,0.514909665925162,-0.06798821496112004,0.9994823932647705,0.2819636804716926,0.5206551705087932,-0.015415704516427849,0.9992989897727966,0.28230213693210043,0.5219141091619217,-0.08835948471512109,0.9984331727027893,0.292610934802464,0.5271348442350112,-0.04297312327793664,0.998266339302063,0.2926420927047728,0.527617505618504,-0.06471151177372247,0.9979130029678345,0.2950048804283141,0.5602537342480248,0.044157287811062144,0.9996907711029053,0.2797526589461734,0.5781366705894467,-0.1258020379713603,0.9993734955787659,0.3212424848760876,0.5482143930026461,0.10382159767406324,0.3387313187122345,0.3056932858058383,0.6354463304792128,-0.14851165115833276,0.7974483370780945,0.35117927449090125,0.5367050945758817,0.12097382439034321,0.42138540744781494,0.3338885043348583,0.6805930120604375,-0.14598317827497204,0.7743198275566101,0.3577337247984748,0.5292461872100828,0.12860864081553045,0.4338343143463135,0.33976016044616686,0.6973515357289992,-0.16472756351743417,0.7266986966133118,0.3579918588910782,0.5280546043600353,0.10738318126116475,0.4399124085903168,0.34246722544942565,0.6956499270030427,-0.1609004263366971,0.7065902352333069,0.35521192039762206,0.5324565989630561,0.11244522035121912,0.432854562997818,0.34067218644278374,0.6909021735191342,-0.144783044712884,0.6129323840141296,0.30008356911795464,0.6919825945581706,0.055298548085348925,0.9996600151062012,0.28614989433969756,0.6996470400265281,-0.055282931029796575,0.9996674656867981,0.34051078643117616,0.7436747891562321,0.04856370123369351,0.4265536069869995,0.29229385852813705,0.7981240613119939,-0.10434627830982203,0.8499236106872559,0.3144662337643758,0.8296065415654861,0.10705153388636449,0.6679430603981018,0.24250420204230705,0.8559670822960985,-0.07712412040148459,0.8353949189186096,0.3058845341205595,0.8433082767895286,0.11192933065550661,0.7101048231124878,0.23030131842408852,0.8595582791737144,-0.07247768326529432,0.8127598166465759,0.33638159973280757,0.8457922407558982,0.08630263251917698,0.6891968846321106,0.25567021114485594,0.8890880993434358,-0.10346335715481209,0.8358281254768372
60,0.2920422060149055,0.5177183372633796,-0.0808535101158278,0.9989734888076782,0.28788207684244416,0.5132812772478373,-0.07432806034173281,0.9991474747657776,0.2872123156275067,0.5139439685004096,-0.07443777823022431,0.9988839626312256,0.28651218840054093,0.51458785533905,-0.07444560293640407,0.999310314655304,0.287990493433816,0.5136839015143255,-0.08956325522490907,0.9993714094161987,0.2874300198895589,0.5146591544151304,-0.08969976763640126,0.9993836879730225,0.2867370912006922,0.5156864115170068,-0.0897694764392716,0.9995339512825012,0.2819506193910325,0.5215771027973718,-0.035850802290120276,0.9993689060211182,0.28205728616033265,0.5233364820480344,-0.105218237212726,0.9985895156860352,0.2926669188908167,0.5271720988409857,-0.06438122051102771,0.9984391927719116,0.29253492355346666,0.5275953292846678,-0.08509338540690281,0.9981213808059692,0.29723434107644203,0.5547436475753782,0.02530212919893008,0.9997214674949646,0.2790031092507497,0.5807570934295652,-0.13403740695544644,0.9994356632232666,0.32023546440260736,0.5292605161666868,0.0843831251774515,0.39574968814849854,0.3044344919068471,0.6353818757193426,-0.15204813991274146,0.817551851272583,0.3485166277204239,0.5053906372615267,0.10344790188329556,0.4760533273220062,0.3331992779459271,0.6763020804950166,-0.1492490121296473,0.7957772612571716,0.3545538672379083,0.49535438929285297,0.10970798390252245,0.4872208535671234,0.3396891559873307,0.6933763231549941,-0.16671392023563378,0.7524313926696777,0.35526322466986504,0.49449230177061876,0.08854351873908721,0.49288737773895264,0.34271233507565074,0.6903056825910292,-0.16595392354897082,0.7342330813407898,0.35283273884228283,0.49943598168236847,0.09469401687383647,0.48637616634368896,0.3405861011573245,0.6862305862562994,-0.14904518510614118,0.6475874781608582,0.30582077928951795,0.6908617854118344,0.05247752634542327,0.9996939897537231,0.2901178027902329,0.6984488776751924,-0.05244945042899674,0.999700665473938,0.3442304977348871,0.746828096253531,0.04828183416809352,0.4825632870197296,0.29763435210500433,0.7964295847075322,-0.10652721694537567,0.8649253249168396,0.3150672325066156,0.827702997412,0.12409281624214984,0.7004887461662292,0.2461386382579802,0.8515380603926519,-0.058569471325193107,0.8518410921096802,0.30601607220513466,0.8414943575859066,0.1318973915917532,0.7378917336463928,0.23390911604676917,0.852711907454899,-0.05148984672767773,0.8311722874641418,0.33661309736115574,0.8461452194622581,0.11119025966950821,0.719788670539856,0.25580399462154924,0.888956465039934,-0.07756693097097529,0.8522188067436218
61,0.29216399703706997,0.518733089310782,-0.09895826024668553,0.9990758299827576,0.28790986282484854,0.514815316881452,-0.0924702595387186,0.999232292175293,0.28723316022327955,0.5153853365353174,-0.09257792362145012,0.9989950656890869,0.2865299148218971,0.515928975173405,-0.09258952215313906,0.9993789792060852,0.2879319046224865,0.5152416706085203,-0.10682893288987019,0.9994341731071472,0.28727812341281334,0.5161530699048721,-0.1069699210780007,0.9994451999664307,0.2864970862865447,0.517160846505846,-0.10704454460314337,0.999580442905426,0.28205168332372377,0.5231935007231574,-0.05247892093445572,0.9994319081306458,0.28202260136604296,0.5254321660314285,-0.11759103983640666,0.9987304210662842,0.2929625775132859,0.5277469566890169,-0.08186056911945339,0.9985949993133545,0.2926383793354033,0.5280550428799218,-0.10134804908718377,0.9983090758323669,0.29918407372065936,0.5502441423279896,0.008040333100195437,0.9997491240501404,0.2786805936268396,0.5837275760514392,-0.13947222743715554,0.9994915723800659,0.3196019564356121,0.5128228817667277,0.06130935294287542,0.4488382935523987,0.30147442221641524,0.6352760774748663,-0.15679235884121479,0.8354647159576416,0.3449699648788995,0.4811906916754584,0.07531825538192473,0.527202308177948,0.3315721963133129,0.6706040092876976,-0.15841998670782353,0.8154967427253723,0.3503992651190075,0.47002837232180983,0.07868739792278831,0.5374172925949097,0.3387764394283293,0.687129371506827,-0.17547523890222813,0.7763968706130981,0.3510275432041712,0.4683277070522306,0.06088342475039615,0.5425859093666077,0.34161346725055136,0.6826612046786713,-0.1769558983189718,0.7600154280662537,0.3488595732620783,0.47324667828423617,0.0678060431565557,0.536577045917511,0.33929493086678625,0.6791820985930304,-0.15907296240329735,0.681033730506897,0.31153047766004277,0.68936424936567,0.04888274946383065,0.9997245669364929,0.29451416134834274,0.6977891819817676,-0.0488583020865917,0.9997305274009705,0.347017786332539,0.7494073373930791,0.04092692775385719,0.5337597131729126,0.303934906210218,0.7919409002576552,-0.10805859991482321,0.8784202933311462,0.3157170474529265,0.826007109028952,0.13079997130802695,0.7300045490264893,0.2526196581976753,0.8447667360305782,-0.03700884591255867,0.8666115999221802,0.30638407979692717,0.8393979362079071,0.14073549530335827,0.7631391882896423,0.240525214586939,0.8434029528072897,-0.02854904143937995,0.8474118709564209,0.3368553102016447,0.8460190057754513,0.12351377372230796,0.7474256157875061,0.2563809922763278,0.8886275802339823,-0.050661359195198305,0.8669295907020569
62,0.29225182362965163,0.519354849202292,-0.10617684743234085,0.9991669654846191,0.28789612821170246,0.5159195355006624,-0.09934414513409134,0.9993073344230652,0.2872805067471094,0.516435520989554,-0.09944791133914671,0.9990934133529663,0.2866381543023244,0.5169263754572184,-0.0994597496198756,0.9994397163391113,0.2877454655511037,0.5162642989839824,-0.11368979439139362,0.9994903206825256,0.28702664119856686,0.5171120950153894,-0.11383687598364689,0.9995002746582031,0.28620378800800855,0.5180817893573213,-0.11391571941120279,0.9996220469474792,0.2821642730917248,0.5243218626294814,-0.05786616578698156,0.9994882941246033,0.2820557355880736,0.5268228735242568,-0.12300032749772066,0.9988569021224976,0.29329563379287704,0.5279152665819438,-0.08856674187949722,0.9987346529960632,0.29273989200592027,0.5282046113695414,-0.10799537939684727,0.998477578163147,0.3006309722151074,0.5470510108130316,0.0019859051198831586,0.9997737407684326,0.2785300220761979,0.584708852427346,-0.14411058638777047,0.9995413422584534,0.31805356826101017,0.5016146583216529,0.05031126375709259,0.4941600561141968,0.2963390128953115,0.6352115290505542,-0.16134708694049282,0.8513230085372925,0.3418355524539946,0.4599333107471464,0.051392384618520706,0.5720840692520142,0.3283576471464973,0.665294734069279,-0.16985084967953812,0.8329088687896729,0.34694141319819843,0.44869424445288497,0.051405042622770555,0.5816913843154907,0.3366844739232743,0.679931683199746,-0.18738936143262036,0.7975984215736389,0.3480337296213421,0.4462405996663228,0.03919894716569353,0.5864450335502625,0.33934555820056356,0.6748431784766058,-0.18972800970077505,0.7828385233879089,0.34566037058830246,0.4508672799382889,0.04621531495026177,0.580804169178009,0.3369141493524822,0.6714235220636637,-0.17091573902538837,0.7103816270828247,0.3173823007515497,0.6867693884032109,0.0470173833625657,0.9997520446777344,0.2995226570538111,0.6969103131975443,-0.04700114152261187,0.9997573494911194,0.3500660061836241,0.7511784434318538,0.035021214612892676,0.5800691246986389,0.3109763758523122,0.7847784927913117,-0.10854992078883303,0.8905560970306396,0.3167893843991414,0.8244024481092177,0.13011124453374312,0.756707489490509,0.2611056136233465,0.8383289405277793,-0.027005022870642784,0.8798814415931702,0.3068999281951358,0.8364894986152644,0.13958815570388516,0.7860432863235474,0.24933774726731425,0.835649124213627,-0.01798405136380876,0.8617748022079468,0.33696812476430604,0.8456759044102257,0.12140143322093142,0.772372841835022,0.26049393926347997,0.8880269033568242,-0.03975717095392089,0.8801238536834717
63,0.2923016105379376,0.5191386359078541,-0.07798733892185343,0.9992481470108032,0.2877292990684508,0.5162055202892846,-0.07020054741629529,0.9993733763694763,0.2871973233563558,0.5167229005268639,-0.0702949091259922,0.999180018901825,0.2866425352437154,0.5172032322202408,-0.07030575413789064,0.9994931817054749,0.2874543292181831,0.5167003784860882,-0.08414201842887056,0.9995404481887817,0.28673504846436626,0.5177038669586179,-0.08429460472294259,0.9995495676994324,0.28593682391302916,0.5188833713531492,-0.08436977703656465,0.9996591806411743,0.2822404214314051,0.5249014292444499,-0.029517177891518375,0.9995386004447937,0.28209730897630947,0.5284158638545442,-0.09304900275809419,0.9989703893661499,0.29365226711545656,0.5272777676582334,-0.06119598905955039,0.9988598823547363,0.29296326637268055,0.5279758538518631,-0.08008847704955506,0.9986289739608765,0.3017831248896461,0.5448953901018413,0.021677945700607118,0.9997957348823547,0.2795010788100105,0.5840640681130542,-0.11905975448233735,0.9995861649513245,0.3168263971805571,0.4952117511204308,0.05964601337909695,0.5337504744529724,0.2898559391498564,0.6346247332436694,-0.14606505845274237,0.8651719093322754,0.33819042614528094,0.4434365681239535,0.05540697329810684,0.6127709746360779,0.321714459146772,0.6580753615924286,-0.16812527435166488,0.8484250903129578,0.34316305943897774,0.4330015718936918,0.05233717667204991,0.621785044670105,0.33044639400073444,0.6713080133710586,-0.18598265179565965,0.8166971802711487,0.34360133664948583,0.4295028822762623,0.04444614276289938,0.6261700391769409,0.3330364848886216,0.6655943717275344,-0.18743856251239768,0.8034006953239441,0.3404911373342785,0.4339634324823105,0.05113953756434574,0.6208910942077637,0.33080567206655215,0.6618783831596371,-0.1690380381686346,0.736955463886261,0.3222551362855092,0.6825530869620184,0.0465532247509275,0.9997766613960266,0.30406594787325164,0.6928836703300473,-0.04654547625354356,0.9997813701629639,0.3527651233332496,0.7525567020688734,0.029630366340279563,0.6213316917419434,0.31902445725032247,0.7776134814534865,-0.11273072787693564,0.9014466404914856,0.3175083288124628,0.8236644046647205,0.11044930347374503,0.7805758714675903,0.2701028832367487,0.8342420373644143,-0.04212614755545342,0.891788125038147,0.3078989156654901,0.8346183538436885,0.11812460869550699,0.8064226508140564,0.2595465711184909,0.8310820255960734,-0.034132649589862125,0.8744024634361267,0.3369930207729338,0.8456402029309951,0.09708233539547234,0.7946829795837402,0.26912324087960365,0.8852724875722608,-0.055772862583398794,0.8919442296028137
64,0.29237678732190797,0.5184765066419326,-0.0489662449274744,0.9993220567703247,0.28772778170449376,0.5158624155180792,-0.04026994859533649,0.9994339346885681,0.2872350437300545,0.5163741741861614,-0.04035822562873362,0.9992594718933105,0.2866877589906964,0.5168614523751393,-0.04036950261465139,0.9995422959327698,0.2874174688543591,0.5166750243731906,-0.05355526166302814,0.9995858073234558,0.2867225289344786,0.5179918919290813,-0.053709240257739994,0.9995940923690796,0.28594960996082835,0.5195577945028029,-0.05377814290778975,0.9996927380561829,0.28266388433320166,0.5249380077634537,-0.00019440656261784754,0.9995841979980469,0.28223855750901344,0.5299198678561616,-0.060537257364818,0.9990726113319397,0.29447463835988713,0.5259646654129025,-0.032928566528218114,0.99897301197052,0.2934752464294432,0.527473928247179,-0.05098459390657287,0.9987654089927673,0.30322671788079386,0.5431118028504505,0.0430821772265647,0.9998157024383545,0.2808952016489845,0.582583085128239,-0.08915855724896699,0.9996268153190613,0.315902212687901,0.49076150059699986,0.07264840858323231,0.5753609538078308,0.2829436004161834,0.6327764834676467,-0.13020350890500199,0.8780596256256104,0.33445038795471177,0.43199250272342116,0.06344121641346384,0.6510056257247925,0.3141924696309224,0.6504525286810736,-0.1693979872124535,0.8629217743873596,0.33947373884064797,0.4212620896952491,0.0582632559750761,0.6591420769691467,0.3223751383168355,0.6620093839509144,-0.18836540622370573,0.8344071507453918,0.3386251875332422,0.4180856423718587,0.05301071362836018,0.6631192564964294,0.32494613187653665,0.6558585064751759,-0.18866162257535107,0.8224301934242249,0.3350249281951358,0.4224168556077138,0.05980422118944778,0.6583103537559509,0.32290128639766136,0.6522541080202372,-0.170277623619352,0.7621253132820129,0.3256050160952975,0.6780546767371038,0.046440238931349326,0.9997987747192383,0.3076330976826802,0.6880013414791648,-0.04644322672060556,0.9998028874397278,0.3552382162639071,0.7539433836936946,0.02951260762555257,0.6588093638420105,0.32820425799914754,0.7727630223546706,-0.11580321895224702,0.911279022693634,0.31774172442299964,0.8231081604957577,0.09917643879141122,0.8022679090499878,0.2796286710671015,0.8309711456298824,-0.0550578924162047,0.9025583267211914,0.3086888798645563,0.8336007407733369,0.10506656127316606,0.8251681923866272,0.27060939158712105,0.82836000919342,-0.047378687347684564,0.8864008188247681,0.3368830221039907,0.8458764076232905,0.08264566979237961,0.8149738311767578,0.2808424932616096,0.8796062622751504,-0.06729236766695973,0.9026702642440796
65,0.2924082568713595,0.5175722122192381,-0.03372419370072227,0.9993875622749329,0.28778884581157127,0.515735260077885,-0.02415455020964144,0.9994862079620361,0.28731649518012986,0.5162265709468294,-0.02425128311983175,0.9993281364440918,0.2867356189659662,0.5166887164115903,-0.02426172718405722,0.9995847344398499,0.287417903116771,0.5167911035673957,-0.03638752379587716,0.9996259212493896,0.2867343936647686,0.5183482340403963,-0.03653772154024667,0.9996334910392761,0.28598581807953954,0.5202196104185919,-0.03659968110067502,0.999722421169281,0.283236630473818,0.524989410809108,0.017219078966549457,0.9996243119239807,0.28229046038218897,0.530874635492052,-0.03822119459509847,0.9991634488105774,0.29513498459543486,0.5242382407188413,-0.017606867849826804,0.9990739226341248,0.2939039545399801,0.5266974670546393,-0.034371832758188225,0.9988875389099121,0.304721369913646,0.540389173371451,0.053682734045599166,0.9998335838317871,0.2819236551012311,0.5821883508137291,-0.06514426746538704,0.9996628761291504,0.3151260554790495,0.48637373873165657,0.07563388336982042,0.6105755567550659,0.27687171442168085,0.6300962822777882,-0.12201879407678326,0.8885740637779236,0.33036737782614556,0.4279146432876585,0.05682805137974872,0.6847530603408813,0.30646321603230053,0.6416807821818757,-0.18711524733475268,0.8743986487388611,0.33507587994847965,0.4164668687752313,0.049946292809077655,0.6920869946479797,0.3136906913348605,0.6507858003888808,-0.20890654836382175,0.8487155437469482,0.3328763144356862,0.41333508661815077,0.04406512848633738,0.6957461833953857,0.3158534058502741,0.6448463950838359,-0.2080347946711948,0.8379001021385193,0.3298057726451327,0.41771967581340225,0.052843970725578907,0.6912946105003357,0.31412619437490175,0.6418285761560709,-0.18824515385287138,0.7819060683250427,0.32836839130946555,0.6741568395069664,0.0452251932450703,0.9998185634613037,0.31067899380411407,0.685159577642168,-0.04525789554630005,0.9998220205307007,0.35789613723754865,0.7547476666314258,0.02466320140021187,0.6921223402023315,0.33681778737476875,0.7697475399289809,-0.11704344877174916,0.9200373888015747,0.3179757518427711,0.8215437923158915,0.09098611921072003,0.8212177157402039,0.2898937080587658,0.8263673237391878,-0.05863277582185606,0.9120430946350098,0.30900460651942646,0.8307927318981712,0.09627950553383142,0.840857744216919,0.28121623226574477,0.8250729884420119,-0.05060050838759965,0.8954138159751892,0.3368006008011952,0.8460780858993526,0.07356383310897005,0.8326462507247925,0.29222537279129013,0.8731856056622092,-0.06982636494295935,0.9119972586631775
66,0.2924276624407086,0.5164717163358413,-0.037755483176027005,0.9994478225708008,0.2877729901245661,0.5154806750161305,-0.02791844899100915,0.9995355606079102,0.2873312200818742,0.5159842474120002,-0.028030215682727934,0.9993929862976074,0.28675511479377735,0.5164512923785616,-0.028039378193872304,0.9996247887611389,0.28736979705946775,0.5165125966072079,-0.03967778980731962,0.9996626377105713,0.28669235450880853,0.5181169135229926,-0.03982148532356533,0.9996695518493652,0.2859660642487661,0.5200377328055243,-0.03987941731299671,0.9997495412826538,0.28371075902666354,0.5247734921319142,0.01512921064692948,0.9996612071990967,0.28229434830801814,0.5306611231395174,-0.03836979099682397,0.9992457032203674,0.29570721387863147,0.5227764402117046,-0.02102838126676422,0.9991657137870789,0.29422034876687175,0.5257049322128293,-0.03727420238511901,0.9989981055259705,0.30619908315794797,0.5380042672157285,0.05059819572738237,0.9998499751091003,0.2820216638701301,0.5820743237222941,-0.06382528873426571,0.9996954202651978,0.3148947962692804,0.48181793860026745,0.06640804335474965,0.6462320685386658,0.2711714446544646,0.6271683744021821,-0.12903331688472197,0.8980007767677307,0.32769812771252205,0.4250123560428617,0.036526558840913416,0.715703010559082,0.29784872276442376,0.6298307555062428,-0.21853332902703956,0.8838596940040588,0.3312360525131224,0.41307714155742076,0.029299114538090556,0.7221869826316833,0.3048714084284645,0.6351689134325297,-0.24380044255937836,0.8605221509933472,0.32940639683178474,0.40995073403630916,0.01967519178454364,0.725540280342102,0.3071560706411088,0.629239589827401,-0.24218536828245424,0.8507433533668518,0.3273478771959031,0.41458219119480655,0.03133920686585561,0.7214415669441223,0.3051348669188362,0.6281539934022083,-0.22015632220676956,0.7978615760803223,0.33150334783962776,0.6717860358101977,0.043468640531812375,0.9998361468315125,0.31411693521908335,0.6852316038949146,-0.04352730555193763,0.9998387694358826,0.3606482837881359,0.7549171107155933,0.020778374533568098,0.7215239405632019,0.3444025686808993,0.7666422724723811,-0.11654599649565554,0.9277837872505188,0.31969672356333034,0.8180416601044788,0.09168044137103212,0.8373153805732727,0.2998035030705587,0.8212289963449746,-0.05460971828017913,0.9203029870986938,0.3108000048569269,0.8257582392011367,0.09730363296610964,0.8534161448478699,0.2902151916708263,0.8226211462702065,-0.04659377442938938,0.9019842743873596,0.3365908486502509,0.8454651713371273,0.07385085874370162,0.8476700186729431,0.30340642929077133,0.867240122386387,-0.06949716699974874,0.9199889898300171
67,0.293075908081872,0.5154721226011001,-0.05939401792628422,0.9995024800300598,0.28818730797086434,0.5153570975576126,-0.0477905860436814,0.999580979347229,0.28783674665859754,0.5157803433282033,-0.04791341748620781,0.9994525909423828,0.2873854611601147,0.5161317467689511,-0.0479253763599055,0.9996616840362549,0.28762565510613564,0.5167453544480458,-0.06020486642207416,0.9996959567070007,0.28689160772732314,0.518478863579886,-0.06034920013376642,0.9997022151947021,0.286113394158227,0.5205123765127997,-0.06040692052670886,0.999774158000946,0.28451924153736646,0.5251143336296078,0.003743579212043961,0.99969482421875,0.28241538490567875,0.5323118260928561,-0.05255339981189794,0.9993201494216919,0.29676668388502925,0.521557739802769,-0.039990030654839095,0.999248743057251,0.2949847587517328,0.5248091391154696,-0.057164641469717004,0.9990978837013245,0.3098827379090444,0.5341129813875468,0.03851719009024754,0.9998648166656494,0.28191631776945913,0.5844404833657398,-0.0646947169942515,0.999724805355072,0.3197781205177306,0.46931225146566097,0.04491620106356482,0.679516613483429,0.2609724947384424,0.6354007218565256,-0.16402925699949256,0.9061301350593567,0.32867721744946055,0.4083994516304559,0.0017365622733320433,0.7437561750411987,0.28362960730280184,0.6309555402823854,-0.28343283140233577,0.8897035121917725,0.33133920516286564,0.3952580315726142,-0.009146675254617424,0.7494862675666809,0.2908774197101592,0.6340623736381528,-0.3136762934071676,0.8685869574546814,0.3294733379568371,0.39234027181352865,-0.018890724297878997,0.7525538206100464,0.29448227967534735,0.6284767006124766,-0.31171384900808324,0.8596485257148743,0.32791131564549025,0.3973377534321374,-0.004112509185714388,0.7487846612930298,0.2924221609319958,0.628641182184219,-0.2858587804649556,0.8083053231239319,0.33493903705051953,0.6706458721842081,0.04288523835795264,0.9998518824577332,0.31775902850287285,0.6843744908060343,-0.04294068898473465,0.9998533725738525,0.3622684001922606,0.7550469432558329,0.014091255090066354,0.747541606426239,0.3499719015189578,0.7621855463300429,-0.12316832606281547,0.9347183108329773,0.3218182342393056,0.8150082724434985,0.08776919096708294,0.8510465621948242,0.3081238516739435,0.8174637930733812,-0.049337109816925837,0.92764812707901,0.3130441648619514,0.8224759442465642,0.09337187388113563,0.8641163110733032,0.2976586205618721,0.8218209164483202,-0.04076175178800308,0.9081361293792725,0.33653417570250355,0.8439546431813917,0.06664362081459588,0.8607057929039001,0.31395963515554137,0.8606841785567143,-0.06453312827008108,0.927092969417572
68,0.2919544288090296,0.5187628899301799,-0.015964278365884495,0.99955153465271,0.2873674673693519,0.5181802392005918,-0.008535099135977872,0.9996216297149658,0.287018973486764,0.5187551242964605,-0.00866391717323234,0.9995059370994568,0.2866120525768824,0.5192362666130064,-0.008670680544206066,0.9996947050094604,0.2871022828987665,0.519003139223371,-0.020954443195036462,0.9997257590293884,0.2865358965737478,0.5204094614301407,-0.021105668374470282,0.9997314214706421,0.2858858534267969,0.5220214520181925,-0.021162700865949884,0.9997960925102234,0.28458102771214067,0.52868207011904,0.024850175589589126,0.9997249841690063,0.2830397512231553,0.5340467146464754,-0.03160556033253668,0.9993865489959717,0.2951411630426133,0.5252860256603784,-0.002417788761002671,0.999323308467865,0.29399269563811153,0.5270380990845813,-0.01970981625573974,0.9991874098777771,0.30064607518059855,0.5511106831686835,0.05311284767729893,0.9998781085014343,0.28757606063570285,0.5728693008422849,-0.05606137269309586,0.9997498989105225,0.29680028813225867,0.5225749688489094,0.06524589753576684,0.7074861526489258,0.2773481334958756,0.5785809448787143,-0.1437054974692208,0.910984456539154,0.3109045224530355,0.4709602722099847,0.038305106413151525,0.7684531807899475,0.29097447139876215,0.5467317666326248,-0.21197113011564517,0.8786534667015076,0.3126786495958054,0.45988341059003535,0.03258190532880169,0.7734699249267578,0.295236255441393,0.5423676575933181,-0.23634093148367735,0.8595073819160461,0.3124600299767084,0.45750040071351167,0.02164350473987204,0.7763642072677612,0.2954079977103641,0.5392885582787648,-0.23114821229662202,0.8508552312850952,0.3111373722553252,0.46132119723728704,0.03257783119167599,0.772803008556366,0.2945001925740922,0.541411631447928,-0.21238403107438758,0.795532763004303,0.3336603411606378,0.6718937686511446,0.044580811049256985,0.9998654723167419,0.3251231006213595,0.6820681776319228,-0.04464183055928773,0.9998651742935181,0.3621462540967122,0.7545232551438464,0.03101969462420258,0.7675498723983765,0.3552774378231592,0.7589055521147589,-0.11792448822941093,0.9402627944946289,0.32339869737625104,0.8133656501770016,0.08347351508481157,0.8595471382141113,0.3134201535156793,0.8167789987155365,-0.07169919854828287,0.9328388571739197,0.3143232473305292,0.8220121434756684,0.08683691429240359,0.8707252740859985,0.3024018764495848,0.8224084394318714,-0.06671123493994982,0.9095652103424072,0.3367417880467004,0.8427887695176257,0.05991281079394474,0.869753360748291,0.32035529613494856,0.856702499730246,-0.09351990989276336,0.9316331744194031
69,0.293228153671537,0.5223708220890588,-0.004101160487958368,0.9994826316833496,0.2891649280275616,0.5207089304924009,0.00280399822763034,0.9995806813240051,0.288851431437901,0.5213247503553116,0.0026669353246688843,0.9994562864303589,0.28854406646319786,0.5218855074473787,0.0026637769171169792,0.9996753334999084,0.2886967429092951,0.5212753823825289,-0.010628882156951083,0.9996998310089111,0.2880471084799084,0.5223486730030602,-0.01078860270125525,0.9997069239616394,0.28734187568937014,0.5234587584223064,-0.010850446032626283,0.9997783303260803,0.2868112776960644,0.5320255398750303,0.034724066765712824,0.9997105598449707,0.2849873244762419,0.5346011808940341,-0.027447010204195967,0.9993234276771545,0.295422612769263,0.5293128524507793,0.009095367469957892,0.9991987347602844,0.29449667590005046,0.529697127001626,-0.009593739999192094,0.9990515112876892,0.2951436357838766,0.5614968504224502,0.06635344645806718,0.9998741745948792,0.29401451264108913,0.5657209719930374,-0.05974341620291979,0.9997479915618896,0.28396157622337326,0.5443015345505303,0.08556618179593764,0.6448448300361633,0.2835793784686496,0.5300570462431224,-0.14346243164369032,0.9135231971740723,0.2950313363756451,0.4935982704162596,0.06389911387647898,0.7110303640365601,0.29098287054470595,0.4978972613811491,-0.18976016076547753,0.8596142530441284,0.2994218894413538,0.48425367559705434,0.06133253787245066,0.7208989858627319,0.29278375761849523,0.48924231699534804,-0.21184758288519714,0.8327221274375916,0.30017334989139,0.4815528792994361,0.04936526902685205,0.723438560962677,0.2912934090409959,0.4884030997753141,-0.2043943607381411,0.8207314610481262,0.2990453038896832,0.48456575955663383,0.05797183771750754,0.717545747756958,0.2914289040224891,0.49143779533249965,-0.1888684037540639,0.7595975399017334,0.3349613181182315,0.6721345203263416,0.047197377149547824,0.9998781681060791,0.3299706578254698,0.6800293615886139,-0.04728348734123364,0.9998781085014343,0.3622846714087893,0.7538697498185291,0.04643983377942015,0.7194366455078125,0.3578208633831568,0.7580626675060814,-0.11281397874866207,0.9442976713180542,0.32326078670365455,0.8129839914185657,0.07796358934470582,0.8238974213600159,0.31460384215627385,0.8182242172104969,-0.09089924916625018,0.9349588751792908,0.31351831214768533,0.8220090729849675,0.07935843169689175,0.8641923069953918,0.30368823153632013,0.824079140595027,-0.0888851363744054,0.9103075861930847,0.33697879910469036,0.8421977366719924,0.050083327719143436,0.8315262794494629,0.32266678299222656,0.8564511316163195,-0.12158153866018562,0.9280055165290833
70,0.296257619346891,0.5217556834220884,-0.02132309568779807,0.999533474445343,0.29212961282048894,0.5193463785307746,-0.012061535460608331,0.9996209740638733,0.2917886963912418,0.5198972719056263,-0.012203871458768832,0.9995086193084717,0.29150684986795683,0.5204646468162535,-0.012207035933222078,0.9997066259384155,0.29126049024718137,0.5202079789979115,-0.02636055669614245,0.9997292160987854,0.29036598461014873,0.5212333253451753,-0.026528388474668752,0.9997356534004211,0.2894571185111998,0.5221885715212138,-0.026601419704300994,0.999799907207489,0.28940809794834665,0.5310804213796341,0.03115054679967994,0.9997388124465942,0.2869059673377444,0.5323556525366644,-0.036847705713340194,0.9993895888328552,0.2980158959116253,0.5292906369481765,-0.004580453251089359,0.9992781281471252,0.29681282043457013,0.529465215546744,-0.02438840312617164,0.9991456270217896,0.29831847378185805,0.5579216718673703,0.07181838644402365,0.9998862147331238,0.2976563096046446,0.5672768456595282,-0.06992720259087423,0.9997695088386536,0.29058895281382957,0.525502334322248,0.09489747041038102,0.6712344288825989,0.276867069516863,0.5204064658709933,-0.15431892275810233,0.9205136895179749,0.29191363113267066,0.46972456744738966,0.06912894437887837,0.7389541864395142,0.2815534148897442,0.5027418426104953,-0.214752418228558,0.8697603344917297,0.29740225246974383,0.4610670890126908,0.0669975547386067,0.7475777268409729,0.28237623231751563,0.4908358676092963,-0.2382990419864653,0.8433181643486023,0.29848303113664887,0.45855972681726703,0.05498303276087555,0.7500162720680237,0.28197552987507396,0.4900154931204657,-0.23063710161617812,0.8322012424468994,0.29639406374522603,0.46122419408389476,0.06314988077751225,0.7445387840270996,0.2826413725103649,0.4947801743234905,-0.2139157367604118,0.7732998728752136,0.3395275660923548,0.6719171149390082,0.048627598796571976,0.9998873472213745,0.33130852750369466,0.6799394437244957,-0.04874208186353953,0.9998854994773865,0.3623426088265009,0.7540790847369598,0.05386918117957454,0.7282566428184509,0.3565778408731731,0.7580315402575899,-0.12525914055960513,0.9461461901664734,0.3231033521039144,0.8128794108118326,0.0879486833299909,0.8131557703018188,0.3122112989425658,0.8201991149357383,-0.11022415437868657,0.9341018199920654,0.3137878469058444,0.8214772377695352,0.08973628772156576,0.8533223867416382,0.30192910347666047,0.825773247650691,-0.1088923644806657,0.8983384966850281,0.33707810299737095,0.8417735031672882,0.05961292066744393,0.8293954133987427,0.3218834255422863,0.8572115676743639,-0.14626736938953394,0.9267330169677734
71,0.30016036118779854,0.5154817802565436,-0.08608500691396846,0.9995719194412231,0.29513714398656554,0.5138063703264506,-0.07115188283579688,0.9996443390846252,0.2948209362370626,0.5141015240124291,-0.07130192369222639,0.9995402693748474,0.29459244608879076,0.5144110202789305,-0.07130433587091307,0.9997257590293884,0.2936731704643793,0.5158171568598063,-0.08701408132910726,0.9997497797012329,0.292479406084333,0.5172729849815366,-0.08718479861106188,0.9997562766075134,0.2913008298192704,0.5186440297535485,-0.08727360314556527,0.9998141527175903,0.2917676278523035,0.5251037171908784,-0.0020577758816736117,0.9997584819793701,0.28807603716850266,0.5291881748608178,-0.07753904328814572,0.9994361400604248,0.3023998813969747,0.5227884854589187,-0.06109930159790174,0.9993428587913513,0.3003482707909174,0.5245998280388966,-0.0828481517732143,0.9992231726646423,0.31144758037158404,0.5372903347015379,0.05104924717119759,0.9998957514762878,0.2950533866882323,0.5791618040629793,-0.09239922304238588,0.9997828006744385,0.31892949087279165,0.4686437555721826,0.07376236830438883,0.6939617991447449,0.257003754377365,0.563200578519276,-0.20976001811879014,0.9268922209739685,0.3127767281872884,0.40576806238719376,0.03178263051169257,0.7640262246131897,0.2611881349767956,0.5673175956521712,-0.32560995721391256,0.880406379699707,0.31614279747009266,0.39552086336272085,0.02624052635260989,0.7714817523956299,0.26239847881453365,0.5559101871081759,-0.35699061836515134,0.8553975224494934,0.31596423557826436,0.39324665069580056,0.013493480799453587,0.773841917514801,0.26560824172837383,0.5530000082084108,-0.35105888651950007,0.84520423412323,0.31413716929299473,0.39734522870608713,0.02485529301421981,0.768757700920105,0.26681362645966655,0.5581580868789126,-0.32653078596506785,0.7897964119911194,0.3458032863480703,0.6691920110157554,0.04904625660606791,0.9998962879180908,0.3299381222043717,0.6794224296297342,-0.0491613801036562,0.9998931884765625,0.36207931722913456,0.7523351550102231,0.04884406732661381,0.7400907874107361,0.3531091298375809,0.7558719583920067,-0.14437228930847978,0.950383186340332,0.323124861717224,0.8131068434034072,0.10524007582238737,0.8207730650901794,0.30972824352128153,0.821627182619912,-0.10855043892349511,0.938784658908844,0.3145035232816422,0.8212872743606564,0.10794833132198874,0.8580239415168762,0.2996417309556687,0.8270839588982715,-0.10508195502417422,0.9017795324325562,0.3377991216523305,0.8412592189652575,0.07156863774039912,0.8387764096260071,0.3216699591704776,0.8567864264760694,-0.14651603869029448,0.9318450093269348
72,0.3004841566085814,0.5093290848391394,-0.07069540704999648,0.9996078610420227,0.29515106422560544,0.5084395085062297,-0.05654702181262627,0.9996675848960876,0.2947550041334968,0.5090579024382997,-0.056703869625925996,0.9995718598365784,0.2944110529763357,0.5096521317958829,-0.05669090934097765,0.9997442364692688,0.29400575075830715,0.5100130702768051,-0.07268033793994355,0.9997692108154297,0.2930028217179433,0.5115092013563426,-0.0728553935885429,0.9997760653495789,0.29198401825768594,0.5129568696022031,-0.07295072930199756,0.9998279213905334,0.2916086511952535,0.519434171063559,0.0057272275410858615,0.9997755885124207,0.289060068981988,0.5233074367046353,-0.0695859992078372,0.9994785189628601,0.30287789532116466,0.5169047066143578,-0.047723812343818776,0.9994004964828491,0.30111759390149784,0.518722148452486,-0.06981037748711447,0.9992921948432922,0.3135162285396029,0.530853656360081,0.056166692823171584,0.9999034404754639,0.29297390665326783,0.5783850908279415,-0.09339115321636196,0.9997923374176025,0.32513784425599224,0.4764993573938095,0.07938529146569112,0.7071592211723328,0.2618999660015105,0.5733383536338803,-0.20161476731300346,0.9335243701934814,0.3281494992119924,0.4216007666928425,0.03792549201420373,0.7860217094421387,0.2615735752241951,0.5517782347542897,-0.30849561606134673,0.8916103839874268,0.328648178066526,0.4131935077054158,0.034427706524729706,0.7922183275222778,0.2603705567972999,0.5390764594078061,-0.3390604742935724,0.868480920791626,0.32800049611500315,0.410983725105013,0.019713723180549467,0.7946435213088989,0.26238614065306515,0.5352225252560204,-0.33299003584044307,0.8592469692230225,0.32690869825226904,0.41380617618560767,0.030211260701928797,0.7898975610733032,0.2646974989346095,0.5398612635476245,-0.3094054222106932,0.8080958127975464,0.3460942523820058,0.6672517299652097,0.04990953834993496,0.9999028444290161,0.33257099049431926,0.6760380438395905,-0.05002109195504867,0.9998980760574341,0.3609661800520759,0.7473424792289729,0.053858970797487644,0.74020916223526,0.35098827651568804,0.7508753248623437,-0.14541183667523513,0.95317542552948,0.32329029526029296,0.8138373323849265,0.10013443487031115,0.8281844854354858,0.30998737897191714,0.8211342079298833,-0.11360040072883873,0.9428781270980835,0.3149153428418294,0.8228739942823134,0.10091656169721054,0.8639002442359924,0.2989370720727102,0.8271004097802295,-0.11087465137243264,0.9049964547157288,0.3388860634395053,0.8415352276393341,0.05798247222389491,0.848407506942749,0.32103798644883275,0.8560828072684148,-0.15680709098066595,0.9365557432174683
73,0.3005470403603144,0.5001398180212291,-0.05649215579032896,0.9996163249015808,0.29564826062747396,0.49931626149586245,-0.04232602994889019,0.999649167060852,0.29530294026647286,0.4998891668660298,-0.04248250047011033,0.9995561838150024,0.29496310523578084,0.5004107313496724,-0.04245687438441173,0.9997345805168152,0.2947926981108528,0.5009332452501567,-0.05853755170745506,0.9997674226760864,0.2940157473087309,0.502489969560078,-0.05871849395334718,0.999779462814331,0.29320656231471454,0.5039646940571918,-0.05881469004920548,0.9998264908790588,0.292477945770536,0.5090375108378272,0.016427475453487456,0.9997711181640625,0.2905853322574069,0.513687239374433,-0.057787471371037596,0.9994763731956482,0.3028825666223252,0.5072415207113536,-0.034275971259921774,0.9994267821311951,0.30158111623355305,0.5091857092721119,-0.056515339868409266,0.9993219971656799,0.3157346504075185,0.5223095434052601,0.06767615335328235,0.9999077916145325,0.29090077706745676,0.5695595247404913,-0.08510929452521457,0.9997967481613159,0.3330387149538311,0.4865852185658044,0.11798265427350993,0.6955122351646423,0.26734488436153947,0.5796180742127552,-0.18940414701189304,0.937720775604248,0.34478400264467496,0.44307995183127247,0.11646030715533659,0.8000965118408203,0.26050852111407674,0.5451477646827695,-0.2917212571416581,0.9011371731758118,0.34656449982098153,0.4346163213253019,0.12269152892487384,0.805278480052948,0.25678900309971386,0.5383204647472923,-0.3202730408736636,0.8799151182174683,0.34517052599361947,0.4309966376849581,0.1041752161192042,0.8085733652114868,0.257079700061253,0.5348252006939477,-0.31481478725160855,0.8715641498565674,0.34471891607557004,0.43362664580345134,0.10841644204088614,0.8040047883987427,0.2596740961074828,0.536568885190146,-0.29294772659029267,0.8240222930908203,0.34507299576486844,0.6607996957642688,0.04926390594669749,0.9999096393585205,0.33385584609849095,0.6664117625781465,-0.049360762642962575,0.9999037981033325,0.35971452764102374,0.7377715315137587,0.01922373074506009,0.7340980768203735,0.34974887285913725,0.740666852678571,-0.15029078253677908,0.9546064138412476,0.3233757453305379,0.8140601754188533,0.0366292038134166,0.8368895649909973,0.3130472191742487,0.818287702969142,-0.136475644154208,0.9467364549636841,0.3151110036032539,0.8240591202463419,0.03468571989131823,0.870929479598999,0.301197507551738,0.8254117233412601,-0.13593567822660713,0.9093058109283447,0.33954577360834376,0.8424196890422272,-0.01385557377444846,0.8591915965080261,0.321095299720764,0.8555428283555163,-0.1869250697749001,0.9410885572433472
74,0.3000111639499663,0.48209382891654945,-0.046998462293829216,0.9996543526649475,0.2954659095832278,0.48149034040314787,-0.033255207485386296,0.9996836185455322,0.29514245731489985,0.48198928322110834,-0.03341186083853244,0.9995998740196228,0.2947853761059896,0.4824328567300522,-0.03338715056223528,0.999760627746582,0.29488175766808633,0.48354554942675976,-0.049681163472788656,0.9997904300689697,0.2942584327289035,0.48544124960899326,-0.0498621140207563,0.9998013377189636,0.2935749990599495,0.4872242510318754,-0.049954655766487104,0.9998435974121094,0.29256739105497076,0.4926575916154041,0.02239314263486967,0.9997937083244324,0.29108126078333163,0.49810517430305457,-0.05296741766589026,0.9995280504226685,0.3025067312376838,0.4891630445207866,-0.025921030555452612,0.9994835257530212,0.30173727529389505,0.4912344166210717,-0.04858400246926715,0.9993890523910522,0.31679695929799745,0.512544456550053,0.07613598853349682,0.9999164938926697,0.2918124369212558,0.5497258578027995,-0.08042805083096025,0.999815821647644,0.3370552829333713,0.5104204850537434,0.17158937730959475,0.7138286828994751,0.272411115680422,0.5707150007997237,-0.19306071805102476,0.9435783624649048,0.35580175348690557,0.4831827180726185,0.23248515831572658,0.8189343214035034,0.25886355638504016,0.5412094984735758,-0.30774362002100253,0.9108532667160034,0.3611958060945782,0.4767534358160834,0.25142952778509675,0.822632908821106,0.25390151824269963,0.542826825380325,-0.3359100997447966,0.891637921333313,0.36060526115553704,0.47214648127555825,0.22883771817599013,0.8260487914085388,0.2534413031169345,0.541124093532562,-0.33212983352797354,0.8841264843940735,0.3584313443728854,0.4741370660918097,0.2248957431742122,0.8220254778862,0.25594343032155703,0.5402808879102977,-0.31014090350696005,0.84112548828125,0.3444616717951637,0.6451081309999736,0.050225159206560656,0.9999172687530518,0.33495484760829364,0.6479994756834845,-0.050298836507967515,0.9999115467071533,0.3546236268111636,0.7256643159048894,-0.0009669812130076554,0.7505502104759216,0.3468396518911633,0.7265738878931315,-0.15752126659665783,0.9585795402526855,0.32345550996916617,0.8106237939425873,-0.0010835586780948321,0.8469357490539551,0.31649477481842025,0.8133404425212312,-0.15660824669258927,0.9516178369522095,0.3152093393462043,0.8202956557273862,-0.004356687037008148,0.8788251876831055,0.3051433614322116,0.8208402054650439,-0.15781232735940381,0.9168193340301514,0.3385805794170923,0.8424184765134535,-0.05404950124876837,0.8709642887115479,0.32295159442084165,0.8536971041134421,-0.21212603875568925,0.9466682076454163
75,0.30134654385702936,0.46463833706719515,-0.0006313089813504945,0.9996887445449829,0.2968561887741088,0.46508578317505955,0.013277291692793361,0.9997149705886841,0.2965918813432965,0.465653473138809,0.013140391505190297,0.9996395111083984,0.2962940062795365,0.46619294200624717,0.013170375116169444,0.9997843503952026,0.2963469122137341,0.4670776809964859,-0.0034836034157446454,0.9998112320899963,0.2957782941205159,0.4690304636955259,-0.003646618500351903,0.999821126461029,0.29512986029897403,0.4708413933004649,-0.0037093059292861406,0.999859094619751,0.29448150566646014,0.4775090038776395,0.06418918860810141,0.9998141527175903,0.2929752136979783,0.4818705090454644,-0.013809928510870246,0.9995746612548828,0.30391648922647735,0.4718195796012876,0.017879288577075506,0.9995349645614624,0.30332605923925116,0.47350070561681457,-0.005353148281574249,0.9994497895240784,0.31658318298203586,0.509855576923915,0.10795241615601943,0.9999245405197144,0.29653667637280046,0.5219470236982616,-0.05220624857715196,0.9998334050178528,0.33813453061240045,0.5406926921435762,0.20569404172045835,0.7002736330032349,0.2795058258942194,0.5282450914382932,-0.17287597038916172,0.9487279653549194,0.3648270053522926,0.5325617441109246,0.2778646918279783,0.8336515426635742,0.2591941365173884,0.5272099230970653,-0.29173634307725077,0.9195387959480286,0.37269478269985723,0.5299109365258896,0.300469210743904,0.8350679874420166,0.253884070260184,0.534712709699358,-0.31987842874867556,0.902073085308075,0.37333392160279394,0.5251790336200166,0.2770253117595399,0.8394452333450317,0.25353403517178114,0.5356232396193911,-0.3154619114739553,0.8953304886817932,0.37012313434055855,0.5269789125238143,0.2705031645085129,0.8355435132980347,0.2563188680580683,0.5329710909298486,-0.2942687754120144,0.8562774062156677,0.34452807392392826,0.6248579519135609,0.051950275685105976,0.9999212622642517,0.33477805512292025,0.625438925198146,-0.052003625035285925,0.9999160170555115,0.34597448366028904,0.7113448670932221,0.009475614133823125,0.6883231997489929,0.3420355984142847,0.7125307151249474,-0.16257776703153332,0.9563196301460266,0.32555285947663426,0.8016938260623383,-0.002546180199299539,0.8047536611557007,0.3210371758256638,0.8072085601942875,-0.18838521306003836,0.9521790146827698,0.31745160222053515,0.8105224626404894,-0.007373903558722561,0.8540796041488647,0.3107910914080482,0.8152042695454185,-0.19261290303298395,0.913394033908844,0.3390365387712205,0.8367420264652793,-0.05298799970852475,0.8628451824188232,0.33053399494716085,0.8486725074904302,-0.24893392920494067,0.9494195580482483
76,0.3037210975374493,0.45097375086375624,0.07666774796588077,0.9997197389602661,0.2995489716529845,0.4510391533374784,0.09114973784557406,0.9997433423995972,0.2992963220391953,0.4520763559000831,0.09104141960186612,0.9996753334999084,0.2990346261433191,0.4531272292137144,0.09107880438012733,0.9998058080673218,0.29934002757072437,0.4516008308955599,0.0733860863106591,0.9998300075531006,0.2989352779729024,0.4530067869595117,0.07322998344898221,0.9998389482498169,0.2984755694866179,0.45425898858479064,0.07320908308029171,0.9998731017112732,0.29763814551489676,0.4637836924621035,0.1370165118149348,0.9998326301574707,0.2970631420612334,0.46418378523417864,0.053966156925473865,0.9996169209480286,0.30601893748555853,0.45968190772192796,0.09281930540289193,0.9995812773704529,0.3056299805641173,0.4597657101494923,0.06818213611841198,0.9995045065879822,0.31518899628094255,0.5079335093498227,0.16510126761027738,0.9999318718910217,0.30176870141710543,0.4960216590336389,-0.006252531015447207,0.9998497366905212,0.33761041675295134,0.559941666466849,0.21993584036827077,0.673259973526001,0.28711087448256345,0.47291360667773635,-0.1304743972207818,0.9531282186508179,0.36884259326117363,0.5605411614690505,0.23838701631341652,0.843967616558075,0.25951767989567337,0.48574337533542067,-0.24030834989888317,0.9274064302444458,0.3781658564295086,0.5615599393844601,0.2530829255070004,0.8447227478027344,0.254135353224618,0.4924212072576793,-0.2690306865743227,0.9115962982177734,0.3796804845333097,0.5576721489429471,0.23213370868137892,0.8499602675437927,0.25419008902141016,0.49555381110736285,-0.26305172592401493,0.9055104851722717,0.3763391469206127,0.5581584819725579,0.23054718417780729,0.8461509346961975,0.2573471903800963,0.4934517247336249,-0.2423618225114685,0.8700683116912842,0.3414542113031658,0.6087379319327215,0.054678336637360686,0.9999274611473083,0.33436202151434746,0.6047906909670145,-0.0547660844666617,0.9999232888221741,0.33847353713853,0.6993219086102074,0.024219228892720164,0.6800985932350159,0.33743078964097145,0.6990649853433878,-0.16419477973665503,0.960271418094635,0.3283092422144752,0.7928324086325506,-0.012466299148010347,0.7990922331809998,0.3292388124125343,0.8006160753113879,-0.2129927443606512,0.9559170603752136,0.31940224085535307,0.801502760819026,-0.019314958953431664,0.858039379119873,0.31971161876405974,0.8107107469013756,-0.21956421349729802,0.9193458557128906,0.34190713763236985,0.8300387825284682,-0.06630768573709893,0.8664633631706238,0.34245279261044076,0.8409380776541571,-0.28068004165376925,0.9533159732818604
77,0.3096152927194321,0.4459189202104294,0.14132041367036952,0.9997467398643494,0.305445121867316,0.44370446545737113,0.15598184378551577,0.9997681975364685,0.3051512411662509,0.4446589367730275,0.15589188928050648,0.999706506729126,0.3048496748719895,0.4455972986561909,0.15594284148620702,0.9998247027397156,0.3055052280426024,0.44325435587338013,0.1384254843528781,0.9998462796211243,0.3052213072776793,0.44386204140526886,0.13826908219073492,0.9998542070388794,0.3049111596175601,0.4442847013473509,0.1382736686084951,0.999885082244873,0.3034597652299062,0.45352403351238774,0.19721274407846578,0.9998489618301392,0.3036029628344943,0.45184114915983997,0.11548118037836888,0.9996520280838013,0.31113742419651563,0.45484097940581164,0.1559732475318014,0.9996222257614136,0.31095229131834834,0.45396938920021035,0.13164355020437915,0.99955153465271,0.3148365182535987,0.5044713956969122,0.21369699048144467,0.9999383091926575,0.3070224089281898,0.4771243708474293,0.045845012473208546,0.99986332654953,0.3377094609396797,0.5603670699255805,0.22738068742411466,0.6173912882804871,0.2997042434556142,0.42787944504192876,-0.03810579957706585,0.9547559022903442,0.3695969896657124,0.5625812854085647,0.1968418104307991,0.8395246267318726,0.27042734878403785,0.42104292511939984,-0.08121723553964065,0.9332659840583801,0.37834107279777507,0.5618731771196634,0.20487892712865546,0.8416200876235962,0.2643684489386421,0.4200978049210138,-0.10093270135777331,0.9185832142829895,0.3796832629612512,0.5584082944052557,0.18780830459935316,0.848434567451477,0.2630001136234827,0.4233042325292313,-0.09324249795504973,0.9128003120422363,0.3771196237632205,0.55948908158711,0.189230482493128,0.8418475389480591,0.26593274218695495,0.4239964851311273,-0.08094928562641139,0.8785598278045654,0.33546583737645813,0.598899253777095,0.054433080341134726,0.999934196472168,0.33230746643883824,0.5899061986378258,-0.05463532369051659,0.9999305605888367,0.3357312687805719,0.691057763780866,0.006953726379599951,0.6985931396484375,0.3358787860189164,0.6871253030640735,-0.17149129297052101,0.9638535976409912,0.33111371823719554,0.7868046845708572,-0.05293715697314056,0.8128392100334167,0.3398123936993733,0.7894179786954604,-0.23517683574131545,0.9590556621551514,0.3228353985718317,0.7969824893133977,-0.06078122798353431,0.870195209980011,0.3304568869726997,0.8031190310205728,-0.24363176354340135,0.9249215722084045,0.34558011208261746,0.8242800610406055,-0.1068061381578445,0.8772254586219788,0.3563667161124091,0.8284986598151067,-0.3055899654115948,0.9565344452857971
78,0.3164705310549053,0.4463417402335574,0.17300474430833535,0.9997679591178894,0.31295700498989637,0.44175720129694235,0.1878442502447536,0.9997893571853638,0.3126091335500988,0.44247112444468883,0.18774730520589003,0.9997333884239197,0.3122650078364779,0.44316916295460274,0.18779934814998073,0.9998409152030945,0.3131328403949736,0.4407656226839336,0.16964084867920187,0.9998593926429749,0.3128894916602542,0.4407616198062895,0.16947257071733468,0.9998663663864136,0.312645729950496,0.4406094746930257,0.1694643833807536,0.9998944401741028,0.3104198030063083,0.44949670433998085,0.22573131961481901,0.9998632669448853,0.3107113616807119,0.4460453748703001,0.14132998819862086,0.9996817708015442,0.31688696401459815,0.4543756391320908,0.18701374871390197,0.9996559619903564,0.31694223369870855,0.45295636398451644,0.16176869486059453,0.9995868802070618,0.31407218575477586,0.5013914516993929,0.24584871913705542,0.9999428987503052,0.31232497521809155,0.46728811093739075,0.0689801248588732,0.9998743534088135,0.3360443745340618,0.5553572246006555,0.28405385954039425,0.5674740672111511,0.311775391442435,0.40755337391580837,0.018982567105974464,0.958336591720581,0.36622022390365583,0.5501368812152315,0.2873504472630363,0.8418006896972656,0.2945920016084397,0.36187992777143185,0.03521605793918881,0.9396296143531799,0.3738850704261233,0.545892660958426,0.302569355709212,0.8438078761100769,0.29135264669145844,0.3507372617721556,0.023723906917231415,0.9262497425079346,0.3746498627322059,0.5422747288431438,0.2869345724582671,0.8505239486694336,0.2887334116867609,0.3513590105942316,0.03602470393691743,0.9209147691726685,0.3725565927369252,0.545028471946716,0.28141436960015964,0.8414803147315979,0.28983575786863036,0.3557900573526108,0.03893475404807498,0.8894549608230591,0.32718602589198503,0.5924673063414435,0.055902906187943024,0.9999403357505798,0.33094296114785315,0.5793758715902053,-0.05618625666413986,0.9999371767044067,0.33577205283301204,0.68354914018086,-0.0004999509280813625,0.727409303188324,0.3363905251026152,0.6755629726818626,-0.1706227010914257,0.9674367308616638,0.33276688286236333,0.7802127429417197,-0.058866340627095504,0.8305966854095459,0.35093057666506067,0.7766165903636384,-0.22784264939171917,0.9630231261253357,0.32563972302845534,0.7933224746159142,-0.06606891397386787,0.882845938205719,0.3432164004870822,0.7925364153725757,-0.23542541350637153,0.9321839809417725,0.3477263629436491,0.8177002481051849,-0.10928053142768991,0.8889981508255005,0.37134685856955374,0.8094436321939736,-0.2940683160509381,0.9606859087944031
79,0.32359535098075853,0.45407643147877264,0.21411352370466497,0.9997909069061279,0.3212369024753569,0.4493295337472641,0.22843686257089876,0.9998102784156799,0.320871774639402,0.44996340189661277,0.2283270388841628,0.9997598528862,0.3205528114523205,0.450648920876639,0.22837923169136037,0.99985671043396,0.3214894711971281,0.4478538794176917,0.21027124992438714,0.9998733401298523,0.3212861895561217,0.44741341556821534,0.210099001441683,0.9998795986175537,0.3211050987243651,0.4468916986669811,0.21007165142468034,0.9999048709869385,0.31846124614988036,0.4553937290396007,0.2566129654645919,0.999876856803894,0.3185667591435567,0.44958835329328245,0.17228670971734175,0.9997133016586304,0.32291642427444445,0.46059916360037645,0.22477253803185043,0.9996896982192993,0.32317044649805327,0.45883234909602555,0.19945884730134683,0.9996270537376404,0.3125408760138919,0.5065074358667644,0.2698326323713574,0.9999478459358215,0.317243502821241,0.4659414350986478,0.09149515277573037,0.9998862743377686,0.3331852631909505,0.5515250802040097,0.3305269394602093,0.5205812454223633,0.32206949676786134,0.4036055479730877,0.05801624176757674,0.9622339010238647,0.3588007680007388,0.5382255588259013,0.376789947918483,0.8422681093215942,0.32437470299856985,0.3391380659171512,0.10995947324803892,0.9454073905944824,0.3639237991401126,0.5312505500657216,0.39945749725614255,0.8447186350822449,0.32694394503320956,0.324231514760426,0.10378130128208013,0.9331643581390381,0.3646354496479033,0.5268598215920582,0.3866071960755755,0.851131796836853,0.32446402226175564,0.32266212276050005,0.12159802392125126,0.9282047748565674,0.3628689638205935,0.5307016798428124,0.3732317443404877,0.8396073579788208,0.3235694570200782,0.3277898788452147,0.11699516326189037,0.8991841077804565,0.32015742404120295,0.5925904682704377,0.056813519235168156,0.9999455809593201,0.32891139388084395,0.5758947134017942,-0.05706734316689625,0.99994295835495,0.3361894624573842,0.6751126476696556,0.022777075776165074,0.7541006207466125,0.3373250246047972,0.6658737778663631,-0.14549389736992965,0.9706752896308899,0.33533407790320247,0.7698411737169535,-0.03252966012805699,0.8466171026229858,0.3599290021828241,0.762499061652592,-0.20363726913928976,0.9665820598602295,0.33108032005173804,0.7854715074811659,-0.03798915713227219,0.8943313956260681,0.3548259590353283,0.7810067653656002,-0.21148436495235975,0.9387625455856323,0.3492445894650049,0.8031440990311755,-0.07601400720221652,0.8995500802993774,0.38457781502178723,0.7827159779412403,-0.26545402067048196,0.9643478393554688
80,0.32625299947602393,0.4594783425331114,0.24807296352727062,0.9998010396957397,0.3249555017266953,0.45525347334997973,0.2603939196893146,0.9998218417167664,0.32453693577221443,0.4559352440493445,0.2602888200964245,0.9997751116752625,0.32418953520911065,0.4567073660237446,0.260339736512729,0.9998642206192017,0.32566992214747825,0.4536447099276949,0.24233582147530133,0.9998813271522522,0.3257398426532744,0.45318312900406954,0.24216476763997746,0.9998877644538879,0.325861928292683,0.45270931465285147,0.24213757004056646,0.9999109506607056,0.32218254719461703,0.4610309498650685,0.27618039633546543,0.9998840093612671,0.3239807988916123,0.4549969128199984,0.19221970353807713,0.9997332096099854,0.32491450139454414,0.4657256237098147,0.25430537589958724,0.9996906518936157,0.32572054777826565,0.4641862605299266,0.22912579306534347,0.9996320605278015,0.30882428969655706,0.5097702486174445,0.27799649238586416,0.9999476075172424,0.32078316467148904,0.4695318656308308,0.09481480057750424,0.9998965859413147,0.32360311065401337,0.5528839434896193,0.35183324302945806,0.4745294451713562,0.333510604075023,0.41114416122436503,0.036790515375988805,0.9657489061355591,0.345695365326745,0.5442344171660285,0.4210440967764172,0.7906724214553833,0.3495584172861915,0.35796243633542724,0.06478150018623893,0.9501748085021973,0.3496150604316165,0.5372406073978966,0.446464561990329,0.7999899387359619,0.35680038673537107,0.34732251593044805,0.05425299802528957,0.9387130737304688,0.350673518010548,0.5326741048267907,0.4349710106849669,0.8066033124923706,0.3559557761464799,0.3453956595488955,0.07458297823156626,0.9339383840560913,0.3485724534307206,0.535757677895682,0.41868448087147286,0.7927148938179016,0.35370578680719633,0.3492108770779199,0.07251180389097756,0.9063970446586609,0.31332741550036824,0.5909727862903047,0.058484923094511004,0.9999499320983887,0.3257770861898148,0.5727073703493388,-0.058684429313455286,0.9999480843544006,0.33611097080366936,0.6650370597839352,0.04854057909521671,0.7783796191215515,0.3385823249816893,0.6573761037417818,-0.11825832639421731,0.9735752940177917,0.33947152750832676,0.7591188328606738,-0.010436823298888542,0.8615029454231262,0.3671218420778,0.7504279426165986,-0.18347780661923538,0.9698109030723572,0.3366904139518736,0.7755695836884631,-0.01598042268306016,0.9047801494598389,0.3643303394317625,0.7714491997446329,-0.1918823736054556,0.944731593132019,0.3546041991029465,0.785219894136701,-0.05107875381197246,0.909008264541626,0.39248043554169776,0.7599435261317659,-0.24587496135916015,0.967386782169342
81,0.32781521848269857,0.4639441081455774,0.25362753059182835,0.9998112320899963,0.3264521462576728,0.4596435998167308,0.260889914206096,0.9998306035995483,0.32584505251475726,0.4601356991699761,0.26079673724515084,0.9997849464416504,0.32532473972865494,0.46068948762757417,0.26085371247359673,0.9998674392700195,0.327890167066029,0.45837055700165863,0.24566396687711978,0.9998891949653625,0.3282575011253356,0.45798239282199293,0.2455180125577108,0.9998959302902222,0.3286628510270798,0.4575303724833895,0.24550690565790437,0.9999178051948547,0.3229218423366545,0.46371687735830014,0.25763505143778653,0.9998819828033447,0.3274601314749035,0.4587588335786545,0.18913515210151666,0.9997525215148926,0.32621296218463336,0.46986008712223576,0.25410197590078615,0.9996783137321472,0.32759920103209345,0.46880128128187976,0.23284230700560965,0.999637246131897,0.30554044502122046,0.509430967058454,0.25254898582186003,0.9999487996101379,0.3254564847264969,0.4747389563492364,0.08996755842651637,0.9999067783355713,0.311795435632978,0.5536776082856312,0.28005383440426407,0.43012234568595886,0.3482461120401108,0.42638914755412494,0.035491583602769015,0.9689849019050598,0.3343431506838116,0.5628487348556516,0.3108407297304697,0.7183024287223816,0.37286798017365574,0.39839192628860454,0.05686669456107274,0.9548990726470947,0.3384332690920147,0.5656914830207822,0.32768507344382136,0.7299877405166626,0.3806706683976308,0.39524764078004,0.04607828828240078,0.9443666934967041,0.34059402261461513,0.5603179182325089,0.3191979680742535,0.7358517646789551,0.3802398170743668,0.39525991337639926,0.062213278162692245,0.9399396777153015,0.339824445758547,0.5604462879044667,0.3088424265384673,0.7228232026100159,0.37759438071932094,0.39716028145381366,0.06309959236532448,0.9142998456954956,0.3098041091646465,0.5866242000034875,0.050707175103681404,0.9999547004699707,0.3227663806506564,0.5675821934427532,-0.050913765494312535,0.9999532103538513,0.33594779883112214,0.6565346240997312,0.07232090367802549,0.7997972369194031,0.33968872513089843,0.6508869392531256,-0.09975872156875469,0.9761883616447449,0.3441847298826488,0.7489995394434243,0.02607028981936829,0.8747416138648987,0.3692060913358414,0.7396126985549922,-0.17093378433159412,0.9727060198783875,0.3429912175451004,0.7650663001196721,0.021521865084235155,0.9141466617584229,0.36632049509457165,0.7610154220036095,-0.17984320436205176,0.9501006007194519,0.3593698356832775,0.7679207767759046,-0.004119443041937684,0.9170099496841431,0.3943380951881407,0.7465173363685604,-0.2296063917023794,0.9700138568878174
82,0.32749268071992044,0.4713827984673634,0.23817971263613008,0.9987729787826538,0.32564625314303797,0.46602515918867904,0.24096755896295807,0.9986616969108582,0.32473678163119707,0.4661995649337766,0.24089040500777098,0.9980813264846802,0.32393633042063014,0.4664474291460853,0.24094692724091654,0.9985086917877197,0.3279404606137955,0.46497732230595157,0.22941779025963366,0.9994174242019653,0.32859003629003236,0.4644598484039304,0.22929612355572826,0.9995189309120178,0.32923518163817256,0.4637974943433487,0.2293057190520422,0.9997214078903198,0.32120182343891673,0.4681020149162835,0.2343461696590695,0.9976556301116943,0.3286011057240621,0.46380986230713955,0.17231061416012894,0.9991058707237244,0.32576847842761436,0.4765973465783253,0.23386834732123774,0.9957729578018188,0.32803066032273415,0.47555870158331714,0.21752811883177064,0.9972183108329773,0.30292921747480106,0.5109654307365414,0.20737335979938498,0.9999406933784485,0.33063540458679186,0.47884715965815927,0.07958963875259668,0.9999156594276428,0.2997321060725619,0.5646141018186295,0.20266037583351126,0.3877823054790497,0.3610469264643531,0.45189846924373056,0.023160036440406512,0.9675580859184265,0.31926302228655123,0.5972197123936241,0.20779998004436484,0.6467036604881287,0.38890373110771165,0.4528869433062415,0.033017947311912245,0.9560211896896362,0.32328882983752644,0.6090912512370514,0.21680430599621353,0.6573733687400818,0.39600635766983017,0.45586030227797353,0.021428676082619582,0.944366991519928,0.3259546986648013,0.6052576950618196,0.21064575293234405,0.6626282334327698,0.39506820355142847,0.45757933173860804,0.03582322725227898,0.9391933083534241,0.3266519478389194,0.602712387698037,0.2062987697975975,0.6509053111076355,0.39227177074977315,0.45803027749061564,0.03834933010595183,0.9075550436973572,0.30773333140781933,0.5747784018516537,0.03801053107849187,0.9999586939811707,0.32138212919235215,0.5563433000019615,-0.03823972323111123,0.999957799911499,0.3347941032477786,0.648689896719796,0.0691037067079118,0.8074349761009216,0.3398035713604517,0.6456449457577293,-0.0887513089392866,0.978306233882904,0.3475661652428762,0.7405445405415123,0.028783653170934738,0.8787151575088501,0.3664089551993777,0.7331136345863339,-0.15974085543836858,0.9744047522544861,0.34681569678442803,0.7578507900238034,0.023475081819508747,0.9209784269332886,0.36287623388426626,0.7519413471221921,-0.1676785605294363,0.9539943933486938,0.3607107417924062,0.7548857791083197,0.002913903338568554,0.9019394516944885,0.3901407054492404,0.7421590822083606,-0.20941783530371522,0.966090977191925
83,0.32643257294382355,0.48105423620768933,0.219944576706205,0.9988917708396912,0.32415617023195525,0.4754123491900306,0.2193696107183183,0.9987914562225342,0.3233531458037239,0.4754162243434359,0.21929396986961355,0.9982673525810242,0.32264790790421605,0.4754910000732965,0.21934701757771619,0.9986529350280762,0.3266627166952404,0.47422929065568087,0.21224337986537378,0.9994734525680542,0.327462293420519,0.473504213775907,0.21214084114347176,0.9995651245117188,0.3282364598342349,0.4726361036300657,0.2121673422200338,0.9997479319572449,0.31947895118168407,0.47665827189172993,0.21365489150796607,0.9978828430175781,0.327973403249468,0.472203811577388,0.16004415622779294,0.9991899132728577,0.32505711317062363,0.48583460279873414,0.2118466866867882,0.9961777329444885,0.32740733623504625,0.48447040063994246,0.2013691553047724,0.9974818825721741,0.3010877677372522,0.5181599531854899,0.1595715356724602,0.9999464750289917,0.3337343667234692,0.48497195925031367,0.07832307219505305,0.9999240636825562,0.29067162701061783,0.574390307494572,0.1377690502575465,0.4038974940776825,0.3665274211338586,0.48661063143185185,0.023733543604612335,0.9675148129463196,0.2990308565752845,0.6234973141125267,0.13081331891672945,0.63435298204422,0.38988680839538553,0.513354580742972,0.028855297182287472,0.9588993191719055,0.30023378304072773,0.6387701341084069,0.13363157340458454,0.6388794779777527,0.3962754283632549,0.5208081739289417,0.019114422126274018,0.9471181035041809,0.3035375288554599,0.6369104436465669,0.13152358744825626,0.6413875222206116,0.3948183025632584,0.5229932708399634,0.03140318279287644,0.9418091773986816,0.3054840070860725,0.6330541082790917,0.1308723253863198,0.6244790554046631,0.3920662028448921,0.5217989078589846,0.03321595082857778,0.9090096354484558,0.307364796740668,0.5655577267919265,0.024892866850963646,0.999962568283081,0.32159064582415975,0.5503370489392959,-0.025137731406305507,0.9999619126319885,0.3331447924886429,0.6453608138220648,0.051745249330997445,0.8217232823371887,0.34001772063119057,0.639908945560455,-0.062275640347174206,0.9798647165298462,0.3477686660630361,0.7322821923664635,0.0030993283593229006,0.884001612663269,0.3617837786674498,0.7263963103294369,-0.12799164908272873,0.9732779860496521,0.34684944919177446,0.748248321669442,-0.0027995517344346927,0.9272849559783936,0.3591542278017315,0.7415273700441629,-0.1348692608731133,0.9566241502761841,0.3587370557444435,0.7479313509804858,-0.027357426072869957,0.8970997333526611,0.38321434600012627,0.7410427825791491,-0.16962817907333366,0.9572427868843079
84,0.32433324115616924,0.48952944278717014,0.23297447945390418,0.9990016222000122,0.3217174836567469,0.4846725148814063,0.2334082041467938,0.9989115595817566,0.3212498877729687,0.4848382677350723,0.23336500610624028,0.9984394311904907,0.3209108991282325,0.4850455062729969,0.2333796296800885,0.9987866878509521,0.3240953649793351,0.4832321975912365,0.2293738480125154,0.9995256066322327,0.3250141280038015,0.48251986333302066,0.22927810081413805,0.9996080994606018,0.32592755896704523,0.48172380157879396,0.22935309239796217,0.9997727870941162,0.31729201844760335,0.48796770487512836,0.22771026704992556,0.9980928897857666,0.32623380252293166,0.48330903223582655,0.18854800633021754,0.9992691278457642,0.32364712272371554,0.4947980429444992,0.22403760467256806,0.9965534210205078,0.3255011686256952,0.493309996809278,0.21778736625398898,0.9977275133132935,0.2991538737501416,0.5280664903776984,0.1558216899633407,0.9999517798423767,0.33491099136216285,0.49683635405131726,0.11221406395946225,0.9999316334724426,0.28252829653876155,0.5795910647937227,0.13556029583726603,0.45564645528793335,0.36514527967997945,0.5257282376289365,0.042024510885987944,0.9618517756462097,0.27838334270886,0.6326016664505001,0.12400735574109208,0.6619269251823425,0.38136867369924254,0.5638627682413371,0.0212429605424404,0.9578071236610413,0.27678224018641867,0.6444984061377386,0.12111780558313635,0.6623775362968445,0.38595048529761156,0.5729312845638818,0.008445011079311358,0.9432618021965027,0.2804271110466547,0.6458794985498698,0.1217096526707921,0.6632558703422546,0.3841721705027987,0.5743787373815261,0.019442751365048527,0.9371885657310486,0.28207143374851756,0.6422311595508028,0.1246474363974162,0.6410869359970093,0.3819391650812965,0.5724673049790516,0.024200726726225426,0.8996403813362122,0.30780192783900656,0.5623270188059123,0.015659026106420365,0.9999662637710571,0.3226803898811339,0.5499949148723055,-0.015874227495597935,0.9999656677246094,0.331610596179962,0.6411690405436922,-0.016412693182272568,0.8376494646072388,0.3403446146420068,0.6320925951004025,-0.05369085030896321,0.9815649390220642,0.3459528957094463,0.7183671644755769,-0.11552651141371041,0.8917112946510315,0.3554342533860886,0.7124294894082203,-0.1475242785045078,0.9737259149551392,0.3453552552631921,0.7366690499441961,-0.12675429625170567,0.933987021446228,0.35341131602014797,0.7259923645428246,-0.1575006880930491,0.9601816534996033,0.3559067828314644,0.7475601315498349,-0.1544180965849331,0.8992825150489807,0.370481069598879,0.7461753862244739,-0.19070365599223538,0.9548805356025696
85,0.3233211423669541,0.4995448606354847,0.24629991352558125,0.999101459980011,0.3207345945494514,0.49533407177243893,0.2495133259466715,0.9990203976631165,0.320588787964412,0.49565775564738657,0.2494857358080999,0.9985954761505127,0.3208429881504602,0.4959866600377217,0.24948073497840326,0.9989080429077148,0.32308506369590745,0.4937989260469162,0.24586243288857587,0.9995730519294739,0.3241098420960561,0.49310008798326743,0.24576528710978363,0.999647319316864,0.3251319408416746,0.4923642209597994,0.24585834315844934,0.9997954964637756,0.31660861628396153,0.4994519063404626,0.2371175404105867,0.9982836246490479,0.325773079906191,0.49406888910702274,0.216431136216436,0.9993422031402588,0.3233400208609444,0.5053451495511189,0.24027934670448292,0.9968980550765991,0.32433766126632674,0.5038528663771491,0.23446692270891994,0.997954785823822,0.29901086517742687,0.5358263850212095,0.16941141401018406,0.9999566078186035,0.3362856737204959,0.5130056628159112,0.14779578575066152,0.9999384880065918,0.2801215469837187,0.5752070767538886,0.14531233555504247,0.5100809931755066,0.36055068969726545,0.5563886216708589,0.08818265763776639,0.9655051231384277,0.2685475008828298,0.6190959164074487,0.13800349341971527,0.6957330107688904,0.3725631288119723,0.5965040206909177,0.06735745402319088,0.9619537591934204,0.26532641564096715,0.6306285159928455,0.13458762445620123,0.6961342692375183,0.37627114398138845,0.6048021163259231,0.05712425463965958,0.9487341642379761,0.26850298557962676,0.6327089156423293,0.13701847323349536,0.6969237327575684,0.37508733953748413,0.6059599689074922,0.06470749093485728,0.9432034492492676,0.2704547022070202,0.6300127148628232,0.1394208154508045,0.676967203617096,0.3735185572079248,0.6040733797209601,0.06890072702829324,0.9093345403671265,0.3099584366594041,0.5757799114499771,0.006798346367265494,0.9999696612358093,0.3271822188581738,0.5651302065168106,-0.0070084835535713565,0.9999691247940063,0.33156119585037214,0.6579264504568914,-0.07057856837553635,0.8538845181465149,0.3409754863807132,0.6252565230642043,-0.06550600009837318,0.9834084510803223,0.343984669446945,0.7281857643808634,-0.19322420183037,0.9025383591651917,0.3424581936427523,0.6909777283668515,-0.20417361834219516,0.9763512015342712,0.3439964124134607,0.7442350404603137,-0.2066277962177991,0.9405882954597473,0.33758386203220897,0.7006229945591514,-0.2209731526672839,0.9641634821891785,0.35041347146034224,0.7616988522665837,-0.23586659782699165,0.9093542695045471,0.3515643809522899,0.7419962389128545,-0.2394684599978582,0.9593924880027771
86,0.32277628268514347,0.511357202700206,0.2252700733286993,0.999191164970398,0.3201128474303653,0.5072769531181878,0.2269098026411873,0.9991182088851929,0.31982123681477126,0.5076334033693584,0.22686234457152218,0.9987356662750244,0.32020408681460777,0.5080142489501406,0.22685431454862856,0.9990170001983643,0.3229413381644656,0.5058738257203781,0.22376513438565382,0.9996156692504883,0.32411094563347936,0.5052469645227702,0.2236845259155545,0.9996824860572815,0.3252586083752767,0.5045723812920704,0.2237449743918009,0.9998158812522888,0.3161090263298578,0.5114636795861378,0.205980428627559,0.9984548687934875,0.326230774606977,0.5059704388890944,0.1946151335324559,0.9994077086448669,0.32319706167493534,0.5170132373060496,0.2190983269895825,0.997205913066864,0.32395285367965687,0.5156465300491875,0.21405828041689728,0.9981575012207031,0.29934067896434224,0.5421925016811914,0.14243750061307628,0.9999608397483826,0.338669557230813,0.5286305878843578,0.14888607731887266,0.9999444484710693,0.2795819427285874,0.5739723733493257,0.12319878717618324,0.555442750453949,0.35551443951470496,0.576197346619197,0.10194437748619484,0.9298248887062073,0.26558044127055563,0.6072077155113217,0.1282929711043834,0.7219773530960083,0.36131733570780056,0.6149881822722296,0.0987923501857689,0.9517914652824402,0.2610293396881647,0.6172296694346834,0.12674822168690814,0.71932053565979,0.3634202088628495,0.6247435144015718,0.09454686258520395,0.934009850025177,0.2625955419881002,0.6189812813486368,0.12993559901203422,0.7191920280456543,0.3627043409006934,0.6244375245911731,0.09969417165432654,0.9266833662986755,0.26470515727996813,0.6174291082790917,0.13041637763380998,0.6972357034683228,0.3620488183838979,0.6218481540679929,0.09999479012829912,0.8899492025375366,0.3144867462771278,0.6011527197701587,0.00072245049356882,0.9999725818634033,0.3339856871536798,0.5927503091948371,-0.000913311102028403,0.9999721050262451,0.33070382646151936,0.6829733473914007,-0.07237623677189858,0.8684579133987427,0.3327467909881045,0.6233903033392767,-0.0447728573743786,0.9849677085876465,0.3421969192368642,0.7585173606872555,-0.16325889703418522,0.9113897681236267,0.32642187305859144,0.6649843062673293,-0.17587744529758173,0.9768567681312561,0.34368104083197437,0.7714644227709084,-0.17349985824631786,0.946399986743927,0.31949087977409346,0.6704940915107724,-0.1924270170075552,0.9673123955726624,0.34455802610942277,0.7801938091005594,-0.2026976443028875,0.9173192381858826,0.3266301776681626,0.7051110437938142,-0.20244171896151125,0.9619085192680359
87,0.3223670423030852,0.5229708543845584,0.1686314995799745,0.9974600076675415,0.3197639942169188,0.5188758943762095,0.16430675557681484,0.9973728656768799,0.3192725079400197,0.5191253491810388,0.16422458716801228,0.9969046711921692,0.3194647150380269,0.5193586937018801,0.16423717226300913,0.9976523518562317,0.32282468080520615,0.5178428283759524,0.16345951216561444,0.9983875751495361,0.3240435591765811,0.5174038938113619,0.16340122563498352,0.9986485838890076,0.32522793241909553,0.5169597634247369,0.16340412795543663,0.9989012479782104,0.31589649830545685,0.5221676400729585,0.13081989948238637,0.9976073503494263,0.326614247049604,0.518385566132409,0.12901829183101649,0.9968591928482056,0.3226602630955831,0.5281722136906213,0.15883025356701436,0.9903170466423035,0.3237929352692194,0.5271179369517733,0.15703504213265002,0.9903258085250854,0.30073032719748344,0.5512346318789888,0.07673902192286078,0.999961256980896,0.341367493356977,0.5432402644838603,0.1024907563413892,0.9998369216918945,0.27986348441668907,0.5747697864259991,0.06530891082116533,0.5890912413597107,0.3527285456657408,0.5922286680766512,0.07901606495891295,0.8410398960113525,0.2657550266810825,0.5979934334754942,0.08559262395969455,0.725734293460846,0.3505549473421913,0.6276339173316952,0.09720603919454979,0.8570790886878967,0.26040102243423446,0.604966308389391,0.08761815402124605,0.7126933932304382,0.35069775411060866,0.6386354020663667,0.09895487683159959,0.8410269021987915,0.26068836280277785,0.6052294918469017,0.09044095490659983,0.7101314067840576,0.34970303603581004,0.6372100813048224,0.10106549592954768,0.8343697786331177,0.2630904121058326,0.604531371593475,0.08833401852420394,0.6749756336212158,0.34961037891251684,0.6343519415174209,0.09803855706538468,0.8012537956237793,0.3188861046518597,0.6275223221097671,-0.00179905920688595,0.9999735951423645,0.33899602038519705,0.6254899825368606,0.0016364746327911096,0.9999676942825317,0.3298341972487312,0.7046894209725513,-0.01683633405981318,0.878915548324585,0.3228115754468099,0.6292039786066325,-0.015350568174783665,0.9570600390434265,0.34102851833615966,0.7876835022653847,-0.03843636379710263,0.9154127836227417,0.3133934378623961,0.6372068405151364,-0.09297037334846595,0.9285113215446472,0.3430239362376075,0.7958083306040079,-0.04137084132858682,0.9497994184494019,0.3086107330662862,0.6398667420659743,-0.102440859483821,0.9528260827064514,0.34131826843534185,0.7956869176455903,-0.06708546770470479,0.9013925790786743,0.3062602264540535,0.6478967598506379,-0.10890954642423556,0.8984256982803345
88,0.3219494104385374,0.5339622531618389,0.14279063301427017,0.997104823589325,0.31947016375405435,0.5298682263919283,0.13641373004232127,0.9970940351486206,0.3187897494861056,0.530081738744463,0.1363542735576629,0.9964957237243652,0.31858718395233143,0.5302673935890195,0.13636347992079592,0.9973766207695007,0.32261310645512153,0.5289161631039209,0.13762412837573454,0.9982537627220154,0.3238682312624794,0.5285750814846581,0.13757511292185096,0.9985144138336182,0.32510241780962246,0.5282732588904242,0.13757139188902712,0.9988216161727905,0.3160311341285704,0.5330144745962958,0.09467447825840536,0.9973957538604736,0.3267003672463552,0.5303834659712653,0.10430691518953863,0.9965543746948242,0.3217974969318933,0.5390501192637849,0.12990418331963668,0.9888006448745728,0.32364512171064086,0.5381739309855867,0.1322719522884913,0.9890388250350952,0.303142647232328,0.5629281588963098,0.04717040019375934,0.9999634027481079,0.3434476026466913,0.5577775154794963,0.08360796975237979,0.9998183846473694,0.28156397938728317,0.5774077960423059,0.027006407667483585,0.6204270720481873,0.35225855537823253,0.6069475242069786,0.06366233783108845,0.7609561681747437,0.266970430953162,0.5915963036673406,0.03678229972720144,0.7341064214706421,0.344252688544137,0.6403489521571565,0.07233298016445974,0.7718252539634705,0.26125323857579896,0.5949438605989725,0.035569311784846416,0.715639591217041,0.34227109295981256,0.6519656504903517,0.07216409955705912,0.757294774055481,0.26166301880563997,0.5940740823745725,0.03917318646396907,0.7118210792541504,0.3405755468777246,0.6510407567024228,0.07385256311723161,0.7512438893318176,0.26414398295538755,0.5940417545182362,0.03937130155307904,0.6654639840126038,0.34077095133917656,0.6475157431193758,0.07268600527729303,0.7214186191558838,0.3207545152732303,0.6369774290493554,-0.0052656664280220835,0.9999758005142212,0.3392202692372457,0.6350775429180687,0.005154837388545273,0.9999690055847168,0.32928122622626155,0.7050080554825916,0.0060001186494316365,0.8835839629173279,0.3185217985085077,0.6388009633336745,0.00385740978111114,0.9329816102981567,0.3402560727936879,0.7895160113062174,0.006446273837770739,0.91539466381073,0.3102074648652756,0.6223733901977536,-0.028608829315219585,0.8615816235542297,0.34289104427610106,0.7999518803187775,0.004603256950420999,0.9512742757797241,0.30819287470408835,0.6204051613807675,-0.0314901170986039,0.9373400211334229,0.34053383214133115,0.7989601697240553,-0.015797973663679174,0.877851128578186,0.29923472063881995,0.610157261575971,-0.04348178271736414,0.8342640399932861
89,0.32159749439784446,0.5453451088496615,0.14745484249932417,0.9972795248031616,0.3194154432841708,0.5413173351969035,0.13911530247756404,0.997292697429657,0.3186424255371092,0.5415017792156762,0.13900203704833977,0.9967040419578552,0.318169251510075,0.5416496600423537,0.13901650394712167,0.9975430965423584,0.322643675974437,0.5403491633278981,0.1468431660107203,0.998379111289978,0.3239790277821676,0.539987778663635,0.14679818706853043,0.998610258102417,0.3252908068043844,0.539682967322213,0.14682634685720708,0.9989058971405029,0.3165097219603401,0.5444630197116305,0.10909472214324129,0.997550904750824,0.3270049078123909,0.5420793925012859,0.12200583219528192,0.9967397451400757,0.3209740272590091,0.5505193471908567,0.13550442499773835,0.9894657135009766,0.32354426724570123,0.5495859759194508,0.14092273627008706,0.9896840453147888,0.30554060510226644,0.5736758181027001,0.05788561680487221,0.9999665021896362,0.34475267529487597,0.5701795509883333,0.09322025052138733,0.9998260736465454,0.28408596600805,0.58159430367606,0.025705788816724494,0.6420583724975586,0.35333154116358056,0.6206500257764541,0.07250345136438094,0.688546359539032,0.2677475648266927,0.5869547775813508,0.02368681074253149,0.7433735728263855,0.34455511484827295,0.6547538314546855,0.06541966827852382,0.6954010128974915,0.26220069442476535,0.5874956795147485,0.02005615218409469,0.7196919918060303,0.3430123652730668,0.66715030499867,0.06267834284475868,0.6821584105491638,0.26283703957285187,0.5850279756954735,0.025128562535558414,0.7142506837844849,0.3415856029306138,0.66740243094308,0.06397704652377534,0.6766159534454346,0.2650340105806077,0.5853239587375093,0.026532081833907522,0.6551125049591064,0.3416211077145166,0.6625099710055756,0.06500858036535123,0.6497352123260498,0.3193761570113044,0.635785010882786,-0.009005790123982085,0.9999778270721436,0.3376907842499868,0.6308293853487283,0.00888319105974265,0.9999704957008362,0.32932115793228134,0.7057007636342727,-0.0014824986324778607,0.8920946717262268,0.32144663929939254,0.6496107493128093,-0.003155647577451807,0.8778724670410156,0.3401805775506154,0.7878790531839639,-0.012590339407324784,0.9148814678192139,0.3123963398592811,0.6296982118061607,-0.03749251011759041,0.7800145745277405,0.3425492039748599,0.7992181726864402,-0.018156116881540833,0.9535391926765442,0.31060163123267026,0.6272655793598717,-0.041036378060068386,0.8893561959266663,0.3409354908125739,0.7988945364952085,-0.04305069978748047,0.8604123592376709,0.3046001817498887,0.6137443201882495,-0.049317289835640335,0.755775511264801
90,0.32377589941024765,0.5525698917252674,0.16297914385795587,0.9975471496582031,0.32181111914770927,0.5488233957971842,0.1539665132761001,0.9975599646568298,0.32076977491378766,0.5489176988601683,0.1538216761180332,0.9970276951789856,0.31993115799767613,0.5489886675562174,0.15383459499904079,0.9977847337722778,0.3252487531730105,0.5482685770307266,0.16455799000603805,0.9985395073890686,0.32653665712901503,0.5480534860066002,0.16452654046671722,0.9987472295761108,0.32778639367648515,0.5478389688900537,0.16457657217979424,0.9990140199661255,0.31855444737843086,0.551734718254634,0.1295209373746599,0.9977902770042419,0.3294281993593487,0.5501986673900057,0.144154357271535,0.9970586895942688,0.3225020468235014,0.5573036823953899,0.1513676809413092,0.9904873371124268,0.32557288323129907,0.5569376621927531,0.1578260362148284,0.9906852841377258,0.30668698208672646,0.5790756106376646,0.07344152884823932,0.9999697208404541,0.3458998475755962,0.5785717300006319,0.11178370884486602,0.999841570854187,0.28534620915140413,0.5855903472219192,0.035574282013944206,0.6535874009132385,0.3540115909917012,0.6302563820566447,0.08296830185822074,0.6214568018913269,0.26749116778373705,0.5883159961019241,0.027952258608170903,0.7468900680541992,0.3458172636372701,0.6669949395315985,0.0707070938178471,0.62649005651474,0.26180883049964887,0.589638291086469,0.022911297955683287,0.7203059196472168,0.34423240423202495,0.6813448650496343,0.06708985247782295,0.6145179867744446,0.26213477083614883,0.5864653893879479,0.029407591266291465,0.7126425504684448,0.34279457586152196,0.6815698640687122,0.07040599339774672,0.6094076037406921,0.26408558743340615,0.5864723954881937,0.031206753104925142,0.6420794725418091,0.34260037456239956,0.6756730471338541,0.07064502941710604,0.5851513743400574,0.31814634714807766,0.6404691866465975,-0.010260585296366892,0.9999799132347107,0.33670515503202153,0.6359665172440663,0.010128542488174776,0.9999729990959167,0.3282867678574152,0.7132104430879862,-0.010797325987368819,0.8931517004966736,0.32815652149064184,0.6773369993482314,-0.005473198116357834,0.8306245803833008,0.33969504918370913,0.78827827828271,-0.029695687868765412,0.8709664940834045,0.3173058552401405,0.651683962345123,-0.04041938558220862,0.7053126692771912,0.34210787585803426,0.7994656767163955,-0.03670913106096641,0.945117712020874,0.31522753323827457,0.6470138089997425,-0.04386187515088488,0.8513655066490173,0.3420472357954296,0.7967628376824512,-0.06199522851301088,0.8014712333679199,0.3104986097131455,0.6285701223782127,-0.050157448649406404,0.6845303177833557
91,0.32596511500222325,0.5529663426535467,0.1678468908582414,0.9977908134460449,0.32424760716302037,0.5492592709405079,0.15982474258967802,0.9978025555610657,0.32310170275824396,0.5492048042161122,0.159697966490473,0.9973227381706238,0.32212063670158375,0.5491394451686311,0.1597106388636997,0.998004674911499,0.3277113182204109,0.5492858733449661,0.16865604519844046,0.9986848831176758,0.32894192423139285,0.5492506742477414,0.16862450071743548,0.9988717436790466,0.330123631443296,0.5491757052285329,0.16867240624768387,0.999112069606781,0.32101155093738,0.5514903136662073,0.13266492677586414,0.9980096817016602,0.33168407252856646,0.5514184134347095,0.14913786117519645,0.9973505735397339,0.3242540453161511,0.5572542973927086,0.1560960995299475,0.9914268255233765,0.32766160113470877,0.5574245316641668,0.16166214219161434,0.9916064739227295,0.3074847749301364,0.5784630111285616,0.07615127116441722,0.9999727010726929,0.3467755871159688,0.5813351239476883,0.11234530189207617,0.9998565316200256,0.28504087584359294,0.5862221053668428,0.04584758547799926,0.6813893914222717,0.3539646889482224,0.6328085558755054,0.08301874069230894,0.5793756246566772,0.2660625389644077,0.5948697192328314,0.04752350369734422,0.7683104872703552,0.34783121347427354,0.6733196633202686,0.07375296758753909,0.5728346109390259,0.26056205460003434,0.5990088394709994,0.0441838172397443,0.7427508234977722,0.3463614855493816,0.6877650243895391,0.07015142265175067,0.5605079531669617,0.26026286057063497,0.5976374830518447,0.049761850706168564,0.7353009581565857,0.3443917419229233,0.687642955780029,0.07405491002968376,0.5546731948852539,0.26234507475580476,0.5972637585231233,0.050668255665472554,0.6659018397331238,0.3439849964209964,0.6821847796440121,0.07389252196465215,0.5318031907081604,0.3171253170285905,0.6457769308771403,-0.008850503566541839,0.9999818801879883,0.33656117320060713,0.6452922259058268,0.008720172183322052,0.9999755024909973,0.3271547981670923,0.720544646467481,-0.012655898329934901,0.9022826552391052,0.33411258629390156,0.6966618708201814,-0.015025335936141858,0.8377417325973511,0.3392721031393322,0.7897689819335934,-0.03325542977878024,0.8708155155181885,0.3200694373675753,0.6673638377870829,-0.06127223710396458,0.6517526507377625,0.34210436258997223,0.8003243872097556,-0.038119081886751296,0.9478192925453186,0.31801174623625605,0.6602778213364735,-0.06556548486862862,0.8486360311508179,0.34207436442375166,0.797045516967773,-0.056259406251566724,0.7930281758308411,0.31427301168441757,0.6496303881917678,-0.06955635510385033,0.6368889212608337
92,0.328082650899887,0.5495794211115153,0.16565566020352493,0.998009979724884,0.32616134456225787,0.5455627356256755,0.16208153665065758,0.9980205297470093,0.32501393641744325,0.5454558815274917,0.16202452523367739,0.9975877404212952,0.324044689961842,0.5453460540090286,0.16203497350215904,0.9982022047042847,0.32973861864634907,0.5457125817026409,0.1631498617785317,0.9988154768943787,0.330967216832297,0.5456910797527855,0.16311141593115663,0.99898362159729,0.33212487101554855,0.5456138610839841,0.1631411833422524,0.9992002248764038,0.32311150601931965,0.5475154825619286,0.12785803590502054,0.9982069134712219,0.3332664591925483,0.5479837111064363,0.1364755817822047,0.9976134300231934,0.3261594312531606,0.5539698924337112,0.15436877565724502,0.9922733902931213,0.3298926983560833,0.5542271954672675,0.15555367512362336,0.9924377202987671,0.30823953577450325,0.574033793381282,0.0747282436915806,0.9999753832817078,0.34735250302723464,0.5788859690938675,0.09377701665673932,0.9998704195022583,0.2838818626744405,0.5839060544967649,0.049176253697701844,0.7110891938209534,0.3534823698656898,0.6300987311771935,0.062196316570043535,0.5799875855445862,0.26407412205423614,0.6059249145644049,0.05171024373599459,0.7905988097190857,0.34950889774731214,0.6746433871132984,0.055878499788897355,0.5673355460166931,0.25858404040336597,0.6133168220520017,0.04777655463133537,0.7671185731887817,0.34861853548458627,0.6874126519475661,0.05061956154448643,0.5482290387153625,0.25859771200588755,0.6151013800076073,0.052000070043972536,0.7602401375770569,0.34635857513972673,0.6874375411442344,0.0542194744305951,0.5386506915092468,0.2609771217618669,0.6137925812176293,0.054140700187001886,0.6967347264289856,0.34567069581576737,0.6826683333941865,0.05602718761989046,0.5169174075126648,0.314544379711151,0.644430157116481,-0.0022704763204923683,0.9999836683273315,0.33491897838456275,0.64546206167766,0.002149394606905323,0.9999779462814331,0.32674636415072833,0.7241861462593076,0.005963684578559226,0.9119564294815063,0.33707778453826887,0.7012119412422176,-0.021790439489164516,0.8532751798629761,0.3388429292610712,0.7893898231642583,-0.0047860421972083156,0.8830515742301941,0.3186780955110276,0.6713659576007295,-0.0512702650257519,0.6758207082748413,0.34156930361475246,0.7999427182333807,-0.006421617352004557,0.9528331756591797,0.3157838233879633,0.6593964832169665,-0.05315752731902257,0.862619161605835,0.341704498870032,0.7981352669852118,-0.015621599874326148,0.8111844658851624,0.3098016866615839,0.6636873040880472,-0.053383123874664276,0.6624268293380737
93,0.3297167437417165,0.5450097118105204,0.15883828827313007,0.9980581402778625,0.32745832119669216,0.540542183603559,0.15475237539836328,0.9980385899543762,0.32626245788165487,0.5404746259961807,0.15468201892716538,0.9975754618644714,0.3252244319234574,0.5404608147484913,0.15468301943370266,0.9982455968856812,0.33118607997894267,0.5404791099684576,0.15461617793355661,0.9988180994987488,0.3324319958686827,0.5402815529278344,0.1545763581991195,0.9989492297172546,0.33359412550926193,0.5400098238672526,0.1545938517366136,0.9991952180862427,0.3240364253520964,0.5430326206343512,0.12045798046248293,0.9982657432556152,0.3342876425811221,0.5424117888723099,0.11902443404708585,0.9975490570068359,0.3278105940137589,0.5497404524258203,0.14738535881042475,0.9924702048301697,0.3315982673849377,0.5496060081890648,0.14677224201815461,0.9926053285598755,0.30851705755506226,0.5703229648726325,0.07072291885103495,0.9999775290489197,0.34710025446755527,0.5730718289102824,0.07450176392282755,0.9998771548271179,0.28233796187809523,0.5813249570982794,0.05154460881437572,0.7065433263778687,0.3534790975706916,0.6235069581440513,0.04327573999762533,0.529962420463562,0.26429389289447225,0.6168512872287203,0.056138657246317156,0.7813374400138855,0.3508005431720187,0.670886066981724,0.04256617969700266,0.5116015672683716,0.25909454056194836,0.6267996634755812,0.053373666533402,0.7528848052024841,0.35121866890362313,0.6836104886872425,0.0371874933264085,0.49431678652763367,0.25991934367588576,0.6297708034515378,0.05601038017443245,0.7432148456573486,0.3489232625280106,0.6836829934801372,0.03784056007862089,0.4855477511882782,0.26226920400347015,0.6272405420030863,0.058045240598065484,0.6713390946388245,0.34787142617361866,0.6791178124291553,0.0417992266161101,0.4658603072166443,0.31074276311056936,0.6395571180752342,0.003524007901017153,0.9999852180480957,0.3318559382643017,0.6385251096316744,-0.003644364899290457,0.9999799728393555,0.3270438585962566,0.721737968921661,0.02074001202625887,0.9071539044380188,0.33483266234397874,0.6880303195544648,-0.023718694331390504,0.8540980219841003,0.3381596761090413,0.7877376488276886,0.017030084958033896,0.8617910742759705,0.31643899679183946,0.6769585813794814,-0.04975341409444807,0.6288980841636658,0.3401853638035909,0.7988830379077363,0.016253232796277314,0.9468409419059753,0.3127386254923683,0.6670981986182074,-0.05122164626206668,0.8329975008964539,0.34161552446229104,0.7980492472648617,0.004923459461757117,0.7720299959182739,0.3051968566008975,0.6882235680307658,-0.05230371196355136,0.6137285828590393
94,0.3320822954177855,0.5416971172605239,0.15580945653574801,0.9979800581932068,0.32959269455500995,0.5378293633460995,0.15165500853742864,0.997883141040802,0.32817383067948463,0.5376869406018936,0.1515779759202684,0.9973543286323547,0.32689328193664535,0.5373641763414653,0.15155235103198453,0.9981594681739807,0.33339658038956765,0.5374980279377526,0.14827318787574761,0.9986787438392639,0.3345285066536493,0.5373397299221581,0.1482335537672042,0.9987629055976868,0.33556721976825155,0.5371478796005247,0.1482566037348338,0.9990777969360352,0.32498048543930036,0.5389202390398296,0.1188559757811682,0.9982346296310425,0.3358654030731745,0.5392211164746963,0.10862751517977028,0.9970858693122864,0.32999647940908144,0.5466044511113846,0.1449164803539003,0.9922170639038086,0.3337535543101173,0.5464270932333808,0.1398911637919289,0.9923017621040344,0.30756161383220115,0.5675625801086424,0.0777501421315329,0.9999794960021973,0.34633126003401604,0.5680736524718145,0.05917187396969111,0.9998868107795715,0.2805520628179822,0.5808275784764969,0.0678183924938951,0.7077434062957764,0.3524638312203542,0.6183957815170285,0.02649366993989262,0.4929226338863373,0.26442808338573986,0.6268387539046147,0.07792376003095078,0.7594645619392395,0.35177617924553994,0.6672651103564667,0.029571408459118417,0.46566662192344666,0.26083410297121307,0.6385606118610924,0.07749635768788196,0.7192407250404358,0.35267473118645787,0.6809675438063483,0.025589407128947105,0.4489387273788452,0.26326262695448727,0.64148690530232,0.07873174910034449,0.7067199349403381,0.3506051029477799,0.6814089792115345,0.026966327748128325,0.44043830037117004,0.2656350314617156,0.6380376151629854,0.07937641484396793,0.6327266693115234,0.3493545566286358,0.6769002454621448,0.029704296801771415,0.42195987701416016,0.3075583943298883,0.6386311258588515,0.011962240867848903,0.9999866485595703,0.3281782686710356,0.6365440521921427,-0.012092366921050202,0.9999818801879883,0.32749993034771496,0.7133143935884745,0.024437373517347226,0.9030325412750244,0.33866742253303517,0.6900503754615781,-0.02795630374125071,0.8576772809028625,0.3352099750723156,0.7831427352769029,0.007052042554797872,0.8509615063667297,0.3148953625134058,0.6964940752301894,-0.05501110340867721,0.6158762574195862,0.3334062286785669,0.7957265700612746,0.004500793359641521,0.9468151926994324,0.30977691071374064,0.6883259177207943,-0.05682543431009562,0.8275657296180725,0.34091946142060403,0.800598403385707,-0.010989246304546075,0.7469611763954163,0.30092789871352044,0.7228698219571791,-0.061172051302024265,0.5907387137413025
95,0.3330842086247034,0.5375894035611831,0.1680117441075188,0.9981783628463745,0.3307666088853562,0.5335454685347418,0.16474482161658144,0.9980902075767517,0.3292799643107821,0.5331415755408148,0.16467562488147183,0.9976121783256531,0.3278661949293952,0.5324333667755125,0.16462968076978401,0.9983400702476501,0.33431437185832413,0.533317114625658,0.15930208861827844,0.9988076686859131,0.33534395694732655,0.533188656398228,0.1592438387019293,0.9988824129104614,0.33628191181591566,0.5330490214484076,0.1592809557914733,0.9991670250892639,0.32546900595937445,0.5330008285386219,0.1351723249469484,0.9984069466590881,0.33642838937895625,0.5344613637242995,0.11878398827144072,0.9973607659339905,0.3310335866042544,0.5425734230450219,0.1582431473902293,0.9929664134979248,0.3344745576381682,0.5422834055764332,0.15040757656097403,0.9930418133735657,0.30579594544001976,0.5638932313237869,0.1034169141735349,0.9999815225601196,0.3455047982079641,0.5646444695336476,0.06479446717670984,0.9998980164527893,0.28029058916228144,0.5829475079263957,0.11099655181169504,0.6743801236152649,0.3502784797123498,0.6137696964400152,0.04105127421872955,0.5001130700111389,0.2692072425569806,0.6352243815149576,0.1443915680050849,0.7063775658607483,0.3505952179431914,0.6614949652126854,0.06666283447827609,0.42647990584373474,0.2672347954341342,0.6472584622246875,0.15085489568965768,0.6643235087394714,0.3511518895626066,0.6746848770550316,0.06807088995618477,0.40869393944740295,0.2711948088237216,0.6496511510440278,0.15073457637003485,0.6508243083953857,0.34912977644375376,0.6751770189830232,0.0714992108089583,0.40021833777427673,0.27361651148114874,0.6461821913719175,0.1457761995494365,0.5806224942207336,0.347953940289361,0.6704767022814067,0.06849080281598224,0.3826153874397278,0.3051786414214541,0.6373387643269126,0.017558707190411423,0.9999879598617554,0.3254144481250216,0.6334025280816211,-0.017721082230231583,0.9999836683273315,0.3279119261673517,0.6950096624238147,0.006798308236258363,0.896334171295166,0.3440041227000099,0.6928684183529442,-0.027843714505434023,0.8702309727668762,0.3359287261962889,0.7620936342648094,-0.04683967011847665,0.8496004343032837,0.3170096610273632,0.7260436075074328,-0.08871760261910298,0.6465182900428772,0.3333189904689787,0.7741619127137317,-0.05321747761751923,0.9502284526824951,0.3102839589118956,0.7207321575709749,-0.09481819506202421,0.8416826128959656,0.3466348298958368,0.7860955834388729,-0.07070348560810086,0.754557728767395,0.31138025266783564,0.7674414430345804,-0.10885962045618461,0.6221052408218384
96,0.33294043881552543,0.5322015915598186,0.18230934355940132,0.9983605146408081,0.33082202843257347,0.526920197691236,0.17949396116392946,0.9982811808586121,0.3293852695396967,0.526308831146785,0.17943709322384416,0.9978509545326233,0.3279941592897686,0.5254510538918629,0.17939069781984593,0.9985060691833496,0.33418460914066844,0.5271789567811146,0.1733819446393421,0.9989268779754639,0.3351959134851182,0.5271505287715365,0.17331014871597283,0.9989941716194153,0.33610547780990585,0.5270854643412997,0.17335168080670485,0.9992502927780151,0.32541870474815354,0.5258060932159421,0.15165760602269845,0.998566210269928,0.3361181778567176,0.5284917184284753,0.12787057246480665,0.9976246356964111,0.33086837870734065,0.5373136639595029,0.1731846983943666,0.9936695694923401,0.33428475686482007,0.5371668321745734,0.16426243909767688,0.9937374591827393,0.3040196665695734,0.5593549779483247,0.1278795808553695,0.9999833703041077,0.3450072262968334,0.5628888368606565,0.06430084630846974,0.9999082088470459,0.28018425447600215,0.5889232294900074,0.1426567772669451,0.6370048522949219,0.3469079707350048,0.61252053294863,0.05119524523615834,0.5146981477737427,0.2777751973697116,0.6423633967127116,0.18305365421942293,0.647101879119873,0.34794508644512706,0.6585646901811869,0.09813257647412159,0.39959508180618286,0.2778682921613964,0.6539834993226183,0.19306267031601487,0.607001781463623,0.3484094074794223,0.66891142640795,0.10099429913929527,0.3782384693622589,0.282133376598358,0.6553777830941333,0.19164157743964866,0.593541145324707,0.34642871107373907,0.6699118903705048,0.1053192677242415,0.36955976486206055,0.28389371803828634,0.6516468371663772,0.18387701426233555,0.5292131900787354,0.3453190726893287,0.6649611404963899,0.10083035847970412,0.3522849678993225,0.30281399743897564,0.637291518279484,0.026382352225482453,0.9999891519546509,0.3232049124581472,0.6345243607248576,-0.026540707371064582,0.9999852776527405,0.32788007940564823,0.6800501210348944,0.037358001566358955,0.9055648446083069,0.34804621934890734,0.6975448863846911,-0.037647531979850345,0.8831896185874939,0.33557585648127947,0.745146136624472,-0.006098831890683085,0.8630666136741638,0.32021240421703867,0.7531295520918706,-0.1095772728323936,0.6817602515220642,0.33199314900806953,0.7564042568206784,-0.011476029389138727,0.9551244378089905,0.3113127751009803,0.7538420098168506,-0.11670696926968432,0.8574526309967041,0.34527489628110597,0.7660754902022222,-0.02095058975475174,0.7784296274185181,0.3246977133410316,0.797940693582807,-0.13493150344916746,0.659822940826416
97,0.33268072690282535,0.5272883806909832,0.18467115674700046,0.9985185265541077,0.3307433639253887,0.5203243289675029,0.18177993680749613,0.998443603515625,0.3293431426797593,0.5196530273982454,0.1817233204841613,0.9980564117431641,0.3279690810612268,0.519008295876639,0.18169564987931924,0.9986470937728882,0.33399100303649887,0.5212344203676493,0.17571732188974098,0.9990288615226746,0.3349815521921429,0.5212486522538319,0.17562417558261317,0.9990902543067932,0.33586901511464784,0.5211466278348648,0.17564028246062136,0.9993214011192322,0.3251411667891909,0.5203741414206366,0.15322948992252344,0.998704731464386,0.3357702119009834,0.5229888558387754,0.1213359824248722,0.997856080532074,0.33050550222396835,0.5323238815580094,0.17514087132045192,0.9942805767059326,0.33389136535780756,0.5325368200029643,0.16697353678090224,0.9943456649780273,0.3027582977499279,0.5566548875399996,0.13001417262213566,0.9999849200248718,0.3440354100295474,0.5616954565048216,0.05233456630791934,0.9999173879623413,0.2815399519034793,0.5994296789169309,0.14375333573137006,0.606641411781311,0.34349256498473013,0.6121847152709958,0.04267378374934194,0.5591316819190979,0.2911092221736907,0.6431447914668489,0.17880773416587276,0.6010801196098328,0.345921161345073,0.6555061612810404,0.10062087540115625,0.42802825570106506,0.29111784781728456,0.6559002212115693,0.18975070800100047,0.5643249154090881,0.3469202867576053,0.6642535158566063,0.1051569779004369,0.3945452868938446,0.29595274158886486,0.6541663118771142,0.18726111693041658,0.5502230525016785,0.3452195584774016,0.66521566254752,0.1145044237375259,0.3823765218257904,0.29641238025256555,0.6501664297921315,0.17901210274015145,0.4906591475009918,0.34418415512357425,0.6606377312115257,0.104567397066525,0.3585621118545532,0.3011999309062956,0.6396654878343851,0.031523927514042156,0.9999902248382568,0.32168460828917356,0.6390378781727379,-0.031671341561845354,0.9999867081642151,0.327536049059459,0.6756255200931001,0.07465549771274835,0.8772033452987671,0.35046188150133384,0.6992255415235243,-0.039244084326284255,0.8948309421539307,0.33254587480000075,0.7441067610468179,0.0482501794184957,0.8610442280769348,0.3262356196131023,0.7717343262263703,-0.11372487236346512,0.7134716510772705,0.3293649860790796,0.7544948288372582,0.04483030342629975,0.9570220112800598,0.31647271343639904,0.7792598060199188,-0.12122493215969626,0.8715570569038391,0.3388777256011961,0.7565342000552582,0.039600409993103554,0.7793253660202026,0.3395178020000456,0.8116277030536103,-0.1454999648034572,0.6934470534324646
98,0.3321810773440768,0.5258320535932266,0.18016723607267643,0.998608410358429,0.3303435359682354,0.5189864090510775,0.1768246229205812,0.9985091090202332,0.3289898897920335,0.5184115239552087,0.17676387131214133,0.9981505870819092,0.32767310397965554,0.5178954618317737,0.1767553712640489,0.9987065196037292,0.3335329745497021,0.5199028730392454,0.1680991142988204,0.9990781545639038,0.33452732307570304,0.5199749367577686,0.16799719887120373,0.9991390109062195,0.3354141507829937,0.5199247564588272,0.1679946852581841,0.9993590712547302,0.3249084387506756,0.5195408395358492,0.14462409828390388,0.9987881183624268,0.3352503895759581,0.5220632416861395,0.10741388265575676,0.9980120062828064,0.3299757403986793,0.530989895548139,0.17065332702227992,0.9946814775466919,0.33335494654519204,0.5313277244567869,0.15937073230743398,0.9947764277458191,0.30194940737315573,0.5573299459048677,0.1226436921528407,0.999985933303833,0.3422347545623778,0.5604912996292111,0.03582782889051095,0.9999255537986755,0.28526367715426837,0.609665673119681,0.13237249212605606,0.5499652028083801,0.34041548541613975,0.6150799308504374,0.020636036273624207,0.5913131833076477,0.29911302924156175,0.6469148686953949,0.15706455409526818,0.5418539047241211,0.34472382238933,0.656892028876713,0.0734676122665405,0.43209710717201233,0.29986843551908204,0.6580207364899768,0.16644401635442452,0.5090929269790649,0.3462835150105611,0.6664461578641616,0.07712272214038027,0.3910946846008301,0.30465962461062823,0.6545031615665977,0.16400930157729549,0.4962666928768158,0.34487823162760034,0.6669542925698413,0.08909660875797268,0.3760140836238861,0.30506050671849916,0.6504886405808582,0.1569467399801526,0.4426719546318054,0.3439701318740843,0.6625281146594453,0.07800587969166888,0.3465516269207001,0.3003596595355441,0.6460328953606739,0.0358415011848722,0.9999911189079285,0.32002836465835555,0.6470121349607192,-0.03598124975604669,0.9999880194664001,0.32591940675462977,0.677363424641745,0.11615141294896597,0.8630742430686951,0.3541094149862015,0.701108144010816,-0.028108828355159064,0.9051949381828308,0.32471347536359496,0.7562500851494922,0.1196757397481373,0.8704454898834229,0.331709062201636,0.7826781920024323,-0.07987332035388262,0.7419923543930054,0.3204178256647926,0.7675780262265883,0.11919864820582522,0.9604795575141907,0.3217005848884581,0.7934342145919795,-0.08481435424515174,0.8842393159866333,0.3309385444436753,0.7668513485363548,0.1173944278487137,0.7893333435058594,0.34754414217812657,0.8157228606087816,-0.10610553430659425,0.7232747673988342
99,0.3314191613878521,0.5260576333318435,0.17789508530071796,0.9986798167228699,0.329602812869208,0.5197308591433931,0.17452594595296034,0.9985491633415222,0.3283019636358532,0.5192516480173381,0.17446513090814855,0.9982395768165588,0.3270240332399094,0.5188043424061364,0.1744676551648548,0.9987532496452332,0.33279076729501983,0.5204142706734791,0.16389938635485504,0.9991077780723572,0.33380813854081276,0.5204625623566761,0.16378998415810714,0.9991775751113892,0.33472539697374604,0.520399555138179,0.16378195839268814,0.9993792772293091,0.3242943533829279,0.52054694039481,0.14144303138766964,0.9988823533058167,0.33475399953978385,0.5224846022469654,0.10121456980705257,0.998162567615509,0.3292500095708028,0.5313262258257182,0.169082720364843,0.9950738549232483,0.33262221642902906,0.5315332719257897,0.15516515608344753,0.995175302028656,0.3020468533039091,0.5600383809634615,0.12429656428950167,0.9999867677688599,0.3396618459905895,0.5608916640281675,0.029638509651912098,0.9999326467514038,0.2925983454499924,0.6154796259743824,0.13637047495160776,0.5039324760437012,0.33786481959479175,0.6200046743665419,0.014086317803178509,0.6117130517959595,0.3079692236014773,0.6495082633835926,0.16291454689843307,0.48955267667770386,0.34248812283788393,0.6579597881862093,0.07296256598617346,0.40534448623657227,0.3097649114472524,0.6573066200528823,0.17332715264388485,0.4608578085899353,0.3433905201298848,0.6672156589371814,0.07838822358420913,0.365522563457489,0.3136862695217131,0.6545465861048014,0.17033562191895069,0.448965847492218,0.3421214044094084,0.6668691056115283,0.08877978378108566,0.34975171089172363,0.31417334420340387,0.6511960523469105,0.16246387766940246,0.4007622003555298,0.3415907604353767,0.6628453765596659,0.07881027720868583,0.32084110379219055,0.2991494698183876,0.6540353178977963,0.03880651082311356,0.9999918937683105,0.3179286284106117,0.6552583302770338,-0.038946518621274386,0.9999891519546509,0.32483024682317446,0.680587748118809,0.11618530367101935,0.8631891012191772,0.3572833963802881,0.7023985249655584,-0.01410882127072129,0.9146042466163635,0.3220472965921673,0.7590978264808651,0.10914537566048751,0.8820186257362366,0.33377384628568363,0.7842247826712468,-0.05375094445688381,0.7677527070045471,0.31875531417982905,0.7704181058066228,0.10742638025965004,0.9639357924461365,0.3245104423591067,0.7954022083963663,-0.057787945015089826,0.8957169651985168,0.3326449385711123,0.7725307311330519,0.10362250528165268,0.8059883117675781,0.3506853989192416,0.8136665088789801,-0.07959293308002603,0.7506395578384399
100,0.32961001140730706,0.5270514420100618,0.1620291854654039,0.9985283613204956,0.3278605486665452,0.5210034659930636,0.15818000308104915,0.9982927441596985,0.3266184713159287,0.5206371682030811,0.1581202404839651,0.9979921579360962,0.3253788011414662,0.5202755519321984,0.15812475638730178,0.998562216758728,0.3311162957123346,0.521478702340807,0.1478718617132731,0.9989819526672363,0.33222061225346144,0.5215357116290499,0.14777048613343913,0.9990806579589844,0.33324321082660113,0.5215221336909701,0.14776353665760578,0.9993093013763428,0.32275438904762255,0.5221141730036052,0.1278756116117749,0.99881511926651,0.33373483760016287,0.5238948702812193,0.087681861434664,0.9981059432029724,0.3276173761912753,0.5325222168649943,0.15431558319500507,0.9947853684425354,0.33096640450613823,0.5325528383255003,0.14014894408839082,0.9951121211051941,0.3028975018433161,0.5634121332849773,0.12769864158970962,0.999984085559845,0.3372574457100458,0.5627504484994068,0.01639049703787479,0.9999383091926575,0.29838091390473487,0.6157565746988566,0.1375573996986661,0.45438840985298157,0.33597949487822376,0.6248460326875955,0.0018898934491776973,0.5979483723640442,0.3129697944436753,0.6488885709217613,0.13977593481540673,0.4410286843776703,0.3400728191648209,0.659148551736559,0.05739595379148208,0.3846103847026825,0.3162384561129977,0.6547212038721354,0.1484081055436815,0.4156269431114197,0.3392603627273013,0.6681987200464519,0.05946696581585064,0.3461303114891052,0.318133429118565,0.653767805440085,0.14368968733719412,0.4048319458961487,0.3379402594906942,0.6676712547029764,0.06342855564185548,0.3296826183795929,0.31851634042603616,0.6503852639879496,0.1380971248660768,0.3614955544471741,0.33797497919627584,0.6639006274087085,0.061747530954224694,0.29942166805267334,0.29815686941146835,0.6610302652631485,0.04289596038205281,0.9999922513961792,0.3158297155584606,0.6630232470376147,-0.0430306228143828,0.9999899864196777,0.3253158015864235,0.6837433099746701,0.10864907673427032,0.8475689888000488,0.3590276190212793,0.7034825171743118,-0.014328155613371295,0.9224129319190979,0.3217598838465553,0.7598249435424801,0.09086153613669529,0.8893558979034424,0.33282817091260625,0.7815525855336867,-0.04856816721814017,0.7903744578361511,0.31774905834879175,0.7712489724159237,0.0883659475616046,0.9661956429481506,0.3242290420191627,0.7915998373712809,-0.05219620689749715,0.9051594138145447,0.33350987264088205,0.7741086738450182,0.08380815354841092,0.8120139837265015,0.3483447389943258,0.8104081239019116,-0.06914648924555093,0.7721256613731384
101,0.3275028245789663,0.5285268204552784,0.14869411800588872,0.9980257153511047,0.3259210918630871,0.5224591033799305,0.14474082631724214,0.9972658157348633,0.3247097321919031,0.5221379382269721,0.14467695653438561,0.9969278573989868,0.32348782505307866,0.5217926093510217,0.14467970005103511,0.9978102445602417,0.3291453659534453,0.5227752634457177,0.1350959454263959,0.9983981251716614,0.3302432639258247,0.522795328072139,0.13499571723597384,0.9986199140548706,0.3313012506280625,0.522779583930969,0.13498575389385215,0.9989811182022095,0.320879988159452,0.5235525539943148,0.1186846134918076,0.9982413053512573,0.3322645604610442,0.5255352990967884,0.07614971292870382,0.9973124265670776,0.3257611257689338,0.5341273529188971,0.1413005134889057,0.9930901527404785,0.3289116612502505,0.5340517674173625,0.12800462692975992,0.9941016435623169,0.30279754911150236,0.5652415769440784,0.12957272103854584,0.9999771118164062,0.33527552144868017,0.5653228861945014,0.004603813096348725,0.9999423027038574,0.30104147536413994,0.6146923780441281,0.14044546059199736,0.41021981835365295,0.3347592421940393,0.6270658186503817,-0.008721840448145352,0.5828796625137329,0.3165304081780569,0.642564225196838,0.13104401954582753,0.3977019488811493,0.3383778146335055,0.6585024424961632,0.04045573414436406,0.3768444061279297,0.31919921892029884,0.6495324662753511,0.1391700501952852,0.3755163252353668,0.3366645080702644,0.6662977337837216,0.04247940576502253,0.3381931483745575,0.3209238384451183,0.6485143116542268,0.13249672438417157,0.36568787693977356,0.33531024200575676,0.6651916146278378,0.046460073441266986,0.32073554396629333,0.3207234042031423,0.6450890455927165,0.12821656486817762,0.32669204473495483,0.33552609596933625,0.6622862424169265,0.04490178530769686,0.2858939468860626,0.2974151602813174,0.6643888780048912,0.04627015633242469,0.9999917149543762,0.3139005839824675,0.666682056018284,-0.046408800035715084,0.9999901652336121,0.3274390688964297,0.6859079190662926,0.09156816942351201,0.7947824001312256,0.3579837833132061,0.7036502088819229,-0.02005967018859726,0.9234203100204468,0.3225905980382645,0.7614929352487833,0.052009766016687636,0.8764458298683167,0.3312642276287077,0.7782555597169055,-0.06301931408899168,0.8061483502388,0.31785701598439886,0.7737056136131284,0.047348089516162845,0.9628735780715942,0.3234673908778598,0.7887740935598097,-0.06761517620512414,0.9079342484474182,0.3336650899478366,0.7740862182208467,0.04113197731120243,0.7839190363883972,0.3448050660746437,0.8068091273307797,-0.08283006612743646,0.7721461057662964
102,0.325568766253335,0.5287711722510199,0.1455568547759737,0.9980652332305908,0.3240587839058466,0.5226752093860079,0.14243014114243638,0.997259259223938,0.3227729388645716,0.5223589624677383,0.14236659237316668,0.9969592094421387,0.32148803131920933,0.5220559052058626,0.14236270785331717,0.997818112373352,0.3272437683173587,0.5230035832950044,0.13383728691509783,0.9984150528907776,0.3282557632241929,0.5230059811047143,0.1337428382464817,0.9986476898193359,0.3292409454073223,0.5229988183294021,0.1337360705648149,0.9989992380142212,0.3189690155642372,0.5242477263723099,0.11651496631758548,0.9982956647872925,0.330326964173998,0.5262973036084854,0.07365703753062654,0.9974256157875061,0.32381608145577556,0.5345065883227754,0.13830537327698292,0.9932720065116882,0.3269122328077042,0.5344820482390265,0.12673324814864562,0.994360089302063,0.30094790373529695,0.5653434787477764,0.1274940690823963,0.9999749064445496,0.334115296602249,0.5665642755372181,0.003571340827537431,0.9999467730522156,0.2995911640780311,0.6133306588445389,0.14763107384954172,0.37010353803634644,0.3350147102560314,0.6291974203927173,-0.005588571650774351,0.5682013630867004,0.31470764960561465,0.6415168353489464,0.15691746430737624,0.3582470417022705,0.33715784464563625,0.6543840442384989,0.056226355688912495,0.3543619215488434,0.31727125304085857,0.6493759427751811,0.16802935813154485,0.33858031034469604,0.33600002271788443,0.6604518703051973,0.059006910558257755,0.3186059594154358,0.31904559476034966,0.647991597652435,0.1608717931168419,0.3296853005886078,0.33465453982353194,0.6581643070493423,0.06463395910603656,0.30145561695098877,0.31891940661839063,0.6447223305702207,0.15432978144713802,0.2946465313434601,0.33443784713745106,0.6566878335816516,0.06033559356416972,0.26655113697052,0.296274925981249,0.6645327704293384,0.04736196228436059,0.9999910593032837,0.31241500973701464,0.6682000245366775,-0.04748354809624806,0.9999902248382568,0.32667758124215246,0.6891896230833867,0.10348199052470067,0.75145024061203,0.35653304713112954,0.7037317565509247,-0.02191547527909278,0.9268425107002258,0.32257553849901455,0.7632993204253057,0.07712233534881043,0.86447674036026,0.33013734221458424,0.7786084226199554,-0.06195259892514771,0.8212682604789734,0.3181551567145755,0.7767365523747032,0.0737633462463106,0.9589602947235107,0.3227938779762812,0.7898989149502341,-0.06547800132206505,0.91171795129776,0.3339439272880553,0.772642304216112,0.07110140802604809,0.7589854001998901,0.34318922502653926,0.8039805872099736,-0.07279286852904725,0.7773807048797607
103,0.3237901679107119,0.525474178791046,0.1610941154616219,0.9981876611709595,0.3220970443316867,0.5195123110498698,0.15785413725035524,0.9974240660667419,0.3206395285470144,0.5191223927906579,0.15779080561229153,0.9971620440483093,0.31920664395604803,0.5188605376652307,0.15779127606323778,0.9979502558708191,0.32546796883855533,0.5201459884643552,0.14952626994677948,0.9985175132751465,0.3264376478535787,0.520178995813642,0.14941793850490018,0.9987395405769348,0.32737173608371173,0.5201634066445484,0.14940560843263345,0.9990641474723816,0.3166510471275873,0.5222020643098011,0.12787616593497134,0.9984316229820251,0.3284176613603318,0.5236490675381249,0.08672192650181904,0.9976406693458557,0.32164393237658895,0.5311215077127727,0.15279990690095077,0.9937427639961243,0.3249899515083856,0.5314391868455066,0.14160790549857272,0.9947871565818787,0.2980303117207117,0.562723078046526,0.13045377688748488,0.9999741315841675,0.3333637671811238,0.5665705544607977,0.016171397149030646,0.9999511241912842,0.29820801360266536,0.6119468825204029,0.16497618896620608,0.3339294493198395,0.33607839260782496,0.6305044651031491,0.017185978471700628,0.552124559879303,0.3142326772212981,0.6390043173517497,0.21459701572145723,0.322651207447052,0.3360618633883339,0.6482159137725827,0.10037161117153504,0.33281365036964417,0.31739235690661827,0.6454429132597784,0.23146200350352686,0.30517953634262085,0.33582455175263526,0.6513323341097148,0.10585076521549902,0.3009827435016632,0.3193250613553182,0.6436929804938177,0.2243774724858147,0.29713571071624756,0.3345368708883012,0.6483564564159936,0.11323354042002129,0.28422752022743225,0.3189683454377309,0.6409794092178343,0.21294375338724672,0.2656712830066681,0.3338628011090413,0.6480185968535284,0.10531179356787881,0.2496803253889084,0.2941747580255779,0.6620197159903387,0.047171007628951725,0.999990701675415,0.3112300745078494,0.6663755604198998,-0.047265894178833257,0.9999905228614807,0.32083432929856426,0.6929507885660441,0.1265383499009268,0.7160189747810364,0.3528755630765641,0.7036808797291344,-0.022870163353426107,0.9330925941467285,0.32294435671397603,0.7637430770056585,0.12429926267692015,0.8566492795944214,0.32927350997924787,0.7822977985654554,-0.055280854765857944,0.8372935652732849,0.319111280781882,0.7785153882844104,0.12332807843174247,0.9553478360176086,0.3218828039509908,0.7933886953762596,-0.05743564814329145,0.9177461862564087,0.3345341478075298,0.7703237397330145,0.12655561417341227,0.7378208637237549,0.34401843377522046,0.8038734725543427,-0.06297451768602641,0.7901124358177185
104,0.3219959335667745,0.5213059595652987,0.159516879916191,0.9983453750610352,0.32007743120193466,0.5154004233224049,0.15530176205294466,0.9976480603218079,0.3184796077864509,0.5149200149944848,0.15523859049592692,0.9974124431610107,0.316921066386359,0.5146566425051006,0.1552501989262444,0.9981229305267334,0.3236689925193785,0.5163551313536505,0.14666672263826636,0.9986516237258911,0.3246586263179777,0.5164217948913572,0.14654629102775024,0.9988553524017334,0.32559092726026245,0.5163831370217458,0.1465259569031851,0.9991495013237,0.3143536218575067,0.5190818956920077,0.12391757241317197,0.9985769391059875,0.32639268721852965,0.5196130071367534,0.08349774437291277,0.9978690147399902,0.3194498189858026,0.5267981205667766,0.1510935996259961,0.994310200214386,0.3230396722044262,0.5274071727480205,0.13925598519189009,0.9952746033668518,0.2955142753464834,0.5577656115804397,0.12748882855687818,0.9999747276306152,0.3325945368834903,0.5647398676191054,0.014905114431998552,0.9999557733535767,0.29682871443884695,0.6095495394298005,0.16619838901928485,0.30185168981552124,0.3365930787154605,0.6282581056867325,0.021908395401468224,0.5664033889770508,0.3136546748025075,0.6351917079516816,0.21937402571950632,0.2907335162162781,0.33427525588444285,0.6421630723135809,0.11559849785906923,0.3428804576396942,0.3168528667518069,0.6392235994338986,0.23651061270918153,0.27536725997924805,0.33396084393773745,0.6448642492294309,0.12079838588833805,0.31327325105667114,0.31897321769169384,0.6379329102379931,0.22963246064526682,0.26806920766830444,0.33263665948595306,0.641980399404253,0.1265914142131805,0.29513120651245117,0.31860169257436466,0.6352607267243519,0.21802195523466372,0.2398904412984848,0.3320117592811583,0.6417415022850034,0.12027153138603477,0.25358060002326965,0.2910942145756311,0.6594402449471607,0.04582029559782571,0.9999913573265076,0.3096209125859395,0.6636040670531134,-0.04589406102895735,0.9999913573265076,0.3118327242987495,0.6955982702119007,0.14570670255592882,0.6912933588027954,0.34701314313071097,0.7036574108260015,-0.023924018708722922,0.9395540356636047,0.3210170933178491,0.761021450587681,0.16761247984000607,0.8554390668869019,0.3281404989106313,0.7866806796618867,-0.05249059700540131,0.8531581163406372,0.3182767629623412,0.7758583256176536,0.16929267921618046,0.9553554654121399,0.3206109651497431,0.7971825020653857,-0.05403778308204239,0.925287663936615,0.333485561609268,0.7656732474054605,0.17640675370182302,0.7330969572067261,0.34490929160799283,0.8051976101739062,-0.06103962681123186,0.8086197972297668
105,0.31963355285780753,0.5172140376908436,0.154222143122128,0.9984349608421326,0.3175474609647477,0.5109816568238392,0.14881069489887777,0.9977703094482422,0.31586425645010796,0.5105258175304955,0.14874656328133168,0.9975581765174866,0.3142393435750687,0.5103244764464239,0.1487723529338836,0.9982070922851562,0.32143458724021895,0.5121027605874195,0.13954761347600386,0.9987339973449707,0.3225346182073864,0.5122713003839763,0.13941923763070782,0.998931884765625,0.3235674219472066,0.5123141969953262,0.13939390799828932,0.9992055296897888,0.3116150958197456,0.5151812417166572,0.11747749724558416,0.9986761808395386,0.3243565039975301,0.5150005357606068,0.07698524828468048,0.9980521202087402,0.31698813182967034,0.5227845311164854,0.14579065952982215,0.994732141494751,0.32082491091319476,0.5235452992575507,0.13273246841771255,0.9956569671630859,0.2936165562697818,0.5517350418227057,0.12204694151878352,0.9999739527702332,0.3313321139131272,0.5615981919424872,0.00970710819321019,0.9999597668647766,0.2963856501238685,0.6064197438103809,0.1575213500431605,0.2750846743583679,0.33584198185375747,0.6238323790686469,0.01981814386921801,0.580807089805603,0.31458036729267647,0.6305450865200585,0.20144109853676379,0.26248735189437866,0.3324775610651287,0.6375696369579857,0.10659246465989516,0.3544672727584839,0.3176639642034257,0.6328889523233683,0.21700880655220567,0.24934415519237518,0.33160218596458424,0.6416430694716314,0.11088341666119433,0.3261910378932953,0.31944444094385405,0.6319038220814293,0.20956857502460471,0.24269063770771027,0.3301479952675954,0.6389832598822454,0.11536826980965473,0.30629026889801025,0.3188619698796952,0.629391709395817,0.19967320689133225,0.21758423745632172,0.329779541492462,0.6377917170524594,0.11108597368001932,0.25748980045318604,0.28724838580404,0.6579792329243248,0.04440528005361555,0.9999919533729553,0.30719395450183307,0.6613321134022301,-0.04447159575564519,0.9999921321868896,0.3032510595662252,0.6975398864064895,0.1526830932923725,0.6950283646583557,0.3392634374754768,0.7032400522913249,-0.0235151030655418,0.9455152750015259,0.3162424760205404,0.7578706775392801,0.18673616945743554,0.8641658425331116,0.327242886168616,0.7894679086548937,-0.04534817061253954,0.8677026033401489,0.31511602401733385,0.7729236653872894,0.18957941745008733,0.9575791358947754,0.3196619144507815,0.8006948964936389,-0.04641304500401018,0.932395339012146,0.32932983551706574,0.7618748358317781,0.19637918174266805,0.7432546019554138,0.34501100437981724,0.8053826263972688,-0.05519828647375104,0.8264538645744324
106,0.31734297105244214,0.5139166866030009,0.13322566407067427,0.9985384345054626,0.31535129972866593,0.5071762851306367,0.12780189152274807,0.9979258179664612,0.3136696500437599,0.5067138603755403,0.127733803646905,0.9977373480796814,0.31203313810484734,0.506503573485783,0.1277559352772576,0.9983256459236145,0.3192381160599843,0.5084005951881406,0.11893252411058965,0.9988256096839905,0.32039583665984006,0.5086891600063866,0.11880863202469684,0.9990127682685852,0.32149799466133105,0.5088842936924522,0.11878078941787987,0.999264121055603,0.30923831888607556,0.5111088326999117,0.09895113174404413,0.9987863302230835,0.32222539527075617,0.511208607469286,0.05789974321212084,0.9982282519340515,0.3147292222295487,0.5196479337556019,0.1256890680108751,0.9951558709144592,0.3186448301587784,0.5204920581408907,0.11313720430646618,0.996017336845398,0.2916592121124266,0.5469618712152751,0.10710962031568795,0.9999734163284302,0.3291647153241292,0.5576324650219506,-0.004237607839916432,0.999963104724884,0.29551845533507193,0.601357965809958,0.14799448294298984,0.25296318531036377,0.3339346740927014,0.6166657107216968,0.007309083707098445,0.5919908285140991,0.31521086352212074,0.6250923803874422,0.19529473398412966,0.2378768026828766,0.3312087007931299,0.63263657944543,0.09158781106982908,0.36280307173728943,0.3183035041604722,0.6286035129002159,0.21165298180920727,0.2273155152797699,0.3302393742970056,0.6380572472299846,0.09640578585011614,0.33738237619400024,0.3196269375937324,0.6271510311535423,0.20291008736406044,0.221233069896698,0.3288043081760405,0.6353509511266433,0.09990413742406024,0.315717488527298,0.3186596751213072,0.6254011886460438,0.19318980404308855,0.19907283782958984,0.328465174777167,0.633311809812273,0.09574765775884897,0.2616170346736908,0.28303127970014286,0.6569893445287429,0.04317973373191695,0.9999925494194031,0.30418579748698626,0.660155309949602,-0.04324627688952853,0.9999927878379822,0.2966016931193214,0.700237154960632,0.14851894974708552,0.7157778143882751,0.33350520815168094,0.7031516092164173,-0.02213025784918239,0.9509025812149048,0.3092275645051682,0.7601083908762247,0.179036607486861,0.8759565949440002,0.32647412078721166,0.7895040512084958,-0.03554367284689629,0.8808267712593079,0.30910560318401864,0.7762921094894405,0.18146722870213636,0.9609256386756897,0.3193074660641805,0.803211266653878,-0.03588436786085365,0.9389137625694275,0.32273760693413855,0.7586765868323186,0.1865194584642137,0.7623813152313232,0.3446783883231025,0.804641417094639,-0.04322508435164177,0.8427289724349976
107,0.3153095262391225,0.510393725122724,0.12246661058494017,0.9986095428466797,0.3133871964045932,0.503406889098031,0.11689869676317483,0.9980340003967285,0.3117205951895031,0.5028858321053639,0.11682646700314106,0.9978649616241455,0.3100775539875029,0.5026343515941073,0.11684551622186383,0.9984062314033508,0.3171269331659588,0.504808723926544,0.10803404258830202,0.9988908171653748,0.3182758791106086,0.5051697679928369,0.10790892200810563,0.99907386302948,0.3194017078195298,0.5054637312889096,0.10787638532263888,0.9993079304695129,0.3070017891270772,0.507042256423405,0.08831394123179567,0.9988756775856018,0.32002818669591615,0.5075927615165707,0.0475624899779047,0.9983747601509094,0.31269497956548403,0.5161438465118406,0.11508874722889487,0.9954946041107178,0.31656736220632264,0.5169941936220439,0.10260418057441706,0.9963163733482361,0.2890847614833285,0.5434603503772188,0.09810309410095211,0.999972403049469,0.3262392359120504,0.554242704595838,-0.011324035575879469,0.999966025352478,0.2940773597785403,0.5975431953157695,0.14625218340328755,0.23508977890014648,0.3311960041522978,0.610215616226196,0.0035114029588709963,0.6082127094268799,0.3140193334647586,0.6217921274048939,0.20159718820026934,0.21549582481384277,0.32947351506778155,0.6293339286531718,0.0848504849842616,0.37904515862464905,0.3170341142586298,0.6267065644264218,0.21966813930443346,0.20668348670005798,0.3286729318755012,0.6349981086594715,0.090187642616885,0.35366395115852356,0.31845640199525,0.6243383969579421,0.20987255488123202,0.20116955041885376,0.32737525531223827,0.6322416271482192,0.09425859940903522,0.33090686798095703,0.3174032373087745,0.6231565254075183,0.19931451720850799,0.18155483901500702,0.32686678171157824,0.6305270263126915,0.08859191366604391,0.2695620656013489,0.2785300867898122,0.6544596331460133,0.04216687083244322,0.9999929666519165,0.30036590865680135,0.6571727122579298,-0.04223164862820078,0.9999933242797852,0.29076195529529014,0.7018734250749857,0.13918577198471335,0.7336844801902771,0.32876464809690187,0.7034837245941159,-0.016792786680161945,0.9556527733802795,0.29989509497370026,0.769445977892194,0.15951915936810623,0.8860636949539185,0.3261548493589672,0.7879479902131213,-0.024675617579902907,0.8924983143806458,0.29970050198691217,0.786198156220572,0.1609204824481691,0.9635973572731018,0.3197177112102507,0.8036108051027566,-0.02454607215310845,0.9445700645446777,0.3121922263077326,0.7651411737714491,0.1641559911625725,0.7759404182434082,0.34526140349251866,0.8038024970463341,-0.029287326655217567,0.8558205962181091
108,0.3128543691975728,0.508515337535313,0.12639154451233994,0.9986850023269653,0.3108975282737185,0.5016707471438815,0.12116706051996769,0.9981451034545898,0.3092762112617491,0.5010496939931595,0.12108761966228479,0.9979931116104126,0.30768306085041575,0.5006534491266521,0.12111306318214955,0.9984935522079468,0.31462802376065924,0.50320987701416,0.11215816118887487,0.998953104019165,0.3157847736563,0.5035745075770784,0.11202808724982394,0.9991302490234375,0.3169167382376533,0.5038504208837234,0.11199341522795808,0.9993497729301453,0.3044540711811609,0.5047754713467186,0.09215711248772482,0.998953640460968,0.31738298620496463,0.5059876424925666,0.05071097835898397,0.9985007047653198,0.3102635468755448,0.5140813316617691,0.11883793260369976,0.9957841038703918,0.31409995811326147,0.5149228334426877,0.10617701326097756,0.9965649843215942,0.28606189404215115,0.5413451518331254,0.10236579946109221,0.9999712705612183,0.3222238983426774,0.5520121540342056,-0.009915843539472134,0.9999682307243347,0.29222198639597197,0.5960973279816761,0.15772997524057109,0.21560481190681458,0.32631610291344765,0.6067960398537768,0.00566073848998972,0.6210569739341736,0.3124646995748791,0.6186308741569516,0.22094907462596883,0.1950567215681076,0.3257045251982551,0.6306152888706749,0.08474425843783782,0.3765585124492645,0.3150984738554272,0.6222735983984808,0.24044852129050653,0.18787963688373566,0.3258540579250879,0.6354469248226708,0.08992945253849026,0.35135242342948914,0.31666800294603603,0.6205726947103225,0.23073991068771896,0.18289315700531006,0.324909654685429,0.6331245490482872,0.09524555185011449,0.3274829089641571,0.31588189176150716,0.6203654953411645,0.21899046301841726,0.16546155512332916,0.3239799686840601,0.6312985522406438,0.08916005896670473,0.26325663924217224,0.27354372058595916,0.6509471910340442,0.041608768062932136,0.9999932646751404,0.2951213393892559,0.6533208182879854,-0.04168185187237601,0.9999936819076538,0.28497386234147193,0.7028304866382051,0.12454447788851597,0.7500662803649902,0.32419104320662345,0.7057982325553891,-0.0113509322383574,0.9597028493881226,0.2859561571053095,0.7820367523602073,0.1272828578948974,0.8943021893501282,0.32639876604080187,0.7886438029153003,-0.01942741668650081,0.9026053547859192,0.28439402835709693,0.7982314603669299,0.12703210583754942,0.9655167460441589,0.32111210056713635,0.8060544269425525,-0.019271297726247985,0.9491746425628662,0.29649862306458596,0.7793742861066542,0.1270522019692829,0.7842299938201904,0.3458413038934978,0.8031097599438255,-0.022345653123089233,0.8633788824081421
109,0.3103658361094337,0.5080692376409256,0.14714402684143604,0.9987834692001343,0.30832072326115184,0.5014413510050091,0.14299369326659606,0.998281717300415,0.3066379095826829,0.5008044838905332,0.14290756200041083,0.9981445670127869,0.30504247290747494,0.5003655076026914,0.1429460223231996,0.9986006021499634,0.31235209958893895,0.5029555405889237,0.13349083257572986,0.9990350604057312,0.31357812796320217,0.5033006923539296,0.1333545701844351,0.999200701713562,0.31473065870148775,0.5035398159708293,0.1333287671208381,0.9994022846221924,0.30196650794574176,0.5044187545776364,0.11385217010974878,0.9990370273590088,0.3153477345194134,0.5060197881289888,0.06999711543321606,0.99863201379776,0.30763207418578,0.5134679555892941,0.13936083955424167,0.996109127998352,0.3117231709616523,0.5143699833324975,0.1260267338582447,0.9968465566635132,0.28408197334834495,0.5402664286749701,0.12215830300535468,0.9999703168869019,0.3192428180149622,0.5513764432498385,0.0012262618036142407,0.9999706745147705,0.29179331915719153,0.5957500083105902,0.18140989925180154,0.19510067999362946,0.32235971263476765,0.6076082740511211,0.015755589762037343,0.6540477871894836,0.31441479069846,0.6128714816910876,0.2523999077933174,0.18085087835788727,0.32238026601927605,0.6321926559720717,0.09193788106952391,0.41929370164871216,0.31854448829378385,0.6119060533387317,0.2737927896635872,0.18032009899616241,0.32289097309112536,0.636914685794285,0.09585076336349756,0.39784136414527893,0.3191336359296525,0.6118355716977797,0.2643115426812852,0.1759985238313675,0.3222041147095815,0.6351665701184951,0.10337199441024231,0.3742239773273468,0.3178194846425736,0.6127333692141939,0.2507192369018281,0.16007260978221893,0.32098854439599156,0.6326324224472043,0.09692683390208649,0.3074760437011719,0.26967011264392293,0.6484725611550464,0.041868572469268506,0.999993085861206,0.291490739583969,0.650890403134482,-0.041944595532757874,0.9999936819076538,0.2812521832329885,0.7036904215812679,0.11514964103698726,0.7727282047271729,0.32103337475231697,0.7086228796413964,-0.008514126789356976,0.9634105563163757,0.2759572497435977,0.7900004608290533,0.10864969449383867,0.903807520866394,0.32713921751294806,0.7913852095603938,-0.015210843299116397,0.9118322730064392,0.2735356092453002,0.8050421578543523,0.10759608788149692,0.9684996604919434,0.3230369848864417,0.8095261880329673,-0.014723249045865867,0.9537616968154907,0.2855861927781785,0.7927461930683677,0.10543884815914287,0.800888180732727,0.3458322005612508,0.8016269717897684,-0.016541036111967895,0.8726813793182373
110,0.3084203081471578,0.5088008540017261,0.1625819018908909,0.9988874793052673,0.30650919164930057,0.5023525510515483,0.15881083714110505,0.9984273910522461,0.3047628428254807,0.5016533613204954,0.15872516248907353,0.9983047842979431,0.3031691985470907,0.5010980776378084,0.15876207564558295,0.9987165927886963,0.31070045317922307,0.5037839089121134,0.14930832577603198,0.9991199374198914,0.3119403081280843,0.5041096636227196,0.14916957808392384,0.9992727041244507,0.31308715173176344,0.50432162795748,0.1491380280682018,0.9994555115699768,0.3004079392978122,0.5049343517848421,0.1286623314023017,0.9991227984428406,0.3138626302991593,0.5072238564491269,0.0848004446497985,0.998759925365448,0.30546490890639155,0.5140402317047117,0.15426869605268745,0.9964467883110046,0.30977964741843067,0.5150457978248594,0.14092590085097714,0.9971290826797485,0.2824640103748865,0.540483554771968,0.1346176351819719,0.9999701380729675,0.31719048363821833,0.5513126526560099,0.011568765621632332,0.9999731183052063,0.287317224059786,0.5943687013217378,0.19420731706278657,0.17685836553573608,0.31904739056314724,0.6099721091134205,0.021966400955404544,0.6872686147689819,0.30418034451348425,0.6137849654470169,0.2685214864356176,0.17593438923358917,0.3205348074436186,0.6348968403679981,0.09529129117727275,0.47008374333381653,0.3067355777536118,0.6164829015731809,0.29089934357575,0.18914592266082764,0.3209813245705194,0.6396283899034769,0.09889597765036987,0.45135200023651123,0.30795304604939033,0.6163863778114316,0.2818727872201373,0.18597149848937988,0.32047141960688985,0.637836408615112,0.10710327242101936,0.42931437492370605,0.30724216273852745,0.6166694385664802,0.2671981939247675,0.17107897996902466,0.3192941571984971,0.6350317835807797,0.10043721305472506,0.365558922290802,0.26673987422670625,0.6476400051798137,0.04209652096033094,0.9999933242797852,0.2891200278486523,0.650045003209795,-0.0421593265874045,0.9999939799308777,0.27808373314993706,0.7052805798394336,0.10335528637681683,0.7945845723152161,0.3197824597358702,0.7105548041207446,-0.009145515571747502,0.9670189023017883,0.2684767876352582,0.7949979134968345,0.08473339016948422,0.9130397439002991,0.32737638694899407,0.7950766307967045,-0.025884905670370363,0.920555830001831,0.2648970855133873,0.8101977705955501,0.08256048565464356,0.9714295268058777,0.32448160648345936,0.8143416472843712,-0.026472755707800374,0.9582554697990417,0.2785834567887441,0.8008418219430102,0.0789138480887881,0.8191361427307129,0.3458804488182066,0.802053674629756,-0.02922934905758924,0.8845705389976501
111,0.30658728139741065,0.5091471058981757,0.16933502043996532,0.9988077878952026,0.30484012195042187,0.5026355675288606,0.16551192487989147,0.9983150362968445,0.3031200519629885,0.501887888567788,0.16543510556221003,0.9982025623321533,0.3015417831284658,0.5014201504843573,0.16546364298888608,0.9985755681991577,0.30886787431580665,0.5040985090391974,0.15626501866749348,0.99907386302948,0.3100212803908755,0.5042903559548512,0.15612759888172142,0.9992626905441284,0.3111193214144024,0.5044127770832605,0.1560909914118902,0.9994484782218933,0.29906615189143576,0.5053890722138539,0.13511564518724162,0.99904465675354,0.31190404466220295,0.5077625138419013,0.09269254165036334,0.9987953305244446,0.3035608257566178,0.5139933483941213,0.1608121386596134,0.9961786866188049,0.3078690290451048,0.5150709952626907,0.14786192774772638,0.9970603585243225,0.2804566383361815,0.5416680404118127,0.13990982260022838,0.999961793422699,0.3148319167750221,0.5519693085125512,0.018565468982394244,0.9999747276306152,0.2798198563711982,0.5946993827819822,0.19509660133293688,0.16033034026622772,0.3153378043855938,0.6136096443448745,0.020111014128529593,0.7035654187202454,0.2884835396494183,0.6264727132660999,0.26350086501666464,0.15847492218017578,0.31861712677138176,0.6395965218544004,0.0850918988032,0.49840644001960754,0.28904347845486217,0.6358294452939712,0.2851738929748534,0.17048271000385284,0.31954815387725816,0.6445874350411549,0.08769065790942733,0.4751972258090973,0.29191316706793635,0.6346736720630098,0.27653496009962886,0.1676105111837387,0.319052584682192,0.6414048978260583,0.09667202755808826,0.45141637325286865,0.29246491449219825,0.6325620991843084,0.2622895283358436,0.15422025322914124,0.31775936314037856,0.6399246147700716,0.09044239191072323,0.37663519382476807,0.2636094476495469,0.6480300273214065,0.04262008826647484,0.9999930262565613,0.28642139519963933,0.6511438471930364,-0.042678524128028306,0.9999940395355225,0.2733590126037596,0.7090347307068958,0.08990389066083086,0.8041443228721619,0.3194356875760213,0.711729504380907,-0.01672317021127257,0.9680386781692505,0.25925380161830347,0.7997751235961911,0.05658420398831365,0.9173081517219543,0.32549116781779686,0.8002790229661121,-0.04945081717201639,0.9260353446006775,0.2551653223378316,0.8147974440029685,0.05286007321306635,0.9727674126625061,0.32192145841462255,0.8189139093671522,-0.051839213711874804,0.9608474373817444,0.26852457523345935,0.8084326982498166,0.04656541725354533,0.8147085309028625,0.3457368884767803,0.811004475184849,-0.05815660889659607,0.8745892643928528
112,0.3032511029924664,0.5108247416360036,0.17328493978296,0.9987865686416626,0.30144809484481794,0.504093469892229,0.16957545450755518,0.9982656836509705,0.29979333026068533,0.5033081122807092,0.1695023298263549,0.9981696009635925,0.2982413147177013,0.5029024464743476,0.1695249915122985,0.9985005259513855,0.30543692708015424,0.505580857821873,0.16042624115943901,0.9990687370300293,0.306596757684435,0.5056395735059463,0.16028989766325263,0.9992806315422058,0.30773724402700137,0.5056423630033218,0.16025471729891633,0.9994596242904663,0.29575648988996217,0.5066780175481522,0.13914635522024965,0.9990034103393555,0.3085305375712257,0.5096092547689163,0.09740280487707678,0.9988416433334351,0.3002809473446436,0.5155413883072987,0.16464286659445074,0.995965838432312,0.30473072188241124,0.5165708320481435,0.15186764257294783,0.9970380663871765,0.2775197386741637,0.5451808248247416,0.14514408877917692,0.999952495098114,0.3106721341609954,0.5559564760753084,0.024378196296415147,0.9999761581420898,0.27533610974039335,0.5988567403384615,0.20372586080006183,0.14452536404132843,0.30930668796811767,0.6200643999235967,0.013788358468030174,0.7228564620018005,0.28249966842787594,0.6350895864622931,0.2760798522404261,0.1427874118089676,0.315237339053835,0.647043430805206,0.06728226723415508,0.523966372013092,0.2840395706040517,0.6447394422122408,0.29842911618096474,0.15381211042404175,0.3173369569437843,0.652302653448922,0.06807980122310771,0.5000454187393188,0.28784640005656636,0.6416002597127639,0.28971962162426523,0.15120938420295715,0.31689955336706965,0.6480806078229628,0.07882177372063906,0.475786954164505,0.28705087304115284,0.6408962505204334,0.27493377498217975,0.13917064666748047,0.3153884317193711,0.6470314196177889,0.07312439296926768,0.3924756348133087,0.2593503739152635,0.6514557123184201,0.04361251539417674,0.9999921321868896,0.28225186722619183,0.6554966143199372,-0.043677692008869964,0.9999938011169434,0.2656112423964908,0.7157467978341235,0.07908361277409959,0.8155360817909241,0.31766136288642866,0.7147524390901834,-0.029842766613832526,0.969001054763794,0.24487818351813714,0.8054528730256213,0.03162645474076269,0.9215222597122192,0.3203245435442242,0.8097918765885486,-0.07416337622063497,0.9314704537391663,0.2403949384178433,0.8193571891103468,0.026447490150375008,0.9741414189338684,0.3152925661631991,0.8274740610803872,-0.07788643624101363,0.9633200168609619,0.2498360093150819,0.8180993318557735,0.015626235948210308,0.8154096007347107,0.3420766719749994,0.8273118342672071,-0.08862571849354672,0.8724409341812134
113,0.2995362060410634,0.5172284552029198,0.16882433337824676,0.998873233795166,0.29771373271942125,0.51028767313276,0.16549391533647254,0.9983810186386108,0.2961032944066183,0.50949935061591,0.1654169440269469,0.9982990622520447,0.2945621209485189,0.5090801647731233,0.1654368996620177,0.9985976815223694,0.3015972435474394,0.5118208902222766,0.15602780580520617,0.9991379380226135,0.3027209946087427,0.51186888047627,0.15588523106915603,0.9993391036987305,0.3038542900766645,0.5118565661566594,0.15585563353129792,0.9995021820068359,0.2920000169958385,0.5129965526717045,0.13733598760196133,0.9990769028663635,0.3047059050628116,0.5158618075507025,0.09392643932785302,0.9989393949508667,0.29649753911154597,0.5224307962826317,0.16089230435235155,0.9962451457977295,0.3009129447596412,0.5233702608517233,0.14773505159786762,0.9972612261772156,0.2744696795940398,0.5524175422532214,0.1447697737387247,0.9999511241912842,0.3062909424304961,0.5641795124326431,0.022306689367230438,0.999977707862854,0.2753901387963974,0.605359956196376,0.20613317404474524,0.13058245182037354,0.3043264005865367,0.6292385390826631,0.004299594215782611,0.7445799112319946,0.28591737917491344,0.6360838464328218,0.2808457766260419,0.13131485879421234,0.31164925183568665,0.6556438803672786,0.04891827532223289,0.5553163290023804,0.29074723805700026,0.6415535654340471,0.30339242049625925,0.14457736909389496,0.3140068939753939,0.6607316051210672,0.04830149092844549,0.5333405137062073,0.2938231774738855,0.6383027298109868,0.2942177287169864,0.14237786829471588,0.3136600928647176,0.6561626059668402,0.05947690265519271,0.510132908821106,0.2905975222587583,0.639424509661538,0.2794754692486353,0.1314929872751236,0.31216091939381185,0.6548719133649551,0.05477047892553459,0.42503291368484497,0.2555964095251901,0.6595300674438473,0.04358277182493888,0.9999916553497314,0.2791147572653633,0.664582272938319,-0.04365887301308767,0.999993622303009,0.25765053289277196,0.7258745619228905,0.07213662798915586,0.8305227160453796,0.3152211904525756,0.7248320834977284,-0.027409733485962644,0.97116619348526,0.23310676600251873,0.8110521503857201,0.020926663279533325,0.9273261427879333,0.31699203423091316,0.8212848373821796,-0.066372104201998,0.9375759363174438,0.2285929994923726,0.8232646805899478,0.015449472011200019,0.9758608937263489,0.31134673016411907,0.8386828677994861,-0.06955137593405586,0.9663369655609131,0.23246260413101721,0.8282578349113461,0.002362845681740708,0.8259391784667969,0.338483325072697,0.8391710025923586,-0.08056324246738641,0.8804158568382263
114,0.2952387120042527,0.527448330606733,0.1568532756396702,0.9989622235298157,0.2933693170547485,0.5202618581908088,0.1541688216584069,0.9985103011131287,0.29178983228547234,0.5194998792239599,0.15408089160919186,0.9984349012374878,0.2902448083673204,0.5190102594239372,0.1541014492511748,0.9987081289291382,0.2971258997917174,0.5218370641980851,0.14395548105239855,0.9992110133171082,0.2981995386736732,0.5219511423792156,0.1438014575413294,0.9993967413902283,0.29930583749498635,0.5219804082598001,0.14378381626946574,0.999545693397522,0.28749591026987337,0.5232195411409646,0.13027945118291034,0.9991542100906372,0.30026379397937225,0.5256549273218427,0.08289710304566789,0.9990343451499939,0.292062371117728,0.5336484892027717,0.15036399151597704,0.9965631365776062,0.29634676320212233,0.5344264490263798,0.13624407989638182,0.9975008368492126,0.27121613025665275,0.5629384841237746,0.14025547334126057,0.9999504089355469,0.3013935446739196,0.576419765608651,0.013340864184179454,0.9999790191650391,0.2800352283886498,0.6144926735333034,0.20662012568541932,0.11828231066465378,0.29971895728792447,0.6410114662987846,-0.009303267785747152,0.7686966061592102,0.3000661398683274,0.6297357337815417,0.28585928593363075,0.129700168967247,0.30761532613209314,0.6656497478485104,0.027556917497089897,0.5957489609718323,0.3111132843153817,0.6252667495182582,0.3087440703596387,0.1528184860944748,0.3096751408917562,0.6703156522342135,0.025576150843075324,0.5758545398712158,0.3118674559252601,0.623041704722813,0.2985982911927359,0.15172308683395386,0.3094226505075182,0.6660367284502301,0.03644126142774312,0.5545850396156311,0.304490941762924,0.6274557096617562,0.2840042335646493,0.14039598405361176,0.30808704239981516,0.6637964793613975,0.03312664340649327,0.47496047616004944,0.2520445261682783,0.6718802809715271,0.04302976333669252,0.9999909400939941,0.2765399192060741,0.6780409881046837,-0.04312206144843783,0.9999932050704956,0.2489896007946558,0.7393143517630442,0.07009872325829099,0.8467320799827576,0.31200314760208125,0.740495559147426,-0.015407369418867955,0.9733541011810303,0.2225613606827599,0.8165640217917307,0.025015741586685167,0.9340567588806152,0.31409008758408663,0.8352818829672667,-0.03447409229619154,0.9432599544525146,0.21842918353421334,0.8262744579996378,0.020317949807005325,0.9780297875404358,0.30819501961980533,0.8526465501104082,-0.03547446866120604,0.969273567199707,0.21441631359713398,0.8386012315750122,0.00644990653797449,0.8409543633460999,0.3339321187564304,0.8496547256197242,-0.04381563679448197,0.8890079259872437
