frame_id,NOSE_x,NOSE_y,NOSE_z,NOSE_v,LEFT_EYE_INNER_x,LEFT_EYE_INNER_y,LEFT_EYE_INNER_z,LEFT_EYE_INNER_v,LEFT_EYE_x,LEFT_EYE_y,LEFT_EYE_z,LEFT_EYE_v,LEFT_EYE_OUTER_x,LEFT_EYE_OUTER_y,LEFT_EYE_OUTER_z,LEFT_EYE_OUTER_v,RIGHT_EYE_INNER_x,RIGHT_EYE_INNER_y,RIGHT_EYE_INNER_z,RIGHT_EYE_INNER_v,RIGHT_EYE_x,RIGHT_EYE_y,RIGHT_EYE_z,RIGHT_EYE_v,RIGHT_EYE_OUTER_x,RIGHT_EYE_OUTER_y,RIGHT_EYE_OUTER_z,RIGHT_EYE_OUTER_v,LEFT_EAR_x,LEFT_EAR_y,LEFT_EAR_z,LEFT_EAR_v,RIGHT_EAR_x,RIGHT_EAR_y,RIGHT_EAR_z,RIGHT_EAR_v,MOUTH_LEFT_x,MOUTH_LEFT_y,MOUTH_LEFT_z,MOUTH_LEFT_v,MOUTH_RIGHT_x,MOUTH_RIGHT_y,MOUTH_RIGHT_z,MOUTH_RIGHT_v,LEFT_SHOULDER_x,LEFT_SHOULDER_y,LEFT_SHOULDER_z,LEFT_SHOULDER_v,RIGHT_SHOULDER_x,RIGHT_SHOULDER_y,RIGHT_SHOULDER_z,RIGHT_SHOULDER_v,LEFT_ELBOW_x,LEFT_ELBOW_y,LEFT_ELBOW_z,LEFT_ELBOW_v,RIGHT_ELBOW_x,RIGHT_ELBOW_y,RIGHT_ELBOW_z,RIGHT_ELBOW_v,LEFT_WRIST_x,LEFT_WRIST_y,LEFT_WRIST_z,LEFT_WRIST_v,RIGHT_WRIST_x,RIGHT_WRIST_y,RIGHT_WRIST_z,RIGHT_WRIST_v,LEFT_PINKY_x,LEFT_PINKY_y,LEFT_PINKY_z,LEFT_PINKY_v,RIGHT_PINKY_x,RIGHT_PINKY_y,RIGHT_PINKY_z,RIGHT_PINKY_v,LEFT_INDEX_x,LEFT_INDEX_y,LEFT_INDEX_z,LEFT_INDEX_v,RIGHT_INDEX_x,RIGHT_INDEX_y,RIGHT_INDEX_z,RIGHT_INDEX_v,LEFT_THUMB_x,LEFT_THUMB_y,LEFT_THUMB_z,LEFT_THUMB_v,RIGHT_THUMB_x,RIGHT_THUMB_y,RIGHT_THUMB_z,RIGHT_THUMB_v,LEFT_HIP_x,LEFT_HIP_y,LEFT_HIP_z,LEFT_HIP_v,RIGHT_HIP_x,RIGHT_HIP_y,RIGHT_HIP_z,RIGHT_HIP_v,LEFT_KNEE_x,LEFT_KNEE_y,LEFT_KNEE_z,LEFT_KNEE_v,RIGHT_KNEE_x,RIGHT_KNEE_y,RIGHT_KNEE_z,RIGHT_KNEE_v,LEFT_ANKLE_x,LEFT_ANKLE_y,LEFT_ANKLE_z,LEFT_ANKLE_v,RIGHT_ANKLE_x,RIGHT_ANKLE_y,RIGHT_ANKLE_z,RIGHT_ANKLE_v,LEFT_HEEL_x,LEFT_HEEL_y,LEFT_HEEL_z,LEFT_HEEL_v,RIGHT_HEEL_x,RIGHT_HEEL_y,RIGHT_HEEL_z,RIGHT_HEEL_v,LEFT_FOOT_INDEX_x,LEFT_FOOT_INDEX_y,LEFT_FOOT_INDEX_z,LEFT_FOOT_INDEX_v,RIGHT_FOOT_INDEX_x,RIGHT_FOOT_INDEX_y,RIGHT_FOOT_INDEX_z,RIGHT_FOOT_INDEX_v
0,0.4495969244412011,0.5901830656187874,0.03510680901152744,0.9998319149017334,0.44978548203195856,0.5820791755403791,0.042910782886402925,0.9996315240859985,0.44917520540101175,0.5815814682415553,0.04277305571096283,0.9996740818023682,0.4486018410750796,0.5812224473272052,0.04285442009568217,0.9996199607849121,0.4505845768111092,0.5822403890745976,0.023777305600898586,0.9998295307159424,0.4505305775574276,0.5819574866976053,0.02360634292875016,0.9999215602874756,0.45051903469221916,0.5817491684641153,0.023520098094429273,0.999914288520813,0.44506410956382747,0.5798044187682018,0.07076306364365982,0.999738872051239,0.4468818792275018,0.5807022554533822,-0.016125351350222306,0.9998639822006226,0.4464060485363004,0.5959864718573433,0.04735574253967829,0.9996851682662964,0.446820350204195,0.5951324428830825,0.021016047735299376,0.9998397827148438,0.43176144020897983,0.6132371442658561,0.10848550285611834,0.9999880790710449,0.4320159631116046,0.6093295301709857,-0.07784224131277626,0.9999995231628418,0.4244813237871441,0.6567761966160364,0.125011943919318,0.3127756416797638,0.41711942298071686,0.6528635535921362,-0.14732407970087863,0.9995166063308716,0.43312231642859317,0.6931047064917428,0.08458520684923439,0.7297655344009399,0.40675039717129285,0.7042541776384625,-0.18201427757740013,0.9995417594909668,0.4367078942911962,0.6982997332300455,0.08670734252248488,0.7357084155082703,0.4034445890358514,0.7178834063666208,-0.20491597013814095,0.9990183115005493,0.4378679292542591,0.6963835614068163,0.06939460592610493,0.7548401355743408,0.40485323837825227,0.7161019376346041,-0.20065977658544257,0.9989602565765381,0.4360381484031676,0.6953366160392759,0.07648977168968742,0.7779580950737,0.406079761471067,0.7125739148684908,-0.18165013406957886,0.9977399110794067,0.418947432722364,0.7063745055879862,0.06164688255105698,0.9999985694885254,0.4133872645241871,0.7074707065309797,-0.06177136110407964,0.9999992847442627,0.4198898051466257,0.77767595733915,0.12436988524028228,0.9837725758552551,0.4091056406497953,0.7841343351772851,-0.09136279651096886,0.9997041821479797,0.42904927645410806,0.8531246253422324,0.16043307972805834,0.9986190795898438,0.3927130315984995,0.8729478955268853,-0.12685271948575963,0.9998856782913208,0.4242187951292308,0.8708016140120366,0.16004755347967142,0.9977274537086487,0.38687082699366965,0.8891264762197219,-0.13246852457523337,0.9986274242401123,0.4435667353016989,0.874572387763432,0.12558208554983127,0.9987362027168274,0.41121227400643484,0.8927452428000309,-0.19409942201205654,0.9998047947883606
1,0.4495670880590164,0.590413016932351,0.04079042396375109,0.9998319149017334,0.4497422431196484,0.5823135120528082,0.048824825563601064,0.9996315240859985,0.4491348402840748,0.5818559493337356,0.04868433230689593,0.9996740818023682,0.4485617135252269,0.5815514939171925,0.04876962974667549,0.9996199607849121,0.4505570122173852,0.5823896714619222,0.029512294807604356,0.9998295307159424,0.4505000676427567,0.5820817453520635,0.02933549540383474,0.9999215602874756,0.4504673225539069,0.5818480832236149,0.029243042213576168,0.999914288520813,0.44503087401390057,0.5798940011433192,0.07706381742443352,0.999738872051239,0.4467495705400192,0.5806667157581872,-0.011665090466184257,0.9998639822006226,0.446390080451965,0.5962056466511316,0.05314812894378389,0.9996851682662964,0.4467764547892977,0.5952951686722887,0.026525396747248502,0.9998397827148438,0.43166821173259173,0.6132837704249788,0.11284107821328292,0.9999880790710449,0.4321443549224306,0.6087198036057606,-0.07294007922921855,0.9999995231628418,0.42412941881588506,0.656726344994136,0.12965787393706177,0.3127756416797638,0.4169654471533635,0.6508066398756838,-0.14330141076019823,0.9995166063308716,0.4326266748564583,0.6932627984455653,0.0886815075363431,0.7297655344009399,0.4058419534138269,0.7009739381926398,-0.1805182963609694,0.9995417594909668,0.43630154814038924,0.6983682853834965,0.09068294720990314,0.7357084155082703,0.40231151240212537,0.7146778174809043,-0.20360635689326678,0.9990183115005493,0.43764716301645523,0.6963340214320587,0.07336381695100236,0.7548401355743408,0.4036570480891635,0.712553897925785,-0.19921747403485415,0.9989602565765381,0.43572491407394387,0.6953562974929807,0.08052551384483062,0.7779580950737,0.4049672194889612,0.7093671832765848,-0.18015744728701444,0.9977399110794067,0.4189362713268822,0.7062344414847233,0.06171624319893971,0.9999985694885254,0.41348003659929533,0.7072786790984016,-0.06184844246932435,0.9999992847442627,0.41958662697247057,0.7772197450910289,0.12173910949911383,0.9837725758552551,0.40917307138442965,0.7833951081548415,-0.09152521278176984,0.9997041821479797,0.42902349574225257,0.8528289880071362,0.15481483318975983,0.9986190795898438,0.39263086148670717,0.8728699207305901,-0.12958543151617039,0.9998856782913208,0.42437994905880494,0.8707485863140646,0.15416888743638985,0.9977274537086487,0.38684121285166034,0.8890805023057113,-0.13545330315828313,0.9986274242401123,0.4437777927943638,0.8744022948401311,0.11905739307403554,0.9987362027168274,0.4112118440014973,0.8927837082317888,-0.19744986210550575,0.9998047947883606
2,0.44948871646608607,0.5899660127503529,0.04478986603873114,0.9998319149017334,0.44960693206105895,0.5820502604757034,0.05314843218241417,0.9996315240859985,0.44899324519293626,0.5815895608493258,0.05301955672247067,0.9996740818023682,0.44839500273976984,0.5812643562044413,0.053097798675298666,0.9996199607849121,0.450501705918993,0.5822403090340748,0.0340077088347503,0.9998295307159424,0.450488107545035,0.5819873656545363,0.03384147648300442,0.9999215602874756,0.45048006432397003,0.5817948784146988,0.03375855215958185,0.999914288520813,0.44494166970252974,0.5798509972436086,0.0822168050067765,0.999738872051239,0.44695526276315944,0.5807294981820239,-0.005481558319713385,0.9998639822006226,0.4463656187057493,0.5956712143761768,0.057340753291334395,0.9996851682662964,0.4467872125761847,0.5949687872614177,0.03102168419531412,0.9998397827148438,0.4316120062555584,0.6131675822394231,0.11848668966974525,0.9999880790710449,0.4325995845454078,0.6089627896036418,-0.06716856530734468,0.9999995231628418,0.4242469813142502,0.6569584659167695,0.13249195899282176,0.3127756416797638,0.41742002623421787,0.6512017335210525,-0.1342477734599794,0.9995166063308716,0.43362358467919465,0.6926474945885792,0.0870885917118617,0.7297655344009399,0.4063990729195729,0.7016122187886916,-0.16961631476879113,0.9995417594909668,0.4374729411942616,0.6974721278463087,0.08821448300565987,0.7357084155082703,0.40305891547884243,0.7154761450631275,-0.19219544870512817,0.9990183115005493,0.43915737101009894,0.6949369055884221,0.0709685493792806,0.7548401355743408,0.4043188197272163,0.7134894558361595,-0.18809612010206486,0.9989602565765381,0.4371338963508604,0.6940672397613522,0.07881280205079484,0.7779580950737,0.40561945608683975,0.7101751395634239,-0.16928181435380654,0.9977399110794067,0.41875646284648327,0.7058304991040908,0.06169930909361155,0.9999985694885254,0.4135154945509772,0.7067600096975051,-0.06182914418833593,0.9999992847442627,0.41976641671998144,0.7774290016719269,0.11530488261154714,0.9837725758552551,0.40926651954650856,0.7841733983584809,-0.08739828935691285,0.9997041821479797,0.42937106575284667,0.8529928258487153,0.145309073797294,0.9986190795898438,0.3926830615316117,0.8729836940765376,-0.12438975721597666,0.9998856782913208,0.4248050238404953,0.8707885759217394,0.14447296112775798,0.9977274537086487,0.38676331468990854,0.8890814457620889,-0.13018064051866524,0.9986274242401123,0.44491218158176943,0.8739598001752577,0.10867803096771235,0.9987362027168274,0.41121377689497796,0.8927217738968981,-0.19136893578938066,0.9998047947883606
3,0.449309182167053,0.5887290154184611,0.05198931334806338,0.9998255968093872,0.4493021036897385,0.5812420845031736,0.06114464162715841,0.9996210336685181,0.4486718918595993,0.5807545508657179,0.061049200328333005,0.9996578693389893,0.4480136496680121,0.5803489514759606,0.06110608960900985,0.9996143579483032,0.45036046249525863,0.5817501561982288,0.04257639190182088,0.999824583530426,0.45044043660163857,0.5816465531076702,0.04244305817410348,0.9999156594276428,0.45049353752817406,0.5815752693584985,0.0423914340923407,0.9999120235443115,0.4447155433041706,0.5796935439109799,0.09245970493980812,0.9997190237045288,0.4474631922585621,0.5808175989559715,0.009205007100743906,0.9998506903648376,0.4462942029748642,0.5942417877061024,0.06507311431424956,0.9996740221977234,0.4468085697719027,0.5940579550606861,0.039748877659440025,0.9998311400413513,0.4315489343234469,0.6128744006156919,0.1318287957991872,0.9999867677688599,0.4334157100745608,0.609970198358808,-0.05485281348228452,0.9999993443489075,0.42485032337052464,0.6573872634342736,0.13777634075709747,0.3082176148891449,0.4184373847075869,0.6537172113146097,-0.11491965374776289,0.9992179870605469,0.43636337859289964,0.6909908805574687,0.0812275946140289,0.7309452891349792,0.40829767755099683,0.7056534818240572,-0.14311106162411819,0.9991054534912109,0.44053818924086413,0.6951408760888232,0.0802363955548831,0.7363749742507935,0.405686614343098,0.7198206884520391,-0.16431591468197954,0.9980239868164062,0.44293280925069517,0.6914383138929091,0.06322245863931517,0.7564297914505005,0.4067520354475292,0.7183766910008018,-0.16099464808191566,0.9979002475738525,0.4407403068883076,0.6908272930553978,0.07271587571927476,0.775338888168335,0.40793137976101446,0.7143929856164112,-0.14282622890813002,0.9951972961425781,0.4183849011148723,0.7047106555529999,0.06168176893677028,0.9999977946281433,0.41352708424840634,0.7053558622087748,-0.06180214967046462,0.999998927116394,0.4203331402369906,0.7780639205660135,0.10137349132980615,0.9440087080001831,0.409441463436399,0.7864582470485137,-0.07863351319517405,0.9992509484291077,0.4301739794867377,0.8536069205829071,0.12605029770306173,0.9833824634552002,0.3928658034120285,0.8733178257942196,-0.11275759190320964,0.9993500113487244,0.425604679754802,0.8709155644689283,0.12505157973085126,0.9822478890419006,0.38660082987376604,0.8891042777470175,-0.11834297095026283,0.9938878417015076,0.4474301108292169,0.8730202691895617,0.08836898037365501,0.9896495342254639,0.411221842254911,0.8925391043935499,-0.1778429312365395,0.9987865686416626
4,0.44923526048660256,0.5872862407139366,0.04297006195411084,0.9998275637626648,0.4491302881922039,0.5802618231092178,0.051723086354987936,0.9996274709701538,0.44848178114209836,0.5796547923769267,0.05164633763155765,0.999660074710846,0.4477708373750957,0.5790561897414068,0.05168502310823115,0.9996260404586792,0.4503877716405049,0.5812224217823571,0.03377533967473676,0.9998272657394409,0.45060698815754463,0.5812838639531814,0.03366627719785485,0.999914288520813,0.4507947513035363,0.5813306621142793,0.03363528451217071,0.9999131560325623,0.4447308463709693,0.5794965863227841,0.08217795267701145,0.9997187852859497,0.448454336609159,0.5813872660909378,0.0026865904884679,0.9998459815979004,0.4463539830275942,0.5926219020571025,0.055724707565137296,0.9996832013130188,0.4470272328172409,0.5930432728358674,0.031425013286726804,0.9998342394828796,0.4316007213933125,0.6123940842492237,0.12461407950946257,0.999986469745636,0.43477305003574895,0.6118973442486352,-0.05904581482921325,0.9999992251396179,0.42564290506499136,0.6583061507769989,0.1268274552055767,0.31566235423088074,0.4204290747642515,0.6586363996778213,-0.1023918279579707,0.9990487098693848,0.43974553687231865,0.6888679504394528,0.0636023082903453,0.740241527557373,0.4116106195109229,0.7133570671081539,-0.1248940467834472,0.9988188147544861,0.4442028496946605,0.692499927112034,0.061117590538092986,0.7437915205955505,0.40940525106021314,0.7278062496866495,-0.144363784790039,0.997275710105896,0.44689676676477685,0.6878865923200332,0.044127927081925505,0.7638724446296692,0.41048852801322916,0.7274854302406308,-0.14212208603109625,0.9970947504043579,0.44465402364730816,0.6872942038944786,0.05490751074893131,0.7788828611373901,0.41169726252555827,0.7229754413877211,-0.12471729644707265,0.9932012557983398,0.4177857884338922,0.7049751281738278,0.06118768560034885,0.9999971389770508,0.41340738024030393,0.705567257744925,-0.06127979478665757,0.9999986290931702,0.42165600998061026,0.7800965768950322,0.09231317064591812,0.9120597839355469,0.40952777947698304,0.7901870438030785,-0.06512482655899862,0.9989163279533386,0.43124815140451683,0.8545071227209905,0.11495215616055891,0.9725137948989868,0.39317787204469934,0.8736502323831826,-0.08564249447413849,0.9989423155784607,0.4266154110431669,0.8711467776979714,0.11333903861897326,0.9696659445762634,0.38647135070392047,0.8892122336796349,-0.08990498658801824,0.9896557927131653,0.44977750522749743,0.8723712461335315,0.07461716766868315,0.9827243685722351,0.4111910028117042,0.8923015679631909,-0.1445193878241947,0.9979300498962402
5,0.4493497797421045,0.5859937310218808,0.017462781045053676,0.9998123645782471,0.44920504944665074,0.5790790557861325,0.024506366864911134,0.9995924830436707,0.4485311448574064,0.5782550420079909,0.024422933347523202,0.9996192455291748,0.4477785016809189,0.5774134176118031,0.024454753992280778,0.9996014833450317,0.4506148202078681,0.5806821227073666,0.0070605528274817085,0.9998100996017456,0.4509993289198192,0.5809240034648347,0.00695226912253669,0.9998998641967773,0.4514167428016661,0.5811029314994809,0.0069171441120228555,0.9999040365219116,0.4449474062238419,0.5786567228181019,0.05092268421181609,0.9996868968009949,0.4496974774769372,0.5820400255067005,-0.026752328340496324,0.9998205304145813,0.4465467793600898,0.5911134277071268,0.029101132701284102,0.9996718764305115,0.44749841860362444,0.5922579050064084,0.005474136237587244,0.9998265504837036,0.4318083473614282,0.6123433044978548,0.09693842721836904,0.9999850988388062,0.4361656733921594,0.6138961093766345,-0.0839593574404716,0.9999989867210388,0.4261592830930435,0.6609228593962531,0.10686731253351478,0.3287979066371918,0.42251484308923976,0.6642526882035389,-0.11969985089131759,0.9989941120147705,0.4419161319732664,0.6904799750873017,0.05237056847129547,0.7474657893180847,0.41601688436099443,0.7229808211326596,-0.1383154277290616,0.9986984133720398,0.4465762887682231,0.695429500511714,0.050779252605778806,0.7491534948348999,0.4142086769853317,0.7376162784440174,-0.15802872649260924,0.9968752861022949,0.4486179343291689,0.6918020197323387,0.03334966738309177,0.7694026827812195,0.41581629940441656,0.7388495819909229,-0.15614919747625072,0.996666431427002,0.44647277678762143,0.6904408029147553,0.043714855930634886,0.7811169624328613,0.41667341334479174,0.7337654215948919,-0.13819904284817824,0.9921352863311768,0.41742602075849244,0.7069072961807248,0.06062394880822724,0.9999961853027344,0.4132654394422257,0.7080971768924165,-0.06067944594791955,0.999998152256012,0.4234266204493385,0.7833804965019222,0.10256600188357484,0.887431800365448,0.4093601218291689,0.7937980771064754,-0.04978847886834824,0.9985494613647461,0.4317432573863436,0.855704237733568,0.13908212227480746,0.9654552936553955,0.3933961170060292,0.8741728527205327,-0.05190522516412392,0.9985837340354919,0.42717184935297264,0.8713764820780069,0.13865213564464018,0.9610209465026855,0.3864935500281196,0.8895858407020565,-0.05441379105406146,0.9859557151794434,0.4501738488674161,0.872581827640533,0.10225010663270945,0.9768539071083069,0.41123591576303736,0.8922400593757625,-0.10554761673722943,0.9969706535339355
6,0.4495587374482834,0.5852196352822436,-0.006496260461530516,0.9997950792312622,0.44930707556860766,0.5782682214464457,-0.0011396929089512184,0.9995372891426086,0.44857125622885546,0.5772816606930321,-0.001233977638185029,0.9995506405830383,0.44775194866316637,0.5763026918683731,-0.0012019456364214462,0.9995582103729248,0.4509950433458598,0.580374637671879,-0.018146805917578078,0.9997867345809937,0.4515706539154051,0.5807549646922517,-0.01826499812304973,0.9998812675476074,0.45221503717558703,0.5810351235525946,-0.018314682506024832,0.9998927712440491,0.4450849541596002,0.5775844029017854,0.02415210205529416,0.9996424913406372,0.45096634881837006,0.5824693373271395,-0.05591220315545795,0.999791145324707,0.44683967317853635,0.5899904234068731,0.004289011790284083,0.9996591210365295,0.44806059173175244,0.5918187482016425,-0.018856943292277197,0.9998204708099365,0.43192080855369547,0.6119371073586597,0.07010275317089894,0.9999839663505554,0.4382727427142005,0.6144970417022702,-0.10788670820849278,0.9999988079071045,0.42617166978972276,0.6642348459788728,0.0912649565509387,0.33226051926612854,0.42475071208817594,0.6670725277491976,-0.14261457196303767,0.9989732503890991,0.4427798867225645,0.6954888292721336,0.051065236223595455,0.7383550405502319,0.4190849236079623,0.7280732648713244,-0.159155175941331,0.9986245036125183,0.44790291786193825,0.7043001532554622,0.05116133732455115,0.7379522919654846,0.41756777252469723,0.7429897359439301,-0.1801292308739253,0.9965314269065857,0.4494333003248485,0.7028373309544151,0.03301008120179175,0.7594078779220581,0.4198427106652939,0.744899099213736,-0.1780385583639144,0.996292233467102,0.44721685903412933,0.7002462897981914,0.04249031352145329,0.7675918340682983,0.42035961321422016,0.7399726407868518,-0.15900177551167344,0.9910147190093994,0.41718596475464936,0.7088988389287674,0.060503953375986616,0.9999948143959045,0.4134588863168442,0.7110325251306803,-0.060539239645004246,0.999997615814209,0.42437096408435254,0.7863460523741582,0.1184163121240479,0.8342939615249634,0.40919329268591725,0.7960026962416509,-0.03489456975034303,0.9979099035263062,0.43191306420734926,0.8565391336168557,0.17065385899373456,0.9451509714126587,0.3935293529714855,0.8747659019061493,-0.022135502712002812,0.9979791641235352,0.42772893054144706,0.8714887040002002,0.1721059464982577,0.943453848361969,0.38650469269071286,0.8898769378662106,-0.023218073695898046,0.9804247617721558,0.450844085216522,0.8726263233593528,0.13983534531933914,0.9587274193763733,0.41147294214793595,0.8927590489387508,-0.07214509057147159,0.9950301647186279
7,0.44988075409616723,0.5849303279604228,0.003437944155718596,0.9997780323028564,0.4494926512241362,0.5778454661369321,0.006795429518180228,0.9994719624519348,0.44864826542990527,0.5767925671168733,0.00671743833060775,0.9994598627090454,0.4477339667933326,0.5757718597139628,0.0067408465780317735,0.9994994401931763,0.45147508553096205,0.5801600337028501,-0.008946004017655336,0.9997617602348328,0.45219593814441117,0.5806125487600051,-0.009051390298243077,0.9998600482940674,0.45298110587256274,0.5809636950492856,-0.009090990579820102,0.9998815059661865,0.4450702701296123,0.5767821567399158,0.012869778754455694,0.9995781779289246,0.4519616910389489,0.5824257816587173,-0.05085168496838636,0.999767005443573,0.4471874705382754,0.5894517319543018,0.011333434889093033,0.9996418952941895,0.4486248178141456,0.5916056071008952,-0.010104120629174367,0.999815046787262,0.4317631653376986,0.6113792419433591,0.06760170204298833,0.9999836087226868,0.43994144116129175,0.6145558629717143,-0.10650773388998844,0.9999987483024597,0.42628094298498953,0.6664809363228932,0.08773859185831884,0.3300189673900604,0.4263188472815921,0.6706346256392339,-0.14500638906444815,0.9989434480667114,0.44269312109265985,0.7017022626740589,0.05207405558654238,0.7156553864479065,0.4248349709170204,0.7296950561659673,-0.1539545252919196,0.9986287355422974,0.447170795713152,0.7141826459339684,0.05256759119885306,0.7154175639152527,0.4239503792354037,0.7443394098963052,-0.17477834203413545,0.9964098930358887,0.44845121077128797,0.7143194334847582,0.03591567011816159,0.7379427552223206,0.4264881440571374,0.7459929398127961,-0.1713097229599952,0.9961521029472351,0.4464791945048739,0.7104225942066734,0.04421234120215686,0.742247998714447,0.4267423144408633,0.7412582482610426,-0.15323317327669683,0.9904366731643677,0.417212973322187,0.7098829405648365,0.060010634362697574,0.9999935030937195,0.41426985263824445,0.7133021678243361,-0.06003315523266789,0.9999972581863403,0.42468551312174097,0.7874677624021255,0.13169525116682046,0.7787971496582031,0.409002580812999,0.7973470755985801,-0.02943315229245593,0.9971858263015747,0.43175509657178585,0.8570496865681235,0.19505025829587652,0.9248595833778381,0.39368407726287824,0.8758796351296557,-0.011941031898771007,0.9972593784332275,0.4276649441037857,0.8714963657515385,0.1985151891197476,0.9255498647689819,0.3865371533802575,0.8902693407876147,-0.012409696142588335,0.9732992053031921,0.45127956611769515,0.8724905541964936,0.17268867854561115,0.9368265867233276,0.411867935316903,0.8937197991779868,-0.059644077079636676,0.9922451972961426
8,0.4504019422190528,0.585272465433393,0.03051819025671906,0.9996931552886963,0.44993976695196947,0.5780724457332064,0.03217942443277153,0.9991849660873413,0.4489817108426773,0.5770328249250136,0.03211580501603227,0.9991068243980408,0.4479785084724424,0.5760296940803524,0.03213766947654739,0.9992312788963318,0.452148069654192,0.5802459427288598,0.017491884024015487,0.9996374845504761,0.4529117567198615,0.5806615471839902,0.017398298638207563,0.9997718334197998,0.4536960678441182,0.5809902531760076,0.017368665390780986,0.99982750415802,0.44533810274941565,0.576773062774113,0.01817183978855609,0.9993661642074585,0.4526735407965522,0.5824390700885225,-0.030402205352272293,0.999688446521759,0.4476758497101918,0.5897270219666614,0.03491105855043444,0.9995309114456177,0.4492213104452404,0.591740296568189,0.014910681652171263,0.9997669458389282,0.43128088201795284,0.6107053075517924,0.07506058471543445,0.9999828934669495,0.44139625344957606,0.6147566369601656,-0.09083962610789703,0.9999986290931702,0.4261953549725667,0.6667355384145461,0.08775530265910281,0.32010895013809204,0.42846622722489475,0.6739959239959714,-0.1256967719112123,0.9987225532531738,0.44005906752177626,0.7062642863818575,0.048673814002956645,0.6702574491500854,0.430143778664725,0.7270613602229523,-0.12861689052411482,0.9981922507286072,0.4429789670876092,0.7194201299122398,0.048631933757237004,0.670404314994812,0.4294161626270837,0.7415680221148896,-0.14734653617654522,0.9949588775634766,0.4447904024805339,0.7202212452888486,0.03234676729355538,0.6911638379096985,0.4319388883454457,0.7422998717852998,-0.14281515734536301,0.9944208264350891,0.4434737333229608,0.7157024417604716,0.04121235481330325,0.691622257232666,0.432288953236171,0.7378284777913772,-0.12731376226459223,0.9855013489723206,0.4169039598533083,0.710457212584359,0.058603198719876126,0.9999925494194031,0.41538853389876207,0.7145430769239149,-0.058617439972502815,0.9999970197677612,0.42462449925286405,0.7870054500443592,0.13313828089407506,0.7334221005439758,0.40891561252730213,0.7976276721273146,-0.03191902275596345,0.9967412948608398,0.4317751603467122,0.8569467289107182,0.19206587629658828,0.9048863649368286,0.3938492408820559,0.876777965681893,-0.016068681036787366,0.9965041279792786,0.42755373971802824,0.8714944090162,0.19522167614528102,0.9121517539024353,0.3865475952625273,0.8905692117554797,-0.016413081756659908,0.9676701426506042,0.45151426281247803,0.8720926029341558,0.17169618734291614,0.9042826890945435,0.41213095954486284,0.8945943014962329,-0.060079724448067764,0.9873999953269958
9,0.4511659443378446,0.5851639951978408,0.052873594207423054,0.9996389746665955,0.45065193942614945,0.5779431990214754,0.05414967422506637,0.9989940524101257,0.44959118110792956,0.5769001722335813,0.0540961776727012,0.9988542795181274,0.44848940117018543,0.5758784004620141,0.05411953339353201,0.9990237951278687,0.4529692283698489,0.5800606046404154,0.039760575762816816,0.9995661377906799,0.45370167664119154,0.5804622122219628,0.039674085006117805,0.9997220039367676,0.454428263221468,0.5807880895478382,0.03964854265962327,0.9997990131378174,0.4458759580339702,0.5767031243869234,0.0347111616283655,0.9991874694824219,0.4533639277730667,0.582403206825256,-0.011018076379384307,0.9996514320373535,0.4483224758080072,0.5896268299647737,0.05571652043477762,0.9994491934776306,0.4499795343194687,0.5915228877748759,0.03610367764319691,0.9997376203536987,0.4308473289012907,0.6103813835552757,0.08638499783618106,0.9999818205833435,0.44238013539995447,0.6151897481509615,-0.074268933811358,0.9999985694885254,0.4259969839027948,0.666714797701154,0.0944406288010733,0.31309428811073303,0.43115281207220874,0.676138923849378,-0.10665570029190605,0.9987010955810547,0.4357919641903466,0.7103218708719523,0.05547221473285127,0.6260448098182678,0.4343352718012672,0.7245406287057056,-0.10464818392481118,0.9981546998023987,0.4364841571875979,0.7256268058504374,0.05556173473596571,0.6255796551704407,0.4343534163066317,0.739330969538007,-0.12194910900933396,0.9946690797805786,0.4396543928555078,0.7235503639493667,0.04001229660851613,0.6444745063781738,0.43656092286109904,0.7392736690384998,-0.11699260090078621,0.9940454363822937,0.43904944743428886,0.7187832219260076,0.04850279976214679,0.6426198482513428,0.43657981753349284,0.7345240933554509,-0.10305876220975599,0.9842440485954285,0.4162762301308766,0.7103785089084077,0.05710056083542958,0.9999916553497314,0.41630144630159627,0.7144739781107218,-0.057108581598315895,0.9999968409538269,0.4246639898845126,0.7862734385899132,0.12916668866361886,0.7070381045341492,0.40880771619932976,0.7975839444569175,-0.03541278615593909,0.9966304898262024,0.43185328415461927,0.8568548372813629,0.1850974176611218,0.8950808644294739,0.3939129982675823,0.8773739014353066,-0.022007177397608747,0.9961216449737549,0.42769683599472025,0.8715216977255681,0.1881234782082693,0.9066736698150635,0.38657754148755735,0.890879927362714,-0.022463927790522566,0.9648208022117615,0.4512805334159304,0.8706614920071188,0.1658776960202625,0.8810108304023743,0.4122011465685706,0.8948963846479139,-0.06504144349268501,0.9839727878570557
10,0.45200360757963975,0.5848720482417512,0.05802210494875905,0.999628484249115,0.4514807317938121,0.5776980570384431,0.05970480644277161,0.9989474415779114,0.4503420148577007,0.5766333716256276,0.059653299727610146,0.9987860918045044,0.44916461961609955,0.5755710959434506,0.059682540276220844,0.998969316482544,0.45383758374622873,0.5797832506043568,0.04513375157756463,0.9995529055595398,0.4544941612652368,0.580171523775373,0.045045245332377276,0.9997121095657349,0.4551412948540277,0.5804978864533558,0.04501596689224241,0.9997963309288025,0.4465453641755238,0.5765135100909639,0.053634066294346514,0.9991344809532166,0.4540780970028466,0.5823419247354777,-0.005092255658070952,0.9996510148048401,0.4490064723151069,0.5893468090466087,0.06116005171622546,0.999430239200592,0.4507214580263408,0.5911577037402559,0.041254975593515784,0.999733567237854,0.43070150188037304,0.6098197579383847,0.08972305910927905,0.9999815225601196,0.44317957333156016,0.6156159520149228,-0.06802488714456556,0.9999985694885254,0.42451729944774064,0.6667836087090625,0.1012330110583986,0.3064313530921936,0.4342048926012855,0.6777401856013704,-0.09585188393081934,0.9986804723739624,0.4289985316140309,0.713237813540867,0.07089113880481035,0.5768998861312866,0.4361315480300356,0.7258151241711204,-0.08596510610410141,0.9980428218841553,0.4281624155385152,0.7308449796267915,0.07302493580750054,0.5755738019943237,0.43681995613234365,0.740900349617004,-0.10189791555915556,0.9941194653511047,0.4319282242230005,0.7271940520831514,0.058749586875949555,0.5925415754318237,0.43871177775519216,0.7406443187168663,-0.09710919942174634,0.9933456778526306,0.432326109920229,0.7225771103586467,0.06479935262884409,0.5901057124137878,0.4382626550538197,0.7357991729463846,-0.08420065449816837,0.9822125434875488,0.41567431347710726,0.7100533315113609,0.056189528107643105,0.9999915361404419,0.41662423270089266,0.7139447195189337,-0.05619929879903791,0.9999969005584717,0.42451456444604035,0.7859516297067912,0.1284789370638983,0.691264808177948,0.40866051231111783,0.797353773457663,-0.037463655003479535,0.9967013001441956,0.4319979088647023,0.8568265455109729,0.1862853825092315,0.8863977789878845,0.3939493315560475,0.8773829187665663,-0.02467510958335228,0.9959197640419006,0.42796260629381433,0.8715813687869477,0.18970377147197715,0.9014229774475098,0.3866062104701994,0.8909147483961919,-0.025031286957008486,0.9633165597915649,0.45132477368627255,0.8693566577775134,0.16998777730124331,0.8609927892684937,0.41217547399657095,0.8949297394071302,-0.06608835288456505,0.9818248152732849
11,0.45267828106880165,0.5845988597188674,0.06250753338847839,0.999618649482727,0.4521759714399063,0.577526237283434,0.06395620426961351,0.9989141225814819,0.45098275201661225,0.5764402202197481,0.06390720903873441,0.9987295866012573,0.4497601951871597,0.5753370744841437,0.06393593751958435,0.99891597032547,0.45457553608076895,0.5795828734125407,0.04964703481112205,0.999547004699707,0.45519528729575,0.579960637433188,0.04955985897353715,0.9997080564498901,0.4558201227869304,0.5802883284432545,0.04952989358987125,0.9997976422309875,0.4470879222665512,0.5763548902102877,0.06540794638650754,0.9990813136100769,0.45487649355615867,0.5822905881064276,-0.0009520706188465861,0.99965900182724,0.4495853739125386,0.5891086305890761,0.06516375605549128,0.9993987083435059,0.4513553304331641,0.5908494217055181,0.045593404024839385,0.9997267723083496,0.43093028664588906,0.6094342453139165,0.09147078671625677,0.9999802112579346,0.4438907401902333,0.6159615107945031,-0.06379341962082041,0.9999985694885254,0.42420105167797617,0.6673732808658052,0.10496419668197628,0.2921915650367737,0.4367553268160137,0.6792545710291178,-0.08925497063568656,0.9987099170684814,0.42576544625418505,0.7154206565448212,0.08439934913601191,0.5251995921134949,0.4390134905065807,0.728240779467991,-0.07621457278728481,0.9979720115661621,0.42381257755415763,0.7332859294755114,0.08645829388073509,0.5240176320075989,0.4400127547127858,0.7427758097648617,-0.09168289410216464,0.9936810731887817,0.42556602358818035,0.7304780381066456,0.07248569726943967,0.5390945672988892,0.44179123299462436,0.7428065385137281,-0.08684045182807101,0.9927623867988586,0.4267439705984931,0.7253411241940086,0.07785689830780027,0.5366875529289246,0.4411091310637336,0.7384523579052513,-0.07437935003212516,0.9806620478630066,0.41529710718563606,0.7097117662429806,0.05539722240396906,0.9999916553497314,0.4167024655001502,0.7139113341059,-0.05540534013084,0.999997079372406,0.42441909483500867,0.785723415442875,0.13022816862378794,0.6826695799827576,0.4085317577634537,0.7973993982587538,-0.03863519057631491,0.9968668818473816,0.4320995415960037,0.8568144253322052,0.19295328472341802,0.879058837890625,0.39396712439400794,0.8774064012936179,-0.024079802472676538,0.9958719611167908,0.4281699095453533,0.871625503471919,0.19701324020113253,0.8981111645698547,0.38662527884755793,0.8909356066158836,-0.024127514820013712,0.9632256031036377,0.45153433425085865,0.8688459243093214,0.17930147349834435,0.8399320244789124,0.41217322349548324,0.8949288759912759,-0.06413934039218082,0.9803061485290527
12,0.45310250435556665,0.5845953311238967,0.06064815191285948,0.9995818138122559,0.4526498751980916,0.57754693031311,0.06242193271006853,0.9987896084785461,0.45143173762730165,0.5764671734401156,0.06236273305756702,0.99857097864151,0.45019864865711734,0.5753674268722532,0.062394065942083056,0.9987878799438477,0.4551027945109774,0.5795808877263748,0.047914077660867124,0.9994983077049255,0.4557218423911501,0.5799534593309672,0.047823201439210324,0.9996752738952637,0.45636189239365693,0.5802814483642575,0.04779026614768162,0.9997800588607788,0.44751953993524807,0.5763457468577791,0.06561208165117668,0.9989861249923706,0.45559783237321017,0.5823563797133307,-0.001454909245616622,0.9996402263641357,0.44997610449790937,0.589107092789241,0.06393285010542185,0.9993584156036377,0.451809137208121,0.5908088224274769,0.043962379544973354,0.9997106790542603,0.4312755082334789,0.6093897478921071,0.08841035493782584,0.9999799728393555,0.44460310765675115,0.6165705680847164,-0.0645484455994197,0.9999985098838806,0.4254549196788241,0.6677403415952408,0.10203214309045243,0.2991269528865814,0.43896088429859687,0.6807108027594426,-0.09119813399655474,0.9986763596534729,0.4271048086030141,0.7156464065824233,0.08223868736198967,0.49517637491226196,0.44171453544071726,0.7297982760838096,-0.07932408558470858,0.9978689551353455,0.42485285827091746,0.7306141546794342,0.083488462546042,0.4913475513458252,0.44292359948158244,0.744052992548261,-0.09497028610536026,0.9931979775428772,0.42484070318085787,0.7306866645812985,0.06861715391278264,0.5047482848167419,0.44471419709069365,0.7445426140512735,-0.0901668616703578,0.9921538233757019,0.4277224591800143,0.7265287297112598,0.07508572765759056,0.501160204410553,0.443945035764149,0.7405181884765621,-0.0775519428508622,0.9789960980415344,0.41487632649285433,0.7093863419124056,0.054626953282526536,0.9999915957450867,0.4166518475328171,0.7139762009893141,-0.05463389552065302,0.999997079372406,0.42426440886088757,0.7855097447122842,0.13088657345090587,0.6771208047866821,0.4085034992013657,0.7972360321453635,-0.04003119543194769,0.9969701170921326,0.4321524202823637,0.8567973307200836,0.19420537906033644,0.8747285604476929,0.39397327048437913,0.877421425070081,-0.0250454227307013,0.9957431554794312,0.42820406981876896,0.8716696177210123,0.1982323446444102,0.8949422240257263,0.3866227252142768,0.890968218871525,-0.025038426795176087,0.962241530418396,0.45169342330523876,0.8692306229046408,0.17967135693345743,0.8249980807304382,0.4121488630771635,0.8949786305427547,-0.06506940765040259,0.9786916971206665
13,0.45345152190753374,0.5846025569098333,0.05353365540504453,0.9995553493499756,0.4529946727412085,0.5775691611426215,0.055266252479382896,0.9987057447433472,0.45176807727132506,0.5764904856681821,0.055200623720884294,0.9984568357467651,0.4505380281380243,0.5753925374576021,0.05523283396448406,0.9986929297447205,0.45549133930887475,0.579610741138458,0.04080562644771165,0.9994688034057617,0.4561234976564133,0.5799869894981382,0.04071183555892534,0.9996554851531982,0.45678104758262617,0.5803178106035503,0.040680006252867815,0.9997708797454834,0.44786961504391243,0.5763821618897571,0.05746733109865867,0.9989017844200134,0.45612428614071415,0.5824914523533409,-0.006957459729164835,0.9996296167373657,0.45032022510256065,0.5891349077224728,0.05742098859378267,0.9993195533752441,0.45218880517142135,0.590807931763785,0.03745284623333384,0.9996979236602783,0.4316356045859199,0.6093155997140064,0.08339078575372691,0.9999788403511047,0.44502570629119853,0.6168812530381336,-0.06769684563790046,0.9999984502792358,0.4273697027138299,0.6681294015475678,0.09219000147921694,0.30034375190734863,0.44046007309641133,0.6809389386858256,-0.09516559307064323,0.9986259341239929,0.432720978770937,0.7137891752379277,0.06165409875767569,0.4630763530731201,0.44364979692867806,0.7279097744396752,-0.08610069113118304,0.9976707100868225,0.43159343770572095,0.7276263390268595,0.06150524360792974,0.4584779143333435,0.44485877922603045,0.7416847450392584,-0.10202929888452797,0.9924314618110657,0.4314129224845339,0.7287249326705929,0.047144032589026844,0.4701877236366272,0.4463841446808404,0.742148799555642,-0.09752922654151912,0.9912044405937195,0.4341584452560968,0.7247574380465913,0.05456234812736509,0.4655263423919678,0.44564571806362674,0.7384558354105265,-0.08453557704176218,0.9764356017112732,0.41444307139941605,0.7087924531527925,0.05379780339343205,0.9999916553497314,0.4165655629975453,0.7138493571962625,-0.05380367402519495,0.9999971389770508,0.42402263198580037,0.7853749530655993,0.12749701653208045,0.677857518196106,0.4084968260356356,0.797040578297206,-0.04168701161231311,0.9971114993095398,0.43211788279669605,0.8567762000220159,0.18999326527118673,0.8754515647888184,0.3939991652965544,0.8772434115409846,-0.02570811600557394,0.9958115220069885,0.42818625739642535,0.8716806786400927,0.19408926580633426,0.8953195810317993,0.3866841026714868,0.8907048327582219,-0.0257188462785312,0.9626633524894714,0.45158423185348484,0.8694389751979279,0.17542135417461385,0.818760335445404,0.412100611414228,0.8949199335915697,-0.06678589092833652,0.9783251881599426
14,0.4536127269268034,0.5847824743815828,0.0524658000894955,0.9995068311691284,0.4531365956578934,0.5776872379439215,0.05369428502661839,0.9985883235931396,0.4519153714179991,0.5765883462769642,0.05362977715475216,0.9983137249946594,0.4506952779633656,0.5754624264580861,0.05366140721099715,0.9985841512680054,0.4556350299290246,0.5797602125576562,0.0395007476210594,0.9994073510169983,0.4562763529164448,0.5801352398736133,0.03940589874982832,0.9996092915534973,0.4569347509316033,0.5804596747670852,0.03937639551503316,0.9997431039810181,0.4480322114058901,0.5764782871518813,0.05188854741198673,0.9988122582435608,0.45625721982547196,0.5826640214238845,-0.008536022992120704,0.999590277671814,0.45049930555479845,0.5893179808344157,0.055930890994412535,0.9992508292198181,0.4523570426872796,0.5909639920507156,0.036351510563067006,0.9996622204780579,0.43173686691692875,0.6091555271829875,0.08127601976905546,0.9999780058860779,0.4451429017952508,0.616989856106894,-0.06818131996052602,0.999998152256012,0.42737224527767703,0.669392565318516,0.08649900449173786,0.2996312379837036,0.4413505979946679,0.6812711460249762,-0.09353469248328886,0.998343288898468,0.4365014595644813,0.7116792644773208,0.04400264184389793,0.44262582063674927,0.44716178434235687,0.7258504918643403,-0.08103195886526784,0.9967904090881348,0.43755138857024034,0.7235716853822978,0.043748808971473124,0.437919557094574,0.4486497555460247,0.7387072682380672,-0.09622992894479201,0.9897914528846741,0.4384519296033039,0.7251427633421759,0.03137682676315306,0.44786006212234497,0.44964374899864173,0.7389305506433756,-0.09144273293869833,0.9879852533340454,0.4397298642567224,0.7214522991861613,0.03796091058424539,0.4399971067905426,0.44896571380751454,0.735600113868713,-0.07925999185868668,0.9685889482498169,0.41417338592665515,0.708328591074262,0.05328389321054729,0.9999915957450867,0.4164858341217039,0.7138537611280166,-0.05328966911349975,0.999997079372406,0.4237958550453184,0.7852798478943958,0.12425466328859323,0.6783694624900818,0.40854326656886486,0.7969211731638224,-0.0403608664870262,0.9972043037414551,0.432106429338455,0.8567666275160649,0.18727410052503848,0.8765591382980347,0.3939490335328236,0.876992867674146,-0.02214191390999725,0.9957782626152039,0.428162246091025,0.8716887422970359,0.19156925891126897,0.8959377408027649,0.38675360339028475,0.8903614486966811,-0.021890481375157825,0.9625033736228943,0.45166373848915076,0.869849176066262,0.17395717331341326,0.8119664192199707,0.4119379929133822,0.8944533279963898,-0.061749175723109895,0.9770669937133789
15,0.4535897799900598,0.5850499612944464,0.05527095922401971,0.9993891716003418,0.45311584132058264,0.5778906737055094,0.05563619381615091,0.9982967376708984,0.45193345120974926,0.5767659374645775,0.055579480635268325,0.9979860782623291,0.4507204958370752,0.5755930525915961,0.05560536129134039,0.9983574151992798,0.4555741242000033,0.5799653087343486,0.0422299129622323,0.9992470145225525,0.4562231012753076,0.5803310155868527,0.04213782399892805,0.9994884133338928,0.4568867734500338,0.5806431668145313,0.04210944920778273,0.9996698498725891,0.44805316925048805,0.5765973925590513,0.05322396574275831,0.9986339807510376,0.4561155217034474,0.5827969482966828,-0.006795571395403903,0.9994755983352661,0.4505066037178037,0.589558615003313,0.0574441856571606,0.9990987181663513,0.4523318903786793,0.5911873817443845,0.039034563090120024,0.9995766282081604,0.43174574715750536,0.6090217283793855,0.08202817631619314,0.9999767541885376,0.44496318357331394,0.6171059880937846,-0.06482234746217724,0.9999974966049194,0.42681284632001587,0.6713663356644763,0.08575347981282638,0.2968597710132599,0.44163542985916115,0.6817230445998053,-0.08640721376453123,0.9977414011955261,0.43909409897668,0.7093081048556733,0.04208340091364722,0.4225844442844391,0.4512102663516996,0.7234043989862711,-0.07070201177682192,0.994401752948761,0.44195536630494237,0.718596049717494,0.041116864553519636,0.4170847535133362,0.4532859223229542,0.7348243321691237,-0.08533613745655329,0.9829548597335815,0.44334674988474143,0.7202257020132878,0.029652227461338027,0.4254804849624634,0.4540411284991671,0.7342101011957437,-0.07993972461138449,0.9797844886779785,0.44242895671299504,0.7166082756859912,0.03627960979938505,0.41491562128067017,0.4533316782542635,0.7311270526477265,-0.06862805783748624,0.9500648379325867,0.41385773931230796,0.7079977955136977,0.05284560652715817,0.9999908804893494,0.4164640792778558,0.713881090709141,-0.052849550758089316,0.9999967217445374,0.42350688065801323,0.7852762528828208,0.12211737930774683,0.6588321924209595,0.4086156129837034,0.7968329395566665,-0.03790561961276189,0.9970060586929321,0.4320907737527573,0.8567490884235922,0.18703571089676438,0.8644686341285706,0.39372854147638575,0.8767330833843773,-0.016097263619303696,0.9950258135795593,0.4281488350459506,0.8716842532157894,0.19146858496325347,0.8879432678222656,0.386719843319484,0.8899907588958735,-0.01541957488017422,0.9581473469734192,0.45179048350879103,0.870276490279606,0.17328889795712055,0.7842400074005127,0.4115248543875556,0.893751239776611,-0.05446466015917912,0.9706439971923828
16,0.4534958890506197,0.5849520172391616,0.06127032062837053,0.9993358254432678,0.4530744212014332,0.5777585847037177,0.0619586606110845,0.9981654286384583,0.4518787750176019,0.5766098942075455,0.0619027603949819,0.9978604316711426,0.45061398063387165,0.5754126599856783,0.06192494747894148,0.9982633590698242,0.45547373465129287,0.5798825672694612,0.04856338937367709,0.9991791844367981,0.4561266413756777,0.5802541579518996,0.04847397293363297,0.9994432926177979,0.45680033990315005,0.5805645193372451,0.0484436610979693,0.9996420741081238,0.4479639521666933,0.5765924249376566,0.05944938106196264,0.9985690116882324,0.45594159790447764,0.5827034439359389,-0.0004792654077651348,0.9994349479675293,0.4504322716167993,0.5895062037876672,0.06336059580956184,0.999025821685791,0.45222879903657076,0.5911847131592884,0.044978457369974655,0.9995388984680176,0.43170067667961104,0.6091104967253547,0.08815693663699281,0.9999745488166809,0.44477904183523975,0.6175240261214118,-0.05835607435022079,0.9999969005584717,0.42748803922108225,0.6725566097668236,0.09487443651471815,0.2939656674861908,0.4418249734810418,0.6827828628676276,-0.07585436691130908,0.997157633304596,0.4432098925113676,0.7081368923187252,0.05721934916717662,0.4054994583129883,0.4548002541065214,0.7200854403632024,-0.05468075158340588,0.992710292339325,0.4471644478184834,0.7154759662491932,0.057287852040358925,0.39954739809036255,0.4580988219806124,0.7295727525438578,-0.06854017185313357,0.9785434603691101,0.4490057851587021,0.7160088249615257,0.046264350627149835,0.4065491557121277,0.458876174688339,0.727559445585523,-0.06194573385374884,0.9745075106620789,0.44755798237664335,0.713836700575692,0.051683814185006255,0.3938053250312805,0.45783621753965087,0.724888409887041,-0.05203631467052866,0.9378132224082947,0.4135011153561726,0.7079444629805425,0.05278921286974632,0.9999901652336121,0.41634122048105493,0.7139556016240798,-0.05279303767851418,0.9999963641166687,0.4231749713420866,0.7852865951401843,0.12186146740402487,0.6485278606414795,0.40870513490268146,0.7966980014528544,-0.03600877129605837,0.996931254863739,0.43206418241773314,0.8567106263978136,0.18879375074590948,0.8562815189361572,0.39330747638429897,0.8763323392186843,-0.011480949366731297,0.9945806264877319,0.4281228397573742,0.8716532366616381,0.1929217989955629,0.8837859630584717,0.3863524300711494,0.8894362534795484,-0.010492590655173568,0.9560688138008118,0.4518403342791964,0.8704482572419299,0.1725021622010639,0.7655528783798218,0.41094701886177043,0.8930837648255481,-0.0502537100442818,0.966795027256012
17,0.453479127373014,0.5845719609941752,0.06982959700482229,0.9991841912269592,0.452927540029798,0.577375188895634,0.07108741125890183,0.9977877140045166,0.45165074893406437,0.5761897223336353,0.07103419389043533,0.9975019693374634,0.45030218022210233,0.5749860116413659,0.07105356806090896,0.998022735118866,0.45538840038435774,0.5796168770108902,0.05754260548523491,0.9989622235298157,0.4560284188815523,0.5799952472959243,0.05745869874954221,0.9992914795875549,0.45668826188359923,0.5802812644413538,0.057432271965912385,0.9995419383049011,0.4476429189954483,0.5764574187142506,0.06964034587144849,0.9984312653541565,0.45576325740132995,0.5823551927294047,0.008108565786512497,0.9992862939834595,0.4504235480512889,0.5892676728112354,0.07187905332871841,0.9988374710083008,0.4522421360015867,0.5910650474684577,0.0533276089600154,0.999413788318634,0.43159104926245534,0.6092705198696678,0.09822760032755984,0.9999710321426392,0.44448963318552265,0.6178872125489367,-0.050648248089211305,0.9999949336051941,0.4299483469554354,0.6731409583772928,0.1050733266132218,0.2817831039428711,0.4419927682195389,0.6832107697214396,-0.06673776693642136,0.9941536784172058,0.4493953755923678,0.7083841851779389,0.06804289072751996,0.3793973922729492,0.4565757955823624,0.7148214323180059,-0.042076477780938135,0.9820852875709534,0.4542286378996711,0.7150267430714196,0.06883170817579538,0.37403395771980286,0.4603274873324801,0.7222136173929483,-0.055241384530173854,0.9583529829978943,0.4560334324836729,0.7141297817230221,0.057639910493578195,0.38009241223335266,0.4612183919974734,0.7187307357788083,-0.047806837037205674,0.9510415196418762,0.45449157357215864,0.7124723400388442,0.062396101227828404,0.36705532670021057,0.4599448348794662,0.716426062583923,-0.03907378454293522,0.8975961804389954,0.4128896193844929,0.7077538473265508,0.052788815434489905,0.9999886751174927,0.416080205781119,0.7136540225573944,-0.052791335540158385,0.9999954104423523,0.42278013144220605,0.785366092409406,0.11984727701970503,0.6226292848587036,0.40876066769872377,0.7965653504644117,-0.03629401017512592,0.9965384006500244,0.4320142992905206,0.8566501106534681,0.18573525292532775,0.8417313694953918,0.3926712036132811,0.8757072108132495,-0.011687159059303141,0.9938181042671204,0.4280526621001105,0.871581832000187,0.18966544696262894,0.8757432699203491,0.38557197707039953,0.8884411709649218,-0.010725640984518182,0.9520667195320129,0.4517644473484582,0.8704590337617053,0.16705723277160092,0.7438884973526001,0.41034937586103143,0.8925368581499368,-0.05246280442391121,0.9616960883140564
18,0.45287054777145364,0.5833366530282154,0.08994436498199188,0.9991268515586853,0.45194585749081184,0.5763105750083921,0.09202671029738013,0.9976566433906555,0.4506074999059947,0.5751545292990545,0.09197543955274987,0.9973820447921753,0.44924402322087953,0.5740052597863331,0.09199740886688228,0.9979633092880249,0.4546373273645126,0.5787069388798303,0.07825207465461319,0.9988795518875122,0.455346289702824,0.5791489413806368,0.07816545952643664,0.9992274045944214,0.4560783326625822,0.5794765693800787,0.07814184789146691,0.9994997978210449,0.4464960294110432,0.575976548876081,0.09085908297981529,0.998400866985321,0.45527439287730603,0.5815814086369103,0.027984350583002575,0.9992108345031738,0.44986039655549165,0.5882356967244826,0.09172781791005812,0.9987590909004211,0.451949951478413,0.5901976295879906,0.07285329912390023,0.9993516802787781,0.4311233801501136,0.6090894733156474,0.11779686382838653,0.9999693036079407,0.4440124307359966,0.618143694741385,-0.035282164013811505,0.9999931454658508,0.4318989719663346,0.6725727455956592,0.12972729057073587,0.27632465958595276,0.44208571570260163,0.6830675057002473,-0.05082765588802948,0.9910334348678589,0.45232710582869373,0.7059958900724135,0.1005154387227126,0.36403998732566833,0.4580758810043333,0.7111428924969261,-0.021027063046182896,0.9705336093902588,0.45771455764770486,0.7108661617551528,0.10347006416746543,0.35774871706962585,0.46239668812070556,0.7153269631522039,-0.03319476757730755,0.9361495971679688,0.4592786209923878,0.7083534002304074,0.09180023489253858,0.362689346075058,0.46310777579035056,0.7112040621893744,-0.02440243262265409,0.9249600172042847,0.45766455786568755,0.707152232101985,0.09486772354160032,0.3486163318157196,0.46161416002682254,0.7100350124495367,-0.01738561796290533,0.8553252220153809,0.4121972680091856,0.7072882720402305,0.05319728606513566,0.999988317489624,0.4155493310519625,0.7130052242960245,-0.05319608747959134,0.9999949932098389,0.422501537629536,0.7854387317384988,0.11764017577682218,0.6117792129516602,0.40870994414601985,0.7964480485234938,-0.03736482092312402,0.9963477253913879,0.4319693395069665,0.8566130314554483,0.1789840306554521,0.8372656106948853,0.39190885850361395,0.8751498818397518,-0.014375359591628816,0.9933557510375977,0.42795438425881505,0.8715169395719252,0.1827339040381567,0.8744972944259644,0.3846084850175039,0.8875599793025422,-0.013651468285492482,0.9496262669563293,0.4517129608563012,0.8705112218856808,0.15823878943920128,0.7339897155761719,0.4097880678517476,0.8921033978462215,-0.05698840054018155,0.9579372406005859
19,0.45127139091491675,0.5813559004238671,0.10250177596296578,0.9991284012794495,0.44996526071003484,0.57451251404626,0.10462566060679294,0.9976931214332581,0.4487007072993685,0.5734395742416378,0.10457730314561295,0.9974371790885925,0.44745289853640946,0.5723805478640962,0.10460519811936783,0.9979991316795349,0.45297027059963746,0.577123987674713,0.09102393101368628,0.9989045262336731,0.4538160000528606,0.5776965550013948,0.09092892057129312,0.9992465376853943,0.45465954712459,0.578123433249337,0.09090376847556655,0.9995118975639343,0.4445320895739962,0.5748575636318749,0.10231862919671189,0.9984546899795532,0.45420159782682124,0.5805120655468529,0.04008079655468462,0.9992389678955078,0.44833689587456815,0.5864757112094331,0.10377810661281853,0.9987505674362183,0.45087422728538495,0.588662803173065,0.08510244637727733,0.9993489980697632,0.43013513513973756,0.6084342581885198,0.12835367364542818,0.9999664425849915,0.4425920128822325,0.6182943769863671,-0.024745404294558924,0.9999927878379822,0.4320535693849834,0.6703417743955337,0.1470828588519777,0.25637543201446533,0.44174318994794554,0.6825636386871334,-0.03275264485606123,0.9896432757377625,0.4517159461975096,0.6954806055341445,0.13091043595756796,0.3351542353630066,0.45894049746649584,0.7083635364259989,0.007610840989010673,0.9661456942558289,0.45757773348263314,0.6992374096597941,0.13615411307130534,0.33156540989875793,0.46347460576466126,0.710057471479688,-0.002518755902669258,0.9287574887275696,0.45897359081677,0.6961752448763163,0.12516947558947966,0.33556801080703735,0.4638158193656374,0.7058189221790856,0.007125116033213476,0.9157131910324097,0.4572592556476591,0.6952876857348848,0.12588047896112708,0.3219730854034424,0.462256347281592,0.7053527985300333,0.011940880385892728,0.8360244035720825,0.41150006481579354,0.7066060287611822,0.053352649722780476,0.9999883770942688,0.41478478738239816,0.7123842375619067,-0.05335156268307138,0.9999949932098389,0.42236046280179684,0.7854878016880578,0.11611264135156353,0.6241163611412048,0.4083456567355563,0.7964000684874394,-0.037613853599343966,0.9965333938598633,0.4319422917706624,0.8565505811146323,0.1729832866362162,0.8442763090133667,0.3911698818206785,0.8748915246554779,-0.015453856970582682,0.9936144948005676,0.427868387528828,0.8714679207120619,0.17660563290119163,0.8805160522460938,0.383785558598382,0.8871268902506143,-0.014611284727496754,0.9515652656555176,0.4516749083995817,0.8705772008214674,0.15122212001255572,0.742695152759552,0.4092616285596573,0.891947519779205,-0.056376570782491114,0.9589756727218628
20,0.4489857886518749,0.5790333509445187,0.10260149134056903,0.9991832375526428,0.4476678601333071,0.572246204103742,0.10450095576899388,0.997847855091095,0.44655478085790345,0.5712816749300274,0.10445202823196134,0.9976112246513367,0.4454540329320088,0.5703237976346694,0.1044821283646992,0.9981282949447632,0.45070575731141205,0.5748994622911723,0.09089588363255768,0.9989847540855408,0.45168881416320783,0.5755871534347532,0.09079316013625686,0.9993028044700623,0.4526510196072713,0.5761357188224789,0.09076249524950977,0.9995484948158264,0.44240934763635886,0.5732505781309942,0.10186509937047954,0.9985669255256653,0.4526757717132566,0.5789991974830625,0.03953947015106676,0.999300479888916,0.4462231252874645,0.5843909195491244,0.10385807326861787,0.9988159537315369,0.44896435567310855,0.586664237294878,0.08514566719532009,0.9993885159492493,0.4286625376769473,0.6075110537665228,0.12940934066261559,0.9999618530273438,0.4405910330159321,0.6182598676000319,-0.024337229398744435,0.999992847442627,0.43140068650245644,0.6664234638214108,0.1631784654089382,0.237938791513443,0.441237676143646,0.6825127550533836,-0.023906674182840742,0.9892899394035339,0.4510155235018047,0.6808411598205564,0.17115986347198478,0.30666646361351013,0.4589389613696505,0.7052101612091062,0.028732101965163424,0.9658960103988647,0.4581845734800609,0.6836155618940077,0.18037930279970163,0.30505746603012085,0.4634397515228814,0.7057265162467954,0.020818921391453058,0.9283969402313232,0.45905066132545447,0.6808997426714213,0.16949840209313793,0.30839693546295166,0.46367356947490124,0.7013706888471328,0.03135333654603787,0.9150693416595459,0.4568176099232263,0.6807091627802164,0.16679821397577005,0.29588189721107483,0.46217252101216977,0.7012551460947306,0.03381705523601599,0.8317424058914185,0.4109994990485053,0.7060592702456879,0.053853488287755394,0.9999880790710449,0.41393959777695777,0.7120860236031665,-0.05384926199913022,0.9999949336051941,0.4222475622381481,0.7856693455151146,0.11649598053523466,0.6298580765724182,0.4077533483505247,0.7963855402810229,-0.03708600816982131,0.9966945648193359,0.4319361346108571,0.8564732824053078,0.17320204079151147,0.8480506539344788,0.3906534484454562,0.8746933136667521,-0.014622899464198515,0.9938634037971497,0.4278250847543987,0.8714324474334714,0.1771257621901375,0.8844947218894958,0.38330526011330723,0.8869246891566681,-0.013386950801525792,0.9535627365112305,0.451657757588795,0.8706276518957952,0.15512687095573963,0.7463331818580627,0.40883494785853775,0.8919964313507076,-0.051728925215346444,0.9599675536155701
21,0.4464753312723975,0.57735378571919,0.08437656547342023,0.9992438554763794,0.4454651168414523,0.5705319319452555,0.0857118176562445,0.9980142712593079,0.44448872549193225,0.5696540202413283,0.08565796273095264,0.9977967143058777,0.44349597607340113,0.56877395425524,0.08568322552101948,0.9982702732086182,0.4482312057699474,0.5729452252387998,0.07221718622105458,0.9990686178207397,0.4491776279040743,0.5735959444727213,0.07211119830608365,0.9993608593940735,0.4501223163945332,0.5741227303232463,0.07207804109369002,0.9995859265327454,0.44045544692448185,0.5718818545341489,0.0836557669298989,0.9986860752105713,0.45059066159384564,0.5774328453200201,0.021679415074842306,0.9993612170219421,0.44399940882410305,0.5830167685236247,0.08608459234237666,0.9988881945610046,0.4464817890099114,0.5851082614489962,0.06748613608734945,0.9994307160377502,0.4271767599242072,0.6068799206188744,0.11721975207328791,0.9999587535858154,0.4380295940807885,0.6181279029164992,-0.03760686750922883,0.9999929070472717,0.43274345568248185,0.6596973913056507,0.16230175026825489,0.22058919072151184,0.4410344387803757,0.6823321155139375,-0.03682101810617105,0.9887534379959106,0.453778724159513,0.6673253314835682,0.18702220448425827,0.28101086616516113,0.4585094485964092,0.7012454867362973,0.015294013278824937,0.9637085795402527,0.4610686097826274,0.669881975650787,0.19874824881553638,0.2809387147426605,0.4623718253203798,0.7030907341412133,0.007200260979256457,0.9246386885643005,0.4615102044173647,0.6681391188076561,0.18691541254520408,0.2837347686290741,0.4629000851086206,0.6984880890165053,0.017762198724916998,0.9105081558227539,0.45926846946988764,0.6682078531810213,0.18273637124470293,0.27234312891960144,0.4617048110280716,0.6975978919437951,0.020413098404450068,0.8207710981369019,0.4105230467660085,0.7058478815214971,0.05445400614823612,0.9999877214431763,0.41286422439983894,0.7118646689823692,-0.0544394142925739,0.9999948143959045,0.4218864849635531,0.7861279419490266,0.11818852020161487,0.6277475953102112,0.4071889315332683,0.7963763305119103,-0.036001698566334575,0.996755063533783,0.4319316940648213,0.8564103739602222,0.17880328553063518,0.8453881144523621,0.39028849090848633,0.8745645948818748,-0.012960355196680335,0.9938827157020569,0.4277976972716193,0.8714062247957498,0.18333990957055762,0.884159505367279,0.38309260691915226,0.8868511319160458,-0.011436550505459303,0.9544171690940857,0.4516450686114173,0.8706514205251417,0.1650195556027548,0.742179274559021,0.40849072166851574,0.8920024412018908,-0.04765159030045779,0.9597988724708557
22,0.44391283903803125,0.5761345863342282,0.07662515012281278,0.9993157982826233,0.44321125320025834,0.5695701820509772,0.07771901190280911,0.9982051253318787,0.4423169757638657,0.5687858581542966,0.07766082084604668,0.998008668422699,0.44139559013502916,0.5679943391254967,0.07767983376979824,0.9984360933303833,0.44559386031968234,0.5715511662619451,0.06444373013717784,0.9991587996482849,0.44642021996634323,0.5720697624342779,0.0643357126840523,0.9994227886199951,0.4472978370530263,0.5724991781370978,0.06430216889296256,0.9996259212493896,0.43841238021850565,0.5711047972951614,0.07569467574357983,0.9988136291503906,0.4480019211769102,0.576122839110238,0.014533092926389398,0.9994231462478638,0.4416982114315031,0.5819245883396691,0.07842071918504576,0.9989904761314392,0.44379947355815325,0.5836500304085865,0.06008809485605782,0.9994836449623108,0.425603846992765,0.6062970025198797,0.1127358483416693,0.9999595284461975,0.435083085298538,0.6177218403135025,-0.04306931043309823,0.9999932050704956,0.4342148491314477,0.6520059806959966,0.16617349258490963,0.2231338620185852,0.44053096430642247,0.6821537886347087,-0.04661020822823045,0.9893430471420288,0.45656536647251655,0.6562757594244817,0.20099408200808924,0.2833974361419678,0.45832577943801855,0.6976830754961283,-0.004104541960571491,0.9657238125801086,0.46279397351401175,0.6578138470649716,0.21423495880195062,0.28437095880508423,0.461969756228583,0.6997658967971798,-0.013830919936299316,0.9285650253295898,0.4632407520498546,0.6568757823535372,0.2018383583852222,0.28649625182151794,0.4626771526677266,0.6949751070567536,-0.0036217578021543345,0.915141761302948,0.46124982578413803,0.6569417340414861,0.19676882922649375,0.27458471059799194,0.4615429307733261,0.6941861033439632,0.0004818078130483631,0.8280707001686096,0.409752377441951,0.7055212514741076,0.05511868702513829,0.9999874234199524,0.41154307297297865,0.7114881464413231,-0.055093063946281134,0.9999945759773254,0.4212198998246872,0.7865251183509823,0.1189831273896353,0.63961261510849,0.406783957992281,0.7963430353573386,-0.035677296561854206,0.9969291090965271,0.43190278325762044,0.8563635689871648,0.1812301916735512,0.8475761413574219,0.39003604991095386,0.8745246103831696,-0.015666113288274826,0.9941312670707703,0.42776063425200306,0.8713945678302215,0.1860795080661773,0.8858761191368103,0.38305924534797653,0.8868386166436326,-0.0146294159282531,0.9563342332839966,0.45157595021384084,0.8706767065184453,0.17013526473726537,0.7462688088417053,0.4081785312720706,0.8919885482106886,-0.049396028795412585,0.9613997340202332
23,0.4412398474557057,0.5753162452152794,0.06761702522635457,0.9993783831596375,0.4406795953001293,0.5691118666103906,0.06882068206157,0.9983718991279602,0.4397803000041415,0.5683786017554144,0.06875832517232211,0.9981942176818848,0.43885063869612534,0.5676333512578688,0.06877293107765059,0.9985812306404114,0.4429049389702931,0.5708188227244784,0.05544938689896037,0.9992378950119019,0.44363244686807884,0.5712254064423695,0.05534331170575957,0.9994771480560303,0.44443045088223027,0.571543170724596,0.05530996157654692,0.999660849571228,0.43587271996906807,0.5707137584686277,0.06792691424489018,0.9989264607429504,0.44513357196535364,0.5753964083535328,0.006362250314227169,0.9994772672653198,0.43911328315734843,0.5810686775616234,0.06986882835626598,0.9990764856338501,0.4410572281905581,0.5825700129781448,0.05142222956887311,0.9995282888412476,0.4239892993654522,0.6060133235795154,0.1074371640171323,0.9999597668647766,0.4317531602723256,0.617354345321655,-0.050400221241371945,0.9999931454658508,0.43495481950896103,0.6463034834180557,0.16140915751457208,0.22731587290763855,0.4391288697719572,0.6818945816584993,-0.05775848094906123,0.9896497130393982,0.45896494473729793,0.6481114677020479,0.19329662110124307,0.28988635540008545,0.45822140148707774,0.6949125494275772,-0.022570521757006634,0.9665654897689819,0.4640185202871048,0.6500813892909455,0.20595641434192646,0.2914549708366394,0.4620411872863767,0.6957888143403186,-0.033968288185341006,0.9303463697433472,0.4645697321210587,0.6498553906168254,0.193175732237952,0.29289472103118896,0.46265558600425694,0.6910158446856904,-0.023633638716169757,0.9172205328941345,0.4629212277276173,0.6490975192614961,0.18883578223841524,0.28034430742263794,0.46140002608299235,0.6910021356173921,-0.018237769364246294,0.8302054405212402,0.40867808631488234,0.7051097290856494,0.05584140749914303,0.9999868869781494,0.40991209830556574,0.7111701181956696,-0.055812874010630995,0.999994158744812,0.4204354499067577,0.7866098914827615,0.12090053558349603,0.6466547250747681,0.4064385865415844,0.7963166901043479,-0.03413937709161212,0.9970389604568481,0.43186663048607943,0.8563046472413196,0.18467331060341416,0.8471388816833496,0.3898604146071841,0.8746175152914861,-0.01770396653030599,0.9943119287490845,0.4277313598564691,0.8713770236287793,0.18942605682781755,0.8861335515975952,0.3830065088612691,0.8869118400982443,-0.017208257982773433,0.9579768180847168,0.45146258473396284,0.8707176651273452,0.17311283818313045,0.7462007999420166,0.4079760074615476,0.8919755220413204,-0.051382296958139936,0.9625352025032043
24,0.43891337258475144,0.574732366630009,0.05700725987553594,0.99943608045578,0.4382991041455948,0.5687841500554763,0.058919843286275836,0.9985255002975464,0.43733466012137256,0.5680423327854699,0.05885453873447007,0.9983652234077454,0.4362981149128503,0.5672587122235977,0.05886727262820514,0.998715341091156,0.4405047118663786,0.5703849213463917,0.044967871265751955,0.9993104338645935,0.4411958924361636,0.5707439082009449,0.04486498481460978,0.9995269179344177,0.4419409334659575,0.571001635278974,0.04483062417379445,0.9996929168701172,0.43325201954160397,0.5703051124300274,0.0614281666065965,0.9990299344062805,0.44238386324473766,0.5748653173446653,-0.002564145817554421,0.9995267391204834,0.4367556078093391,0.5803201658385138,0.060520436721188654,0.9991586208343506,0.4386563079697743,0.5817667382104054,0.041333608542169824,0.9995704293251038,0.42234708666801435,0.605725060190473,0.10243563396590091,0.999960720539093,0.42889604227883454,0.6173230767250057,-0.05886184711541446,0.9999930262565613,0.43431201917784534,0.6445859687668933,0.15785306479249675,0.2353043109178543,0.4368742993899752,0.681619686739785,-0.0690654152206012,0.9899623990058899,0.459294807910919,0.6430567162377491,0.18437983095645893,0.3060070872306824,0.45782738157681035,0.6925530927521839,-0.03665465741817439,0.9678847789764404,0.4644168240683417,0.6452944346836632,0.19610432088375082,0.3075431287288666,0.46200615678514734,0.6922551495688298,-0.04912637355072156,0.9330670237541199,0.46504690647125224,0.6449967605727056,0.18305575507027755,0.30864018201828003,0.4624631634780336,0.687686615330832,-0.038205262353377664,0.9204042553901672,0.4634335083620887,0.643957458223615,0.179652486528669,0.29522812366485596,0.4610051427568706,0.6883213588169639,-0.03216889144054479,0.8344586491584778,0.40737525394984636,0.7046716468674793,0.05672612754361967,0.9999859929084778,0.40827802675110936,0.7109888161931716,-0.05669521050793781,0.9999935030937195,0.4197483803544724,0.7865257774080545,0.1224954058017049,0.6475172638893127,0.4061447126524787,0.7962872130530217,-0.03361978009343146,0.9970985651016235,0.43175855023520315,0.8562869020870749,0.18724441272871828,0.8412715792655945,0.38975741267204267,0.8747047475406098,-0.019201269506343766,0.9943702220916748,0.42770077075277035,0.8714263626507346,0.1919811052935463,0.8823356032371521,0.3829292110034396,0.8869770918573648,-0.018988300114870064,0.9586851000785828,0.45134180358477977,0.8707926716123304,0.17448590184961038,0.7405688166618347,0.407829211439405,0.891963786738259,-0.05384652572018757,0.9630759954452515
25,0.43677633830479196,0.5740319541522432,0.04129670858383177,0.9994889497756958,0.4360479039805274,0.5682382089751105,0.043721996673515846,0.9986659288406372,0.4350226112774438,0.5674695389611377,0.04365397399025302,0.9985215663909912,0.4338756109986984,0.5666263682501653,0.0436653884393828,0.9988380670547485,0.4382605620792932,0.5698432939393177,0.029311010826911232,0.9993764758110046,0.43891435265541057,0.5702005454472131,0.02920906876346893,0.999572217464447,0.4396075257233209,0.5704321980476377,0.029172010240810245,0.9997220635414124,0.4306659621851783,0.5696964825902664,0.049711956615958876,0.9991241693496704,0.439805426767894,0.5742421524865284,-0.016234092015240866,0.9995716214179993,0.43456723519733953,0.5795871036393299,0.04615384989551133,0.9992354512214661,0.43644501907484856,0.5810494031224929,0.026376632055533773,0.9996095299720764,0.4207436902182441,0.605280804634094,0.09429802915879654,0.9999617338180542,0.4265349813870019,0.6177498698234556,-0.07003438770771024,0.9999927282333374,0.4339237783636364,0.6437588351113452,0.15223810843058988,0.25212058424949646,0.4344224623271395,0.6814013498170033,-0.08209753536752289,0.990287184715271,0.45861177189009505,0.6398150290761673,0.17328158404145916,0.3346884250640869,0.4573749252728051,0.6907348683902192,-0.05000640153884885,0.9688351154327393,0.4640528014727999,0.641554088251931,0.1844746406589235,0.33556658029556274,0.46156405976840403,0.6908082059451508,-0.0630204329533236,0.9351254105567932,0.4648295308862411,0.6409714511462618,0.17062922886439724,0.3366467356681824,0.4620715022087095,0.6865986057690209,-0.051590268207447845,0.9228469729423523,0.4632152966090609,0.6400222573961527,0.16819675351892188,0.3219156861305237,0.4606679030827111,0.6870237282344269,-0.045210428988294915,0.8373521566390991,0.4061450617653981,0.7045340452875406,0.05747152194380757,0.9999850988388062,0.4066595903464724,0.7110527787889749,-0.05743595638445443,0.9999927878379822,0.4191268163067952,0.7865224088941298,0.12372011308159142,0.6551741361618042,0.4059808092457906,0.7962646177836824,-0.031782812092985405,0.9972273111343384,0.4315478920936583,0.8563119905335558,0.19115801623889367,0.8408879041671753,0.3896976428372517,0.874750104972294,-0.014957702479192182,0.9945928454399109,0.4275910539286475,0.8715416959353852,0.1961058931691305,0.8814817070960999,0.38285459109715037,0.8870392612048554,-0.014486528400863912,0.9600633382797241,0.45128962908472314,0.870108125891004,0.17774104475975028,0.7433890104293823,0.4076978879315511,0.8919653432709825,-0.05144061105591908,0.9646771550178528
26,0.4348771597657883,0.5734486256326945,0.028449062065088307,0.9995360970497131,0.43404881783894106,0.5677446331296645,0.03137517409133058,0.9987914562225342,0.4330438137054441,0.5669543692043846,0.03130621960652725,0.9986612796783447,0.4319186542715343,0.5660847766058783,0.03131780118814535,0.9989479184150696,0.43616058656147527,0.5693853957312445,0.016642306638615465,0.9994356632232666,0.43674750924110395,0.5697464755603242,0.01654011918497936,0.9996127486228943,0.4373639566557746,0.5699624708720614,0.016501659660467072,0.999748170375824,0.42849567958286805,0.5691387772560117,0.04037531678165707,0.9992086291313171,0.43730424301964876,0.5735812987600051,-0.02699337240441568,0.9996117949485779,0.43268371054104376,0.5790117008345466,0.034426130274576784,0.9993040561676025,0.43446831021990073,0.5804781998906814,0.014238190251801688,0.9996445775032043,0.41912174565451465,0.6046074543680461,0.08764640433447697,0.999962329864502,0.42431710106985887,0.6184491702488488,-0.0778824187815189,0.9999923706054688,0.43359995654651073,0.6417214768273487,0.14760703572205128,0.26299187541007996,0.4316089323588778,0.6815747806004112,-0.08855619941438943,0.9906541705131531,0.457361544881548,0.6380283304623192,0.1695757452930722,0.35544347763061523,0.45631489924022106,0.6893136245863776,-0.05642301131572039,0.9698669910430908,0.46317950061389357,0.6386235373360767,0.17956699643816257,0.3554960787296295,0.4607436154569896,0.6901737213134762,-0.06970875412225719,0.9370867013931274,0.4642107912472314,0.6373736654009134,0.16737825785364416,0.3564477562904358,0.4612990524087631,0.686007852213723,-0.058751134148665805,0.9251031875610352,0.46253195660454866,0.6369053108351568,0.1649338117667606,0.3406830132007599,0.4599298119544981,0.6861097540174208,-0.051798315559114703,0.8400058150291443,0.40491339904921375,0.7044786504336763,0.05785811873418941,0.999984085559845,0.4051232329436709,0.7111862148557386,-0.057821166621787184,0.9999920129776001,0.4182887400899612,0.786761379241943,0.12308169220175057,0.6566757559776306,0.4058429402964454,0.7962468896593362,-0.03096241456057343,0.9972914457321167,0.4312085194247108,0.8563015086310246,0.19203421430928358,0.837364673614502,0.38965749400002603,0.8747475334576195,-0.010944989536489754,0.9947282671928406,0.42744014518601536,0.8716344986643106,0.19706041557448242,0.8785144090652466,0.3828145359243664,0.8870570302009578,-0.01022436174431017,0.9608923196792603,0.4512282456670486,0.8682409524917598,0.17816803583077012,0.7430010437965393,0.40753975510597207,0.891964869839804,-0.04848887122103144,0.9657990336418152
27,0.4328524640628268,0.5730317166873384,0.015282761531748934,0.9995802044868469,0.4319992738110677,0.5674083181789941,0.018632723526025064,0.9989079236984253,0.43106425063950654,0.5666444471904207,0.018559438899995118,0.9987907409667969,0.43003830654280506,0.5658114041600906,0.018569457973665382,0.9990496635437012,0.43393710340772335,0.5690138919012885,0.0038083150450672404,0.9994903206825256,0.4344566668782913,0.5693677476474215,0.0037054060825279763,0.999650239944458,0.4350100874900816,0.5695662805012291,0.0036647334694862345,0.9997724294662476,0.42648954221180485,0.56886157138007,0.030468998530081327,0.9992859363555908,0.4347205434526714,0.5729845677103312,-0.037269451682056684,0.9996489882469177,0.430726703575679,0.5786977614675246,0.022292306713227704,0.9993691444396973,0.4323858925274438,0.5801340052059716,0.0019996757352990753,0.999677836894989,0.4177296093532015,0.6042929734502518,0.07974679065602161,0.9999637007713318,0.42157437886510557,0.619050438063485,-0.08499926520245413,0.9999921917915344,0.43314492872783095,0.6397132737295965,0.13955313222748886,0.27641573548316956,0.42849374072892304,0.6820677178246631,-0.09709235812936506,0.9911671876907349,0.45646284307752316,0.6378857237952094,0.16274762707097185,0.38317063450813293,0.45427966543606324,0.6886325086866103,-0.07007369899324005,0.9715979695320129,0.4625397843973975,0.6381717324256894,0.17193746481622962,0.3816666603088379,0.45934465186936496,0.6898675986698692,-0.08438335422958643,0.9403589367866516,0.4635338008403776,0.6362270917211257,0.16004696956702635,0.3827747702598572,0.4597731300762719,0.6856131400380813,-0.07380817064217156,0.9289510846138,0.46174877967153255,0.6360145245279581,0.1581362971237727,0.3658720850944519,0.45823559079851406,0.6855703915868484,-0.06572834891932347,0.8460912108421326,0.403700918810708,0.7044898816517418,0.057881060136216,0.9999831318855286,0.4034996884209767,0.7113433173724579,-0.05784030567322456,0.9999912977218628,0.4171133790697369,0.7873569318226401,0.12133111017090928,0.6583938598632812,0.4055693439074923,0.7962543010711666,-0.03003120880041802,0.9973580837249756,0.4307876425130025,0.8562813060624255,0.19143201410770405,0.8330821990966797,0.38963186996323707,0.874754268782479,-0.008040684062455377,0.9948230981826782,0.42731015937668915,0.8716983216149462,0.19635722637176503,0.8748589754104614,0.3827588200569151,0.8870825358799521,-0.007224415189453531,0.9611791968345642,0.45120252796581795,0.8654739260673519,0.17588387685162674,0.7426758408546448,0.40746257305145245,0.8919701422963819,-0.0467350900173187,0.9667885303497314
28,0.430771094560623,0.5728487116949896,0.005656157586989657,0.9996204376220703,0.429920218672071,0.5673263294356208,0.009266203235061502,0.9990138411521912,0.42904496022633126,0.5666040369442529,0.009190792915926844,0.9989083409309387,0.4281023383140562,0.5658151439258028,0.00920176925012908,0.9991421699523926,0.43169977835246476,0.5688610042844497,-0.005429252875702718,0.9995399713516235,0.4321633713585988,0.569196592058454,-0.0055332171863743205,0.9996842741966248,0.4326622784137724,0.569369280338287,-0.005573178641498085,0.9997944235801697,0.42458516785076666,0.5688811574663432,0.023202501091041727,0.9993559718132019,0.43223048874310066,0.572573958124433,-0.0439427466796977,0.9996826648712158,0.4287811892373219,0.5786409616470334,0.013390099017747806,0.9994291067123413,0.43028154884065883,0.580056594099317,-0.006724293929125577,0.999708354473114,0.4168270894459314,0.6043727176530017,0.07319552813257486,0.9999656677246094,0.418861390011651,0.619414675235748,-0.0895194868956293,0.999992311000824,0.43265013439314687,0.6389336194310866,0.1277749555451529,0.29980260133743286,0.42538003751209785,0.68256390605654,-0.10624693759850089,0.9918227791786194,0.4560394499983104,0.6391046660287036,0.14450481214693608,0.42048829793930054,0.4510758212634493,0.688366171291896,-0.08904544072491777,0.9738568663597107,0.4623318680695123,0.6396021434238977,0.15249997547694608,0.4165067672729492,0.45683805857385884,0.6901891538075036,-0.10497510688645495,0.9449090957641602,0.46317073617662685,0.6371359825134275,0.13964901289769574,0.4179966449737549,0.4571029629026139,0.6858163816588263,-0.09492025247641966,0.9343523979187012,0.46122491955757117,0.6371276106153212,0.13939250963074815,0.40029269456863403,0.45533221619469755,0.6854411602020261,-0.0851343357137271,0.8563339114189148,0.40269414527075614,0.7047632013048442,0.057564704545906585,0.9999825954437256,0.40190123660223803,0.7114961028099056,-0.057519809369529974,0.9999907612800598,0.415965779338564,0.7878948484148294,0.11732966176101134,0.6671432256698608,0.4051864479269298,0.7961710044315878,-0.030779679385679094,0.9974578619003296,0.430300484384809,0.8562950985772265,0.1842079132795333,0.8356009721755981,0.3895839674132209,0.8747640166963846,-0.010973915617380817,0.9950355291366577,0.427198473044804,0.8717758893966671,0.18852688670158377,0.8757532835006714,0.3827020585536955,0.887104965959276,-0.010644492001405778,0.9622705578804016,0.4512346497603823,0.8625551581382748,0.16530484557151787,0.7517741322517395,0.40740024788039053,0.8919610006468632,-0.05201554777366772,0.9685698747634888
29,0.4290115169116427,0.5727094445909771,-0.008332295542848957,0.9996570348739624,0.42813679150172623,0.5673390558787752,-0.004193242162364183,0.99910968542099,0.42729128258568877,0.5666601555688038,-0.004272902129430021,0.9990147352218628,0.42639463458742394,0.5659048131534028,-0.00426353282538392,0.9992257952690125,0.42973709021295803,0.568767656598772,-0.019124047830700864,0.9995849132537842,0.43011846116610913,0.5690843820571897,-0.019227290792124603,0.9997150897979736,0.4305390519755225,0.5692376937185012,-0.019268859550356857,0.9998143911361694,0.4229295211178914,0.5689408608845299,0.013326715518321305,0.999419093132019,0.4298760022435868,0.5723606807844976,-0.05486540975315228,0.9997132420539856,0.4271592761789047,0.5786690797124587,0.0006561326794326311,0.9994836449623108,0.4284906796046664,0.5800337331635609,-0.019760209282061875,0.9997361898422241,0.41613202265330707,0.6046418820108683,0.06470693956528388,0.9999675750732422,0.4158549606800077,0.6193679503032137,-0.097839919584138,0.9999925494194031,0.4322552715029033,0.6397220713751653,0.11642951028687608,0.3256445527076721,0.4223422799791607,0.682747866426195,-0.11868270018271032,0.9924754500389099,0.45585346477372285,0.6412358794893535,0.12319644774709423,0.4573272168636322,0.44802051867757503,0.688470615659441,-0.10976695503507336,0.9760985374450684,0.4623931297234124,0.6425401312964301,0.1305741844432694,0.4512951076030731,0.4540813939911976,0.6912230423518586,-0.1273230178015572,0.9494754672050476,0.4630243190697259,0.6400667667388913,0.11506020043577461,0.4531669020652771,0.4544976217406134,0.6868735006877351,-0.11798677487032748,0.9397796392440796,0.46091525043760007,0.6398151261465888,0.11703631665025434,0.43509384989738464,0.4525926496301377,0.6859617233276364,-0.10633318700960699,0.8670682311058044,0.4021369303975785,0.7052730713571818,0.057237815111875506,0.9999823570251465,0.4004410607474189,0.7116500122206548,-0.05718659747924121,0.9999904632568359,0.41511693000793437,0.7880909476961404,0.11447628332035877,0.6792388558387756,0.40462000455175107,0.7959946479116162,-0.0319884413055011,0.9975815415382385,0.42973178454807803,0.8562341434614995,0.17925654777458727,0.8418895602226257,0.38952228171484793,0.8747715353965755,-0.014929721158530024,0.9953048825263977,0.4269441051142554,0.8718369296618866,0.18314766074929908,0.8797103762626648,0.38266144735472524,0.8871154035840711,-0.015152455174497188,0.9637649059295654,0.45121654442378434,0.8601984058107645,0.15770231698240544,0.7648656964302063,0.4073286950588224,0.8919318045888625,-0.05867913461157251,0.9706113934516907
30,0.4277537533215112,0.5727879932948519,-0.03346763884515633,0.9996899366378784,0.4267214468547274,0.5674785409654888,-0.028244021941749697,0.99919593334198,0.42592115827969124,0.5668309416089736,-0.028331509971342567,0.9991106390953064,0.4250884856496536,0.5660883818353923,-0.028325712429276388,0.9993013143539429,0.42812147055353417,0.568781244754791,-0.04410421912159236,0.9996252655982971,0.4284035418714794,0.5690465126718791,-0.04420433520738566,0.9997427463531494,0.4287304495062145,0.5691469379833763,-0.044251264285828366,0.999832272529602,0.4215877481869287,0.5690422483852929,-0.004135620367846316,0.9994761347770691,0.42759257640157405,0.5722133517265318,-0.0765058936817305,0.9997405409812927,0.4259176424571444,0.5788613694054737,-0.022080565909189824,0.999533474445343,0.42705562114715556,0.5802145464079718,-0.04370158157710516,0.9997615218162537,0.4153617356504711,0.6049835256167817,0.0516773428235735,0.9999700784683228,0.41304895792688623,0.6192704473223003,-0.11517506348235261,0.999992847442627,0.43180738176618283,0.6400278261729646,0.10418202280998225,0.36288878321647644,0.41891943897519773,0.6826929160526817,-0.13707049829619267,0.9930701851844788,0.45568744710513504,0.6428967203412734,0.10560379879815232,0.5009402632713318,0.4453998625278471,0.6888800399644031,-0.1315245309046336,0.9781541228294373,0.4623715605054581,0.645149116856711,0.11155475026794837,0.4932117462158203,0.4515266912324086,0.6922976289476663,-0.15061073494809007,0.9537233710289001,0.46287845458303156,0.6418750252042495,0.0950174215648855,0.49573633074760437,0.4523923328944613,0.688001808098384,-0.14211881373609808,0.9448413848876953,0.4607560838971817,0.6414752534457613,0.09884852735059597,0.47857412695884705,0.45041549631527467,0.6867862190519057,-0.12849246795688352,0.8772133588790894,0.40215523413249404,0.70598326751164,0.057202404737472505,0.9999826550483704,0.3993354993207112,0.7118868776730125,-0.057145971591983494,0.9999904036521912,0.41453095589365263,0.7881063801901678,0.11606933793851303,0.6883229613304138,0.4039356027330669,0.7958180700029642,-0.03272947535983152,0.9977084398269653,0.42922232151031475,0.8561312011310028,0.18361687447343544,0.8467954397201538,0.3894858419895171,0.8747997335025238,-0.01731118086193288,0.9955784678459167,0.42665845240865413,0.8718588386263162,0.18757142083985456,0.8809707164764404,0.3826473065784997,0.8871516602379931,-0.017888866631048057,0.9647106528282166,0.45104081119809813,0.858835135187421,0.16017422335488446,0.7786001563072205,0.40726948295320764,0.8918955939156664,-0.06418322942086625,0.9728047251701355
31,0.42722253884587946,0.5725411687578471,-0.06278308588745335,0.99972003698349,0.42590638399124126,0.5672025203704831,-0.05617741652172946,0.9992746710777283,0.42508311186517966,0.5667048828942433,-0.05627401577065546,0.9991980791091919,0.42425733889852235,0.5660957813262937,-0.05627181794396682,0.9993700981140137,0.427034590073994,0.5682078497750416,-0.07316263360636571,0.9996620416641235,0.427114426238196,0.5684301631791249,-0.07325988371989553,0.9997680187225342,0.4272435145718709,0.5684920191764828,-0.07331585931990824,0.9998486638069153,0.42050781079700994,0.5691060679299488,-0.023506608552166384,0.9995279312133789,0.42521309682301095,0.5716359785624909,-0.10102418884634967,0.9997656941413879,0.4252794742584226,0.5790054099900379,-0.048245917034468455,0.9995791912078857,0.4261560967990329,0.580175081321171,-0.07135172773684771,0.9997848272323608,0.4147477890763962,0.6058836374964031,0.03817494884133337,0.9999726414680481,0.4104333596570149,0.6189735582896638,-0.13507982449872147,0.9999932050704956,0.43144709042140394,0.6402502502713882,0.09065243899822231,0.40163081884384155,0.4154228542532238,0.6826051201139174,-0.15889602750539772,0.9936744570732117,0.4556131575788768,0.6450540202004565,0.0839845314621925,0.5424181222915649,0.44350589769227144,0.6894562959671018,-0.15832273853676654,0.9801279902458191,0.46232048528535,0.6488645400319777,0.08793120309710498,0.5338225960731506,0.44964833770479457,0.6928345441818234,-0.1796604871749877,0.9578380584716797,0.46281233600207716,0.6460411821092875,0.0699184783867427,0.5370460748672485,0.4507763172898972,0.6884516409465242,-0.17230432459286274,0.9497541785240173,0.46077759606497604,0.6450695770127429,0.07635946710194856,0.5210922956466675,0.44867488316127213,0.6874283960887361,-0.15586507937737867,0.8874176144599915,0.40245107667786717,0.7066195505005969,0.05768468401261735,0.9999833703041077,0.39857497215270976,0.7121291722570143,-0.05761684307030267,0.9999906420707703,0.4141691574028558,0.7881882582392008,0.11995575619595386,0.7052931189537048,0.40310725825173493,0.7957291296550202,-0.041062871473176124,0.9978883862495422,0.4287950200693946,0.8560741594859528,0.19551773369312278,0.8573213219642639,0.38948359659739884,0.8748070699828008,-0.024439476989209643,0.9959447979927063,0.42644410133361793,0.8718939031873427,0.20000513025692523,0.887131929397583,0.382659213883536,0.8872065646307805,-0.025056463267121985,0.9668574333190918,0.4507957603250229,0.8584838782038003,0.16936374434403,0.7971420288085938,0.40738933086395246,0.8919047781399314,-0.0756222831351416,0.9752697944641113
32,0.42704028742653966,0.5717687181064057,-0.08608319589069907,0.9997473359107971,0.4253455979483466,0.566208137784685,-0.07857351287135053,0.9993458986282349,0.4245254712445393,0.5659808567592073,-0.07867655397525852,0.9992770552635193,0.4237047161374771,0.5656641500336781,-0.07867544447737077,0.9994321465492249,0.42614166055406827,0.566799061638968,-0.09624068545443666,0.999695360660553,0.4259861145700725,0.5670450312750677,-0.09633717111178802,0.9997909069061279,0.4258477738925387,0.5671755364962984,-0.09639969659703114,0.9998635053634644,0.4194980757577077,0.5690561567034038,-0.03981850864365695,0.9995746612548828,0.422818315880639,0.5706320626395087,-0.1204875652279172,0.9997885823249817,0.4250235889639171,0.5789398091179981,-0.0693165736539023,0.9996206164360046,0.42561870217323283,0.5797153660229272,-0.09331849270633284,0.9998059868812561,0.4145978374140601,0.6072108915873933,0.026713146162884564,0.9999750256538391,0.4085799404553003,0.6186764836311338,-0.1509247339197567,0.999993622303009,0.4312733301094598,0.6401538269860401,0.07762286577905923,0.43618103861808777,0.41176397800445536,0.6825720599719454,-0.1778830204691205,0.9942545890808105,0.4553250644888195,0.6480659450803481,0.06288649908133913,0.5778756141662598,0.44080029300280954,0.6900236640657694,-0.18376329966953814,0.9819509387016296,0.4618720250470295,0.652724024227687,0.0649219850344317,0.5693007707595825,0.44726310968399025,0.693665984698704,-0.20710028920854828,0.9616660475730896,0.46234115958213784,0.6511954409735541,0.04606297750558169,0.5735149383544922,0.4483293082032883,0.6893620371818538,-0.2006698591368538,0.954338788986206,0.46028289198875405,0.6500738705907546,0.05466374318514548,0.5586846470832825,0.4462748944759367,0.688208632809775,-0.18181161071572977,0.8970973491668701,0.4027159188474926,0.7071516752243039,0.05831836515239304,0.9999842643737793,0.3983090562479835,0.7124124612127029,-0.05824118533304757,0.9999910593032837,0.4140695231301442,0.788234140191759,0.12271145986659181,0.7223277688026428,0.4025510932718003,0.7955202426229201,-0.04954287899391989,0.9980750679969788,0.42851853711264454,0.8560393708092822,0.20340674264090391,0.8678608536720276,0.38948352166584543,0.8746842758996142,-0.02948083909494535,0.9963028430938721,0.42638475043433033,0.8720706667218886,0.20825917550495682,0.893796443939209,0.38268614241055066,0.8872233952794752,-0.029911294739161206,0.9691619873046875,0.4506608588354926,0.8583165901047839,0.17487287904535015,0.8150160908699036,0.4075787765639167,0.8920469062668932,-0.08325310945510861,0.97760409116745
33,0.42671635917254835,0.5710539851869854,-0.09640454245465138,0.9997721910476685,0.42466424703598005,0.5650241426059175,-0.08840702591197827,0.9994105696678162,0.4238927892276217,0.5650339211736404,-0.08851373993924683,0.9993487000465393,0.4230905004910058,0.5650044168744766,-0.08851244779569759,0.9994884729385376,0.42506131359509036,0.5652842708996362,-0.10625390516860139,0.9997255206108093,0.42466039487293766,0.5655769637652803,-0.10635184709514886,0.999811589717865,0.42423400027411307,0.5658064535685945,-0.10641353045191079,0.9998769760131836,0.4183580773217336,0.5688262377466472,-0.04677202169384273,0.9996169805526733,0.42025745596204467,0.5695304053170338,-0.1281599485448428,0.9998093247413635,0.42483262249401615,0.5788959588323318,-0.0786406803343977,0.9996582269668579,0.4251251314367565,0.579205911500113,-0.10284376272133414,0.9998251795768738,0.41470670104026774,0.6083725997379845,0.021924377764974308,0.9999772906303406,0.40644321101052405,0.6185676387378145,-0.156181457212993,0.9999940395355225,0.43137380821364246,0.6396771345819743,0.07285381938729964,0.4750160276889801,0.4084657873426163,0.682600915431976,-0.18319344307695107,0.9947957396507263,0.45490545204707533,0.6516139609473088,0.056091430570398025,0.6158512234687805,0.43731333868844147,0.6903202721050804,-0.19175303152629297,0.9836422801017761,0.46140956538064115,0.6571077959878101,0.057693440892866654,0.6074369549751282,0.4440883559840064,0.6957586782319203,-0.21541658427034097,0.9652252793312073,0.4616178146430422,0.6567943743297029,0.03678760038954869,0.6119035482406616,0.44505415899412953,0.6912021449634004,-0.20989943402154096,0.9585965275764465,0.45948157395635314,0.6555651766913274,0.046932580322027184,0.5981570482254028,0.4430880478450228,0.6889887145587372,-0.19016285368374408,0.9062750339508057,0.40284354346139073,0.7074907728603905,0.058747627266815705,0.9999850392341614,0.39816604341779416,0.7125646761485506,-0.05866743166531832,0.9999913573265076,0.41419262460299877,0.7879563076155522,0.11733431709664202,0.7400012016296387,0.402061730623245,0.795258956296103,-0.055105797307831876,0.9982439875602722,0.42833486795425396,0.855814215115138,0.19331173385892586,0.8786779046058655,0.38940057499068104,0.874192380905151,-0.03252088911831377,0.9966333508491516,0.4263637253216333,0.8722703950745715,0.19759403892925798,0.9010345339775085,0.38268954413277745,0.8871841822351724,-0.032803575694560994,0.9713430404663086,0.4504619445119583,0.858396915027073,0.16220157699925553,0.8320897221565247,0.40755267228398984,0.8922000885009762,-0.08689868535314284,0.9797362089157104
34,0.42548682859965714,0.5698740260941639,-0.09356389599187029,0.9997947216033936,0.423098918369838,0.563558449063982,-0.08565751378025324,0.9994690418243408,0.4224133448941365,0.563633630956922,-0.08576674887112204,0.9994133710861206,0.4216828720910207,0.5637391379901338,-0.08576710266726353,0.999539315700531,0.4232541612216403,0.563702971594674,-0.10312463066407607,0.9997527599334717,0.4227422978196823,0.5639865790094645,-0.10322523053203306,0.9998303055763245,0.42217818924358896,0.5642810429845535,-0.1032837820904595,0.9998891353607178,0.4167547225952147,0.5678860715457369,-0.04484697197164806,0.9996551275253296,0.4176741497857228,0.5681134343147276,-0.12438639146941043,0.9998281002044678,0.42380964670862453,0.5781183310917443,-0.07616077874388011,0.9996922016143799,0.42390041351318336,0.5780979428972514,-0.09982210078409734,0.9998425245285034,0.4148500357355388,0.6088176216397964,0.023224322072097223,0.9999794363975525,0.40462721671376894,0.6186521172523496,-0.15096570721694394,0.9999944567680359,0.43180456161499003,0.6382002745355876,0.07954046747514176,0.5177555680274963,0.40584621088845374,0.6823014208248681,-0.17593421297413953,0.9952939748764038,0.45519702264240786,0.6536793317113601,0.061483861505985234,0.6525450348854065,0.43348139013562864,0.6905332326889035,-0.18397877046040118,0.9852074384689331,0.4616210980074744,0.6603055732590808,0.06270208688718928,0.64437335729599,0.43993884239877956,0.6989347985812593,-0.206331843137741,0.9685237407684326,0.46188452839851357,0.659458175727299,0.04949340681944572,0.6487337350845337,0.441415225608008,0.6944552642958501,-0.20126372150012414,0.9625373482704163,0.45943259596824626,0.6584576385361804,0.05584081336855886,0.6361883282661438,0.43966718486377154,0.6905977589743475,-0.18248280584812154,0.9149497747421265,0.4031205781868524,0.7081964680126732,0.05820185989141461,0.9999858140945435,0.398146844761712,0.7126600861549375,-0.05812777004071642,0.9999915361404419,0.41436168977192445,0.787259597437722,0.106561472586223,0.7584182024002075,0.4016768464020319,0.7950794577598569,-0.053322355662073384,0.9983927607536316,0.42830531341688954,0.8555501222610469,0.1734722686665398,0.888798713684082,0.38920134391103456,0.8737546069281438,-0.03207798174449374,0.996924877166748,0.4263648033142088,0.8724035569599693,0.1768369976963315,0.9078323841094971,0.3826342591217584,0.8871951256479531,-0.032496128976345046,0.9731094241142273,0.4502652781350269,0.8586869716644284,0.14095888755151198,0.8477596044540405,0.4073064642293111,0.8923192569187706,-0.08519363743918279,0.981647789478302
35,0.42321103981563,0.5676228523254392,-0.08265345139162877,0.9998148679733276,0.42069540023803687,0.5617566347122189,-0.07486761148486815,0.9995213150978088,0.4200176485947198,0.561803374971662,-0.07497361323663163,0.9994713664054871,0.41933893220765234,0.5619084545544213,-0.07497394063643043,0.9995849132537842,0.4208473469529831,0.5619572571345735,-0.09200771152973172,0.9997771382331848,0.420332325356347,0.5622206551688056,-0.09211178421974177,0.9998469948768616,0.4197750014918189,0.5625521864209854,-0.09216711776597154,0.9998999834060669,0.4145672653402599,0.566267703260694,-0.03555583655834196,0.9996894001960754,0.41525902662958397,0.5664360472134179,-0.11355974397488997,0.9998447895050049,0.4216874080044881,0.5761389902659821,-0.06587460786104199,0.9997226595878601,0.42172764710017596,0.5760375159127369,-0.08909438593047,0.999858021736145,0.41459466559546315,0.608689737319946,0.03028926381043024,0.9999813437461853,0.4033515206405093,0.6184540952954971,-0.14116154994283397,0.9999948143959045,0.4324077929769241,0.6338895286832534,0.08897850236722397,0.5579202175140381,0.40392743093626826,0.680635981900351,-0.16339646450110834,0.9957342147827148,0.4564650799546921,0.6512242998395644,0.07181415643010818,0.6862662434577942,0.43065785680498375,0.6906865017754688,-0.16882248563425872,0.9866058826446533,0.4633879150663101,0.6584281955446513,0.07326285466551777,0.6784090399742126,0.43625195366995656,0.701915029117039,-0.18969820652689243,0.9714829921722412,0.4637144744396207,0.6569629209382191,0.06386234568698063,0.6825591921806335,0.43848962613514475,0.6976935931614464,-0.18508457967213215,0.9660727381706238,0.46073316591126556,0.655842668669564,0.0679672154997076,0.6711551547050476,0.4369507338319504,0.6927858557019911,-0.16738036658082683,0.9227482676506042,0.4038107437746864,0.7094185761043,0.05736540247287066,0.9999865293502808,0.3983013025351931,0.7127812130110601,-0.05729627822126658,0.9999916553497314,0.41522997702871034,0.7863205909729,0.09613347330263677,0.773945689201355,0.4012236246040887,0.7950581465448647,-0.05356248957770209,0.9985190629959106,0.4283337397234778,0.8553952966417581,0.15686994450432906,0.8975788950920105,0.3889480548245564,0.8734234435217718,-0.0352168845278876,0.997189462184906,0.42636142032487034,0.8724142772810796,0.15963633230754298,0.913084089756012,0.3825865175042832,0.8871292574065068,-0.03585170182798589,0.9747701287269592,0.45014079298291865,0.8589886103357584,0.12399819237845279,0.8617205619812012,0.4070333608559198,0.8923818162509369,-0.0876416078635624,0.9833769202232361
36,0.42065538253102963,0.5652700969151085,-0.07970674932003018,0.9998331069946289,0.4180620857647485,0.5600565961429048,-0.07231366421495161,0.999568521976471,0.41740388444491777,0.5600346769605361,-0.07241909248488287,0.9995236992835999,0.41679112230028403,0.5600653716496056,-0.07241962552070615,0.9996259808540344,0.41819726569311944,0.560382510934557,-0.08895541386944902,0.9997991919517517,0.4176763926233562,0.5606420040130613,-0.08906488886901306,0.9998621344566345,0.41712404915264656,0.5610086202621457,-0.08912066966295239,0.9999098181724548,0.4121479298387253,0.5645339114325385,-0.03408897785203796,0.9997202754020691,0.412597516604832,0.5650055323328288,-0.11049089751073288,0.9998599886894226,0.4191877296992709,0.5737392425537107,-0.06336708781974654,0.9997501373291016,0.4191823678357259,0.5738751309258594,-0.08587244855506075,0.9998720288276672,0.414409701313291,0.6077596562249317,0.029823902568646827,0.999983012676239,0.40166051983833295,0.6181501388549802,-0.13770263258899954,0.9999951720237732,0.4335646586758748,0.6258738654000415,0.09166150220802848,0.5950624942779541,0.40170562182153957,0.6787923880985802,-0.15706645633493144,0.996142566204071,0.45912691354751567,0.6397990516253877,0.08281147224562505,0.7163269519805908,0.4283176847866601,0.6909000328608919,-0.15911014718668792,0.9878854155540466,0.46609004310199176,0.645234073911394,0.0860548181193215,0.7087579369544983,0.43317592825208373,0.703491800171988,-0.17899480845246987,0.9741899967193604,0.466576302051544,0.6438857248851229,0.07442734943968905,0.712778627872467,0.4359629315989356,0.7000715000288824,-0.1743511749165398,0.9693054556846619,0.4633515673024312,0.643289426394871,0.07828590955053052,0.7024495005607605,0.43449061683246043,0.6947070189884728,-0.15751511965479162,0.9299445748329163,0.40551794511931266,0.7107465812138145,0.05583961765680992,0.9999871850013733,0.39864393217223015,0.7129647953169683,-0.05577833673783709,0.9999918937683105,0.41708530528204757,0.7850546904972617,0.09084049548421583,0.7909722924232483,0.40103885616574947,0.7950569544519693,-0.049568873856748824,0.9986420273780823,0.42842768601008807,0.8554106780460898,0.14692323037556232,0.9061456918716431,0.38879159688949566,0.8732339824948987,-0.03045877851545809,0.9974343776702881,0.4264202305248803,0.8723358648163928,0.14928109688418245,0.9192386865615845,0.38263050828661216,0.8869355389050071,-0.030974163700427312,0.9764676094055176,0.4500893456595283,0.8590913551194324,0.11393703115837908,0.874577522277832,0.40644702145031497,0.892451303345816,-0.08080785402229851,0.9849404692649841
37,0.4183724054268426,0.5635254893984112,-0.07640523208039145,0.9998494386672974,0.41572439585413234,0.5586420297622678,-0.06961975661771636,0.9996108412742615,0.415026990004948,0.5586642776216777,-0.06972321080310001,0.9995706081390381,0.41438804524285433,0.5586929798126218,-0.06972051603453497,0.9996628761291504,0.4158222939286911,0.5590523396219523,-0.08651736676692959,0.9998189806938171,0.4152395350592475,0.5593667660440715,-0.08661959490605758,0.9998757243156433,0.4146212322371345,0.5597348008837015,-0.08667205486978799,0.9999186396598816,0.40973880461284073,0.5631110583032878,-0.034888990808810486,0.9997479915618896,0.40992428660392743,0.5637687240328104,-0.10912502706050867,0.9998736381530762,0.41690974831581096,0.571851347173963,-0.06122691737754001,0.9997747540473938,0.4169454472405568,0.5722338233675273,-0.08429158031940456,0.9998846054077148,0.4144413922514232,0.6045475704329352,0.029107269538300364,0.9999845027923584,0.39914914625031583,0.6176759907177514,-0.13272385512079504,0.9999954104423523,0.43484051397868545,0.6136424200875416,0.09288605409009112,0.6223655343055725,0.3993668138980863,0.6770400575229096,-0.15025762064116335,0.9964878559112549,0.46113044789859203,0.6193568876811433,0.10415217131376261,0.7422881722450256,0.42573456764221174,0.69082532780511,-0.15213539046900604,0.9889779686927795,0.4680715279919758,0.6199784023421149,0.11064387219292772,0.7347453832626343,0.43024862238338996,0.7038502710206165,-0.17019781214850283,0.9765141010284424,0.4684920481273104,0.6189989566802976,0.09127070563180102,0.7388214468955994,0.4327875043664658,0.7005902647972104,-0.1676547672067369,0.9720914363861084,0.46541824085371813,0.619627099377768,0.09653957890612734,0.729414701461792,0.4311996766499108,0.6954220669610156,-0.15161177132810857,0.9360148906707764,0.4076498568058012,0.7113809347152706,0.05395553026880534,0.9999875426292419,0.39883069736616933,0.7129115274974275,-0.05390181658523421,0.999991774559021,0.42061655095645334,0.7828170180320736,0.0887979339276041,0.8020521402359009,0.4009631838117325,0.7950084277561729,-0.04411193036607331,0.9987035989761353,0.42865200809070025,0.855366342408316,0.14165670956884102,0.9130646586418152,0.38876251322882494,0.8729649390493117,-0.022572144865989675,0.9976197481155396,0.4265301976885112,0.871902319363185,0.1437861216919762,0.9237818717956543,0.38271042960030677,0.8865816014153612,-0.022841320346508695,0.9774882197380066,0.4500546199934821,0.8602189728191917,0.10912388350282393,0.8858034610748291,0.40584146976470925,0.8924356818199154,-0.07113877683877942,0.9862725734710693
38,0.41661566836493336,0.5625414814267837,-0.06988924401147022,0.9998638033866882,0.4139398481164658,0.5575450505529129,-0.06295247972011564,0.9996480345726013,0.4132254132202691,0.5576421397072926,-0.06304819956421849,0.999612033367157,0.4125335259096961,0.5577372721263338,-0.06304608104484419,0.9996954202651978,0.41397370270320333,0.5578960146222793,-0.07894431352615353,0.9998365044593811,0.4133336671761102,0.5582292982510155,-0.07905124149152207,0.9998877644538879,0.4126173274857656,0.5586022274834767,-0.07910505916391097,0.9999263882637024,0.40781282271657654,0.562064286640712,-0.028998366370797144,0.9997727274894714,0.4076438673904962,0.5627393858773365,-0.09950335600546423,0.999885618686676,0.4152413742882863,0.5707961320877073,-0.054485654830932595,0.9997965097427368,0.4152096680232455,0.5710998518126349,-0.07688462010451722,0.9998956918716431,0.4145353163991654,0.5996250322886874,0.03233211157577377,0.9999857544898987,0.3975250124931333,0.6164215496608186,-0.12185901296990254,0.9999955296516418,0.4362062062535965,0.5994235583714074,0.09310945847204749,0.6495310068130493,0.3976785889693667,0.6741712280682152,-0.14217326896531235,0.9967475533485413,0.46199535472052417,0.5924084680421009,0.10520755712475091,0.7661933898925781,0.4230588163648331,0.6897801399230954,-0.1486018900360379,0.9897989630699158,0.4685184146676743,0.5883656212261743,0.11035468791212348,0.7587414979934692,0.427397824185235,0.7035688894135608,-0.16570790920938755,0.9783095121383667,0.46917250922748,0.5867257646151949,0.09346243675265989,0.7627261281013489,0.42955810768263664,0.7004667128835402,-0.16490654434476573,0.9742683172225952,0.46634537833077544,0.5889995404652184,0.09832991276468545,0.7540866732597351,0.42802141308784464,0.6953474078859598,-0.1490082268204007,0.9405093193054199,0.40974835327693376,0.7114053845405575,0.052560017577239423,0.9999881386756897,0.3993964595454078,0.7125511901719226,-0.052513178225074474,0.9999918937683105,0.4246470017092566,0.7806487236704142,0.09046988551105767,0.8123747110366821,0.40149903212274807,0.7950066992214745,-0.04470603774700844,0.998751163482666,0.42903902445520653,0.8552952732358656,0.1450122918401445,0.9182068109512329,0.38878159182412264,0.872822168895176,-0.023836901624287865,0.9977585077285767,0.426721314873014,0.8713639361517765,0.14744482551302224,0.9263850450515747,0.3827448197773523,0.8863438912800375,-0.024094381449478,0.9780986309051514,0.4502267718315123,0.8622895155634195,0.11393151709011617,0.8948729634284973,0.4055913780416759,0.8925259232521052,-0.07228382442678721,0.9873785376548767
39,0.4146708803517476,0.561877163818904,-0.06363750291722159,0.9998751878738403,0.4119098603725431,0.5568696022033689,-0.056395903974771476,0.9996768236160278,0.41122700997761297,0.5570639371871946,-0.05648604972021917,0.9996446967124939,0.41055851834160917,0.5572533130645749,-0.056486204053674396,0.9997214078903198,0.4119391109262192,0.557125287396567,-0.07139136706079752,0.9998509287834167,0.41131708281380774,0.5575094035693575,-0.07150800739015849,0.9998976588249207,0.4106342571122304,0.557936254569462,-0.07156353379998885,0.9999324083328247,0.4062221407890318,0.56162051984242,-0.021422006455915306,0.9997933506965637,0.4059786285672867,0.5623423014368327,-0.08923292777367996,0.9998947381973267,0.41368235775402595,0.5701248322214396,-0.0478005596569606,0.9998142123222351,0.4134814109121049,0.5701105305126732,-0.06903611528021945,0.9999046325683594,0.4140255476747239,0.5953835844993588,0.0347457426467112,0.9999866485595703,0.3976675714765274,0.6145567212785991,-0.11217316772256573,0.9999954104423523,0.436685023988996,0.5841783574649263,0.0855995212282453,0.6704090237617493,0.39617934141840233,0.6695798345974511,-0.13508783153125212,0.9968872666358948,0.4606280199119021,0.5638462015560692,0.08946878846202574,0.7865674495697021,0.4209274479321069,0.6872559632573806,-0.1471020319632121,0.9898815751075745,0.4676326964582713,0.5564285567828584,0.09134447223373818,0.7793396711349487,0.42550824965749445,0.7020116141864229,-0.16489622635500764,0.9788065552711487,0.46785406725747225,0.5534224016325812,0.07689502239227292,0.7833086848258972,0.4272847754614692,0.6992631844111848,-0.16367869802883686,0.9749996066093445,0.464866438933781,0.5563891427857532,0.08306923178689817,0.7751315832138062,0.4258679483618053,0.6942366617066517,-0.14744915366172784,0.9412044286727905,0.411939672061375,0.7112146684101647,0.050927333640200724,0.999988853931427,0.40112485800470604,0.7122436778885974,-0.050885887337582425,0.9999921321868896,0.4282862416335513,0.7792335408074511,0.08835073198590955,0.813218891620636,0.403038442134857,0.79526492357254,-0.04960443579724854,0.9987645149230957,0.42943339943885783,0.855176985263824,0.14292141603572023,0.9210572242736816,0.3887908799307685,0.8727003931999203,-0.030302290511982768,0.9978392124176025,0.4267427223069325,0.8710546970367428,0.14542491691453108,0.9267255067825317,0.3827238423483711,0.8861899495124812,-0.030513892482433982,0.9778655767440796,0.4505478220326558,0.8644234197480334,0.11157934452806195,0.9016836881637573,0.40580436331885184,0.8927402377128597,-0.07888790667057033,0.9882602095603943
40,0.41268526400838557,0.5621355959347314,-0.06476594188383644,0.999886155128479,0.409469071456364,0.557142571040562,-0.05774649488074436,0.99970543384552,0.4089108969484055,0.5573109899248393,-0.05783918829900875,0.9996764659881592,0.40838983825274855,0.5574814234461101,-0.057842322438955276,0.9997466802597046,0.4093666630131856,0.5573587860379898,-0.07141646082912169,0.9998646974563599,0.408763243470873,0.5577055539403641,-0.07154788055590217,0.9999070167541504,0.4081425998892101,0.5580892971583773,-0.07160858128752023,0.9999383091926575,0.40468846304076045,0.5618012036596023,-0.02110588013061454,0.99981290102005,0.4041728564671106,0.5624407597950525,-0.08540072292089458,0.9999037384986877,0.41242119584764736,0.5699333991323197,-0.048711942774908853,0.9998312592506409,0.41194133503096425,0.5699148757117133,-0.06781140267848965,0.999913215637207,0.4133258802550178,0.5917406558990476,0.03004409666838389,0.9999876022338867,0.3981517493724821,0.6131972534315924,-0.10914187920945026,0.9999952912330627,0.43654903599194095,0.570270776748657,0.07170786623443873,0.6894548535346985,0.3946529924869535,0.6657529337065557,-0.1326080556426729,0.9969191551208496,0.4568410864898135,0.5370910125119343,0.0656577742525509,0.8057235479354858,0.41960938998631053,0.683475954192025,-0.1474099193300519,0.9896449446678162,0.46334858877318225,0.5274924491133006,0.06476550868579317,0.7988805174827576,0.42445527144840767,0.6987738915852134,-0.16622540525027676,0.978898823261261,0.46274660059383915,0.5243451237678526,0.05202105471066064,0.8027003407478333,0.4260444087641578,0.6967470782143725,-0.1635643030915941,0.9752582907676697,0.45990152869905726,0.527904427051544,0.059658868717295754,0.7949146032333374,0.4246966447149002,0.6915560449872695,-0.1469710047755922,0.940963864326477,0.41451929467064974,0.7110085044588358,0.048676560180527795,0.9999895691871643,0.40375154529299034,0.7120513694626941,-0.048647077381610844,0.9999924302101135,0.4316498007093155,0.7783853667122974,0.07758307137659615,0.8152997493743896,0.40569796817643283,0.7961353199822558,-0.055712719368083106,0.9986943602561951,0.4299849910395484,0.855398833751678,0.12258932760783597,0.9247838258743286,0.3887982998575481,0.8726270607539581,-0.04121340486620152,0.9978556036949158,0.42662763169833573,0.8711372579847059,0.12409355597836626,0.927392303943634,0.3827165492943353,0.8860598376819061,-0.04192314579018523,0.9768840670585632,0.45092045494488286,0.8665641478129791,0.0878169523818152,0.9088293313980103,0.4058398485183714,0.892961854594094,-0.09043899880988253,0.9889761209487915
41,0.41105865580695,0.5624482325145174,-0.08195293492504525,0.9998932480812073,0.4073108885969433,0.5573201196534291,-0.07604754098824089,0.999724805355072,0.40682935544422677,0.5575245806149072,-0.07614899086100711,0.9996983408927917,0.4064213454723356,0.5577209404536654,-0.07614848454083711,0.9997643232345581,0.40706760798181785,0.5575838225228442,-0.08950835966638152,0.9998753070831299,0.40642617430005734,0.558040756838662,-0.08964335194655823,0.9999141097068787,0.40580756749425595,0.558582304205213,-0.08971458364810259,0.9999423027038574,0.4032773963042666,0.5622298308781212,-0.03968041773353302,0.9998283982276917,0.4023909739085604,0.5633986098425726,-0.10066876145345818,0.9999096989631653,0.41150231787136604,0.5699516143117629,-0.0661537489720753,0.9998440146446228,0.4108910816056386,0.5698761429105483,-0.08457866598452837,0.9999194741249084,0.4130269127232685,0.5884214639663694,0.015384301862546367,0.9999880790710449,0.39848761643682185,0.6123493535178045,-0.11592148776565275,0.9999948740005493,0.4348554083279199,0.557841759068625,0.058468191325664484,0.694125771522522,0.39315302371978744,0.6637338110378808,-0.13450186231306616,0.9965068101882935,0.4491978440965923,0.5142426082066125,0.05470667758158272,0.8209851980209351,0.41857654878071354,0.6799964785575864,-0.15204716878277907,0.9883311986923218,0.4550396706376755,0.5027198050703319,0.052782472223043414,0.8148733973503113,0.4234693629401069,0.694433532442365,-0.17056669252259382,0.9777707457542419,0.45366989885057696,0.500654488801956,0.04178814994437352,0.8186468482017517,0.4248895083154949,0.692439360277993,-0.16870048216411038,0.9742230176925659,0.450809735059738,0.5043555949415477,0.049955231377056646,0.8108177781105042,0.4235693071569713,0.6875986014093669,-0.15180796682834619,0.9374760389328003,0.41693159682410086,0.7103995834078104,0.04626426739352088,0.999989926815033,0.40654520222118906,0.7117599998201639,-0.046242024323769955,0.9999923706054688,0.4354634463787077,0.7771714517048424,0.0690643319061824,0.810634434223175,0.40865584356444207,0.7976882100105281,-0.0558024099894932,0.9984777569770813,0.4308225861617495,0.8558359912463593,0.10959443471261426,0.9263578653335571,0.3889512394155773,0.8726293700081957,-0.042249314486980424,0.9977129101753235,0.42670969707625234,0.8712701576096666,0.11072354465723032,0.9254336357116699,0.3826885121209279,0.8857447760445727,-0.04191662605319702,0.9738062024116516,0.45134236386844073,0.8688889946256361,0.07267798792038642,0.9138792753219604,0.4057947005544388,0.8929535559245514,-0.09035546694483071,0.9893054366111755
42,0.41033055612019115,0.5629895891462051,-0.08338730292660845,0.9998964667320251,0.4063025023256028,0.5580049616949896,-0.07763708255120683,0.9997367858886719,0.4059214719704217,0.5582468390464781,-0.07773793233292439,0.9997112154960632,0.40559862596648066,0.5584665451730998,-0.07773638277181555,0.9997743368148804,0.4058666918958934,0.5588310241699216,-0.09001410885580945,0.9998835325241089,0.4051528615610938,0.5597855210304258,-0.09015760043902052,0.9999194741249084,0.4044238976069857,0.5608261108398436,-0.09023793180074006,0.9999450445175171,0.4025540317807877,0.5633679781641276,-0.04064080156385897,0.999839723110199,0.4008886499064307,0.5666990791048321,-0.09723678933722626,0.9999143481254578,0.41124219383512206,0.5702095491545538,-0.06722607639219078,0.9998522400856018,0.41047568150929026,0.5706142289297919,-0.08422521459204806,0.9999236464500427,0.4131054222583769,0.5855576889855518,0.014172151165881318,0.9999876022338867,0.39863944223948866,0.6117736339569089,-0.10958114394119803,0.9999940395355225,0.4315517842769621,0.5487097757203235,0.050191019262586296,0.6798295974731445,0.3921005853584833,0.6629040871347697,-0.13242888344185688,0.9954931735992432,0.43960698246955854,0.498183260645185,0.05265555850097109,0.8304550647735596,0.41712951149259275,0.6771830490657258,-0.15799389140946518,0.9862178564071655,0.4438953280448911,0.4857235508305684,0.053233599237033274,0.8261858820915222,0.422054520675114,0.6896820766585211,-0.17659743896552488,0.9756747484207153,0.44262211748531866,0.48427991696766426,0.03708564043045042,0.8301236629486084,0.4235596503530228,0.6871284893580842,-0.17581308739525925,0.9722289443016052,0.44026163731302514,0.4887499579361505,0.04415757496442111,0.8213914632797241,0.4223326069968086,0.6828798958233422,-0.15818299353122703,0.9320816397666931,0.4190246658665791,0.7095417329243248,0.04542291206972937,0.9999898076057434,0.4087552309036253,0.7113676003047394,-0.045408528830323876,0.9999918937683105,0.4395675139767781,0.7761657765933442,0.06133734605142045,0.8104187250137329,0.4115790724754332,0.7992100596427913,-0.06050623485020226,0.9980652928352356,0.43153664810316883,0.8559835927827013,0.10437867130552014,0.9283669590950012,0.38920069336891155,0.8726437432425358,-0.04738435032112256,0.9973494410514832,0.42689193402017844,0.8712883676801405,0.10598592460155482,0.9232097864151001,0.3827461191586084,0.8853154352733063,-0.046344852979694075,0.9685838222503662,0.4517263838223046,0.8707126208714072,0.06797596833535599,0.9181510210037231,0.4059613662106648,0.8931300469807212,-0.09491395439420423,0.9891152381896973
43,0.40995110017912706,0.5632754802703854,-0.05709333217569758,0.9999009370803833,0.4058533515248978,0.5590517299515858,-0.05079292341002394,0.9997512698173523,0.4055050679615564,0.5593947035925726,-0.05088758793260367,0.9997273087501526,0.4052213915756768,0.5596795150211876,-0.05088767827089342,0.9997871518135071,0.4054285832813806,0.560461274215153,-0.06281567721494605,0.9998915195465088,0.40472622598920527,0.5619704025132313,-0.0629627503454685,0.9999248385429382,0.40401292443275433,0.563486461980002,-0.06304150048111162,0.9999479055404663,0.4022800488131385,0.5653951014791213,-0.015320391899773047,0.999851644039154,0.4003606847354342,0.5706543632916039,-0.07086925687534465,0.9999184608459473,0.4111100605555941,0.5703243953841071,-0.041821384722633,0.9998618364334106,0.4103062970297675,0.5712356226784839,-0.05837339710976394,0.9999280571937561,0.4132199602467671,0.5851838861192973,0.03193083863173211,0.9999879002571106,0.39881704194205125,0.6115283352988105,-0.08798303966011316,0.9999936819076538,0.42656057051249896,0.5423940743718826,0.0602416138563837,0.6953994631767273,0.3914136826992033,0.6633751545633585,-0.12052633294037404,0.9946836829185486,0.42994544420923486,0.4891688253198349,0.06514162421226499,0.8459373712539673,0.415746246916907,0.6748987674713132,-0.15779003415788917,0.9858550429344177,0.4333566316536493,0.4767912089824674,0.0640303887426853,0.8421880602836609,0.420961523907525,0.6845034803662978,-0.17664622153554635,0.9763075709342957,0.4323600530624388,0.4753723493644167,0.049824924554143606,0.8458160161972046,0.4224513811724525,0.6808994957378929,-0.17508806841714034,0.9731388092041016,0.4304767293589454,0.480045117650713,0.05550722756556099,0.837592601776123,0.4211787274905612,0.6775647061211718,-0.15764194216047006,0.9346376061439514,0.4213668022836956,0.7097928047180173,0.04557246991566247,0.9999901652336121,0.4107449880668093,0.7120169179780139,-0.045560747917209335,0.999991774559021,0.44318864771297983,0.7758668235370088,0.052650860697030996,0.8254913091659546,0.4142614287989478,0.800984498432704,-0.06801145481211796,0.9980341196060181,0.4322696873119897,0.8557431731905252,0.10283175877162384,0.9340218305587769,0.3896847103323254,0.8725978732109065,-0.04785069163356506,0.9973812103271484,0.4269046195915765,0.8709557737622938,0.10553289332560126,0.9280223250389099,0.3829958932740346,0.8847769175256996,-0.04610255935362405,0.9685782790184021,0.4520627421992163,0.8719125883919848,0.06942515234862051,0.9250238537788391,0.40669253042766007,0.8935996719769065,-0.09355560732739308,0.9897387027740479
44,0.4095318930489674,0.563955051558358,-0.020682632603815608,0.9999054670333862,0.40533045700618175,0.5610667722565785,-0.013331218915326244,0.9997667670249939,0.4049847543239592,0.5615465300423755,-0.013421689293214242,0.9997451901435852,0.40470243692398056,0.5619492343493868,-0.013422347445573116,0.9998010993003845,0.405060758760997,0.5624974812780106,-0.025623920613101536,0.99989914894104,0.40448219691004056,0.5641183614730833,-0.025767875303115147,0.9999300837516785,0.40389499919755095,0.5656089765684943,-0.025836252314703788,0.9999508261680603,0.4020469137600488,0.5688735144478931,0.019129950020994456,0.9998639225959778,0.4005817021642411,0.5735294018472941,-0.03588472093854629,0.9999231100082397,0.4110545498984199,0.570771047047206,-0.006707181196127613,0.9998716711997986,0.4103986987045831,0.5720392516681124,-0.023653934789555395,0.9999324679374695,0.41323570183345226,0.5858628000531875,0.057965121804071304,0.999988317489624,0.3989143337522232,0.6136603014809742,-0.0622450300625392,0.9999932646751404,0.4210975442613872,0.539462808200291,0.08055977810706408,0.7141562104225159,0.3911607878548757,0.66395103590829,-0.1070485555699893,0.9936269521713257,0.4210043489933012,0.4865042218140191,0.07912941814533299,0.8600975871086121,0.41419593095779395,0.6728140967232837,-0.15571081723485666,0.9848424792289734,0.42283144763537794,0.4735714060919623,0.07501721919647282,0.8568390607833862,0.4198665031364984,0.6804015670503886,-0.1754442891904285,0.9765437245368958,0.42230570912361126,0.472252696752548,0.06613197135073795,0.8601440787315369,0.42119060754775983,0.6755571791103905,-0.17299248831612715,0.9735550880432129,0.42133176497050673,0.47725196821348986,0.07156626928065501,0.852489173412323,0.4198063220296585,0.6727916274751933,-0.155497578212193,0.9366063475608826,0.42461710572242717,0.7120249816349571,0.046340217015572935,0.9999907612800598,0.41304215873990724,0.714861338479178,-0.04633151026708737,0.9999919533729553,0.44642831087112406,0.7760259883744371,0.046968178025313764,0.8421437740325928,0.41656304938452565,0.8028979471751618,-0.07762080420340807,0.9981657266616821,0.43313198770795525,0.8554757101195196,0.10070671396596087,0.9401736855506897,0.3903206237724847,0.8725203650338306,-0.05301556746874535,0.9975461959838867,0.42723387820380054,0.8703134025846205,0.10400693501744947,0.9341738224029541,0.38331948859351006,0.8843939951487946,-0.05184998661279676,0.9701722860336304,0.4525493775095256,0.8728493400982444,0.0703127203243119,0.932077169418335,0.4074447674410682,0.8939385873930791,-0.09794468964849194,0.9905515313148499
45,0.4094333776405878,0.5657173667635234,-0.02251656811152184,0.9999008774757385,0.4050961920193261,0.5637928979737415,-0.013927558969174105,0.9997650384902954,0.40472798262323634,0.5643469946725026,-0.014050802641681254,0.9997451305389404,0.4044085110936844,0.5648380517959593,-0.014043238359902574,0.9998012185096741,0.4050135331494466,0.5649568523679458,-0.026319980993866905,0.999900221824646,0.40456955092293856,0.566467670031956,-0.0264757138277803,0.999930739402771,0.40410673788615614,0.5679323571068897,-0.026560905948281272,0.9999496936798096,0.40210248572485763,0.573086060796465,0.028960394486784925,0.9998692274093628,0.40137132746832693,0.5765746865953715,-0.03477093843477111,0.9999204277992249,0.4112381943634576,0.5721229859760827,-0.007035841872649527,0.9998725652694702,0.41080125910895193,0.5734969411577494,-0.024149932765534933,0.9999307990074158,0.4133297026157377,0.5871030909674506,0.05744540212409834,0.9999879002571106,0.39932452440261823,0.6178360342979429,-0.06465257938419067,0.999991774559021,0.41657836522374814,0.5392374430383953,0.07933266865355623,0.7318642735481262,0.39108423931258046,0.6657059311866758,-0.11748890749045775,0.9922131299972534,0.4131803095340727,0.4860284703118458,0.062097835381116157,0.8722676038742065,0.41244801793779623,0.6717290929385591,-0.17866289615631095,0.9833397269248962,0.4137330642768313,0.47215098312922865,0.0531702247265327,0.8692414164543152,0.4182840815612246,0.6781762378556384,-0.20113108967031743,0.9758798480033875,0.413260507583618,0.4709691379751476,0.05053711630670085,0.8722500205039978,0.41955266339438285,0.6716274380683895,-0.19834432431629717,0.9729703068733215,0.41283174753189067,0.4760511415345326,0.0590805098680513,0.8649678230285645,0.4181282980101447,0.6692338381494791,-0.17882754632404863,0.9364027976989746,0.4284260996750421,0.7155510800225391,0.046921961435249855,0.9999911785125732,0.4161695786884851,0.7196751100676397,-0.046916844589369615,0.9999920725822449,0.44905624304498926,0.7770054595811022,0.06191457627075056,0.856675922870636,0.4185549804142541,0.8059181962694437,-0.07776596184287748,0.9982601404190063,0.4338655667645589,0.8554213438715249,0.12038166671991343,0.9455282688140869,0.39080958792141485,0.8724815215383253,-0.04996380486658639,0.9976502656936646,0.42779662098203364,0.8697939770562304,0.12397546406303128,0.9394295811653137,0.38341739773750283,0.884215220383235,-0.046856777369976024,0.9710769057273865,0.4531975303377422,0.8732379555702205,0.08794528299144332,0.9382139444351196,0.40762902157647246,0.8939993500709529,-0.09541202272687635,0.9911808371543884
46,0.4098264013017925,0.5690371496336798,-0.04691065943666865,0.9998667240142822,0.4052449660641805,0.5674398422241208,-0.037549301556178485,0.9997128844261169,0.4048976199967519,0.5679262791361125,-0.03770668368254387,0.9996930956840515,0.404564925602504,0.5683681181498933,-0.03769401530069962,0.9997608065605164,0.40519749437059654,0.5690405743462696,-0.050086313752191386,0.9998811483383179,0.4047993770667483,0.5708519203322272,-0.05025067536958624,0.9999170899391174,0.4043161502906253,0.5727073362895417,-0.0503569688115801,0.9999352097511292,0.40245799081666106,0.5773286598069325,0.015138704702258103,0.9998528361320496,0.4018040180206297,0.5816809994833807,-0.05384618086474279,0.9998907446861267,0.4118160128593443,0.5746639013290402,-0.029018422269395404,0.9998449683189392,0.411435601540974,0.5769594907760617,-0.046367303494896185,0.9999080300331116,0.4135783101831162,0.5883133581706452,0.04138307347893713,0.9999860525131226,0.39996107305799194,0.6240938595363069,-0.08041746360915045,0.9999864101409912,0.41360627923692955,0.540536740847996,0.05822489570294105,0.7431873083114624,0.3909592628479002,0.6702542918069019,-0.1445738773260797,0.9893998503684998,0.40649907078061764,0.48758960025651094,0.031991798989474754,0.8805301189422607,0.4101558276585168,0.6712142705917356,-0.21859792854104715,0.9778026938438416,0.4056168258190153,0.47290151800428093,0.02331488230265676,0.877498984336853,0.4159925486360275,0.6770691394805906,-0.24488427937030782,0.9704262614250183,0.4048696117741719,0.4721610716411044,0.017166840444718084,0.880307674407959,0.41742779186793716,0.6691258277211868,-0.24204253000872464,0.9673474431037903,0.40483460341181055,0.4776797992842536,0.028222153282591263,0.8727229833602905,0.41594612768718153,0.6670419148036408,-0.2194090221609387,0.9262840747833252,0.4323728399617329,0.7191167150224955,0.04711061290332247,0.9999910593032837,0.4194481330258504,0.7246980071067807,-0.047110607155731725,0.9999914169311523,0.45188601613044715,0.7793148211070466,0.08079145380428855,0.8678930997848511,0.42074480993407093,0.808546457971845,-0.07649060274873458,0.9982374906539917,0.4343634733131952,0.8554764372961858,0.14181567345346716,0.9500936269760132,0.39130495871816345,0.872653107983725,-0.046697879901954086,0.9975969195365906,0.4280921927520205,0.8696351579257416,0.14537722127778183,0.9437118768692017,0.3836637718336921,0.884263319628579,-0.041601176134177596,0.9701970219612122,0.45368869389806454,0.8730555551392687,0.10562640471117833,0.9433680772781372,0.40808225103787,0.8942056877272465,-0.09351536738021028,0.9914143681526184
47,0.4101608599935257,0.572730435643877,-0.07243761015789846,0.9998115301132202,0.4053248601300374,0.5712532009397231,-0.06306972583489756,0.9996359944343567,0.40501374602317797,0.5715082832745141,-0.06323702532265865,0.9996188879013062,0.4047131870474132,0.5717693226678029,-0.06322603058069942,0.999702513217926,0.4052561112812585,0.5738334332193644,-0.07605197136955599,0.9998500943183899,0.40484952330589274,0.5760163903236386,-0.07621755163584433,0.999894917011261,0.4043403344494954,0.5783145921570911,-0.07633145605879166,0.999911904335022,0.4027742743492125,0.5802507758140562,-0.008707314516816816,0.9998297691345215,0.401787404503141,0.587145137786865,-0.07739138390336714,0.9998458027839661,0.41231260980878537,0.5774588380541117,-0.053223616177482246,0.9998030066490173,0.4118956506252287,0.5809409618377683,-0.07115032869790278,0.9998711347579956,0.4139864189284187,0.5899815303938727,0.02376041393727063,0.9999836087226868,0.40088197844369056,0.6308155758040289,-0.09780357267175396,0.9999767541885376,0.41167917507035373,0.5419705237661088,0.037740129924246225,0.7520435452461243,0.3907901636191775,0.6775376013347078,-0.16835145460707793,0.9861325621604919,0.4005468215261185,0.4902301992688858,0.004233046993613239,0.8876915574073792,0.4089703117098125,0.6711449912616181,-0.2509652452809469,0.9705970287322998,0.3991629643099647,0.47520166890961757,-0.0063306502449060114,0.8847142457962036,0.414776802914483,0.6761667353766302,-0.2793506950139998,0.9629789590835571,0.3978237875870294,0.47506652644702346,-0.012801325573985061,0.8873531222343445,0.41632193752697516,0.6669928908348081,-0.27639008590153274,0.9596614241600037,0.3976925075054167,0.48090908101626784,8.223416017634353e-05,0.8793336153030396,0.4147097740854534,0.6654797536986212,-0.25192954667976913,0.9127581715583801,0.4356416898114338,0.7223003166062488,0.04724958028112137,0.9999902248382568,0.4223310053348539,0.7290508644921436,-0.0472525792462485,0.9999896883964539,0.45464503935405165,0.7829786011150901,0.08450004979968068,0.8776322603225708,0.4238252844129288,0.8108632598604472,-0.07695194035768506,0.9981582164764404,0.43500366806983926,0.8557472552571974,0.14513629227876657,0.9537926316261292,0.3919513881206511,0.8729331868035448,-0.044257595928918016,0.9973745942115784,0.42832675831658484,0.8697334868567327,0.14857551072325018,0.9470762610435486,0.38418553982462184,0.8843645078795292,-0.037988167748387355,0.9685492515563965,0.45405662570680866,0.8728972298758366,0.10542388047490796,0.9474544525146484,0.4092135965824125,0.8937991585050306,-0.09180013069084708,0.9912527203559875
48,0.41026362776756264,0.5758601069450375,-0.08504047510879377,0.9997891783714294,0.4053060242107934,0.5748652424131118,-0.07612626084259574,0.9996089935302734,0.4050368096147263,0.5749701499938962,-0.0762797476989882,0.9995937347412109,0.4047878393105096,0.5751151033810205,-0.07627060807176994,0.9996816515922546,0.40518633212362,0.57789853981563,-0.09018612844603399,0.9998393058776855,0.4047536841460635,0.5802292466163632,-0.09034269292439728,0.9998870491981506,0.4042464196681974,0.5828597937311442,-0.09044603865061483,0.9999030232429504,0.40288673979895434,0.5829244443348474,-0.02956669112401348,0.9998228549957275,0.4015777460166384,0.5915674516132896,-0.0937423501695905,0.9998264908790588,0.4125025910990577,0.5802526133401051,-0.06611128481371059,0.9997888803482056,0.4121361502579278,0.5845117858477998,-0.08544694430061744,0.9998565912246704,0.4146551830427985,0.5924495560782294,0.014371672824823423,0.9999822974205017,0.40209551198141896,0.6366728356906343,-0.1088151267596653,0.9999693036079407,0.4098174759319848,0.5435779264995028,0.02732933288706199,0.7647634744644165,0.3907008375440323,0.6850963541439599,-0.18110438883304586,0.9844192862510681,0.39494512932641146,0.4941085338592527,-0.009811444660382607,0.8949877023696899,0.4084213060992103,0.671520822388785,-0.26477781193596966,0.9665674567222595,0.39267698866980394,0.4792202464171816,-0.020921905531681,0.891905665397644,0.4143066968236649,0.6745339257376531,-0.29376265236309584,0.9585674405097961,0.3910019389220645,0.479561262471335,-0.02722914437098161,0.8943566679954529,0.4158052980899809,0.6647978629384719,-0.2899748010294777,0.955117404460907,0.3912001226629528,0.485712111847741,-0.013978447286146022,0.8860819935798645,0.41395025764192833,0.6643858398709974,-0.2654847000326428,0.9052527546882629,0.43859446644783,0.7248307773045128,0.047427366354635764,0.9999887347221375,0.4254401198455264,0.7325485365731372,-0.047435480036905814,0.999987006187439,0.4563158486570629,0.7867211018289835,0.07746153495141433,0.8867148756980896,0.42715512258665883,0.8119222130094252,-0.07641592047044206,0.9980459213256836,0.436028046267373,0.8559062157358438,0.1427679789917809,0.9566377997398376,0.39324633990015284,0.8725193534578591,-0.028445192665926034,0.9970169067382812,0.42931455884660974,0.8696931021554125,0.14699231939656388,0.9491459131240845,0.3850546121597288,0.8828227877616879,-0.02230799464242798,0.9656388163566589,0.4543184791292461,0.872776091098785,0.10504710865872242,0.9507416486740112,0.41030716300010667,0.8923030546733307,-0.07233035841158456,0.9908319115638733
49,0.41044302242142794,0.5796663131032669,-0.09409077380384714,0.9997809529304504,0.4055923989840915,0.5786378826413833,-0.08518120007855548,0.9996100068092346,0.4052941696984425,0.5785942861012048,-0.08533604485648015,0.9995978474617004,0.4049965339047566,0.5786081348146708,-0.08532284966536927,0.9996830224990845,0.40545525550842265,0.5818707942962644,-0.09933951901538027,0.99983811378479,0.404971465042659,0.5843065278870716,-0.09950074510914934,0.9998859763145447,0.4044536267008098,0.5870332871164592,-0.09960405911718093,0.9999004006385803,0.40310432655470696,0.5856660774775911,-0.03831718223435536,0.9998279809951782,0.4017648705414361,0.5954420328140255,-0.10306761179651529,0.9998226761817932,0.4126920964036667,0.5839282342365807,-0.07481437793799806,0.9997879862785339,0.41223424332482456,0.5885927728244235,-0.09429510533809657,0.9998522400856018,0.41648274149213493,0.5958164606775553,0.005588672868907449,0.9999815821647644,0.40358571665627596,0.6404051457132609,-0.11652280432837345,0.9999605417251587,0.4079376169613428,0.5454064505440845,0.01287775683615888,0.7788771390914917,0.3908323109149931,0.6906599436487467,-0.19072060201849247,0.9826405048370361,0.39043820159775855,0.4985164923327307,-0.028187473331178926,0.9018896818161011,0.4073730068547383,0.6721599084990362,-0.27641804558890193,0.9617911577224731,0.3875077017715997,0.4849247540746414,-0.04023258588110494,0.8984729647636414,0.4130288481712339,0.6719729559762134,-0.3058429300785063,0.952592670917511,0.3855444984776631,0.4854188408170425,-0.046125647412346926,0.9006944298744202,0.4147522875240869,0.662774232455662,-0.30089937193053096,0.9485854506492615,0.3862024349825721,0.49165319715227374,-0.032311657736343986,0.8922429084777832,0.41296856658799286,0.6636136054992673,-0.2767987098012651,0.8946828246116638,0.4412675287042343,0.7265941960471014,0.04723221947039874,0.9999876022338867,0.4288387017590657,0.7347623876162934,-0.047254366534096835,0.999984622001648,0.45817024282046703,0.7899857435907632,0.07078939069594653,0.8963932991027832,0.43011511734553726,0.8137442163058687,-0.07213843933173585,0.9979919791221619,0.43701092856270907,0.8554470385823927,0.14530533424445555,0.9595877528190613,0.3950155811650411,0.8708757519721981,-0.01108093610964715,0.9966793060302734,0.43045926179204647,0.8686462436403543,0.14957591508116033,0.9511957168579102,0.3855969284261974,0.8802168301173614,-0.004982927754255276,0.9628778100013733,0.45431213889803185,0.8727414250373836,0.1098537996411323,0.9539095163345337,0.4105737021991183,0.8908663919993806,-0.05267978800194602,0.9903178811073303
50,0.4108626723289488,0.5843704530170983,-0.09836634652955187,0.99977707862854,0.4061351852757588,0.5824738809040613,-0.08863392749002998,0.9996171593666077,0.4058997256415229,0.5821523802621021,-0.08879289648362565,0.9996083378791809,0.4056498144354137,0.5819120900971546,-0.0887765886528151,0.999689519405365,0.40586390410150786,0.5862948911530628,-0.10282691930021554,0.9998382329940796,0.40540656532560054,0.5888508558273313,-0.10299391533647259,0.9998857975006104,0.40488219772066375,0.59149306501661,-0.10310095144169666,0.9998984336853027,0.4040125642504009,0.5884057913507732,-0.04027624406984873,0.9998350143432617,0.40206325820514116,0.5994560343878607,-0.1054801436407225,0.9998196363449097,0.4134701669216154,0.5885831424168175,-0.0778198278376034,0.999789297580719,0.41258165751184717,0.5938120228903632,-0.09738075499023706,0.9998489022254944,0.41888525060244947,0.5993729693549017,0.004427689120971729,0.9999811053276062,0.4049744418689181,0.6441966346332002,-0.11913194315774094,0.9999505281448364,0.40684846809932146,0.546810824530465,0.011149218385773041,0.7927483916282654,0.39112714529037457,0.694963010719844,-0.1932039065020424,0.9802699685096741,0.387680217197963,0.5024535647460391,-0.030068212401654026,0.9080522656440735,0.405429182733808,0.6726496560232977,-0.2791261749608175,0.9510842561721802,0.38377288920538744,0.49093907901218936,-0.04216025663273673,0.9040665030479431,0.40980148826326623,0.6694217715944559,-0.30855232477188094,0.9388886094093323,0.3817101657390593,0.4914803002561839,-0.04766331080879482,0.9060611128807068,0.41225490995815806,0.6611422709056306,-0.30245645557131073,0.9336525797843933,0.38285113487924827,0.49722855005945454,-0.03404267174857002,0.8973250389099121,0.4110851330416541,0.6630094306809557,-0.27908692189625317,0.8730295300483704,0.44435021792139306,0.7277225749833239,0.04695180665169441,0.9999864101409912,0.43264935272080535,0.736133846214839,-0.04698562419840265,0.9999821186065674,0.4616942201341899,0.7916960392679484,0.059935607441834016,0.9057297706604004,0.4329083876950398,0.8160223790577475,-0.07146572832550319,0.9980003833770752,0.43787275382450624,0.8531028423990518,0.1435418158769607,0.9622335433959961,0.3972371041774748,0.8680947235652374,-0.0016614507617694965,0.996407687664032,0.43110296641077295,0.8650286964007783,0.14857768544128958,0.9531219005584717,0.3865454792976377,0.8769122294017243,0.004676931657429251,0.9609947204589844,0.453134843281337,0.8728152513504024,0.11054683710847577,0.9567257165908813,0.4102588542870111,0.8897600769996639,-0.04126214821423801,0.9899331331253052
51,0.41160064339637736,0.5869040693555557,-0.09358744727713716,0.9997783303260803,0.40671465396881085,0.5846015487398417,-0.0841409657682691,0.9996289610862732,0.4066415071487425,0.5841711061341419,-0.08428234543119154,0.9996228814125061,0.4065521887370516,0.5838322997093198,-0.08427054349865229,0.9996992349624634,0.4061357676982878,0.5888272728238784,-0.0979964564953531,0.9998418688774109,0.4056916066578454,0.591465171745845,-0.09815109095403121,0.9998883008956909,0.40515172055789384,0.593967613152095,-0.09824368208646769,0.9998993277549744,0.4054180043084279,0.5900546107973368,-0.0336086152919701,0.9998432397842407,0.4023333881582531,0.6017874819891791,-0.09888762150491982,0.9998229742050171,0.4148985845702033,0.5916038938931054,-0.0738319737570626,0.9997948408126831,0.4134730594498769,0.5969583324023653,-0.09284159030233106,0.9998503923416138,0.4214188303266251,0.6017550434385024,0.009989279109452447,0.9999807476997375,0.4064106702804563,0.6480773976870943,-0.11466504399265556,0.9999415278434753,0.40720988086291704,0.547909731524331,0.01930925255375248,0.8076716065406799,0.3913365832396914,0.6977942262377055,-0.18636364042758932,0.980106770992279,0.3869838774204252,0.5059928195817127,-0.02280470116862228,0.9151102304458618,0.40329381227493266,0.6733300038746421,-0.27155529516083843,0.9500017166137695,0.38240858657019455,0.4954561105796267,-0.03454284614750316,0.9108831286430359,0.40615161146436396,0.6681467379842483,-0.300642282622201,0.9363802075386047,0.38040299841335823,0.49563860041754565,-0.039961632447583315,0.9126611351966858,0.4093508771487643,0.6597802162170407,-0.2940082090241567,0.9308755993843079,0.381707168476922,0.5010596888405934,-0.02670696771570613,0.9040811657905579,0.40891821810177376,0.6623786245073587,-0.2712719764028275,0.8695172071456909,0.44764059100832243,0.7282006314822602,0.04691586515733172,0.9999856948852539,0.4362349816731042,0.7370955484254016,-0.046961694317204594,0.9999802112579346,0.46664078661373665,0.7923052225794107,0.04908193466918807,0.9147354364395142,0.43578266842024643,0.8183242201805111,-0.07557825616427827,0.9981119632720947,0.4383630403450555,0.8502593636512752,0.1344509989023208,0.9652120471000671,0.39856698513030986,0.8645760382924756,-0.006281422936756693,0.9963823556900024,0.431410730736596,0.8605824249131335,0.1400077368531908,0.9558869004249573,0.3875367684023719,0.8724493656839638,0.0005895670037716618,0.9614025354385376,0.45176926084927127,0.8726313693182804,0.10289924315043852,0.9599618911743164,0.40983533518654935,0.8885577031544272,-0.04266344814428259,0.9900660514831543
52,0.4119375671659195,0.5893920728138512,-0.09540693887642449,0.9997400045394897,0.4066999086311883,0.5872266088213236,-0.08610198540346958,0.9995893239974976,0.40686602422169255,0.5866364683423722,-0.08624114841222759,0.9995872378349304,0.40703618696757704,0.5861363547188893,-0.08623351284435814,0.9996702671051025,0.4056799650192259,0.5914405158587861,-0.09944770868335447,0.9998192191123962,0.4053064806120734,0.5937502690723961,-0.09960113912820812,0.9998711347579956,0.4048138907977511,0.595967398371015,-0.09969515247004368,0.9998815059661865,0.4065778340612137,0.5918149556432448,-0.03311471720891338,0.999835729598999,0.40236333523477813,0.6027831843921113,-0.09640970251389908,0.9997968077659607,0.41587711657796567,0.5939019066946845,-0.07555352108819141,0.9997749328613281,0.4141896971634454,0.5992728982652934,-0.09384429752826687,0.99982750415802,0.42249653679983934,0.6025389858654564,0.012743357109970275,0.9999794960021973,0.40804536512919815,0.6499554003987991,-0.11276977722133905,0.999928891658783,0.4082826691014424,0.5487828407968791,0.02418394527797187,0.8188499212265015,0.3913791511740002,0.6994857038770399,-0.18686148141111636,0.9791510105133057,0.3886453279427118,0.5083834716251916,-0.01806026047893932,0.9203746914863586,0.40265426209994704,0.6719623940331592,-0.2751443709645951,0.9480010271072388,0.3827808524881089,0.49819061670984516,-0.0291526754519769,0.9159966707229614,0.40496368152754625,0.6652453507695877,-0.3048541665077208,0.9332647919654846,0.3808016223566871,0.4979967219488959,-0.03477875845772878,0.9176245331764221,0.4082038155623843,0.6564289314406255,-0.2980653882026671,0.9274308681488037,0.3826404230935231,0.5033917086465016,-0.0219270142593554,0.9088969230651855,0.40800872019359025,0.6596999049186704,-0.27486019219670965,0.8647145628929138,0.45029079914092995,0.7279207927840092,0.04709142946771211,0.9999837875366211,0.4397226265498568,0.7372652360371178,-0.04714568736297741,0.9999760985374451,0.4708021036216189,0.7923004439898896,0.049716367466109114,0.9218814969062805,0.439551999739238,0.8193343486104688,-0.07768282656158716,0.9980926513671875,0.43843215959412685,0.8474290149552477,0.1376123347452708,0.966943085193634,0.39956566095352153,0.860796555450984,-0.001984963605978659,0.9958599209785461,0.4314814584595814,0.8554719431059696,0.14442385988576065,0.957036554813385,0.3885549374989099,0.8664484807423178,0.0058639215438493625,0.9595685005187988,0.45044721705572927,0.8713611721992489,0.10936670750379557,0.961715817451477,0.40955835069928836,0.8858322909900116,-0.03307409616453306,0.9891453981399536
53,0.4147208281925745,0.5908411656107219,-0.10380224915487421,0.999654233455658,0.40928372570446536,0.588549630982535,-0.09490133832607946,0.9994919896125793,0.40928586891719254,0.5880645922252108,-0.09504565447568888,0.9994927644729614,0.40930066108703594,0.5876877154622756,-0.09503598958253856,0.9995924830436707,0.40811143432344693,0.5924124360084531,-0.10810239559837745,0.9997696280479431,0.4075424398694718,0.594408333301544,-0.10826170071959491,0.999835193157196,0.40689261981419134,0.5963223678725105,-0.10836496427655215,0.9998448491096497,0.40824136137962325,0.5931690539632521,-0.041801790407459634,0.9998078942298889,0.40440145901271257,0.601953327655792,-0.1039706604821341,0.9997408390045166,0.417735798869814,0.5950240424701143,-0.08358220745410234,0.9997278451919556,0.41624328408922445,0.6001152685710359,-0.10171519294381137,0.9997806549072266,0.42273882712636657,0.6030076691082542,0.00814950729587248,0.9999764561653137,0.40992076737540084,0.6489779557500563,-0.1182422987052372,0.9999075531959534,0.4095978455884114,0.5493873817580084,0.02020215317606925,0.827064573764801,0.3917160221508569,0.6989322423934934,-0.20075153069836743,0.977948009967804,0.39046554650579157,0.5087585117135727,-0.02413787426693098,0.9257624745368958,0.4036637902259825,0.6656663673264637,-0.2942463304315293,0.9487554430961609,0.38540685772895794,0.4996050664356775,-0.03528918820832455,0.9214062094688416,0.40605942606925943,0.6567062854766843,-0.32536744986261623,0.9336220026016235,0.3835112844194683,0.49941996080534773,-0.041879617215766156,0.9229418635368347,0.4084918660776954,0.6485485247203279,-0.3184066993849617,0.9280168414115906,0.3854035820279801,0.5043057492801118,-0.02842507820044244,0.9142378568649292,0.4085226791245595,0.6526343158313204,-0.2940042393548147,0.866095781326294,0.4519271986825123,0.727380435807364,0.04748173377343584,0.9999772310256958,0.4429976761341093,0.7363519668579098,-0.047537878368582025,0.9999651312828064,0.4729635511125835,0.7924057449613294,0.05982107988425661,0.9273489117622375,0.4433038711547849,0.8195550050054274,-0.0760282456874847,0.9978216290473938,0.43830635036740967,0.8462378842490057,0.15229144905294684,0.9661529660224915,0.40070620264325807,0.8579577633312767,0.008910667204431125,0.9941458106040955,0.43178180626460466,0.8526996084621971,0.15904555320739738,0.9549645185470581,0.38949144312313605,0.8612224595887317,0.017798253035704998,0.9534038305282593,0.44970498681068405,0.8698686804090223,0.12502200284174506,0.9606372714042664,0.4095719243798935,0.8834025876862658,-0.01607711650431155,0.9862133264541626
54,0.41758993012564505,0.5913869755608692,-0.09223001397081779,0.9995594024658203,0.4123878010681695,0.5894007597650798,-0.08232630491256711,0.9993978142738342,0.412209733043398,0.5888040781021115,-0.08247834960264816,0.9993929266929626,0.4120780978884014,0.5883185097149437,-0.0824721933475562,0.9995272159576416,0.4112608517919266,0.5927059480122154,-0.09481568687728469,0.9997207522392273,0.4105161428451536,0.5944394792829238,-0.09498526911650382,0.9997937083244324,0.4097116300037927,0.5961420587130952,-0.09509668084127558,0.9998063445091248,0.41019827808652587,0.5934306876999988,-0.032816606520542066,0.9997839331626892,0.40697125281606383,0.6012023755482262,-0.0904609171407563,0.9996757507324219,0.4196095245225087,0.5952634198325018,-0.07193933480552261,0.9996927976608276,0.4182903672967636,0.5997690813882008,-0.08922694399952885,0.9997416734695435,0.42444827216012115,0.6037411093711851,0.015265647800905356,0.9999751448631287,0.41132386411939326,0.6479656900678359,-0.10582486933895514,0.9998856782913208,0.41364680102893264,0.5493244000843591,0.027627889865211062,0.8286933898925781,0.3923804598195211,0.6982864618301388,-0.19179827613489958,0.974762499332428,0.39563943828855225,0.5051954056535446,-0.014396287607295168,0.9288254976272583,0.4040271810122897,0.6566975457327704,-0.2895276005778993,0.9436720609664917,0.39062888537134427,0.4976075342723299,-0.024325895788414126,0.9248838424682617,0.40656471252441384,0.6456832613263808,-0.32011491400854913,0.9272468090057373,0.3885612930570328,0.4972216691289627,-0.031927291599900584,0.9264236092567444,0.4080850694860729,0.639391607897622,-0.3127875949655259,0.9211995005607605,0.39062552962984337,0.5010455378464288,-0.018927157936351635,0.9173490405082703,0.4082751078265052,0.6441981060164312,-0.28942173591681875,0.8558430671691895,0.45312873039926777,0.7275136045047211,0.04669674847807201,0.9999738335609436,0.44491155573299934,0.7364543489047456,-0.0467560889465468,0.999956488609314,0.4729205404009136,0.7923632570675436,0.054645562225154445,0.9290738105773926,0.4468823569161549,0.8192871025630402,-0.08142581028597692,0.9965119361877441,0.4381583060537064,0.8454060946192056,0.13706612672124585,0.9626967906951904,0.4022657649857655,0.8569508484431672,-0.006408496879573376,0.9901213645935059,0.4322600943701606,0.8509819831166945,0.14288731259959075,0.9504722356796265,0.3909848111016408,0.857911166122981,0.0015101150343460688,0.9437752962112427,0.44857445955276465,0.8693904808589386,0.10908746282969196,0.9561970829963684,0.4094180056027002,0.8823054858616416,-0.02966072846736225,0.979037344455719
55,0.41912115045956183,0.5870467696871073,-0.06021761042731147,0.9995813965797424,0.414249869755336,0.5874167476381571,-0.04994213422760366,0.9994333386421204,0.4139746018818445,0.5871770739555355,-0.05008180980969751,0.9994286894798279,0.4137763593878063,0.5869621651513233,-0.050080998641039626,0.9995580911636353,0.41329866732869813,0.5894554597990851,-0.06198961670909606,0.9997356534004211,0.41247817788805263,0.5910641329629078,-0.06214954789195739,0.9998030662536621,0.41164390870503,0.5927402223859511,-0.062245175827826744,0.9998149275779724,0.41152166724204997,0.5929261769567215,-0.004368847415649463,0.9997985363006592,0.40901759352002803,0.599677331107003,-0.059836296045354405,0.999685525894165,0.4207308862890514,0.5915182505335124,-0.042202829702624234,0.9997148513793945,0.41950953687940307,0.5946260843958171,-0.05883669576474596,0.9997572898864746,0.4275804434503826,0.6035679800169805,0.03562306942684308,0.9999768733978271,0.41261956095695473,0.6451133438519066,-0.07881812815155298,0.9998881220817566,0.42170873199190395,0.5476206353732516,0.050123177468776675,0.8410923480987549,0.39424940517970475,0.6971811056137082,-0.16319916035447796,0.9727873802185059,0.40723852089473156,0.498448791674205,0.008871085037078168,0.9351339936256409,0.4024296147482733,0.650114606107984,-0.2618055701255797,0.9417763948440552,0.4034242749214171,0.4902699691908698,0.0006190460175275764,0.9313989877700806,0.4044300854206083,0.6365611059325079,-0.29045489004680075,0.925109326839447,0.4013612491743903,0.4892367831298281,-0.008452323400914402,0.9328578114509583,0.40517991951533705,0.6320331471306935,-0.2834089057786123,0.919040322303772,0.402687004634312,0.49260299801826457,0.0038367563060351735,0.9244576692581177,0.40545643568038925,0.6371754510062079,-0.2620119937828608,0.8550912737846375,0.4542074152401513,0.7246899655887056,0.04434127051915439,0.9999732375144958,0.4462863871029443,0.7320247530937191,-0.04441486213888439,0.9999532699584961,0.47132706216403397,0.7915147594043183,0.03934585962976726,0.9336248636245728,0.44831532410212904,0.8142431974411007,-0.08773503537688933,0.9965377449989319,0.4381796589919497,0.8455610053879871,0.1093370663268225,0.9635471105575562,0.405386014495577,0.8557001164981294,-0.027274649803127545,0.9902796745300293,0.43199784244809813,0.8515582663672308,0.1142473509801285,0.9508480429649353,0.39505221588270983,0.8548463395663666,-0.020747479982674108,0.9454198479652405,0.44806179319109213,0.8698432411466321,0.08249932423766167,0.9571049809455872,0.40901013953345144,0.882809996604919,-0.05001673182206492,0.9795817732810974
56,0.417911580630711,0.5772766828536985,-0.032552603259682636,0.9996089935302734,0.4133058224405559,0.5792075770241871,-0.02137019970188182,0.9994741082191467,0.4131604697023117,0.5793919580323352,-0.02151195611139492,0.9994691014289856,0.41309583187103255,0.5795247367450167,-0.021511982501085304,0.9995920658111572,0.4123892707484107,0.5803984335490633,-0.033730529568025025,0.9997531175613403,0.4117031344345636,0.5819309915815079,-0.03388663982706409,0.9998148083686829,0.41103483097893834,0.583586205754961,-0.033972112089395504,0.9998257756233215,0.4113046067101613,0.5878657426152907,0.022748637385666362,0.9998130202293396,0.40923003809792635,0.5933681981904164,-0.03334874154201574,0.9996979832649231,0.4202395149639673,0.5825076835496082,-0.015752828746501878,0.9997374415397644,0.4190262436866758,0.5844681995255604,-0.032688832336238434,0.9997730255126953,0.4309858526502335,0.5973304322787691,0.056952165519552546,0.9999784827232361,0.41423955048833555,0.6389307839529852,-0.056450460425444986,0.9998906254768372,0.432240558522088,0.543023576055254,0.07972067775470866,0.8505858778953552,0.39730301925114203,0.6916959098407197,-0.14429868033954069,0.970300018787384,0.42528861931392103,0.49112880825996375,0.05138248689472673,0.9411066770553589,0.3992213445050374,0.6385780044964379,-0.24586822944028025,0.9439090490341187,0.42298862848963037,0.4805645040103365,0.04781544208526609,0.9375953674316406,0.3999487144606452,0.6244044389043533,-0.2730918994971683,0.9280834197998047,0.42088020273617316,0.47948236720902554,0.036694228033801256,0.9389844536781311,0.40004549452236704,0.6214178238596232,-0.26629585368292663,0.9222837686538696,0.4213323371750966,0.48389637385095846,0.04593533293477124,0.9312564134597778,0.4005753730024609,0.6260435257639201,-0.2464813253709247,0.8612759113311768,0.4567324570247103,0.7193207229886733,0.04177185552460805,0.999971330165863,0.4485886412007466,0.7229466387203758,-0.041853769442864806,0.9999470114707947,0.47014426503862633,0.7889518397194994,0.022918993766818718,0.9337494373321533,0.4495896952492848,0.8014641744749882,-0.10084230431488578,0.995536208152771,0.43708016106060554,0.8457192795617235,0.06629992334970403,0.9611818194389343,0.41311254586492246,0.8526838932718546,-0.06741429991754036,0.9894585609436035,0.4291623762675692,0.8524829217365806,0.06880585875894338,0.9480007886886597,0.40348119650568265,0.8535176157951351,-0.06388662159442898,0.9443702697753906,0.4460465465273174,0.8705311604908531,0.037534675108534934,0.9554758667945862,0.4118844372885566,0.8822861773627141,-0.09686698083366663,0.9786704182624817
57,0.4175751183714183,0.5620805553027559,-0.018148351460695253,0.9996392726898193,0.4130402616092135,0.5637356536728992,-0.007239966347281416,0.9995152950286865,0.4128886657101766,0.564517591680799,-0.007382934128067318,0.999509334564209,0.41280739988599485,0.5652672529220578,-0.007368940248021051,0.9996252059936523,0.4121558019093103,0.5647651416914801,-0.020498937368392933,0.9997724294662476,0.4114889204502104,0.5665335944720674,-0.020654553813593716,0.9998286962509155,0.41088547451155505,0.5684958134378704,-0.02074013879256588,0.9998387098312378,0.41113086002213595,0.5751148530415123,0.0347346255888364,0.9998265504837036,0.4095666536263055,0.5800062383924209,-0.025438885656850665,0.9997146129608154,0.4201871488775524,0.5682968871934071,-0.002260243599968295,0.9997578263282776,0.41908932583672637,0.570047993319375,-0.02035501322575977,0.9997872710227966,0.4334559432097842,0.5831444808415002,0.06887543339814456,0.9999791383743286,0.4166926988533563,0.6262451103755404,-0.0519434044403689,0.9998924732208252,0.4482653762613022,0.5380834664617263,0.10286481316600522,0.8506103157997131,0.40301417793546385,0.6764038988522117,-0.1436956184250967,0.9705267548561096,0.4530562298638478,0.49101585234914485,0.0880026517702,0.945980966091156,0.3969681671687533,0.6230446611131937,-0.24714377011571598,0.948800802230835,0.45397748947143535,0.47654831409454323,0.08983851921345504,0.9424708485603333,0.39441607594490036,0.6102113110678533,-0.2741133545126232,0.9343467354774475,0.4519616961479185,0.4751999863556451,0.07507116485337191,0.9439030289649963,0.39415297337940736,0.6071853314127238,-0.26841076016426074,0.9290230870246887,0.45097905993461584,0.48191429632050625,0.08135504483112263,0.9367373585700989,0.3959115837301525,0.6106910620416911,-0.2484432620661598,0.8730525970458984,0.4598887094429559,0.7045214210237772,0.03993537543075423,0.9999658465385437,0.4523921225752148,0.7078063879694254,-0.040008029873882,0.999937891960144,0.4674297026225497,0.7779618058885843,0.01616244944078581,0.9115939140319824,0.45070482492446884,0.7827660918235776,-0.10269659715039384,0.9911935329437256,0.43511925169399784,0.841898109231676,0.03795248557414325,0.9449410438537598,0.4251126238277978,0.846692734105246,-0.08036352374723976,0.9868947267532349,0.42532487426485316,0.849891352653503,0.03807297322366917,0.9358165860176086,0.4167985941682541,0.8528623138155251,-0.07892111901726037,0.9414451718330383,0.44394107120377657,0.8701184919902252,0.0022360844005431414,0.9471035003662109,0.42587525163378015,0.8789096406527923,-0.11781665257045196,0.9763221144676208
58,0.4172952549798146,0.5472112774848935,-0.02256649982716355,0.999646008014679,0.4127136732850754,0.5475394964218137,-0.012103213349889428,0.9995168447494507,0.41256287268229874,0.5484287534441263,-0.012250652157568502,0.9995060563087463,0.4124704003334043,0.5492783614567346,-0.012232938049627197,0.9996289014816284,0.41194350804601376,0.5488704068320136,-0.025281460370336253,0.9997727870941162,0.41132604054042254,0.5510367546762737,-0.02544067517987318,0.9998297095298767,0.41076442343848074,0.5534659504890439,-0.025533506859626076,0.9998406171798706,0.41115833520889267,0.5581259506089344,0.029812740960291437,0.9998190999031067,0.40976004345076406,0.5643222008432658,-0.03020502298937311,0.9996998906135559,0.4202731532709937,0.5534070866448537,-0.006533414484666926,0.9997612237930298,0.41938302942684696,0.5554834774562287,-0.02462062021451336,0.9997794032096863,0.43447105373655026,0.5696584258760722,0.06568706919039996,0.9999762773513794,0.42034594672066805,0.6056439825466698,-0.05434219155992778,0.9998912811279297,0.44574995040893534,0.54837372473308,0.10537142476865217,0.8266178369522095,0.40431987472942876,0.6416675891195022,-0.14456446702991207,0.9690359234809875,0.44354897907802016,0.5230408080986566,0.09936984543289452,0.9464548230171204,0.38842580659048875,0.605283268860408,-0.25713180005550373,0.9532477855682373,0.4420319114412578,0.5162791711943487,0.10247806065848891,0.9421361684799194,0.38151571665491363,0.5998280627386908,-0.2853057218449455,0.9400887489318848,0.43920666234833833,0.5148873439856936,0.08730918009366304,0.9444847106933594,0.38085501875196165,0.5970353671482629,-0.2810366277183804,0.9352699518203735,0.44001753245081204,0.519599959680012,0.09288545506341113,0.9378565549850464,0.38420696343694394,0.598620191642216,-0.2594715480293545,0.8840538263320923,0.4608746562685283,0.6806668707302634,0.03938260568039756,0.9999488592147827,0.45469121507235916,0.6864003641264775,-0.03944866242153302,0.9999211430549622,0.4605729963098251,0.7592984165464125,0.023338128360254413,0.8613476157188416,0.4515305212565829,0.7623143315315243,-0.08639170910630903,0.9755939245223999,0.43566965205328784,0.8334483742713925,0.03395280992346149,0.9038568735122681,0.4370897931712012,0.838818938391549,-0.07350325807929035,0.978122353553772,0.42595289775303413,0.8417968732970098,0.032248704348291655,0.9000332355499268,0.43092596360615304,0.8495185766901284,-0.07203235423990655,0.9232645034790039,0.43980220556259136,0.8663917745862685,-0.012529602646827695,0.9222671389579773,0.44338454178401376,0.8715130584580553,-0.11937388735158097,0.9668635129928589
59,0.41734013642583556,0.5350422825132095,-0.011859944090247149,0.9955515265464783,0.41288372789110434,0.535677475588662,-0.0019172725799892626,0.9932491779327393,0.41274177091462255,0.5364194069589885,-0.0020412066818347972,0.9923242926597595,0.41265990393502355,0.5370901806013921,-0.0020166256331971694,0.9945780634880066,0.4123443807874405,0.5373449172292435,-0.015628400125673833,0.9965247511863708,0.4118747004440851,0.5396035245486666,-0.015788303049547325,0.9975733160972595,0.41144787243434344,0.5420806646347044,-0.01588339467665978,0.9980025887489319,0.41225713576589296,0.543670560632433,0.03835813653256211,0.995315432548523,0.41110022238322647,0.5510435530117578,-0.02435451599636247,0.9947077035903931,0.42043901511601023,0.5399926015308922,0.0038620750020657256,0.9964091181755066,0.4197514823504855,0.542521182128361,-0.014975839081619457,0.995819628238678,0.4333651525633674,0.5602975998605998,0.08015121178967607,0.9998827576637268,0.4254298090934751,0.580669215747288,-0.056958725090537725,0.9997797608375549,0.4428056282656531,0.5708069784300666,0.10911608295781267,0.7462900280952454,0.4213140836783816,0.6174767519746505,-0.1344424835273197,0.9343609809875488,0.44241268038749676,0.5723227466855727,0.09162444961922506,0.8557741641998291,0.41500242182186653,0.6119015966142923,-0.22622729827250743,0.9179455041885376,0.4429442371640885,0.5739968614918842,0.092975275005613,0.8547617793083191,0.4109420120716093,0.6111400365829465,-0.25351744134511256,0.9056689143180847,0.4413699414048874,0.5712543513093673,0.0785764363727399,0.8578810691833496,0.41127182500702975,0.6075592143195013,-0.24781211997781466,0.9013402462005615,0.44184715832982724,0.5723145799977436,0.08530358267681935,0.8505175113677979,0.4132128928388866,0.6084361893790107,-0.22705178601401182,0.8395043015480042,0.45888260943549,0.6544983591352187,0.04325808818851196,0.9998918771743774,0.4545271158218382,0.6613321116992403,-0.04331944978662898,0.9998788237571716,0.45318661161831425,0.7391742314611159,0.026918718218803393,0.7776397466659546,0.450719105345862,0.7425513863563534,-0.0834126212767192,0.9250897169113159,0.44294027515820067,0.8227162361145015,0.03656353748270441,0.831187903881073,0.44435825177601385,0.8302718877792354,-0.08365667888096397,0.9511418342590332,0.43943237236567884,0.8363652586936947,0.03474121013922349,0.8375227451324463,0.43884345718792483,0.8421527317592071,-0.08303336501121517,0.8725795149803162,0.45207695024354094,0.8520112514495846,-0.011353429174050685,0.8588958382606506,0.45451002035822163,0.8646049380302425,-0.13467879316636489,0.9352411031723022
60,0.4213919767311639,0.5163387894630429,-0.005546693557075096,0.995921790599823,0.417097165754863,0.5187103135245185,0.004511862986588041,0.9937919974327087,0.4169201782771517,0.5197082110813683,0.004413341923749864,0.9929265975952148,0.41676834906850524,0.5205863441739761,0.004450613246964546,0.9950153827667236,0.4168356418609617,0.5202490653310501,-0.010873019375971389,0.9968059659004211,0.41651179449898834,0.5224886417388913,-0.011011277831026489,0.9977689385414124,0.416188244308744,0.5248158182416641,-0.011071289171065608,0.9981647729873657,0.41696446537971477,0.528196961539132,0.04432903975248334,0.9956801533699036,0.41635178327560407,0.5335938351494922,-0.026083108137494745,0.9951345920562744,0.4241997650691439,0.5211884055818827,0.01011680004053881,0.9966604709625244,0.4238475450447625,0.5231262871197289,-0.010935818244303978,0.9961079359054565,0.4336837632315497,0.5543045554842265,0.08911495719637186,0.9998904466629028,0.43037960273878895,0.5558333073343547,-0.06530221221702437,0.9997996091842651,0.44410918695586044,0.5926704032080512,0.10630907991102759,0.6739801168441772,0.4333827359335761,0.5680094029222214,-0.12032537268740785,0.9381114840507507,0.45269273434366475,0.614273599215916,0.06523342856339043,0.7790329456329346,0.4379687854221887,0.5857111675398687,-0.15894799360207143,0.9157275557518005,0.4583622668470653,0.6219337105751035,0.06456121589456282,0.7813202738761902,0.44604152185576285,0.5876086575644354,-0.1801547672067369,0.897593080997467,0.45840099794524036,0.6187200759138377,0.04955957382917401,0.7855216264724731,0.44342620117323717,0.5881761150700703,-0.17407023778983519,0.8912980556488037,0.45721295220511277,0.6170445288930618,0.05817746860640387,0.7775573134422302,0.4429283618927,0.5879279579435073,-0.1581821237291608,0.8188751339912415,0.45770804882049543,0.6405948996543881,0.049407963028975876,0.9999016523361206,0.45325466564723405,0.6436142887387954,-0.04946095443197657,0.9998902678489685,0.45061033538409623,0.7284999012947079,0.03111588321626185,0.7137864828109741,0.45106225524629845,0.7291918635368344,-0.10040034108928267,0.9309245347976685,0.45328282713890056,0.8126562408038543,0.03965848783679704,0.8063639402389526,0.4441545469420295,0.8204137444496151,-0.10675916331154954,0.9546376466751099,0.45446320601872014,0.8303634149687626,0.037422455275165176,0.8288096785545349,0.437086634976523,0.8310109938893996,-0.10713660972458972,0.8787586688995361,0.4701456793716974,0.838299213136945,-0.005743464960583615,0.8482245802879333,0.45133023602621875,0.8622939637729096,-0.1575714209250041,0.9397913813591003
61,0.42742158004215763,0.5035609279360087,0.05461497993341512,0.9963278770446777,0.4231272629329135,0.506862688064575,0.06271038757903233,0.994411051273346,0.4229076019355227,0.508053888593401,0.06262356122689584,0.9936318397521973,0.4226893876280101,0.509184294087546,0.06267351332519733,0.995512843132019,0.4230685915265763,0.5076188206672666,0.04869763106107709,0.9971234798431396,0.42283718160220535,0.5092937248093738,0.048591569225702944,0.99798983335495,0.4225939776216232,0.510932922363281,0.04857710187456435,0.998346209526062,0.4229486618723186,0.5181893740381511,0.08693273094083577,0.9961110949516296,0.42292506098747235,0.5193392327853609,0.02288120359714541,0.9956141114234924,0.4299410189901078,0.5084381188665115,0.06442810414092878,0.9969922304153442,0.429908867393221,0.5091449669429231,0.04518540067864314,0.9964908957481384,0.4350985220500399,0.5524389743804929,0.11505439813647947,0.9999001622200012,0.43548217926706567,0.5353089809417722,-0.022545386105775823,0.9998100996017456,0.45643986889294197,0.6014611056872774,0.11997222389493664,0.6450983881950378,0.4430435938494544,0.5153205079691748,-0.031586765604359746,0.9371450543403625,0.48346917714391413,0.6313895174435205,0.07456411016838888,0.7791991829872131,0.44742042677743077,0.5262278403554641,0.011842433150325505,0.896701455116272,0.49438398906162784,0.6363015873091558,0.0765976746167455,0.7786052823066711,0.45854083299636816,0.5241954837526592,0.005101853502648225,0.8700247406959534,0.4958048777920857,0.632436748913356,0.061709968053868816,0.7846313118934631,0.4539038360118864,0.5279832150254928,0.010607320070266726,0.8599532842636108,0.49210854087557093,0.6315005472728181,0.06753356563193454,0.7754685878753662,0.4527535310813357,0.5283847868442533,0.014140587619372778,0.7891309261322021,0.4553126386233736,0.6387062396321974,0.046030632300036275,0.9999111890792847,0.4533204359667639,0.6357309596879139,-0.04610087307436124,0.999900758266449,0.45201339381081695,0.7226164528301781,0.026071774320943,0.6967461705207825,0.4546747045857564,0.7211789829390386,-0.09071280030267574,0.9373834133148193,0.45696610127176535,0.8040816903114315,0.02108159756088362,0.8173186182975769,0.45315568958009966,0.8084639753614149,-0.10140511074236458,0.9587339758872986,0.45829558372497536,0.8208047304834635,0.018592307650084995,0.8362917900085449,0.4467352628707884,0.8198548827852519,-0.10431623714310778,0.8878378868103027,0.476141537938799,0.831910327502659,-0.015388366240741946,0.8588064312934875,0.4660856885569434,0.8440831405775884,-0.14655155177627285,0.9451359510421753
62,0.4314882797854285,0.5057232073375154,0.1289062591535704,0.9966931939125061,0.4272637988839829,0.5077712995665412,0.1334626021129744,0.9949689507484436,0.42691558684621517,0.5090055312429154,0.1333658789949757,0.9942677617073059,0.42658027665955656,0.5102706772940497,0.13341084729347905,0.99596107006073,0.4279231650488715,0.507160641465868,0.12375798597931856,0.997409462928772,0.4280051818915774,0.5077878373009815,0.12366008449878005,0.9981892108917236,0.4280654055731635,0.5083097491945536,0.12367113174072328,0.9985098242759705,0.42676536525998776,0.5190651587077547,0.13573880706514624,0.9964997172355652,0.4289394889559063,0.5142243913241793,0.09109247809142934,0.996049702167511,0.4337891050747461,0.5105543732643125,0.1307094058820179,0.9972911477088928,0.4344144412449426,0.5096624817167008,0.11703513945852002,0.9968357086181641,0.43554181882313303,0.5570690018790107,0.1384935783488409,0.9999087452888489,0.4407446026802061,0.5223118441445485,0.04092921029244149,0.999823808670044,0.4545196865286144,0.6096733553068976,0.13853493971484043,0.6194998621940613,0.44306051986558076,0.47096267172268436,0.05631648727825707,0.9413881897926331,0.48196672797203044,0.6397941589355466,0.11305828222206656,0.789770245552063,0.4379851928779055,0.45093362671988335,0.13534064463206696,0.9052311182022095,0.4909741461277006,0.644854310580662,0.11867656963212145,0.7875277400016785,0.4423016718455721,0.4434852693762096,0.13722810787814,0.8803789019584656,0.4922780632972715,0.6420660359518866,0.10720548416887006,0.7932324409484863,0.4374463745525903,0.4478340489523749,0.14373436208282192,0.8706849813461304,0.48922406945909747,0.6410949809210638,0.10806942795004158,0.7811378836631775,0.43751958438328314,0.44978869812829136,0.1384334355592727,0.8051021099090576,0.45124844993863766,0.6416080202375136,0.036641053961856004,0.9999191164970398,0.45411153180258595,0.6323066030229838,-0.03676771830235207,0.9999097585678101,0.453919196128845,0.7201015029634745,0.026125887249197264,0.7247645854949951,0.45992247632571603,0.7170760035514828,-0.056190257945231005,0.9433881044387817,0.45423485466412117,0.7978915844644815,0.012927420110541522,0.8345046639442444,0.4682038256100243,0.7980592540332245,-0.06898765180792124,0.9626264572143555,0.4506337421280995,0.8108051606586998,0.010260845574417279,0.8523290157318115,0.4639500405107223,0.8126578535352431,-0.07234340459108349,0.898754894733429,0.46495518769536676,0.8312114187649313,-0.019488577212073963,0.8720523715019226,0.48666651844978315,0.8196922881262639,-0.10854883108820229,0.9499946236610413
63,0.4306761852332522,0.5185947826930453,0.1951683582471949,0.997020423412323,0.4267650834151675,0.5184461014611378,0.19587161658065652,0.9954697489738464,0.4262936839035577,0.5195205279758996,0.1957768728690487,0.994839072227478,0.4258823113782063,0.5206860354968477,0.19581244635794837,0.9963634014129639,0.42820007801055887,0.5164125033787317,0.1897412410804203,0.9976658225059509,0.4286478979246955,0.515927571909768,0.1896247494965791,0.9983682036399841,0.42910562583378364,0.515308800765446,0.18962252781327274,0.9986563324928284,0.4263038899217332,0.527046944413866,0.17828679893698002,0.9968491196632385,0.4309542715549467,0.5177690369742254,0.14955033228865686,0.9964413642883301,0.4328154138156344,0.523127210140228,0.19000990821846886,0.9975566267967224,0.4339463549000874,0.5210619006838115,0.18098164756915391,0.9971397519111633,0.4343870435442241,0.5623535326548983,0.16633159518241875,0.9999154806137085,0.44528592824935886,0.5185288650648932,0.08310535230806892,0.9998392462730408,0.452511520045144,0.6134146996906823,0.15940197535923542,0.5933623313903809,0.4563092350959776,0.4706107650484356,0.09187726633889332,0.9471108317375183,0.4794412102018082,0.6398257051195414,0.15246605213199338,0.7927824854850769,0.4590944136892044,0.42467409542628676,0.16678351089358323,0.9145329594612122,0.4876105947153907,0.6406486170632495,0.16065750398806156,0.794110119342804,0.4591037929058073,0.41284594024930665,0.16812284961342805,0.8920920491218567,0.4890077156679969,0.6382008722850252,0.15277558070208339,0.7985135316848755,0.4570613639695301,0.41314190455845407,0.17934831891741065,0.8832846283912659,0.4859379436288559,0.6388999530247277,0.1494918029223169,0.7825009226799011,0.4566853293350762,0.4169143651212963,0.17166782021522514,0.8239710927009583,0.44733640551567055,0.6431530577795843,0.030953724043709878,0.9999263882637024,0.45420000553131085,0.631497366087777,-0.03111387171915598,0.9999183416366577,0.4560466451304297,0.7168354340961998,0.027165011529411573,0.7521644234657288,0.4640490838459558,0.7128374321120123,-0.038954641244241146,0.9490354061126709,0.45335226484707397,0.7960795470646446,0.006307081123148751,0.8510017395019531,0.48131834013121444,0.7929418461663379,-0.06719759042773925,0.966334879398346,0.449331770624433,0.8094304033688133,0.003593959433159654,0.8670791983604431,0.47783627850668753,0.8095299175807404,-0.07177342453173226,0.9088512063026428,0.4633808561733789,0.8222822836467194,-0.025251599727198475,0.8847714066505432,0.5030608040945868,0.8033220393317083,-0.10693569864545545,0.9548640847206116
64,0.42933127539498445,0.5242959805897301,0.1807335023369107,0.9971825480461121,0.4258317845208302,0.5236684322357175,0.1793613740376063,0.9958088994026184,0.4252348738057271,0.5248304690633498,0.17928036195891234,0.9952346682548523,0.4246994614601134,0.5260444181306019,0.17931640957083014,0.9966461658477783,0.427874342884336,0.5211682575089589,0.17330063964639383,0.9977860450744629,0.4285745654787334,0.5204540865761891,0.1731710319008145,0.9984395503997803,0.42925973279135543,0.5196702769824435,0.17314806623118256,0.9987174868583679,0.4255040168762205,0.5314252614974972,0.15894689645086008,0.9970970749855042,0.43150267090116207,0.5203400986535206,0.13024308170591076,0.9966326355934143,0.43119724733488884,0.5293015905788964,0.1752347494874681,0.9974656105041504,0.43266131707600164,0.5273544004985262,0.16625905122075754,0.9968677759170532,0.4339888870716093,0.5637472425188335,0.15197993772370466,0.999901294708252,0.4467965134552545,0.5204143558229717,0.05799891171710829,0.9998497366905212,0.4474674395152498,0.6139286994934079,0.14491648759160713,0.5370920300483704,0.46284596238817466,0.47507163711956546,0.05146329104900357,0.9509581327438354,0.4687264655317577,0.6407353333064485,0.13548581940787172,0.718470573425293,0.47858507548059714,0.4356928314481461,0.11162201804774141,0.9184185862541199,0.47470744592802844,0.6435419883046829,0.14230609195572982,0.7229240536689758,0.48387334261621723,0.4269224464893339,0.10863315718514574,0.8958736062049866,0.47654520017760116,0.641359061854226,0.13484094036476946,0.7265462279319763,0.4822772494384219,0.4266258546284265,0.12128266032252988,0.8862331509590149,0.4744807456220897,0.6407860943249291,0.13265437654086515,0.710430920124054,0.48053275857652916,0.4297820312636237,0.11695355900696339,0.8263684511184692,0.44681007180895105,0.6431777664593284,0.03295496840562137,0.9999330043792725,0.4536487647465295,0.6337981445448736,-0.033087115734815584,0.9999262094497681,0.45889593873705165,0.7177374499184741,0.03896471762231417,0.7644740343093872,0.466030578953879,0.713215921606336,-0.05348209004317009,0.9536416530609131,0.4591314928872242,0.7959644845553803,0.029332815652014677,0.8631486296653748,0.48035280959946747,0.7919590575354436,-0.07834994069167542,0.969146728515625,0.4565241626330782,0.8108825973102021,0.027770257674689793,0.8796305060386658,0.47593423042978533,0.8079794372831068,-0.08141012723956785,0.9173741936683655,0.46900755252156917,0.8160818798201421,0.002426106841968641,0.8914239406585693,0.4984169372490472,0.8060522266796654,-0.11681701115199492,0.956245481967926
65,0.429214583975928,0.5276138799531117,0.17389879056385577,0.9966049790382385,0.42578872782843435,0.5272321394511629,0.1723101526498794,0.9951820373535156,0.42512319939477083,0.5284007174628118,0.17224509375435956,0.9944490790367126,0.42451455422810125,0.5295906083924427,0.17229032005582529,0.9960660338401794,0.42800944021769916,0.5239888174193243,0.16574773192405692,0.9972716569900513,0.42872186303138715,0.522659122943878,0.16561191465173442,0.9980236887931824,0.4294060332434516,0.5209958689553394,0.16557255898203163,0.9984719753265381,0.4256088725158144,0.5342083334922788,0.15276493344988135,0.9962459206581116,0.43146266085760915,0.5231034670557292,0.12208411203963411,0.9962214231491089,0.43076359033584577,0.5321296828133717,0.1689760770116533,0.9944419264793396,0.4325204925877705,0.5294876626559664,0.1594093169484819,0.9940376877784729,0.43365994862147716,0.5654633760452268,0.14875184765883848,0.9998152256011963,0.4475357336657386,0.5254721948078698,0.050371097454002894,0.9998589754104614,0.4394897588661737,0.6197458641869679,0.14300679181303289,0.4851546883583069,0.4691120462758198,0.4901044922215596,0.05803883586611064,0.9523791670799255,0.45680240307535425,0.6433839287076675,0.13412760198116297,0.6470572352409363,0.4865847221442629,0.4755158168928962,0.13377355251993445,0.9122000336647034,0.4612394273281095,0.6489644425255909,0.14076929858752651,0.6514149308204651,0.4934473173958912,0.47601627281733905,0.13370168847697117,0.8812252879142761,0.4632604266916,0.646377006598881,0.13378285318613045,0.6546694040298462,0.4920767877783092,0.4772379398345945,0.14418818312031875,0.8685559034347534,0.46213893805231343,0.6442268865449086,0.13155609284128456,0.6400634050369263,0.48976308107376076,0.4776991239615847,0.13905995019844594,0.8005355596542358,0.44723691599709625,0.642543600286756,0.033487695881298594,0.9999380707740784,0.453857031038829,0.6338779313223699,-0.03359230022345269,0.9999330639839172,0.4617044133799414,0.7161256892340521,0.04165798744985034,0.7246280312538147,0.4665599371705734,0.7131147776331217,-0.06448443372334749,0.9547039270401001,0.46748480115618,0.7943797009331836,0.027913422483418656,0.8439624309539795,0.47884342414992176,0.7915858200618195,-0.09767969782863341,0.9654906988143921,0.4667014556271687,0.8092524136815749,0.02636444844039422,0.8776898980140686,0.47529278397560093,0.806199855463845,-0.10089705394847047,0.9168628454208374,0.47369654348918344,0.8140955856868195,0.005855757370591165,0.8470786213874817,0.49797293884413557,0.8064942938940862,-0.1347727498837879,0.9282861351966858
66,0.4304972938128878,0.5363351890019006,0.18543149658611835,0.9967201352119446,0.4273884287902285,0.5359248280525206,0.18426004988806582,0.9954042434692383,0.4267266035079954,0.5372389180319648,0.18420849357332492,0.9946567416191101,0.4261113141264232,0.5385892868041989,0.18426244940076547,0.9961794018745422,0.4297379289354595,0.5318058116095404,0.17829355256898055,0.9974086284637451,0.4305019395692006,0.5299168178013389,0.17814579265458236,0.9981122612953186,0.43122886759894213,0.5275012918881006,0.17810792539800907,0.9985568523406982,0.4274653741291589,0.542446558816092,0.1649218614612306,0.9961615800857544,0.43348096268517605,0.529073345661163,0.13706631149564463,0.9964208006858826,0.43179373741149885,0.5405240399496893,0.18034183766160683,0.9936327934265137,0.4339827537536619,0.5363709483827861,0.17164003806454786,0.9935644268989563,0.4339976804597035,0.5741514222962513,0.16000878087111875,0.9997847080230713,0.4512035923344746,0.5309127739497591,0.0648347332009247,0.9998716711997986,0.4315041593142916,0.6320931792259213,0.16725909113883963,0.4373871982097626,0.4763381821768622,0.5146131328174044,0.07888869728360853,0.9508854150772095,0.45016483749662106,0.6471811941691804,0.17761076348168503,0.582974910736084,0.4857305586338041,0.5314254573413302,0.1543493368795939,0.9023026823997498,0.45406606112207665,0.6525838051523478,0.1878474222762243,0.5874590277671814,0.49059878332274276,0.5396572751658301,0.15682636116232185,0.8633723258972168,0.4563392741339545,0.6496546064104349,0.18070279359817495,0.5904491543769836,0.4890176781586236,0.5415233569485798,0.16406122978244503,0.8482588529586792,0.4554237195423669,0.6470991815839491,0.1755726124559129,0.5771467685699463,0.48697295784950234,0.5391806466238837,0.15868354226861675,0.7725076079368591,0.44754087584359287,0.6420611279351367,0.03249515925667114,0.9999425411224365,0.45578398278781324,0.6326242412839614,-0.03262053211884838,0.9999393224716187,0.4634494321686879,0.7151219350951055,0.03256877197750976,0.6934553980827332,0.4684081648077281,0.7119124140058242,-0.0729346488203321,0.956676721572876,0.47237583739416916,0.7886288847242079,-0.0012974176821964087,0.8088541030883789,0.4779016358511786,0.790475681849888,-0.12758552602359222,0.9587163925170898,0.47137048585074265,0.8037951333182195,-0.004897488201303137,0.8717730045318604,0.4752889198916297,0.8054753541946407,-0.1328661965472357,0.913743793964386,0.47357826062611147,0.8119723132678437,-0.021197759213724292,0.8002421855926514,0.49806687150682694,0.8065022536686485,-0.16343184539249955,0.8966543674468994
67,0.4330086955002374,0.5526513780866348,0.198656518118722,0.9970459938049316,0.42998287422316395,0.5516079987798416,0.19695328431470044,0.9958617687225342,0.42928559013775397,0.5530265160969323,0.19689605576651428,0.9951881766319275,0.4286352957998001,0.5544897488185335,0.19695068597793572,0.9965587854385376,0.4323516658374239,0.5467709439141407,0.19367380823407845,0.9976668953895569,0.43314117789268475,0.5445912190846032,0.19351721831730423,0.998300313949585,0.43390023878642475,0.5420069081442694,0.1934949985572269,0.9987006783485413,0.4298581063747404,0.5576527357101438,0.17384277284145347,0.9965404868125916,0.43642785123416333,0.5420507482119967,0.15828115195035927,0.9967767000198364,0.434081641265324,0.5571085095405576,0.19187911237989141,0.9942483305931091,0.43659821322986037,0.5513924803052627,0.1867757954767771,0.9941924810409546,0.434580965553011,0.5913910423006328,0.16360305292265748,0.999803364276886,0.4567650420325141,0.5423280664852685,0.09066064655780788,0.9998844265937805,0.4283582167966023,0.644439715998513,0.1795220902987888,0.401662141084671,0.4830299590315135,0.544730189016887,0.10019848027399603,0.9520968198776245,0.44916088921683156,0.6538557853017531,0.20762370995112817,0.5324599146842957,0.48101358073098294,0.5798537118094305,0.15523403712681355,0.9095274806022644,0.45429171068327745,0.6552321893828252,0.22079600649220593,0.5403529405593872,0.4827264692102158,0.5914892094475879,0.15881458180291305,0.8728688955307007,0.45630557196480864,0.6514790739331924,0.21436930660690567,0.5436210036277771,0.4805772330079758,0.5920766038554053,0.1624081543513706,0.8589323163032532,0.45484210593359786,0.6508480037961685,0.20654303005763452,0.530605137348175,0.47943944760731266,0.588312700816563,0.15758495160511554,0.7871729135513306,0.44731039745467027,0.6470024568693975,0.024661009359572605,0.9999479651451111,0.4589191871029988,0.6342788406780784,-0.02485219109803437,0.999945342540741,0.46354621733937923,0.715821506295885,0.021712057611771987,0.7179980874061584,0.4718562560422077,0.7094816667692998,-0.06451225924704754,0.9608766436576843,0.47301397664206346,0.7850575004305156,-0.03839579895138738,0.8208596706390381,0.4785010371889385,0.7881339822496682,-0.13742840375219065,0.9621419906616211,0.47163294638906184,0.8013954503195624,-0.0450096507157598,0.8832228183746338,0.475800253663744,0.802866218771253,-0.14449794526611048,0.9216084480285645,0.47508188400949725,0.8093801890100748,-0.06533298614834032,0.8080368041992188,0.49875212822641624,0.8076349054064065,-0.17232416101864398,0.9034804701805115
68,0.435876474210194,0.5705922007560728,0.2114821570260183,0.9973324537277222,0.4329858269010269,0.5689655406134466,0.20956426007407045,0.9962687492370605,0.43221358145986266,0.5702359693390979,0.2095150193997791,0.9956594705581665,0.4314841338566369,0.5715710861342291,0.20954149024827132,0.996894896030426,0.43547166160174755,0.5649937612669806,0.20994125647204254,0.9978965520858765,0.4363426148891447,0.563375549657004,0.2098054093973976,0.9984667897224426,0.4371976826872142,0.5616719331060135,0.2098216312272207,0.9988281726837158,0.43243183663913165,0.5754518900598795,0.18274924840245918,0.9968715310096741,0.43979943905557883,0.5598286356244766,0.183673043336187,0.9970866441726685,0.4366469264030454,0.5755823799542016,0.20258551495415814,0.9947354793548584,0.4392517157963342,0.5706847548484799,0.2024341140474591,0.9946944117546082,0.43552996856825676,0.610642611980438,0.15596252850123807,0.9998192191123962,0.462024436678205,0.5621619548116409,0.12905015732560832,0.9998956918716431,0.42683457817350096,0.6506855079105919,0.17166709985051828,0.36988404393196106,0.48593792404447256,0.5778270074299401,0.1366030282207897,0.9154167771339417,0.4439967572689054,0.6694065008844645,0.2148342890398842,0.4842674434185028,0.477412300450461,0.6145831193242751,0.18136224576405108,0.9013597965240479,0.44771049448422007,0.6710436599595203,0.2274880038840429,0.49395138025283813,0.47631401504789056,0.6233686975070405,0.18731327738080697,0.8663219213485718,0.4503985617841991,0.6673830372946601,0.22334577654089238,0.49684226512908936,0.47427236437797526,0.6220097133091516,0.18899639674595417,0.8530317544937134,0.44969408256666976,0.6667046444756641,0.21510898087705874,0.48420271277427673,0.47419503075735886,0.6192755426679336,0.18246465069907045,0.7805728316307068,0.4473447995526448,0.6571878824915202,0.008136703306809063,0.9999525547027588,0.4627511560916898,0.6445236274174279,-0.008347840474120204,0.9999505877494812,0.4629469190325054,0.722928862912314,-0.0213323701173067,0.744458794593811,0.47515700885227724,0.7102677771023338,-0.04530788596187317,0.9645504951477051,0.4714854368141717,0.7868296946798048,-0.11582113182438265,0.8369799256324768,0.47843858003616313,0.783354750701359,-0.13582706536565503,0.9652329087257385,0.47045884047235736,0.802036607265472,-0.12597337708409337,0.8945305347442627,0.4754071661404199,0.7946790678160527,-0.14512401989528106,0.9289715886116028,0.47520812749862645,0.8112402098519458,-0.14514126703143113,0.823275089263916,0.4958166233130862,0.8110544187682012,-0.165663308756692,0.9102436304092407
69,0.4385351061820982,0.587282575879778,0.23902914694377342,0.997599184513092,0.4357269670282089,0.5855978522981913,0.2384675174951552,0.9966418743133545,0.4348264557974677,0.5867196066038947,0.23844460291521877,0.9960935115814209,0.43396738512175403,0.5878807578768046,0.2384309027876172,0.9972054362297058,0.4384099313191003,0.5820898958614892,0.2406539899962288,0.9981068968772888,0.43934986676488585,0.5807115112032206,0.24054592847824086,0.9986200928688049,0.4402867657797675,0.5793123568807327,0.2406016528606414,0.9989453554153442,0.4346314924103871,0.5917185425758359,0.21083893414054589,0.9971843957901001,0.4427861767155782,0.5783490163939337,0.21974410329546237,0.9973779916763306,0.43886319569178966,0.5924303497586929,0.22860754089696056,0.9952619075775146,0.4414561757019586,0.5882362229483465,0.2310311721903936,0.9952249526977539,0.43621146849223524,0.6258652278355187,0.16724217193467267,0.9998372793197632,0.46589364153998214,0.5889117700713018,0.16997050238507128,0.9999061226844788,0.4266889061246597,0.6602044769695824,0.17383481625999714,0.43288224935531616,0.4879386373928613,0.6106703775269642,0.1709208382027489,0.9236205816268921,0.4369351472173416,0.6906301787921357,0.2172253934400421,0.5358049273490906,0.47686714104243666,0.6340974773679457,0.21859853885003488,0.9105244278907776,0.4389267972537447,0.6949037245341706,0.22657028245074395,0.544454038143158,0.4745813625199452,0.6396712252071923,0.2255772162761006,0.8781806230545044,0.4424399043832504,0.6919033799852641,0.22494786168847758,0.5470374226570129,0.4720671466418673,0.6382227233477997,0.2282776362129619,0.8659375905990601,0.44263020498411976,0.6902498739106311,0.21824507798467352,0.5356035828590393,0.4726162186690737,0.6364370891026085,0.21988807725054868,0.8008764386177063,0.4484799998147145,0.6729325771331783,-0.0026618207671812587,0.9999573230743408,0.4665439971855706,0.6621334654944281,0.0024748535826802248,0.9999555349349976,0.4627092957496641,0.72880699293954,-0.07253147885203358,0.7700129151344299,0.47639285666601977,0.7141226342746185,-0.03408542062555039,0.9680954217910767,0.4707179384572163,0.7920683452061241,-0.20091705322265616,0.8532816767692566,0.4778641249452316,0.7764311432838436,-0.1464604347944259,0.9687084555625916,0.4702845760754174,0.8037362541471206,-0.21482876092195502,0.9050774574279785,0.47481076547077705,0.7822491765022275,-0.15893111846276686,0.936074435710907,0.4762162438460757,0.8156344175338741,-0.23236994871071395,0.8409475684165955,0.4904701803411754,0.8105461903980796,-0.17345552529607494,0.9192192554473877
70,0.44001120328903176,0.6023240719522747,0.2270116661276135,0.9978392720222473,0.4375778555870054,0.6004363962582177,0.22610165093626286,0.996977686882019,0.43664208991186937,0.6014184372765674,0.22609352937766475,0.9964841604232788,0.43576183063643303,0.6024173872811451,0.22604844932045245,0.9974849224090576,0.4403737868581497,0.5975171293531143,0.23031910636595304,0.9982962012290955,0.4414098169122421,0.596432931082589,0.23024468847683488,0.99875807762146,0.4424201658793856,0.5953689132417948,0.2303089750664574,0.9990507960319519,0.4363101814474376,0.6058521441050935,0.19679557446922566,0.997465968132019,0.4450017188276561,0.5950050762721467,0.21503185331821434,0.9976401925086975,0.4400870868137902,0.6073546034949163,0.215297371149063,0.9957357048988342,0.44262209023748106,0.604089684145791,0.22044712688241674,0.9957024455070496,0.4369146670613968,0.638653571265084,0.1433720224670001,0.9998535513877869,0.4691652672631398,0.612452059132712,0.1727989392621176,0.9999155402183533,0.42707975677081494,0.6734561528478347,0.1411136898079088,0.4895934760570526,0.49094567809786094,0.6425973279135564,0.16969736846429953,0.9311767220497131,0.43050145592008293,0.712390031133379,0.18027785654578882,0.5822219252586365,0.47838029520852204,0.657828797612871,0.18718592396804257,0.9188947677612305,0.4309904490198406,0.7200411830629618,0.1858092948794364,0.5899953842163086,0.4757550069264001,0.6612442612648007,0.191627184833799,0.8887225389480591,0.4346505539757863,0.7193918262209207,0.18650683537125579,0.5923161506652832,0.4726655117103029,0.6607896498271394,0.1949445609535489,0.8771255016326904,0.435371056624821,0.7166273117065427,0.18204671995980393,0.5820168256759644,0.4734524684292927,0.6595769694873261,0.18811716905661985,0.8189723491668701,0.4499030223914553,0.6840700387954709,-0.009741170498143346,0.9999616146087646,0.4692428955010003,0.6783562898635861,0.009588356103215895,0.9999600052833557,0.4620155019419532,0.7317419375692091,-0.10688686992174809,0.7930116057395935,0.47394637039729504,0.7181492141314911,-0.02358113298458711,0.971285879611969,0.46981555649212403,0.7946252533367699,-0.24249807042734953,0.8679533004760742,0.4770532114165168,0.767366106169564,-0.14427571903382022,0.971837043762207,0.4698112002440859,0.801588334356035,-0.25723979962723587,0.9145697355270386,0.47467600788388914,0.7721024445125031,-0.15836827467594822,0.9424669742584229,0.47454563038689723,0.8158763936587738,-0.2757974469235964,0.8568528294563293,0.48356072306632975,0.8054007598331991,-0.17265328158225324,0.9272973537445068
71,0.441410662446703,0.6165848442486351,0.1651447498372622,0.9980544447898865,0.4392770630972724,0.6141623360770087,0.1612216889858245,0.9972792267799377,0.4383189950670513,0.6148863826479227,0.16118989075933177,0.9968348741531372,0.43741134575435076,0.6155938931873863,0.16115503694329936,0.997735857963562,0.44213154315948466,0.611784812382289,0.16622137129306785,0.9984660148620605,0.4432070008346011,0.6109266655785694,0.16616816435541418,0.9988816380500793,0.4442488150937215,0.6101417320115222,0.16619574108294072,0.9991452693939209,0.4377446115016935,0.6183523586818147,0.1267327943018504,0.9977182149887085,0.4468550860881803,0.6103833760534011,0.14901625343731464,0.9978722333908081,0.441277480976922,0.6214764441762649,0.15237463414669028,0.9961568713188171,0.4438285137925827,0.619132738454001,0.15850119675908764,0.9961237907409668,0.4371628999710081,0.6506561994552609,0.07859924270638394,0.9998681545257568,0.4704573580196923,0.6314759612083432,0.11705338390810144,0.9999234676361084,0.428272828033992,0.6900662950107026,0.07135292116020403,0.5357509255409241,0.49170998249735126,0.6706366607121056,0.11410827583500312,0.8518617153167725,0.428447445801326,0.7329310689653665,0.10144893409950388,0.594369113445282,0.4785857762609207,0.6828165037291387,0.11202279212219368,0.8284651637077332,0.428133633307048,0.7447291220937453,0.10493944015886097,0.5820711255073547,0.4760872823851447,0.6858883806637353,0.11436391302517476,0.8008043169975281,0.4310352402073995,0.7457303609166823,0.10668254750115526,0.5805137753486633,0.4731332855565205,0.6858108827045983,0.11635483556560101,0.7902163863182068,0.4321527063846586,0.741322256837572,0.10371649616530959,0.5587296485900879,0.47375130483082345,0.6848392690931044,0.11219655733023365,0.7380243539810181,0.4510490894317625,0.695265299933297,-0.010781808862728726,0.999965250492096,0.4705092804772511,0.6923723629542756,0.010643592955810677,0.9999637007713318,0.46136154362133547,0.7377872994967866,-0.06829731743782756,0.81333327293396,0.47135230813707607,0.727743051733289,-0.006358387268015313,0.967478334903717,0.46967940245355855,0.7987662349428446,-0.16662747253264693,0.8702374696731567,0.47595916560717966,0.7614748392786295,-0.10005559852080681,0.9379454255104065,0.47015831215041004,0.8044282402311048,-0.17754480689764013,0.922834038734436,0.4742720152650558,0.7729304892676213,-0.11081521904894279,0.9460260272026062,0.47138309563909236,0.8139330353055678,-0.1995952484863144,0.8686401844024658,0.4778090119361875,0.7923314486231119,-0.12812450517501145,0.924206018447876
72,0.44364306586129304,0.6280193277767723,0.10678372489554536,0.9979573488235474,0.44168486254555817,0.6249630110604419,0.10074484837906696,0.9973255395889282,0.4406657431806834,0.6254186919757295,0.10068997314998077,0.9968865513801575,0.43969095349311804,0.6258423209190366,0.10067491957119529,0.9977923631668091,0.44461282406534447,0.6231665168489726,0.10593569363866528,0.9984353184700012,0.44565875955990364,0.6224791697093416,0.10589963346719737,0.9987987279891968,0.4467157397951397,0.6218064750943862,0.10589560887643262,0.9991052746772766,0.4396996838705878,0.6285334910665237,0.06331766673496787,0.9977376461029053,0.4492322078772952,0.6224252070699416,0.08697104688201626,0.9975102543830872,0.4431383660861422,0.6326130134718756,0.09385505957262852,0.9957135319709778,0.4458667899881088,0.6309742723192484,0.10024514602763307,0.9953327178955078,0.43745027354785354,0.6603431667600357,0.019560092634388362,0.9998800754547119,0.4708844763892035,0.6454792005675176,0.06732973387198786,0.9999197125434875,0.4287401795387266,0.7019499199731005,0.010370121763220844,0.5599167346954346,0.49059245756694225,0.6895234380449564,0.07053134388157296,0.7720198631286621,0.42734942776816215,0.749336218833923,0.03650212543351307,0.5670707821846008,0.47817791019167194,0.7028042452675953,0.0729939880115645,0.7466396689414978,0.4260376249040874,0.764454991476876,0.03828091823628968,0.5434912443161011,0.4758977447237285,0.7055820601327075,0.07585728551660262,0.7214199304580688,0.42814162969589215,0.7661088109016416,0.040609445955072106,0.540174126625061,0.473410573175975,0.7055843336241583,0.07577503749302453,0.7117776870727539,0.42989971041679365,0.7606308511325288,0.03912140152284075,0.514100193977356,0.4737646094390322,0.704326796531677,0.0725321134286267,0.664740800857544,0.451360271658216,0.700087509836469,-0.012482449485521227,0.9999658465385437,0.4699238385472977,0.6971123899732314,0.012371273325490095,0.9999621510505676,0.4605144194194247,0.7423255409513199,-0.030725649518093878,0.7700753808021545,0.47084159765924705,0.7373432755470273,0.012565341378961287,0.8784364461898804,0.4701101822512488,0.8027064067976812,-0.09348965124892332,0.8328760862350464,0.47502044098717805,0.7589175837380542,-0.045120849600061755,0.8528297543525696,0.47100566199847604,0.808662390708923,-0.10057509315333191,0.9189543128013611,0.47419812338692774,0.7735659752573282,-0.05151466938633735,0.8950613737106323,0.46825862697192583,0.8109771149499072,-0.12476798711078502,0.8089935779571533,0.4750230261257714,0.7807621819632391,-0.06937341777873887,0.8373690247535706
73,0.44652319039617244,0.6353580236434933,0.08472728750535416,0.9980483055114746,0.44456085222108005,0.6322737761906212,0.07843799293041225,0.9974847435951233,0.44348945532526274,0.6327007429940357,0.07837490886449809,0.997089147567749,0.4424377501010893,0.6330795305115833,0.0783743132437978,0.9979307651519775,0.4474066019058226,0.6307275176048276,0.08163119043622694,0.9984942674636841,0.4483704422201427,0.6301307899611334,0.08159740907805303,0.9988272190093994,0.44937152351651855,0.6294787253652298,0.08158272228070663,0.999121367931366,0.44207880582128234,0.6360786625317162,0.04183524634156906,0.9978801608085632,0.4517574506146565,0.6305745380265368,0.0563822232186794,0.997478723526001,0.44586777091026286,0.6399856618472506,0.07257117203303742,0.9958455562591553,0.44861471823283583,0.6384018727711265,0.07640349268913264,0.9953435063362122,0.43788320847919987,0.6659745097160337,0.0072827098092862474,0.9998916983604431,0.47158059307507083,0.6548692328589301,0.036179962381720526,0.9999208450317383,0.4291722731930867,0.7062768152781892,0.003191355030451499,0.5967679023742676,0.48918856041772,0.6988562669072829,0.034266775101423244,0.7074746489524841,0.42759663632937817,0.7545166594641546,0.0269221782684326,0.5871685147285461,0.47844906364168416,0.7151389070919578,0.05578562596014565,0.6745418906211853,0.4263598186629157,0.7708066344261166,0.02829527838953902,0.5480690002441406,0.47661327123641944,0.7180168986320492,0.05804432800837923,0.6508951783180237,0.4284464052745272,0.7716928958892819,0.029551064329487918,0.5415019392967224,0.47414008634431004,0.7180476835795808,0.057590375893882315,0.6419901251792908,0.430149881328855,0.7656547852924889,0.028890993126801066,0.5028823614120483,0.4741924635001589,0.7163842609950472,0.05549521036446092,0.5995803475379944,0.4514898538589475,0.7069725632667538,-0.0068456441496631895,0.9999677538871765,0.4700743632657185,0.7029493927955625,0.00672101774585566,0.999962568283081,0.460032933950424,0.7469611133847914,0.009399121015199593,0.7317412495613098,0.4740775244576588,0.7507762346948893,0.019204816566447586,0.7957338690757751,0.4703622434820446,0.8062394329479758,-0.03004555720835922,0.8081038594245911,0.474964631455285,0.7630920818873811,-0.011567254071789119,0.7754307985305786,0.47165365133966697,0.8134205239159716,-0.03495349657854861,0.9170535802841187,0.47414842077663943,0.7757642030715939,-0.014908238453790532,0.8492522239685059,0.46685207060405165,0.8098253062793183,-0.05575989081657355,0.7654132843017578,0.4743592807224816,0.7756969332695004,-0.02891011663845605,0.7598214745521545
74,0.44901678987911753,0.6387940474918907,0.0804296546748706,0.998188316822052,0.4469767068113597,0.6354488100324356,0.07424029814345492,0.9976950287818909,0.44589655910219445,0.6358467698097225,0.07417747889246255,0.9973374009132385,0.44484219465936914,0.6362273829323901,0.07417338128600798,0.9981070160865784,0.44977988345282394,0.6342418295996527,0.07657787757260455,0.9986093044281006,0.4507744193077085,0.6336831774030409,0.07654705686228612,0.9989102482795715,0.4517652528626576,0.6330458147185186,0.0765341290405818,0.999183177947998,0.4440586175237381,0.6396358779498506,0.039505147508212476,0.9980726838111877,0.4538666307926176,0.6342973249299182,0.05006225769008906,0.9976627230644226,0.44828615699495566,0.6434055839266093,0.06885444521903988,0.9961811304092407,0.4511526371751511,0.6419993008886062,0.0715292856097221,0.9956820011138916,0.43819341914994353,0.6686490518706182,0.009467522959624011,0.9999023079872131,0.4726549225194111,0.6602950675146917,0.028492841922811082,0.9999224543571472,0.4295590221881864,0.7062840649059837,0.007436662992196419,0.6255708336830139,0.48876801814351745,0.7031368749482287,0.02160511878984314,0.6489768028259277,0.4285615520817891,0.7524105906486507,0.028579934579985464,0.6143561601638794,0.4782742781298499,0.7225000824247084,0.035023913851806074,0.6097058653831482,0.4283033847808836,0.7681413139615737,0.02980375747595513,0.5670545101165771,0.4762796359402791,0.7259263873100278,0.03537107056805064,0.5875109434127808,0.4307351095335822,0.7681562032018385,0.030245630655969875,0.558534562587738,0.47397339940071087,0.7259667004857742,0.035301367725644774,0.5792073607444763,0.4318262645176477,0.7624641656875606,0.030017581156321915,0.5112217664718628,0.4740318988050731,0.7243417927197044,0.034662284595625724,0.5409842133522034,0.45106024827275937,0.7105452452387125,-0.004335497414493666,0.9999702572822571,0.4699927100113458,0.7056854690824232,0.0042265051277354335,0.9999645352363586,0.4591904086726051,0.7475832019533426,0.019891103530036543,0.7303902506828308,0.4756606136049541,0.7638776881354191,0.010418687394953193,0.76059889793396,0.470125091075897,0.8059135998998366,-0.007828334692333423,0.8134094476699829,0.47298388992037066,0.7655012675694053,-0.01134234531782567,0.7317004203796387,0.47143446207046485,0.8137229629925316,-0.011602587705211973,0.922050416469574,0.4724137995924266,0.7664255210331504,-0.01358894900518602,0.8400430083274841,0.4673426466328755,0.8102607250213619,-0.02776059204978601,0.756923258304596,0.471062008823667,0.7747637646538866,-0.023639000127358086,0.7086756229400635
75,0.45016534669058644,0.6370496545519144,0.09259643320526391,0.9983531832695007,0.4481255871909003,0.6336299385343276,0.08692045339516226,0.99791419506073,0.4470607825687951,0.6339589766093661,0.08685677668878006,0.9975910186767578,0.4460275002888269,0.6343204225812636,0.08685164472886489,0.9982871413230896,0.4509975254535673,0.6327059081622529,0.08833368633474618,0.9987385869026184,0.452063579218728,0.6322350740432736,0.08829617713178903,0.9990094900131226,0.4530855902603692,0.6316859398569377,0.08828321077993934,0.9992574453353882,0.44498723745346047,0.6380246434892924,0.052121855957167465,0.9982600212097168,0.45484708121844675,0.6333682162421087,0.058082994925124275,0.9978770017623901,0.44941361887114367,0.6418409023966105,0.08155209869146343,0.9965341091156006,0.45228841049330554,0.6407550028392244,0.08295950527702055,0.9960715770721436,0.43834698370524794,0.667705678939819,0.02217086111860615,0.9999120235443115,0.473117445196424,0.6603982550757269,0.031274263507553496,0.9999280571937561,0.4296257529939922,0.7032841052327834,0.022795859138880447,0.6503273844718933,0.48886527844837707,0.7024356314114159,0.020838457026651915,0.6077733635902405,0.429375921828406,0.7487638814108709,0.045509902281420545,0.6414422988891602,0.4783006404127391,0.7246681094169614,0.03341033203261237,0.5527464151382446,0.42999431150300144,0.7630206465721127,0.048177735134959196,0.5888563990592957,0.47579727428300017,0.7288144673619947,0.033191972970962505,0.5311674475669861,0.4325097714151653,0.7627937691552295,0.04788870875324519,0.578838586807251,0.47365925652640184,0.7277848941939213,0.03339158642504895,0.5232865214347839,0.4330509832927157,0.7576728292873924,0.04658911355904169,0.526431143283844,0.47388751166207427,0.7264064107622417,0.033113731071352945,0.48881176114082336,0.4506180942058561,0.7143476486206052,-0.0017533005489635137,0.9999730587005615,0.469947415590286,0.7111038872173852,0.001671191682440361,0.9999676942825317,0.458300083024161,0.7488359877041405,0.03776017398174318,0.7417846918106079,0.47612664869853405,0.7685204863548275,0.01201257861851315,0.7601134777069092,0.4707152272973739,0.8070394771439685,0.017712887722466666,0.818104088306427,0.4723138315337043,0.7799646377563473,-0.006857868629906852,0.6987672448158264,0.4717490264347619,0.8151507122176029,0.014717673576836073,0.9271866083145142,0.4713985230241501,0.7793460880007058,-0.008802053179325793,0.8409740328788757,0.4674590221473147,0.8107560276985164,0.0031150858724556356,0.7501432299613953,0.4686856414590561,0.7825562034334452,-0.017163007599966855,0.6723061800003052
76,0.4503461241722104,0.6318609390939982,0.11126873003584993,0.9976998567581177,0.44837938802582855,0.628310372148241,0.10633591562509533,0.9970500469207764,0.44730586750166734,0.6286674993378772,0.10627686849662231,0.9967717528343201,0.44626749072756067,0.6290468982287813,0.1062671970043863,0.9977092146873474,0.4513222839151108,0.627506213528769,0.10742777394396913,0.9980164766311646,0.4524309805461336,0.6271197744778222,0.10738293081521982,0.9983352422714233,0.45348343082836673,0.6266633238111221,0.10737604498863215,0.9987914562225342,0.44506145460265,0.6328231964792521,0.07172923407384324,0.9979864358901978,0.4550623621259414,0.6287996206964762,0.0759534725121089,0.9970366954803467,0.449444224153246,0.6367726189749578,0.10046069664614535,0.9957284927368164,0.4524128156048909,0.6358193704060142,0.10140331408807206,0.994934618473053,0.4378901447568619,0.6640468920980178,0.037774282214897,0.9999203085899353,0.4728392251900262,0.6570580431393211,0.044781956342714146,0.9999302625656128,0.4296905645302362,0.6995704872267583,0.03834088511232817,0.6570407152175903,0.48914033259664236,0.69752094234739,0.032142371684312804,0.5540944337844849,0.43019258294786705,0.7481416872569489,0.06504337638616559,0.6304863095283508,0.4790291198662347,0.7223182422774175,0.045578707115990755,0.503097653388977,0.4311292946338652,0.7620456525257653,0.06851981378027368,0.5667296051979065,0.4764550268650053,0.7274917840957638,0.04591995935354912,0.4823403060436249,0.43342355149132844,0.7620060988834922,0.06759314632841515,0.5551303029060364,0.47412494335855737,0.7259435244968956,0.046516073814460185,0.4745160639286041,0.4338202714920042,0.7575142264366146,0.06612366267612999,0.49791672825813293,0.4743568539619444,0.7243163841111316,0.04546085638659339,0.4426553547382355,0.4495178631373812,0.7148719498089379,-0.0005920668382064569,0.999971866607666,0.4690798486982071,0.7126666682107105,0.0005441705829330849,0.9999657273292542,0.4547995882374898,0.7473786268915446,0.03431635594793726,0.7128080129623413,0.4747032948902673,0.7596886788095744,0.008194770404536804,0.7020125985145569,0.46707573022161186,0.8015191623142783,0.009562428641532141,0.7808866500854492,0.47265216367585294,0.7877985903194968,-0.031185655116236628,0.6455079317092896,0.46853632841791404,0.8086549997329708,0.006429024493055679,0.9204759001731873,0.4713764837809969,0.7898531385830467,-0.03534649012976192,0.8123940229415894,0.46657912135124185,0.8091540575027462,-0.0015753225589703241,0.6956366896629333,0.4684120595455168,0.7958492398262019,-0.04550167394003696,0.6123278141021729
77,0.44970553517341594,0.6272497994559149,0.12362043793712338,0.9978629350662231,0.44774505496025063,0.6242374045508245,0.11850923193352557,0.9972923994064331,0.4466253084795813,0.6243960142135617,0.1184495872684887,0.9970357418060303,0.4455554442746296,0.6245771067483081,0.11843667562518796,0.9978998303413391,0.45069834079061216,0.6229143295969278,0.11939678256000785,0.9981677532196045,0.4518027143818989,0.6223005839756555,0.11934760170323502,0.9984527826309204,0.4528614708355493,0.6216834459986003,0.11934403734547747,0.9988743662834167,0.44438944033214,0.6283617070743013,0.08200910389423366,0.9981658458709717,0.45461347443716843,0.6233189599854603,0.08523977920413013,0.9972529411315918,0.44873230031558425,0.631888173307691,0.11229488743203023,0.9960616827011108,0.45171730603490534,0.6304669703756056,0.11294609755277629,0.9952864050865173,0.4367841899394987,0.659336686134338,0.04628154640751224,0.9999281764030457,0.47202376893588455,0.6514611482620236,0.05205675347575117,0.9999358654022217,0.4300671458244322,0.6955827695982794,0.04838449295078003,0.6713274717330933,0.4889069855213163,0.6911488737378798,0.04301490932703016,0.510810375213623,0.4307568643774303,0.743459696429116,0.07955779305526185,0.6411372423171997,0.479591415609632,0.7177911537034167,0.06460366685475619,0.46382349729537964,0.4312075333935872,0.7574337414332796,0.08394730814865653,0.5669190287590027,0.4778266012668607,0.7225068892751418,0.06686401282038004,0.44232213497161865,0.4329384003366741,0.7580588102340695,0.08294424904244284,0.5529599785804749,0.475258215836116,0.7204991255487712,0.06709338570279731,0.4338517487049103,0.4335213831492831,0.7538523980549401,0.0808111873056207,0.4893735349178314,0.47523048434938686,0.7188015750476289,0.06457582195954661,0.4034233093261719,0.4487452847617011,0.717285289083208,0.0009355532629082779,0.9999744296073914,0.46888292516980834,0.7151358314922874,-0.0010081536419290517,0.9999688863754272,0.45252022402627107,0.7490838697978425,0.03934611326881816,0.6949440836906433,0.4721816148076736,0.7528410792350766,0.01454890676208638,0.7144873142242432,0.46307278360639276,0.7951027836118422,0.01492038041885409,0.7653878331184387,0.4734948039054868,0.8013330987521576,-0.03203635649489504,0.6614081263542175,0.4657209302697861,0.801335503373827,0.011989676220608602,0.9233806133270264,0.4719712342534744,0.8133653470448081,-0.03720981978944368,0.8249273300170898,0.46566293920789426,0.807521215506962,0.005394858565081705,0.6744181513786316,0.47036587681089104,0.8186117615018569,-0.05043510877460771,0.6197307705879211
78,0.4487834164074487,0.6217979380062646,0.11875819691589895,0.997989296913147,0.4467465656144276,0.6188807078770225,0.11221370995044702,0.997478723526001,0.4456364929676054,0.6188528060913083,0.11215135306119914,0.9972562789916992,0.444603645801544,0.6188558237893238,0.11213670223951334,0.9980520009994507,0.4496709014688217,0.6174853989056176,0.11361270376614156,0.9982752799987793,0.4507501517023357,0.6168147001947673,0.11356832172189435,0.9985409379005432,0.45180965576853055,0.6161440099988662,0.11356106719800399,0.9989311099052429,0.4436241924762724,0.6226207920483178,0.07344181665352409,0.9983273148536682,0.4537740784032002,0.6177527615002221,0.07910199165344234,0.9974559545516968,0.44796954563685804,0.6264093875885006,0.10627736044781544,0.9963779449462891,0.450904047489166,0.6248712522642951,0.10756526844842088,0.9956428408622742,0.43468649813107063,0.6547545790672299,0.03476460022585731,0.9999352693557739,0.4711767358439307,0.64621775661196,0.05137806077088626,0.999940812587738,0.4304697215557096,0.6925307784761698,0.037172426709106976,0.6997265815734863,0.48829270345824083,0.6854742475918357,0.05071306707603588,0.49141237139701843,0.4306536112512859,0.7391323549406865,0.06933255004031313,0.6672536134719849,0.47970978617668125,0.7138107197625293,0.07935018326554977,0.43700000643730164,0.42979811174528915,0.752965928827013,0.07319766346897394,0.5907745957374573,0.47853205714906943,0.7192676186561582,0.08313093174781114,0.41333481669425964,0.43087972572871597,0.753701075485774,0.07284472201551706,0.5758464336395264,0.4760433997426712,0.7173199857984267,0.08232289978436057,0.40314215421676636,0.43197069934436233,0.7494565810476027,0.07087988491569244,0.508185863494873,0.4758824987070899,0.7151567799704412,0.07907859246645652,0.37303826212882996,0.448344484397343,0.7186684216771804,-0.002159289927554449,0.999976634979248,0.46871498652866883,0.7143295509474614,0.0020943573942141867,0.9999715089797974,0.4526300753865921,0.7510910919734406,0.04440158350127082,0.7172893285751343,0.4686434745788572,0.7558720861162453,0.021134115555988882,0.7321423888206482,0.4608263918331689,0.7946094121251783,0.03977984679596763,0.7826738953590393,0.4726142483098164,0.8111177206039425,-0.014290145784616463,0.6879261136054993,0.46538182922771976,0.8008566277367725,0.03889567937169754,0.9296001195907593,0.4730826965400149,0.8239933184214996,-0.018280810862779606,0.838434636592865,0.46550568086760363,0.8088602338518411,0.03406454361642576,0.6921437382698059,0.4710137869630539,0.8317964928490771,-0.0313503384989287,0.6388758420944214
79,0.44785170555114723,0.6133618746485026,0.12063412645033422,0.9980794191360474,0.4457342948232376,0.6102692025048388,0.11326068788766855,0.9976045489311218,0.444519143445151,0.6102511508124213,0.11319702480520516,0.9974286556243896,0.4434529883520942,0.6102542315210612,0.11318499680076322,0.9981621503829956,0.44887657931872754,0.6091973628316604,0.11512037324053895,0.9983482956886292,0.44997512187276545,0.6086939658437454,0.11507421902247833,0.9986066818237305,0.4510511381285529,0.6081495148794989,0.11506835903440198,0.998971164226532,0.4425417465823035,0.6140774556568688,0.07061484817947657,0.9984681606292725,0.4529308727809359,0.61033843926021,0.07880554475954597,0.9976475834846497,0.44692052943365895,0.6182316115924288,0.10719686810459404,0.996673047542572,0.4499234787055422,0.6171704224177766,0.10898541403668263,0.9959981441497803,0.43208368590899854,0.6482982771737232,0.028630965788449547,0.9999415874481201,0.4698045875344955,0.642319766112736,0.05674571150115555,0.9999452233314514,0.4302867497716629,0.688494425160544,0.027385141700506196,0.7292605638504028,0.48707196967942346,0.6812603695052007,0.06530980212347845,0.4975537061691284,0.4291117872510635,0.7363176448004582,0.06527800783514973,0.697857677936554,0.47911095789500624,0.7106607028416222,0.10015572309494013,0.4253496527671814,0.4269907508577618,0.7501054372106276,0.06983214680637628,0.6248942613601685,0.47836536254201595,0.7170382942472182,0.10498000468526564,0.3972320556640625,0.42744380916867913,0.7503024663243971,0.07071247931037627,0.610551655292511,0.4758588739803857,0.7153713686125616,0.10340172989027836,0.3840689957141876,0.4287942928927283,0.7459028022629871,0.06737402507237022,0.5445747375488281,0.4755830492292129,0.7128140160015648,0.09969910436442916,0.3540686070919037,0.4478132792881555,0.7189724275044029,-0.005493618375788042,0.9999786615371704,0.4676875233650205,0.7133223823138642,0.0054287126504017815,0.9999739527702332,0.45390418342181593,0.7534322806767051,0.054990549917731946,0.7440806031227112,0.4657581252711158,0.7613293426377429,0.02036944567891103,0.7569687366485596,0.4634018795830861,0.8018041167940408,0.0669428991419928,0.8031969666481018,0.4735062190464563,0.8262558783803664,-0.005886184716863283,0.7182636260986328,0.467907176698957,0.8092942884990144,0.06757356485884101,0.9360041618347168,0.47594167164393814,0.8401266132082255,-0.008980311240468698,0.853955864906311,0.46620695590972877,0.8147696120398381,0.0634919827014008,0.7183436155319214,0.471465787717274,0.8420418586049758,-0.02323381069581954,0.6718053817749023
80,0.44689490113939534,0.6031314202717369,0.12623675210135318,0.9982641339302063,0.444872290747506,0.5993444800376889,0.11910244652203145,0.9978386759757996,0.4435735191617691,0.5995928934642243,0.11903998085430684,0.9976805448532104,0.44240110431398644,0.5998255491256711,0.11902882201330997,0.9983417987823486,0.44819844279970417,0.5987977606909612,0.1211317775504929,0.9985093474388123,0.4493197032383508,0.5986541628837583,0.12108058716569622,0.9987422227859497,0.45042360169546924,0.5984233549662996,0.12107967393738878,0.9990708231925964,0.44119905063084175,0.6034070049013407,0.0755490958690643,0.9986199736595154,0.4522564538887567,0.601454813139779,0.08486763664654319,0.9978795647621155,0.4455878147057123,0.608339006560189,0.1127326328839574,0.9970003962516785,0.448791399172374,0.6079923936298912,0.11467094549110952,0.9963915348052979,0.42923497217042084,0.6412753939628598,0.03345755934715269,0.9999473690986633,0.4674724365983688,0.6384599651609145,0.06473760285547799,0.9999503493309021,0.42821370874132414,0.6836720943450925,0.03269664421677588,0.7541688084602356,0.4853643442903244,0.6784897855349946,0.07495298374976428,0.4854678213596344,0.4265895971230096,0.7330660428319655,0.08133025190659929,0.7229166626930237,0.47715668848582654,0.7072225008692057,0.10903997783149988,0.42188844084739685,0.42402240293366544,0.7460805279867986,0.0876296603253909,0.6515964269638062,0.4765262169497351,0.7143082363264898,0.11440267243555607,0.39168214797973633,0.42421713130814664,0.7457167148590085,0.08859564427818567,0.6368856430053711,0.47388367312295077,0.7130876064300534,0.11316900061709534,0.37433895468711853,0.42571347951889016,0.7413151366370062,0.08371386613164625,0.5707939267158508,0.4736829646996087,0.7103246859141755,0.10872055696589601,0.34144002199172974,0.44568213735307943,0.7175593256950376,-0.006997652884040558,0.9999807476997375,0.4655675828456876,0.7122759648731773,0.0069177221606618565,0.9999765157699585,0.45128487263407,0.7559299043246674,0.038392166261162056,0.7690353393554688,0.464042350224086,0.7647619400705605,0.005303209082090428,0.7810514569282532,0.46087329302515284,0.804840426785605,0.03680105102913718,0.8221180438995361,0.4747400411537713,0.8300977468490597,-0.039668136223086264,0.7461767196655273,0.46442191856248016,0.8105033448764253,0.036307019421032476,0.9421765208244324,0.4777742479528697,0.841522930349622,-0.044904997891613396,0.8683696985244751,0.46373141237667603,0.8207915663719174,0.03334348760545252,0.7443655133247375,0.47231809837477523,0.8468869805335995,-0.061111054183649136,0.7038700580596924
81,0.4452808013984133,0.5958368165152411,0.12941670268774025,0.9984248280525208,0.44338402322360426,0.591814373220716,0.12217948883771891,0.9980459213256836,0.4419855977807724,0.5921155946595325,0.12211764795439578,0.9979031085968018,0.44069839545658634,0.5923281925065174,0.12210179120302195,0.9985014200210571,0.4468049986021857,0.591051205566951,0.12365157838378626,0.9986511468887329,0.44791203056062945,0.590864300727844,0.12359604580061771,0.9988601207733154,0.4490089109965731,0.5906330806868414,0.12359725790364395,0.9991574883460999,0.43919003094945613,0.5954162120819089,0.07886351985590795,0.9987550973892212,0.45087375896317594,0.5935394593647545,0.08554687436137877,0.9980794787406921,0.44347020047051544,0.6010631254741121,0.11596359695707043,0.99728924036026,0.44691159895488175,0.6004424061094009,0.11715847551822657,0.9967365264892578,0.42675814288003083,0.6344456996236525,0.04005606318158761,0.9999525547027588,0.46483965516090375,0.6333373444420949,0.06236851917845859,0.9999548196792603,0.4249893895217349,0.6774971485137936,0.04239889819707188,0.7667102813720703,0.48296812517302357,0.6767340677125111,0.07074208067996157,0.4799523651599884,0.4235291080815449,0.72472664969308,0.09506417182939389,0.7053303718566895,0.4736134920801433,0.7042484147208075,0.10273070569549284,0.3961491584777832,0.4210975136075699,0.7361460225922718,0.10558984045471459,0.6248763203620911,0.47276534693581695,0.7100852898188996,0.10785774524722776,0.365168035030365,0.421555949108941,0.7356056741305756,0.10490757035357606,0.6083548069000244,0.47019408345222446,0.7086916446685788,0.10710172376462387,0.3474252223968506,0.42312794668333853,0.731762645925794,0.09731475093535011,0.5416010618209839,0.470297244616917,0.7064213565417695,0.10257678393806725,0.3161333203315735,0.4422802874020166,0.7158182110105238,-0.00466909230620201,0.9999825358390808,0.46268579874719873,0.7115687063762116,0.004579451570420391,0.99997878074646,0.44529194916997616,0.7552172677857532,0.03515085833413259,0.7895686030387878,0.4635846265724725,0.7671012929507661,-0.0061207993089088366,0.8004050850868225,0.45420521157128446,0.8037684287343703,0.016303819205079752,0.8363221287727356,0.4752092685018265,0.8346543788909908,-0.06933205412434677,0.7694991827011108,0.45659302387918727,0.8083908966609405,0.014117431640624997,0.9471517205238342,0.4773396951811652,0.8456217714718406,-0.07574206963181493,0.8803679347038269,0.4574573797839026,0.8243754761559619,0.011673659033008977,0.7610982060432434,0.4730262637138365,0.8512071285928994,-0.09368464220647829,0.7272670865058899
82,0.44284700240407654,0.5888171604701448,0.13235164880752556,0.9985609650611877,0.44092169489179317,0.5847639543669562,0.12446015136582504,0.998224139213562,0.4395329041140418,0.5850593328475949,0.12440163791179651,0.9980979561805725,0.4382338907037461,0.5852258614131379,0.1243806585669517,0.9986395835876465,0.4442657138620102,0.5839468938963751,0.12542335497481477,0.9987717270851135,0.4453152026448929,0.5837670496531893,0.125361124745437,0.9989612102508545,0.4463795491627282,0.5835599677903309,0.1253605378525597,0.9992300271987915,0.436726608446666,0.5884753499712261,0.08151103236845558,0.9988765120506287,0.44841678653444544,0.586867192813328,0.08498275343860895,0.9982600212097168,0.4410221508571078,0.5942219955580572,0.1186351739934512,0.9975488781929016,0.44444899559020973,0.593455328260149,0.11923199977193555,0.9970466494560242,0.42421780994960223,0.627886024543217,0.04477060543639318,0.999957263469696,0.46244546260152525,0.6270353044782363,0.05651654068912776,0.9999588131904602,0.4212072099958145,0.6724709681102204,0.056068091733115034,0.7888588905334473,0.48035017166818866,0.6744496345520017,0.06826826887471332,0.5013651251792908,0.42146628158433075,0.7116606048175264,0.1081388794950076,0.7270978093147278,0.46958800043378535,0.6999739153044562,0.10408445000648495,0.3890324831008911,0.4196288628237586,0.7214093804359433,0.12056328696863985,0.6467428207397461,0.46807037677083674,0.7062936595508027,0.10929018557071682,0.35364776849746704,0.4207686245441435,0.7203871692929945,0.11830130198172153,0.63006192445755,0.4658248662948606,0.7040616563388277,0.10888232099158418,0.3335621654987335,0.4221850199358802,0.7168465018272396,0.10985962791102268,0.5639957785606384,0.46626078486442546,0.7015923448971337,0.10415534419672826,0.30200493335723877,0.437700249467577,0.7138389757701326,-0.002733089635148643,0.9999841451644897,0.459432187250682,0.7099602154323029,0.0026506658510438022,0.9999807476997375,0.43790318284715907,0.7509262663977483,0.0443497120269707,0.8098530173301697,0.4638604470661706,0.7675672411918637,0.0033868649907942317,0.8201854228973389,0.44368306653840184,0.8074418255261008,0.023991544012512467,0.8521401286125183,0.475598073005676,0.8395628299031935,-0.052856924863798255,0.7923434972763062,0.4458417500768387,0.8140950918197629,0.021544767490455065,0.952232837677002,0.47664193170411223,0.8499658414295737,-0.05826518237590787,0.8921593427658081,0.4453390410968233,0.82742543050221,0.017627785035542066,0.7824730277061462,0.4732370657580237,0.8508728333881919,-0.07553581765719819,0.7534973621368408
83,0.43999299917902246,0.5814260993685039,0.1392662197351455,0.9986955523490906,0.4379258794443946,0.5774627038410729,0.13091402607304703,0.9983944296836853,0.43650492940630214,0.5777631487165176,0.13086129384381423,0.9982814192771912,0.4351865036146979,0.5779248356819151,0.1308404826692172,0.9987698197364807,0.4413352991853439,0.5767174175807406,0.13129452977861672,0.9988899827003479,0.44241001946585495,0.576576048987252,0.1312209533793585,0.9990611672401428,0.443472795827048,0.5764186620712278,0.1312172148908887,0.9993037581443787,0.43370546272822774,0.5816464492252892,0.08736015281506943,0.9989871978759766,0.4454757664884838,0.580013447148459,0.08877114632299964,0.9984309077262878,0.43824588315827484,0.5868417365210394,0.12521737430776864,0.9977876543998718,0.44172684720584304,0.5863072531563892,0.12504867741039816,0.9973352551460266,0.42124984519822234,0.620917839663369,0.053733068172420746,0.9999614357948303,0.46018616216523284,0.6219327177320204,0.05307980754545754,0.9999626874923706,0.41746982421193785,0.6688732419695169,0.07085747314350943,0.7960519790649414,0.47678648574011645,0.6707098603248594,0.06704043245741295,0.519657552242279,0.42093148742403286,0.698896959849766,0.12418381401470724,0.6780949831008911,0.4649933329650332,0.6954153435570849,0.1091560725654874,0.36948373913764954,0.42016687393188457,0.7077110171318051,0.13725589641502917,0.600828230381012,0.4628675367150986,0.7027472104345046,0.11413556720529279,0.3335464596748352,0.4218919830662861,0.7044044937406264,0.13383290192910596,0.5839727520942688,0.4607445188931054,0.699696668556758,0.11418618644986829,0.31288444995880127,0.422953677177429,0.7008528760501314,0.1252281589167458,0.5224687457084656,0.4612813634531836,0.6966991032872878,0.1094514450856617,0.2825125455856323,0.4319027985845291,0.7123117191450934,0.0015427046156089213,0.9999855160713196,0.4550448758261542,0.7091147456850321,-0.0016137898267645913,0.9999825358390808,0.43032520583697703,0.7446952751704621,0.06899684603725158,0.8281058669090271,0.46393744264330156,0.7664366143090381,0.007820661592164206,0.8379022479057312,0.43272671784673394,0.8125224317823134,0.05858308928353444,0.86627197265625,0.47631426623889356,0.8408652509961805,-0.03948879953074666,0.8127888441085815,0.4345982764448436,0.8224113140787392,0.05698475113936831,0.9567060470581055,0.4765386096068789,0.8510717885834826,-0.04398867371492086,0.9027026891708374,0.43192570635250616,0.8300521407808572,0.05248895644077231,0.8007510900497437,0.4736991439546855,0.8508023551532197,-0.060845308325120355,0.7762279510498047
84,0.43694250924246636,0.5748874698366435,0.14788296392985745,0.9987329840660095,0.43482859134674057,0.5708732860428943,0.14002515673637383,0.9984794855117798,0.4334642061165399,0.5710955160004749,0.1399780143584523,0.9983699321746826,0.4321510331971303,0.5712009225572856,0.13996549717017576,0.9988276362419128,0.4382712108748298,0.5702839323452538,0.1396407274263245,0.9989627003669739,0.439417243003845,0.570180889538356,0.13955092792000084,0.9991204142570496,0.44058802809034053,0.5700641104153221,0.13954038619995113,0.9993499517440796,0.43049770508493673,0.5754343594823562,0.09711670279502864,0.9990607500076294,0.4425307571887968,0.5738632219178333,0.09651944828884937,0.99856036901474,0.43536250591278053,0.5801893489701404,0.13420289967741278,0.9979377388954163,0.4388631224632261,0.5800255605152673,0.13307162523269647,0.9975408315658569,0.4177196264266966,0.6153497968401225,0.0662022980196135,0.9999642968177795,0.45736861399241835,0.6173772811889645,0.05539157677974017,0.9999657273292542,0.4134043685027529,0.6675073810986107,0.09079670288733069,0.7391181588172913,0.4723213391644612,0.6669328468186511,0.06508950718811576,0.5019829273223877,0.42126413924353445,0.6868969440460202,0.15075915626117153,0.6107736825942993,0.4597093233040399,0.6913793478693278,0.11001732626131598,0.3338724970817566,0.4218380042484826,0.69462696313858,0.16353122293949118,0.5412900447845459,0.4570343460355484,0.6990943925721301,0.11503901907375876,0.3011341094970703,0.4239692083426882,0.6892446245465956,0.15958990156650538,0.5260761380195618,0.45470640318734284,0.6954141225133621,0.115685980447701,0.28235936164855957,0.4248032357011521,0.6855473978178839,0.15115445639405925,0.47073185443878174,0.4552128527845653,0.6919298154967168,0.11058768566165647,0.2549549341201782,0.4257559231349398,0.7078659772872922,0.005264521317024314,0.9999867677688599,0.4498658699648719,0.7064856427056445,-0.005341625985290321,0.9999842047691345,0.42256308197975134,0.7408057076590399,0.07453815032328874,0.8391291499137878,0.4627697672162735,0.7650004914828706,0.0125830543693155,0.8528295159339905,0.42007354583059014,0.8150650858879085,0.06981260095323832,0.8775625228881836,0.4765086174011228,0.8399660382952004,-0.021320430189371097,0.8305528163909912,0.4216513114316121,0.8255370736122127,0.0689711898565292,0.9600714445114136,0.47634409836360364,0.8501735261508393,-0.025076453068426666,0.9116579294204712,0.4180532983371188,0.8316540002822872,0.06495549593652995,0.8069741725921631,0.47483721801212836,0.8525149311338148,-0.04025735978835394,0.7905561327934265
85,0.4335401185921258,0.5711055210658479,0.1453504081283296,0.9988253116607666,0.43156590632029923,0.5666626793997626,0.13781392233712325,0.9986014366149902,0.43029791201863954,0.566715153626033,0.13776635910783488,0.9985014200210571,0.4290513813495634,0.5666771701404023,0.1377581630434308,0.9989175796508789,0.43502648217337453,0.5663637978690008,0.13765445862497597,0.9990530014038086,0.4362737800393784,0.5662586041859214,0.13757016147885998,0.9991974234580994,0.437573182582855,0.5661476135253904,0.13756316559655318,0.9994072914123535,0.42716573561940857,0.5706721237727572,0.09652497555528364,0.9991426467895508,0.4394758548055374,0.5697574291910441,0.09274195709398811,0.9986957907676697,0.4320244874273026,0.5763850314276556,0.13222753064973009,0.9981127381324768,0.43559191312108697,0.5763418878827773,0.1311779516083853,0.9977630376815796,0.4139759055205752,0.6116905859538484,0.06744779965707232,0.9999669194221497,0.45420310667582897,0.6141184602464945,0.05066029642309459,0.9999687075614929,0.40946228929928347,0.6667961273874552,0.09480282132114679,0.6963444352149963,0.4672416184629711,0.6651877999305722,0.056232952432973014,0.50657719373703,0.4208439801420482,0.6790581447737555,0.15547389430659153,0.5502541661262512,0.4534728135381424,0.6898973516055513,0.10210582252059659,0.3019990026950836,0.4224182520593913,0.6854717867715014,0.16880096537726258,0.4878405034542084,0.4502496787479944,0.6973372391292023,0.1066081611173493,0.27209120988845825,0.4248690775462557,0.6798490013395033,0.16374002822807848,0.47411754727363586,0.4477652115481239,0.6935448016439162,0.10733870438167022,0.2549995481967926,0.42543417300496766,0.6762163383620122,0.15533654902662541,0.42436107993125916,0.4483607036726813,0.6898294704301013,0.102575648682458,0.23031993210315704,0.42047300083296624,0.7003991263253344,0.0072984736778640286,0.9999879002571106,0.44466980951172946,0.7020553486687793,-0.007376425876282152,0.9999856948852539,0.41467005440167,0.7388104319572445,0.0817123255559376,0.8519164323806763,0.4594926783016748,0.7639548284666875,0.015375592133828563,0.8664506077766418,0.40769143530300667,0.8137066432407921,0.08918796234897201,0.888262152671814,0.4740156037466865,0.838370277200426,-0.008244904243786417,0.846727192401886,0.40894616331372924,0.8235827105385912,0.08965565040707585,0.9632627367973328,0.47417449866022354,0.8499206934656413,-0.010767050546460915,0.9199636578559875,0.40605718408312097,0.8302296962056838,0.08787110394665168,0.8142229914665222,0.47571665900094146,0.8518756576946799,-0.023763520643115033,0.8037646412849426
86,0.42976140294756193,0.5697393792016163,0.14482102394103996,0.9987869262695312,0.4279182910919187,0.5651643259184698,0.13764349435056952,0.9985888600349426,0.4267406395503451,0.5651171003069193,0.1375935805695397,0.9984947443008423,0.4255689825330459,0.5650203858103069,0.13758776826517916,0.9989011883735657,0.43135887554713637,0.5651363611221312,0.13742760462420323,0.9990785717964172,0.4326974970953803,0.5650677442550657,0.13734979842390327,0.9992216229438782,0.4340907658849442,0.5649963889803202,0.13734653166362212,0.9994288682937622,0.4235594144889284,0.5687606998852319,0.09712775988238194,0.9991601705551147,0.4359249183109827,0.5681990350995743,0.08956676402262274,0.9987753629684448,0.4282721860068183,0.5749312588146752,0.1320164169584001,0.9981469511985779,0.43188853093555973,0.5750554578644886,0.13082886636257166,0.9978689551353455,0.4102315715381075,0.6101445487567354,0.06890816305364877,0.9999675154685974,0.4506168757166179,0.6126226816858561,0.046951739064284716,0.9999703764915466,0.40585254430770856,0.6670967289379661,0.09553944468498225,0.6417807936668396,0.4624687203339166,0.6647450549261908,0.05060135530573979,0.49255794286727905,0.4178547833647045,0.6785568833351132,0.15184580470834452,0.49540743231773376,0.4484580942562646,0.6894307272774829,0.09606149877820691,0.27223238348960876,0.4200380197593142,0.6840426053319655,0.1643994041851588,0.4392786920070648,0.4452973272119247,0.6973161867686677,0.10012189235006055,0.24518468976020813,0.42300484606197886,0.6791013666561668,0.15943640215056276,0.4269200563430786,0.4427623774324143,0.692817790167672,0.10151212343147818,0.22974711656570435,0.4231981268950869,0.6755586998803271,0.1515876012189047,0.38216033577919006,0.443411463499069,0.6891736439296174,0.09685306016887932,0.20752933621406555,0.4158795135361806,0.6952155760356354,0.0077372890098818675,0.9999886155128479,0.4394337492329732,0.6981595192636759,-0.007821167366845263,0.9999868869781494,0.4073781234877448,0.7402505636215206,0.07828515938350128,0.8519273400306702,0.45510814956256296,0.7639249137469697,0.026844705242131426,0.8733094930648804,0.3956019912447246,0.8148075257028848,0.08938122359769682,0.8935011625289917,0.4688193542616706,0.8374492015157423,0.016924647188612387,0.8585885167121887,0.3962468360151562,0.8242529324122834,0.09024351718170298,0.9644531607627869,0.46878333517483284,0.8499351859092708,0.015735555440187447,0.9260682463645935,0.39275768314089077,0.8298445871898102,0.08748218230903146,0.7963516712188721,0.47220353739602206,0.849980771541595,0.004391126720500845,0.7942515015602112
87,0.42594517724854586,0.5705553548676625,0.14287097837243753,0.9987155795097351,0.424058436495917,0.566104527882167,0.1356041193008422,0.9985353350639343,0.4229073166847227,0.5660612532070702,0.13555445330483568,0.9984313249588013,0.4217867255210874,0.5659939936229159,0.13554796917097903,0.9988420605659485,0.4275182698454174,0.5661858456475392,0.13499267569610046,0.9990885257720947,0.42892817599432786,0.5662005356379916,0.13491320567471635,0.9992349743843079,0.4303177203450882,0.566198464802333,0.13490150570869439,0.9994445443153381,0.41976904613631094,0.5697124855858936,0.09490203431674407,0.9991392493247986,0.432127637522561,0.5691918952124457,0.08587233190025598,0.9988315105438232,0.42454440167972,0.5757369399070738,0.13004143536090845,0.9981304407119751,0.4281635114124841,0.5759450895445685,0.12840385181563235,0.9979304671287537,0.40657375880650093,0.6107898065022057,0.06781165599822994,0.9999660849571228,0.44677289894648936,0.6131521122796192,0.04329135354076111,0.9999717473983765,0.4024540730885095,0.6668066126959662,0.09474308661052154,0.592461109161377,0.45746633665902253,0.6663839459419247,0.045580598924841176,0.5093678832054138,0.4139334789344241,0.6837236608777724,0.1525132762534277,0.4460819661617279,0.44386203799928914,0.6901678017207551,0.09444211934294015,0.24764303863048553,0.4165595344134737,0.6884292193821495,0.16540195643901817,0.39562511444091797,0.4408760377338953,0.6984060321535379,0.09915870704821172,0.22238360345363617,0.4197417642389023,0.6836656280926292,0.1608304811375481,0.38449224829673767,0.4385442231382641,0.6932714666639053,0.10136329893554955,0.2081824541091919,0.41975493771689254,0.6804968271936686,0.15242945296423768,0.3442258834838867,0.4392739347049166,0.6898668050765988,0.0958415921245302,0.18802079558372498,0.4119130585874828,0.6931965231895444,0.008293730200135279,0.9999887347221375,0.43468811171395416,0.6979638661657057,-0.008375985434811026,0.9999876618385315,0.3995522992951528,0.7471835528101236,0.06650880234582081,0.853294312953949,0.45037207688604064,0.766455485139574,0.033049448419894475,0.8733267188072205,0.3840026812894002,0.8194776364735191,0.06573534618530952,0.897426426410675,0.46161425965172886,0.8400256105831687,0.024095705916572882,0.866442859172821,0.3841000735759733,0.8292185255459373,0.06553884505161214,0.9654388427734375,0.4607346543243951,0.8518640058381214,0.02302180027722247,0.9305360913276672,0.37834846973419173,0.8348942211696075,0.05927736721932885,0.7803981900215149,0.4653992065361566,0.8546136055673867,0.011782215535640711,0.7724930047988892
88,0.42211505004337835,0.5724271042006353,0.14848825122628886,0.9987818598747253,0.42011686052594843,0.5684721095221381,0.14108813532761158,0.9986255764961243,0.41894403014864223,0.5685250588825768,0.1410423555544444,0.9985299110412598,0.4178106086594716,0.5685297727584836,0.14103565897260387,0.9989094138145447,0.42367072701454145,0.5683140788759502,0.14041927414281022,0.9991553425788879,0.4250884354114531,0.5683221016611368,0.1403318503073283,0.9992932081222534,0.42647454908915905,0.5682982563972471,0.1403181225061416,0.9994866251945496,0.41581848519188996,0.5725510903767175,0.0988965558154242,0.9992031455039978,0.42825088926724003,0.5713597706386019,0.09426712095737452,0.9989311099052429,0.42081530605043665,0.577467152050563,0.13510716046605786,0.9982587099075317,0.4244154146739413,0.5776206357138495,0.13364988522870191,0.9980897307395935,0.40244159102439864,0.6119088598660058,0.06725455160651886,0.999966561794281,0.44260859319141915,0.6156204087393621,0.05390790711556159,0.9999731779098511,0.39861695255552004,0.6701134324073789,0.08927786775997704,0.5561606287956238,0.4523971480982642,0.6701211333274839,0.057144169296537095,0.5222931504249573,0.4102749816008974,0.6865350127220151,0.14142754588808326,0.4017027020454407,0.4398025776658737,0.6937402640070232,0.10332165679761336,0.22431474924087524,0.41259644201823625,0.6905788251331871,0.15226234453065046,0.3563436269760132,0.4371015940393718,0.7020047766821721,0.10872671966041832,0.2011091709136963,0.41537323253495334,0.6856295466423031,0.1497508287429809,0.34631025791168213,0.43472752911703905,0.6968662244932988,0.11050950118473593,0.188168004155159,0.4156058933053696,0.6830679518835882,0.14207906935896186,0.31009581685066223,0.43541784116200016,0.6932628393173215,0.10472340051616935,0.16997130215168,0.40830708656992215,0.6968835558210097,0.004254839622548646,0.999988317489624,0.43054626498903525,0.7027311444282528,-0.004359934099816849,0.9999879598617554,0.3916465997695921,0.7582587191036765,0.04904554731079508,0.8631749749183655,0.4460246196814944,0.7728689227785379,0.03889741301536558,0.8771477937698364,0.37215838943208945,0.8286499142646786,0.03858830002801757,0.9050875902175903,0.45543168016842417,0.8467379399708336,0.031057596499366406,0.8748415112495422,0.3724873202187673,0.8389603648866921,0.03748240231403281,0.967795729637146,0.45419857927731083,0.8571305428232462,0.03017624262720345,0.9356443881988525,0.3625516397612434,0.8438369188989908,0.0262185789644718,0.7843931913375854,0.45847722632544363,0.8630707315036226,0.018789404324655014,0.7629724740982056
89,0.4176107730184281,0.5761498689651486,0.15225526903356817,0.9988676905632019,0.4156349105494361,0.5719672492572236,0.14458869227341237,0.9987303018569946,0.4144408106803892,0.5719772253717692,0.14454757954393108,0.9986385703086853,0.41326439125197256,0.5719421505928037,0.14454171018941053,0.9989941120147705,0.41932598437581725,0.5717910630362372,0.14451887650149203,0.999225914478302,0.4207722783088682,0.571749937534332,0.1444337776729038,0.9993507862091064,0.4222260083471024,0.571655966554369,0.14443068334034503,0.9995295405387878,0.41125327263559597,0.5758578607014244,0.10171790633882791,0.9992666244506836,0.4240810785974773,0.5748213137899123,0.10164780425173892,0.9990209341049194,0.4162706026009149,0.5813851032938273,0.1386270706142697,0.9984007477760315,0.42000648379325844,0.5813821537154059,0.137919761453356,0.9982486963272095,0.39752309918403606,0.6168891038213455,0.06715706054653436,0.9999685287475586,0.43816151193210034,0.6206588404519214,0.06671211251190728,0.9999741911888123,0.3934989648205891,0.6774675369262693,0.09266765266656872,0.5508344173431396,0.4468463088784897,0.6775436248098097,0.06728362771017207,0.5135918855667114,0.4065549331051961,0.6852360657283234,0.15018620533602572,0.3632173538208008,0.4346465400287081,0.7012846486909046,0.1116922259330749,0.20366857945919037,0.4093042850494383,0.6875666277749195,0.16119561791419976,0.32249635457992554,0.43189191733087795,0.7090483903884884,0.11774874776601785,0.18242749571800232,0.4120154976844786,0.6828572545732767,0.15861539925847729,0.31336426734924316,0.4295477500983645,0.7041756800242829,0.1196004890969821,0.17055748403072357,0.41203586544309323,0.680883203233991,0.15096097290515892,0.2807084321975708,0.4300850808620451,0.7002711006573266,0.11303939904485426,0.15415257215499878,0.4043171627180915,0.7051570807184488,-0.000452796456270984,0.9999879598617554,0.4265527938093456,0.7105797069413318,0.00033454967862261184,0.9999880194664001,0.38347562125750934,0.7699354784829273,0.04020458199083803,0.8677130341529846,0.4424515145165578,0.7798349550792145,0.04301309404628616,0.8649898171424866,0.361127437012536,0.8403437597411015,0.02731717830756678,0.9079179763793945,0.45186296360833283,0.8548279200281412,0.03789220303297041,0.8746804594993591,0.361352365357535,0.852039083412715,0.02586818881598965,0.9674293994903564,0.4509611027581349,0.8658157552991591,0.03724735176989009,0.9384019374847412,0.34729216098785387,0.8527547206197462,0.01165649332106113,0.7754744291305542,0.45592407499040855,0.8684843182563777,0.02593164119337285,0.7388179898262024
90,0.4120508577142441,0.581459205491202,0.15367425509861532,0.9989789724349976,0.4102006503513879,0.5769093956266127,0.1459032693079539,0.9988554120063782,0.4090125526700699,0.5768110939434594,0.1458634606429508,0.9987726807594299,0.40780854395457655,0.5766936234065462,0.14585983838353833,0.9990929961204529,0.4138685286045073,0.5769561818667818,0.1463733881711959,0.9993026852607727,0.4153516692774635,0.5769214119229995,0.14629347962992525,0.9994152188301086,0.41683286087853544,0.576823670523507,0.1462955244949885,0.999576210975647,0.4057612461703162,0.5803312795502796,0.10308731666633056,0.9993388652801514,0.41875920295715313,0.5800073300089152,0.10654346368142531,0.9991182088851929,0.4106104016304014,0.5870183365685596,0.14008087813854211,0.998557984828949,0.4144622896398815,0.5870244724409918,0.1400869386536734,0.9984219074249268,0.3919552138873507,0.624728235176631,0.06710448563098904,0.9999710321426392,0.43330457040241765,0.6277534961700437,0.0742086074181965,0.9999765157699585,0.38769236377307326,0.6867004019873479,0.09316234588623043,0.5469712018966675,0.4413962134293145,0.6856472730636594,0.07129584114466392,0.5309765338897705,0.3999306559562681,0.6934404185840058,0.15060831180640621,0.32738161087036133,0.42960216317857997,0.7096624153000964,0.10853641820805408,0.1843634396791458,0.40242952619280115,0.6971911770956853,0.16134824199335907,0.290750652551651,0.42655723350388647,0.71726222038269,0.11415454255683077,0.1648276001214981,0.4054855806486945,0.6926255788121901,0.15795790723391934,0.28250858187675476,0.42403809002467546,0.712685918807983,0.11741747025932579,0.15404291450977325,0.4056773875440868,0.6904994845390316,0.15113581504140575,0.25317561626434326,0.4244840145111082,0.7089842489787507,0.1102323425667626,0.1392848640680313,0.39867117745535696,0.7166642223085673,-0.003278661080236945,0.999988317489624,0.42158440436635675,0.7192366089139662,0.003155034657226808,0.9999886751174927,0.3753282768385749,0.779454432215009,0.03577960043081214,0.8786329627037048,0.4404545579637798,0.7833411489214213,0.04518974050879476,0.8647867441177368,0.35250016876629403,0.8499614664486472,0.019440886092239186,0.9149765968322754,0.45082488145147026,0.859407235894884,0.04350964826132568,0.8777386546134949,0.3528329908847807,0.862714953081948,0.017400126318846423,0.9694274067878723,0.45048081278800944,0.8712460177285327,0.043132544308900816,0.9415426850318909,0.33521483285086484,0.8601966074534821,0.00028214694133826563,0.783282995223999,0.4557989954948423,0.8693789090429029,0.03146748396434953,0.7239155173301697
91,0.40568633505276247,0.5873314227376664,0.15156007025923043,0.9990721940994263,0.4038764570440564,0.5824908716338019,0.14330300433295115,0.9989622831344604,0.4027028484003882,0.5823593173708232,0.14326656418187267,0.9988877773284912,0.40149559463773427,0.5822367395673477,0.14326247019427155,0.999177873134613,0.4074837267398832,0.5826667155538284,0.1432336211204528,0.9993687868118286,0.4089382282325198,0.5826452357428411,0.14314257672854827,0.9994706511497498,0.4104253751890998,0.5825804982866556,0.1431418482746396,0.999616265296936,0.3994445911475588,0.5857450195721214,0.10006093020950038,0.9994010329246521,0.4122322618961333,0.585814728055681,0.101202956693513,0.9992017149925232,0.404135090112686,0.5930692264011925,0.13798775970935814,0.9986899495124817,0.40805044344493296,0.5931969932147434,0.1372698851994105,0.9985673427581787,0.3853971387658798,0.6318186623709541,0.06677899360656733,0.999972939491272,0.4271187118121553,0.6340489149093624,0.06773412930113928,0.999977707862854,0.38107433404241264,0.6930640867778232,0.09749502688646314,0.5533303618431091,0.4346827123846325,0.6928732037544248,0.06689769146697858,0.5418954491615295,0.39421392679214456,0.7005668129239758,0.16377972449575148,0.295413613319397,0.42239951150757904,0.7155071565083093,0.10639764091798229,0.167263925075531,0.3970156695161544,0.7067857197352814,0.17639445534774223,0.2624204158782959,0.418757001842771,0.7222871303558346,0.11263533213308874,0.14920860528945923,0.3996429434844424,0.7032821876662116,0.17205555524144842,0.2549615800380707,0.4165966698101586,0.7181806206703183,0.11606995122773298,0.13938146829605103,0.3995360391480582,0.6995499491691584,0.16409822148936132,0.22860346734523773,0.4172316193580625,0.7148088063512528,0.1082603207656315,0.12609416246414185,0.3920616882187977,0.7267987149102341,-0.0029610887302884085,0.9999879002571106,0.41555861575262876,0.7281997067587714,0.00282301318095831,0.9999886155128479,0.36749459419931674,0.7870522550174166,0.031201132493359665,0.8889804482460022,0.437666537080492,0.7860779421670093,0.04750304073095318,0.8693779706954956,0.3494517258235384,0.8566311870302468,0.006130534069546077,0.9220885038375854,0.4500660572733197,0.8622773834637226,0.04130214521927494,0.883479654788971,0.35111634731292707,0.868648699351719,0.003371327915894104,0.9716252684593201,0.4500543892383572,0.8749731728008809,0.04058813378214835,0.9455850124359131,0.3324995057923452,0.8699133600507462,-0.012015645312411453,0.7946914434432983,0.45680504441261266,0.8678593260901306,0.03135069339935269,0.7213360071182251
92,0.3984598015035903,0.594120878832681,0.14602146020957402,0.9991636276245117,0.3966477504798345,0.5889612827982222,0.136992769581931,0.9990649819374084,0.3955034468855173,0.5888258269854952,0.1369603493383952,0.9989979267120361,0.39432049819401327,0.5887357779911584,0.1369539997407368,0.9992592334747314,0.4001217663288115,0.5892726131847926,0.13554508090019218,0.9994313716888428,0.4015063779694691,0.589284995623997,0.13543116705758232,0.9995231032371521,0.40297187907355175,0.5892957857676911,0.13541928444589882,0.9996542930603027,0.39228622487613124,0.5921848876135684,0.09312968381813588,0.9994604587554932,0.40453256964683526,0.592610737255641,0.08707972445658271,0.9992808699607849,0.3967831432819366,0.5999979478972297,0.13253298401832575,0.9988184571266174,0.4007135416780199,0.6003649967057364,0.12997651227882925,0.9987080693244934,0.37796926583562573,0.639296511241368,0.06635864824056623,0.9999749660491943,0.41986369064876006,0.6402857422828673,0.048928878562790996,0.9999793171882629,0.37369864412716447,0.6975776689393179,0.10496235340833668,0.528949499130249,0.4270103386470249,0.6997554540634157,0.053979492081063084,0.5523040294647217,0.38843035101890544,0.7097452589443748,0.1867962641375406,0.266061395406723,0.4135424860886164,0.719700585092817,0.10246086078030724,0.15096019208431244,0.3917987891605921,0.7200707095009938,0.20311345713479173,0.23640477657318115,0.4089752052511485,0.7252556800842281,0.11000095499413351,0.13456065952777863,0.3935610788209096,0.7182617936815534,0.19736417063644948,0.22968719899654388,0.4075525147574289,0.7217438340187071,0.11316738213811597,0.12568029761314392,0.39291297452790414,0.7116631984710685,0.18680700276579176,0.20601396262645721,0.4085991084575653,0.7189421841076443,0.10453582874366218,0.11373461782932281,0.3843349184308732,0.7364528621946059,0.0005001906105982397,0.9999885559082031,0.40856060300554525,0.7375314508165631,-0.0006542428153417344,0.9999893307685852,0.35975991061755586,0.7930335657937188,0.027612718726907425,0.8972228765487671,0.43471917169434665,0.7874157633100238,0.048456844687461816,0.8699318766593933,0.35117778948375133,0.860662882668631,-0.011418415727426426,0.9276790618896484,0.45012565170015595,0.863227043833051,0.030895797642213948,0.8883876800537109,0.35507716536521905,0.8706998160907196,-0.015144651635949122,0.9733662605285645,0.450312703847885,0.8767611844199041,0.029292468726634963,0.9491029977798462,0.337417664698192,0.88125992502485,-0.02538766094616481,0.8032053709030151,0.45927042365074144,0.8636307035173686,0.024394207048628998,0.7175808548927307
