frame_id,NOSE_x,NOSE_y,NOSE_z,NOSE_v,LEFT_EYE_INNER_x,LEFT_EYE_INNER_y,LEFT_EYE_INNER_z,LEFT_EYE_INNER_v,LEFT_EYE_x,LEFT_EYE_y,LEFT_EYE_z,LEFT_EYE_v,LEFT_EYE_OUTER_x,LEFT_EYE_OUTER_y,LEFT_EYE_OUTER_z,LEFT_EYE_OUTER_v,RIGHT_EYE_INNER_x,RIGHT_EYE_INNER_y,RIGHT_EYE_INNER_z,RIGHT_EYE_INNER_v,RIGHT_EYE_x,RIGHT_EYE_y,RIGHT_EYE_z,RIGHT_EYE_v,RIGHT_EYE_OUTER_x,RIGHT_EYE_OUTER_y,RIGHT_EYE_OUTER_z,RIGHT_EYE_OUTER_v,LEFT_EAR_x,LEFT_EAR_y,LEFT_EAR_z,LEFT_EAR_v,RIGHT_EAR_x,RIGHT_EAR_y,RIGHT_EAR_z,RIGHT_EAR_v,MOUTH_LEFT_x,MOUTH_LEFT_y,MOUTH_LEFT_z,MOUTH_LEFT_v,MOUTH_RIGHT_x,MOUTH_RIGHT_y,MOUTH_RIGHT_z,MOUTH_RIGHT_v,LEFT_SHOULDER_x,LEFT_SHOULDER_y,LEFT_SHOULDER_z,LEFT_SHOULDER_v,RIGHT_SHOULDER_x,RIGHT_SHOULDER_y,RIGHT_SHOULDER_z,RIGHT_SHOULDER_v,LEFT_ELBOW_x,LEFT_ELBOW_y,LEFT_ELBOW_z,LEFT_ELBOW_v,RIGHT_ELBOW_x,RIGHT_ELBOW_y,RIGHT_ELBOW_z,RIGHT_ELBOW_v,LEFT_WRIST_x,LEFT_WRIST_y,LEFT_WRIST_z,LEFT_WRIST_v,RIGHT_WRIST_x,RIGHT_WRIST_y,RIGHT_WRIST_z,RIGHT_WRIST_v,LEFT_PINKY_x,LEFT_PINKY_y,LEFT_PINKY_z,LEFT_PINKY_v,RIGHT_PINKY_x,RIGHT_PINKY_y,RIGHT_PINKY_z,RIGHT_PINKY_v,LEFT_INDEX_x,LEFT_INDEX_y,LEFT_INDEX_z,LEFT_INDEX_v,RIGHT_INDEX_x,RIGHT_INDEX_y,RIGHT_INDEX_z,RIGHT_INDEX_v,LEFT_THUMB_x,LEFT_THUMB_y,LEFT_THUMB_z,LEFT_THUMB_v,RIGHT_THUMB_x,RIGHT_THUMB_y,RIGHT_THUMB_z,RIGHT_THUMB_v,LEFT_HIP_x,LEFT_HIP_y,LEFT_HIP_z,LEFT_HIP_v,RIGHT_HIP_x,RIGHT_HIP_y,RIGHT_HIP_z,RIGHT_HIP_v,LEFT_KNEE_x,LEFT_KNEE_y,LEFT_KNEE_z,LEFT_KNEE_v,RIGHT_KNEE_x,RIGHT_KNEE_y,RIGHT_KNEE_z,RIGHT_KNEE_v,LEFT_ANKLE_x,LEFT_ANKLE_y,LEFT_ANKLE_z,LEFT_ANKLE_v,RIGHT_ANKLE_x,RIGHT_ANKLE_y,RIGHT_ANKLE_z,RIGHT_ANKLE_v,LEFT_HEEL_x,LEFT_HEEL_y,LEFT_HEEL_z,LEFT_HEEL_v,RIGHT_HEEL_x,RIGHT_HEEL_y,RIGHT_HEEL_z,RIGHT_HEEL_v,LEFT_FOOT_INDEX_x,LEFT_FOOT_INDEX_y,LEFT_FOOT_INDEX_z,LEFT_FOOT_INDEX_v,RIGHT_FOOT_INDEX_x,RIGHT_FOOT_INDEX_y,RIGHT_FOOT_INDEX_z,RIGHT_FOOT_INDEX_v
0,0.6731659787041797,0.5999035818236212,-0.03885344586202074,0.9998775720596313,0.6711393151964459,0.5933061684880934,-0.029984629792826494,0.9996082186698914,0.6703964148248942,0.5932029434612816,-0.030078920881663012,0.9994794726371765,0.6697608930724006,0.593121860708509,-0.03003064856997555,0.9996119141578674,0.6731454730033871,0.5935901744025092,-0.044711391308477906,0.9998698234558105,0.6736673542431421,0.5936233350208825,-0.04483087424721035,0.9999092817306519,0.6741993801934375,0.593506452015468,-0.044885544053145786,0.9999351501464844,0.6682599799973623,0.597091255869184,0.00909695027928269,0.9995530247688293,0.6729089294161114,0.5966733745166233,-0.058393408677407645,0.9998348951339722,0.6714745061738148,0.6070326328277585,-0.02335626312664574,0.9998685121536255,0.6730150239808217,0.6072138820375712,-0.0436974940555436,0.9999333620071411,0.6699158447129383,0.6426783783095219,0.059576590146337226,0.9999860525131226,0.6571072305951796,0.6370614801134381,-0.10149107277393334,0.9999985694885254,0.6892137493406019,0.6822452511106215,0.07603012632046426,0.5579707622528076,0.647348243849618,0.6843088235173904,-0.16713265989507936,0.9961405396461487,0.7114152346338543,0.7184975436755586,0.034372671533908127,0.7791327238082886,0.6449545996529711,0.734562313556671,-0.23091490226132513,0.9980735778808594,0.7174447996275761,0.7297060591833933,0.03364303740007534,0.7348110675811768,0.643468383380345,0.75061560017722,-0.2595605309520448,0.995433509349823,0.7186257192066735,0.729694007124219,0.013080157293006758,0.7749587893486023,0.6461011426789418,0.7482118129730222,-0.2592482473169054,0.9953277111053467,0.7152001823697768,0.7267468861171171,0.02483110662017547,0.7724336385726929,0.6470415660313196,0.7429417661258148,-0.23300037809780644,0.9865207672119141,0.6509771653584068,0.7358198285102839,0.05485160755259649,0.9999939203262329,0.6397569928850444,0.736375946657998,-0.05481657236814493,0.9999971389770508,0.656610970837729,0.8064852595329282,0.11916628607681815,0.3504335880279541,0.6435099465506416,0.8160462089947292,-0.08425697663000653,0.9931331276893616,0.6607921208654128,0.878456091880798,0.18000533048595682,0.8577196598052979,0.6331393684659684,0.9030375242233275,-0.08424608771290096,0.9954195022583008,0.6562374012810841,0.8932891539164951,0.18208689221314017,0.7412646412849426,0.627722031729562,0.9184066976819717,-0.0868992473397936,0.917564332485199,0.676646154267447,0.8923675468989778,0.13933179527521125,0.9134547710418701,0.6526388917650491,0.919949204581124,-0.15317471793719692,0.9926044940948486
1,0.6725311688014435,0.599364192145211,-0.04555769179548533,0.9998895525932312,0.6709598285811287,0.5929101484162462,-0.03747100127594809,0.9996464848518372,0.6704119188444952,0.5927944268499097,-0.037558736386043644,0.9995304942131042,0.6699384876659935,0.5926746317318503,-0.03753162670348369,0.9996498823165894,0.6722522735595698,0.5932737418583457,-0.05106910073331421,0.9998825788497925,0.6724640931401931,0.5933204497609816,-0.05118272794144492,0.9999181628227234,0.6726584604808258,0.5932106631142751,-0.05122849366494585,0.9999414682388306,0.6682557395526338,0.5966887661388939,0.0005769734803055034,0.9995971918106079,0.6706957084791998,0.5965456758226665,-0.06256446040102412,0.9998509883880615,0.6713636687823699,0.606672060489654,-0.030346380280596847,0.9998813271522522,0.6722199252673555,0.6068301064627507,-0.049130307244402996,0.9999397993087769,0.6709957173892425,0.6417556234768453,0.048179969297988026,0.9999872446060181,0.6554798381669177,0.6370534164564947,-0.09711690843105306,0.9999986886978149,0.696082414899553,0.6659592168671739,0.07136860670787944,0.600218653678894,0.6442473735128126,0.6866309779030931,-0.16580962283270687,0.9964897036552429,0.7233641607420781,0.6845816884722025,0.0437612308987549,0.8006709814071655,0.6392550877162383,0.7320699691772458,-0.23759940734931384,0.9982312321662903,0.7294710823467794,0.6883369990757531,0.044070220951523076,0.7602816224098206,0.6357440335409978,0.7475978357451302,-0.26630462280341544,0.9958072900772095,0.730562659672328,0.686406404631478,0.023337260168045743,0.7966538071632385,0.6386560967990327,0.7459110856056209,-0.26662132910319725,0.9957106709480286,0.7279237525803697,0.6862776313509253,0.03429835135383263,0.7943984270095825,0.6406038131032668,0.7410568509783059,-0.24077699865613644,0.9876440167427063,0.6500230635915479,0.7364449381828301,0.051900968168463,0.9999942183494568,0.6395479185240605,0.7367266859327042,-0.051871085166931105,0.9999972581863403,0.660299852916172,0.805453717708587,0.10614456619535169,0.3980852961540222,0.6456868478230064,0.8164264406476699,-0.06692099060331069,0.9937534332275391,0.6612190740449083,0.8777173280715936,0.16244716239827,0.8662525415420532,0.6330997007233752,0.9033179283142083,-0.07505068523543217,0.9958108067512512,0.6561175039836336,0.8921528254236493,0.16429628814969735,0.7582592964172363,0.6272862042699541,0.9186708944184435,-0.07916733494826722,0.9247643351554871,0.6775574479784281,0.8920190010751989,0.12443120628595342,0.919211208820343,0.6526089889662601,0.9201404537473398,-0.14240936551775243,0.993213415145874
2,0.6717626316206793,0.5994106309754506,-0.048179488416228954,0.9999001622200012,0.6704275931630812,0.593077639171055,-0.040461642401559,0.9996801614761353,0.6700382556234085,0.592952375752585,-0.04054446837731768,0.9995754361152649,0.6696979301316395,0.5928116815430775,-0.04053188099392821,0.9996832013130188,0.6710344076156614,0.5935298459870472,-0.053513358107634926,0.9998939037322998,0.6709491423198152,0.5936228922435213,-0.05362101356898033,0.9999260902404785,0.6708394510405401,0.5935770307268413,-0.05366136474268775,0.9999470710754395,0.6677336198942998,0.5966600315911427,-0.003242539787398915,0.9996365308761597,0.6683187450681412,0.5969416805676049,-0.06440106747405866,0.9998652935028076,0.6710172397749761,0.6066956400871274,-0.033255272944058674,0.9998924732208252,0.6712332231657843,0.6068671311650955,-0.05127281418868471,0.9999454617500305,0.671825335706983,0.6393448727471485,0.040786981795515306,0.9999879002571106,0.6536374006952556,0.6373040880475722,-0.09375171661376949,0.9999986886978149,0.6998817477907451,0.6484576736177714,0.06566398133124621,0.6374602913856506,0.6408281973430086,0.6856418047632487,-0.16457110728536326,0.9967439770698547,0.7298481072698317,0.6513117262295312,0.044850813384566965,0.8193410038948059,0.6341081363814215,0.7273276090621945,-0.24271128220217558,0.9982691407203674,0.7358572500092638,0.6492323534829273,0.04438627479331832,0.7821042537689209,0.6291043605123245,0.742097529343196,-0.2708049808229718,0.9959471821784973,0.7367864183017183,0.6460614579064503,0.02555625271052121,0.8153477907180786,0.6319789631026129,0.7413843035697933,-0.2730141912187848,0.9958670735359192,0.7346272025789531,0.6478589722088401,0.03602275502468857,0.8133883476257324,0.6346180847712922,0.7369574614933556,-0.24674098661967675,0.9882140159606934,0.6501727036067415,0.7371290564537045,0.049725436099937965,0.999993622303009,0.6395863141332351,0.737488918645041,-0.049702503532171226,0.9999968409538269,0.6645067759922569,0.8035812735557551,0.09397743216582702,0.43029576539993286,0.6485284941537036,0.8175715020724701,-0.05990753493138719,0.9941660165786743,0.6622835074152262,0.876722145080566,0.14756800170455653,0.869307816028595,0.6331161294664653,0.9036247372627254,-0.07006441588912689,0.9960376024246216,0.6566375476973394,0.890933603899819,0.14937738052436278,0.7684115767478943,0.626925878865378,0.9188059364046365,-0.07447194499628881,0.9302353858947754,0.6792145320347374,0.8918033906391685,0.11231791675090785,0.9213178753852844,0.652612575462886,0.9202868631907867,-0.13496488162449422,0.9935089945793152
3,0.6706451007298058,0.5999815651348657,-0.04903649070433205,0.9999095797538757,0.6694641164370942,0.5937615445681979,-0.04106177772794449,0.9997098445892334,0.6692396300179614,0.5936146174158367,-0.04114330341773372,0.9996154308319092,0.6690389599118911,0.5934576800891329,-0.041135542201144334,0.9997127056121826,0.6692290220941812,0.5943276115826195,-0.054130177625587986,0.9999040365219116,0.6688004936490737,0.5944913148880002,-0.05423232136028151,0.9999331831932068,0.6683741331100461,0.5945568306105475,-0.05427482074924875,0.9999520182609558,0.6667199475424628,0.5968898330415996,-0.0036437679880431707,0.9996718764305115,0.6654658045087539,0.5977126632417948,-0.06556311611618311,0.9998781085014343,0.670314846720014,0.6070323228836056,-0.03414141392069202,0.9999024868011475,0.6697946412222724,0.6072312184742517,-0.05217974292380467,0.9999505877494812,0.6726613964353285,0.6349410329546243,0.0359044454459633,0.9999886751174927,0.6510340247835429,0.6377172061375207,-0.09221256141151696,0.9999986886978149,0.700527853625161,0.6279328244073048,0.05504092510257446,0.6725339293479919,0.6369742597852431,0.6807097111429483,-0.16482988297939294,0.9969712495803833,0.7306148580142426,0.615850324290139,0.03029878980347087,0.8370552062988281,0.629739895888737,0.7191907814570832,-0.24928900684629154,0.9983401894569397,0.7360371402331758,0.6090789232935222,0.026171833808932975,0.8033027648925781,0.623577501092638,0.7328569054603573,-0.2763668115649903,0.9961819052696228,0.7367824128695892,0.6054399711745123,0.0120610177184322,0.8333435654640198,0.6259636623518805,0.7335101842880245,-0.2820596473557607,0.9961164593696594,0.7347705568586074,0.6083395515169413,0.022831402878676132,0.8315717577934265,0.6290432402065819,0.7296186719621927,-0.2539158633777072,0.9890098571777344,0.6516638585499351,0.7380700741495402,0.04807069546410013,0.9999933838844299,0.6397598930767601,0.7387083394186833,-0.04805575790149822,0.9999964833259583,0.6698315739631651,0.8000816379274637,0.08464500010013576,0.47552669048309326,0.652103735719408,0.8194411805697847,-0.06386118084192273,0.9946670532226562,0.6643135343279154,0.875357958248683,0.13986384996346057,0.8768870234489441,0.6331067868641441,0.9040773544992715,-0.06640406421252656,0.9963042736053467,0.6579608355249674,0.8895202636718745,0.14204402267932884,0.7820945978164673,0.6265966211046489,0.9188076053346902,-0.06967208406754899,0.9355542063713074,0.681985008716583,0.891654401166098,0.106510893361909,0.9258935451507568,0.652600184508732,0.9203671830041064,-0.1286461217062813,0.9938945770263672
4,0.6698060716901504,0.600980528763362,-0.041456275007554444,0.9999183416366577,0.6682017990521019,0.5949025290352954,-0.033399828097649964,0.9997376799583435,0.6680089899471824,0.5948078325816561,-0.03347931387169019,0.999652624130249,0.6678431442805697,0.5947078415325707,-0.033477004138486706,0.9997403025627136,0.6675907339368544,0.5955460003444124,-0.047021568885871314,0.9999133944511414,0.6669705901827128,0.5958713378225051,-0.04711875968745774,0.9999397397041321,0.6663584385599406,0.596178386892591,-0.04715990637029918,0.9999566674232483,0.6650762881551466,0.5976769021579196,0.002741537070167917,0.9997043013572693,0.6629975029400414,0.5993436949593678,-0.061399706772395514,0.9998900294303894,0.669611767360142,0.6076616355351037,-0.02710746728948183,0.9999118447303772,0.6686807666506083,0.6079834495271953,-0.04588226356676644,0.9999553561210632,0.6726556147847853,0.6301034348351612,0.03724283045157789,0.99998939037323,0.6494828581809995,0.6383917978831697,-0.09052624787603102,0.9999987483024597,0.698563946996416,0.6116039957318984,0.05198829328375201,0.7040174603462219,0.6328058191708152,0.6749236805098394,-0.1673053234815597,0.9972377419471741,0.7279196654047282,0.5887824705668856,0.02722894176840781,0.8529979586601257,0.6252839054380142,0.7118825129100251,-0.2566028305462427,0.9984607100486755,0.733052655628749,0.5788528323173521,0.021504008982862737,0.8224002718925476,0.6188840746879575,0.7241383876119338,-0.2833758141313279,0.9964830875396729,0.7333019239561894,0.5755417057446068,0.01065328078610556,0.8495311737060547,0.6209689532007487,0.7259672471455162,-0.290598667519433,0.9964242577552795,0.7317445840154373,0.5791276693344114,0.020889437571167936,0.8479482531547546,0.624110218456813,0.7225409814289634,-0.2615180718047277,0.9899210929870605,0.6536848698343546,0.7384523749351498,0.048035873898438025,0.9999935030937195,0.6405251928738183,0.7402590717588149,-0.04803149519222121,0.9999964237213135,0.6741644910403657,0.7981512069702145,0.07495814412832257,0.5224389433860779,0.6561163101877482,0.8221504926681514,-0.07715234202998023,0.9951595067977905,0.6659455605915611,0.8740381308964317,0.13028311984879623,0.886614978313446,0.6334317871502465,0.9043520382472443,-0.07649455921990528,0.9965981841087341,0.6592404246330259,0.8882553168705527,0.13272809769426067,0.7995529174804688,0.6264489701816012,0.9188372118132451,-0.07858593293598716,0.9411119818687439,0.6841306482042582,0.8918111222130907,0.10135989721332272,0.9315418004989624,0.6528151103428429,0.9203741277967177,-0.13376541052545815,0.9943259954452515
5,0.668867799213954,0.6028196811676023,-0.059861109192882234,0.9999261498451233,0.6666672621454508,0.5970042228698728,-0.051758848130702945,0.9997624754905701,0.6664774451936991,0.5968741229602266,-0.05184205195733477,0.9996857643127441,0.666325201307024,0.5967438748904634,-0.051841201846088654,0.9997648000717163,0.6658126507486612,0.5978649905749727,-0.06521271733301023,0.9999217987060547,0.6650296688079831,0.5983549833297728,-0.06531464819397242,0.9999455809593201,0.6642572556223185,0.5988924452236718,-0.06536354156477107,0.9999607801437378,0.6632510202271594,0.59926951442446,-0.01257073847310883,0.9997333884239197,0.6603136931146891,0.6023030808993746,-0.07444763779640194,0.9999006986618042,0.6688314591135294,0.6093824165207997,-0.04408923366240091,0.9999201893806458,0.6675008228846955,0.610193996770041,-0.06263729344521247,0.9999596476554871,0.6723652584212163,0.6272439037050517,0.025470995696793695,0.9999901056289673,0.6481720873287743,0.6397711106709069,-0.09738790520599905,0.9999987483024597,0.6972233601978843,0.6003427045685902,0.04233454934188296,0.7324464917182922,0.6286248598779948,0.6718370233263286,-0.16530134890760687,0.9974631071090698,0.7235352158546444,0.5712732349123271,0.014997673779726023,0.8673508763313293,0.6208090066909787,0.7072786484445841,-0.2461335854870931,0.9985518455505371,0.7287103652954098,0.5598130873271394,0.008362708293965881,0.8396322727203369,0.6150888851710725,0.7194597670010154,-0.2713670662471225,0.9967330098152161,0.7283041596412656,0.5572550960949486,-0.0023794693672763434,0.8641262650489807,0.6171298895563395,0.7215588705880298,-0.2795644938945769,0.9966810941696167,0.7271529912948604,0.5611546942165917,0.008764704263636042,0.8626974821090698,0.6199600372995646,0.7182328002793446,-0.2513113524232591,0.9906958937644958,0.6560112237930296,0.7396401677812845,0.047913992085627126,0.999993622303009,0.642001778738839,0.7435364706175664,-0.047917613067797224,0.9999963641166687,0.6780329585075375,0.7983273029327389,0.0681033134460449,0.565292477607727,0.6597623263086588,0.8258639386722015,-0.08636827362435201,0.9956061840057373,0.6665764859744477,0.8732650518417354,0.12855985462665553,0.8947001099586487,0.6342836209705894,0.9039411919457567,-0.07720964636121475,0.9968433976173401,0.6599420189857479,0.8874033076422552,0.13164084383419575,0.814753532409668,0.6264640705926074,0.9183908190046034,-0.077307644699301,0.9459035396575928,0.6847372208322795,0.8922086613518847,0.09978318448577604,0.9359837770462036,0.6533142209053037,0.9209586381912227,-0.1291443166988236,0.9946619868278503
6,0.6669509496007644,0.6053608366421288,-0.08913176134228702,0.9999327063560486,0.664471626281738,0.5997310468128747,-0.08088543255414278,0.9997833371162415,0.6643961446625843,0.5993777104786461,-0.08097876693521223,0.9997143149375916,0.6643592051097322,0.5990462115832734,-0.08097156046756673,0.9997856020927429,0.6632851004600522,0.6010727712086266,-0.09365213151488981,0.9999290108680725,0.6623524427413937,0.6016999176570343,-0.09376775973609511,0.999950647354126,0.6614222202982218,0.6023916551045007,-0.09382847228220527,0.9999642968177795,0.6615036095891677,0.6011639458792548,-0.03654273595394831,0.9997588992118835,0.6570172429084775,0.6059159449168611,-0.09533489899975908,0.9999099373817444,0.6672959770475112,0.6120064105306351,-0.07112111374735829,0.9999272227287292,0.6655356798853189,0.6134463361331393,-0.08879017957619255,0.9999632239341736,0.6717117088181629,0.6252715127808705,0.007867876772901837,0.9999902844429016,0.6455688476562497,0.6421288711684088,-0.10794250113623477,0.9999985098838806,0.6956592474664958,0.5939473118100844,0.025157527638865355,0.7555671334266663,0.624466332367488,0.6729451111384797,-0.16678048287119177,0.9975656270980835,0.7181019289152959,0.5581237878118239,-0.008525456275258742,0.8798370361328125,0.6176314609391346,0.7056797998292103,-0.24455606596810464,0.998423159122467,0.7225240400859285,0.5450538873672482,-0.016146390140056602,0.8547134399414062,0.6133240801947455,0.718086128575461,-0.27052893894059304,0.9966387152671814,0.7219739879880629,0.5429370590618676,-0.028828342498413137,0.8768730163574219,0.6157631465366905,0.7191630295344758,-0.27722678184509264,0.9966073036193848,0.7211890186582289,0.5476337620190209,-0.015300711936184331,0.8754875659942627,0.6181723713874814,0.7155760015760146,-0.24978275852543955,0.9908137321472168,0.6579100642885477,0.7414849826267784,0.04712900178773061,0.9999932050704956,0.6435649956975661,0.7472724522863112,-0.04714084704007419,0.9999958872795105,0.6815832121031622,0.7993441786084853,0.061151388713291684,0.6070128679275513,0.6626966953277584,0.8284540976796827,-0.09243977729763299,0.9960156679153442,0.6665448222841532,0.8729604891368317,0.12964082551853992,0.903895378112793,0.6354690739086692,0.9028805324009482,-0.07406352055924276,0.9970741868019104,0.6598051207406177,0.8862313526017321,0.13353959449699943,0.8307485580444336,0.6268365774835856,0.9169993332454133,-0.07337101133806362,0.9502267837524414,0.6843790480068748,0.8928850190980089,0.09794139883347915,0.9413676857948303,0.6537213325500485,0.9216075318200243,-0.12491129274879177,0.9949966669082642
7,0.6653066379683354,0.6076696208545137,-0.10549301920192578,0.9999387264251709,0.6625259944370812,0.6022419571876523,-0.09747849873134064,0.9998029470443726,0.662459245749882,0.6017771720886227,-0.09757956074816836,0.9997407793998718,0.662408113479614,0.6013694150107245,-0.09757083686334742,0.9998050332069397,0.6613175307001383,0.6038299373217988,-0.11014480282153397,0.9999356269836426,0.6603673424039566,0.6045218382562907,-0.11026859666619977,0.9999552369117737,0.6594131214278082,0.605264980452401,-0.11033287101558271,0.9999675154685974,0.6593435832432335,0.6039482712745663,-0.05245414748787877,0.9997822642326355,0.6547268935612267,0.6093189988817485,-0.11065014345305302,0.9999183416366577,0.665912432329995,0.6145774006843564,-0.08705857864447998,0.9999338388442993,0.6642677715846468,0.6163581047739298,-0.10457419348614552,0.9999666213989258,0.6702546341078619,0.6251276186534334,-0.004848615206511956,0.9999908804893494,0.6427308099610461,0.6461966940334862,-0.11909013347966324,0.9999983906745911,0.6927422898156299,0.5899594341005595,0.012179153385971267,0.7771458625793457,0.621477219036647,0.6736919386046271,-0.17146947128432127,0.9976040720939636,0.7110180088451927,0.5489492382322037,-0.026415233793003208,0.89128178358078,0.6160207390785215,0.7052079558372494,-0.24779381070818207,0.9982659220695496,0.7151214412280488,0.5365260652133395,-0.035436112806200966,0.8684990406036377,0.613658887999398,0.7185030460357662,-0.27284952231815873,0.9965094327926636,0.7147807649203706,0.5339440516063143,-0.04804776523794445,0.8885259032249451,0.6163106220109119,0.7184430718421932,-0.28008629339081886,0.9964926838874817,0.7133947065898347,0.5384705202920094,-0.03327396160789897,0.8871821761131287,0.6180172443389889,0.714587535176958,-0.25286225506237564,0.9907186627388,0.6593657152993335,0.7439446142741608,0.046735284477472286,0.9999931454658508,0.645216015407017,0.7508582813399176,-0.046750901320150896,0.9999956488609314,0.6845592124121527,0.7998554246766223,0.055730463990143336,0.6448134779930115,0.6654032826423641,0.8304229923657004,-0.09327280755553922,0.9963712096214294,0.666534488541739,0.8725950632776529,0.12408353068998876,0.9124265909194946,0.6365319831030707,0.9012929763112745,-0.06425533997161044,0.9972562193870544,0.6596206256321495,0.8846327389989576,0.12803969149078637,0.8454316854476929,0.6272514820098873,0.9151749747140063,-0.06254622340202329,0.9537550210952759,0.6840234977858404,0.8933996745518271,0.09078016004392074,0.9463415741920471,0.6540124756949286,0.9219560538019448,-0.11304239098514823,0.9952667355537415
8,0.6633913840566359,0.6088218075888494,-0.10873865506478714,0.9999440312385559,0.6603057248251776,0.6038902878761289,-0.10114093061004362,0.9998205304145813,0.6602020110402785,0.6035098450524463,-0.10124840629952289,0.9997646808624268,0.6600991845130917,0.603191554546356,-0.1012437026415552,0.9998226761817932,0.6591933386666431,0.6055129357746667,-0.11400165004389622,0.9999414682388306,0.6582814489092143,0.6063501238822935,-0.11413078265530717,0.9999592900276184,0.6573808380535668,0.6072411741529189,-0.1141986570187977,0.9999703168869019,0.6567248872348238,0.6067404815128867,-0.0577312784535544,0.999803364276886,0.6527217507362363,0.6121715613773888,-0.11678893353257855,0.9999257326126099,0.6642911366053987,0.6157253810337608,-0.09085053546088077,0.9999398589134216,0.6629088010106765,0.6177264128412516,-0.10860378380332668,0.9999696612358093,0.668281383173806,0.6259376049041745,-0.00968832590484193,0.9999914765357971,0.6398673330034526,0.6513637168066839,-0.1267196546707834,0.9999982118606567,0.688762557506561,0.5883892689432414,0.00842756811928536,0.797201931476593,0.6189402529171533,0.6760528087615965,-0.18391223379543842,0.997638463973999,0.7055489982877455,0.5438312428338185,-0.029002753911273806,0.9016779065132141,0.616643793242318,0.7056610754558015,-0.26749411863940087,0.9980584383010864,0.7092590570449826,0.5310873321124483,-0.037962160632014255,0.8810022473335266,0.6152440582002909,0.7184940372194559,-0.29679822666304434,0.9962555766105652,0.7091050999505176,0.5283697741372242,-0.050568569345133624,0.8991027474403381,0.6180113519941055,0.7175929359027314,-0.3007333934307097,0.9962542057037354,0.7075915166309898,0.5328838893345422,-0.03583111273390904,0.8978204727172852,0.6194293447903221,0.7141739998544963,-0.2721203382526124,0.9903591275215149,0.6604960492679048,0.7456118907247268,0.04736180997320582,0.9999920129776001,0.6470535942486351,0.7527085491589134,-0.047378600175891586,0.9999942779541016,0.6869867699486865,0.8006991675921845,0.0565969007355826,0.6785472631454468,0.6680869017328532,0.8315134763717646,-0.09244410033736906,0.9966508150100708,0.666394369942801,0.8721252151897971,0.11968062605176648,0.9195775389671326,0.6376022713524951,0.8998781119074136,-0.05835951587983537,0.9973000288009644,0.6593186770166667,0.8829302345003396,0.12315527967044279,0.8579216003417969,0.6277749879019598,0.9129396489688324,-0.05618337935635019,0.9557605981826782,0.6832673447472706,0.8935407349041525,0.08604884850127352,0.9503273963928223,0.6542209642274036,0.9217578002384726,-0.10482928689037047,0.9952452778816223
9,0.6607419456754409,0.6117624129567825,-0.11928692481347487,0.9999467134475708,0.6575557572501043,0.6070982200758794,-0.1119577641998018,0.9998309016227722,0.6574784704617088,0.6067989076886855,-0.11207169060196191,0.9997805953025818,0.6574125494275771,0.6065436090741836,-0.11207030500684462,0.9998340010643005,0.6563507131167817,0.6088912299701142,-0.1239157353128705,0.9999450445175171,0.6553804976599554,0.6099561691284177,-0.12404926781143455,0.9999617338180542,0.6544381771768839,0.6111055220876418,-0.1241202322500092,0.9999716877937317,0.654179171153477,0.6103391630308965,-0.06808391330497601,0.9998199343681335,0.6499334250177653,0.6164096815245489,-0.12287038713693614,0.9999296069145203,0.6619350552558896,0.61822691985539,-0.10103246080023898,0.99994295835495,0.6604093670845028,0.6206815464156011,-0.11754755931241165,0.9999711513519287,0.6663420677185056,0.6268671478543959,-0.01729100231480385,0.9999915361404419,0.6372831923621038,0.6571100456374029,-0.1279982100640024,0.9999975562095642,0.6848164098603382,0.5878054397446766,0.0034101285040378545,0.8119539022445679,0.6170984268188473,0.6823384097644258,-0.17935904051576332,0.9973184466362,0.7003712483814781,0.5409246955599101,-0.03137890877468244,0.9105372428894043,0.6178965415273392,0.7076450262750895,-0.2572755183492387,0.997291624546051,0.7041039228439328,0.5274886982781544,-0.04093875688101563,0.8916770815849304,0.6187897477831157,0.7191817760467526,-0.286288570506232,0.9951711297035217,0.7033807924815583,0.5244968261037551,-0.053656557202339146,0.9081029295921326,0.6214589697974066,0.7171685763767783,-0.28876771160534437,0.9952206015586853,0.7017463445663449,0.5290079712867735,-0.03854374443846088,0.9067420363426208,0.622182830742427,0.7146259154592238,-0.26136087094034455,0.9883912205696106,0.6620417526790071,0.7476600238255089,0.046182869055441424,0.9999896883964539,0.6488764303071155,0.7550214494977674,-0.046208638378552006,0.9999917149543762,0.6895547338894432,0.8016299520220072,0.04587044737168718,0.705975353717804,0.6705175093242097,0.8327610152108325,-0.09139159449509207,0.9966204762458801,0.6664424538612362,0.8718643018177573,0.10759325580937518,0.9237471222877502,0.6384376985686162,0.898637131282261,-0.052495210511343794,0.9967763423919678,0.6592211723327634,0.8822941916329516,0.11112691547189435,0.8663774728775024,0.6282660944121221,0.9106889043535501,-0.049563976270811876,0.9535499215126038,0.6830139262335637,0.8935423340116224,0.0753613942435809,0.9520355463027954,0.6544049552508759,0.9218752997262133,-0.09629958655152997,0.994196891784668
10,0.6579716086387631,0.6153655154364447,-0.11526766781296043,0.999950110912323,0.6547258615493772,0.6111283983503066,-0.10779448385749539,0.9998435974121094,0.6546348554747442,0.6109703966549461,-0.10791207445519306,0.9997984766960144,0.6545704041208538,0.6108393277440749,-0.10791299045085902,0.9998472929000854,0.6535529289926798,0.6128796560423713,-0.11909835338592524,0.999949038028717,0.6525847332818164,0.6140374881880621,-0.11923372085605342,0.9999644160270691,0.6516456093106948,0.6152688349996291,-0.11930449094091138,0.9999732971191406,0.6517741203308102,0.6143157635416301,-0.06401499584317204,0.9998364448547363,0.6474256805011201,0.6203398755618501,-0.1157531137977327,0.9999338388442993,0.6591733779226028,0.6215416022709435,-0.09707651798214227,0.9999467730522156,0.6576090080397466,0.6239907315799165,-0.112722241452762,0.9999728798866272,0.6645741633006501,0.628039491176605,-0.013538545928895465,0.9999919533729553,0.6358087573732646,0.6629729884011402,-0.1197295182517596,0.9999968409538269,0.681275175298963,0.5876005445207866,0.010050307793010554,0.8269231915473938,0.6158981629780358,0.6916270596640447,-0.16894645605768469,0.9966067671775818,0.6950593982424051,0.5388270037514821,-0.02656262841607842,0.9188835620880127,0.6215112754276818,0.7093049832752769,-0.24424840467316752,0.9958861470222473,0.6986269865717203,0.5247749822480335,-0.03517101343188965,0.9017338752746582,0.6256693312099999,0.7181443418775283,-0.27125368288585106,0.9934515953063965,0.6977664896420067,0.5218882186072211,-0.043419609857457006,0.916592001914978,0.6283999017306734,0.7143625259399411,-0.27263278620583653,0.9935770034790039,0.6961838756288797,0.5265201534543716,-0.02985080342207634,0.9151938557624817,0.6278506125722609,0.7125512531825471,-0.24753606234277986,0.9852880835533142,0.6637525762830458,0.750346229757581,0.0448474663708891,0.9999880790710449,0.6504928776196068,0.7578192421368187,-0.04487938380667139,0.9999891519546509,0.6914954713412691,0.8023249013083318,0.04096936828323771,0.7333885431289673,0.6727200882775439,0.8335124373435969,-0.09561335806335716,0.9966961741447449,0.6668895585196355,0.8717940654073438,0.10296608316046846,0.9291273355484009,0.6395362905093599,0.8977088894162855,-0.05518458975212912,0.9965226054191589,0.6594272017478939,0.8824183940887447,0.10663071530205859,0.8761431574821472,0.6293278302465164,0.9085336038044517,-0.052230258285999275,0.9525758624076843,0.6832061001232689,0.8935333456311902,0.0678455327238355,0.9548878073692322,0.654375784737723,0.9220122286251609,-0.09716831147670742,0.9937418103218079
11,0.6562879255839753,0.6179112042699538,-0.1274860092571803,0.9999516010284424,0.6526885645730152,0.614481917449406,-0.12040153422525945,0.99985271692276,0.6524800113269258,0.6145537580762588,-0.12053162945168354,0.9998125433921814,0.6522981831005639,0.6146304607391355,-0.12054006287029806,0.999858021736145,0.6517774632998872,0.6160912922450472,-0.1323704757860728,0.9999515414237976,0.6509020124162943,0.6173468061855858,-0.13250631264277862,0.9999659061431885,0.6500254069055826,0.6186637112072533,-0.13258217211280543,0.9999737739562988,0.649587626116616,0.6185096127646307,-0.07685888814074648,0.9998509287834167,0.6460751380239211,0.6239642160279407,-0.13182716390916274,0.999935507774353,0.6573771953582761,0.6241417254720412,-0.10923306005341661,0.9999493360519409,0.6560656615665978,0.626373892171042,-0.1258109690887587,0.9999736547470093,0.6627735802105492,0.6298028230667111,-0.025377718918025483,0.9999923706054688,0.6356883900506153,0.6685005681855335,-0.13463095171110964,0.999995768070221,0.6774756414549687,0.58748950106757,0.002150720357894895,0.8389337062835693,0.6156848924500599,0.6997751252991808,-0.19265449941158286,0.994547426700592,0.689419443266732,0.5371535641806464,-0.03268583842686243,0.9261375069618225,0.6256348678043907,0.7080166952950611,-0.275431990623474,0.9908461570739746,0.6927666578974039,0.5231312888009205,-0.04081445123468124,0.9104880690574646,0.6326412371226716,0.7139945438929963,-0.301645129919052,0.9879367351531982,0.6919393914086475,0.5200810807091847,-0.0476725240903241,0.9239506125450134,0.6354417375155855,0.7084666507584705,-0.30290696280343177,0.9879936575889587,0.6903517944472173,0.5246591346604481,-0.03448126651346682,0.9224818348884583,0.6333050983292713,0.7073616930416649,-0.27818075418472277,0.9750307202339172,0.6655336754662646,0.7538272500038143,0.04447426327637262,0.9999874234199524,0.6521446670804703,0.7616707529340467,-0.04450356992227689,0.9999873042106628,0.6930005976131981,0.8023155638149803,0.04517100346939902,0.7569296360015869,0.6745766929217745,0.8350970387458797,-0.10020521623747686,0.9966956973075867,0.6676487803459165,0.8716932518141607,0.12296919567244388,0.9330556988716125,0.6405364240918837,0.8969166653496874,-0.05432976505586077,0.996184229850769,0.6602659514972138,0.8825326647077285,0.12741793692111963,0.8842260837554932,0.6303539735930304,0.9070567829268315,-0.05090286795582087,0.9517509341239929,0.6836591805730543,0.8934265749795092,0.09245042183569495,0.9564111828804016,0.6543474265507286,0.9220892514501294,-0.09228099307843612,0.9930124282836914
12,0.6550751890454971,0.6184301768030436,-0.13978967070579523,0.9999523758888245,0.6511180622237066,0.6161206517900737,-0.13276568374463482,0.9998605847358704,0.6508499179567606,0.6163526364735192,-0.13290399930306837,0.9998248219490051,0.6506081495966227,0.6165741784232001,-0.13291717001370015,0.99986732006073,0.6503680144037516,0.6177398494311739,-0.1458472000701086,0.9999534487724304,0.6495808771678376,0.6191517387117655,-0.14598562291690273,0.9999669790267944,0.6487865005220682,0.6206095065389358,-0.14607188999652856,0.9999737739562988,0.6478781393596101,0.621286514827183,-0.08827549921614779,0.9998640418052673,0.6451179061617167,0.6264441932950697,-0.14846283197402946,0.9999355673789978,0.6563673768724712,0.6247287801333834,-0.12107269976820259,0.9999516010284424,0.655206341402871,0.626995139462607,-0.13915139053549078,0.9999741911888123,0.6611238837242124,0.6316963842936922,-0.03472158930131366,0.9999927878379822,0.6359177112579343,0.6730636256081715,-0.15168312638998024,0.9999939799308777,0.6734987156731739,0.5875134144510539,-0.006127120973542328,0.8491948246955872,0.6157822745186938,0.7068424497331889,-0.2208226033619471,0.9915292859077454,0.6835538251059393,0.5354673283440724,-0.04114130176603792,0.9319170713424683,0.6287462694304327,0.704756346770695,-0.3148714031491959,0.9793573021888733,0.6860946689333232,0.5213563408170425,-0.04967336484364099,0.9174624681472778,0.6353094356400624,0.7072607500212529,-0.34444197756903494,0.9752780795097351,0.6854409456253048,0.5184909173420496,-0.05809662533657889,0.9297529458999634,0.6381601044109886,0.7004524980272563,-0.3444204798766543,0.975347638130188,0.6841165542602536,0.5231993828501018,-0.044204701376812774,0.9280385971069336,0.6357745323862345,0.7003935728754312,-0.3175194587026322,0.9515976309776306,0.6669383287429806,0.7563344802175247,0.04541108895625385,0.9999861121177673,0.653912201949528,0.7643083640507286,-0.045432442852428964,0.9999844431877136,0.6940620643751958,0.8027078287942065,0.053429956734180425,0.7750728130340576,0.6765645861625669,0.8367894308907641,-0.10551501363515849,0.9964314103126526,0.6682409882545468,0.8718011566570822,0.14542071287121086,0.931808352470398,0.641396641731262,0.8965222835540767,-0.05391416485820495,0.9950540065765381,0.6610788004738941,0.8822403192520138,0.15383203199931547,0.8875055909156799,0.6312969361032755,0.9059833066804064,-0.04837661374892505,0.9454307556152344,0.6837556583540777,0.8933599029268533,0.11883526912757322,0.9524712562561035,0.6544483218874246,0.922067160265786,-0.0894289312618119,0.9906452298164368
13,0.653782544817243,0.6194850325584409,-0.1478350903306688,0.9999510645866394,0.6497105870928079,0.6178788985524856,-0.14075545391866134,0.9998642206192017,0.6494648592812671,0.6180614471435544,-0.14089792668819423,0.999832034111023,0.6492419140679493,0.6182284184864586,-0.14090990892478392,0.9998724460601807,0.648941453865596,0.6198645200048172,-0.1539175337978771,0.9999540448188782,0.6481512069702146,0.6215199913297378,-0.15405774968011032,0.9999672174453735,0.6473578095436093,0.6232410328728808,-0.15414631898914058,0.9999731779098511,0.646690966401781,0.6234204837254113,-0.09515708919082363,0.9998744130134583,0.6439215285437445,0.6293588502066473,-0.1557092675140925,0.9999349117279053,0.6555261680058068,0.6254624264580859,-0.12862395942211147,0.9999521970748901,0.6542325122015814,0.6283275910786217,-0.1468015917709895,0.9999738335609436,0.6596169045993256,0.6328059451920642,-0.04049782782260859,0.9999926686286926,0.6360285333224702,0.676236658436911,-0.15750301480293266,0.9999917149543762,0.669505531447274,0.5873533589499335,-0.013700044580868308,0.8570219278335571,0.6164551837103704,0.7126698493957516,-0.23181136505944377,0.9900446534156799,0.6773056234632217,0.5339251586369103,-0.04627955332398413,0.9371302723884583,0.6287508794239586,0.7028605495180399,-0.332804032734462,0.9778453707695007,0.6786199944359912,0.519787412030356,-0.05598677811878065,0.9238431453704834,0.6338677934237886,0.7023299745150972,-0.36358621801648805,0.9736348986625671,0.6778315697397501,0.5169477786336625,-0.06805729408349306,0.935053825378418,0.6366701177188325,0.6946200983864917,-0.36364964672497324,0.9736887812614441,0.6770063502447943,0.5220124908855981,-0.05283843071332998,0.9331996440887451,0.6348742859704151,0.6958050574575149,-0.3356511984552654,0.9479596614837646,0.6682217223303655,0.7573517765317641,0.045643251176391314,0.9999842643737793,0.6554841450282503,0.7655896016529624,-0.045664234140089556,0.9999813437461853,0.6952408058302739,0.8036305223192484,0.04851303781781876,0.7943280935287476,0.6778899363109041,0.8375684091023032,-0.11220888090985157,0.9964008927345276,0.6688413398606433,0.8721495287758959,0.1411077471716063,0.9340237975120544,0.6415054798126218,0.8965250849723811,-0.06566613167524335,0.9946052432060242,0.6612207821437288,0.8820029429027008,0.15102464407682412,0.8928646445274353,0.6316896353449137,0.9054329582623069,-0.05972614990813389,0.9430630803108215,0.6842605590820309,0.8935798645019526,0.11892542817762915,0.9521844983100891,0.6542665668896264,0.9220486726079664,-0.10197398641279762,0.989672064781189
14,0.6528047714914591,0.6204074655260355,-0.14551059603691097,0.9999533891677856,0.6487170287540978,0.6193932550294056,-0.13863665738276065,0.9998735785484314,0.6484577723911827,0.6195254223687305,-0.1387800331626619,0.9998445510864258,0.6482025878770008,0.6196289505277358,-0.1387907262359346,0.9998819231987,0.6479413952146256,0.6215931909424914,-0.15158791137593125,0.9999569654464722,0.6471435989652358,0.6233551706586562,-0.1517289859907967,0.9999691843986511,0.6463567018508909,0.6251718606267654,-0.151816083065101,0.9999744892120361,0.6456459913934978,0.6251249568802968,-0.09420850170510152,0.9998854398727417,0.6430781739098682,0.6313170398984633,-0.1535528761999947,0.9999377727508545,0.6546457477978295,0.6261501414435248,-0.12666634129626403,0.9999548196792603,0.6533127171652655,0.6295743601662769,-0.14451337690864283,0.9999749064445496,0.6579005854470386,0.6340102825845988,-0.04007692242573413,0.9999929070472717,0.6362947446959356,0.678521793229239,-0.15456548375742768,0.9999905228614807,0.6655952215194699,0.587976333073207,-0.013665664994290892,0.865284264087677,0.6171761087008882,0.7185357996395653,-0.2266480645963123,0.9887457489967346,0.6703261716025213,0.5331414410046167,-0.047547459974884965,0.9422518610954285,0.6288127354213167,0.7020911097526548,-0.3252308377197809,0.9763661026954651,0.6704404285975862,0.5181756496429442,-0.057136606238782375,0.9299741387367249,0.6331964305468964,0.6983471206256318,-0.35490080799375245,0.9721445441246033,0.6695461613791326,0.5157581891332351,-0.0682995689234563,0.9401718378067017,0.6360698137964518,0.6901086040905541,-0.35503593172345826,0.9721992611885071,0.6691861595426284,0.5213388374873568,-0.053455602404262316,0.938241183757782,0.6350102782249447,0.6923794644219532,-0.3279452528272355,0.9448581337928772,0.6686656713485715,0.7566112211772371,0.04560359152300015,0.9999837279319763,0.656940390382494,0.7649929847036085,-0.045627247009958516,0.999980092048645,0.6958211064338681,0.804405045509338,0.044609657568590956,0.8124181032180786,0.6785024540764941,0.8371832183429169,-0.11550780768905361,0.9963929057121277,0.6692753400121414,0.8720217602593554,0.12042668525661734,0.936988353729248,0.6415534326008385,0.8959772041865753,-0.08004369991166246,0.9943627119064331,0.6609667726925438,0.8816790512629913,0.12824827666793545,0.8994442224502563,0.6318992478506903,0.9046327028955727,-0.07571693286299702,0.9423673152923584,0.6848316890852788,0.8932205711092263,0.0948103336351258,0.9535427093505859,0.6538774183818269,0.9220174057143071,-0.11942759560687197,0.9893711805343628
15,0.651613104343414,0.621283001559121,-0.1331157878041267,0.9999454021453857,0.6472976957048685,0.6199391024453296,-0.126370406789439,0.9998664855957031,0.6469617298671174,0.6200214658464701,-0.12651755628841257,0.9998400211334229,0.6466259036745341,0.6200783916882103,-0.12652591136949398,0.9998791813850403,0.6466101356915062,0.6222939593451361,-0.1386386722326278,0.9999529123306274,0.6458182539258681,0.6240751624107358,-0.13878357154982424,0.9999656677246094,0.6450518744332446,0.6258890203067231,-0.1388719113809721,0.9999704360961914,0.6441269721303664,0.6258751426424296,-0.08349038548767562,0.9998898506164551,0.6421500257083345,0.6319293022155759,-0.13952547631093426,0.9999257922172546,0.6533495749746048,0.6267664653914312,-0.1148465746215411,0.9999498128890991,0.6521746993064877,0.6307173865182056,-0.1317398392728396,0.9999701380729675,0.6565862059593197,0.6341264145714893,-0.0303472516792161,0.9999926686286926,0.6366751841136384,0.6786131109510146,-0.14263686367443623,0.9999865293502808,0.6619617325919012,0.5856285520962303,-0.004556107467838695,0.8630151748657227,0.6179840769086562,0.723513693468911,-0.2138313834156308,0.982525110244751,0.6626857382910589,0.5308447769709994,-0.03683007154613732,0.9449360370635986,0.629370524202074,0.6994060788835795,-0.3108845421246118,0.967058539390564,0.6616886070796418,0.5158546345574513,-0.04617748147408875,0.9336004853248596,0.634028966086251,0.691534066200256,-0.3396288488592419,0.9634649157524109,0.6607370768274576,0.513656311375754,-0.055939922747867424,0.9429996609687805,0.6367519004004338,0.6832883647509981,-0.3390178808144159,0.9636281132698059,0.6606667586735313,0.5189426353999544,-0.04204235575395742,0.9405909776687622,0.6361238854272022,0.6865401387214658,-0.3131841974599019,0.9292382597923279,0.6690142801829744,0.7557551503181454,0.04545945131352967,0.9999818205833435,0.6578720586640492,0.7644303951944621,-0.045489630103111245,0.9999763369560242,0.6953960980687819,0.804676965304783,0.04364902802876062,0.825325071811676,0.6780233195849824,0.8362782291003632,-0.11249614485672536,0.9955563545227051,0.6693378635815208,0.8715353488922115,0.10665409969432008,0.9372152090072632,0.6417361395699634,0.8949302162442884,-0.08334036341735292,0.9929422736167908,0.660722185884203,0.8813747610364637,0.11036359752927502,0.902642011642456,0.6316566705703732,0.9041325875691001,-0.08119246065616603,0.9344764351844788,0.6851194534982951,0.8923650775636941,0.07890204084771016,0.9523473381996155,0.6534715567316325,0.9219776681491303,-0.1262664811951773,0.987238883972168
16,0.6506796870912821,0.6206744466509135,-0.10687670452254155,0.999936044216156,0.6458863360541205,0.6191523756299697,-0.09964626942362101,0.9998565912246704,0.6454776866095404,0.6195309179169788,-0.09979306012392039,0.9998328685760498,0.6450951065335953,0.6199228133474075,-0.0998055102569716,0.9998743534088135,0.6452879548072812,0.6209663340023583,-0.1113509961536952,0.999947726726532,0.6445243409701753,0.6225702353886193,-0.11149351256234301,0.9999616146087646,0.6438101496015273,0.6241672328540254,-0.11158434844442772,0.9999659061431885,0.6426096745899742,0.6261954443795337,-0.058595863197531,0.9998927116394043,0.6411968282290864,0.6311366149357385,-0.1121578950967107,0.9999159574508667,0.6521219066211152,0.6262874313763207,-0.08971568165080884,0.9999439120292664,0.6512280276843476,0.6296863879476272,-0.10588290414639877,0.9999638795852661,0.6549323916435239,0.6324974400656561,-0.010696051016982113,0.9999922513961792,0.6367758325168061,0.6787733912467954,-0.12044049980384958,0.9999831914901733,0.6601799505097523,0.571047166415623,0.011567157773034903,0.8670641183853149,0.621330176080976,0.7365494745118274,-0.1970234513282775,0.9807324409484863,0.6582063760076248,0.5102491974830625,-0.021504501625895497,0.9490736722946167,0.62923218522753,0.7078995227813718,-0.3023968098419052,0.9672395586967468,0.656547859736851,0.49377664157322454,-0.03097933868744543,0.9386600255966187,0.6329930254391258,0.697416646139962,-0.33155037292412337,0.9638401865959167,0.6551788449287412,0.49236751965114023,-0.03925494908222129,0.9471631646156311,0.6356892636844087,0.6877416917255944,-0.3309997373393603,0.9639236330986023,0.6551770704133166,0.49820356879915484,-0.02616938085557194,0.9446173310279846,0.6356078760964528,0.6910855225154329,-0.30496943433369894,0.9298642873764038,0.6692151325089588,0.7548698868070327,0.04535027731742175,0.9999817609786987,0.658968000752585,0.7633899484361917,-0.045387125760316824,0.9999756217002869,0.694717981134142,0.8052194084439955,0.049037580617836515,0.841283917427063,0.6774626425334382,0.8346487488065443,-0.10887052140065596,0.9958256483078003,0.6692097476550508,0.8716838479042048,0.10842208628143578,0.9425254464149475,0.6422819239752631,0.8933422139712739,-0.07447684556245801,0.99333256483078,0.6614501510347636,0.8815868173326761,0.11183806551354267,0.9107606410980225,0.631950325625283,0.9021284648350303,-0.0713543200067111,0.9382006525993347,0.68484605039869,0.8916049991335184,0.07595377383487562,0.9561336636543274,0.6533177290643961,0.9218897598130358,-0.11731526809079301,0.9879604578018188
17,0.6476037621498105,0.6137184040887012,-0.03559546385492596,0.9999204874038696,0.6427618367331365,0.6134233457701543,-0.027110497227736865,0.9998370409011841,0.6423032964978896,0.6143032397542678,-0.027242283842393317,0.9998161196708679,0.6418975881167818,0.6152655618531361,-0.027235249217067433,0.9998645186424255,0.6424086230141772,0.6139860851424078,-0.039293906944138646,0.9999381899833679,0.641777830464499,0.6151415041514803,-0.03943455432142528,0.9999536871910095,0.6412025860377717,0.6162617921829221,-0.039512150734662986,0.9999575018882751,0.6398182732718329,0.6228702494076317,0.009559124974267821,0.9998933672904968,0.6392233865601673,0.6242090872355867,-0.046265211967485266,0.9998958110809326,0.6489514367921009,0.6195441280092508,-0.020655374867575495,0.9999366998672485,0.648374647753579,0.6210256644657677,-0.03752964085766246,0.9999548196792603,0.6515963707651408,0.6336893439292904,0.04572710480008804,0.9999921917915344,0.6370429839406692,0.6620638847351071,-0.07363288477063175,0.9999784231185913,0.6548521927424836,0.6059395296233039,0.06308384910225866,0.8686122894287109,0.6349217380796157,0.6815634335790359,-0.14266135511653757,0.9726253747940063,0.6574790171214508,0.5696782486779347,0.03285719222788299,0.9521263241767883,0.6399032882281709,0.6394974691527228,-0.21447613348386108,0.9587444067001343,0.6561885356903073,0.5606666105134144,0.0277021373089935,0.9425005316734314,0.6416599852698187,0.627956504481179,-0.23972751248095708,0.9565340280532837,0.6554880329540795,0.5579289266041345,0.019263369536825586,0.9502477645874023,0.6428986515317641,0.6209406375885007,-0.23448556480663152,0.9563083648681641,0.6553995898791718,0.5602906635829378,0.0284482002324304,0.9474679231643677,0.6431167040552408,0.624109659876142,-0.21487236592386438,0.9177365303039551,0.6687183533396037,0.7493522473743981,0.04532386788300103,0.9999825954437256,0.6598786507334025,0.755363549504961,-0.04536365877304756,0.9999759793281555,0.6921467866216384,0.8063716939517427,0.04238624508891785,0.8548216819763184,0.6773344210215975,0.827572005135672,-0.1044215904814856,0.9959911108016968,0.6684401733534674,0.8724530833108081,0.09609457935605725,0.9470914006233215,0.6451270886829918,0.8901330726487291,-0.07039642291409626,0.9936028122901917,0.6618456993784221,0.8823281134877883,0.09951593184045379,0.9173372387886047,0.6339791195733204,0.8975463679858612,-0.06689920744725632,0.9407975077629089,0.6849060007504052,0.8916095120566228,0.06350270895553484,0.959263265132904,0.6537115931510922,0.9218947052955623,-0.11028455410684852,0.9884536266326904
18,0.6426275253295894,0.6011351823806759,0.03400093912413077,0.9999105930328369,0.6381286467824661,0.6029841576303752,0.041537290838147896,0.9998387694358826,0.6375565852437698,0.6043236562183922,0.04142658120420361,0.999817967414856,0.6370590431349615,0.6057540042059759,0.04145500137736753,0.9998681545257568,0.6383427909442354,0.6022670882088794,0.02838992441871336,0.9999327659606934,0.6379757148878912,0.6029381190027507,0.02825239548193556,0.9999485611915588,0.6376711981637134,0.6035468612398418,0.028199160365121694,0.9999538064002991,0.6352956022535049,0.6146454317229131,0.06569975359099249,0.9998977184295654,0.6363685795239037,0.6114471418516974,0.006270365629877364,0.9998858571052551,0.643747212205614,0.6070977176938736,0.044732662210507035,0.9999113082885742,0.643811796392713,0.6065950581005639,0.026602814373161105,0.9999134540557861,0.6431998610496518,0.6358406577791483,0.08910714971965973,0.9999866485595703,0.639915231295994,0.6344225866453985,-0.03892142911042484,0.999973714351654,0.6481980204582212,0.6500608767781936,0.0863209523260593,0.7863820791244507,0.6487238287925717,0.6082891549382888,-0.08042134600026263,0.9738422632217407,0.6547932011740545,0.6366584641592841,0.04366582956697257,0.8641999959945679,0.6539409518241879,0.5689769080707002,-0.08448071107268329,0.9585534930229187,0.6541829773357933,0.6344100390161784,0.040521377245230306,0.8608553409576416,0.6553437931197027,0.5583344255174907,-0.100002038691725,0.9546865820884705,0.6536780476570127,0.6296932509967257,0.032918887319309344,0.8676732778549194,0.6537258744239804,0.5543655191149028,-0.09148440595184049,0.9531127214431763,0.6539130858012605,0.6286766443933757,0.03940466270786209,0.8648791313171387,0.652854924542563,0.5577588421957831,-0.08228141484516002,0.9132975339889526,0.6644880056381223,0.7385048610823491,0.04518722402197972,0.9999839067459106,0.6623954432351246,0.7406109588486804,-0.045230525519166655,0.9999781250953674,0.6869520204407825,0.8035655634743823,0.03716435767710207,0.8640838265419006,0.6783072505678447,0.8141406365803305,-0.10029998464243747,0.9962489008903503,0.6673368045261925,0.8729138800076073,0.07142471864021246,0.9501383304595947,0.6501459428242271,0.8855767216001235,-0.08648985411439619,0.9940372705459595,0.661414848055158,0.8829477173941471,0.0729372065713895,0.9227676391601562,0.6389657139778134,0.8913424951689579,-0.08447967618703837,0.9452202916145325,0.6850658604076927,0.8916936704090659,0.046512685609715304,0.96144700050354,0.6546829206602911,0.9218090449060707,-0.11587273563657483,0.9892409443855286
19,0.6362188237054004,0.5867318681308199,0.05467149857431648,0.9998534321784973,0.6322231752531866,0.5887334023203166,0.05795608258673121,0.9997806549072266,0.6316482918603077,0.5898192967687332,0.05787937851356607,0.9997468590736389,0.6311272382736203,0.5910383667264663,0.057949053735605285,0.9998224377632141,0.6327345371246336,0.588113462924957,0.04564565350966793,0.9998857378959656,0.6325398666518072,0.5885658059801372,0.04551983725811752,0.9999062418937683,0.6323866571698867,0.5889927966254096,0.04549674575350112,0.9999194741249084,0.6301270280565532,0.5992719462939669,0.07545547001063821,0.999858021736145,0.6318409732409883,0.5957606502941674,0.017259062347667557,0.999785840511322,0.6376685959952215,0.5925791127341131,0.061379164989505464,0.9996932148933411,0.6378843392644606,0.5919648579188752,0.04449355415999888,0.9996098279953003,0.6390770724841524,0.6240523695945737,0.0986747238785028,0.9999719262123108,0.6408092362540105,0.6166050842830111,-0.030629865292991894,0.9999498724937439,0.6481277755328584,0.6441938928195405,0.11134206418480187,0.7149539589881897,0.6514651928629192,0.582250186375209,-0.07956775043691904,0.9640505313873291,0.659265760013035,0.6380140151296341,0.0926181940361857,0.7868617177009583,0.6581666622843059,0.5484827058655872,-0.08311254166598828,0.9279899597167969,0.6611333404268533,0.6383920618465966,0.09581899830539307,0.7903211712837219,0.6544359769139968,0.5363435609000067,-0.09661814873772004,0.9203515648841858,0.6617917759077887,0.634099049227578,0.08547720957015237,0.7961471676826477,0.6520012923649376,0.5351860983031134,-0.08680364021233147,0.9143390655517578,0.6610651544162202,0.6324087432452608,0.08798522929693195,0.7929086089134216,0.653039501394544,0.5385447382926938,-0.08055049335317949,0.8694956302642822,0.66099875995091,0.7217347587857924,0.044414908864668416,0.9999847412109375,0.662861050878252,0.7235372764723638,-0.04446756179843628,0.9999794960021973,0.6795503684452598,0.7959461467606678,0.024566820583173193,0.8546319603919983,0.6769355893135067,0.7986264637538361,-0.09828749086175642,0.9961954355239868,0.6661878739084512,0.8730403814996988,0.03164595998158411,0.949947714805603,0.6552654334477013,0.8792666929108752,-0.1082920366099902,0.9941166639328003,0.6602966870580398,0.8838584950992036,0.029963038374470265,0.9259576201438904,0.6451850141797744,0.8849282111440382,-0.10926586304392129,0.9487105011940002,0.6852984445435657,0.8923007896968292,0.00394946451165846,0.9584347009658813,0.6554860472679135,0.9201784304210113,-0.13845093548297877,0.988828182220459
20,0.6305672236851281,0.5706151383263722,0.021458478877320875,0.9998415112495422,0.6269724556377952,0.5717280098370141,0.02375285617474997,0.9997634291648865,0.6265417507716584,0.572235798835754,0.02368756349730703,0.9997286200523376,0.6261296067919047,0.5728666339601787,0.02375371676337505,0.9998196959495544,0.6274161968912394,0.5722985676356722,0.010932661353477402,0.9998698830604553,0.6273055280957901,0.5730659978730335,0.01079373085605246,0.9998881816864014,0.6272018773215156,0.5738265514373777,0.010753206003989485,0.9998959302902222,0.6257177216666082,0.5795982003211972,0.045098027374063196,0.9998581409454346,0.6271725041525702,0.5804688079016547,-0.017014627477952404,0.9996572136878967,0.6327924013137814,0.5754138793264114,0.02907473692404371,0.9996899366378784,0.6329027158873419,0.5761318206787107,0.011447086318262979,0.9995759129524231,0.6349353977612084,0.6021982380322045,0.08479783428566792,0.999973475933075,0.6398246748106817,0.6071574892316542,-0.05559177404003482,0.9999243021011353,0.6447633487837652,0.5917709061077661,0.14655490198305668,0.7038247585296631,0.6503735576357157,0.6086313792637413,-0.09810629734503368,0.9527571201324463,0.6530150566782267,0.5640271357127595,0.1883095294237136,0.8038551211357117,0.6594780530248366,0.5895258409636359,-0.10192415363022254,0.9026313424110413,0.655456949983324,0.560167632784162,0.20296101548842013,0.8048130869865417,0.6555291567529948,0.5799468295914783,-0.11278444677591318,0.8916618227958679,0.6564214791570389,0.5566850611141747,0.18971822730132504,0.8111379146575928,0.654531007153647,0.577018390383039,-0.10485033605779916,0.8846253752708435,0.6551480105945039,0.5599569099290028,0.18421670794486994,0.8080146312713623,0.6561746307781762,0.5800379480634414,-0.09937308973499702,0.8306790590286255,0.6580535582133699,0.7027222973959784,0.04661714871014866,0.9999834895133972,0.661953166552952,0.7054444313049313,-0.04666873493364877,0.999973714351654,0.671658955301557,0.7805421982492715,0.022842650647674274,0.798035740852356,0.6717948998723708,0.7830368399620052,-0.10436580244983941,0.985694944858551,0.6657761778150283,0.8675059522901258,0.0077121022157370985,0.9241121411323547,0.6588013853345596,0.8729552098682944,-0.13800669716937194,0.9899737238883972,0.6598209687641685,0.8779806341443739,0.003571728563734458,0.9022820591926575,0.650317321504865,0.8796025156974788,-0.14164169324295856,0.9365047812461853,0.6835194366318835,0.8926001497677389,-0.024437027451183105,0.9433566331863403,0.6607448322432379,0.9141530990600581,-0.1733208205018724,0.9847490787506104
21,0.6257044962474275,0.5507767847606111,0.024010666858937043,0.9998529553413391,0.6225709761892043,0.5514414923531665,0.027679064976317523,0.9997831583023071,0.6222496884209767,0.5517671482903614,0.027615688608161024,0.9997510313987732,0.6219152569770809,0.5521574139595029,0.02767010887286491,0.9998337626457214,0.6230579989297046,0.5524467962128773,0.014700455484645695,0.9998811483383179,0.6230934500694272,0.553366366454533,0.014553246487464214,0.9998980164527893,0.6231344802039007,0.5542090994971136,0.014508336170443455,0.9999048113822937,0.6221636772155759,0.558917050702231,0.049562872733388594,0.9998703598976135,0.6237764358520504,0.5608400532177513,-0.012745251772659165,0.9996894598007202,0.6284304925373619,0.5553474477359224,0.03224771927509987,0.9997125864028931,0.6286232318196975,0.5562708769525797,0.014280511492065008,0.9996105432510376,0.631042260783059,0.5862719416618345,0.09330320890460692,0.9999696612358093,0.6385332652500695,0.5882874539920259,-0.05017023475042409,0.9999282956123352,0.6411595582962033,0.576963012559073,0.17003591443811136,0.6393322944641113,0.6518297195434567,0.5852424919605252,-0.0661567442135752,0.9549788236618042,0.6491560288837974,0.5574246985571722,0.23120508566498743,0.7582519054412842,0.6621590529169352,0.5673527683530533,-0.03535813505628278,0.9087031483650208,0.6438193525586806,0.5518512845039365,0.2504583417304923,0.7685707807540894,0.6571120262145993,0.5581692891461506,-0.040908108279109,0.8973745703697205,0.6458153060504366,0.5485229083469934,0.23565062454768582,0.7770841121673584,0.6561049767902916,0.5591472404343738,-0.033333741341318404,0.890069305896759,0.6465694597789217,0.5539489133017401,0.2270952882511274,0.7747569680213928,0.6578677722385948,0.5618450079645427,-0.03202400340565613,0.8355531096458435,0.6543416397912158,0.6850451895168846,0.04719742738774843,0.9999830722808838,0.6598632386752534,0.6862964017050603,-0.0472445735973971,0.9999747276306152,0.6640131626810344,0.765301804883139,0.020437523616211744,0.7871804237365723,0.665625064713614,0.7669441478593005,-0.10503024671758919,0.9868671894073486,0.6651238679885861,0.8546982867377141,0.0018319510655211524,0.9222136735916138,0.6620554821831837,0.8622598631041387,-0.14097953502620963,0.9907093048095703,0.6593573774610244,0.866913977691105,-0.0026121646581616794,0.9054123163223267,0.6545521037919177,0.871599081584385,-0.14522348770073473,0.9410362839698792,0.6798158032553534,0.8855134146554126,-0.03429228251001663,0.9431536197662354,0.6699899179594854,0.898249563149043,-0.18239332309791012,0.9856758117675781
22,0.6238658666610715,0.535452728612082,0.074776476189228,0.9998623132705688,0.6208818248340059,0.5358547261783052,0.07794660438916509,0.9998001456260681,0.6204849038805278,0.5365484935896735,0.07786931486667263,0.9997700452804565,0.6200894628252299,0.5372533900397162,0.07789708896806194,0.9998471140861511,0.6217552747045242,0.5357881528990607,0.06607193954821142,0.9998886585235596,0.621994272300175,0.5362971186637876,0.06591793226876426,0.9999035596847534,0.6222896848406108,0.536647319793701,0.06586872876754826,0.9999103546142578,0.6203967162540978,0.5450150830405096,0.08265236637422013,0.999880850315094,0.6234672921044483,0.5422966616494312,0.02797186087284768,0.9997117519378662,0.6263359086854114,0.540703383513859,0.07873354865504159,0.999731719493866,0.6271448305674959,0.5398959159851071,0.06207738404295271,0.9996320009231567,0.6244117157799853,0.5847616944994243,0.11266852681125908,0.9999666213989258,0.6403964042663571,0.5599637831960402,-0.020031929056027097,0.9999256134033203,0.6353804400988985,0.5916696514402114,0.16725027178015017,0.5828568935394287,0.6530685237475801,0.5312842343534739,0.0015362353396735084,0.9471486806869507,0.6422091552189415,0.5837744116783139,0.21859240148748663,0.705158531665802,0.6628176178250991,0.5100884446075982,0.09149778570447646,0.8857877850532532,0.6333877529416763,0.5797169668333868,0.2368007502385547,0.7185978293418884,0.6585996542658121,0.5008149981498716,0.0944339626601764,0.8657523989677429,0.6342236127172195,0.5729334064892357,0.22527017508234287,0.7276149988174438,0.6553913814680914,0.5031811407634188,0.10231996700167653,0.8539871573448181,0.6367904441697254,0.5777100477899821,0.2154949128627776,0.7241249680519104,0.655057414940425,0.5063979991844719,0.0961589496050562,0.796163022518158,0.6475717289107183,0.6741283212389262,0.045763957926205204,0.9999834895133972,0.6587394816534857,0.6711659755025587,-0.045801584103277726,0.9999760389328003,0.6592141474996291,0.7515398468290053,0.037679725246770025,0.7538947463035583,0.6633302909987311,0.7525209103311807,-0.09827502348593298,0.9871798753738403,0.6636695402009143,0.8369547656604218,0.010602457901196816,0.9006890654563904,0.6645110811505995,0.8480864558901102,-0.13422300858157016,0.9899113774299622,0.6580396805490764,0.8513858199119564,0.009804646378116944,0.8952483534812927,0.657653200626373,0.8603894880839753,-0.13655897676944728,0.9417403936386108,0.6744294626372198,0.8683729665619982,0.003112432759787358,0.9183908700942993,0.6772447364670886,0.8794657622064859,-0.1655568884951727,0.9814279079437256
23,0.6230266281536644,0.5312131149428229,0.10627781285771297,0.9998541474342346,0.6200209839003423,0.530338428701673,0.10597839632204596,0.9998025894165039,0.6193588903972078,0.5314154420580179,0.10589188986590925,0.9997706413269043,0.6187135645321434,0.5325286763054982,0.10591283951486855,0.9998482465744019,0.621556540897914,0.5285025664738243,0.09678999808217795,0.9998869895935059,0.6220219578061782,0.5281254444803508,0.09664083298827916,0.999902069568634,0.6225606492587495,0.5276377746037072,0.09659198929688756,0.9999107718467712,0.618798630578177,0.5396051832607811,0.09720512415681562,0.9998846650123596,0.6241849694933208,0.5313639504568916,0.054042576785598456,0.9997262358665466,0.624466570786067,0.537771562167576,0.1052577367850712,0.9997172951698303,0.6260709047317502,0.5346518482480729,0.09207852764853405,0.9996196031570435,0.6216166683605736,0.5840820414679389,0.11713956764766142,0.9999557137489319,0.6414067591939651,0.5444352218082971,0.00035391652158328634,0.9999294281005859,0.6367080739566255,0.5944131425448823,0.1726186160530362,0.5279986262321472,0.6503502198628014,0.4991234294005801,0.001922042553113507,0.9512099623680115,0.6469942978450227,0.5920995780399865,0.23729182481765737,0.640371561050415,0.6560041206223621,0.4613133072853086,0.0656331055398498,0.8947909474372864,0.6429143224443705,0.5883740237780977,0.25719711354800623,0.6543889045715332,0.650502470561436,0.4473298396383011,0.06450696012803483,0.8750739693641663,0.6434096063886368,0.582170041969844,0.2458444867815289,0.6625914573669434,0.6466283253261018,0.4494887019906723,0.07476616916911939,0.8636202216148376,0.6445797494479585,0.5856067180633542,0.2346124734197343,0.6589671969413757,0.6464099781853809,0.4536122688225335,0.07006155518548826,0.8074404001235962,0.6418723515101838,0.6700584088053019,0.04245939041887009,0.9999842643737793,0.6565931388310021,0.6656053917748583,-0.04249983600207736,0.9999779462814331,0.6570411971637178,0.7408939191273277,0.045833180312599434,0.752942681312561,0.6640231404985697,0.7395464284079412,-0.08848346897533958,0.987973690032959,0.6606503622872486,0.8217068280492507,0.010570092705477558,0.895205020904541,0.6651519945689607,0.8293219004358561,-0.11428481723581035,0.9899570941925049,0.6556063345500398,0.8365512149674548,0.010848378195493877,0.8992069959640503,0.6594203250748767,0.8422518014907833,-0.11447452136448447,0.9454262256622314,0.6690275924546375,0.8491341335432866,0.011962098362190378,0.9042595028877258,0.6761576516287664,0.8611622078078129,-0.13919049373694822,0.979291558265686
24,0.6218254685401914,0.5331306031772066,0.1290170135242598,0.9998407959938049,0.6186771954808914,0.5307716148240224,0.12838123121431888,0.9998000264167786,0.6177288276808599,0.531815777506147,0.1282888640250478,0.9997655749320984,0.6167855705533706,0.5329495276723586,0.12829868389027455,0.9998452067375183,0.6209674903324669,0.5281629647527419,0.1189022873129163,0.9998834133148193,0.6216314452035083,0.5272718872342789,0.11874225139617915,0.9998993873596191,0.6223393048558914,0.5263629811150685,0.1186714621526854,0.9999094605445862,0.6165523443903239,0.5381055559430801,0.11242169099194657,0.9998860955238342,0.6242397700037272,0.5280355453491208,0.07060397810169626,0.9997317790985107,0.6223834974425178,0.5397034934588838,0.12645501068660187,0.9996817708015442,0.6247009669031413,0.5357146143913266,0.11282869960580548,0.9995872378349304,0.6167001468794684,0.5821170704705372,0.13498996964522766,0.9999420642852783,0.6413337503160746,0.5370526364871431,0.00852488088088908,0.9999322295188904,0.6299620951925002,0.592804145812988,0.216773355432919,0.48174306750297546,0.6515018905912123,0.4945119542734961,0.007842738467401687,0.9553894996643066,0.640997563089643,0.5821928262710568,0.32550185748508986,0.5864588022232056,0.6593181507928028,0.4506731927394865,0.076033242046833,0.9042172431945801,0.6437602264540534,0.5785228065082002,0.3541616533483776,0.602210283279419,0.6592387046132766,0.438620695046016,0.07632497825792853,0.8858731985092163,0.6443696549960543,0.5741096036774769,0.3431976497173308,0.609722375869751,0.6561582173619949,0.43782622643879454,0.08960019829017771,0.8751740455627441,0.6443461537361143,0.5792111175400867,0.3243149761642727,0.6057292819023132,0.6553826366152079,0.44277280313628037,0.08220606339829305,0.8226915001869202,0.6372986997876845,0.6681424072810579,0.0428132543074233,0.9999845027923584,0.6544016974312916,0.6618180087634492,-0.04286485921059334,0.9999793171882629,0.655362476621355,0.7285118085997442,0.047013700913105666,0.7694947123527527,0.6656314390046253,0.7266870566776817,-0.08455112076231408,0.9888793230056763,0.6566283651760643,0.8102061646325244,-0.009989976570276275,0.9019262194633484,0.6638387816292897,0.8126970699855255,-0.12010592967271799,0.9905077219009399,0.6520460758890422,0.8216237187385556,-0.012713000763739855,0.9074242115020752,0.6585159250668113,0.824554792472294,-0.12158701164381838,0.9499227404594421,0.6635693941797526,0.8377202527863635,-0.014559080744428288,0.9080029129981995,0.6728245139122007,0.8472836136817928,-0.1427420624664851,0.979464054107666
25,0.6190961480140684,0.5317452515874588,0.13121815941163467,0.9998111128807068,0.6160024813243319,0.5287551130567276,0.12895640709570472,0.9997678399085999,0.6147684131349833,0.529811358451843,0.12886974577392846,0.9997310042381287,0.6134867378643578,0.5309239149093625,0.12887869732720506,0.9998135566711426,0.6190698010580877,0.5258174947329928,0.1200284742883273,0.9998680353164673,0.6199453745569499,0.5247957280703951,0.11987498934779842,0.9998898506164551,0.6208760006087164,0.5237925563539775,0.11980596269880017,0.9999010562896729,0.6129968217441011,0.5349200844764708,0.12139686580215175,0.9998689293861389,0.6231220058032442,0.5247071811131067,0.06883062209401809,0.9997292757034302,0.6186636958803446,0.5386924948011124,0.12684292473963324,0.999535083770752,0.6217517375946042,0.5345030069351193,0.11403340654713762,0.9994800686836243,0.6105940052441186,0.5814054506165638,0.12220315209456847,0.9999271035194397,0.6411511557442798,0.536483139651162,0.009705273261559854,0.9999358057975769,0.6243163040706087,0.599409883362906,0.20351515199456888,0.44063231348991394,0.655599784851074,0.5015732705593107,0.026946290953284387,0.9564505219459534,0.63390337228775,0.5833219783646717,0.3177078027810368,0.5303329229354858,0.6594891701425822,0.4889830384935649,0.12271132426602493,0.9028145670890808,0.6351061105728146,0.5786344562258037,0.3460859268903731,0.5457972884178162,0.6601022907665794,0.4810008236340112,0.13087789288588927,0.8821954727172852,0.636347937583923,0.5756203889846799,0.3369133102042333,0.5527210831642151,0.658292804445539,0.48185111539704434,0.14139913533415105,0.8704026937484741,0.6370534062385556,0.5803873658180234,0.3171984370265687,0.5492914915084839,0.6579770445823666,0.48567906022071816,0.1288629894810063,0.814699113368988,0.6352264063698903,0.6650870442390439,0.03819709680974482,0.9999843835830688,0.653063322816576,0.6567848052297316,-0.038257945116077136,0.9999802708625793,0.6533936125891546,0.7186088579041614,0.03886197784117288,0.7765415906906128,0.6661410161427086,0.7174834217344008,-0.07289738601871895,0.9887685775756836,0.6537967324256894,0.8018415553229192,-0.018540126910167074,0.9042077660560608,0.6625569616045267,0.8015221408435274,-0.11427848424230297,0.9900683760643005,0.6497049893651687,0.8110948375293183,-0.02488597397293362,0.9142031073570251,0.6574956927980692,0.8125463707106451,-0.11844384819269174,0.9530210494995117,0.6602989571435107,0.8307919195720124,-0.04227075395839553,0.9044931530952454,0.6700577446392602,0.8356847388403752,-0.13451969815152026,0.9754190444946289
26,0.6162716576031273,0.5282817568097793,0.12224838754960463,0.9993364810943604,0.6133816770144869,0.5251536045755656,0.11655037381819311,0.9991499781608582,0.6121012415204727,0.5261757697377883,0.11647078139441348,0.9991598129272461,0.6107648832457404,0.5271783028330119,0.11648087458951127,0.9993116855621338,0.6165314929825916,0.5222961306571958,0.11003096678427282,0.9995118975639343,0.6174535819462365,0.5213392257690428,0.10989581431661329,0.9996459484100342,0.6184679542269023,0.5203781979424611,0.10983646235295699,0.9996663928031921,0.6100671155112127,0.5307893174035205,0.10921430970941265,0.9996040463447571,0.6209353123392374,0.5215201292719158,0.058367480763367216,0.9994072914123535,0.6155681627137317,0.5351230893816263,0.11475795635155264,0.9976924061775208,0.6188052943774629,0.5314262270927427,0.1052777794854981,0.9978703260421753,0.6053027067865642,0.5810674020222253,0.08701966064316882,0.9998981356620789,0.6403815405709401,0.5385215640068052,0.008752597618981124,0.9999170303344727,0.6148587243897572,0.6188441583088463,0.14212121537753508,0.4036896526813507,0.655093225411006,0.5358362819467269,0.029329273676765803,0.9160901308059692,0.6258513825280323,0.603779864311218,0.22569109116281771,0.4774566888809204,0.6477165869304109,0.5573374824864521,0.12091252739940365,0.8130398988723755,0.627490903650011,0.6025068793978007,0.2461400108677999,0.491474449634552,0.6467684490340094,0.5566893764904565,0.13219559511968063,0.7944356799125671,0.6288526654243467,0.5982131992067607,0.239620970402445,0.4977101683616638,0.644957717827388,0.5571634922708781,0.13758670080985336,0.7837834358215332,0.6290316428456985,0.5999093123844689,0.2253619738987513,0.49465394020080566,0.6451925703457421,0.5582665349755965,0.12515457293816967,0.733650267124176,0.6343145302363802,0.6598877123423982,0.029571864354823302,0.9999830722808838,0.6523339986801144,0.6503139529909403,-0.02964177858084439,0.9999792575836182,0.6505569372858317,0.7144923363413126,0.037696769514254144,0.7588319778442383,0.6655324373926432,0.7166321464947288,-0.057702933571168326,0.9825041890144348,0.6524002654211859,0.7980731555393761,-0.01050980400427111,0.8989221453666687,0.6628544432776312,0.7993227311543052,-0.10357587614229744,0.9866560697555542,0.6494383062635146,0.8076845066887988,-0.015535742496805525,0.9157800674438477,0.6575785705021446,0.8106728093964709,-0.105797842996461,0.9507324695587158,0.6607358387538361,0.8248836874961849,-0.02857646404632499,0.8802480101585388,0.6703693645341052,0.832884676115853,-0.12068098570619304,0.9566766023635864
27,0.6128565430641171,0.5261270523071286,0.11199216927800855,0.9989083409309387,0.61029326234545,0.5228431957108632,0.10440934555871141,0.9984449744224548,0.6090619938714161,0.5238830685615536,0.10433329514094755,0.9985201358795166,0.6077799797058103,0.5248450722013198,0.10433762243815826,0.9987915754318237,0.6132052694048198,0.5201157280376977,0.10095339672906053,0.9990039467811584,0.6141137872423441,0.5192713822637283,0.10082963556051248,0.9992809891700745,0.6151058060782293,0.5184102671486988,0.10077989889042713,0.999336838722229,0.6067641803196495,0.5287010618618554,0.08921252574239454,0.9992403984069824,0.6175639884812489,0.5203713485172814,0.05550132894090241,0.9987687468528748,0.6121570944786069,0.5329152277537752,0.10276741044861924,0.9967610836029053,0.6152734075273784,0.5299900242260521,0.09743021045412331,0.9968464970588684,0.6017592668533323,0.5808998414448326,0.05974498007978708,0.9999015927314758,0.6388012903077258,0.5434562649045669,0.018373743218502818,0.9999134540557861,0.6077011755534578,0.6358139617102484,0.09186165226357319,0.39855051040649414,0.6509260858808241,0.5736600773675098,0.03672326824494769,0.8821455240249634,0.6235288296427043,0.6291723319462365,0.1463200787348406,0.4314715266227722,0.6349341341427391,0.607409698622567,0.10655512022120607,0.7325248718261719,0.6282099127769467,0.6307363050324573,0.15997897780367298,0.44422847032546997,0.6343185441834582,0.6099611955029621,0.11813271152121675,0.7155656218528748,0.629439396517617,0.6264472654887605,0.15497834618602474,0.4497947692871094,0.6318707517215181,0.6088133343628472,0.12024830058217043,0.7059256434440613,0.6275543587548389,0.6243384599685666,0.1460111625492572,0.44684991240501404,0.6315310648509431,0.6076976069382256,0.10933621046798565,0.6607862710952759,0.6336110046931672,0.6552938103675838,0.019438528109874037,0.9999833106994629,0.6514733518872939,0.646511808463505,-0.019528787323672848,0.9999797940254211,0.6461224368640351,0.7160119261060438,0.028850816270070405,0.7636454701423645,0.6640271629605972,0.7180752975600103,-0.048882758510964235,0.9811185002326965,0.6506598523684908,0.7985527753829953,-0.013628459695194443,0.9040144681930542,0.6661658661706104,0.80199795620782,-0.10554378522293904,0.9860366582870483,0.6491762808391023,0.8097876650946477,-0.01807034026299203,0.9215771555900574,0.6606924601963585,0.8139650651386803,-0.10804237893649506,0.9515214562416077,0.6613307782581872,0.8197210192680355,-0.02783734702638216,0.8765076994895935,0.6750376888683861,0.8360997472490579,-0.12615508181708193,0.950415849685669
28,0.6101792897496903,0.52838351215635,0.12998031377792352,0.9989039301872253,0.607767992360251,0.5251522609165735,0.12352415280682694,0.9984636306762695,0.6066192030906674,0.5261240397180827,0.12344914674758906,0.9985343813896179,0.6054363284792217,0.5270576391901287,0.12344379467623569,0.9988040924072266,0.6104447466986518,0.5228893654687061,0.1216587901115417,0.9990090131759644,0.6112898179462976,0.5222436581339153,0.12155885824135365,0.9992768168449402,0.6121835998126436,0.5215689182281491,0.12153278355087548,0.9993342757225037,0.6042724166597635,0.5311959351812088,0.09151329185281476,0.999254584312439,0.6143526945795329,0.5241357326507565,0.08155338402305327,0.9987797737121582,0.6096628342355997,0.5349208440099441,0.11991725244692387,0.9968827962875366,0.6124127081462312,0.5328842622893195,0.11680914738348547,0.9969370365142822,0.5988828318459645,0.5795067242213655,0.06638703026941842,0.9999085664749146,0.6354795455932614,0.5488509552819385,0.04814590768156837,0.9999167323112488,0.602313765457698,0.6367509058543611,0.07240534451391012,0.4102388322353363,0.6435663751193452,0.6047769836017061,0.0481290348938533,0.8596150875091553,0.6189976521900719,0.6497951303209575,0.09210977011493268,0.3908487856388092,0.6280048046793254,0.6387667621885024,0.08497201310736788,0.6610775589942932,0.6244931152888704,0.6555800182478766,0.09829475491174625,0.4021701514720917,0.6277268869536261,0.6454383901187348,0.08999541487012586,0.645269513130188,0.6260359883308407,0.6527441723006109,0.0951997646263667,0.4070262014865875,0.624798832620893,0.6435912779399324,0.08681100564343583,0.6364453434944153,0.6245042596544536,0.6491815754345482,0.09196618683636182,0.4042472541332245,0.624520807606833,0.6411116617066517,0.08310103501592359,0.5958114862442017,0.632070137773241,0.6540503621101377,0.01238615616623844,0.9999840259552002,0.650257747513907,0.645491872514997,-0.012521528931600702,0.9999809265136719,0.6405060342379976,0.7203788280487057,0.01025844865611621,0.7833014726638794,0.6633662751742768,0.7184205821582246,-0.04759631207478896,0.9820521473884583,0.6464882237570624,0.7990258148738313,-0.0406411252849336,0.9117556214332581,0.6709044269153046,0.8028165527752464,-0.11102206621851235,0.9868456125259399,0.647219817978995,0.8138694252286635,-0.04649924015892401,0.928435206413269,0.6652456385748724,0.8149065000670292,-0.11569328265530716,0.9550437331199646,0.654764332090105,0.8205445221492219,-0.0601789948663541,0.8817050457000732,0.6823341812406264,0.8384483507701325,-0.1414152262466294,0.9513878226280212
29,0.6078826529639105,0.5313906090600148,0.1415160758154732,0.9989132881164551,0.605730182783944,0.5272635851587566,0.1349740781954356,0.9984711408615112,0.60460398708071,0.5279193452426363,0.13489012420177454,0.9985306859016418,0.6034282292638504,0.5286058374813623,0.13487756678036275,0.9988207817077637,0.6084698540823797,0.5253385714122225,0.13529537490436006,0.9989973902702332,0.6093447157314842,0.5247043388230458,0.13521916078669677,0.9992509484291077,0.6102457761764524,0.5240702339581078,0.13521734965699053,0.9993196129798889,0.6023994071143011,0.533647274971008,0.09823921173810954,0.9992385506629944,0.6123899800436834,0.5263350844383237,0.10028364456125663,0.9986525177955627,0.6071671860558643,0.5378862398011341,0.13004842400550837,0.9970398545265198,0.6100577780178612,0.5366619399615693,0.1299144255263464,0.997033417224884,0.5977601204599651,0.5796997019222802,0.05946191080978936,0.9999170303344727,0.6324217932564868,0.5558542507035389,0.07694929705134457,0.9999176859855652,0.600483999933515,0.6316212943622042,0.05146480596491266,0.45651715993881226,0.637986646379743,0.6176401410784038,0.06695755496621128,0.7906743288040161,0.6073623946734834,0.6606050763811381,0.061005364784172574,0.4194160997867584,0.6243410910878859,0.653448459080287,0.07828790268727709,0.6252800226211548,0.6112352950232367,0.6707382048879348,0.06271275622504095,0.41916221380233765,0.6196174791881013,0.6623882038252691,0.08036702722311016,0.6072713136672974,0.6120096155575341,0.6684728792735506,0.06275471565978864,0.421487420797348,0.6176586185182841,0.6612084610121587,0.07308414269770891,0.5974562168121338,0.6116367595536365,0.6643446326255795,0.06213141818131716,0.408047080039978,0.6186678511755804,0.6580923489161896,0.07327777392097878,0.5571607947349548,0.6315709982599528,0.6552528347287856,-0.0006497242621013094,0.9999844431877136,0.6495511531829831,0.6479416574750625,0.00048664155682282776,0.9999812245368958,0.6347713879176546,0.7286533764430452,-0.01695270410605839,0.8012092709541321,0.6638544695717945,0.7181053212710786,-0.03377453748668942,0.9789880514144897,0.6405822770936146,0.806474695886884,-0.07850623891821926,0.9171664714813232,0.6746807711465015,0.7916179878371099,-0.09846559081758768,0.9840131402015686,0.6437899061611717,0.8230211615562435,-0.08576233365706032,0.9328129291534424,0.6700008102825707,0.8025321824210028,-0.1062164479068347,0.9544110298156738,0.6402192882129121,0.8309929081371848,-0.10776820895927287,0.8796879053115845,0.6865314892360139,0.8296595471245898,-0.1311005459300109,0.9401078224182129
30,0.6065390552793227,0.5411303588322228,0.1519699471337454,0.9990035891532898,0.6046147891453331,0.536011435304369,0.14448554090091154,0.9986045360565186,0.6034887296812872,0.5363965664591106,0.1443953335285186,0.9986603260040283,0.602358485971178,0.5367630856377735,0.14438838511705393,0.9989263415336609,0.6074774895395549,0.534185034888131,0.1484009663973535,0.9990793466567993,0.6084092634064808,0.5335580451147894,0.1483418009110859,0.9993091225624084,0.6093759298324581,0.5329716324806211,0.14836228617600025,0.9993715286254883,0.6017480049814494,0.5411356670515876,0.10431342635835916,0.9993042945861816,0.6117441024099075,0.5345845222473142,0.122192313841411,0.998731255531311,0.6055562802723473,0.5473610980170112,0.13905590815203522,0.9972971677780151,0.608800935745239,0.546759840420314,0.14373391611235475,0.9972655177116394,0.5991193243435449,0.5800235901560099,0.052077507653406664,0.9999250769615173,0.6298606480870925,0.5705510224614823,0.11188652919871461,0.9999166131019592,0.5969999296324591,0.6294791000229969,0.029711010253855148,0.5094518065452576,0.6294376237051824,0.6351329667227605,0.10003878836120873,0.7202452421188354,0.5920545782361708,0.6607762830598011,0.03230977888618195,0.47372904419898987,0.6128012980733596,0.6656948481287273,0.08759892774479724,0.5986679196357727,0.5919948118073597,0.6720810004643029,0.02965048482375484,0.47138363122940063,0.6051991275378633,0.6741220048495697,0.08782305291720793,0.5868593454360962,0.5924501436097279,0.6707358104842047,0.0332106791436672,0.4731036126613617,0.6038622464452468,0.6733111602919439,0.07980605789593284,0.5783374905586243,0.5933885846819194,0.6672609840120585,0.03487755214529377,0.4565100073814392,0.6058804971831182,0.6703609432492934,0.0819093376398086,0.5379374027252197,0.6299927439008437,0.6640342439923964,-0.014221110806933465,0.9999847412109375,0.648960733413696,0.6570586136409211,0.014058408513665192,0.9999804496765137,0.6285371473857332,0.7459561416081016,-0.024987241200038354,0.8201009035110474,0.6636270778519764,0.71800616468702,-0.011689543484577106,0.9722540974617004,0.6336636815752299,0.8282269767352509,-0.08294031023979183,0.9246839880943298,0.6759884272302896,0.7676997235843109,-0.06584094235939636,0.981269359588623,0.6382786716733657,0.8443859662328443,-0.08998852797916954,0.9390461444854736,0.6747387579509188,0.7741278971944533,-0.07181851587125229,0.9569321870803833,0.6275606291634693,0.8512032219341819,-0.11901995007480888,0.8883921504020691,0.6870285238538467,0.8082009094102038,-0.09683293681591745,0.9355177283287048
31,0.606031787395477,0.5586162260600496,0.14905076622962943,0.9990435838699341,0.6042084489549906,0.5527345265660965,0.14077162700039994,0.9987059235572815,0.6031735743795119,0.5529551489012579,0.14068060772759566,0.9987589120864868,0.6021468179566517,0.5530998144830974,0.1406832937683377,0.9990068078041077,0.6070622733661104,0.5510680999074661,0.1475789466074534,0.9991376996040344,0.608065979821341,0.5504848650523592,0.14751757894243506,0.9993463754653931,0.6090792110988069,0.5499931097030637,0.14754353080477028,0.9994068741798401,0.6019290021487642,0.5560385584831236,0.0997692125184195,0.9993582367897034,0.6115297947611125,0.5509692720004489,0.13060563824006483,0.9987999796867371,0.6051783697945728,0.5650062458855762,0.1358443617820739,0.997477114200592,0.608450867448534,0.5645148805209566,0.1442003156457628,0.9974106550216675,0.6020003812653676,0.5868412494659421,0.03754134752920694,0.9999316930770874,0.6280704327992028,0.5912762471607751,0.134525744829859,0.9999070167541504,0.5929009880338394,0.6285716073853627,0.004816867091826027,0.556742787361145,0.6210077677454264,0.6454152124268665,0.15409852628196982,0.6519935727119446,0.5810346177646089,0.6495097824505394,0.010912187184606273,0.5216981172561646,0.6018295236996238,0.6621693423816133,0.16148932193006782,0.5797739028930664,0.5775216954095019,0.6570073349135259,0.007079883345535821,0.5177823901176453,0.5947941950389314,0.6664581690515787,0.1683063287820134,0.5772948265075684,0.5773144551685876,0.6560561827250886,0.013594608115298399,0.5187743902206421,0.5936334984643116,0.6651313134602135,0.162645406701735,0.5717487335205078,0.5790703313691272,0.6539249624524794,0.014901224098035262,0.49911123514175415,0.5954956446375163,0.6631815161023819,0.1587187300835336,0.5311204195022583,0.6275363223893299,0.6796362979071477,-0.025737108449850755,0.9999847412109375,0.6476308567183355,0.6729881797518046,0.0255912205936121,0.999979555606842,0.6235880425998139,0.7658274480274743,-0.025595420066799428,0.8375710248947144,0.6623258795057021,0.725165155955723,0.013358160214764728,0.9709713459014893,0.6293496796063012,0.8522674509457175,-0.07100735120475289,0.9319514632225037,0.6750688433647153,0.7444811497415812,-0.0342517214162009,0.9784690737724304,0.6332902635846815,0.8663366419928411,-0.07668474651873108,0.9449654221534729,0.6750856910433085,0.7430154221398486,-0.039096558732645836,0.9597429633140564,0.6230149354253494,0.8678456238337922,-0.1058559665722506,0.8980395197868347,0.6857167720794675,0.7741062368665419,-0.06144116201571053,0.9330922365188599
32,0.6063486593110219,0.5735477771077835,0.14984136649540486,0.9990863800048828,0.6043073364666527,0.5686812894684925,0.14197049736976616,0.9988123774528503,0.6032944543021063,0.5690959674971442,0.14188657488141737,0.9988601207733154,0.602282631397247,0.5694453563008988,0.14189207128116058,0.9990918636322021,0.6071877973420277,0.5670649852071487,0.14957936406135552,0.999199628829956,0.6081928491592404,0.5665842686380655,0.14952372567994246,0.9993821382522583,0.609214547702244,0.5661427072116304,0.1495542394263403,0.9994440078735352,0.6020191328866138,0.5718607834407259,0.10144785557474405,0.9994128346443176,0.611689530100141,0.5676908186503816,0.1362682123269353,0.9988608956336975,0.6056432144982471,0.5801632693835664,0.13686818821089602,0.997672438621521,0.6087661675044466,0.579112945284162,0.14623104717050273,0.9975680112838745,0.6031982234546114,0.5969010131699696,0.032711834141186294,0.9999377727508545,0.6254755411829265,0.607435515948704,0.14419590532779686,0.9998810887336731,0.589425000122615,0.6269839133535109,-0.018344699751053527,0.5987321138381958,0.615032374858856,0.6516560758863174,0.1846391124384743,0.5888415575027466,0.5752175722803385,0.6410532866205485,-0.03008938367877686,0.5666304230690002,0.5933833565030776,0.6611378295080999,0.21850304816450383,0.5429862141609192,0.5687053884778701,0.6470582400049479,-0.03797015127326759,0.5617371797561646,0.5881824033600941,0.6621855310031343,0.2280483120254107,0.547252893447876,0.5688681551388328,0.6442545992987494,-0.029562216890709724,0.5621994733810425,0.5866947140012466,0.6605436359133037,0.22231083043983996,0.5422856211662292,0.5714858838490074,0.6427056074142453,-0.025876267626881586,0.539793848991394,0.5879318816321234,0.6593385032245088,0.21599157069410585,0.5020062327384949,0.6240109613963534,0.6968759059906002,-0.030570759571024335,0.9999849796295166,0.6442077091761995,0.6911416053771969,0.03043293319642542,0.9999780654907227,0.6204316633088245,0.7783645289284838,-0.0192006659827062,0.8504638075828552,0.6612002679279869,0.7435138446944097,0.03472021469580274,0.9501721262931824,0.6282976252692083,0.8621527194976802,-0.03467875740357806,0.936008632183075,0.6740577833993091,0.7297089338302609,0.025579325708427594,0.9320555925369263,0.6312234503882269,0.8760651929037908,-0.03698087568793976,0.9488959312438965,0.6765476516314912,0.7315336023058208,0.025086826012868962,0.9496631622314453,0.622518580300467,0.8749810831887377,-0.06583506975855143,0.8998105525970459,0.6841178315026416,0.7416108676365439,0.00788145403244666,0.8873183727264404
33,0.6063358170645574,0.5793860810143605,0.15809699850422987,0.9991551637649536,0.6041511518614631,0.5751304047448291,0.15065030029841825,0.9989189505577087,0.6031070504869731,0.5754646812166484,0.1505730326686586,0.99896240234375,0.6020462274551388,0.5758684362683975,0.15057037259851178,0.9991744756698608,0.6070983018193923,0.5738583394459313,0.15804327811513622,0.9992688298225403,0.6081270626613069,0.5733389258384702,0.15799999279635285,0.9994313716888428,0.6091883046286444,0.5727941410882129,0.15803883842059535,0.9994900226593018,0.6015015806470596,0.5789637974330355,0.10872236532824375,0.9994671940803528,0.6115973506655009,0.5745420251573833,0.14276399612426752,0.9989585876464844,0.6055066279002596,0.5855676668030873,0.14441303653376436,0.997886598110199,0.6086381094796314,0.584553549970899,0.15349907108715594,0.9977828860282898,0.6023800645555766,0.6050446169716968,0.030894387300525378,0.9999434947967529,0.6236205611910135,0.6147466744695388,0.14153689912387296,0.9998683929443359,0.587943180969783,0.6255042740276878,-0.04601169702197822,0.6382462382316589,0.6142538734844749,0.6584271890776495,0.15691854911191117,0.5513073205947876,0.5730724351746692,0.6371298909187314,-0.0902705851410116,0.6088770031929016,0.5919191207204544,0.6647200873919893,0.16322618510041909,0.5308039784431458,0.5657895037106102,0.6425497514860967,-0.10405510749135694,0.6039945483207703,0.5866128785269598,0.665438217776162,0.1665895449263708,0.5398793816566467,0.5662740979875834,0.6391930903707228,-0.09487758449145722,0.604270339012146,0.5847724114145549,0.6628810337611604,0.16189115430627543,0.5349509716033936,0.5689450621604917,0.6381396668297901,-0.08668275736272332,0.5821849703788757,0.585995737143925,0.6618203742163519,0.16003581966672617,0.4954783320426941,0.6203242336000712,0.7042632886341637,-0.03158827578382831,0.9999831318855286,0.6397506969315662,0.7011913878577094,0.03142687023750372,0.9999708533287048,0.6183879137039181,0.7806855729648041,-0.01975331005773373,0.8644823431968689,0.658513363770076,0.7655570319720674,0.04190415101391927,0.948312520980835,0.6288661939757207,0.8614898630550926,-0.021590056855763692,0.9406417608261108,0.6709356273923599,0.7279297573225836,0.04471605305692978,0.9033699631690979,0.6319665057318549,0.8744381274495802,-0.021681534126400934,0.9526895880699158,0.6740715912410187,0.7315154160772048,0.04542632475495337,0.9479727745056152,0.6229969399315967,0.8752962759562898,-0.05244770954762183,0.9037054181098938,0.6823388576507565,0.727777484485081,0.029712480732372818,0.8531506657600403
34,0.6058773824146813,0.5802705083574564,0.16753743631499146,0.9992308020591736,0.6038721288953506,0.5759841493197847,0.15995990123067577,0.9990224838256836,0.6028146130698064,0.5760316252708433,0.15988539116723188,0.9990606307983398,0.6017493520464213,0.5762008939470561,0.15987827990736275,0.9992530941963196,0.6067717722484041,0.5754187583923337,0.167456344621522,0.9993380904197693,0.6078025613512309,0.5750222359384807,0.16741541155746997,0.999483585357666,0.6088629875864299,0.5745885917118615,0.1674547817025865,0.999537467956543,0.6010700259889872,0.5792950868606564,0.11707968477691917,0.9995180368423462,0.611095355238233,0.5765085680144171,0.15053288127694803,0.9990535378456116,0.6047004631587435,0.5853141682488574,0.15303097367286675,0.9980902075767517,0.6078948582921706,0.5851339118821277,0.1623295788254056,0.9979923367500305,0.6003368786403108,0.6057292904172622,0.036478957640273216,0.999949038028717,0.6232734867504662,0.6173301424298965,0.14458566563470016,0.9998761415481567,0.5880897079195292,0.6255679624421253,-0.03919970998540519,0.673837423324585,0.6159450224467683,0.6633325576782223,0.1470438178096498,0.5273412466049194,0.5721066594123838,0.6398828421320231,-0.08127358821885923,0.6461682319641113,0.5942939451762606,0.6713589174406867,0.13759103268384928,0.5157040953636169,0.5652198297636847,0.6456341590200149,-0.09382268232958654,0.641021728515625,0.5887579628399437,0.6736708249364577,0.13866723456553043,0.5276923775672913,0.5662056548254828,0.6434078472001209,-0.08525140210986135,0.6409847736358643,0.5865940996578758,0.6705278192247659,0.13436820890222273,0.5213227868080139,0.5687484281403674,0.6423639246395654,-0.07784677626831188,0.6179227232933044,0.5878723042351857,0.6689930336815967,0.13411725504057742,0.48039159178733826,0.616540171418871,0.7052505697522842,-0.03213986179658343,0.9999841451644897,0.6354571700096128,0.703811499050685,0.03197040057608058,0.9999721646308899,0.6152115157672334,0.7797417300088062,-0.020238364115357385,0.8773825168609619,0.6493390985897606,0.7742217591830658,0.03774648830294607,0.949517548084259,0.6283342378480091,0.8587347439357209,-0.03319522951330456,0.9453319907188416,0.6653383237974981,0.7350547330720081,0.028932661682899503,0.8935458660125732,0.6324227639607017,0.8712608524731222,-0.0339981504849025,0.9570183157920837,0.6691452264785763,0.7364173514502386,0.02857189450546034,0.950962483882904,0.6229855264936172,0.8758956824030191,-0.06502712581838876,0.909662127494812,0.6788383739335193,0.7361247505460463,0.013153986925525326,0.8447062373161316
35,0.6050053392137797,0.5820397291864665,0.16429190891129622,0.9991199970245361,0.6034735526357375,0.5769718050956724,0.1566087944167,0.999005138874054,0.6025080425398688,0.5766108461788719,0.15653229228087828,0.9990273714065552,0.601526435783931,0.5763662321226934,0.1565232276916503,0.9992314577102661,0.6062465616634911,0.5772973162787298,0.16476986323084142,0.999311089515686,0.6073076673916404,0.5771263905933922,0.16472140891211368,0.9994319677352905,0.6083576321601865,0.5769768817084173,0.16475274435111448,0.9995062351226807,0.6009367176464623,0.5786869117191857,0.11508248469659255,0.9995041489601135,0.6103946992329186,0.5788593411445615,0.1505595364740916,0.9989989399909973,0.6037034102848595,0.5861500791140962,0.14983003480093812,0.9980926513671875,0.6067674177033557,0.5870363627161296,0.15994858997208725,0.9979562759399414,0.5974485261099676,0.6034079653876165,0.035680141299962984,0.9999532699584961,0.6242303115980963,0.6183741314070562,0.1474215286118643,0.9998740553855896,0.5872645769800456,0.6288488694599693,-0.02101584350956337,0.7047765254974365,0.6172218833650859,0.6632397685732158,0.1499493752207074,0.4811398386955261,0.5714371408735,0.6497439742088315,-0.027987988293170916,0.6791407465934753,0.5960671697344095,0.6777535336358204,0.1392419644764491,0.5480088591575623,0.5659594774246213,0.6532879080091201,-0.03353254518338611,0.6737797856330872,0.5906206267220631,0.681025912080492,0.14252111656325195,0.5631956458091736,0.5667151791708807,0.6530428137098037,-0.025437915218727916,0.6733801364898682,0.589135020119803,0.6781384314809523,0.13788036746638155,0.558403730392456,0.5689128705433435,0.6521416783332822,-0.023685307747551364,0.649387001991272,0.5907814400536671,0.6769550357546121,0.1358706023011888,0.5189498662948608,0.613582737105233,0.7041771820613313,-0.034153425267764485,0.9999837279319763,0.6325329746518813,0.7032085571970255,0.03399419859051703,0.9999715685844421,0.6092691864286148,0.7767895817756649,-0.035268925768988456,0.8883359432220459,0.6344240903854368,0.7713087201118465,0.026910394004413044,0.9477126598358154,0.6256501146725243,0.8559727736881797,-0.0859384859779051,0.9500089287757874,0.6593856539045059,0.7550389613424024,-0.033305697329342354,0.8884292244911194,0.6310616271836414,0.8662350858960829,-0.09097961969673629,0.9608286619186401,0.662707824366433,0.7455513324056349,-0.03957288725567715,0.953382670879364,0.6212558882577075,0.8757314920425411,-0.12183625730020654,0.9149691462516785,0.6710295302527289,0.772850212029048,-0.06169099137187002,0.8392267823219299
36,0.6046248316764828,0.5811474084854122,0.16381336237703042,0.9990778565406799,0.6033485071999684,0.575577276093619,0.1554815850087574,0.9990164041519165,0.6023837906973699,0.575066406386239,0.1554025322198867,0.9990224838256836,0.6013936230114525,0.5746550491877962,0.15538312452180036,0.9992280602455139,0.6062021459851943,0.5763239962714056,0.1637777877705437,0.9993136525154114,0.6072892665863034,0.5763423987797326,0.1637234926223754,0.9994184374809265,0.6083634427615572,0.5763851455279756,0.1637431770563125,0.9994969367980957,0.6008046354566299,0.5770477635519843,0.11180213987827296,0.9994977116584778,0.6103975840977257,0.5786567466599598,0.1471516323941094,0.9989708065986633,0.6031162261962888,0.5850491847310745,0.14866132991654527,0.9980978965759277,0.606368337358747,0.5864506500107899,0.15901301247732974,0.9979268908500671,0.5941562822886873,0.601059339727674,0.03558091723493166,0.9999572038650513,0.625125101634434,0.6189261129924226,0.14682263774531223,0.9998791217803955,0.5845616630145478,0.6364730579512456,0.0028109572561723856,0.7318901419639587,0.620573600700923,0.6661234480994085,0.16173493521554122,0.43447092175483704,0.5720134973525999,0.6598628044128415,0.03371208888877714,0.7046036124229431,0.599664725576128,0.6870918716703139,0.17149751420531945,0.5470760464668274,0.5677497489111761,0.6620894891875128,0.03517441494124275,0.6990354657173157,0.595092245510646,0.6900277597563604,0.1805534824728965,0.5766308903694153,0.5682765977723255,0.661228571619306,0.042699710173266264,0.6974161267280579,0.5921988214765272,0.6873571089335847,0.17550776622125075,0.5769306421279907,0.5701152307646612,0.6605938826288493,0.03877225326640264,0.6706433296203613,0.5927852920123506,0.6858977692467823,0.16850567843232828,0.5376027226448059,0.6110577583312986,0.7050990990230012,-0.03674000331333704,0.999984085559845,0.6300030946731565,0.7033660871641974,0.036588876375130225,0.9999731779098511,0.6005738258361815,0.7736548168318609,-0.04035741117383751,0.8991810083389282,0.6212754811559402,0.7631975293159481,0.036072745919227586,0.9498980641365051,0.6199736595153805,0.8499886410576952,-0.1054174851093973,0.9548221230506897,0.6531040992055618,0.7807725616863792,-0.03926942751609852,0.8971790075302124,0.6266961268016267,0.8571633934974667,-0.11237269107784538,0.9647030830383301,0.6585697906357899,0.7774392332349501,-0.04757290553700709,0.9577486515045166,0.6155678425516398,0.8747969150543209,-0.14051593840122217,0.9229296445846558,0.6565478069441656,0.8124951549938743,-0.0710705428251198,0.8534720540046692
37,0.6044271826744076,0.5802183542932781,0.173234793969563,0.9975498914718628,0.6031813246863227,0.574469208717346,0.16464929005929393,0.9972321391105652,0.6021714057241165,0.5739158289773121,0.16456800528935017,0.9972946643829346,0.6011278867721555,0.5734662669045583,0.16454087091343736,0.9979884028434753,0.6062058329582212,0.57534544467926,0.17206322486911493,0.9978737831115723,0.6073446222714012,0.575427995409284,0.17200877560036515,0.9979252219200134,0.6085172738347732,0.5755168046270096,0.17202254363468705,0.9983154535293579,0.600283690861293,0.5760779363768438,0.11635371670126911,0.9986726641654968,0.6105441944939747,0.5783561485154285,0.1539102409567151,0.9958164691925049,0.6027103390012466,0.5842858552932737,0.15731846796614776,0.9960888028144836,0.6062465889113287,0.5856245670999797,0.16653227082320615,0.9947053790092468,0.5906507781573702,0.6003376773425508,0.038245159972991244,0.9999603629112244,0.6257557051522389,0.6200413908277236,0.1485321088560989,0.9998637437820435,0.5813815440450393,0.64727155310767,0.00831162149884871,0.7496969699859619,0.6267893178122381,0.67152452979769,0.13205105662345878,0.3933853209018707,0.5741323760577608,0.6661119001252307,0.038919919463140606,0.6723947525024414,0.6070667931011742,0.6880466137613566,0.12484401879566051,0.49305254220962524,0.5708926950182232,0.6677493401936119,0.04005032942763395,0.65987229347229,0.6037926639829361,0.6892275997570579,0.13029138094612525,0.5198596715927124,0.5713466678346903,0.6652870586940217,0.04667654330176965,0.6568443775177002,0.5983974967684063,0.6865542956760948,0.1277513606739895,0.520066499710083,0.5729971528053281,0.6649984274591716,0.04344440922141074,0.6243181824684143,0.5982175469398496,0.6852760212762012,0.1222193939345223,0.4846639633178711,0.6078570553234642,0.7076537762369425,-0.03657311988728385,0.9999786615371704,0.6268099427223203,0.7055085522787908,0.036393879779747534,0.999965250492096,0.5923606463841027,0.7708845291818888,-0.03924104294606616,0.9004843235015869,0.6141816888536723,0.758272450310843,0.07280675822070663,0.889348030090332,0.6128693580627438,0.8433390225682936,-0.09949329878602706,0.9528806209564209,0.641578240053994,0.807107237407139,0.011553421164197573,0.8789292573928833,0.6216580493109564,0.8482070497104095,-0.10668628002916059,0.9659762978553772,0.6467167752129688,0.8130740250859938,0.004153181612491601,0.9563025832176208,0.6067595975739613,0.8729087080274306,-0.13500499555042805,0.9082587957382202,0.6367123910358972,0.8368794798851009,-0.017524605031524382,0.818561851978302
38,0.6042541572025841,0.5803535154887605,0.1451006440179688,0.9977536201477051,0.6029162100383211,0.5747003521238052,0.13496660973344526,0.9974561333656311,0.6018856201853068,0.5740917631558007,0.13487618352685649,0.9975228905677795,0.6007994685854228,0.5735483084406169,0.13484392762184136,0.9981532692909241,0.6060852953365868,0.5755048053605213,0.14066705937896448,0.9980420470237732,0.6072557398251122,0.5755373716354367,0.14061242959329054,0.9980940818786621,0.608529801028115,0.5755667022296358,0.1406087926455906,0.9984464049339294,0.5996446967124935,0.5762344956398008,0.08497208069477759,0.998781681060791,0.6104306391307284,0.5786437068666728,0.11697230211326048,0.9961339235305786,0.602362935883658,0.5844963397298537,0.12941307872533792,0.9964112639427185,0.6061291677611211,0.5854911361421855,0.1364420103175299,0.9951239228248596,0.5883589897836955,0.6018257072993685,0.013303450707878377,0.9999641180038452,0.626098253045763,0.622112485340663,0.11340354723589756,0.9998716711997986,0.5809813533510478,0.657645341328212,-0.01529289114155939,0.7726138830184937,0.6320309315408976,0.6779329538345333,0.0853241139224597,0.40082526206970215,0.5769593272890361,0.670895661626543,0.002115781911249667,0.6723815202713013,0.6140935642378669,0.6864898681640622,0.07096086676631652,0.44901320338249207,0.5739978364535738,0.6739532079015456,0.00022203049489429548,0.6521903872489929,0.6111361929348533,0.6871246797697881,0.07323916533163612,0.47320833802223206,0.5745320286069595,0.669544274466378,0.005054520709174013,0.6476876735687256,0.6050926889692032,0.6840892417090276,0.0715359298246247,0.47278907895088196,0.5763315984180992,0.6690175260816299,0.005358294397592538,0.6060681939125061,0.6050391980579919,0.6827934350286209,0.06869080109255651,0.4402664303779602,0.6038302762167792,0.7134938665798729,-0.03571558445692061,0.9999780654907227,0.6229076947484695,0.7111810905592779,0.03552367793662206,0.9999632835388184,0.5852573820522851,0.7722336138997755,-0.03400013638394218,0.9094071388244629,0.6111475689070562,0.755887070723942,0.11386875914675845,0.8385137915611267,0.6067056451525005,0.8384437288556776,-0.08599892407655711,0.9562697410583496,0.6303574664252142,0.8199873634747094,0.09123547162328444,0.871078610420227,0.6167170882225034,0.8441007954733708,-0.08880071107830316,0.9689580798149109,0.6339470148086546,0.8347746235983708,0.08797145794544897,0.9577016830444336,0.5986201047897336,0.872826106207711,-0.10637610874005721,0.9120926856994629,0.6214834570884702,0.83517130443028,0.07640256966863357,0.7983558773994446
39,0.6035507542746404,0.5806534358433313,0.10933015367814466,0.9970754384994507,0.6021045804023739,0.5750293101583206,0.098072575032711,0.9965523481369019,0.6010690552847724,0.57449152299336,0.09797614898000441,0.9968278408050537,0.5999657801219392,0.5739753382546559,0.0979470693639346,0.9975816607475281,0.6053385138511655,0.5756320527621674,0.10299665225403644,0.9972159266471863,0.6065440194947377,0.5756325772830416,0.10293504851205003,0.9974258542060852,0.6078479119709557,0.5756307772227693,0.10291804479701172,0.9978363513946533,0.5986265114375521,0.576768248421805,0.048792718670197875,0.9984074234962463,0.6096557770456583,0.5788266437394276,0.07595654640878946,0.9945732355117798,0.6016959616116112,0.5850553546633036,0.09437764499868662,0.9955196976661682,0.6055505360875808,0.5858921408653256,0.10039609202316824,0.9937595725059509,0.5869175365992951,0.6049506119319368,-0.011375269932406284,0.9999656081199646,0.625326723711831,0.6234694480895993,0.07625492800559314,0.9998558759689331,0.5809043628828864,0.6668374947139192,-0.028931373277945163,0.78800368309021,0.6331674916403631,0.6795829738889418,0.05679035463503426,0.40003278851509094,0.5794531822204587,0.6770268304007391,-0.002738077778901374,0.6256911158561707,0.6158119916915891,0.6843372157641816,0.04806378632783887,0.4060215353965759,0.5770453827721729,0.6806226134300228,-0.0027773365910564157,0.604296863079071,0.6123655744961327,0.6860709599086213,0.05020573735237119,0.4278995394706726,0.5782087734767366,0.6754434500421793,3.7832717810354355e-05,0.5997034907341003,0.6083772386823378,0.6827614460672647,0.04845237705324375,0.42733296751976013,0.5798563599586485,0.6742917146001539,-0.00013730126832213127,0.5575131773948669,0.6092738679477143,0.6817817705018177,0.04641276182872906,0.3978736698627472,0.5996685266494748,0.7186196020671296,-0.03389392974121229,0.9999744296073914,0.6186668447085786,0.7165588583265028,0.03371218410985809,0.9999551177024841,0.5781141315187723,0.7758236782891406,-0.03825065248778887,0.91596519947052,0.6095237323216027,0.7561186875615797,0.12663040778466628,0.7876203060150146,0.6001677938870018,0.8386507681437897,-0.09264562821813987,0.9587958455085754,0.6256517495427809,0.8220965674945282,0.11502589349235803,0.8676068782806396,0.6097071954182214,0.8444292851856772,-0.09374031147786545,0.9710426926612854,0.629188479696001,0.8364555444036208,0.1130477923101612,0.956950843334198,0.5932607872145513,0.8751068438802443,-0.10093544168131688,0.9114207029342651,0.6148087246077398,0.8331871288163317,0.10873130038380618,0.7741235494613647
40,0.601969732557024,0.5802232180322917,0.08765011429786677,0.9972228407859802,0.6005538957459583,0.5748405064855301,0.07546948705400736,0.9967475533485413,0.599551211084638,0.574432221480778,0.0753725728818348,0.9970176815986633,0.5984714610236029,0.5740279112543376,0.07534248807600563,0.9977174401283264,0.6036815421921864,0.5751298206193104,0.08001392015389029,0.9973680973052979,0.6049245612961902,0.5750518866947716,0.07994270899466102,0.9975763559341431,0.606197723320552,0.575006580352783,0.07991422393492287,0.9979573488235474,0.5969817638397215,0.5767662695475985,0.026541065105370094,0.9984925389289856,0.6080266509737284,0.5779317600386481,0.046929544955491995,0.9948537945747375,0.6002681578908645,0.5848968335560387,0.0726589515805244,0.995686411857605,0.6039947203227449,0.5855924759592326,0.07816717411790572,0.9939988255500793,0.5856960875647406,0.6071055156844,-0.022945877164602273,0.9999673962593079,0.6232982550348551,0.6236039263861517,0.04487635727439605,0.9998582601547241,0.5792679429054258,0.6714431898934496,-0.026746806622083688,0.7900259494781494,0.6330292088644842,0.679175690242222,0.041218232469899294,0.40213751792907715,0.581042351041521,0.6811476826667782,0.015686351207217987,0.5691339373588562,0.6146724598748341,0.6884243982178821,0.045174564740487484,0.36692842841148376,0.5802096588271002,0.6851295454161505,0.019615997161184028,0.5497461557388306,0.6104847959109712,0.6924390571457996,0.046772831465516744,0.3867987096309662,0.5824236989021299,0.6803041747638154,0.02029022680861608,0.5453670620918274,0.6080428719520565,0.6891051990645269,0.04388747683593203,0.38614270091056824,0.5835284931319098,0.6803025994982035,0.01780241632035799,0.5062302350997925,0.6090160982949391,0.687628102302551,0.042391563206911065,0.3595235347747803,0.5952650972775048,0.7210092084748401,-0.03127252209399427,0.9999744296073914,0.6141743711062837,0.7190944927079334,0.03109551620270523,0.9999549984931946,0.5703052997589109,0.7788215620177129,-0.031116133289677744,0.922844648361206,0.6082908970969061,0.7556536691529407,0.11353755870035712,0.7498800754547119,0.5918116194861274,0.8372798034123008,-0.07359456270933147,0.9617612957954407,0.6263270991189136,0.8206608959606712,0.09777810381991518,0.8694186210632324,0.5988223740032738,0.8413448146411346,-0.07423222788742606,0.9733871817588806,0.6307736737387518,0.8337334496634343,0.09565023928880687,0.9578260183334351,0.5913121598107471,0.8748013275010241,-0.07482001973049977,0.915766179561615,0.6143498199326649,0.8315141030720298,0.09515829214027946,0.7665706276893616
41,0.599076243809291,0.5786340917859756,0.09211592908416472,0.9973441362380981,0.5978096468108038,0.5736318349838254,0.08036793321371075,0.9969198703765869,0.5967967850821356,0.573321643897465,0.08027619847229545,0.9971727132797241,0.5957073177610122,0.5730030655860898,0.08025014357907427,0.9978283643722534,0.6008133172988889,0.5737418225833345,0.0847872748970985,0.9975127577781677,0.6019808735166274,0.5736133217811581,0.08470372727939057,0.9977182149887085,0.6031226004873,0.5735180565289086,0.08467725621802462,0.9980807304382324,0.594388391290392,0.5759020907538275,0.03198851857866558,0.9985536336898804,0.6050755364554266,0.5765440906797135,0.05261098189013342,0.9951274991035461,0.5973889350891111,0.5835871015276225,0.0771734352622713,0.9958178997039795,0.6009084360940113,0.5843730875423974,0.08243907221726005,0.9942355751991272,0.5824779374258856,0.6069987927164346,-0.014621733168938323,0.9999685883522034,0.6200955714498244,0.622128081321716,0.049787663136209734,0.9998649954795837,0.5763375060898914,0.6703562617301937,-0.007604349138481271,0.7664446234703064,0.6304207597460063,0.6769747921398704,0.04980972356029917,0.4101925492286682,0.580420797211783,0.6831657971654617,0.052830206815685524,0.5138577222824097,0.6131278565951753,0.6874773723738531,0.04696758474622452,0.3320184051990509,0.5811228428568156,0.6876427105494904,0.0606163753462689,0.49656161665916443,0.6091670955930435,0.6924971239907398,0.061049144821507556,0.34990909695625305,0.5840715510504584,0.6840905547142025,0.06043332767273696,0.49251440167427063,0.6070756077766415,0.6895459106990266,0.058962923873748074,0.3491237759590149,0.5846702626773287,0.6843502998352048,0.05510118268430231,0.4570763409137726,0.6080353941236221,0.68775120973587,0.049585951119661305,0.32495367527008057,0.5901580265590121,0.7193889515740528,-0.030169968626328862,0.9999758005142212,0.6096908075468878,0.7181730389595029,0.0299872794321605,0.9999578595161438,0.5632309045110427,0.776168070520673,-0.030817638337612138,0.9283353090286255,0.6072734492165699,0.7555684719766886,0.10210480051381242,0.7286830544471741,0.5825250864028928,0.8332310966082979,-0.0661788324160235,0.9641544222831726,0.6262664147785728,0.8204046709196905,0.07704263052770066,0.8745100498199463,0.588531456674848,0.8356894254684444,-0.0695920931441443,0.9754907488822937,0.6314835684640063,0.8316469328744067,0.07416326361043109,0.9593982100486755,0.5853167789322986,0.8714173504284446,-0.06971443785088399,0.9184619188308716,0.6133508784430365,0.8310551728521071,0.07460380292364525,0.7646802663803101
42,0.5953960606030053,0.5758543201855248,0.09505286642483297,0.9975467324256897,0.5940843122346058,0.5711786116872513,0.08384423937116348,0.9971745610237122,0.5929198997361316,0.570889273711613,0.08375534457819798,0.997409999370575,0.5917359811919074,0.570558052403586,0.08373077469212664,0.9980072975158691,0.5972665888922553,0.5712581464222497,0.08795918502977912,0.9977185726165771,0.5983247263090948,0.5711366466113497,0.08787270614079062,0.9979108572006226,0.5993917652538842,0.5709922654288153,0.08785012492111748,0.998240053653717,0.5907648359026225,0.5736452937126157,0.03612356824534278,0.9986758828163147,0.6014363288879392,0.5745083144732881,0.05404893660119599,0.9955295324325562,0.593454028878893,0.581036329269409,0.080427496773856,0.9961358308792114,0.5969455701964239,0.5819442561694551,0.08520956145865573,0.9946840405464172,0.5778162632669719,0.6061910152435299,-0.010997763196272506,0.9999703764915466,0.616353985241481,0.6201972876276285,0.04778462478092736,0.9998729228973389,0.5718332818576265,0.6675141964639932,0.006756637165588989,0.7655697464942932,0.6252633758953636,0.6749511088643753,0.04863228893705775,0.42464548349380493,0.5773499148232594,0.6843952706881928,0.07353187831384791,0.46530333161354065,0.6096999049186704,0.6879402569362092,0.04232077098318506,0.3011561632156372,0.5789454272815157,0.6895917654037472,0.08275700828858781,0.44972410798072815,0.6062009675162177,0.6940189259392872,0.06359011509588783,0.31738555431365967,0.5818713205201282,0.6864826798439023,0.08166570727314264,0.4459412693977356,0.6041870849473133,0.6905622107642034,0.0615521933351244,0.31642332673072815,0.5819305539131161,0.6858554550579612,0.07553804782884457,0.4137141704559326,0.6050611649240762,0.688285752705165,0.047912022577864755,0.29450759291648865,0.5845825927598133,0.7169239146368841,-0.027648684542093946,0.9999773502349854,0.6053307720593041,0.7166519573756623,0.027465142895068427,0.999960720539093,0.557248154708317,0.767566917623792,-0.030445793217846313,0.9348843097686768,0.6067550080163135,0.7550636087145121,0.09225556829145973,0.7308927774429321,0.5731504406247817,0.828335423128945,-0.06889132346425735,0.9673117399215698,0.6260777166911531,0.8185018488339011,0.060671905534607995,0.8842706680297852,0.5798635891505648,0.8320839898926867,-0.07259974139077319,0.9776880741119385,0.6318329146930146,0.8292175548417223,0.05714741040553362,0.9622109532356262,0.5720022439956662,0.8661796007837564,-0.07364230262381685,0.9246839284896851,0.613708276408059,0.8306517992700845,0.055836401028292494,0.7770182490348816
43,0.590104155881064,0.5721534286226543,0.10356964426381243,0.9977579712867737,0.5885598029409134,0.567399614197867,0.09301719665527339,0.9974240064620972,0.5872997522354123,0.5671552521841864,0.09293350917952398,0.9976399540901184,0.5861004011971607,0.566830207620348,0.09291255346366334,0.9981818199157715,0.5921718018395558,0.5674151233264375,0.09706111358744754,0.9979240894317627,0.5933106184005734,0.567309783186231,0.09697287231683727,0.9981011152267456,0.5945139118603295,0.5671144315174645,0.09695478486163271,0.9983997344970703,0.5853420768465312,0.5703808801514759,0.045561228586094696,0.9987908601760864,0.5964180418423242,0.5712072696004593,0.062182289042643106,0.9959352612495422,0.5880487986973351,0.5777756725038798,0.08916891621691836,0.9964551329612732,0.5918197972433905,0.5785785351480753,0.09382859511034825,0.9951378107070923,0.5722568443843294,0.6055295773914879,-0.004396043465073617,0.999971866607666,0.6120118158204211,0.6191004174096241,0.05208949180585995,0.9998809099197388,0.5665777240480693,0.6651157838957646,0.02263213566371372,0.7501271963119507,0.6187417864799497,0.6736681495394024,0.055686734403882686,0.43301311135292053,0.5723020230020792,0.6853888579777305,0.09198771417140955,0.4204530715942383,0.6049375670296803,0.6885954141616818,0.060087889326470204,0.2726902365684509,0.5733828442437305,0.6921148095812113,0.10252070863332063,0.4065379798412323,0.6018153326851978,0.6964996269771028,0.08042182890432217,0.28719785809516907,0.5762733527592248,0.6888611895697454,0.10063193089195656,0.40307238698005676,0.5992236954825263,0.6919000846999028,0.07742663611258777,0.2861248552799225,0.5761497838156562,0.6861112526484896,0.09374652696507313,0.3738791048526764,0.6000071712902612,0.6890424558094567,0.06463860369154381,0.2663229703903198,0.5795641745839797,0.7151894995144432,-0.02443120192204202,0.9999784827232361,0.6016695771898539,0.7149002620152061,0.024251691624522197,0.999963104724884,0.5520362121718267,0.7570447955812722,-0.03245190964745622,0.9406332969665527,0.6065643736294335,0.7527828642300194,0.08722664096525733,0.7310790419578552,0.562558008943285,0.8258248959268839,-0.08575748729386497,0.970159113407135,0.625036493369511,0.8162312592778882,0.0515718483499118,0.891811192035675,0.5701015966279164,0.8327687587056838,-0.0913885427638888,0.9796112775802612,0.6303260139056611,0.8273458617074145,0.0475418897611754,0.9643502235412598,0.5528892193521769,0.8600683348519458,-0.10070849524012629,0.9299135804176331,0.6135565263884405,0.8298330102648049,0.04359126953142027,0.7831434607505798
44,0.5836780428886411,0.5696185708045957,0.1100625906671796,0.9979557394981384,0.5819662553923468,0.5648491365568975,0.09927439327750884,0.9976566433906555,0.5808025871004374,0.564633888857705,0.09919755352394917,0.9978538155555725,0.5797127962112424,0.5643228002956933,0.09918363562652038,0.9983447194099426,0.585659279142107,0.5647278564316882,0.10293292552232737,0.9981144070625305,0.5869853326252525,0.5646064213344026,0.10284986027649466,0.9982768297195435,0.5883774008069717,0.5643912383488243,0.10283448845148081,0.9985468983650208,0.578833210468292,0.567999332291739,0.050283723963158444,0.9988979697227478,0.590092575550079,0.5684682590620855,0.06529684119990892,0.996309220790863,0.5819279568535938,0.5755556004387989,0.09531592364822111,0.996745228767395,0.5857285686901634,0.5760126692908148,0.0995150772588593,0.9955443739891052,0.5671981539045059,0.605372745650155,0.0019035447122795236,0.9999725222587585,0.6072419643402096,0.6184509158134458,0.05046403823154311,0.9998851418495178,0.5606681278773713,0.6646144066538127,0.028265926481357628,0.7406028509140015,0.6134358951023644,0.6732764942305426,0.05112249670284132,0.4424046576023102,0.5674023474965775,0.6861864549773076,0.09076322508709767,0.3800225257873535,0.6001970291137693,0.689854994841984,0.07454425320029255,0.2463897317647934,0.568350175448826,0.694753791604723,0.10069729792220247,0.367499977350235,0.597003637041364,0.6996050613267077,0.08257044766630442,0.2593432664871216,0.5710496323449268,0.6911097833088462,0.09805545998471119,0.36432626843452454,0.5941098128046305,0.6938301171575271,0.0799217221992356,0.25825071334838867,0.5711720347404476,0.6874249747821259,0.09198619872331615,0.33788666129112244,0.5948364206722802,0.6905940549714221,0.07415106094309258,0.2404310256242752,0.5753514153616766,0.7142906853130883,-0.020565439494592795,0.9999786019325256,0.5982711485454011,0.7139697790145871,0.020395270362496366,0.9999639391899109,0.5468273707798545,0.7505032931055338,-0.011572701590401777,0.945989191532135,0.6054735626493178,0.7498900106975007,0.09088933254991255,0.7361729145050049,0.5493950264794483,0.8254457609994067,-0.0560194590262004,0.9729119539260864,0.623239137445177,0.814556687218802,0.0691398535455976,0.8995445966720581,0.5560922367232184,0.8339068038122991,-0.061037659538643665,0.9814582467079163,0.6271095122609818,0.8263037375041413,0.06656785468970024,0.9667055606842041,0.534356994288308,0.8517286385808668,-0.07598599536078313,0.9354006052017212,0.6146607722554885,0.8281720195497781,0.06343735818352016,0.7899063229560852
45,0.5768094045775274,0.5686877097402296,0.10997553084577827,0.9980631470680237,0.5752507482256206,0.5640575425965443,0.09869895875453945,0.9978036284446716,0.5742829612323214,0.5638459001268656,0.09862584173679347,0.9979985356330872,0.5733237556048799,0.5635255966867716,0.0986167946032115,0.998451292514801,0.5786362596920556,0.5639681356293812,0.10227610788175034,0.9982383251190186,0.580053080831255,0.563853071417127,0.10219344007117402,0.9983983635902405,0.5815059304237363,0.5636520368712286,0.10218070277145927,0.9986440539360046,0.5724006669861927,0.5673575009618483,0.0486900923507554,0.9989774823188782,0.5832144226346695,0.5677607740674697,0.0649014914674418,0.9965925216674805,0.5754306384495324,0.5746930054255892,0.0949553889887673,0.9968978762626648,0.5790217995643613,0.5749563762119836,0.09906576062951764,0.9957549571990967,0.561850833892822,0.607563723836626,0.004312833544931239,0.9999716281890869,0.6020314642361229,0.6179046102932518,0.05090542595301353,0.9998727440834045,0.5552700860159735,0.6682865381240842,0.03026989049145152,0.7335820198059082,0.6087992753301346,0.6744236571448187,0.061238328686782265,0.42409494519233704,0.5628915786743162,0.6892734868185857,0.0978396613683019,0.343937486410141,0.595327714511326,0.6896256634167259,0.09318165225642064,0.2222345620393753,0.5631585683141433,0.6981191413743152,0.10820647094930916,0.33270981907844543,0.5922773786953515,0.6995267220905845,0.10160326744828901,0.23392876982688904,0.5658962317875451,0.6944447415215625,0.10580510986702778,0.32976633310317993,0.5892516766275675,0.6945790256772719,0.10011622437408987,0.23287981748580933,0.5664011580603461,0.6902261478560309,0.0993436462112835,0.30578336119651794,0.5898951002529687,0.6908642649650569,0.09323386039052686,0.2168598771095276,0.5721474834850854,0.7143912264278953,-0.01917084205363477,0.9999764561653137,0.595022346292223,0.7141576664788378,0.01901145971247127,0.9999603033065796,0.5415737032890318,0.7497115169252665,0.0020845940070492886,0.950573742389679,0.6038172755922587,0.747553808348519,0.09148767611810135,0.7400426268577576,0.5350487095969061,0.8265684996332437,-0.032319845924420006,0.9752840399742126,0.6214134982654024,0.81400134563446,0.07582388903413496,0.9064376950263977,0.5397921715463909,0.837414581435067,-0.03605568039097954,0.9829636216163635,0.6242701888084409,0.8256964155605858,0.07395660323756077,0.9686282277107239,0.517286762169429,0.8482202751295903,-0.05025909580290315,0.9388590455055237,0.6167701380593433,0.8279449326651432,0.0708741361541407,0.7935076355934143
46,0.571134521280016,0.5724235313279286,0.11249116957187646,0.9982139468193054,0.5697450552667888,0.5674788883754183,0.100286633840629,0.9979944229125977,0.5687840870448518,0.5672392215047561,0.10021632675613672,0.9981747269630432,0.5678151999201091,0.5668862479073657,0.10021108793360842,0.9985870718955994,0.5728671261242455,0.5674312881061006,0.1039245703390666,0.9983946681022644,0.5742279171943662,0.5672720704759868,0.1038455473525183,0.9985424876213074,0.5756116015570502,0.5670336331639969,0.1038330176046916,0.9987643957138062,0.5668873735836572,0.5704810023307798,0.04951307880026951,0.9990704655647278,0.5776688149997163,0.5708845428058077,0.0669980199209281,0.996903657913208,0.5699016571044919,0.5783534543854847,0.0968763044902256,0.9971568584442139,0.573250729697091,0.5786292263439721,0.10110525765589301,0.9961089491844177,0.5566557645797727,0.6139018944331575,0.007508317194879052,0.9999721050262451,0.5969500814165385,0.6193924461092264,0.054674071605716405,0.999869167804718,0.5505501951490127,0.6749284471784316,0.04171588234603403,0.7236179709434509,0.6042988743100844,0.6778712783540995,0.07564669283373013,0.39949649572372437,0.5603029676846093,0.6916089466639924,0.12341369326625545,0.3108270764350891,0.5900794029235837,0.692025394099099,0.11871520813022336,0.2003568708896637,0.5614048157419474,0.7012598667825969,0.13529214944158274,0.3007756173610687,0.5868193166596546,0.7014295560973027,0.12877167335578366,0.21097400784492493,0.5636568222727092,0.6949840596743988,0.13228480645588458,0.2980804741382599,0.5841622386659893,0.6970166836466105,0.12816956085818149,0.20998553931713104,0.5639583076749526,0.6913389989307945,0.12495410676513394,0.2764414846897125,0.5847912277494156,0.6930418440273827,0.11917955087763918,0.19559666514396667,0.5689105902399333,0.7175943885530741,-0.019558941226984764,0.9999758005142212,0.5916584270341052,0.7182641472135267,0.01940000035933085,0.9999594688415527,0.5369691116469244,0.7542215551648818,-0.0009308368499789915,0.9552055597305298,0.6028812732015334,0.7503839475767949,0.10286989212036128,0.7518035769462585,0.5210978729384284,0.8300557664462495,-0.03192230186292102,0.9776003360748291,0.620657966818128,0.8175260509763441,0.102903872515474,0.9139017462730408,0.5238294073513573,0.8441195096288404,-0.03505657528127941,0.9844952821731567,0.6230520214353286,0.829359696592603,0.10277262042675694,0.970754861831665,0.5032036517347606,0.8499859605516702,-0.048094579896756556,0.9437593817710876,0.6188980766705101,0.8296242969376697,0.10315707751682823,0.8041042685508728
47,0.5665748511041911,0.5803261484418594,0.11319748141935888,0.9983873963356018,0.5652032290186199,0.5749840923718041,0.1004474031073706,0.998190701007843,0.5641598054340905,0.574759449277605,0.100380294237818,0.9983540773391724,0.5631216662270679,0.5744299939700532,0.10037522677864343,0.9987257122993469,0.5683744464601787,0.5748755795615057,0.10388638079166407,0.9985526204109192,0.5697002853666031,0.574642205238342,0.10381393879652019,0.9986862540245056,0.571086878435952,0.5743562681334358,0.10379881709814068,0.9988859295845032,0.5620255878993441,0.5776518293789452,0.04924988235746109,0.9991618990898132,0.5732857601983203,0.5778062190328324,0.06623845515506604,0.9972090721130371,0.5653308033943174,0.5861861041613985,0.09726447590759818,0.997432291507721,0.5687220965112956,0.5864819066865101,0.10128131381102966,0.9964866638183594,0.5514691744531901,0.6229138902255464,0.009223894828132215,0.9999738335609436,0.5921676261084418,0.6248868227005002,0.054423528483935744,0.9998774528503418,0.5466540506907869,0.6837757536343163,0.046222972497344,0.7273211479187012,0.5996811236654006,0.6845225044659202,0.07968678038035115,0.40038377046585083,0.5583876524652751,0.6949901376451761,0.12904668535505015,0.2814371883869171,0.5847104872976028,0.6967088750430512,0.12572232059070038,0.18083684146404266,0.5606269104140142,0.7038813063076561,0.14049577287265227,0.2724589705467224,0.5807455914361134,0.7043483274323596,0.13570571307625084,0.19043900072574615,0.5626528450420922,0.6962552172797063,0.13765817987067352,0.26993176341056824,0.5787696804319107,0.7004916020802086,0.1344859316945075,0.1894773691892624,0.5622333765029905,0.6934622849736891,0.13057612138135088,0.2504572868347168,0.5795369761330738,0.6967062473297116,0.1258585061345781,0.17659299075603485,0.5640386053494042,0.7250780803816655,-0.018672977920089442,0.9999747276306152,0.5877590605190819,0.7261660609926492,0.018527805778597077,0.9999579191207886,0.5323002661977494,0.7637598531586779,-0.0005204855331352783,0.9593666791915894,0.6026069607053481,0.7588021687098908,0.10755548072712758,0.7505637407302856,0.5108039481299261,0.8373356308255873,-0.025826079212129108,0.9795661568641663,0.6212747011865885,0.8251551525933398,0.11743548086711333,0.917088508605957,0.5114931396075655,0.8539458990097042,-0.02836034662489379,0.9857322573661804,0.623403796127864,0.8371796693120679,0.11849542920078544,0.9717859029769897,0.49585036379950365,0.8533419438770835,-0.0406036753207445,0.9474597573280334,0.6197153755596703,0.833898316110883,0.11998779475688928,0.8015249967575073
48,0.5614617875644137,0.5896761042731147,0.10853674241474692,0.9985136389732361,0.560215514046805,0.5840918047087531,0.09547779070479524,0.9983413815498352,0.5591609035219463,0.5839101348604472,0.0954082099454743,0.9984948039054871,0.5581072160175866,0.5836523515837531,0.09540178690637857,0.9988353848457336,0.5634032470839362,0.5837000557354516,0.09876563357455384,0.9986785650253296,0.5647215706961493,0.5833265253475731,0.09869995691946569,0.9988024234771729,0.5661021675382338,0.5829410229410441,0.09868277588060918,0.9989844560623169,0.5570303950990947,0.5864845803805757,0.04349675433976308,0.9992362260818481,0.5685373953410555,0.5858881320272171,0.0592489526740142,0.997464120388031,0.5601019161088123,0.5955017055783951,0.09264343402215408,0.9976518154144287,0.5635740195001873,0.5956614494323728,0.0964629845959799,0.9967893362045288,0.5471977778843469,0.6306252087865554,0.00744001088397843,0.9999741315841675,0.587322446278163,0.6323715192931036,0.04733065398676053,0.999878466129303,0.5423755611692154,0.6905150447572976,0.039385561857904684,0.7307909727096558,0.59528112411499,0.6912547537258691,0.07001930432660236,0.38723263144493103,0.5557355829647607,0.6993887458528788,0.1134436360427311,0.25517013669013977,0.5802311812128336,0.70328368800027,0.11811242933784208,0.16310445964336395,0.5591726422309873,0.7064945714814319,0.12356798606259477,0.24717804789543152,0.5757031815392628,0.7103634033884317,0.1269363871642521,0.17177386581897736,0.560775416237967,0.7001352752958022,0.12046524137258524,0.24479368329048157,0.5744912981986996,0.7063706432070047,0.12592811201299933,0.17085781693458557,0.5601162314414976,0.6972365123885015,0.11460331039769303,0.2272789627313614,0.5753905773162838,0.7028340339660641,0.11832978299685881,0.15930067002773285,0.5576276932443889,0.7324775372232706,-0.01557522285729646,0.9999748468399048,0.5831290330205642,0.7340196047510416,0.015455654928726803,0.9999585747718811,0.5264549749238148,0.7713390605790271,0.02028355055621691,0.9628134965896606,0.6022256663867402,0.7678135378020148,0.10943268196923388,0.7645109295845032,0.5060432468141827,0.8436770302908757,0.018472287617623796,0.9812348484992981,0.622598576545715,0.8318738392421173,0.13483829732452113,0.9226566553115845,0.5064479282924105,0.8595242619514462,0.0182978212035128,0.9867075681686401,0.6244955165045599,0.8440350277083256,0.1372629963925906,0.9732898473739624,0.49421325155666873,0.8543374419212337,0.011061726310955623,0.9489666819572449,0.6197283846991399,0.836656308174133,0.14264276134116302,0.804521918296814
49,0.556293942247118,0.5949678284781317,0.11888263864176608,0.9986304044723511,0.5550383431570868,0.5895155123301912,0.10736232825687947,0.9984816312789917,0.5540441700390404,0.5893488219806123,0.10729715100356506,0.9986243844032288,0.5530158008847915,0.5891197851725984,0.10728905754429947,0.9989356994628906,0.5581810644694735,0.5891341175351821,0.11014911809137884,0.9987941980361938,0.559544389588492,0.5887608647346494,0.11007795908621375,0.9989080429077148,0.5609514083181106,0.5883726937430243,0.1100655779242515,0.9990746378898621,0.5518700242042539,0.5920882718903675,0.05617037841251916,0.9993033409118652,0.5633255686078751,0.5914971998759675,0.06878264737980704,0.9976971745491028,0.5548001033919197,0.6006422025816778,0.103404694369861,0.9978445172309875,0.5583359650203157,0.6007049867085046,0.10645759446280338,0.9970578551292419,0.5416092276573179,0.634710393633161,0.020149300965879635,0.9999735951423645,0.5818369218281334,0.6374575785228181,0.05041441470384595,0.999880313873291,0.5363952432359966,0.6938774773052758,0.05202534496784207,0.7120389938354492,0.5906118954930983,0.6959632192339213,0.07214186808892656,0.3768216669559479,0.5512020792279921,0.7023029565811154,0.12860718390771314,0.23084169626235962,0.5756529756954736,0.7058457578931532,0.12594739943742744,0.14727827906608582,0.5550863010542731,0.7068982073238914,0.1406310822282518,0.22382675111293793,0.5710067272186277,0.7123100519180294,0.13412148399012425,0.15509098768234253,0.5567459549222671,0.7034191778727936,0.1368492641619273,0.22161008417606354,0.5697251064436774,0.7089286123003276,0.1357082443577902,0.15419577062129974,0.5559706994465416,0.7003555927957803,0.1295892506837844,0.20589013397693634,0.5709720253944395,0.7055015717233928,0.12706174956900726,0.14384020864963531,0.5514805930001392,0.736186565671648,-0.012434728789542396,0.9999747276306152,0.5776714376040866,0.7373733077730448,0.012321687995323106,0.9999592304229736,0.5185755235808234,0.7721495441028047,0.032691015915146886,0.9655665159225464,0.6010640927723473,0.7726393018450053,0.09625563898256842,0.7778285145759583,0.506215977668762,0.8453376156943181,0.03965829717261449,0.9825798273086548,0.6234594396182467,0.834115830489567,0.11931997228946,0.9277089834213257,0.5077892167227607,0.8602985858917231,0.0404745382655944,0.9873088002204895,0.6255081687654764,0.8458361830030166,0.12432416688118657,0.9744713306427002,0.49410529647554646,0.8548155648367741,0.03588979844270007,0.9492959976196289,0.6195184622492107,0.8367982881409778,0.12666595248239376,0.8072156310081482
50,0.5510541217667713,0.595602944919041,0.1412007674574851,0.9987658262252808,0.5496173177446635,0.5903444085802347,0.13089555927685323,0.9986324906349182,0.5486474428858072,0.5901784811701091,0.13084174181733807,0.9987611174583435,0.5476612618991304,0.5899524297033034,0.13083441300051546,0.9990413784980774,0.5528522304126191,0.5899492536272318,0.13317191728523792,0.9989142417907715,0.5542213320732114,0.5895843097141809,0.13308820639337807,0.9990167617797852,0.5556304318564276,0.5891799211502072,0.13308166222912918,0.9991667866706848,0.54650228364127,0.5931469099862232,0.08007346561976839,0.999372661113739,0.5576470306941439,0.5925598859786985,0.09011446333357262,0.9979268312454224,0.5495687212262832,0.6012495551790507,0.1253208622336387,0.9980572462081909,0.5531311018126348,0.6012863959584914,0.1276440739631652,0.9973489046096802,0.5349024006298607,0.6345430765833171,0.04078157219503606,0.9999752640724182,0.5758009876523696,0.638351259912763,0.0634741887450218,0.9998903274536133,0.5292677555765422,0.6916359611919944,0.08069118623222621,0.6879273653030396,0.584786658627646,0.6961953878402707,0.08198494442871634,0.39109674096107483,0.5459090249879017,0.7008783153125214,0.17329884214060642,0.20864173769950867,0.5702656098774499,0.7061482821192058,0.13892748036554875,0.13345538079738617,0.5505422609192981,0.7055660145623339,0.1895431603704179,0.20252244174480438,0.5657785313470021,0.7124777317047115,0.1509093672037124,0.14039254188537598,0.5519167883055549,0.7023600203650335,0.18420507162809363,0.20049700140953064,0.5642971004758559,0.7092221038682116,0.14807407387665333,0.13949574530124664,0.5509349158832002,0.6995205725942336,0.17405977078846513,0.18649615347385406,0.5657182369913372,0.7062090907778056,0.13912817048174989,0.13023319840431213,0.5446268660681586,0.7355575919151304,-0.011057937331497665,0.9999755024909973,0.5708636811801363,0.7364007779530113,0.010926838831177774,0.9999615550041199,0.5103140388216288,0.7690051163945875,0.030984115387712192,0.9684749245643616,0.5975222127778187,0.7746602416038509,0.08474567298378259,0.7954270243644714,0.5059740611485071,0.8437882729939048,0.023374128927077558,0.9838554263114929,0.6233237436839509,0.8333450777190068,0.0967922693916729,0.9324623346328735,0.5094508647918699,0.8581372925213402,0.023027129018945346,0.9881701469421387,0.6261620215007234,0.8445772733007155,0.10178592034748618,0.976211667060852,0.4933983990124291,0.8550394279616215,0.017398763035557093,0.9514060020446777,0.6192626220839361,0.8352232881954733,0.10246355320726118,0.8150836229324341
51,0.5458320243018011,0.5934753877776007,0.1628656014800071,0.9988872408866882,0.5441806708063396,0.5885248030935013,0.1533553698233195,0.9987680315971375,0.5431933437074932,0.5883720057351246,0.15330943550382337,0.998883843421936,0.5422044788088115,0.588157841137477,0.15329911325659062,0.999136209487915,0.5474968211991444,0.5881463919367106,0.15494917184114448,0.9990221261978149,0.548827677113669,0.5878277642386298,0.15485294716698778,0.9991145133972168,0.5502101778984068,0.5874607682228086,0.15485151644263942,0.9992496371269226,0.5410199386732917,0.5918823838233945,0.10210140762584546,0.999434769153595,0.5517203109604969,0.5912707635334558,0.10910550504922861,0.9981333017349243,0.544531840937478,0.5990708759852815,0.1462623442922319,0.9982477426528931,0.5480586358479089,0.5991753067289077,0.14770258154187876,0.9976101517677307,0.5271568451608928,0.6322827509471345,0.058574155691478905,0.9999770522117615,0.5689330645969933,0.6370136499404904,0.0745903059840202,0.999900221824646,0.521694139071873,0.6886495641299653,0.09850678710000851,0.6642165184020996,0.5778524347714012,0.6956339018685473,0.0884226780916963,0.40190479159355164,0.5385385240827285,0.6958146759441918,0.195658477289336,0.18837973475456238,0.5642467754227771,0.705203248773302,0.14072633896555214,0.12111884355545044,0.5430856227874753,0.7032241685049871,0.21333410441875447,0.18300765752792358,0.560136715003422,0.7115369166646681,0.15460357857601975,0.12717831134796143,0.5443829945155549,0.6966508643967761,0.208296638727188,0.18115106225013733,0.5579776815005708,0.7083798698016572,0.15031939191477633,0.1262737214565277,0.5431869523865833,0.6944784419877185,0.1965990966984203,0.1686810553073883,0.5595018012183051,0.7057598573820929,0.14075804182461324,0.11797509342432022,0.5360523087637763,0.7338586773191177,-0.010215783172420088,0.9999772906303406,0.5626018439020426,0.7342942663601464,0.010062746317791083,0.9999648332595825,0.5032641163894106,0.7675196375165663,0.028045877654637594,0.9707157611846924,0.5912378890173773,0.7756098593984326,0.07812531558530666,0.8121131062507629,0.5047824501991269,0.8433118581771847,0.007642146306378497,0.9847908020019531,0.6205628888947621,0.8308183397565565,0.07713712455837851,0.9369910359382629,0.5089808412960595,0.8576764447348455,0.005314715499324456,0.9888187050819397,0.6242241144180295,0.841527654443468,0.07987928123080301,0.9779562950134277,0.4935361266136167,0.8550468189375737,-0.0017940807688449105,0.9514696002006531,0.6194698640278404,0.8347637976918898,0.07860676765974076,0.8225004076957703
52,0.5401526570320127,0.5907511694090705,0.16217079673494605,0.9989960193634033,0.5384793281555174,0.5857160500117709,0.1526890635490417,0.9988898038864136,0.5374281832150049,0.5855234639985218,0.1526376728500638,0.9989941120147705,0.5363962275641303,0.5852766173226489,0.15262161578450878,0.9992214441299438,0.5417417390005926,0.5854904617582046,0.15382274346692215,0.999118983745575,0.5429601873670302,0.5852172170366557,0.15372092340673713,0.9992022514343262,0.5442480359758647,0.5848786490304126,0.15372374611241468,0.9993239641189575,0.5351239732333589,0.5886521220207211,0.10231683041368207,0.9994907379150391,0.5456202592168533,0.5883262906755717,0.10762854878391534,0.9983187317848206,0.5388156601360863,0.5963649511337278,0.14575104032243996,0.9984193444252014,0.5422631348882401,0.5968122482299802,0.14659619459084094,0.9978447556495667,0.519863210405622,0.6277603507041928,0.056691205607993234,0.9999788999557495,0.5614712340491156,0.6342161161558966,0.07183407587664464,0.9999093413352966,0.5143048192773545,0.6837197729519432,0.08651942365935866,0.6487925052642822,0.571115754331861,0.692415985039302,0.07454193793237206,0.4222848415374756,0.5284216182572499,0.6848585554531639,0.16592688326324728,0.17060880362987518,0.5568193248340059,0.7038599235670904,0.11347442455589765,0.11082125455141068,0.532462748459407,0.6934562904494146,0.18097135509763437,0.16598756611347198,0.5531549930572508,0.710303928170885,0.12532073690422937,0.11597622185945511,0.5344886813844951,0.6847075802939275,0.1782088013631956,0.16429327428340912,0.5508730428559436,0.7067966120583666,0.12192400768399234,0.11501595377922058,0.5336652874946591,0.6835272857121055,0.1671782148735863,0.15322765707969666,0.5521914618355885,0.7040283424513677,0.11343637438757073,0.10755756497383118,0.527505792890276,0.7310170258794508,-0.009286276633585134,0.9999788403511047,0.5542706676891869,0.7314948984554833,0.009112957119941707,0.9999677538871765,0.49798278723444234,0.7649119019508357,0.02503379652542726,0.9721470475196838,0.5811354688235689,0.7721604704856869,0.06870249829121995,0.8238141536712646,0.5029291025229861,0.84049185855048,-0.012039554092500886,0.9852429628372192,0.611649133477892,0.8242103798048833,0.04073319480355294,0.9401124715805054,0.5080507465771263,0.8528517689023695,-0.016439037510593016,0.9894681572914124,0.6145724262510024,0.8348308512142723,0.03790717311203477,0.9795417189598083,0.49410200885363964,0.8553555607795711,-0.022719502083158913,0.9506743550300598,0.6178553410938805,0.8343466707638327,0.03641657132123195,0.825225830078125
53,0.5344934838158741,0.586956087180546,0.15416450926235736,0.9990944862365723,0.5326866609709602,0.5816340003694804,0.1446936322110039,0.9989997148513794,0.5314759816442214,0.5813776016235348,0.1446378188473837,0.9990936517715454,0.5303221344947813,0.5810778175081522,0.14461858442851466,0.9992983937263489,0.5359554903847827,0.5817989008767261,0.14525194508688782,0.9992063045501709,0.5370940702302113,0.5816761221204483,0.14515238446848727,0.9992813467979431,0.5382763879639759,0.581449348585946,0.14515658276421678,0.9993909001350403,0.5286458696637832,0.5838543619428359,0.09594744954790384,0.9995412230491638,0.5397549629211423,0.5843937158584592,0.09836194962263103,0.9984854459762573,0.5328888961247034,0.5925354565892897,0.13837449252605433,0.9985746145248413,0.5363266604287281,0.593345613139016,0.13859808061804085,0.9980563521385193,0.5122775520597183,0.6224418435777934,0.05163476818374223,0.9999807476997375,0.5542476040976385,0.6302641987800596,0.058732986450195285,0.9999178051948547,0.5064068096024648,0.6783157808440069,0.0700070466314043,0.6600635051727295,0.5653447100094383,0.6871264100074764,0.04538966140576769,0.44997310638427734,0.5189370325633456,0.6716104831014358,0.12298160897833954,0.15923099219799042,0.5495573350361412,0.6981175439698353,0.06812746226787564,0.10433707386255264,0.5217610580580573,0.6783716712679179,0.1340084493160247,0.15526877343654633,0.5458632997104097,0.7035400254385809,0.07299390690667285,0.10821846127510071,0.5252430830683025,0.6691865018435883,0.13259551737989692,0.15377455949783325,0.5436460477965216,0.6994300348418097,0.07503424563578193,0.10702155530452728,0.5250804764883856,0.6691234367234362,0.1239375363503183,0.1439792960882187,0.5448186618941169,0.6965240069798058,0.06885296212775363,0.10005085915327072,0.5199748328753878,0.7279616560254775,-0.0058343425526150615,0.9999806880950928,0.5467504262924192,0.7281520792416161,0.005649339048457994,0.9999707341194153,0.49294830730983163,0.760765993595123,0.02995544986001081,0.9739818572998047,0.5690826501165115,0.7609432526997154,0.06333457508257453,0.8395112156867981,0.499835395812988,0.835353999478476,-0.018290068102734425,0.9862985014915466,0.595888681071145,0.8174648455211091,0.02160954256542026,0.9455100893974304,0.505471576111657,0.8441401720046994,-0.023703628618802333,0.9903964400291443,0.5970524753843032,0.8286963377680093,0.017577823663928672,0.9814397096633911,0.4937628039291925,0.8564664772578644,-0.028690474227602982,0.9534473419189453,0.6062980311257495,0.8331403119223455,0.014155246264168189,0.8390647768974304
54,0.528157956259591,0.5821180020059855,0.15387742434229162,0.9991803169250488,0.5263855338096617,0.5768206749643595,0.14436991172177444,0.9990960359573364,0.5250662701470509,0.5765612363815305,0.14431321322917934,0.9991807341575623,0.5238590564046585,0.5762303369385853,0.14429536738565985,0.9993656873703003,0.5297124981880186,0.5772419742175507,0.1437984673040253,0.9992832541465759,0.5308579547064642,0.5772740074566429,0.14370028376579277,0.9993510246276855,0.5320185456957134,0.5771887847355431,0.14370389176266526,0.9994499087333679,0.5221664411681036,0.5784148318426947,0.09598957119243481,0.9995855093002319,0.5334925906998769,0.579885797841208,0.09296446272305076,0.9986324906349182,0.5262739692415508,0.5876675622803822,0.13835352659225458,0.9987097978591919,0.52978971685682,0.588734880515507,0.137144629231521,0.9982407689094543,0.5050240772111073,0.6177867395537238,0.05600100521530421,0.9999822378158569,0.5479363833154948,0.626439423220498,0.04818770040624906,0.999924898147583,0.4988248305661335,0.6740645323480876,0.07055244605456076,0.6601096987724304,0.5593952059745786,0.6816458310399733,0.028579583877165388,0.4783245921134949,0.5124015739985872,0.6651251656668524,0.11328098454645696,0.14801795780658722,0.543514491830553,0.6929478032248357,0.047511427051254655,0.09877017885446548,0.5155109916414531,0.6673477138791762,0.12355275537286481,0.1451273113489151,0.5395130685397553,0.6973473225321085,0.05044659764638967,0.10120189934968948,0.5189126321247644,0.6616866179874962,0.12126554740326739,0.14380034804344177,0.5374135051454814,0.6926962818418227,0.05085975368108066,0.09978946298360825,0.5185613155364988,0.6620022296905514,0.11352978519030973,0.13486170768737793,0.5385372911180766,0.6898783751896446,0.04721443387014523,0.0930914655327797,0.512317884819848,0.7251847522599353,0.0009487112751230592,0.9999822378158569,0.5393476928983414,0.724854845660073,-0.001128591144723551,0.9999732971191406,0.4883793771266935,0.7554088200841628,0.04832770797823154,0.9756852984428406,0.5577340773173738,0.7449324727058407,0.05630904968295776,0.8524569869041443,0.49316994292395433,0.8297662905284332,-0.007385472314698357,0.9873873591423035,0.5758568627493719,0.8145051802907668,0.005589984064655638,0.9499771595001221,0.49884082760129633,0.8366263610976079,-0.012992683591853293,0.9912477731704712,0.5752626895904538,0.8259424890790663,0.0003335076251200211,0.9829427003860474,0.4888077420847754,0.8572416288512089,-0.01850861650891602,0.9562492370605469,0.5836074096815924,0.8316242473466052,-0.005057553574442867,0.849483072757721
55,0.5206914561135425,0.5790623988424026,0.14453920636858253,0.9992609024047852,0.5190380011286051,0.5739641274724685,0.13463842996529163,0.9991852641105652,0.5177952510969976,0.5737598708697725,0.13457831527505598,0.9992616176605225,0.5166240036487577,0.5734409366335185,0.13456858992576592,0.9994282126426697,0.5224245837756563,0.5743253537586754,0.13254030389445162,0.9993542432785034,0.5236280475343974,0.5743976695196966,0.13244293246950414,0.9994153380393982,0.5248616848673138,0.5743863071714126,0.13243600555828633,0.9995043873786926,0.5150299532072882,0.5755896415029251,0.08634283883231023,0.9996265172958374,0.5263579113142829,0.5774255973952154,0.07625150840197287,0.9987683296203613,0.5189206498009815,0.5845398170607428,0.12944022204194744,0.9988360404968262,0.5223853468894957,0.5854651246752055,0.12617604881525035,0.9984133243560791,0.4979302023138316,0.6162207143647327,0.0580410792891468,0.9999837279319763,0.5416376778057641,0.6247774260384693,0.028628756837653247,0.9999317526817322,0.4911017630781444,0.6731102943420407,0.07836864122322623,0.6429334878921509,0.5526114821434018,0.6798963989530288,0.01686599909194877,0.49676713347435,0.5070882328919,0.6672125577926633,0.12995634611163814,0.13571929931640625,0.5386325444493972,0.69083194562367,0.04900084010192324,0.09167531132698059,0.5112338270459854,0.6683593869209287,0.14193077470575055,0.1336020678281784,0.5348758765629358,0.6951878053801397,0.05207982244236126,0.09324870258569717,0.5133039781025476,0.6642747691699433,0.13711732285363326,0.13237111270427704,0.5320208736828393,0.6902851666722976,0.05304408179862156,0.0917816236615181,0.5122560986450737,0.6642042245183669,0.12943515160254065,0.12451063841581345,0.5331181849752151,0.687359705993107,0.04928298060383113,0.0857148990035057,0.5036040689264023,0.7242546507290428,0.008792256364332774,0.9999834299087524,0.5313918284007478,0.7233768292835777,-0.00894208414746182,0.9999754428863525,0.4841276611600601,0.7490584697042189,0.07906759673995628,0.9757931232452393,0.5480904698371885,0.7339623825890673,0.0605513479028429,0.8622260093688965,0.4832792035170962,0.8243118899209154,0.04039938087974275,0.9880338907241821,0.557660320826939,0.815066598142896,0.02530292460827954,0.9535316824913025,0.48781979509762335,0.8329399177006309,0.03628862827484096,0.9918504357337952,0.5559586218425203,0.8265571475028988,0.022209883414741064,0.9841407537460327,0.4776534191199709,0.8518010190555023,0.03135348106069223,0.9573968648910522,0.5617958205086842,0.8310637797628126,0.01753292301935808,0.8579934239387512
56,0.5126780356679641,0.5791321481977187,0.12046283504792617,0.9993262887001038,0.5110436388424462,0.574332409245627,0.10975534000567022,0.9992589950561523,0.5099234478814259,0.574140770094735,0.10968978958470475,0.9993287324905396,0.5088090045111517,0.5738353627068653,0.1096900424786976,0.9994790554046631,0.5144001569066727,0.5746301514761786,0.1069569587707519,0.9994145035743713,0.5156688468796864,0.5746693611145017,0.10686111854655397,0.9994705319404602,0.5169979436056953,0.5746267046247208,0.10683889836072917,0.999550998210907,0.5072493212563649,0.5761242491858344,0.061973733880690135,0.9996611475944519,0.518347358703613,0.577807864121028,0.04921006645475113,0.9988874793052673,0.5110988335950031,0.5845622437340869,0.10608437487057272,0.9989372491836548,0.5145318576267786,0.5854155966213768,0.10174823956830156,0.998556911945343,0.4907071224280764,0.6170056326048712,0.043168697772281495,0.9999841451644897,0.534115581853049,0.6247089999062672,0.008090109843760726,0.9999368786811829,0.48381931015423346,0.6739604915891372,0.08074321289147646,0.6274561285972595,0.5451497776167731,0.6800123265811372,0.009191801006506593,0.5116326808929443,0.500544657877513,0.6705823148999892,0.15219868144818707,0.12364795804023743,0.5330817035266329,0.6937834433146882,0.05749256733272754,0.08482882380485535,0.5055287684713089,0.6703114203044342,0.16746716371604367,0.12216775119304657,0.5299941539764402,0.6984451770782467,0.0621616936687912,0.08569442480802536,0.5064474718911305,0.6674279110772265,0.16123253596680498,0.12105859816074371,0.5269492387771604,0.6937994820731024,0.06350064501166341,0.0841696709394455,0.50515165073531,0.667949511323656,0.1518931180238723,0.11419626325368881,0.5278710586684088,0.6904670493943348,0.0585045017302036,0.0785728469491005,0.49585183603422955,0.7239679370607646,0.010903836949728424,0.9999839067459106,0.5231354866709026,0.7228952271597723,-0.011023517930880185,0.9999768137931824,0.4789791745798926,0.7432863780430381,0.09305971807667182,0.9759288430213928,0.5395232183592658,0.7332473703793113,0.06315023430756157,0.8716285824775696,0.47140543035098464,0.8191833155495776,0.072978100686201,0.9886893630027771,0.5479148132460455,0.8169017008372711,0.05098341916288646,0.957040548324585,0.4743091608796799,0.8303396599633349,0.07074295215175616,0.9922487139701843,0.546043687207358,0.8285733052662436,0.05060065495116368,0.9849054217338562,0.46291749477386457,0.8409180845533095,0.0671190041316939,0.9571573734283447,0.5519989558628624,0.8316769855363024,0.04914984431649955,0.8626766204833984
57,0.5039478191307611,0.5813501494271411,0.10117126894848683,0.999350368976593,0.5022409107003891,0.5767010535512649,0.0897936248353549,0.9992942214012146,0.5011779700006755,0.5765052522931777,0.08972501584461752,0.9993605613708496,0.50007204243115,0.5762218373162402,0.08972708412579124,0.9994996190071106,0.505561862673078,0.5769047089985436,0.0880146667361259,0.9994543194770813,0.506846647603171,0.5768516608646935,0.08792808439050398,0.9995092749595642,0.5081851252487726,0.5766976441655838,0.08789584828274585,0.9995843768119812,0.4984485643250599,0.5790588906833101,0.04193329140543936,0.9996775984764099,0.509477763516562,0.5799157926014489,0.0337614555444036,0.9989815950393677,0.5023998166833603,0.5867109928812297,0.0870502672025135,0.9989586472511292,0.505860877888543,0.5873206990105763,0.08404624440840308,0.9986313581466675,0.4826556682586668,0.6195190599986482,0.022676905723554734,0.9999808669090271,0.5256174956049235,0.6252806408064703,9.78945089237862e-06,0.9999390244483948,0.47637958952358767,0.6761987856456209,0.06813377354826243,0.5863287448883057,0.5369042209216524,0.6807419351169038,0.005187567350055487,0.5136755704879761,0.493539420195988,0.6757050258772711,0.1519028723239898,0.11150889098644257,0.5254141075270514,0.6976193870816909,0.05513874909707475,0.07768137753009796,0.4980097549302235,0.675141016074589,0.1679413241999489,0.11026754975318909,0.5227763686861309,0.7026636362075802,0.05992876195481842,0.07819733023643494,0.4990234732627866,0.6715893711362564,0.16056413607937942,0.10927005112171173,0.520029875210353,0.6987115076610018,0.06141943708062169,0.07670935243368149,0.49798401168414497,0.6726529070309227,0.15083479072366435,0.1031334400177002,0.5205797910690305,0.6953152588435578,0.05637264698743817,0.07157676666975021,0.4880056841032843,0.7239999941417146,0.007137031826589785,0.9999803900718689,0.5145806440285272,0.7237483978271482,-0.007247123508048905,0.9999747276306152,0.4717273116111753,0.7408267617225643,0.0891222374779837,0.970165491104126,0.5320976802280968,0.738367983273097,0.0705701010567801,0.8621957898139954,0.45915705476488367,0.8168041007859362,0.08124963779534608,0.9878928661346436,0.5463373082024708,0.8194738762719287,0.08144162047122203,0.9553810954093933,0.4609132468700407,0.8293728709220882,0.08027938811906743,0.9915733337402344,0.5454758524894712,0.8318626659257067,0.08325659127107685,0.9838714599609375,0.448877521072115,0.8322916473661146,0.07665348507996113,0.9463254809379578,0.5503449610301424,0.8321658219609938,0.08496600860463718,0.8400156497955322
58,0.49446156961577253,0.5844983441489081,0.10329034796782897,0.9992598295211792,0.4928855776786802,0.5798662645476202,0.09235763571092057,0.9992226958274841,0.49186148813792613,0.5796639272144859,0.09228788252387723,0.999302089214325,0.4907713191849843,0.5793748685291833,0.0922942050865718,0.9994463920593262,0.49608944995062665,0.5800704462187628,0.09089649064200261,0.999431312084198,0.49737780775342644,0.5799793311527794,0.09081624512161522,0.9994974136352539,0.49873309986931913,0.5797770857810971,0.09078061644520075,0.9995759129524231,0.48921800766672385,0.5828982012612477,0.044662372129304045,0.9996464848518372,0.5000122138432092,0.5832551717758176,0.038707718998193724,0.9989960789680481,0.49277055944715203,0.5897263101169039,0.08957141233342031,0.9987685680389404,0.49637605803353424,0.5901364258357453,0.08687595810208998,0.9984831213951111,0.4733252670083725,0.6225052527018953,0.02009691995169434,0.9999759197235107,0.5162442956651958,0.6268421087946208,0.006350988987833257,0.9999344944953918,0.4681212467806678,0.6787773217473708,0.06363237074443269,0.5501120090484619,0.5268426895141599,0.6835921168327328,0.012426004778327681,0.48989740014076233,0.4852005541324613,0.6814201916967116,0.15542638003826134,0.10052702575922012,0.5164105364254541,0.7002698131969993,0.05992490329912728,0.07023433595895767,0.48952419757842996,0.681231023584093,0.1695410387856619,0.0994727686047554,0.5141880512237547,0.7058245744024001,0.0649359298603875,0.07065822929143906,0.49070453643798806,0.6774034551211763,0.16492304078170222,0.09857524186372757,0.5114924124308993,0.7026252542223246,0.06640595602137699,0.0692872628569603,0.4895921741213115,0.6782318830490109,0.15450579098292752,0.09307297319173813,0.5119118358407699,0.6995787143707273,0.0610793481980051,0.06466850638389587,0.47887399366923716,0.7247500198228015,0.005573241106633626,0.999975860118866,0.5052374090467178,0.725237485340663,-0.005674907292372411,0.9999708533287048,0.4629765527588978,0.7419370446886332,0.08904796562024521,0.9621403813362122,0.5254604816436765,0.7442610604422429,0.06348699799605775,0.8505362272262573,0.4488140821456907,0.8182597432817729,0.08479093313217159,0.9869636297225952,0.5470815317971364,0.8210552147456573,0.07975873239338394,0.9521581530570984,0.44953413350241506,0.8312304939542494,0.08417569824627463,0.9909033179283142,0.5479608961514062,0.8340082236698692,0.08159212193318773,0.9825623631477356,0.4399894399302344,0.8295146277972627,0.079327780008316,0.9335536956787109,0.5497757877622329,0.8323262316840032,0.08203498135719978,0.8116515278816223
59,0.4847873347146168,0.5875375355992996,0.10906597865479328,0.9991816282272339,0.4833758371216908,0.582496973446437,0.09803640203816547,0.9991825819015503,0.48239376374653387,0.5822598678725104,0.09797024386269701,0.9992627501487732,0.48133431247302444,0.5819126929555618,0.09796596680368691,0.9994074702262878,0.48651080301829724,0.5828226515224999,0.09719056018761221,0.9994251728057861,0.48776324817112493,0.5827810542924061,0.09711371298347196,0.9995018839836121,0.48912043997219606,0.5826303311756676,0.09708654050316125,0.999580979347229,0.47969630530902296,0.5855163557188849,0.053764664381742454,0.9996314644813538,0.49042259114129183,0.586370115620749,0.04595668699060165,0.9990366101264954,0.4830321746213093,0.5926674417087007,0.09440938958099906,0.9986686706542969,0.4865915238857267,0.5930193032537185,0.09285421818494792,0.9984320402145386,0.46314781819071066,0.6243023446628022,0.030321972763964096,0.9999734163284302,0.5059837835175649,0.6289290445191517,0.01248211695679596,0.9999353289604187,0.4578632601669854,0.6799420901707237,0.06600774803331917,0.5146756172180176,0.5157930042062484,0.686718552453177,0.014502337258974351,0.47132936120033264,0.47380450453077017,0.6856644000325881,0.1501115475382123,0.09066540747880936,0.5068225690296715,0.7020612784794396,0.0614008797066552,0.06377416104078293,0.478191930907113,0.6875277246747695,0.162281048297882,0.08979238569736481,0.5050744388784678,0.7087364588465006,0.06554356377039634,0.06406981498003006,0.48002755216189774,0.6835883668490814,0.15935168223721635,0.0889861136674881,0.5023006268909996,0.7058889372008184,0.06652908782873831,0.06278179585933685,0.47869569488934083,0.6830934779984608,0.1496327808925083,0.08405686169862747,0.5027017022882188,0.7025525910513738,0.06246569454669949,0.058557864278554916,0.46770897422518026,0.7252967783382958,0.008343584915356972,0.9999768733978271,0.4943655439785546,0.726448823724474,-0.008424733007060625,0.9999725222587585,0.4554545155593325,0.7430233103888372,0.09895260419164381,0.9556981325149536,0.5166888875620703,0.7505059702055792,0.03526897100465637,0.85994553565979,0.442531565257481,0.8201387780053271,0.09604691054139813,0.9868678450584412,0.5445570162364413,0.8194919075284681,0.030110394848244515,0.9548455476760864,0.4427219441958834,0.8327385817255288,0.09560493528842921,0.9910711646080017,0.546224294389997,0.8325103725705825,0.030299118267638325,0.9832918047904968,0.43727710928235713,0.8289982114519387,0.09168950723750247,0.9273512363433838,0.5491152933665682,0.8322538835661748,0.02611360746834958,0.8119236826896667
60,0.47571575130735105,0.5888534171240668,0.11061898789235519,0.9990795850753784,0.4743810066155022,0.5836262089865546,0.10004571058920445,0.9991358518600464,0.47338516030992767,0.5833409956523344,0.09997760930231635,0.9992130398750305,0.47233176316533737,0.5829405648367743,0.09997665839535844,0.9993570446968079,0.4775191613606041,0.5840484533991129,0.09842878047909051,0.9994125366210938,0.4787864259311128,0.5840471574238367,0.09834970129387716,0.9995002150535583,0.48014562640871294,0.5839415822710309,0.09831767039639602,0.9995816349983215,0.4706284114292688,0.5864566019603181,0.05808372572064395,0.9996091723442078,0.4814777834074834,0.5878390397344313,0.045575395652226014,0.9990659356117249,0.4739150651863641,0.5939173902784073,0.09629080061401635,0.9985703825950623,0.4774191617965697,0.5943354589598514,0.09378533810377117,0.998396635055542,0.45330983059746843,0.6248108352933609,0.03901044891348905,0.9999722838401794,0.49561893429074955,0.6305241891316002,0.007742919972432524,0.9999389052391052,0.44786448819296676,0.6786025200571328,0.07617876593555718,0.48728424310684204,0.5053621334689002,0.6897064174924574,0.010970146225632282,0.46412935853004456,0.46361250621931843,0.6854229552405219,0.15327447227069307,0.08188904076814651,0.49681491000311684,0.6985121045793803,0.06354955349649699,0.05914236977696419,0.4678958926882058,0.6874327523367744,0.1664583504199981,0.08122806996107101,0.4957102017743244,0.7015480654580251,0.0671352293874536,0.05913828685879707,0.4697290309837884,0.6843100632940018,0.16231925913265766,0.08051134645938873,0.4928837094988137,0.6976134589740204,0.06897808802979329,0.05786172300577164,0.4684734991618563,0.6833870240620198,0.15278366165501725,0.07611765712499619,0.49271973201206726,0.6964910200663974,0.06511667817831036,0.053806647658348083,0.45751524823052503,0.7256031189646035,0.014148850499519278,0.9999783635139465,0.4828945730413705,0.7270236560276573,-0.014205570838281084,0.9999746680259705,0.45046841757638073,0.7444265059062408,0.11713174922125678,0.9526090025901794,0.5068359724112917,0.7545347860881255,0.020691725824560372,0.8725646138191223,0.43994727901050007,0.8212625452450341,0.12817000640290122,0.9867908358573914,0.5363433088575089,0.8183759791510439,0.012459562665649779,0.9584669470787048,0.43975529926163787,0.8336552994591848,0.12922998815774916,0.9912474751472473,0.5378572276660372,0.8317700726645331,0.012332229741981976,0.9844654202461243,0.4368409369673045,0.8276395337922227,0.1275625733392579,0.9221740365028381,0.5442263688359941,0.8309957197734285,0.006606268935969883,0.8216383457183838
61,0.4670052570956092,0.588849643298558,0.10983338760478153,0.9990095496177673,0.46569847890308924,0.5835268650736125,0.09991966677563528,0.9990999102592468,0.4646470086915152,0.5831708090645921,0.09984683586018422,0.9991719722747803,0.4635861439364296,0.5827048693384441,0.09985487993274414,0.999314546585083,0.4688965661185127,0.5840624502726963,0.09669475874730514,0.9994093179702759,0.47021327189036743,0.584117148603712,0.096608178956168,0.999507486820221,0.4715716796261922,0.5840760758944922,0.09656457241092403,0.9995917677879333,0.4618079406874521,0.585876716886248,0.060247002542018854,0.9996004700660706,0.47294447762625547,0.5880528518131798,0.04016816456403049,0.9991225004196167,0.4651906056063516,0.5938692518642971,0.09632928392716812,0.9985064268112183,0.4685867846012115,0.5944879446710852,0.09170297384262083,0.9984025955200195,0.44349331344876936,0.6240521141460964,0.049360815116337345,0.999969482421875,0.48488141127995077,0.6318804723875862,-0.004680631150092389,0.9999407529830933,0.4375649980136327,0.6750226667949129,0.0943496095282691,0.4471020996570587,0.4951542351927075,0.692610044138772,0.0026049763330125153,0.4429457485675812,0.4534887424537109,0.6813426051821028,0.16124581652028216,0.07378112524747849,0.48651407275881076,0.6909433892795014,0.06623287669249944,0.05378325656056404,0.45758342061723967,0.6823501740183152,0.17783268988132478,0.07324057072401047,0.48619737880570535,0.6870796884809222,0.06931428600634847,0.05371463671326637,0.4590595049517493,0.6807571956089562,0.17009467227118355,0.07259482890367508,0.4833413413592745,0.6809026973588121,0.07283163656081469,0.05250554159283638,0.4580772834164754,0.67990608045033,0.16062234129224506,0.06866274029016495,0.48226541621344404,0.683617378984179,0.06872411519289015,0.048772815614938736,0.44755727137838064,0.72566932950701,0.023052540807319544,0.9999800324440002,0.4705708554812838,0.7270275098936897,-0.02307944871884372,0.9999768137931824,0.4476579317024773,0.746129717145647,0.14270996366228375,0.9402060508728027,0.4956505017621178,0.757116307531084,0.010008929989167623,0.8827736973762512,0.4411743904863086,0.8220173341887335,0.17559289400066647,0.9849889278411865,0.5233925649097987,0.8168801818575178,0.005926166208727018,0.9610720276832581,0.4407487698963707,0.834149011543819,0.17901405394077305,0.9905897378921509,0.5238624351365224,0.8307039056505477,0.005982918185847147,0.9851488471031189,0.43971722040857586,0.8261495556150161,0.18104749215500698,0.9073557257652283,0.5364784904888698,0.8288278954369682,0.00021492716457169325,0.8250282406806946
