frame_id,NOSE_x,NOSE_y,NOSE_z,NOSE_v,LEFT_EYE_INNER_x,LEFT_EYE_INNER_y,LEFT_EYE_INNER_z,LEFT_EYE_INNER_v,LEFT_EYE_x,LEFT_EYE_y,LEFT_EYE_z,LEFT_EYE_v,LEFT_EYE_OUTER_x,LEFT_EYE_OUTER_y,LEFT_EYE_OUTER_z,LEFT_EYE_OUTER_v,RIGHT_EYE_INNER_x,RIGHT_EYE_INNER_y,RIGHT_EYE_INNER_z,RIGHT_EYE_INNER_v,RIGHT_EYE_x,RIGHT_EYE_y,RIGHT_EYE_z,RIGHT_EYE_v,RIGHT_EYE_OUTER_x,RIGHT_EYE_OUTER_y,RIGHT_EYE_OUTER_z,RIGHT_EYE_OUTER_v,LEFT_EAR_x,LEFT_EAR_y,LEFT_EAR_z,LEFT_EAR_v,RIGHT_EAR_x,RIGHT_EAR_y,RIGHT_EAR_z,RIGHT_EAR_v,MOUTH_LEFT_x,MOUTH_LEFT_y,MOUTH_LEFT_z,MOUTH_LEFT_v,MOUTH_RIGHT_x,MOUTH_RIGHT_y,MOUTH_RIGHT_z,MOUTH_RIGHT_v,LEFT_SHOULDER_x,LEFT_SHOULDER_y,LEFT_SHOULDER_z,LEFT_SHOULDER_v,RIGHT_SHOULDER_x,RIGHT_SHOULDER_y,RIGHT_SHOULDER_z,RIGHT_SHOULDER_v,LEFT_ELBOW_x,LEFT_ELBOW_y,LEFT_ELBOW_z,LEFT_ELBOW_v,RIGHT_ELBOW_x,RIGHT_ELBOW_y,RIGHT_ELBOW_z,RIGHT_ELBOW_v,LEFT_WRIST_x,LEFT_WRIST_y,LEFT_WRIST_z,LEFT_WRIST_v,RIGHT_WRIST_x,RIGHT_WRIST_y,RIGHT_WRIST_z,RIGHT_WRIST_v,LEFT_PINKY_x,LEFT_PINKY_y,LEFT_PINKY_z,LEFT_PINKY_v,RIGHT_PINKY_x,RIGHT_PINKY_y,RIGHT_PINKY_z,RIGHT_PINKY_v,LEFT_INDEX_x,LEFT_INDEX_y,LEFT_INDEX_z,LEFT_INDEX_v,RIGHT_INDEX_x,RIGHT_INDEX_y,RIGHT_INDEX_z,RIGHT_INDEX_v,LEFT_THUMB_x,LEFT_THUMB_y,LEFT_THUMB_z,LEFT_THUMB_v,RIGHT_THUMB_x,RIGHT_THUMB_y,RIGHT_THUMB_z,RIGHT_THUMB_v,LEFT_HIP_x,LEFT_HIP_y,LEFT_HIP_z,LEFT_HIP_v,RIGHT_HIP_x,RIGHT_HIP_y,RIGHT_HIP_z,RIGHT_HIP_v,LEFT_KNEE_x,LEFT_KNEE_y,LEFT_KNEE_z,LEFT_KNEE_v,RIGHT_KNEE_x,RIGHT_KNEE_y,RIGHT_KNEE_z,RIGHT_KNEE_v,LEFT_ANKLE_x,LEFT_ANKLE_y,LEFT_ANKLE_z,LEFT_ANKLE_v,RIGHT_ANKLE_x,RIGHT_ANKLE_y,RIGHT_ANKLE_z,RIGHT_ANKLE_v,LEFT_HEEL_x,LEFT_HEEL_y,LEFT_HEEL_z,LEFT_HEEL_v,RIGHT_HEEL_x,RIGHT_HEEL_y,RIGHT_HEEL_z,RIGHT_HEEL_v,LEFT_FOOT_INDEX_x,LEFT_FOOT_INDEX_y,LEFT_FOOT_INDEX_z,LEFT_FOOT_INDEX_v,RIGHT_FOOT_INDEX_x,RIGHT_FOOT_INDEX_y,RIGHT_FOOT_INDEX_z,RIGHT_FOOT_INDEX_v
0,0.6830850550106591,0.6149948188236779,0.15102050048964355,0.9999723434448242,0.6818363240786959,0.6096070817538667,0.15347185518060402,0.9999268054962158,0.6807106103215896,0.6089497651372635,0.15345473800386691,0.9998685121536255,0.6796153494289938,0.6082025919641764,0.1534617181335176,0.9999217987060547,0.6846942390714372,0.6102246199335368,0.14338747773851665,0.9999713897705078,0.6854670763015744,0.6101644737379888,0.1432818719318934,0.999968409538269,0.6861089382852822,0.6100963933127266,0.1433021826403482,0.9999840259552002,0.6780294741903031,0.6093343547412323,0.1468695044517516,0.9999232292175293,0.6857222778456551,0.6117945756231032,0.10106018377201895,0.9999688863754272,0.6808231166430878,0.6197281871523171,0.14988993023123057,0.999951958656311,0.6835655246462136,0.6198378171239576,0.13611018061637875,0.9999641180038452,0.66611282144274,0.6324393783296856,0.1507389788116727,0.9999988079071045,0.6836968779563898,0.6356040699141364,0.022118032297917766,1.0,0.655729476043156,0.6932471735136848,0.1586298768009458,0.08230634778738022,0.6735273582594734,0.6885706407683233,-0.030837365399513903,0.9982144832611084,0.6584847893033704,0.7420649204935346,0.15011382486139022,0.03680957108736038,0.6660813263484407,0.7399054867880682,-0.030107081841145245,0.9719296097755432,0.6586022973060606,0.7566845331873209,0.15550233295985627,0.062189359217882156,0.6647202696119037,0.755254026821681,-0.0427667733814035,0.9376926422119141,0.6605751838002885,0.759146245888301,0.1473811651979174,0.058980971574783325,0.6651867525918143,0.7553516762597219,-0.0343481499169554,0.9157508015632629,0.6598534601075308,0.7525891917092453,0.14661156024251656,0.054137494415044785,0.6651259371212549,0.7498541814940315,-0.02747721640127044,0.85237056016922,0.6353379981858386,0.6980518358094348,0.043051945737430014,0.9999997615814209,0.6429968391145978,0.7013205119541713,-0.04316196750317299,1.0,0.6384966833250861,0.7836932369640894,0.07563947141170499,0.8457854390144348,0.6400355253900798,0.7881034101758682,-0.040799855227981276,0.9999219179153442,0.6473536712782723,0.8640246510505675,0.0946955717035702,0.8769804239273071,0.631731878008161,0.8771246075630185,-0.04436582912291797,0.9993003606796265,0.6427313412938797,0.8767798866544445,0.09479135381323953,0.9638018012046814,0.623586971419198,0.8853193317140848,-0.04548218282205715,0.9988424181938171,0.6664858971323283,0.8783730013029915,0.07304471795048031,0.9028609991073608,0.644624611309596,0.9067874755178174,-0.07699013501405715,0.9960202574729919
1,0.6831512297902784,0.6150198425565442,0.15132940241268691,0.9999723434448242,0.6819209132875711,0.6096160326685219,0.15399548368794566,0.9999268054962158,0.6807966010911121,0.6089541571480882,0.15397760016577577,0.9998685121536255,0.6797015275273999,0.6082076055662968,0.15398453644343776,0.9999217987060547,0.6847555773598806,0.6102371198790412,0.14388400060789924,0.9999713897705078,0.6855107307434078,0.610175079958779,0.14377652960164194,0.999968409538269,0.6861392600195743,0.6101047941616601,0.1437958636454173,0.9999840259552002,0.6781438963753833,0.6092852864946632,0.14804167151451103,0.9999232292175293,0.6857273885181968,0.6117933528763903,0.10211471744946068,0.9999688863754272,0.6809022341455727,0.6197425109999516,0.15040691239493223,0.999951958656311,0.6836062295096255,0.6198583500725878,0.13659249246120447,0.9999641180038452,0.6661589179720193,0.6324367267744877,0.15210461744240342,0.9999988079071045,0.6837108612060542,0.635475213187081,0.022644085277404087,1.0,0.6560929162161687,0.6934080549648828,0.1598378730671746,0.08230634778738022,0.6737921782902305,0.6883871623447957,-0.03086363609348022,0.9982144832611084,0.6587404625756393,0.7420399052756168,0.15071777658803115,0.03680957108736038,0.6664285813059123,0.7393581816128317,-0.030260311173541197,0.9719296097755432,0.6589566230773923,0.7567139608519414,0.15612181339945105,0.062189359217882156,0.6650311844689504,0.7550890224320543,-0.04296187588146751,0.9376926422119141,0.6607281940323964,0.759140362058367,0.14802501669951845,0.058980971574783325,0.6654175213405061,0.755211418015616,-0.03428175545164517,0.9157508015632629,0.6599524429866243,0.7526334336825773,0.14721572952611098,0.054137494415044785,0.6653446401868545,0.7496339866093222,-0.027537113960300154,0.85237056016922,0.6355294755526947,0.6979912928172516,0.042954257343496574,0.9999997615814209,0.643247149671827,0.700922974518367,-0.043067451885768326,1.0,0.6387171813419883,0.7837673630033217,0.07332535982131952,0.8457854390144348,0.6401737672942022,0.7879109876496445,-0.04059803571019852,0.9999219179153442,0.6472591945103234,0.8641592979431147,0.09006060702460147,0.8769804239273071,0.631917447703225,0.8772514462471007,-0.04311365155237058,0.9993003606796265,0.6426933067185534,0.8771065609795702,0.0899133729083197,0.9638018012046814,0.623779853752681,0.8852882010596133,-0.04409113398620058,0.9988424181938171,0.6667764527457097,0.8788627692631309,0.0670362640704427,0.9028609991073608,0.6447713988167894,0.9068995373589644,-0.07582779675722119,0.9960202574729919
2,0.6830757669040132,0.6150223187037874,0.1551938320909227,0.9999723434448242,0.681872064726693,0.6096161791256492,0.15783537839140205,0.9999268054962158,0.6807596359934123,0.6089599881853374,0.15781515325818735,0.9998685121536255,0.6796730092593599,0.6082225646291457,0.1578241382326398,0.9999217987060547,0.6847038541521342,0.6102358426366531,0.14769315804753977,0.9999713897705078,0.6854683160781857,0.6101742761475697,0.14758228276457097,0.999968409538269,0.6861092533384048,0.6101039903504506,0.14759598246642516,0.9999840259552002,0.6781177793230326,0.6093193837574548,0.15143694281578057,0.9999232292175293,0.685726155553545,0.6118025694574626,0.1053508694682802,0.9999688863754272,0.6808334299496239,0.6197545613561355,0.15412377204213817,0.999951958656311,0.6835402931485854,0.6198722158159525,0.1402519851922988,0.9999641180038452,0.6661362477711266,0.6324687566076003,0.15532666402203688,0.9999988079071045,0.6837132215499875,0.6355175154549733,0.023755820148757514,1.0,0.6554294790540419,0.6934007661683216,0.16295285182339797,0.08230634778738022,0.6736502306801928,0.6884449379784717,-0.030946224395717876,0.9982144832611084,0.6584929023470194,0.7419155802045546,0.15294945452894476,0.03680957108736038,0.6663381763866966,0.73986644915172,-0.03132426834532191,0.9719296097755432,0.6586265087127683,0.7567167367253982,0.15852194854191365,0.062189359217882156,0.6648857150759013,0.7557097349848063,-0.0445547248635973,0.9376926422119141,0.6603292141641887,0.759190395900181,0.150096303650311,0.058980971574783325,0.6652217251913886,0.7559225184576849,-0.035237805226019436,0.9157508015632629,0.6596834523337225,0.7527554256575445,0.1492940983601978,0.054137494415044785,0.6652092150279451,0.7503832953316821,-0.02838046135646955,0.85237056016922,0.6350879175322393,0.6979614121573308,0.04329976035015922,0.9999997615814209,0.642981513908931,0.7012729219027924,-0.04341558430876048,1.0,0.6392735855919971,0.7840211800166534,0.07640646696090694,0.8457854390144348,0.6400134410176955,0.7884022389139445,-0.03991364261933734,0.9999219179153442,0.6470056670052662,0.864058685302734,0.0933122106960841,0.8769804239273071,0.6317419069153919,0.877563655376434,-0.042943516480071185,0.9993003606796265,0.6425196800913127,0.8770220313753396,0.09319732529776431,0.9638018012046814,0.6237007430621553,0.8859243358884535,-0.04389835936682562,0.9988424181938171,0.6655129875455581,0.8786509650094164,0.07040097053561889,0.9028609991073608,0.6446131978716165,0.9069171939577371,-0.07539190500974652,0.9960202574729919
3,0.6829208782740999,0.615005815029144,0.16425654590129846,0.9999607801437378,0.6817622303962704,0.609605744906834,0.16666624205453046,0.9999050498008728,0.6806700348854062,0.60896543434688,0.1666410429137093,0.9998337626457214,0.6795958689280915,0.6082455311502726,0.16665507129260462,0.9998950362205505,0.6846157755170545,0.610213698659624,0.1564592804227556,0.9999621510505676,0.6854141899517601,0.6101504717554361,0.15634157742772775,0.99996018409729,0.6860891274043488,0.6100782769066944,0.15634245233876357,0.999979555606842,0.6780233979225155,0.6093963588987075,0.15867341160774223,0.9999018311500549,0.6857771788324625,0.6118054747581478,0.1122429096273013,0.9999626874923706,0.6806608370372225,0.6197715350559777,0.16266007125377646,0.9999344348907471,0.6834115334919517,0.6198878186089649,0.14866147679941988,0.9999523162841797,0.6660984430994303,0.6325398445129392,0.16197092533111565,0.9999984502792358,0.6837166701044353,0.6356991154806951,0.025951841473579394,1.0,0.6534268106733047,0.6936357702527725,0.16952477480684,0.09160514175891876,0.6731567059244425,0.6886612091745645,-0.03121821023523806,0.9982743859291077,0.657746532985142,0.7417859401021683,0.15799239788736608,0.05024521052837372,0.6658482176916937,0.7415341956274847,-0.033869946907673545,0.9739741086959839,0.6575771519115989,0.7569646000862118,0.16396945118904105,0.08271656930446625,0.6643171702112467,0.7573036653654912,-0.04843238091894556,0.9422585964202881,0.6592988439968651,0.7594768183571948,0.15470876523426594,0.07893004268407822,0.6646248204367499,0.7576667019299094,-0.037717933527060904,0.9218931794166565,0.6590123823710847,0.753119667938777,0.15395743378571092,0.07348641008138657,0.6647604090826849,0.7523020539964944,-0.030428689611809584,0.8626841306686401,0.6339272856712338,0.6979128616196765,0.04420135063784461,0.9999996423721313,0.6421809554100033,0.7023537652833118,-0.04432102069258688,1.0,0.6405765277998785,0.7847631999424522,0.08587511245693474,0.8519690036773682,0.6395948648452756,0.7896252598081313,-0.03824460431933401,0.9999257922172546,0.6464662143162315,0.8636912005288255,0.10518305833850583,0.8836700320243835,0.6312906571796959,0.8781519923891336,-0.04313774790082657,0.9993386268615723,0.6421400002070833,0.8765472446169168,0.10535489810364582,0.965731680393219,0.6234585012708389,0.8872868316514146,-0.044148570724896,0.9989210367202759,0.6621198569025308,0.8777418289865762,0.08373598711831226,0.9070808291435242,0.6441396321569167,0.9068615845271515,-0.07480538253273278,0.9962047338485718
4,0.6823453239032198,0.6149525438036234,0.1726050968681062,0.9999422430992126,0.6812319908823283,0.6095789739063805,0.1745842048100062,0.9998655915260315,0.6801921810422622,0.6089602146829874,0.17455522375447402,0.9997743368148804,0.6791678292410711,0.6082664711134771,0.17457401667322422,0.9998436570167542,0.6840986762728007,0.6101864440100531,0.1644351661205291,0.9999474287033081,0.6849699309894013,0.610137285505022,0.1643134530101503,0.9999487996101379,0.6857303244726995,0.6100769724164687,0.16430369445255819,0.9999731779098511,0.6775604622704638,0.609678666932242,0.16443016316209513,0.9998666644096375,0.6856053573744635,0.6118705340794152,0.1181546066488538,0.9999556541442871,0.6801645874977109,0.6197522452899384,0.17032421486718308,0.9999067783355713,0.6829853108951021,0.6198558722223552,0.15636105963162006,0.9999371767044067,0.6658151268959043,0.6326023834092274,0.1669758307082312,0.9999977946281433,0.6836931841714038,0.6360903024673459,0.027975436033947115,1.0,0.651628414222172,0.6919219153267993,0.174268215894699,0.11269714683294296,0.6721619469778874,0.6893657514027183,-0.030774495218481322,0.9983910322189331,0.6565134525299069,0.7410158566066194,0.1612626556839261,0.07623213529586792,0.6650371909141537,0.7436494844300403,-0.035519625831927554,0.9763917326927185,0.656078105313437,0.7559510775974815,0.1674833851201193,0.11664126813411713,0.6633561134338376,0.7591372285570414,-0.05082793182560373,0.9475916624069214,0.6579288772174288,0.7590937358992438,0.15756416448525012,0.11174480617046356,0.6635773318154468,0.7598407183374674,-0.039492233523300696,0.9290958642959595,0.6580362813813343,0.7529767513275143,0.1569307374102728,0.10591349750757217,0.663897689751216,0.7546352062906534,-0.0319433454956327,0.8750889301300049,0.6323942593165803,0.6979527337210516,0.04511064610310961,0.9999995231628418,0.6410236290522981,0.7040487051010129,-0.04523072828139576,1.0,0.6408782839775082,0.784572783538273,0.09625199862888877,0.8599146008491516,0.6387162412915908,0.7915310008185246,-0.037789303702967486,0.9999311566352844,0.6460846270833693,0.8632687551634648,0.11985792922122132,0.892072856426239,0.6301872406687052,0.8787795032773695,-0.04636657110282351,0.9993893504142761,0.6418003542082646,0.8757553526333397,0.12051831270967205,0.968241274356842,0.6226545401981896,0.8893687231200078,-0.0475458505962576,0.9990068078041077,0.6590312259537829,0.8764612487384247,0.10084633465324125,0.91263347864151,0.6434242469923834,0.9067217094557622,-0.07743077448436189,0.996467113494873
5,0.6816291655812942,0.6149033359118867,0.1731765925884246,0.9998906850814819,0.6805058343069891,0.6095861315727231,0.17460908038275574,0.9997491240501404,0.6795131598200114,0.6090161953653606,0.17457932957581104,0.9995951056480408,0.6785369685717988,0.6083867209298267,0.17459745364529738,0.9997007250785828,0.6833056364740641,0.6102423889296392,0.16447356130395607,0.9999024271965027,0.6842053890228268,0.610248061588832,0.16435575144631515,0.9999120831489563,0.6850145203726629,0.6102404117584226,0.1643446739230836,0.9999538660049438,0.6768295696803499,0.6102369206292286,0.1627614668437412,0.9997513294219971,0.6850541455405095,0.6120695812361578,0.1167340361646243,0.9999308586120605,0.6795720372881205,0.6197292975016999,0.17032479899270186,0.9998261332511902,0.682395894186837,0.6198489683015003,0.15637134313583367,0.9998931288719177,0.6652555959565296,0.6327567764690941,0.165226918884686,0.9999968409538269,0.6835387076650343,0.6366813097681314,0.026903323243771267,1.0,0.6514793770653858,0.6888245224952694,0.17289539234978804,0.12331821769475937,0.6709644504955834,0.6903574143137248,-0.030920573057872894,0.9984416365623474,0.6555054324013843,0.7398809926850451,0.16069733117307927,0.09530059248209,0.6640076126371108,0.7452551705496648,-0.035393477550574697,0.9784721732139587,0.6549298763275144,0.7539842639650615,0.16711229298795965,0.14190979301929474,0.6621925541332787,0.7600483332361491,-0.050434144160577205,0.9521649479866028,0.6570423058101106,0.7576551284108839,0.15706309420721865,0.13633525371551514,0.6624386446816577,0.7610544613429475,-0.03957757896610667,0.9352723956108093,0.6572893534387858,0.751995514120374,0.15635382447923923,0.1294362097978592,0.6628748076302661,0.755960643291473,-0.03203203252383639,0.8855533599853516,0.6313083410263058,0.6984577860151016,0.045897144504955814,0.9999993443489075,0.6398731827735897,0.706094716276441,-0.04600857496261594,0.9999999403953552,0.6398612311908174,0.7830437234469818,0.10253311225346153,0.8580335378646851,0.6376959426062445,0.7929214664867943,-0.0393884445939745,0.9999319314956665,0.6461902362959722,0.863117602893284,0.13048496033464155,0.8953437209129333,0.6286054781505037,0.8792709129197253,-0.052899083495140053,0.9994093775749207,0.6416865927832465,0.8751369374138964,0.13158352524042125,0.9694442749023438,0.6211300083569116,0.8914116229329786,-0.054574370809963746,0.9990532398223877,0.6589056628090992,0.8749216454369677,0.11426209083625244,0.9129039645195007,0.6428209594317842,0.9065341898373191,-0.08444206863641734,0.9965110421180725
6,0.6807926586696077,0.615395721367427,0.17395134610789154,0.9997610449790955,0.679683332783835,0.6100970012801031,0.17499364103589732,0.9994558095932007,0.6787325876099719,0.6095505748476298,0.17496013726506907,0.9991770386695862,0.6777857678277148,0.6089849097388128,0.174977273600442,0.9993646144866943,0.6823356270790097,0.6109272003173826,0.16471433256353643,0.999786376953125,0.6832003934042791,0.6110137871333529,0.16459886176245547,0.9998213648796082,0.684007850715092,0.6110619068145748,0.16458516248634875,0.9999048709869385,0.6759957211358203,0.6111072352954317,0.1618360200098582,0.9995035529136658,0.6841544560023713,0.6126792941774638,0.11534193583897176,0.999869167804718,0.6788651108741757,0.6201943976538519,0.17068113471780494,0.999642550945282,0.6815223353249683,0.6203874588012692,0.15653903782367698,0.9997919797897339,0.6641402465956548,0.6334302255085533,0.16459416534219462,0.9999955296516418,0.6831412945474894,0.6370708976473124,0.025521852076053606,0.9999999403953552,0.6516968335424147,0.686700732367379,0.17205174011843535,0.12880000472068787,0.6700468795640124,0.6910554238728112,-0.03193939541067394,0.9983765482902527,0.6546742558479306,0.7388907074928279,0.16047511909689216,0.10870201885700226,0.6632197141647336,0.7457967179162158,-0.03498911282845904,0.9801671504974365,0.6541003550801956,0.7523892334529328,0.1674813781465802,0.15862539410591125,0.6613364389964509,0.7605412329946242,-0.04974482655525205,0.9559014439582825,0.6561401912144249,0.7562283958707533,0.1566824372325624,0.1525297462940216,0.6614876202174592,0.7617947442190983,-0.0388957018298762,0.9403321146965027,0.6563549160957333,0.7510207363537376,0.15583403791700084,0.1453332155942917,0.6619550347328182,0.7566738145692005,-0.03159105969326835,0.8939411640167236,0.6302637968744547,0.6997749924659726,0.04666013259972843,0.9999990463256836,0.6390066913196015,0.7080884609903604,-0.04676912490810664,0.9999998807907104,0.6393033317157197,0.781130126544407,0.10476583774600706,0.8461529612541199,0.6368707946368624,0.793925080980573,-0.037262599276644826,0.9999290704727173,0.6461723600115092,0.8630449346133637,0.13182696742670869,0.8955556154251099,0.6270560366766791,0.8803665995597836,-0.05365966973560195,0.9994146227836609,0.6415270890508376,0.8751789535794935,0.13277770451136992,0.9697410464286804,0.619444520132882,0.8943742156028744,-0.05540483232055389,0.999072253704071,0.6599657331194193,0.8742834363664895,0.11552340047700058,0.9087039232254028,0.6425057717732018,0.9065369027001513,-0.08573956617287223,0.9964604377746582
7,0.6800563335418698,0.6160862020083833,0.1732527779681341,0.9996433854103088,0.6788966264043532,0.6107707381248472,0.17415256457669387,0.9991980791091919,0.6779549734933032,0.6102201802389959,0.17411698443549012,0.9988216161727905,0.6770030924252098,0.6096897244453428,0.1741334033863884,0.9990705847740173,0.6814580151012962,0.611804606233324,0.16372007770197725,0.9996765851974487,0.6822837931769231,0.6119620527539932,0.1636065163782664,0.999736487865448,0.6830714702606198,0.6120501416070118,0.16359320708683553,0.9998563528060913,0.6751645207405088,0.6118581431252613,0.16049615825925545,0.9992976784706116,0.6832512923649376,0.6133477006639749,0.11348699991192132,0.9998102188110352,0.6781639082091192,0.6208637884684969,0.16987033018044057,0.9994670748710632,0.680666421140943,0.6211674588067188,0.1555314979382923,0.9996877312660217,0.662937157494681,0.6344541226114543,0.16348155822072702,0.9999942779541016,0.6825015119143891,0.6373578957148958,0.023119840558086115,0.9999998807907104,0.6509211301803586,0.6870002576283043,0.17055465153285426,0.13701075315475464,0.6691402503422326,0.6917235374450681,-0.034778138143675655,0.9982750415802002,0.653614657265799,0.7391623786517548,0.15778414607048027,0.12641923129558563,0.6619963424546375,0.7463289873940601,-0.03694076261350085,0.9815483093261719,0.6529829587255203,0.7528022902352466,0.16535633930138172,0.18021124601364136,0.6601967453956601,0.7612964698246544,-0.05174531287380625,0.9590129256248474,0.6551387565476552,0.7562593664441786,0.15373343825340263,0.17349159717559814,0.6604197859764096,0.76249315057482,-0.04067127204367091,0.9445513486862183,0.6553109799112589,0.7511316520827154,0.15281210626874644,0.16574788093566895,0.6608894075666152,0.7573023796081539,-0.03334796226450373,0.9009143114089966,0.6292542151042391,0.7014931849070954,0.04751651468021527,0.9999988079071045,0.637963259220123,0.709565004280635,-0.04762388787099291,0.9999998211860657,0.6394554751259938,0.7801145349230081,0.10638112638677864,0.8398841619491577,0.6361952764647344,0.7941471150943208,-0.03823674065726142,0.9999248385429382,0.6461457984788074,0.8623258760997223,0.13056359376226145,0.8991479277610779,0.6257216249193461,0.8819209797041753,-0.06054290607571599,0.9994282126426697,0.6414525491850713,0.8753913658005846,0.13117729297706052,0.9709980487823486,0.6178625753947664,0.8970760447638371,-0.06282607018947599,0.9991051554679871,0.6607127138546531,0.8739522712571277,0.1139187091163226,0.9092880487442017,0.6420691285814555,0.90681813614709,-0.09378692465169083,0.9964900016784668
8,0.6792052779878885,0.6165472524506702,0.17256269156932824,0.9994222521781921,0.6779030391148155,0.6112102815083091,0.17367878258228292,0.9987164735794067,0.6769784723009379,0.6106384175164357,0.17364488840103143,0.9981359839439392,0.676041529859815,0.6100935373987467,0.17366148957184374,0.9985430836677551,0.6804669039590014,0.6123644437108717,0.16329737007617942,0.9994686245918274,0.681303593090602,0.6125431469508578,0.1631840011903217,0.9995689988136292,0.6821239573614934,0.6126351220267157,0.1631742984056472,0.9997659921646118,0.6742288913045608,0.6121941328048703,0.16090406732899792,0.9988625645637512,0.6823002832276477,0.613741794654301,0.11409471609762731,0.9996793270111084,0.677398872375488,0.6213124428476603,0.16943009112562446,0.9991106390953064,0.6798417976924348,0.62170078924724,0.15516160385949263,0.9994730353355408,0.6620366675513127,0.6352935075759885,0.16356465135301854,0.9999927878379822,0.6817181604249134,0.6375529646873471,0.022075467663151868,0.9999998211860657,0.6502938849585393,0.6876659359250746,0.17016277313232414,0.1357884556055069,0.6682379467146734,0.6926075424466811,-0.03642254674008913,0.997801661491394,0.6525608795029774,0.7397595507758001,0.15469695585114607,0.13129007816314697,0.6605040652411321,0.7469155243464876,-0.038826143954481376,0.9822261333465576,0.6519145250320432,0.7535493646349223,0.16236774836267737,0.18646229803562164,0.6587698834283009,0.7624702436583379,-0.05351728658590996,0.9607069492340088,0.6542071035930086,0.7569542152541021,0.15051048951489576,0.1801428347826004,0.6590630650520322,0.763647832189287,-0.04257531825985225,0.9469190835952759,0.654360142775944,0.751838876519884,0.14963943319661271,0.1720925122499466,0.659524071216583,0.7582642589296611,-0.03525743420634949,0.9041466116905212,0.6283086231776643,0.7030923826353888,0.048009015513317904,0.9999984502792358,0.6370032770293097,0.7104987672397065,-0.048115994355508236,0.9999997615814209,0.6394903506551467,0.780240884849003,0.10444680516208917,0.8202149868011475,0.6354522671018326,0.7948766180447165,-0.04317099994846751,0.9999155402183533,0.64615455354963,0.8615890060152323,0.12601172583443773,0.8951858282089233,0.6243932519640238,0.883340830462319,-0.06984710097312924,0.99940025806427,0.641548657417297,0.876243584496634,0.1264000786202294,0.9704245328903198,0.6164928657667974,0.8991415057863503,-0.07260626980236595,0.999077558517456,0.6612572227205545,0.8742982660021097,0.1083907550999096,0.9010292291641235,0.6413697310856408,0.9073102406093049,-0.10450961142778391,0.996200442314148
9,0.6785222240856713,0.6165278724261689,0.1672299555369785,0.999116837978363,0.6770791428429737,0.6111455133983064,0.1683137778724942,0.9980369806289673,0.6761599762099126,0.6105985862868171,0.16827739562307079,0.9971662163734436,0.6752238920756746,0.6100635630743841,0.16829261864934641,0.9978114366531372,0.6796530996050151,0.6123140897069655,0.15802187664168216,0.9991798400878906,0.6804926395416256,0.6124964697020392,0.15791028865746082,0.9993398189544678,0.681334384850093,0.6125952516283305,0.1578996436936514,0.9996458292007446,0.6733608978135242,0.6121836083275929,0.15634511198316295,0.998204231262207,0.6814174430710926,0.6137249861444742,0.10981513495956144,0.9994920492172241,0.6768062182835166,0.6213274104254584,0.16431318393775385,0.9985957741737366,0.6792339733668733,0.6217613816261289,0.1501475112778799,0.9991800785064697,0.661601718834468,0.6356084721429005,0.16063560034547525,0.9999908208847046,0.6807727456092831,0.6381399205752778,0.01879640320049864,0.9999997615814209,0.6488632355417521,0.6879784396716523,0.1666490937982286,0.13180595636367798,0.667115325587136,0.69380521263395,-0.03882280641368456,0.9970538020133972,0.6516945958137509,0.740258065291813,0.1493289845330374,0.13112448155879974,0.6586544701031274,0.7481488415173119,-0.04142387786081857,0.9821850061416626,0.6512399980000084,0.7540769491876872,0.156847630228315,0.18593065440654755,0.6569427592413764,0.7637028421674453,-0.055802924611738726,0.9609014987945557,0.653561815193721,0.7578604221343991,0.14512848811490187,0.17995747923851013,0.6573198556900022,0.7647767543792721,-0.04528418406844137,0.9473041892051697,0.6534753816468373,0.7526139957564214,0.14435491050992688,0.1717482954263687,0.6577841094561983,0.7595461879457742,-0.03799098272408756,0.9036335945129395,0.6273800713675359,0.7048074824469427,0.048434015257017925,0.9999980926513672,0.63589220557894,0.711951489107949,-0.04853661943759234,0.9999997019767761,0.6394105723925996,0.7818223714828487,0.10078997888735358,0.7966604232788086,0.6345128127506798,0.7960123419761654,-0.04830893725156782,0.9998915791511536,0.6459351096834451,0.8612274135862075,0.11815477460622781,0.8883469104766846,0.6230123775345936,0.8846053804670058,-0.07721051818558144,0.9993135333061218,0.6411800588880263,0.8770518779754634,0.11810094629015236,0.9686822891235352,0.6151691658156255,0.9010863712855743,-0.08050552574651579,0.9989594221115112,0.6617341807910371,0.8747215901102334,0.09907984435558315,0.8889732956886292,0.6407086593764166,0.9076948421342028,-0.11362992205790107,0.9954689741134644
10,0.6777486000742228,0.616262556825365,0.1635179821934018,0.9984827637672424,0.676212097917284,0.6107118623597279,0.1642139711550303,0.9967197179794312,0.675245436600276,0.6102073413985114,0.16417124143668577,0.995424747467041,0.674257831914084,0.6097090346472601,0.16418574622699184,0.9965409636497498,0.6788448725427896,0.6118959852627343,0.15392973955188471,0.9985735416412354,0.6796821440969192,0.6120925562722339,0.1538208033357347,0.998870313167572,0.6805227449962068,0.6122053725378851,0.153803949696677,0.9993954300880432,0.672248692171914,0.611962066377912,0.15167291334697172,0.9970722794532776,0.6804416230746675,0.6134052429880412,0.10484009534120554,0.9990797638893127,0.675980813162667,0.6211884038788928,0.16044208833149493,0.997683584690094,0.6784381781305582,0.6217001795768735,0.14625500610896514,0.9986404180526733,0.6609104990959165,0.6356695856366836,0.15786841128553655,0.9999885559082031,0.6793223261833188,0.6389127101216994,0.01605663829083953,0.9999996423721313,0.6454273360116138,0.6880539860044204,0.1636668933289391,0.12372108548879623,0.6657146079199652,0.6947970049721851,-0.03926691700305256,0.9948257207870483,0.6492575986044744,0.7398063182830806,0.14722176981823776,0.12587688863277435,0.6568446789469035,0.7489223940031865,-0.041328427301985854,0.9801844358444214,0.6485940694808957,0.753469279834202,0.15473885706492826,0.17843489348888397,0.6550721304757252,0.7640513641493658,-0.055256187809365115,0.9577111005783081,0.6507968102182657,0.7573128529957359,0.14302783054964877,0.17296409606933594,0.6552518231528144,0.7650128109114507,-0.045341222520385444,0.9434823989868164,0.6505985804966514,0.7516907129968912,0.142279451234,0.16460523009300232,0.6556990657533914,0.7600376401628763,-0.03805656475680213,0.8952864408493042,0.6267915742737904,0.7075979096548894,0.04886461709226879,0.9999975562095642,0.6343086259705677,0.714053062030247,-0.048961367883852525,0.9999995827674866,0.6401860032762797,0.786296963691711,0.09558288987193785,0.7555732131004333,0.6336379136357986,0.79826009443828,-0.055477281234094046,0.9998121857643127,0.6456705195563177,0.8612153393881657,0.11023685485124583,0.8733202815055847,0.6222717302186146,0.8854068568774628,-0.08590523664440425,0.9990917444229126,0.6407241736139566,0.8777177248682291,0.10988105365208212,0.964414119720459,0.6146726046289713,0.9023294942719591,-0.0893766845975603,0.9986616969108582,0.6618841035025458,0.8751283832958763,0.09021379181316916,0.8662271499633789,0.6404967291014532,0.907772999150412,-0.1235432373625891,0.9938074350357056
11,0.6767823696136471,0.6154231309890744,0.15170302156891136,0.9978681802749634,0.6752675107547211,0.6096310581479751,0.15211211059774665,0.9954131841659546,0.6742240156446181,0.609125483036041,0.15206559641020634,0.9937072992324829,0.673166603701455,0.608682903221675,0.1520804324320384,0.9952336549758911,0.6779777169227597,0.6108795029776434,0.14166743499892093,0.9980364441871643,0.6788146206310814,0.6110963634082247,0.1415626351322446,0.9984782934188843,0.6796359011105126,0.6112188151904512,0.14153960283313471,0.9991869926452637,0.6710151348795206,0.6113052197865074,0.13996089526585162,0.9958462715148926,0.6794091377939493,0.6126263925007409,0.09219429812261032,0.9987326860427856,0.6747719730649673,0.6206072977610995,0.14897518945591784,0.9968389272689819,0.6773425851549417,0.6212431345667155,0.13455546051263803,0.998211145401001,0.6603057554789948,0.6355772256851193,0.1501575765865189,0.9999861717224121,0.6772777506283348,0.6395610877445763,0.0073188572323748015,0.9999995231628418,0.6425188490322655,0.6880764484405515,0.15704745373555584,0.11658135801553726,0.6639973929950166,0.6954180410930085,-0.044257710235459435,0.9931334257125854,0.6465322000639776,0.7392035109656194,0.13952628139938622,0.12182255834341049,0.654819161551339,0.7493882996695378,-0.04642726725765635,0.9798649549484253,0.6456676653453279,0.7527142831257408,0.14668091578142978,0.17234669625759125,0.6528919952256336,0.7641177007130211,-0.06022522704941883,0.9574611186981201,0.6476456233433312,0.7562821064676554,0.13443979386772423,0.16716046631336212,0.6529543706348961,0.7648714729717796,-0.051219486551625365,0.9434683322906494,0.6475735153470717,0.7503684742110113,0.1343689511929239,0.15839821100234985,0.6534082957676476,0.760185587406158,-0.043393754426922095,0.8936076164245605,0.6267780644553045,0.710721124921526,0.049595795997551484,0.9999971389770508,0.632345012256077,0.7158581767763408,-0.049677563884428545,0.999999463558197,0.6423213090215407,0.789685225486755,0.08933212799685339,0.7145053148269653,0.6327364904539923,0.8000671182359964,-0.06702974130000383,0.9997441172599792,0.6455262967518394,0.862037188666207,0.10283500232866827,0.8565785884857178,0.6217894417898993,0.8863406368664328,-0.09721885089363366,0.9988955855369568,0.6409989374024525,0.8785436102322166,0.10223112957818162,0.9600952863693237,0.6145715372903003,0.9032947438103808,-0.10065003101314812,0.9984059929847717,0.6622439827237807,0.8755250522068564,0.08215555037770948,0.8405670523643494,0.6403312614985872,0.9078171781131195,-0.13567493238619388,0.992449939250946
12,0.6754132015364507,0.6134985021182466,0.12603861732142307,0.9975874423980713,0.6738747715950009,0.6075356381280079,0.12614428294556476,0.9947215914726257,0.6727963549750189,0.6070343988282337,0.12609784411532532,0.9929287433624268,0.6717392257281709,0.6066299932343617,0.1261142043130738,0.9946523904800415,0.6767352904592239,0.608856460026332,0.11559580202613552,0.9976986050605774,0.677628317901066,0.6091453586305888,0.11549311195101052,0.9982439279556274,0.6784841724804467,0.6093440737043105,0.11546403637954161,0.9990471005439758,0.6695243903568809,0.609831733363015,0.11580459369080402,0.9952850937843323,0.6781944819859094,0.6112614308084757,0.06751654733504564,0.998493492603302,0.6732796328408375,0.6192518234252926,0.12418596318789885,0.9964621067047119,0.6760257584708075,0.6199842435973029,0.10961642818791521,0.9979891180992126,0.660220716680799,0.6354911514690941,0.13176446599619723,0.9999847412109375,0.6745659453528265,0.6397673044885905,-0.012074404449335161,0.9999994039535522,0.6423362953322271,0.6881937282426014,0.14246570233787803,0.12040548771619797,0.6619969010353085,0.6959063564028056,-0.05818895431501522,0.9915065169334412,0.6448277132851734,0.7391600864274158,0.12484008180243622,0.13015730679035187,0.6524155020713802,0.7505177072116304,-0.06074375648583682,0.9787049889564514,0.6438329321997504,0.7525487797600879,0.13158957128013876,0.17850331962108612,0.6501340610640386,0.7650350553648809,-0.07522247870053561,0.955406129360199,0.6455150689397536,0.7558292150497433,0.11844988209860659,0.17387820780277252,0.650370439461299,0.7658431070191516,-0.06715458780527112,0.9411849975585938,0.6455241390636985,0.7498526351792468,0.11939748866217471,0.1636906862258911,0.6509505612509588,0.7613117780004225,-0.057966620687927496,0.8878341913223267,0.6271886978830608,0.7133939010756354,0.050298687496355576,0.9999968409538269,0.6307459473609922,0.7174001233918322,-0.05035343883293013,0.9999993443489075,0.6431493622916082,0.7917998569352283,0.0896155048693929,0.6901790499687195,0.6317171386310029,0.8014032704489569,-0.07936738878488538,0.9997014403343201,0.6460529906409125,0.8636449898992261,0.11380656851189472,0.8535068035125732,0.6213366474424087,0.8872029049055913,-0.10316138522965562,0.9987910985946655,0.6425262229783191,0.879712309156145,0.11417333824293949,0.9577180743217468,0.614525634901864,0.9040094086102073,-0.10597278944083617,0.9981021285057068,0.6632286735943382,0.8757179737091061,0.09576658925839827,0.8311612606048584,0.6399583458900449,0.9078326480729235,-0.14064723849296562,0.991637110710144
13,0.6737948741231643,0.6108521478516712,0.10009761771985458,0.9973008036613464,0.6722984262875145,0.6046637926782877,0.0997460776141711,0.993924617767334,0.6712686572756084,0.6041878155299593,0.09969866041626244,0.9920076727867126,0.670272544452122,0.6038102252142767,0.09971781245299743,0.993878185749054,0.6751788479941229,0.6061607565198623,0.08929182397467744,0.9973606467247009,0.6761140397616792,0.6066088131495881,0.08918961776154377,0.998038649559021,0.6770120024681088,0.6069647874150955,0.08915450509105405,0.9989290833473206,0.6680509958948404,0.6075766461236133,0.09061730291162214,0.994629979133606,0.6767889789172579,0.6096667136464797,0.04270217439958025,0.998323917388916,0.6717479739870341,0.6171988487243649,0.09889414374317437,0.9960697889328003,0.6745353851999552,0.6180175100054057,0.0844365149736404,0.9978188276290894,0.6599847572190418,0.6351473314421514,0.1113202667662075,0.9999825954437256,0.6716503211430138,0.6398556368691577,-0.030952814354428208,0.9999992847442627,0.6437258481979367,0.6870040774345395,0.12516858088118682,0.12410464882850647,0.6597599915095735,0.6961826903479437,-0.07280318928616383,0.9906190037727356,0.644473736626761,0.7378588965960908,0.10800038214240751,0.13037867844104767,0.6501889228820799,0.7512270927429195,-0.07613230858530314,0.9789618849754333,0.643599040167672,0.7510203463690618,0.1143761522003582,0.17555421590805054,0.647859145913805,0.7650855728558128,-0.09128651193210052,0.9556708931922913,0.6449478472982131,0.7539772238050185,0.1005394775952611,0.17162860929965973,0.6482841236250738,0.7657839621816359,-0.08397109359502788,0.941902220249176,0.6449080467224119,0.7488405159541536,0.1023384952119418,0.16110798716545105,0.6489493795803611,0.7614975724901468,-0.07361258534448484,0.8872904777526855,0.6274291413170947,0.7152634995324267,0.050383350146668275,0.9999963045120239,0.6298727938107078,0.7187270590237206,-0.05042608422892432,0.9999991655349731,0.641145438807351,0.7925665174211771,0.09661181334938318,0.6503514051437378,0.6304801719529285,0.8015997392790655,-0.07978286700589313,0.99962317943573,0.6466890880039757,0.8655242971011566,0.13425216355494085,0.8344981670379639,0.6209059306553428,0.8882629036903377,-0.09438424333930012,0.9984797239303589,0.6439938102449687,0.8803276164191105,0.1358836859464645,0.9459018707275391,0.6143648437091279,0.9050974556377952,-0.09594794650162965,0.9971756339073181,0.664054247311183,0.8758473856108525,0.11929787844419475,0.8023021817207336,0.6395656738962443,0.9079596570559907,-0.12958444207906716,0.9894158840179443
14,0.6717293994767322,0.6071305956159316,0.08842324891260687,0.9972546100616455,0.670272122110639,0.6011045796530585,0.08860099017620082,0.9937494993209839,0.6693021212305338,0.6007115874971659,0.08855521529912945,0.9917985796928406,0.6683573160852702,0.6003431626728599,0.08857582041195457,0.9936389923095703,0.6731621606009344,0.6026915669441221,0.07793398158890857,0.9973140358924866,0.6741448385374884,0.6033290982246395,0.07783273884228294,0.9980320334434509,0.6750851852553228,0.6038935780525205,0.07779422168220788,0.9989237785339355,0.6663244911602562,0.6042124118123733,0.08213385769299095,0.9944519996643066,0.6749821833201815,0.6074867725372313,0.03329275825193948,0.9983329772949219,0.6699228405952451,0.6140129225594654,0.08818400715078623,0.9959537386894226,0.6726657799312044,0.6149653843470979,0.07345456172313006,0.9978058338165283,0.6593628253255569,0.6346043007714405,0.10481121348483216,0.9999794960021973,0.668620703901563,0.6394814542361665,-0.03846977563308816,0.9999992251396179,0.64379186630249,0.6850971477372303,0.12088659469570427,0.12868615984916687,0.6570758700370786,0.6962215985570632,-0.07868274035198344,0.9905669689178467,0.6428212949207848,0.7349971226283478,0.10589041262865061,0.12902654707431793,0.6489003334726603,0.7513320820672168,-0.08028344820652686,0.9798327088356018,0.6416240130152018,0.7477322901998243,0.11237832201378681,0.17170393466949463,0.6466480953352789,0.7644106456211631,-0.09570189033235817,0.9572513103485107,0.643211119515555,0.7503968596458432,0.0986410883920533,0.16842396557331085,0.6471670440265108,0.765071526595524,-0.08806207754782264,0.9441640377044678,0.6432183674403595,0.7461452569280349,0.10029590236289156,0.15819595754146576,0.6478646074022563,0.760892249856676,-0.07762278935738968,0.8903600573539734,0.6275816713060649,0.7161997778075079,0.05041492964540206,0.9999960064888,0.6289596659796576,0.7192423922674993,-0.050449298322200756,0.9999991059303284,0.6380421451159883,0.7939670920372005,0.10435568583863117,0.6399667859077454,0.6293690953935893,0.8015741348266597,-0.06931723803281781,0.9996049404144287,0.6466533575739176,0.866363532202584,0.15087910528693874,0.8343265652656555,0.6208903636251174,0.888709689889635,-0.0756359473935195,0.9984127879142761,0.6436946851866583,0.8801142539296827,0.15349416434764854,0.9420062899589539,0.6146121774400981,0.9050532562392095,-0.0762724157954965,0.9967086911201477,0.6639033930642261,0.8761263591902593,0.13826356466327389,0.793772280216217,0.639482121808188,0.9080924817493979,-0.10875148986067085,0.9885392785072327
15,0.6698178342410492,0.6032748648098534,0.08374823964467003,0.9974061250686646,0.6685458472796846,0.597595529896872,0.0863921045458742,0.994041919708252,0.6676226445606773,0.597253278323582,0.08634711626384936,0.9921723008155823,0.6667108620916091,0.5968923108918324,0.08637064346777537,0.9939283728599548,0.6713259799139837,0.5992360660008018,0.07475066766408933,0.997441291809082,0.6722871729305808,0.6000183718545093,0.07465137175417369,0.9981257915496826,0.6732084768159046,0.6007353459085734,0.07461630324833092,0.9989745020866394,0.6648428780691962,0.6004075459071565,0.08856073543429371,0.9946869015693665,0.673113417625427,0.6048305903162272,0.03545080109366348,0.9984062910079956,0.6681555799075531,0.6101975509098595,0.0863808555262429,0.996087908744812,0.6707331691469463,0.6114614112036565,0.07039116869813627,0.9978848695755005,0.6589025889124186,0.6338063955307004,0.11385943485157825,0.9999772906303406,0.6654109648295807,0.6375199420111517,-0.036776514564241664,0.9999991655349731,0.646157758576529,0.685832813807896,0.1299933742199625,0.13118310272693634,0.6545907820974074,0.6949892350605553,-0.0798616596630641,0.9905739426612854,0.6457195111683434,0.7383863959993631,0.11461479323250902,0.12689100205898285,0.6475043722561424,0.7476371305329456,-0.08315277461494713,0.9803788661956787,0.6435856768063133,0.7518525447164259,0.12112528937203537,0.1671385020017624,0.6455696702003476,0.7604345747402732,-0.09949794688395087,0.9578893780708313,0.6447566628456113,0.7538141591208318,0.10718549511262344,0.16482757031917572,0.6460817916052679,0.7615484135491504,-0.09172734192439483,0.9451618194580078,0.6451390692165917,0.7497777683394293,0.10884020392383843,0.1557951718568802,0.646804172652108,0.7571274280548093,-0.08061741547925128,0.8913379311561584,0.6281419396400449,0.7165043064526146,0.051690384319850353,0.9999952912330627,0.628282501016344,0.7189051253455023,-0.051713886324848427,0.999998927116394,0.6367790733064921,0.7938757334436686,0.11336462199687952,0.6062600612640381,0.628771296569279,0.8012179885591776,-0.05515160975711683,0.9995017051696777,0.646010625362396,0.8666063598224091,0.16381957530975333,0.8157746195793152,0.6207714421408514,0.8886097192764277,-0.055901535813297515,0.998114287853241,0.6427289537021088,0.8796420335769649,0.1668349338429314,0.9283379912376404,0.6147871988160267,0.9044732230050219,-0.05636267183082441,0.9955140948295593,0.6642194492476323,0.8766882675034655,0.1494559909616197,0.7691177725791931,0.6395409226417539,0.9081678083964753,-0.09077502318790975,0.9861804246902466
16,0.6679288830075942,0.5989336575780593,0.049807458344314756,0.9975646138191223,0.6668751631464274,0.5937501549720761,0.05506942165749411,0.9943583011627197,0.6660429545811242,0.5934852957725523,0.05501643674714222,0.9925878047943115,0.6652365820748463,0.5931551456451413,0.05503560474940706,0.9942628145217896,0.6694458041872293,0.5952825120517183,0.04237026809049502,0.9975872039794922,0.6703471149717055,0.5961168919290812,0.042271024707172575,0.9982307553291321,0.67123452595302,0.5968920213835578,0.0422284545909081,0.9990279674530029,0.6634134837559288,0.5966654249599999,0.0707109355500766,0.9949954152107239,0.6710393939699442,0.601274250234876,0.01294806961502347,0.9984853267669678,0.6664838739803857,0.6058427776609145,0.057211079235587776,0.9963070750236511,0.6686678034918645,0.6071577497891014,0.03986576050519942,0.9979972243309021,0.65908316884722,0.6329564929008481,0.10627339588744295,0.9999736547470093,0.6617304733821321,0.6339485832623071,-0.05286143081528798,0.9999989867210388,0.6515696968351089,0.688386830261775,0.12854525361742286,0.13583096861839294,0.6519603303500581,0.6908903309277123,-0.09734061892543516,0.9910970330238342,0.6549760460853574,0.7443918142999918,0.11335437084947309,0.13047030568122864,0.6457529340471537,0.7420618891716,-0.1073049515485763,0.9818735122680664,0.6535445758274621,0.7600064856665472,0.11949488478047501,0.17100417613983154,0.6431307332856311,0.7563184721129277,-0.12612778842449182,0.9610337615013123,0.6539975064141407,0.7617496269089831,0.1035565099545887,0.171263188123703,0.6441530823707577,0.7577978593962529,-0.11964600448097495,0.9493622779846191,0.6540225352559768,0.7566570299012316,0.10673478203160416,0.16443520784378052,0.6453408513750345,0.7530545183590477,-0.10554935038089747,0.8992502689361572,0.629009207657405,0.716699169363294,0.053079336775200686,0.9999942779541016,0.6276160614831104,0.7186274068696155,-0.05308333943997108,0.9999986886978149,0.6362876636641364,0.7937882491520469,0.1180438414216041,0.5927311778068542,0.6287032399858744,0.8011155571256362,-0.04597639462777544,0.9995225667953491,0.6459894112178255,0.8664825388363425,0.17360131016799374,0.8212323784828186,0.6206147551536557,0.8881737964493883,-0.04547928816505839,0.99824458360672,0.6424914343016485,0.8794904623712807,0.17671466299465716,0.9282592535018921,0.6148468562534875,0.9038856012480595,-0.046256317943334554,0.9956285357475281,0.6655798401151382,0.8771576847348891,0.1561509979622704,0.7793140411376953,0.6396475264004295,0.9080960563250946,-0.08562108193125038,0.98716139793396
17,0.6660704221044265,0.5958010775702338,0.019311843672767275,0.9977730512619019,0.6651193346296035,0.5905516794749666,0.02613322982298475,0.9948191046714783,0.6643808773585724,0.5903041056224276,0.026070748216339507,0.9931933879852295,0.6636775374412534,0.590004127366202,0.02608194816857575,0.9947371482849121,0.667355862685612,0.5919383372579299,0.012702237136129816,0.9977903366088867,0.6681327513286042,0.59266311441149,0.012602966983935657,0.9983794093132019,0.6689294355256213,0.5933027727263311,0.01255475030546741,0.999106764793396,0.6616611089025222,0.5936760323388233,0.051538473474127884,0.995419442653656,0.6685680014746527,0.5974204421043393,-0.009516314629997523,0.9986035823822021,0.6647717135293141,0.6026444775717597,0.030156122201255374,0.9966355562210083,0.6664790630340574,0.603758154596601,0.011866893393120588,0.9981735944747925,0.6589174917766023,0.6323491930961607,0.09437855354377198,0.9999738335609436,0.6574426565851481,0.629774839537484,-0.0683545832123075,0.999998927116394,0.6594121319907049,0.688001329558236,0.12043914284024915,0.1807805448770523,0.6486640998295372,0.6825936351503641,-0.12210066488810942,0.991817057132721,0.6683671542576377,0.7445861884525842,0.10181881806680129,0.17876477539539337,0.6439428840364725,0.7321007626397267,-0.14772070454699646,0.9834890961647034,0.6689771856580459,0.7596526452473228,0.10691506522042404,0.21112503111362457,0.6417552777699058,0.7466840573719565,-0.16950011466230658,0.9643703103065491,0.6691519175256998,0.7615982174873348,0.08898270332387512,0.21568581461906433,0.6433106780052182,0.7483613933835707,-0.16405969027961997,0.9537845849990845,0.6681838597570143,0.7562706708908078,0.09423090879406243,0.21080058813095093,0.6445960198129923,0.7437273366110663,-0.1468054456370217,0.9076839685440063,0.630073171002524,0.7172285948480875,0.05355123803019521,0.9999931454658508,0.6263217381068635,0.7184588892119268,-0.05355146942394118,0.9999983310699463,0.6382167475564136,0.7922923990658347,0.09456650934049057,0.5692838430404663,0.6288626006671357,0.8007706829479758,-0.06151117437652176,0.999458372592926,0.646768602303096,0.8663303477423527,0.13731876782008573,0.8087385892868042,0.6204544833728243,0.8882958786828172,-0.0749702267348766,0.9981738924980164,0.6432002782821652,0.8797259518078391,0.1384936072996684,0.9125058054924011,0.6147769008363994,0.903622995104108,-0.07766676598361558,0.9948241710662842,0.6672468985830031,0.877167347499302,0.1081492563443524,0.7742663025856018,0.6396181685583929,0.9082375560488015,-0.126823564512389,0.9874081015586853
18,0.66334410735539,0.5930316141673494,0.01336908428264515,0.9979738593101501,0.6624269485473631,0.5875169634819029,0.019820591221962648,0.9952795505523682,0.6617246934345786,0.5872496417590547,0.01975810682134968,0.9938004016876221,0.6610608782087051,0.5869449819837296,0.01976218101169381,0.9952155351638794,0.6645593013082229,0.5887944119317188,0.006433676209832937,0.9979895353317261,0.6653158034597121,0.5893989069121222,0.006338965121124468,0.998524010181427,0.6661010997635974,0.5899065818105422,0.006297873838671614,0.9991830587387085,0.6590061085564747,0.590666888441358,0.04512756897934843,0.9958406090736389,0.6658950890813552,0.5936744724001201,-0.015822437831333698,0.998708188533783,0.6621763927595953,0.5998863101005552,0.024052661444459632,0.9969492554664612,0.6638297489711213,0.600937371594565,0.00583153345755168,0.9983400106430054,0.6585224611418585,0.6324151294572009,0.08639376674379617,0.9999752640724182,0.6538739562034603,0.6275477085794718,-0.07288992607167785,0.9999987483024597,0.6671457018171035,0.6822091306958877,0.10903119317122863,0.2147866040468216,0.64333404472896,0.6762035352843145,-0.1401559180447033,0.9914684891700745,0.6821086815425325,0.7316953948565889,0.08689168766140934,0.20980733633041382,0.6402143188885276,0.7256110634122572,-0.18440371730497895,0.9800921082496643,0.6859387329646516,0.7444095424243378,0.09074751372848235,0.2356623262166977,0.6379698395729062,0.7400921549115859,-0.20850502295153472,0.9587342143058777,0.6868458918162752,0.7460590617997302,0.07200003670794619,0.24450132250785828,0.6398613640240258,0.7412166544369285,-0.20350614381687976,0.9479650259017944,0.6846711073602946,0.7413551228387012,0.07870325903807365,0.2421846240758896,0.6411203197070527,0.7370360510689868,-0.1841827439410345,0.8948517441749573,0.6309367895126339,0.7186851808003013,0.053151402835335024,0.9999927878379822,0.6245992353984284,0.7185795136860436,-0.053137625647442656,0.9999979734420776,0.6416724903242925,0.7902466263089858,0.06419369833809985,0.5414599180221558,0.6291521378925865,0.8003167152404782,-0.07764073376144678,0.9991911053657532,0.6474790828568592,0.8661218370710096,0.08643906329359324,0.7927798628807068,0.6203487702778405,0.8886053000177652,-0.10541719357882222,0.9979938268661499,0.643488766465868,0.8799491184098375,0.08516306408814017,0.8944944739341736,0.6145654235567362,0.9034996611731388,-0.11027000897697035,0.9933963418006897,0.6679571577480858,0.8776007907731188,0.047526835118021256,0.7696478366851807,0.6395358170781813,0.9084128226552686,-0.1653611868619918,0.9874749183654785
19,0.6605101125580921,0.5916783196585516,0.007719220586919356,0.9981750845909119,0.6595860123634335,0.5857858283179144,0.012735348061791484,0.9957473278045654,0.6589079465184889,0.5854242954935344,0.012672963259475567,0.9944151639938354,0.6582726648875643,0.5850629312651495,0.012675183718757964,0.995690107345581,0.6616475735391886,0.5871949638639176,-0.0004274120155189718,0.9981893301010132,0.6624028376170563,0.5877716898918149,-0.0005171008275023526,0.9986706972122192,0.6631780334881371,0.5882346510887143,-0.0005453213982816243,0.9992639422416687,0.6561203547886436,0.5885103770664757,0.034061999818576216,0.996254563331604,0.663089675562722,0.5913647242954796,-0.02598716637917926,0.9988357424736023,0.6594307422637936,0.5984457731246946,0.017149726221604,0.997252881526947,0.6611939873014174,0.5998313256672448,-0.0008024038613906916,0.9985051155090332,0.6580705744879582,0.6325392348425727,0.07177253386804033,0.9999774098396301,0.6494637829916815,0.6274377499307902,-0.07917639059679846,0.9999988079071045,0.6751331124986918,0.6725623863083973,0.09231861276285985,0.28755757212638855,0.635805375235421,0.6760841471808294,-0.14509245029517576,0.9922412037849426,0.6968887516430443,0.7112954037530078,0.07500656438725331,0.2848416268825531,0.6315413117408749,0.7268129689352849,-0.1902128385646002,0.981959342956543,0.7026788830757138,0.7195221849850243,0.07860680845166952,0.3071800768375397,0.6297896334103172,0.7387168151991704,-0.21307955469403939,0.9626309871673584,0.7038645761353626,0.7192331807953968,0.06077822202018326,0.31607404351234436,0.630998747689383,0.7411012717655723,-0.21016580419880992,0.952915370464325,0.7011928439140317,0.716673750536782,0.06712778072272026,0.31430062651634216,0.6320588912282668,0.7368842278208048,-0.1908813216856547,0.9047324061393738,0.6327932766505647,0.7208883200372965,0.05244398127709114,0.9999925494194031,0.6238502996308459,0.7196977955954411,-0.052403596150023574,0.9999976754188538,0.6461152809006825,0.7883855700492854,0.057036228265081104,0.5721556544303894,0.6314760565757749,0.7999599541936597,-0.08366925833480696,0.9992415904998779,0.6479499663625442,0.8659554379326952,0.07247937385525018,0.809299886226654,0.6202650410788397,0.8889101982116696,-0.11677115389278953,0.9981619715690613,0.6436113527842928,0.8801426955631797,0.07070701697043007,0.9009729027748108,0.6142785123416353,0.903417313098907,-0.1223417705723217,0.9937936067581177,0.6681694167000903,0.8781657423291884,0.03357778500233376,0.7898291349411011,0.6394560285976951,0.9085859145436963,-0.17406587749719613,0.9886142015457153
20,0.6577788438115798,0.5898154769624979,-0.015369210232581405,0.9983571767807007,0.6568380083356582,0.5839579922812322,-0.011444921152932299,0.9961712956428528,0.6562940154756816,0.5836021099771769,-0.011509675532579417,0.994972288608551,0.6557960152626034,0.5832429409027097,-0.011509617950235088,0.9961200952529907,0.6586607354027881,0.5853829843657354,-0.02357750463166406,0.9983700513839722,0.6593822053500582,0.58594571011407,-0.02366901101278406,0.9988033771514893,0.6601259810583928,0.5863560778754096,-0.023698307946324337,0.9993373155593872,0.6540482759475705,0.5869175553321836,0.009826943597623273,0.9966286420822144,0.6599835872650144,0.5892138685498916,-0.04580744659262042,0.9989517331123352,0.6571725760187419,0.5968189801488601,-0.0057250524871051275,0.9975270628929138,0.6586699809346876,0.5980299353599545,-0.02238124353545052,0.998654305934906,0.6592784779412403,0.6312785165650501,0.04806680849620271,0.9999794960021973,0.6449964523315427,0.6274580887385774,-0.08975724045719416,0.9999988675117493,0.6843753576278684,0.6590968745095387,0.06797761161412508,0.35601264238357544,0.6301389132227213,0.6753859519958493,-0.15168262251785816,0.9929329752922058,0.7124841349465503,0.681576607908521,0.05466041926826747,0.35389450192451477,0.6233907972063334,0.7245873212814328,-0.2024339939866746,0.9833851456642151,0.7192408987454002,0.6861183830669945,0.05678759557860236,0.37303072214126587,0.6202220167432511,0.7362709403038021,-0.22534644731453476,0.9656652808189392,0.7205436042376924,0.6841836503573823,0.04002724385687281,0.3817082941532135,0.6214847564697263,0.7391634140695841,-0.2255171013729912,0.9568961262702942,0.7178718124117167,0.683741564410073,0.04709280537707463,0.38036149740219116,0.6228768501962931,0.7350762265069141,-0.20457476036889202,0.9128037095069885,0.6353796941893438,0.724490986551557,0.05057354047894476,0.9999927282333374,0.6243433509554179,0.7225820643561224,-0.05051202284438267,0.9999974966049194,0.650063347816467,0.7870248232569009,0.07471725919416969,0.6037871837615967,0.6349282928875511,0.8008525524820597,-0.07344051642077307,0.9993012547492981,0.6489878637450078,0.865073226179395,0.09803333069596967,0.8261874914169312,0.6203467624528065,0.8889501367296486,-0.09683904541390279,0.9983303546905518,0.6443668229239324,0.8793937444686886,0.09784622383969166,0.9082446694374084,0.6140634536743161,0.9034288338252472,-0.1007578632661274,0.9942722320556641,0.668381948130471,0.8784894125802172,0.07088490916149955,0.8094900846481323,0.639472379003252,0.9086605174200871,-0.1463823476008006,0.9897109270095825
21,0.6546191198485235,0.587918720926557,-0.027012502348848742,0.9985191822052002,0.6536846467426842,0.5822776164327346,-0.022621356057269226,0.9965436458587646,0.653374602113451,0.5819755520139419,-0.022684869116970464,0.9954613447189331,0.6531003952026364,0.5816856622695921,-0.022687123715877527,0.9964979290962219,0.6551314132554187,0.5834798778806412,-0.03332092911005019,0.9985308647155762,0.6558250478335786,0.5839097738265988,-0.03341501738343919,0.9989213943481445,0.6565560664449416,0.5841664348329814,-0.03344666186187947,0.9994021654129028,0.6522934964724947,0.5855631044932771,0.0023184949665197266,0.9969605207443237,0.6565093840871535,0.5868528314999168,-0.04702369235455988,0.9990531206130981,0.6546726976122171,0.5951209647314886,-0.016122084377067424,0.9977710843086243,0.6556322285107201,0.595696345397404,-0.030919083261064108,0.9987872838973999,0.6610312751361298,0.6276175924709863,0.040209572336503414,0.9999808669090271,0.6403885534831453,0.626356780529022,-0.08651306650468277,0.9999988675117493,0.6909285034452163,0.6404957328523906,0.054130060970783204,0.4105249047279358,0.6261979324477057,0.6712616511753624,-0.14741476987089422,0.9929584860801697,0.7198734555925639,0.6455547111374988,0.03447255726371491,0.4059847593307495,0.6183567745344976,0.7162352255412507,-0.20925282708236137,0.9833511114120483,0.725969644955226,0.6434600182941979,0.03306644596159457,0.42085540294647217,0.6136812601770671,0.7276103547641206,-0.23315598155770972,0.9667575359344482,0.726628003801618,0.6402274608612057,0.0185018097183534,0.43143534660339355,0.6157535416739325,0.7303584166935508,-0.2356783411332538,0.9588796496391296,0.7243897318840024,0.6416545408112659,0.027445967495441422,0.43097686767578125,0.6177674617086135,0.7269320147378101,-0.21264327764511098,0.9162729978561401,0.6375412310872757,0.726095138277326,0.048262233499969734,0.999991774559021,0.6249387059892924,0.7241436992372782,-0.048208981858832475,0.9999967813491821,0.6545000587190898,0.7843734008925298,0.06936833102788241,0.578723132610321,0.6383887307984486,0.8021319082805085,-0.07511760017701555,0.9988570809364319,0.6504827039582386,0.8639292853219165,0.09909037372895645,0.8087728023529053,0.6204109021595543,0.8891201428004669,-0.09009850259338101,0.9978637099266052,0.6453311392239159,0.878209463187626,0.09976429662534164,0.8888059258460999,0.6138954826763695,0.9036239232335768,-0.09300029064927778,0.9909750819206238,0.6696234089987616,0.8783659594399584,0.07387075626424378,0.8070890307426453,0.6397626127515518,0.9087506175041195,-0.13958720564842217,0.9894958734512329
22,0.6530485187258035,0.5872052294867376,-0.018502360103385778,0.9986664652824402,0.6519345607076369,0.581729984283447,-0.012815869706017623,0.9968857169151306,0.6517256855964657,0.581498781272343,-0.012875873222947115,0.99591064453125,0.6515541025570457,0.581299419062478,-0.012879308366349759,0.9968447089195251,0.6528922711099894,0.5826894266264777,-0.022875988164118344,0.9986770749092102,0.6533301132065906,0.5830287967409404,-0.02297139614820479,0.999028742313385,0.653804768834795,0.5832305397306168,-0.022997449338436116,0.9994615316390991,0.651146875108991,0.5850605607032773,0.01571474112570285,0.9972627758979797,0.653212465558733,0.5860160231590268,-0.030591065809130652,0.9991466999053955,0.6533234068325584,0.5942777752876279,-0.006633986173463715,0.997992992401123,0.6537472367286679,0.5944893956184385,-0.020560987506593964,0.9989081025123596,0.6623108693531579,0.623037437030247,0.050272640053715,0.999982476234436,0.6377337336540219,0.6256912418774193,-0.06849482208490368,0.999998927116394,0.692050572804042,0.6198707478387012,0.05865031353064943,0.4656416177749634,0.6229510171072821,0.6653161593845909,-0.1319192345653261,0.9933964610099792,0.7184252534593851,0.6096701298441203,0.030597821516650046,0.46312376856803894,0.6148500527654372,0.704963968481336,-0.20485991963318406,0.9845834970474243,0.7247584802763799,0.6042884503092082,0.026304029832993223,0.4758260250091553,0.6086157390049522,0.7188605989728651,-0.2293443990605217,0.9695143699645996,0.7248735036168776,0.6010842425482611,0.013366250800234923,0.4858165681362152,0.6110970309802461,0.7198947770254949,-0.2334502854517527,0.9624282121658325,0.7226455245699198,0.6030201877866469,0.023880846479109347,0.48533397912979126,0.6137824620519363,0.7167122023446215,-0.20907329491206567,0.9233511686325073,0.6395496147019519,0.7269585592406134,0.046397556151662536,0.9999918937683105,0.6253995639937262,0.7253893920353478,-0.04637159087828225,0.9999966621398926,0.65862580367497,0.782693471227373,0.0481806264391967,0.5896635055541992,0.6410081045968189,0.8043628760746544,-0.08303610192877903,0.9987766146659851,0.6518415876797264,0.8631181120872494,0.08072280841214312,0.808007538318634,0.6205261877604891,0.8898069109235487,-0.09291457810572212,0.997746467590332,0.6461896181106564,0.8771250605583187,0.08120099518980295,0.8841639161109924,0.6137589659009658,0.904144624301365,-0.09558550970894945,0.9895287156105042,0.670888383047921,0.8784600785800385,0.05108778434140339,0.8149644136428833,0.6400764635631013,0.9088116850171766,-0.1456534130232674,0.9898788332939148
23,0.6535431810787742,0.5884295616831096,-0.015777682406561706,0.9987996220588684,0.6520653435162133,0.5829239709036689,-0.009171789565256657,0.9971961975097656,0.6518223541123523,0.582627895900181,-0.00923331917396613,0.996318519115448,0.6516293934413362,0.582355439662933,-0.009237237221428319,0.9971594214439392,0.6524633799280435,0.5839251943996973,-0.020286186305539935,0.9988091588020325,0.6524560502597261,0.5842490298407417,-0.020382484634007714,0.9991257190704346,0.6524772456714083,0.5844475695065088,-0.02040770745703151,0.9995152354240417,0.6506303548812863,0.58607097693852,0.021864720580301106,0.9975361227989197,0.650776956762586,0.5872279609952651,-0.029060691701514364,0.99923175573349,0.6534778765269684,0.5951392769813535,-0.003034172207117076,0.9981934428215027,0.6532781107085088,0.5954288618905201,-0.01835610946374279,0.9990171790122986,0.6619429162570405,0.6186836736542836,0.054609393807394144,0.9999840259552002,0.6358769229480196,0.6260715671948021,-0.06399402660982946,0.9999989867210388,0.6880622335842674,0.6026269333703174,0.06542871104819431,0.5174953937530518,0.6187209282602579,0.6616347091538562,-0.12768230055059698,0.9939336180686951,0.7124997786113191,0.5813132694789339,0.038491906997348564,0.5164874196052551,0.6099048580442152,0.6975793566022597,-0.20144572257995594,0.9859307408332825,0.7188489709581645,0.5728512593678063,0.03383348098224293,0.5277295112609863,0.6039367590631755,0.7112629209245951,-0.22539583231721594,0.972273588180542,0.7185648628643577,0.5697533556393212,0.021954508764403198,0.5367972254753113,0.6062728387968878,0.7129366227558678,-0.23031670536313728,0.9658981561660767,0.7161239828382217,0.5724348306655882,0.03216505265195986,0.5363336205482483,0.609127947262355,0.709603713239942,-0.20587049509797767,0.930365800857544,0.6413811905043463,0.7269335355077468,0.04572724710617744,0.999992311000824,0.6260300465992517,0.7270464267049513,-0.045721427776983785,0.9999966621398926,0.6623072675296235,0.7825841886656622,0.03925956881472041,0.6235321164131165,0.6444105625152585,0.8073898673057552,-0.08982278896229604,0.9988294243812561,0.6528360486030576,0.8631020001002716,0.07896238927330286,0.8218933343887329,0.6207125135830468,0.8905751296452109,-0.09753826132842469,0.9978363513946533,0.6466727495193478,0.8770278658185682,0.08041063078812186,0.889244019985199,0.6137426189013886,0.9044620275497433,-0.1003395455224173,0.9892652630805969,0.6718252658843991,0.8786446775708876,0.047855259478092174,0.8301544189453125,0.640334778172629,0.9090214439800803,-0.14924311850752142,0.9905968904495239
24,0.6552042450223647,0.5904444830758229,-0.03184700129287582,0.9989194273948669,0.6531507509095325,0.5848042181559969,-0.024556692849312493,0.9974756240844727,0.6528206229209897,0.5844473617417469,-0.02462819282497677,0.9966855049133301,0.652552703448704,0.584069102151053,-0.024630191070692864,0.9974424839019775,0.6529019100325445,0.585939300060272,-0.03703434807913642,0.9989280700683594,0.6523402452468869,0.586324870586395,-0.037136627414396814,0.9992130398750305,0.6517582586833406,0.5866391931261332,-0.03717239605528966,0.9995635747909546,0.6503463472638809,0.5874787875584191,0.010498106213552608,0.9977821111679077,0.6480836868286131,0.5897283554077146,-0.04688324412064891,0.9993083477020264,0.6547715442521229,0.5974066853523252,-0.017576233843075367,0.9983737468719482,0.6538689323834007,0.5981508050646098,-0.03480951381581168,0.9991153478622437,0.6611072046416142,0.6157610092844279,0.04417640848883558,0.99998539686203,0.634584285531725,0.6268768719264436,-0.07535986964191706,0.9999990463256836,0.6844092948096137,0.5916933502469741,0.0586909983307123,0.5639638304710388,0.6154127155031474,0.6590825932366504,-0.14898544464792518,0.9944781064987183,0.7087197763579229,0.5615748899323596,0.034472650928156705,0.5642247796058655,0.6064382723399568,0.6892816117831635,-0.2338329770735331,0.9872497320175171,0.7143475294113156,0.5515566723687305,0.02976230118157607,0.574067234992981,0.6013236148016791,0.703096999440874,-0.2597967846052986,0.9749088287353516,0.7142475485801694,0.5488312908581323,0.017970495990344452,0.582324743270874,0.6036820411682127,0.7051645653588429,-0.2641865283250807,0.9691687226295471,0.7118183715002874,0.5525786314691814,0.02818659015798142,0.5818742513656616,0.6062902007784159,0.7015301857675822,-0.23833436157022192,0.9369940757751465,0.6432245356695989,0.7279496857098168,0.04591426753572053,0.999992847442627,0.627550101280212,0.7301462428910388,-0.04591553456016947,0.9999968409538269,0.6659024442945204,0.7829735858099798,0.049111694842576964,0.655613899230957,0.6476260883467535,0.811129944665091,-0.0922663379992757,0.9989049434661865,0.6535031488963533,0.8620548180171418,0.0954761568989072,0.8355991840362549,0.6213723455156597,0.8911748477390831,-0.09613415194409229,0.99796062707901,0.64717983007431,0.8759279642786294,0.09835662671497884,0.8958869576454163,0.6137671300343102,0.9044992038181845,-0.0981048954384667,0.9894203543663025,0.6721422110285075,0.8788315262113295,0.06786111146211621,0.8440355062484741,0.6406484280313761,0.9093654087611603,-0.14750330022403163,0.9912965893745422
25,0.6545505540711536,0.593147996493748,-0.07041508262710908,0.9990272521972656,0.6520940252712791,0.5874380469322202,-0.06288616045245099,0.9977271556854248,0.6518667680876593,0.5869256462369643,-0.0629715458090816,0.9970158934593201,0.6516871758869713,0.58636839389801,-0.06296814616237364,0.9976972937583923,0.6512897031647815,0.5887899586132592,-0.07577083190636971,0.9990350604057312,0.6504485504967823,0.5892618860517227,-0.07588179883147986,0.9992915987968445,0.649572214058467,0.5897479074341907,-0.07593024255973949,0.9996070861816406,0.6488437090601237,0.5890720776149202,-0.022350875341466486,0.9980035424232483,0.6448091353688918,0.5933168683733256,-0.081999502650329,0.9993772506713867,0.6543946930340355,0.600330567359924,-0.05382054174052815,0.9985360503196716,0.6530551365443635,0.6016496130398339,-0.07168939076364036,0.9992036819458008,0.6594482779502866,0.6136497753007069,0.018031345143182463,0.9999866485595703,0.632439201218741,0.6287816405296323,-0.1025701808077948,0.9999990463256836,0.681941839626857,0.5845191938536505,0.03276486221168721,0.6048582196235657,0.6122329013688221,0.659587342398507,-0.1788728496858051,0.994901716709137,0.7046198027474537,0.5483302065304345,0.0029974360285060717,0.6069928407669067,0.604313949176243,0.6869131054197035,-0.27317068661962224,0.9882717728614807,0.7088415179933817,0.5359254343169073,-0.0040334264381921715,0.6155679821968079,0.6003034864153178,0.7004309875624517,-0.30199011351381017,0.9770485758781433,0.7087058986936293,0.5328110575675962,-0.015755709367138993,0.6231071949005127,0.6030549049377438,0.7021358592169622,-0.30646553039550767,0.9718860983848572,0.7067101819174627,0.5377554331507,-0.0033715258984427367,0.6226192116737366,0.6053399307387213,0.6982663188661844,-0.2779457130602426,0.9424594640731812,0.6446415390287124,0.7290987934385024,0.04644162058830259,0.9999931454658508,0.6296906777790612,0.7336386970111298,-0.04644804469176699,0.9999968409538269,0.669002682822091,0.7846090435981747,0.06142496040889192,0.6843535304069519,0.6511247226170128,0.8146413939339769,-0.09472326742751253,0.9989238977432251,0.6537748558180669,0.8612176537513729,0.1254784567015511,0.8469716906547546,0.6222997392926894,0.8906233463968545,-0.08681464152676714,0.997949481010437,0.6473678742136271,0.874715423583984,0.13046914871249873,0.9000253677368164,0.6137773752212521,0.9034469127655025,-0.08704435314450941,0.9883601069450378,0.6722944770540507,0.8793948973928175,0.09804220007998599,0.8561158776283264,0.6410318698201858,0.9096417563302173,-0.1383495662893567,0.9917023777961731
26,0.6533247675214492,0.5957569411822725,-0.09965140154319146,0.9991244077682495,0.6504862734249657,0.5901657887867515,-0.09185281768441197,0.9979540109634399,0.6503044009208676,0.5895980647632051,-0.09195150525442186,0.9973138570785522,0.6501581447465077,0.5890042219843181,-0.09194469691387241,0.9979271292686462,0.6494108523641311,0.5915894269943234,-0.1047851508217198,0.999131441116333,0.6484287687710351,0.5921547242573326,-0.10490531974605147,0.9993624091148376,0.6474131345748899,0.5928318432399202,-0.10496014824935362,0.9996463060379028,0.6466893145016258,0.5915019869804379,-0.04772985880928378,0.9982030391693115,0.6420476351465495,0.5972551090376715,-0.10750075408390584,0.9994393587112427,0.653586183275495,0.6030506610870359,-0.08157295270689893,0.9986822605133057,0.6521845170429771,0.6048029031072342,-0.09948990914438446,0.9992832541465759,0.6573856047221589,0.613673765318734,-0.000909040422577943,0.999987781047821,0.6296946440424236,0.6330437404768805,-0.12053342184850142,0.9999990463256836,0.6797789301191055,0.5811554125377107,0.01794796329257743,0.6415578722953796,0.6092367359570091,0.6615556427410667,-0.18616373113223475,0.9952932596206665,0.7007043548992699,0.5411748256002151,-0.015658425539731975,0.6456125378608704,0.6035745671817232,0.6899543098040986,-0.27376591776098513,0.9892062544822693,0.7047038572175159,0.5280982937131606,-0.023904969317040264,0.6531367897987366,0.601294193949018,0.7039394583020888,-0.30195090259824464,0.9789646863937378,0.7047990833009988,0.5255810652460368,-0.036180223950317905,0.6600052118301392,0.604075147424425,0.7038656949996944,-0.3070872724056243,0.9743324518203735,0.7032378009387422,0.5305490255355833,-0.02225463663094809,0.6594343781471252,0.6057320100920538,0.7000246473721092,-0.27850764734404415,0.9473476409912109,0.6462849565914696,0.7328206062316891,0.04670653045177457,0.9999933242797852,0.6325404030936103,0.7385266593524384,-0.046715817387614905,0.9999967813491821,0.6718362467629566,0.7872004508972164,0.060593450708048655,0.7123039364814758,0.6548117109707421,0.8181610107421871,-0.0959888481668063,0.9989677667617798,0.6538591674395967,0.8600138187408444,0.13892728941781174,0.8593626618385315,0.6235178504671366,0.8891650148800436,-0.07000059293849124,0.9979445338249207,0.6472113796642845,0.8724854997226166,0.14167534687689365,0.9061389565467834,0.6137473327772955,0.9015078766005375,-0.06804831134421481,0.98736572265625,0.671857074328831,0.8799437761306759,0.11189409068652556,0.8684865832328796,0.6412592411041257,0.909733973230634,-0.11791764710630684,0.9921513199806213
27,0.651642617157527,0.5972526414053778,-0.11138870652232846,0.9992117285728455,0.6484428371701918,0.5920202016830441,-0.10369305961898391,0.9981579780578613,0.6482268077986578,0.5915784869875224,-0.10380223787256646,0.9975818395614624,0.6480408379009789,0.5911397167614525,-0.10379751345940993,0.9981338381767273,0.6474549327577861,0.5933203356606618,-0.11619247070380614,0.9992181062698364,0.6464971985135757,0.5939738375799993,-0.11631886575903207,0.9994260668754578,0.6455441832542417,0.594755513327462,-0.11637596424136837,0.9996815323829651,0.6443446295601978,0.5944721698760984,-0.059206285008362336,0.9983825087547302,0.6404400161334444,0.6000130176544186,-0.11684160019670208,0.9994951486587524,0.6522437572479245,0.6044707536697385,-0.09308582959430554,0.998813807964325,0.6509340252195082,0.6062247140066961,-0.11041079482861924,0.9993548393249512,0.6553978885923111,0.6149129254477361,-0.01056244152298729,0.9999887943267822,0.6272746545927863,0.6387543473924906,-0.12534097560814444,0.9999989867210388,0.6769179122788562,0.5795322179794309,0.009718867231276813,0.6755065321922302,0.6075201000486099,0.6636924930981224,-0.18402909210750026,0.9956341981887817,0.6967561738831654,0.5369921037128991,-0.026512966704155705,0.6807612776756287,0.6055371948650903,0.6933780091149463,-0.26727756815297254,0.9900986552238464,0.7006618908473421,0.5230787805148531,-0.03571512631606309,0.6874082684516907,0.6040599993297029,0.7051978060177391,-0.2944942823478153,0.9807559847831726,0.7008678572518481,0.52087653023856,-0.04796266156647884,0.6936343312263489,0.6064724768911086,0.7041251097406657,-0.2995479021753582,0.9765952229499817,0.6995576688221519,0.5253260186740327,-0.03310609383708131,0.6930597424507141,0.6082818780626567,0.7009772334780009,-0.2718030103615351,0.9519319534301758,0.6480795962469916,0.7359263743673048,0.04655469294105255,0.9999929666519165,0.634879090104784,0.7422731876373287,-0.0465695509953158,0.9999961256980896,0.6744372265679492,0.7898963229996814,0.05584214436156407,0.7390252947807312,0.6575400028909952,0.8199632321085244,-0.09570882916450496,0.9989528656005859,0.6539342130933486,0.8594205839293341,0.13973227569035113,0.8711267709732056,0.6245866962841576,0.8870875818388798,-0.05429703699690953,0.9978266358375549,0.6472026143755228,0.8705402817044936,0.14038516559771125,0.9119043946266174,0.6140749250139506,0.8986231957163124,-0.05108719308461459,0.9854329824447632,0.6714032139096937,0.8802928975650238,0.11945635165487012,0.8800033926963806,0.6412839429719104,0.9097099389348706,-0.09834450164011542,0.9923514127731323
28,0.6495777113097052,0.5977945072310309,-0.11865923149245121,0.999289870262146,0.6461339678083144,0.5930076054164338,-0.11120278132813312,0.9983404874801636,0.6458691818373541,0.5928445032664705,-0.11132234505244659,0.9978220462799072,0.6456386651311599,0.5926901340484616,-0.11132200871195107,0.9983192086219788,0.6452295609882897,0.5941914371081758,-0.12300006853682648,0.999295711517334,0.6443123289516991,0.5949934278215678,-0.1231305456587246,0.999483048915863,0.643403453486306,0.5959492240633281,-0.1231896383421761,0.9997128844261169,0.6419123666627063,0.5969332047871179,-0.06713623840894015,0.9985436797142029,0.6383531383105684,0.6020794408661976,-0.12149554980652667,0.9995444416999817,0.650398060253688,0.6053056223051886,-0.10043714301926744,0.9989318251609802,0.6490849750382557,0.6071366429328916,-0.11683819251401079,0.9994189739227295,0.6537406682968137,0.6164213555199757,-0.01794956138224473,0.9999897480010986,0.6254120264734537,0.6446218933377944,-0.12500701844692225,0.9999986290931702,0.6728549122810361,0.5785354375839231,0.004974439595493352,0.7055747509002686,0.6056840573038371,0.6685886059488566,-0.17568745655672882,0.9949759840965271,0.6913878832544595,0.5337845632008141,-0.02860644888132809,0.7121562361717224,0.6085661700793672,0.6959626044545851,-0.25193045394761204,0.9876306056976318,0.6951531955174034,0.5191696814128328,-0.038028906392199635,0.7179059386253357,0.6097664816038946,0.7046871849468773,-0.2773747018405368,0.9780318737030029,0.6953506520816255,0.5167111005101883,-0.04990385121532846,0.7235890626907349,0.6119123731340679,0.7022649015699111,-0.2817220432417732,0.9744633436203003,0.6941756486892697,0.5210279532841271,-0.03493012365485939,0.7229073643684387,0.6129600235394066,0.69974581684385,-0.2559074623244148,0.9480473399162292,0.6502436144011359,0.7370564579963681,0.04604489994900565,0.9999927282333374,0.6367223416055949,0.7436236722128728,-0.04606507228953496,0.9999951720237732,0.6772850905145914,0.7909943342208858,0.04568363034299439,0.7622145414352417,0.6588975259235923,0.8200044155120846,-0.09584854160036355,0.9987486004829407,0.6543868575777323,0.8586234603609353,0.12690014072826925,0.8807163834571838,0.625469807216099,0.88529211963926,-0.050466652320963964,0.9973071217536926,0.6473541072436738,0.8689192482403342,0.1275681397744587,0.9158032536506653,0.6149272697312489,0.8959836874689371,-0.046985320959772356,0.9801341891288757,0.6712886912482122,0.8802946465356005,0.11133830313171654,0.8894911408424377,0.6413287792887004,0.9096723028591697,-0.09449709377118515,0.9918987154960632
29,0.6468814168657573,0.5985883218901495,-0.1289063210998262,0.9993604421615601,0.6432389821325026,0.5942754200526643,-0.1214639333742005,0.9985055327415466,0.6429711120469226,0.5943356428827555,-0.1215928775923592,0.9980390071868896,0.6427327190126688,0.5944096565246579,-0.12159766618694573,0.9984866380691528,0.6423731820923939,0.595456254482269,-0.13316058920962465,0.9993658065795898,0.6414888926914757,0.5964399763516015,-0.13329393842390597,0.9995344877243042,0.6406153815133229,0.5976032274109974,-0.13335650222642076,0.9997413158416748,0.6391688346862789,0.5994995491845265,-0.07643521236521854,0.9986889958381653,0.6357532790728975,0.6046107377324783,-0.13034412690571368,0.9995893239974976,0.6479336040360584,0.6062888605254034,-0.11023705750703806,0.9990382194519043,0.6466354557446068,0.6082169617925368,-0.12650945101465494,0.9994768500328064,0.6523322718484058,0.6168527535029817,-0.025510763009411408,0.9999906420707703,0.6240591168403622,0.6503271392413545,-0.1310862507138933,0.9999983906745911,0.6686149852616443,0.5765504564557754,0.00022615509432008605,0.7314053177833557,0.6037632686751226,0.6756317905017305,-0.18440218823296675,0.9942169189453125,0.6851587312562122,0.530123334271567,-0.03040711714753082,0.7403097748756409,0.6110443472862241,0.6953073007719854,-0.2648196752582276,0.9855775237083435,0.6884077463831217,0.5154903922762187,-0.03993858923869471,0.7452818155288696,0.615297208513532,0.701720001016344,-0.29098793693951186,0.9760202169418335,0.6885466473443165,0.5128783379282268,-0.05145796824778827,0.750480592250824,0.6176048840795242,0.6976721201624185,-0.2940548556191579,0.972933828830719,0.6873298474720544,0.5174918362072534,-0.036476805380412494,0.7496694326400757,0.6172625371388024,0.6956247653279982,-0.2683285832405089,0.9450976848602295,0.6524077006748741,0.7371957540512081,0.04560543107134954,0.9999925494194031,0.6379066841942921,0.744328655515398,-0.04563059498156818,0.9999944567680359,0.6794749736785886,0.791619389397757,0.041949590401990054,0.78251713514328,0.6605244125638686,0.8196042214121133,-0.10048600690705431,0.9985061287879944,0.654984652996063,0.8586606025695797,0.12090058667319156,0.8881865739822388,0.6266777532441272,0.883839871202196,-0.05511555373668668,0.9968098402023315,0.6476608054978503,0.8690219657761705,0.1238929608038493,0.9191262722015381,0.6165130513054982,0.8937146493366782,-0.05196472225444655,0.9754418730735779,0.6717348234994068,0.8803349307605195,0.10202944683177126,0.8975183963775635,0.6413339597838262,0.9096408724784847,-0.09911092051437917,0.9915202260017395
30,0.6444889954158235,0.598798094476972,-0.12243054913622987,0.9994235038757324,0.6407222509384152,0.5949671200343538,-0.1144552160586629,0.9986531734466553,0.6404040626117159,0.5952117000307353,-0.11458750026566636,0.9982333779335022,0.6401131561824251,0.5954974923815043,-0.11459459108965732,0.9986367225646973,0.6400113242013111,0.5961155312401905,-0.12684280659471234,0.9994285106658936,0.639168892587934,0.5972497786794386,-0.12697963544300617,0.9995805025100708,0.6383227654865806,0.5986080322946818,-0.1270483581083161,0.9997665882110596,0.6367248620305739,0.60172187260219,-0.06910342595406938,0.9988195896148682,0.6339570403099057,0.6065610698291231,-0.12609556551490506,0.9996287226676941,0.6456432734216959,0.6066034947122844,-0.10381183709417066,0.9991336464881897,0.6445360473224092,0.6085120541708807,-0.1209675326943397,0.9995286464691162,0.6508128029959539,0.6171102625983098,-0.018525164893695278,0.9999913573265076,0.6233285699571879,0.6552171417645043,-0.13031471073627465,0.9999978542327881,0.6653142571449276,0.5749099373817441,0.009637801789878199,0.7541797757148743,0.6022520422935483,0.6835201501846311,-0.19077054730483453,0.9933162331581116,0.6793443816048755,0.5264731322016032,-0.018257647140749855,0.7654526829719543,0.6123403276715957,0.6917276416506082,-0.27708140867097025,0.9824692606925964,0.682223546504974,0.5117392778396603,-0.02672332961644444,0.7696765661239624,0.6190063493592395,0.6968746628080092,-0.30441772512027176,0.9730654954910278,0.681881989751543,0.5092154877526417,-0.03816024490765161,0.7744539976119995,0.6220809459686276,0.6911105564662385,-0.3056538139070782,0.9702631235122681,0.6806192432131083,0.5140721797943113,-0.024201182542102663,0.7735147476196289,0.6201775789260862,0.689913279669625,-0.27996459943907587,0.9398865103721619,0.6536898425647187,0.7392668536731172,0.04564941110355512,0.9999921917915344,0.6394134793962749,0.7462955662182396,-0.045673727989196757,0.9999933242797852,0.6808474574770244,0.7919913632529119,0.04310562270028249,0.7997388243675232,0.6623859184128894,0.8205139722142897,-0.10844738611153189,0.9982070922851562,0.6555408035005839,0.858457916123526,0.12445109827177858,0.8935492634773254,0.6278374484607148,0.88287113394056,-0.06539782892380439,0.996152400970459,0.6480038080896647,0.8689980421747476,0.1286874136754444,0.9215617179870605,0.6178941556385582,0.8922206538064135,-0.06214706195252279,0.9709889888763428,0.6722313114574974,0.880404332705906,0.10221894340855729,0.9031819701194763,0.6413672447204586,0.9096890722002298,-0.10482670835086273,0.9907203316688538
31,0.6424645696367534,0.5988731231008254,-0.11425305349486209,0.9994796514511108,0.6385464378765648,0.5959903069904869,-0.10586861989327834,0.9987851977348328,0.6381642443793158,0.5964297413825985,-0.10600352968488415,0.9984075427055359,0.6378122040203635,0.5969424026353016,-0.10601353091853,0.9987711310386658,0.6380579692976813,0.597054132393428,-0.11882940168891629,0.9994845986366272,0.6372892924717491,0.5983403580529346,-0.11896644979715341,0.9996216893196106,0.6365190505981442,0.5998617529869077,-0.11904083405222206,0.9997890591621399,0.634638212408338,0.6041356682777402,-0.06053017303347585,0.9989369511604309,0.6328725678580145,0.608385632719312,-0.12020616254636213,0.9996638894081116,0.6436776059014453,0.6064131259918211,-0.09581021985837387,0.9992192387580872,0.6428283231598988,0.6082440069743562,-0.1137342186910765,0.9995750188827515,0.6488833972385948,0.6177540166037421,-0.012343132815190717,0.9999919533729553,0.6232480849538529,0.6579695974077494,-0.12801991190229137,0.9999970197677612,0.662474327428,0.5732446960040498,0.013774652552508211,0.7755855321884155,0.6027953539575847,0.6897813456399098,-0.19975147460188175,0.9929186105728149,0.6732904008456636,0.5231409481593539,-0.015936117938586635,0.7883590459823608,0.6133039014680042,0.6872501799038475,-0.29556992948055255,0.9820662140846252,0.6757380979401721,0.5087471127510068,-0.024311172323567515,0.7920032143592834,0.6194495609828401,0.6906901802335463,-0.32441382833889537,0.9732551574707031,0.6748829824583868,0.5061073166983465,-0.035301509286676115,0.7963566780090332,0.6226855788912089,0.683456718921661,-0.3243034277643475,0.9706782102584839,0.6735962833677016,0.5108413168362206,-0.021764800058943875,0.7953795790672302,0.6208111541611805,0.683524405956268,-0.2982578328677585,0.9405987858772278,0.6540473835808888,0.7414351258959084,0.045787967954363115,0.9999920129776001,0.6412754450525553,0.7480063472475321,-0.04581276423164774,0.9999926090240479,0.681694538252694,0.7926600984164643,0.047596752324274585,0.8181116580963135,0.6636288881301877,0.8213843975748332,-0.11369180700608657,0.9982921481132507,0.6556702903338838,0.8590938278606954,0.12889587581157677,0.9021887183189392,0.6285166178430828,0.8823603664125711,-0.07599103642361502,0.9963319897651672,0.6484378559248785,0.8688320704868858,0.13365917248385287,0.9268093705177307,0.6184738738196234,0.8911098633493691,-0.07272553539701868,0.9717976450920105,0.6724604930196486,0.8805723173277715,0.10570665363754539,0.9109556078910828,0.6414313520703994,0.9097372310502184,-0.1137296991688864,0.9912313222885132
32,0.641109136172703,0.5994217429842265,-0.11605483548981799,0.9995294213294983,0.6371630430221554,0.5976160934993195,-0.10767727600676667,0.9989026784896851,0.6367493884904041,0.5982013446944098,-0.1078153605972017,0.9985631108283997,0.636359597955431,0.5988607083048136,-0.10782505891152785,0.9988913536071777,0.6367664609636576,0.5986648321151731,-0.12112081987517215,0.9995343089103699,0.6360770753451752,0.600068526608603,-0.121258196234703,0.9996580481529236,0.6353881563459121,0.6016833390508376,-0.12133615506546833,0.9998084306716919,0.6334738458905899,0.6064864993095395,-0.06244175306388307,0.9990422129631042,0.6321882929120741,0.6102167129516598,-0.12432916568858277,0.9996930360794067,0.6424017786979672,0.6066376243318827,-0.09761903775589802,0.9992954134941101,0.6417382734162465,0.6085429276738845,-0.11617806937013347,0.9996158480644226,0.6468598536082674,0.6193910343306402,-0.014837925615055213,0.9999924302101135,0.6232989464487345,0.6594777550016129,-0.13155163526535027,0.9999949336051941,0.6591397932597566,0.572337358338492,0.008925922560904704,0.7937616109848022,0.6039035405431472,0.6959007331303184,-0.20501985592501495,0.9904385805130005,0.666682866641453,0.5203995534351892,-0.024237368282462857,0.8084993362426758,0.6137165342058452,0.6846170340265543,-0.29996266620499734,0.9706467986106873,0.6682491132191246,0.5062082018171036,-0.033087174913712894,0.8114741444587708,0.6199780992099214,0.6836205652781893,-0.3286697438785007,0.9616377949714661,0.6672946759632652,0.503708229746137,-0.04372109015073093,0.8155010342597961,0.6235760961260111,0.675442017827715,-0.32804819260324736,0.9591310620307922,0.6663501909800935,0.5084758792604716,-0.030033283733895834,0.8143969178199768,0.6220325146402629,0.6773290157318113,-0.30245734878948743,0.9222301244735718,0.654484915733337,0.7428726673126217,0.04581832130040439,0.9999919533729553,0.6430776289531159,0.749093115329742,-0.04584369457193781,0.9999917149543762,0.6827986836433407,0.7932119522775919,0.0505631910903113,0.8342183232307434,0.6643163851329255,0.8215956841196328,-0.11584770126002171,0.9982791543006897,0.6558920962469915,0.8599449702671591,0.13057417103222432,0.9100807309150696,0.6284590874399454,0.8819474867412018,-0.08320099871073447,0.9963995218276978,0.648653069564274,0.868682047298976,0.13595668545791073,0.9317677021026611,0.6184362053871152,0.8899843096733089,-0.08016482570341651,0.9717181324958801,0.6728917036737712,0.8807628052575244,0.10788570301873339,0.9180694222450256,0.6414495689528327,0.9097974623952588,-0.12244678139686578,0.9915481209754944
33,0.6402850219181603,0.6000337822096685,-0.139230100597654,0.9995730519294739,0.6361975141933983,0.5990776538848874,-0.13151886229004173,0.9990068078041077,0.635827130930764,0.5996003065790446,-0.13166500713144025,0.998701274394989,0.6354673385620114,0.6001796960830685,-0.13167794219085144,0.9989981651306152,0.6356419597353251,0.6005391802106582,-0.14514631352254315,0.999578595161438,0.6349400350025719,0.6021822656903946,-0.14528743007353367,0.9996904134750366,0.6342398234776085,0.6039687173707141,-0.14537279222692756,0.9998255968093872,0.6327007361820763,0.608126148155757,-0.08585827744432853,0.9991362690925598,0.6311974167823788,0.6125517828123908,-0.14853873444455004,0.9997186660766602,0.6418617640222819,0.6069600326674323,-0.12031895348003926,0.9993631839752197,0.6411045738628929,0.6092392665999273,-0.1390939940299306,0.9996521472930908,0.6454277890069141,0.6211531588009422,-0.03380543696028844,0.9999926686286926,0.623641092436654,0.6607949325016563,-0.15178559635366706,0.9999924302101135,0.6554304174014497,0.572841543810708,-0.00779060555089797,0.8061119318008423,0.6048457298960002,0.7013672828674313,-0.22786605869020723,0.9869195222854614,0.6599257860864909,0.5188755852835516,-0.0414451983890363,0.825535237789154,0.6136869124003816,0.6841537271227152,-0.3258153080940245,0.962649405002594,0.6605106115341184,0.5046259088175635,-0.050752312690019584,0.8278706669807434,0.6201669148036408,0.6797287430082045,-0.35553693430764316,0.954093873500824,0.659852724415915,0.5026430274759018,-0.06181981244257516,0.8316687941551208,0.6240853122302461,0.6712977801050455,-0.35483180539948583,0.9516310691833496,0.6593490447316848,0.5077264632497512,-0.04735529114093097,0.8302775621414185,0.6229531833103722,0.6744691218648635,-0.3283092958586555,0.9089640378952026,0.655330715860639,0.7427952391760687,0.045847069578511354,0.9999915361404419,0.6440434728349955,0.7493490355355396,-0.0458717814513615,0.9999904036521912,0.6827977589198518,0.7933115363121029,0.05138997403638701,0.8476972579956055,0.665154707431793,0.8210351416042869,-0.11420627087354654,0.998028039932251,0.6558922103473115,0.860644446100507,0.12376433908939356,0.9159984588623047,0.6286798851830615,0.8806595427649357,-0.08264723036970407,0.9961152076721191,0.6483315621103556,0.8689604299409045,0.12819269640105105,0.9347918629646301,0.618437153952462,0.8886759485517225,-0.07951899287956099,0.9692724347114563,0.6731292043413432,0.8805255770683285,0.09708340806620458,0.9231925010681152,0.641362985542842,0.909623151166098,-0.12313258839505054,0.9912424087524414
34,0.6395360350608823,0.6004862802369251,-0.17336210672344474,0.9996062517166138,0.6350243636540002,0.5996174250330242,-0.16623047185795642,0.9990917444229126,0.6346905452864507,0.6000241296631946,-0.1663840708988053,0.9988164901733398,0.6343740054539269,0.6004798548562182,-0.16640027144125524,0.9990882873535156,0.6343528696468895,0.601481907708304,-0.17967580407857886,0.9996141195297241,0.6336238282067432,0.6033338086945668,-0.1798222703593117,0.9997158050537109,0.6328988756452285,0.6053035599844794,-0.17992243085588722,0.9998371601104736,0.6318196501050674,0.6083409615925377,-0.11816437861749099,0.9992180466651917,0.6299342938831871,0.6139431783131187,-0.17993187574403618,0.999730110168457,0.6412402936390464,0.6072162032127377,-0.15316232144832603,0.999420702457428,0.6404032758304048,0.6098671283040725,-0.1716606576527867,0.9996814727783203,0.6451220938137596,0.6187038234301974,-0.05759916231036184,0.9999927878379822,0.6234482867377142,0.6640896013804842,-0.17740307023216564,0.9999879002571106,0.6544326714106965,0.558784006323133,-0.025217140465974803,0.8125647306442261,0.602760131018502,0.717527890205383,-0.2599690768335545,0.9802538156509399,0.6559244172913685,0.5034295405660354,-0.05577582812735011,0.8399677276611328,0.6123204537800377,0.6926874092647004,-0.370818621399147,0.9446437954902649,0.6555005448205127,0.4888122762952529,-0.06497832983732221,0.8417631983757019,0.6184674739837643,0.6851266486304144,-0.4032421760261057,0.93626469373703,0.6546346426010129,0.4874578816550116,-0.07709542385169435,0.8454641699790955,0.6227065103394642,0.676568291868482,-0.40252619305891635,0.9340826272964478,0.6544589911188395,0.4927664586475915,-0.061942398441689334,0.8435607552528381,0.6218636666025431,0.6801652184554505,-0.37350285415138496,0.8807252049446106,0.6562826991081234,0.741903710365295,0.045935638142483554,0.9999896883964539,0.644267768519265,0.7501482384545459,-0.04596120715141295,0.9999861717224121,0.6821400540215625,0.7930706041199816,0.053166989237070056,0.8562032580375671,0.66530088186264,0.8211565187999177,-0.11393245437315527,0.9971928596496582,0.6556342193058556,0.8604575072016031,0.128577058655875,0.919195830821991,0.6286829880305695,0.879471147060394,-0.06565944935594284,0.9947753548622131,0.6478735157421653,0.8688929234232218,0.1333558844668524,0.935319185256958,0.6183482595852441,0.887960907391139,-0.06077285706996914,0.9604029655456543,0.672612575122288,0.8798867685454228,0.09832923816783083,0.9256587624549866,0.6411797472408837,0.9093131916863574,-0.10435084338699063,0.989250123500824
35,0.6381862963948928,0.601808622905186,-0.09119104274681632,0.9996288418769836,0.6335555195808408,0.600553546633039,-0.08477524561541418,0.9991586208343506,0.6331957646778649,0.6007893800735471,-0.0849126028163092,0.9989088177680969,0.6328537855829508,0.601105427742004,-0.08491525628737037,0.999161422252655,0.6330370613506859,0.6022631015096389,-0.09760187353406628,0.9996424317359924,0.632393864222935,0.6037585122244695,-0.09774069658347534,0.9997358322143555,0.6317725862775527,0.6052844337054659,-0.09782212844916749,0.9998453259468079,0.6303077510425019,0.608568705831255,-0.0480035603046417,0.9992883205413818,0.6291269966534203,0.6132035034043445,-0.10709137703691204,0.9997378587722778,0.6393543788364953,0.6083246503557476,-0.07534467109612053,0.9994685649871826,0.6387895958764209,0.6110026172229219,-0.093106135725975,0.9997047185897827,0.6383220366069245,0.6254005074501034,-0.0006765287369489663,0.9999923706054688,0.627256391729627,0.6505101885114395,-0.12486604734190868,0.9999819397926331,0.6433046630450654,0.5955574682780672,0.019472658035478416,0.8124340772628784,0.6163480928965974,0.6717586091586519,-0.1930468071784291,0.975068211555481,0.6449777330671035,0.5449887105396813,-0.01462688658918653,0.8524885177612305,0.623778142247881,0.6300622429166518,-0.26496681315558285,0.9409531354904175,0.6434085948126653,0.5328159391880033,-0.021626470344407213,0.8537687063217163,0.6267148477690558,0.6197817172322951,-0.2914682190333092,0.9327477216720581,0.643502010617937,0.5312170735427308,-0.03155374356678553,0.8573123812675476,0.6288174390792844,0.6139353615897039,-0.287537127307483,0.9306249618530273,0.6437982286725723,0.535259585721152,-0.019829341982092172,0.8548691868782043,0.6285162448883054,0.6174909574644903,-0.2657708570361136,0.873458743095398,0.6548719474247521,0.7414887257984702,0.04637463422758237,0.9999883770942688,0.6479079757417948,0.7478072234562462,-0.04641234289322578,0.9999833703041077,0.6791639004434855,0.7936832717486786,0.052473745388644064,0.8666669726371765,0.6648948856762473,0.8191170896802626,-0.11172587169068196,0.9967491626739502,0.6553583928516931,0.8609161768640786,0.11313135666506625,0.9245911836624146,0.6291088512965608,0.8780522874423431,-0.07532359915120257,0.9942348003387451,0.6476456284523008,0.8698127133505682,0.11699846216610495,0.9373079538345337,0.6184615543910432,0.88640341588429,-0.07169982695153779,0.9547910690307617,0.6716178808893473,0.8792928900037489,0.08312144832951678,0.930252730846405,0.6410612072263442,0.9086746709687364,-0.11420692546027042,0.9885379672050476
36,0.6359904578753877,0.5991121275084357,0.04011014838303836,0.9995998740196228,0.6313271386282782,0.5978985599109102,0.04616338509534085,0.9991819858551025,0.6308092594146726,0.5983828629766189,0.046050482988357525,0.9989516735076904,0.6303402764456609,0.5989333152770993,0.046076771297625115,0.9992061257362366,0.6312361325536453,0.5982829945428028,0.032843842091304906,0.9996301531791687,0.6307183946881972,0.5989628400121413,0.03271494837743895,0.9997218251228333,0.6302484188761026,0.5995576143264767,0.032660841143556996,0.9998259544372559,0.6278790354728696,0.6062347480228966,0.0669718798782144,0.9993367791175842,0.6280234302793227,0.606411984988621,0.00569374824741057,0.9996792674064636,0.6364441173417226,0.6058121919631955,0.04963526683194295,0.9994257092475891,0.6364441088267732,0.6069841997964038,0.031173845646636816,0.9996071457862854,0.6297488757542199,0.6363443834441046,0.09109498549784928,0.9999843239784241,0.6320361443928306,0.6284178887094767,-0.04401535023269906,0.999972403049469,0.6302762048585071,0.6558723449707029,0.09670143052935595,0.7418745756149292,0.6357346245220726,0.5989741700036182,-0.09528634835566789,0.9746386408805847,0.6351036156926833,0.6222642643111089,0.06048457579953327,0.8040705323219299,0.6427172592708039,0.5380112630980353,-0.11229923263724356,0.9393309950828552,0.6318106225558686,0.6160430669784542,0.057505570139203724,0.8153080344200134,0.6439224583762029,0.5226606215749465,-0.13131698904825104,0.9296713471412659,0.6328165735517226,0.6115390777587888,0.0504232238445963,0.8178941011428833,0.6434731398309976,0.5193374122892105,-0.12129367624542536,0.9259625673294067,0.6337626133646281,0.6118581073624744,0.05658291525074412,0.8111858367919922,0.6431877664157319,0.5238007247447964,-0.10987240115978883,0.8684534430503845,0.6525583778108865,0.736454698017665,0.04709430400814327,0.9999889731407166,0.6512020843369617,0.7394135424068993,-0.0471397851194654,0.999984622001648,0.6753750732966828,0.7934085743767871,0.050062299200466676,0.8599006533622742,0.6647343669618876,0.811159607342311,-0.10727434520210533,0.9968265891075134,0.6553205609321591,0.8613329785210742,0.09725306332111355,0.9232052564620972,0.6319684147834774,0.8752689736230029,-0.093243239394256,0.9942097663879395,0.6477476545742576,0.8710983361516675,0.10065625054495671,0.939166247844696,0.6206386872700279,0.8822214177676605,-0.09203549878937853,0.9569754004478455,0.6719579628535677,0.8790849379130768,0.07327177929026736,0.9282124638557434,0.641318150929042,0.9083036235400604,-0.12719943438257483,0.988251805305481
37,0.6315323778561179,0.589354530402592,0.10255333568368637,0.9996070861816406,0.6272069726671488,0.588727818216596,0.10830774583986824,0.9992333650588989,0.6265950254031587,0.5894639304706026,0.10821926210607798,0.9990217089653015,0.6260587811470029,0.5902259792600356,0.10826793291739051,0.9992640614509583,0.6275494320052009,0.5882137145314894,0.09426180379731312,0.9996438026428223,0.6272185053144179,0.5884176203182763,0.09413389222962514,0.9997304677963257,0.6269493579864498,0.5884555407932823,0.09410364585263387,0.9998281002044678,0.6238807218415394,0.597885807922908,0.12099225489156581,0.9993880391120911,0.6254151293209618,0.594432893821171,0.056784767231770915,0.9996733665466309,0.6319208025932309,0.5958318284579682,0.10895285329648423,0.9994086623191833,0.6323301758084976,0.5954998953001838,0.08958024041993273,0.999547004699707,0.6225961344582691,0.6375485539436337,0.13663022720388,0.9999776482582092,0.6357599496841427,0.6055115376199992,-0.005403436773589664,0.999966025352478,0.6257799914905,0.6585967438561573,0.13175257367214982,0.672471821308136,0.6475453921726768,0.5480184231485636,-0.02353187139545165,0.9745745658874512,0.6304081320762631,0.6319132685661313,0.09775474710123876,0.7335200309753418,0.6539169498852317,0.5025011590548922,0.0246982701122761,0.9366037845611572,0.6326602765492028,0.6319721639156339,0.09866574896233418,0.7499912977218628,0.6550866382462635,0.48876544748033773,0.016969093148197473,0.9244676828384399,0.6333176817212782,0.6273870732103073,0.09094782248139377,0.7519650459289551,0.6536343693733212,0.48758289132799393,0.027648459907088987,0.9186851382255554,0.6338706084660118,0.6270462649209156,0.09370121562055175,0.7447477579116821,0.6529879144259858,0.49186283520289803,0.02886609488299917,0.8577877283096313,0.6486151065145217,0.727195801053728,0.04786443795476639,0.9999896287918091,0.6535715835435048,0.7275228091648643,-0.04791713559201784,0.9999858140945435,0.6699751087597435,0.7908760138920372,0.05237650253943032,0.8600586652755737,0.6652242149625502,0.7977481348173955,-0.10284134319850372,0.9967309236526489,0.6554190363202773,0.8612997344561981,0.07885554667030058,0.9236773252487183,0.6374927333423066,0.8699836730957027,-0.10946046082036831,0.9939569234848022,0.6478823338236124,0.8719149300030296,0.08030150596584587,0.9403281211853027,0.6263792276382443,0.8751138687133785,-0.10978411042264526,0.958236038684845,0.6729108674185613,0.8790512221200122,0.06106047146022316,0.9271926879882812,0.6419018711362563,0.9070722511836457,-0.13455019529376705,0.9875087141990662
38,0.625724477427346,0.573988992827279,-0.0020974074091230175,0.9996345639228821,0.6216753806386672,0.5734248059136524,0.005375380601201731,0.9992934465408325,0.6211039270673476,0.5741821374211991,0.005266340289797092,0.9990981817245483,0.6206223555973596,0.5749333466802322,0.005303116408841941,0.9993255734443665,0.6221375482422962,0.5731245109013146,-0.009425515548459124,0.9996693730354309,0.6219019157545904,0.5735085896083284,-0.00955062798623528,0.9997467398643494,0.6217279349054606,0.573763687270028,-0.009599913763148445,0.9998363256454468,0.6191429751259937,0.5823985423360549,0.03690319103854041,0.99943608045578,0.6208538191659106,0.5795915535518099,-0.030505871134144907,0.9996771812438965,0.6266994731766834,0.5799052068165367,0.011354906963450557,0.9994277358055115,0.6271557177816116,0.5793600593294413,-0.008887964699949538,0.9995383620262146,0.6226173792566569,0.6127816574914111,0.0774954783064978,0.9999696612358093,0.6327675972666056,0.599472721985408,-0.0702175394631922,0.9999337196350098,0.6355220607348848,0.5894724113600591,0.09808736443519588,0.6352385878562927,0.6398594839232306,0.5735340493065968,-0.1164584521736417,0.9636233448982239,0.6441756248474118,0.5612695353371754,0.056868026299135996,0.7157378196716309,0.64314865725381,0.5501704471451893,-0.12383525310350313,0.899445116519928,0.6519038353647502,0.5626723970685683,0.05573706435305728,0.7332956194877625,0.643060163089207,0.5401377694947376,-0.1406149730352418,0.8804514408111572,0.6517724684306551,0.5595352258001052,0.051587041999612504,0.7365097403526306,0.642394958223615,0.5390389936310902,-0.13439076407147302,0.8711885213851929,0.6505040287971493,0.5613283821514672,0.05365846242223464,0.7308387160301208,0.6419710789408,0.5421223580837247,-0.1227195758638637,0.8103951811790466,0.6464377607618057,0.7094325150762282,0.048507707459585984,0.9999901056289673,0.652497099127088,0.7113271832466121,-0.04856508948973245,0.9999863505363464,0.6645541276250564,0.7805949262210298,0.055454809857266266,0.8526735305786133,0.6635498864310125,0.7841816799981249,-0.09662914850882118,0.9967483878135681,0.6545641916138782,0.8584197061402453,0.08692732767335003,0.9274610877037048,0.6428594810622076,0.8624545999935691,-0.07754465107406884,0.994219183921814,0.6474718127931864,0.8693501744951516,0.08777895501947824,0.9415809512138367,0.6331123403140474,0.8671951634543278,-0.07592258857829226,0.9602391719818115,0.6725298779351367,0.8790472507476802,0.05823763768587791,0.9305765628814697,0.643188451017652,0.9042178273200985,-0.10651272152151374,0.987906813621521
39,0.6201451880591253,0.5532160128865921,-0.04796527922153472,0.999610960483551,0.6164847646440775,0.5535559535026547,-0.03907048404216765,0.9992712736129761,0.6160930531365528,0.5541515145983013,-0.039177910344941266,0.9990781545639038,0.6157441718237738,0.554728509698595,-0.0391517258116177,0.9993274807929993,0.6168258615902489,0.5540339452879767,-0.05443622374108858,0.9996432065963745,0.6166725516319271,0.554856729507446,-0.05457069948315618,0.9997196793556213,0.6165489111627849,0.5556481020791187,-0.054635824475969576,0.9997945427894592,0.6149534668241226,0.5620441334588184,0.002309062757662357,0.9994468092918396,0.6162287763186861,0.5623972807611735,-0.06812159450990811,0.9995109438896179,0.6221442614282878,0.5582285489354812,-0.031056338122912808,0.9994319081306458,0.6224332434790472,0.5586770551545277,-0.052105239459446485,0.9994969367980957,0.6211362140519275,0.5868665218353268,0.05942594121609412,0.9999682903289795,0.6298252088682988,0.5872646093368528,-0.0978189734742045,0.9998688101768494,0.636455804961068,0.555502983501979,0.11188996434211726,0.6331791877746582,0.6381668261119295,0.582733060632433,-0.13732825980654778,0.9554876089096069,0.6489018116678507,0.523173516137259,0.10172190517187113,0.7389590740203857,0.6393368159021646,0.5764840245246885,-0.14017135362539965,0.8934695720672607,0.6565822141511096,0.517357620171138,0.10736514372485019,0.7538431286811829,0.6378919380051746,0.5725206954138617,-0.15481391730053076,0.8737258315086365,0.6564016989299226,0.5191155995641433,0.10284387405429563,0.7577785849571228,0.6374752061707629,0.5727824432509283,-0.15014976869736393,0.8647748231887817,0.6547325525965006,0.5213154503277367,0.09919934368559288,0.7520525455474854,0.6373521924018857,0.5743906361716131,-0.13919672827635485,0.7969061732292175,0.6445619038173127,0.6896458148956295,0.05028734611613408,0.9999861717224121,0.6518526979855126,0.691448628902435,-0.05033989091004642,0.9999766945838928,0.6571626935686381,0.7668143851416448,0.04817475772329737,0.8341365456581116,0.6587460705212181,0.7706042936870027,-0.09904339675392419,0.9943455457687378,0.6534989050456452,0.8528329815183363,0.059843395676995995,0.9262780547142029,0.6460746305329456,0.855045938491821,-0.08710944109729353,0.9931138753890991,0.646936614172799,0.8637900028909952,0.05839409415743178,0.9347871541976929,0.6373337847845892,0.8604467170579089,-0.08661682179995941,0.9528471827507019,0.6703765579632347,0.88030229636601,0.022206971262182497,0.9306389093399048,0.647548128877367,0.8974994131496971,-0.12501111945935653,0.9863469004631042
40,0.6161721893719261,0.533228894642421,0.00014958062342234311,0.9996449947357178,0.6127581681524001,0.5341341836111884,0.008173342049121846,0.9993396997451782,0.6123884269169395,0.5348215324538093,0.008078371626990172,0.9991650581359863,0.6120076877730231,0.5355112518583023,0.00809907875955104,0.9993909001350403,0.6132228595869879,0.5344858510153632,-0.006832520956439637,0.9996763467788696,0.6131844282150265,0.5353232060159954,-0.006971331180206371,0.9997453689575195,0.6131646599088393,0.536102713857378,-0.0070308888597147845,0.9998124241828918,0.6118310792105535,0.5434082388877867,0.03889785430261065,0.9994999766349792,0.6133355430194307,0.5428387982504705,-0.030185702549559722,0.9995553493499756,0.6187230859483989,0.5386573093278065,0.012794204162699824,0.999477207660675,0.6190794519015718,0.5387205600738523,-0.007828174744333543,0.9995324015617371,0.6185924274580816,0.5739181927272249,0.08723550396306169,0.9999653100967407,0.6279297777584618,0.5708306023052758,-0.06952645084155454,0.9998691082000732,0.6332499095371789,0.570316580363682,0.15255959076540804,0.5753791332244873,0.6418552603040419,0.5659987015383581,-0.088490577374718,0.9472473859786987,0.6497462715421402,0.5521937557629173,0.17617046875613068,0.6836906671524048,0.6424658451761516,0.5542878150939938,-0.059440991575164435,0.8501037955284119,0.6525209086281909,0.5407475386347087,0.18959021717309943,0.7038207054138184,0.6418652176856992,0.5517117491790224,-0.06801286725593464,0.8255444765090942,0.6525252001626147,0.5421744499887736,0.18184063753911417,0.7095305919647217,0.6413850443703785,0.5513553449085778,-0.06112816033086606,0.8126755952835083,0.6516771946634562,0.5430256434849328,0.17356219823871333,0.7062717080116272,0.6409670148577006,0.5531750815255299,-0.05663065407425164,0.7425470352172852,0.6415741017886567,0.6708862526076177,0.05050263585788861,0.9999869465827942,0.6495331951550072,0.6705638034003119,-0.05054663036550792,0.9999783039093018,0.6510686005864822,0.7516822814941402,0.03329281785658426,0.8332868218421936,0.653204594339643,0.7547972423689702,-0.10445459868226727,0.9948134422302246,0.6516482319150649,0.8404138275555197,0.01988140477665832,0.9300466775894165,0.6483807682991025,0.8451675466128754,-0.12118981821196415,0.9936838150024414,0.6453679902212957,0.8527282953262325,0.016563612555286704,0.9375351071357727,0.6399616803441726,0.8539267880575994,-0.1237955287098884,0.9564923048019409,0.6662332551819934,0.8729220390319821,-0.016666359454393383,0.9343621730804443,0.6561819280896865,0.8831175753048484,-0.16210412127631044,0.987359881401062
41,0.6134725076811651,0.5228745562689643,0.09843182946954451,0.9996751546859741,0.6103208882468085,0.5232886552810667,0.10143144960914335,0.9994003772735596,0.6097291231155393,0.5243430750710621,0.10135752643857679,0.9992424249649048,0.6090878520693095,0.5254542163440157,0.1013785117438861,0.9994480609893799,0.6115856681551249,0.5220871925354,0.08922263713819636,0.9997044205665588,0.6118665167263573,0.5222150325775143,0.08907655701041217,0.9997668266296387,0.6121695092746187,0.5222675272396631,0.08903135188988273,0.99982750415802,0.6089757800102231,0.5332610964775083,0.10293081136686456,0.9995474219322205,0.6132464068276539,0.5271167601857863,0.04618238104241233,0.9995915293693542,0.6155215723173956,0.5290143489837644,0.10061903681073867,0.9995183348655701,0.6166008659771508,0.5271784254482812,0.08355688197272161,0.9995614886283875,0.6137410283088681,0.5758238962718416,0.12707770477448185,0.9999654293060303,0.6286914110183712,0.5473778843879697,-0.009767120677445607,0.9998787045478821,0.6250760010310579,0.5858870318957735,0.18467855198042726,0.5353946685791016,0.6450869883809768,0.5227812843663349,0.009540604617047529,0.9498516321182251,0.6383078200476507,0.5749782630375451,0.2508361646107264,0.6621185541152954,0.6455142855644223,0.5028232344559258,0.10277213220085413,0.8610044717788696,0.6394619958741321,0.5651539819581165,0.2726067628179277,0.6819996237754822,0.6467481221471512,0.4978950807026452,0.10694181408200942,0.8364657759666443,0.6391765032495769,0.5651264429092404,0.2594963797501154,0.6889545917510986,0.6464429242270331,0.49752685768263655,0.11600746182458738,0.8234536051750183,0.6394558514867508,0.5655138918331688,0.2475372094128812,0.6851022243499756,0.6457075919423781,0.5004728393895284,0.10797615210924827,0.7556232810020447,0.6352034211158749,0.6613953692572454,0.047379775132451715,0.9999868273735046,0.6475878545216148,0.6574219754764009,-0.04742133808987479,0.9999791979789734,0.6474105596542354,0.7397057993071416,0.038237915188074095,0.8089052438735962,0.6510804227420259,0.7400706819125581,-0.10028284064361023,0.9946218132972717,0.6501496195793148,0.8244119593075339,0.009319638860012799,0.9083124995231628,0.6497574618884492,0.8326872110366818,-0.13490483814052168,0.9925878047943115,0.6437449387141634,0.8379721556391031,0.0062520306291324705,0.930780827999115,0.6419700537409099,0.8441472802843363,-0.1386143477899687,0.9563254117965698,0.6610747354371204,0.8557821461132591,-0.004543004930019375,0.9121676683425903,0.662447391237531,0.8660430414336064,-0.16163334101438515,0.9828778505325317
42,0.6115157876695902,0.5234530057225906,0.13049225413373533,0.9996246099472046,0.6085781352860584,0.521786318506513,0.13044052118701588,0.9993830919265747,0.6076529519898548,0.5230516314506528,0.13035529766763954,0.99921715259552,0.6066553865160258,0.5244040182658601,0.130362428884421,0.9994436502456665,0.6107873916625973,0.518936194692339,0.12110959182360337,0.9996814727783203,0.6114020637103487,0.5181675008365083,0.12096609364130662,0.9997425079345703,0.612074724265507,0.5173387765884396,0.1209141216639961,0.9998108744621277,0.6063395040375843,0.5305085420608517,0.11875442681568005,0.9995575547218323,0.614217936992645,0.519538799354008,0.07472091660435708,0.9995750188827515,0.6121847050530567,0.5304115789277211,0.12810500721846302,0.9994068145751953,0.6143344249044143,0.5265478117125373,0.11472879036196634,0.9994223117828369,0.6097732952662874,0.5773405824388773,0.1314564549497195,0.9999483823776245,0.6288873842784334,0.5333092212677,0.012943564940776142,0.9998850226402283,0.6222390140805923,0.5889673233032223,0.18916280652795509,0.48479804396629333,0.6439758522169927,0.4910434867654526,0.007183886558881826,0.9518481492996216,0.6344688926424296,0.5819891980716158,0.26377526521682726,0.5977376103401184,0.6433610217911854,0.4481614453451972,0.06563383223755015,0.8679754137992859,0.6359557441302706,0.5758613007409229,0.28574256982122137,0.6164494156837463,0.6441067865916658,0.4358168806348526,0.063995165590729,0.8419479131698608,0.6363535693713593,0.5723537768636429,0.2752417002405438,0.6227490901947021,0.643472303662981,0.43533710581915697,0.07569900676608082,0.8284282684326172,0.6361115302358351,0.5763742480959209,0.2617212287017276,0.6191186904907227,0.6431717770440235,0.44007406745638145,0.07059582312192232,0.7594184279441833,0.6294683762959068,0.6579972931316918,0.042392964235373885,0.999987006187439,0.6451929722513468,0.6521338667188369,-0.04244715177587098,0.9999806880950928,0.6466979128973822,0.7278937510081697,0.04374554870384078,0.7710747718811035,0.6517979724066595,0.7277505755424496,-0.08895976649863377,0.9936522245407104,0.6484756725175037,0.8083347116197854,0.014582981275660645,0.8752723336219788,0.6496213027409141,0.8161214607102526,-0.1149976117270333,0.9887553453445435,0.6424556221280776,0.821665273393903,0.012037742417305701,0.9203737378120422,0.6428303939955572,0.8285817095211571,-0.11779896404061993,0.954395592212677,0.6565535937036784,0.8364971552576335,0.005627061107328961,0.865041196346283,0.6619587898254391,0.8485457352229523,-0.1368897357157298,0.9684587717056274
43,0.6106899363653997,0.5238830089569089,0.13442420150552473,0.9996320009231567,0.6077941366604394,0.5213792255946565,0.13404724065746573,0.9994158148765564,0.6066965137209208,0.5226165703364778,0.1339618299688611,0.9992595314979553,0.6055460316794257,0.5239033068929397,0.13396978058985295,0.9994752407073975,0.6104426571301049,0.5180609328406195,0.12471650540828699,0.9996959567070007,0.6111927356038772,0.5170241458075384,0.12456368356943125,0.999753475189209,0.6120133434023173,0.5160004224096023,0.12449764055865147,0.9998176097869873,0.6048464877264838,0.5285024200166972,0.12121191833700448,0.9995883107185364,0.6144553967884606,0.5171391640390666,0.07706303543278145,0.999592661857605,0.610612288543156,0.5306102752685544,0.13181409239768976,0.9993926882743835,0.6132944362504139,0.5262513262884955,0.11834754560674934,0.9994041323661804,0.605586745057787,0.5752155900001523,0.13592497706413262,0.9999427199363708,0.629107228347233,0.5263447403907774,0.013278587668069766,0.9998931884765625,0.620004412106105,0.5864148633820667,0.20470962652138291,0.4424892067909241,0.6436796205384387,0.4822549998760221,0.008543667772651777,0.9550569653511047,0.6310292959213254,0.5760978051594323,0.30583516997950405,0.5452897548675537,0.6500844734055653,0.435704891170774,0.07272772597415103,0.8789631128311157,0.6323934691292896,0.5694309285708833,0.33244465759822284,0.5647011399269104,0.6515931980950489,0.4216895375932964,0.07208119928836819,0.854545533657074,0.6337964381490432,0.5656935470444813,0.3219872653484343,0.5705179572105408,0.6502483078411645,0.42133055840219746,0.08618836668985226,0.8415563702583313,0.6334866285324093,0.5712447728429519,0.304514900275639,0.5668185353279114,0.6495906097548345,0.4269771839891159,0.0790656906153474,0.7759757041931152,0.6265230025563918,0.6563170347894938,0.04142943844199179,0.9999867081642151,0.6432992271014619,0.6498472980090546,-0.041481686330267345,0.9999815821647644,0.6461602738925385,0.7169445293290272,0.045168588204043236,0.7800926566123962,0.6533470630645749,0.7171359487942284,-0.08578021100589203,0.9937922954559326,0.6475228956767488,0.7967500771794997,0.005923474340566568,0.8801064491271973,0.648198969023568,0.8018694877624508,-0.11970169331346234,0.9888759851455688,0.6419605800083703,0.8083980287824355,0.002005554176867012,0.9253705143928528,0.6411631567137579,0.8127009391784664,-0.12297763867037631,0.9572660326957703,0.6547564932278221,0.8219290188380647,-0.007288391515612595,0.8667408227920532,0.6585134625434872,0.8328997918537681,-0.14173840284347528,0.9677383899688721
44,0.6089933259146552,0.5212544083595274,0.1328261922512735,0.9996441602706909,0.6060634493827817,0.518429580756596,0.131469420662948,0.9994419813156128,0.6048161489622931,0.5195226396833145,0.13139388880559372,0.9992983341217041,0.6035457083157127,0.5206147585596355,0.13140305855444492,0.9994944930076599,0.6089855892317633,0.5154093333653038,0.12231095369373043,0.9997127056121826,0.6098394206592012,0.514394504683358,0.12216229162045882,0.9997692704200745,0.6107621073722835,0.5133883663586205,0.12210297456809446,0.9998277425765991,0.6027462771960664,0.5247878551483152,0.11478262160505562,0.9996100664138794,0.6130801745823449,0.5142886928149629,0.07253159007855821,0.9996212720870972,0.608530829633985,0.5279695783342632,0.1290725395083427,0.9993471503257751,0.6115581682750154,0.5238829357283453,0.11598136233431947,0.9993933439254761,0.5999797293118065,0.5719891377857751,0.12914928070136472,0.999932587146759,0.6295345732143944,0.5268275090626305,0.013005380013159337,0.9999024868011475,0.6170067821230204,0.5911768794059751,0.20791140156132826,0.40590912103652954,0.6485998051507129,0.5089486283915381,0.029490245107029155,0.9583767652511597,0.6290462613105771,0.5812901599066596,0.30125847075666684,0.4941425323486328,0.6581680365971154,0.4953451650483265,0.12000274700777866,0.8893073797225952,0.6319918939045495,0.5778198701994757,0.3289556237203733,0.5132602453231812,0.6610818079539704,0.4899771281651086,0.12739853390625538,0.8663668632507324,0.6342253310339788,0.5730966789381842,0.31914303260190136,0.5188161134719849,0.6601405910083222,0.48896855286189467,0.13780215254851744,0.8543084859848022,0.6338268910135538,0.5776405198233465,0.3003375926188059,0.5158348083496094,0.6592112660408017,0.49138897657394387,0.1261529860751969,0.7925861477851868,0.6247237341744556,0.6515364732061111,0.0371849547007254,0.999985933303833,0.6421725239072524,0.6433963400976995,-0.03724852715219769,0.9999822974205017,0.6445540683610096,0.7072218605450218,0.03271814265421457,0.7835865020751953,0.6537700942584443,0.7079804982457839,-0.08373012606586724,0.9939541816711426,0.6460158126694813,0.7882207206317353,-0.027817013380782935,0.8832686543464661,0.6466962865420747,0.7918538757732934,-0.14310252623898634,0.9892457723617554,0.640795986992972,0.7986467957496639,-0.03456504430089677,0.9295645952224731,0.6396497607231137,0.8009010893957951,-0.1487446452890123,0.959901750087738,0.6530045901026041,0.8121779203414914,-0.046562479862145,0.867138147354126,0.6540747489248,0.8218847325869966,-0.16707446277141563,0.9678165912628174
45,0.6057229859488349,0.5183725050517489,0.1245914567794118,0.9995826482772827,0.6028663737433295,0.5153619050979612,0.12045352054493763,0.9993577003479004,0.6015875543866835,0.5163944176265169,0.12038632971899846,0.9992205500602722,0.6003223555428638,0.5173857961382182,0.12039431141955506,0.9994065165519714,0.6057797602244783,0.5126136030469619,0.11345334883247098,0.9996824860572815,0.6066405619893752,0.511686495372227,0.11331855228969023,0.9997514486312866,0.6075631226812088,0.510757574013301,0.11326871471745623,0.9998074769973755,0.599439147540501,0.5213130814688544,0.10218397038323535,0.9995637536048889,0.6097631284168785,0.5118448325565881,0.06478705980948035,0.9995970129966736,0.6051855376788545,0.5248475159917556,0.11858497623886376,0.9989690184593201,0.6081913488251819,0.5215090428079875,0.10849318483046118,0.9991406798362732,0.5946720259530202,0.5701923710959296,0.10174634094749173,0.9999309778213501,0.6284044436046052,0.5285145367894851,0.015479095599481029,0.9999098181724548,0.6073967593056812,0.6104067257472444,0.16440734373671662,0.37214723229408264,0.6458567602293829,0.548876492466245,0.04268065119228723,0.9384821057319641,0.621740274769919,0.6008023551532198,0.2289787833179745,0.4449709951877594,0.6445122769900729,0.5692911820752278,0.13515527120658324,0.8042461276054382,0.6255855594362529,0.6024796315601891,0.2505147819008145,0.4622962772846222,0.6469047529356817,0.5724080852099824,0.14728058150836393,0.7826964259147644,0.6279542514256066,0.5983631661960054,0.24264238093580504,0.46731212735176086,0.6449491313525606,0.5712308602673665,0.15176138633063854,0.7716062068939209,0.6272204177720203,0.5983245270592823,0.22819072625466744,0.46468624472618103,0.6451552442141939,0.5699851027556826,0.13928095783506114,0.7156898379325867,0.6236735309873306,0.6444868360246928,0.02958320347326141,0.9999860525131226,0.641227270875658,0.6355751207896638,-0.029658671122576495,0.9999831318855286,0.6419280018125259,0.7020009228161399,0.02334668944988931,0.7671000957489014,0.6532284072467256,0.7041512182780671,-0.07863036638924051,0.9915181398391724,0.6440994450024193,0.7841792821884151,-0.035981027090123706,0.8785758018493652,0.6454111065183364,0.7876014709472652,-0.14691711834498805,0.9880579113960266,0.6386578866413659,0.7938035743577135,-0.042481430407081314,0.9303128719329834,0.6386200700487407,0.7959977797099519,-0.1532642924359866,0.9599695801734924,0.6496768542698448,0.8098936217171802,-0.05076011376721516,0.8528122305870056,0.6500264848981582,0.8205549410411286,-0.1692990268979753,0.9619020223617554
46,0.6011704070227484,0.517386894566672,0.11616341173648828,0.9992114901542664,0.5984798584665568,0.5139605300767078,0.10972362160682674,0.9987061619758606,0.5972055826868327,0.5149103913988384,0.10965223546539028,0.9985654354095459,0.5959349172455921,0.5157805340630666,0.10964819341897958,0.9989245533943176,0.6013786928994312,0.5115449104990275,0.10606240183115,0.9992848038673401,0.6022680691310335,0.5107552613530838,0.1059434083955628,0.9994500279426575,0.6032322747366766,0.5099500656127928,0.10590382090636657,0.9995595812797546,0.5950599857739036,0.5194671171052112,0.088856457386698,0.9992491006851196,0.6056458575384954,0.5116956404277254,0.06306804397276466,0.9990772008895874,0.6005925451006204,0.5238754630088804,0.10776777033294946,0.9982409477233887,0.6035803011485505,0.5212286693709235,0.10220211680446348,0.9984040856361389,0.5915455937385556,0.569759574958256,0.07092522521104128,0.9999315738677979,0.6267016036169867,0.5336845108440942,0.026462220161088866,0.999908447265625,0.5992171900612965,0.624827340670994,0.10580090167266977,0.35217002034187317,0.6385102629661557,0.5790980764797753,0.03536536842584608,0.8892815113067627,0.6153260673795424,0.6210921083177836,0.14330387775387077,0.401382714509964,0.6244973914963856,0.6081524951117376,0.08564372232982086,0.7247452735900879,0.6212797931262422,0.6252419863428385,0.15618015932185303,0.4171292781829834,0.6247405597141809,0.6114892644541601,0.09402736851147238,0.7051297426223755,0.6229743548801965,0.6217832786696296,0.15054046213626854,0.42162519693374634,0.6207089202744617,0.611614062104906,0.09501237102917258,0.6950913667678833,0.6212373954909185,0.6196164488792417,0.1425998266254152,0.4192104637622833,0.6219688449587137,0.6095532877104621,0.08714471352951864,0.6447436213493347,0.6230227964265003,0.6419625997543332,0.018754495134843237,0.9999846816062927,0.6404223918914792,0.6333075761795042,-0.01885128953893269,0.9999821186065674,0.638119898523603,0.7040354166712076,0.007447317349059238,0.7310696840286255,0.6519123469080241,0.7046635406357897,-0.06463253008467806,0.9823503494262695,0.6413095457213263,0.7839029857090537,-0.0478063461503812,0.8603208661079407,0.6451347402163912,0.784631434508732,-0.1323238408991268,0.9812166094779968,0.6367901546614507,0.7926371642521446,-0.05393895570720943,0.9227482676506042,0.6393267921039034,0.7931649225098742,-0.13887566519635058,0.9507046341896057,0.6461466772215704,0.8140920826366966,-0.06380411556788851,0.8187023997306824,0.6474778090204508,0.8235025899750842,-0.15520923201526907,0.940125048160553
47,0.5987468787602013,0.5186124358858378,0.11315879119294024,0.9990581274032593,0.5962079644203183,0.5151920437812803,0.1055920215589659,0.9985278248786926,0.5949561170169282,0.5160209366253441,0.1055033249514443,0.9984079003334045,0.5936956099101472,0.5167963402611866,0.10549053230455938,0.9988209009170532,0.5990061828068322,0.5133246711322237,0.10457520506211684,0.9991233348846436,0.5998350398881092,0.512770695345742,0.10447448236601688,0.999313235282898,0.6007522140230449,0.5121697885649542,0.1044498096619333,0.9994359612464905,0.5927828669548032,0.5209285719054084,0.07899575488907946,0.9991728067398071,0.6030227593013215,0.5145579968179973,0.06629763501031055,0.9986947774887085,0.5982032503400527,0.5250366125788005,0.10279067435434881,0.997917890548706,0.6010375295366557,0.5230134674480981,0.10082848838397429,0.9978975653648376,0.5897592970303124,0.5702876601900371,0.04919326752424238,0.9999354481697083,0.6248184340340748,0.5371138521603174,0.04404658377170561,0.9999035000801086,0.5954800605773923,0.6255891510418481,0.06407394888145579,0.327348917722702,0.6317508544240675,0.5893756219318932,0.05232242707695277,0.8046796917915344,0.6108983159065244,0.637467551231384,0.1039393745362758,0.3623615503311157,0.6146500791822158,0.6041207671165464,0.08330691094909391,0.654186487197876,0.6152880123683382,0.6430021899087086,0.11163637010114527,0.3768373727798462,0.6133073806762692,0.6012021711894441,0.09018709031598904,0.6373045444488525,0.6163529038429257,0.6404057707105362,0.10835798047482961,0.38082265853881836,0.6070010730198449,0.6026035257748192,0.09055777926530152,0.6281136274337769,0.6152029786791118,0.6377736551421027,0.10411883060421258,0.3785008192062378,0.607612187521798,0.6034394843237738,0.08422206842473572,0.5824020504951477,0.6226198758397781,0.6442516463143482,0.007705299636082986,0.9999852776527405,0.6400056975228443,0.6364025694983343,-0.00781337898224592,0.9999827742576599,0.6333852325166972,0.7073869006974354,-0.01330933538930756,0.7369577288627625,0.6510150977543419,0.7052865947995864,-0.04316830289150985,0.9738672971725464,0.6372814553124561,0.7846882854189188,-0.06791846251913476,0.8635936975479126,0.6464213354246954,0.7798006568636209,-0.09964414920125685,0.9785096049308777,0.6352970446859084,0.7929670878819054,-0.07419847026467319,0.9232476949691772,0.6414694138935632,0.7880450248718257,-0.10536894606692446,0.9474244117736816,0.6430610690798075,0.8171585185187199,-0.09109013804367606,0.8108319640159607,0.6491181288446697,0.8208030394145417,-0.12387014180421824,0.9298850297927856
48,0.5971811056137082,0.5257155350276399,0.12415925562381738,0.9990399479866028,0.5947251949991497,0.5221492052078245,0.11610303095408843,0.9985607862472534,0.5934631177357262,0.5228894591331479,0.11600664790187556,0.9984685778617859,0.5922055210386001,0.5235351136752535,0.11599181060280114,0.9988764524459839,0.5976231847490581,0.5202930177961074,0.11765780938523152,0.9990875124931335,0.5984930157661434,0.5197684747832159,0.1175729728170803,0.999267578125,0.5994271840367995,0.5192172919000896,0.11756709345749441,0.9993863701820374,0.5914856280599319,0.5274392979485646,0.07921718827315735,0.9992109537124634,0.601579471996852,0.5218018037932257,0.08474561380488528,0.9984758496284485,0.596461200714111,0.5320666858128136,0.11212254869086397,0.997918963432312,0.5994537813322882,0.5302692583629061,0.1136549266321318,0.9977101683616638,0.5887151071003502,0.5715250866753712,0.044449112883635906,0.9999410510063171,0.623264110088348,0.5455148526600426,0.07003640463309625,0.9998839497566223,0.5918758426393779,0.622062391894204,0.051223246221031436,0.36371007561683655,0.6288531933512004,0.602102640696934,0.07560188578707827,0.7262561321258545,0.601194928373609,0.6486057622092107,0.08252071993691576,0.3474713861942291,0.6145065665245053,0.6159030829157145,0.09828244830880842,0.5906081199645996,0.6039711236953732,0.6568775177001951,0.08705000515495023,0.35704877972602844,0.6123079112597871,0.6158219320433478,0.10319925291197635,0.5762825012207031,0.6046740855489456,0.6543332014765055,0.08621771335601802,0.3594454824924469,0.6077986598014828,0.6160253405570981,0.0987863393766539,0.5678500533103943,0.6047680122511725,0.6515258227075846,0.08377596565655296,0.3529815673828125,0.6078298228127612,0.6164251787321905,0.09530218967369619,0.5265148878097534,0.6212966935975208,0.6486486451966419,-0.003780051892889396,0.9999855160713196,0.6394355535507199,0.6375036801610671,0.003640503901988267,0.9999815225601196,0.6279249974659509,0.7199578813144135,-0.034819225221872314,0.758091151714325,0.6505809732845849,0.7069455640656604,-0.019806795620492514,0.955909252166748,0.6319101657186232,0.7981308783803664,-0.10137210914066855,0.8730214834213257,0.6502385837691167,0.7671526585306436,-0.07440492574657709,0.9700469970703125,0.6332405039242333,0.8072357654571529,-0.10885034437690458,0.9267122745513916,0.6460808464459008,0.7715366193226403,-0.07963785465274535,0.9396103024482727,0.6361879502023966,0.8318390199116295,-0.13220869558198106,0.8162662982940674,0.654176044464111,0.8109525731631684,-0.09850843612636834,0.9090742468833923
49,0.5961079188755578,0.5394091027123584,0.13049533984490796,0.9991329908370972,0.5938830001013617,0.5351848108427862,0.12298927520002631,0.9987022876739502,0.5926779576710289,0.5357636741229463,0.12289834959166385,0.9986190795898438,0.5914925932884214,0.5362046275820048,0.12288634159735265,0.9989868998527527,0.5968339698655262,0.5332384688513617,0.12600085032837727,0.9991767406463623,0.5977897644042967,0.5326017669269014,0.12593082168272557,0.9993388652801514,0.5987822788102284,0.531986365999494,0.12594210611922393,0.999445915222168,0.5909725614956445,0.5391751016889297,0.08599194884300228,0.9992881417274475,0.600784019061497,0.5341267534664697,0.09953252737011224,0.99862140417099,0.5952180368559699,0.5455702781677243,0.11890315456049777,0.9981203079223633,0.5983136211122783,0.5438657062394276,0.12232568136283323,0.9979287385940552,0.5879673566137039,0.5769668528011864,0.043835027728761924,0.9999467730522156,0.6213388715471537,0.5601238676479882,0.08703313523105208,0.9998928904533386,0.5897728068487982,0.6265202096530367,0.034539889012064236,0.42466896772384644,0.6245900716100417,0.6181859544345307,0.076199973481042,0.6794005632400513,0.5921885762895853,0.6531527382986883,0.04463944786361283,0.4083223044872284,0.6079613004411967,0.6381407703672134,0.07412752104657033,0.6010066866874695,0.5925449047769816,0.6615847655705039,0.048731007107666535,0.41524988412857056,0.603778507028307,0.6411330529621666,0.07449794422302924,0.5894029140472412,0.5932681458336964,0.6592800480978827,0.04556996529655795,0.41719070076942444,0.601301482745579,0.6395672236170085,0.0673867533249514,0.5823647975921631,0.5944710935865127,0.6563548019954133,0.04552107304334638,0.4074581563472748,0.6022359524454386,0.6383551342146734,0.0682683981955051,0.5394600033760071,0.6193548662321905,0.6591544151306149,-0.01007557982312781,0.9999865889549255,0.6382973381451195,0.6457046474729262,0.009927124476858545,0.9999827146530151,0.6224304471697123,0.7394189221518377,-0.040162415376731306,0.7818973660469055,0.6497890744890482,0.7071151137351988,-0.019124078078727628,0.9573929905891418,0.6263906836509702,0.8225367852619712,-0.1118203284484999,0.885341465473175,0.6540343693324495,0.7476539731025692,-0.0894504687881895,0.9703038334846497,0.6295258624213079,0.8337379745074677,-0.12020721137523646,0.9338468313217163,0.6520843250410895,0.7490961398397169,-0.09788292646408077,0.9441484212875366,0.6286880612373349,0.852776741981506,-0.14807871984583984,0.8332493901252747,0.6618840728487284,0.7864081433841156,-0.12223626011982555,0.9122105836868286
50,0.5951179504394528,0.556678121430533,0.1450849335108484,0.9991968870162964,0.5931139128548756,0.5515317525182449,0.13873872182198926,0.9988182187080383,0.5919609529631475,0.5518769962447028,0.13865272785936078,0.9987426996231079,0.5908159732818601,0.5520600216729298,0.13863910308906002,0.999078094959259,0.596170776230948,0.549634516239166,0.1419214363609041,0.9992459416389465,0.5972474183355057,0.5489036321640012,0.1418560475111007,0.9993923306465149,0.5983296138899663,0.5482914584023609,0.14186929528202322,0.9994890689849854,0.5901876926422116,0.5543628045490807,0.10384222886392043,0.9993531107902527,0.60035297359739,0.5502437148775371,0.11841639173882343,0.998714029788971,0.5940995165279931,0.5626520446368624,0.13431605483804424,0.9982683062553406,0.5972464527402603,0.5613044789859225,0.1379197961517742,0.9980627298355103,0.5873189738818575,0.5892294543130054,0.05801496569599421,0.9999518394470215,0.6197222862924845,0.5799034987177165,0.10234358417136324,0.9998912215232849,0.5873350501060483,0.6359970246042521,0.03381561392119951,0.48027676343917847,0.6194456338882444,0.6338277748652864,0.08075407189982273,0.6279172301292419,0.5873549529484337,0.6557198831013268,0.03661562034061974,0.4601409137248993,0.6007691553660799,0.6580288290977475,0.06221686048167088,0.550434947013855,0.588438214574541,0.6628978150231495,0.021379307763917083,0.46322107315063477,0.5947510055133272,0.6612139667783462,0.059775704145431485,0.5418105125427246,0.5889438595090591,0.6605013932500563,0.03945317949567519,0.4645356833934784,0.5941039051328384,0.6598510333469932,0.0540886425546237,0.5356163382530212,0.5897177236420765,0.6575706345694403,0.04135117445673259,0.449184775352478,0.5955838561058041,0.657100793293544,0.05671650533165247,0.49549558758735657,0.6166781680924549,0.6747868554932728,-0.010014101876212014,0.9999873638153076,0.636648036752428,0.6623934030532834,0.00986516910738178,0.9999828934669495,0.6177746636526922,0.7597776259694777,-0.026962369254657188,0.8033621907234192,0.6492371439933774,0.7203573090689519,-0.018452533201447546,0.9588813781738281,0.6237007430621553,0.8426953690392627,-0.08439145215920035,0.8965862393379211,0.6572047012192859,0.7298659137317108,-0.06992087271064516,0.9693365097045898,0.6265056729316708,0.855505217824663,-0.08944537852491648,0.9403972625732422,0.6567179884229384,0.7267178586551118,-0.07655184867658782,0.9488614201545715,0.6249646050589422,0.8682406595775055,-0.11893600651196067,0.848657488822937,0.6676241500037055,0.7534492884363444,-0.09804187398403878,0.9123029112815857
51,0.595232728549412,0.5696365015847339,0.16064693927764884,0.9988256096839905,0.5931762439864019,0.5647520542144773,0.15455665375505168,0.9987066388130188,0.5919804028102327,0.5651924524988444,0.1544749179056712,0.9986280202865601,0.5907698460987634,0.5654912233352658,0.15445169040134965,0.9990357160568237,0.5963307499885556,0.5628626278468538,0.15768415672438477,0.9990673065185547,0.5974258967808312,0.5622009192194255,0.15761956487383155,0.9991526007652283,0.5985314726829526,0.5616834470203942,0.15761925407818378,0.9993255734443665,0.5900120581899367,0.568362862723214,0.11807113843304765,0.9993272423744202,0.6006830964769633,0.5643146293503896,0.1320772381765501,0.9981366991996765,0.5940777523177008,0.5758435675076073,0.14917125105857842,0.9978598356246948,0.5972199354852946,0.5745098863329203,0.15270581330571847,0.9972125887870789,0.5857460822377883,0.6062737890652246,0.07178377477186063,0.9999536871910095,0.6187890955380029,0.5962339724813186,0.11633372008800502,0.9997887015342712,0.5866063816206792,0.6555626460484093,0.06285136874232972,0.4846712648868561,0.6178428598812645,0.6447803599493841,0.119207081411566,0.5662187933921814,0.5849378960473194,0.6608539479119434,0.10380779047097474,0.4492820203304291,0.6005456294332229,0.6687475732394623,0.1318986875670296,0.4971154034137726,0.5837493896484371,0.6643777745110645,0.08783322828156603,0.4536205232143402,0.5950606346130368,0.6667806744575497,0.1380249233118125,0.4902644157409668,0.5849026083946225,0.6610089795930041,0.114172247956906,0.4539259970188141,0.5929373536791117,0.6659647090094427,0.13678688524024823,0.48479050397872925,0.5857967087200707,0.6592039891651695,0.11110130633626661,0.43085986375808716,0.594679694516318,0.6649765082768029,0.13060911957706717,0.44863420724868774,0.6133102689470561,0.6910874128341672,-0.011266898896012982,0.9999868273735046,0.6341334530285423,0.682956208501543,0.011139361986092153,0.9999793171882629,0.6151878782681054,0.7694209660802566,-0.02301960161754062,0.8213609457015991,0.6485237734658373,0.742910974366324,-0.0013887392988960645,0.9499339461326599,0.6235596622739517,0.8469349622726436,-0.0657650958214487,0.9051333665847778,0.6584819572312488,0.72320407969611,-0.017522851756906925,0.9212825298309326,0.625518385001591,0.8593893085207254,-0.06786595987422123,0.94517982006073,0.6573343992233274,0.7163941264152524,-0.01642873468143598,0.9376877546310425,0.6254678368568418,0.8689529418945308,-0.09593768247536247,0.8530389666557312,0.6691866840635023,0.7285648158618379,-0.02978825871167437,0.8489847183227539
52,0.5953119737761359,0.5770077364785328,0.165168410539627,0.9988542199134827,0.5932000568934847,0.5724361862455093,0.16011387067181718,0.9987958073616028,0.591950748647962,0.5728585549763269,0.16003467972789484,0.9987238645553589,0.5906728608267645,0.5732323833874291,0.1600140256541115,0.9991034865379333,0.5963366951261244,0.5709548251969472,0.16197774963719497,0.9991249442100525,0.597389163289751,0.5704796603747774,0.1619054402623857,0.9991984367370605,0.5984449045998707,0.5701271585055757,0.16189376903431751,0.999362587928772,0.5896872844014847,0.5764518737792966,0.12688629073756078,0.9993788599967957,0.6006905283246718,0.5733053343636647,0.1346249627215521,0.9982598423957825,0.5939183337347845,0.582938832896096,0.15476510077714914,0.9979417324066162,0.5971426555088586,0.5821144325392584,0.15642442724534436,0.9973145127296448,0.5826691865921018,0.6163911598069325,0.07743247082190852,0.9999558329582214,0.6183725322995863,0.6072867325374056,0.11574236527085299,0.9997634887695312,0.5823471529143194,0.6658681494849066,0.08133538854973654,0.5202574729919434,0.6195769054549078,0.6572727356638224,0.13133125049727298,0.5171223878860474,0.5846404348100932,0.669494351318904,0.1386032804846763,0.43112069368362427,0.6045419641903466,0.6763098359107969,0.17598750548703324,0.44773149490356445,0.5842520509447368,0.6718596305165969,0.13199420571327203,0.43703433871269226,0.5999144979885644,0.6769525987761358,0.18285654038190835,0.4416370987892151,0.5859025274004253,0.6675554360662186,0.15025767492396486,0.4369443356990814,0.5970421859196251,0.67454651083265,0.18802985740559433,0.4367637634277344,0.5860963480813159,0.665826434748513,0.14442160597869322,0.40982693433761597,0.5986341016633168,0.6739287665912079,0.17919094456093645,0.4043629765510559,0.6094499758311678,0.7002340435981748,-0.011453790097896537,0.9999866485595703,0.6301478828702651,0.6928862776075088,0.011322379657732584,0.9999769926071167,0.6143707224300927,0.7754713177680966,-0.030652134386556475,0.8384763598442078,0.6467809728213716,0.7596083470753258,0.011930867430887048,0.9444310069084167,0.6243774635451178,0.8462645053863522,-0.07808903178998398,0.9140664339065552,0.6561304450035093,0.7290896041052679,0.02128848188689777,0.8994865417480469,0.6259631718908034,0.857371376241956,-0.08087148538657593,0.9503830075263977,0.6557852131979802,0.7203588638986858,0.014340639726391862,0.9389157295227051,0.6257175820214405,0.8689196978296547,-0.10413243940898345,0.864281952381134,0.6664756451334268,0.7313549467495506,0.009285981713661127,0.8129909038543701
53,0.5950776185308181,0.5779417140143255,0.13789353753839215,0.9988633394241333,0.592879624026162,0.5732091529028753,0.1318970974002565,0.9988552331924438,0.591635830061776,0.5734868662697926,0.13182042496544968,0.9987841248512268,0.5903759019715442,0.5737763779503955,0.13180234261921467,0.9991488456726074,0.5960724387850078,0.5723057184900554,0.1323102733918598,0.9991650581359863,0.597162181990487,0.5719258172171453,0.13223357498645777,0.9992279410362244,0.5982436180114743,0.5715612445558818,0.13221487871238158,0.9993877410888672,0.5891814351081845,0.5772891521453855,0.1001078869615282,0.9994136095046997,0.6002660819462364,0.5745247772761751,0.10047164452927447,0.9983042478561401,0.5935785668236866,0.583549380302429,0.12808757211480815,0.9980021715164185,0.597080246039799,0.5830257228442597,0.12771385780402583,0.997400164604187,0.5788724865232193,0.6189705712454656,0.052966344462973707,0.9999594688415527,0.6175484435898915,0.6093652554920739,0.07968748509883877,0.9997727274894714,0.5757893749645775,0.6679538147790088,0.06699964361531391,0.539635181427002,0.6253281525203156,0.658804677213941,0.08661383028541288,0.5070534944534302,0.5860311099461144,0.673110130855015,0.11908857609544476,0.4121444821357727,0.6114835568836754,0.6740363376481189,0.12725307685988285,0.4074845016002655,0.5878102081162586,0.6762091568538118,0.1319212367492062,0.41398143768310547,0.6064554027148652,0.678361322198595,0.13123137099402285,0.4013151526451111,0.5897155199732097,0.6713666558265683,0.1263195965971265,0.4132652282714844,0.6036111933844428,0.6755541648183547,0.13720447804246622,0.3968775272369385,0.5890672581536427,0.6693090932709826,0.11973264855997898,0.3855808675289154,0.6048406839370725,0.6746638519423346,0.13118312742028912,0.36763814091682434,0.6052242517471311,0.7049089329583301,-0.009373683828328332,0.9999876618385315,0.625365010329655,0.6969565085002352,0.009247400239109988,0.9999786019325256,0.6131860409464153,0.776968157291412,-0.03393950233502046,0.8541998267173767,0.6399268048150195,0.7585967881338933,0.0009150191376517914,0.9456095099449158,0.6239361882209775,0.8462179848125998,-0.08754552432468955,0.9219769835472107,0.6505463838577268,0.7384754845074242,-0.006969316603083692,0.8981965184211731,0.6262058734893796,0.8556732228824067,-0.09314316830464767,0.9550812840461731,0.6514639360564093,0.7323257480348856,-0.03173251279762812,0.9419832825660706,0.6256412846701482,0.8685034837041579,-0.12113501514707287,0.8735867142677307,0.6637385964393613,0.7465800523757931,-0.026481054497084433,0.8037881851196289
54,0.5942366208348953,0.5743720769882199,0.12682610537324626,0.9981646537780762,0.5921274219240458,0.5694768667221066,0.11975911217076432,0.9983714818954468,0.5909573980740136,0.5696416599409918,0.11968251147440495,0.9982442855834961,0.5898105416979106,0.5698333740234373,0.11965894550085061,0.9987501502037048,0.5954169222286767,0.5687766211373463,0.11956681651728487,0.9988624453544617,0.5966204762458799,0.5683713180678228,0.11947850840432298,0.9989417195320129,0.5977947098868232,0.5679397378649028,0.11946323961019512,0.9991846084594727,0.5884059514318191,0.5737634522574285,0.08251719772815701,0.9991368651390076,0.5992792895862031,0.5705005049705503,0.08252851409571507,0.9977765083312988,0.592698754583086,0.5798346808978486,0.11614327196563987,0.9971221685409546,0.5964184454509187,0.5793741600854054,0.11515345892735884,0.9966479539871216,0.5755651303700036,0.6157998050962172,0.040510245678680265,0.9999610781669617,0.6157828722681316,0.6037156973566324,0.05883852956550459,0.9997822046279907,0.568418046406337,0.659397413049425,0.052122399317366716,0.5473073124885559,0.6294188788958954,0.6507855381284439,0.058547216228076356,0.5106496810913086,0.5866178597722732,0.671645949568067,0.10196162781545089,0.37718838453292847,0.6150510123797822,0.6658292787415638,0.08742195836135315,0.37241390347480774,0.5919847198895043,0.6772581951958789,0.11227941619498383,0.37802955508232117,0.6090145962578907,0.6730229394776477,0.09060024576527727,0.3654816150665283,0.5935142040252683,0.6728475621768404,0.10797191943441113,0.3772551417350769,0.6076332790510992,0.6705062082835603,0.09330399015120094,0.3611505925655365,0.5917292867388041,0.6701588869094846,0.10223939546516958,0.35181552171707153,0.6081227268491469,0.6680592826434542,0.0895424685307911,0.3342677354812622,0.6001381857054571,0.7033401557377403,-0.0070547209387378995,0.9999880790710449,0.620061932291303,0.6946095398494172,0.006907401672963581,0.9999794363975525,0.6105739286967683,0.7776865158762247,-0.029653303245348577,0.8670464158058167,0.6306663938931054,0.7452746476445876,0.000518788517053637,0.9399908185005188,0.6231808883803228,0.8453833205359319,-0.0892813648496355,0.9286206960678101,0.6433997562953401,0.7496835895947044,-0.025977194202797742,0.8918902277946472,0.6266939078058512,0.8547004529408042,-0.09535566568374629,0.9591825604438782,0.6451483385903491,0.7500044873782563,-0.05243763553776909,0.9420134425163269,0.6264149069786069,0.8693533267293654,-0.1256143586976187,0.879992663860321,0.6553818345069882,0.770186478751046,-0.0447933587378689,0.7844114303588867
55,0.5927398085594174,0.5681442958968024,0.13326515257358545,0.9981781840324402,0.590813258716038,0.5633944562503267,0.1227032744458743,0.998374342918396,0.5897206357547212,0.5634370429175238,0.1226283145802361,0.998256266117096,0.5886685388428821,0.5634497455188203,0.12258649979318886,0.9987396597862244,0.5941401737076892,0.5629059059279302,0.12412484777825213,0.9988732933998108,0.5954309753009248,0.5625432303973604,0.12403820306062693,0.9989556074142456,0.5966906871114456,0.562134972640446,0.12402582253728589,0.9991897344589233,0.5873652151652742,0.5668495621000014,0.07467891084296359,0.9991541504859924,0.5979408945356094,0.5645186662673947,0.08147990128823684,0.9978464245796204,0.5911900997161863,0.5733199732644214,0.11749135426112578,0.997143030166626,0.5949407611574442,0.57283729996,0.11877509696143007,0.9967389702796936,0.5735861505780899,0.6081126366342815,0.035737357075725264,0.99996417760849,0.6132465839385983,0.5972929579871039,0.055836158565112495,0.9997998476028442,0.5641344019344872,0.6515591110501968,0.04654320297496657,0.5710477232933044,0.6305099351065496,0.6405907460621423,0.05617586704237118,0.5191136598587036,0.5822954807962688,0.6644804647990632,0.10501076493944436,0.349332720041275,0.6154411963054109,0.6604542647089274,0.07946743496826712,0.34396469593048096,0.5878447481564111,0.6678703853062218,0.11529546145881919,0.34926778078079224,0.6096763185092378,0.6668887717383245,0.08648944901568545,0.33653831481933594,0.5898783002580912,0.6633848275457106,0.11164793648890081,0.3481504023075104,0.6082394991602214,0.6648071731839857,0.08287456865821562,0.33248570561408997,0.5880948884146551,0.6620747889791213,0.10551202680383404,0.32482871413230896,0.6089191062109809,0.6620937551770888,0.07790512038128712,0.30779874324798584,0.5933596508843555,0.7012170076370237,-0.0077555095776915516,0.9999881982803345,0.6143948997770035,0.690850598471505,0.007591556864125384,0.9999798536300659,0.6056059530803133,0.7689896975244791,-0.020157755525516602,0.8794381022453308,0.6220214400972637,0.7290648034640717,0.021042321313039524,0.917439877986908,0.6204863939966472,0.8375327995845245,-0.08730953633785243,0.9348277449607849,0.6334761040551319,0.7641636541911531,-0.02447607477993836,0.885805070400238,0.6238252026694158,0.8454400999205449,-0.09535970815590446,0.9630104303359985,0.632473768506731,0.7701889055115831,-0.03550237917474336,0.9435133337974548,0.6259647590773443,0.8654468076569689,-0.11357647265706738,0.8883941173553467,0.6397703119686668,0.7928589429174148,-0.03423335030674932,0.7739903926849365
56,0.5908388665744234,0.5610256126948763,0.13881743976048055,0.9982947707176208,0.5892292806080407,0.5560184274400981,0.12729908951691213,0.9984631538391113,0.5881752252578732,0.5556941373007636,0.12722284431968411,0.9983568787574768,0.5871227094105309,0.5553192990166798,0.1271802853260721,0.998805046081543,0.5924975684710909,0.5561625225203375,0.12925576099327626,0.9989355206489563,0.5938340323311939,0.5559292554855344,0.12916508146694722,0.9990148544311523,0.59516179221017,0.5556750484875268,0.12915206487689693,0.9992320537567139,0.585777790205819,0.5577109456062315,0.07828540184668129,0.9992034435272217,0.5966342977115083,0.5581142340387615,0.08575164707643641,0.9979753494262695,0.5891174537794928,0.565553055490766,0.12152377324444902,0.9973077178001404,0.5928186586924958,0.5657072084290637,0.12340089082717891,0.996941864490509,0.5711609533854891,0.5963654977934698,0.03844684527388639,0.9999673366546631,0.6108690040452137,0.5942209345953803,0.05754149790321075,0.9998182058334351,0.5611524411610193,0.6410405073847086,0.05142134507851939,0.6036291122436523,0.629910143784114,0.6365485123225617,0.06084355222327366,0.5487040281295776,0.5778717620032172,0.656582871505192,0.1087246129555361,0.3435593247413635,0.6141732079642157,0.6562310031482148,0.0872456210000174,0.3313086926937103,0.5827745011874605,0.6582167948995314,0.12316040247678751,0.33752599358558655,0.6103482876505167,0.6622547132628301,0.09568155301468709,0.31929928064346313,0.5850499664034159,0.6545972977365764,0.1196472653320857,0.33569660782814026,0.6084258300917487,0.6596965381077354,0.09259427423988066,0.3145175874233246,0.5834398933819359,0.6533956766128537,0.10974521647606572,0.3122099041938782,0.6091510040419439,0.6566599965095516,0.08625197069985523,0.29018983244895935,0.5853601012911113,0.695219094412667,-0.008290923320289165,0.9999886155128479,0.6075219529015674,0.6861219269888739,0.008143594209104772,0.9999808669090271,0.5993252754211423,0.7550391742161338,-0.012328781400408058,0.8902145624160767,0.6161966988018578,0.7172630190849301,0.01918290145695209,0.9113920331001282,0.612463763781956,0.8231348105839317,-0.09110882069383344,0.9404341578483582,0.6203956569944106,0.7765205638749255,-0.0477709359356335,0.8888921141624451,0.6148442319461275,0.8279465522084914,-0.10082565162863046,0.9664936065673828,0.6183280842644825,0.7854647534234179,-0.05324210471340586,0.946024477481842,0.6189628958702085,0.8485902139118736,-0.09937556907534595,0.8963793516159058,0.6231901441301615,0.8108296854155401,-0.06369063204952646,0.7776389122009277
57,0.5886800680841715,0.5521969795227049,0.12183603772095267,0.9983214735984802,0.5871428983552113,0.546739281926836,0.11084138261420381,0.9984654188156128,0.5861110670225959,0.5462549635342187,0.11076831370592112,0.9983611702919006,0.5850662282535005,0.5457038453647066,0.11072878284113742,0.9987817406654358,0.5904664482389175,0.5473099367959157,0.11234645119735168,0.9989650249481201,0.5918651904378616,0.5472384708268299,0.11225760621683933,0.9990513324737549,0.5932669026511054,0.5471367001533506,0.11223857764686851,0.9992592334747314,0.58335051877158,0.5484178815569194,0.06648470163345334,0.9992063641548157,0.5948708738599502,0.550078931876591,0.07055544384888238,0.9980888962745667,0.5869201472827364,0.5565546802112031,0.10587859217609673,0.9973445534706116,0.5906732388905114,0.5573441897119792,0.10712109293256483,0.997080385684967,0.5681125164031979,0.5852240306990485,0.0282549422766481,0.9999697804450989,0.6079011372157502,0.5927424788475034,0.04318008561219486,0.9998354315757751,0.5585202251161845,0.6322201354163031,0.039800848924954,0.5990762114524841,0.6258174283163885,0.6365007128034317,0.04726191956017696,0.5594437122344971,0.573340765067509,0.6469693848064965,0.08470507844218182,0.312917023897171,0.6107148681368144,0.6538172296115328,0.0720854421811444,0.31059136986732483,0.5773525255067005,0.6494080560547961,0.09937176273337428,0.3075060546398163,0.6084691354206627,0.6589314239365711,0.07998091514621458,0.2977766990661621,0.5797806944165909,0.6469117028372625,0.09560036935976568,0.30571049451828003,0.6058795077460151,0.6562565496989656,0.07666279822587964,0.2930285930633545,0.5797276190349031,0.646896239689418,0.08556443851973325,0.2844178080558777,0.6065863626343861,0.6536621894155227,0.07106375832642824,0.2689857482910156,0.5778172152382984,0.686970336096627,-0.007703859904514889,0.9999892711639404,0.6001760022980823,0.682158211299351,0.007562997511454988,0.9999824166297913,0.5918828879083903,0.7404960836682998,-0.008245200331189802,0.896882951259613,0.6091903124536784,0.7167451603072027,-0.010993075690099163,0.9158238172531128,0.6021572845322742,0.7999861444745742,-0.07890677303075788,0.9437262415885925,0.609318421568189,0.7871912802968702,-0.09544418220009118,0.8966201543807983,0.6028158766882757,0.8027559961591444,-0.08749052690608157,0.9694323539733887,0.6066340531621658,0.7951894845281324,-0.10423565070543966,0.9496387243270874,0.6060478193419317,0.8265633310590468,-0.08460284024477002,0.8986355662345886,0.613287384169442,0.8160308054515291,-0.11814482052411346,0.7889236807823181
58,0.5853693808828079,0.5443269951002936,0.10955773251397263,0.9980776906013489,0.5837799940790447,0.5388849071093965,0.10082401718412122,0.998115062713623,0.5826079062053133,0.538604072162083,0.10075452902487342,0.9979492425918579,0.5814626233918323,0.5382387842450821,0.1007264056376048,0.998430609703064,0.5871519173894607,0.5390693834849763,0.10134070132459908,0.9988129734992981,0.5884161693709234,0.5389786703245978,0.10124905450003482,0.9989211559295654,0.5896886127335682,0.5388636350631711,0.1012301555701664,0.9991811513900757,0.5798270310674392,0.5417088627815244,0.05922788530588147,0.9989492297172546,0.5912529383386882,0.5425241265978129,0.06081828059894696,0.9979534149169922,0.5834563578878127,0.5491668769291467,0.09675913325377868,0.9969918727874756,0.5871005160467963,0.5498612233570641,0.09679314387696125,0.9969144463539124,0.5639939819063456,0.5784846339906962,0.024629776073353617,0.9999716281890869,0.6041038411004199,0.5889861771038598,0.03149280228785105,0.9998506903648376,0.556256888593946,0.6272824815341401,0.023651843863938524,0.5588147044181824,0.6184386338506423,0.6371370979717796,0.03710770074810299,0.5212234258651733,0.5680807488305225,0.6375762735094339,0.05295767347727501,0.2822941243648529,0.6042629293033052,0.6526577098028997,0.06741787833826879,0.281515508890152,0.5712266683578489,0.6430686814444403,0.06419708090169085,0.2774248719215393,0.6023483702114648,0.6572540232113426,0.07423778431756152,0.26964691281318665,0.5741393276623314,0.6409767729895453,0.06170748067753653,0.2757672667503357,0.5995039922850469,0.6549705301012309,0.07112868577241895,0.26516246795654297,0.574997316087995,0.6413441760199408,0.053703974080937224,0.2565722167491913,0.6001825792448858,0.6519857457705903,0.06703239700623918,0.24319642782211304,0.5722425103187558,0.6783750874655584,-0.003580493293702601,0.999989926815033,0.593602497237069,0.6779983333178925,0.0034686553158930354,0.9999839663505554,0.5834176012447899,0.7364957860537934,0.025654859149030266,0.8691441416740417,0.60201586825507,0.7227351546287534,-0.03891316621697374,0.898892343044281,0.5905872191701613,0.7832883919988356,-0.010359301258410718,0.9166663289070129,0.6033409442220412,0.7965516567230221,-0.126140947746379,0.8870034217834473,0.5913923297609599,0.7883867383003231,-0.013982918273125365,0.9671553373336792,0.6016593796866279,0.8049521122659952,-0.1352179246289389,0.9439435005187988,0.5922732455389838,0.8067323088645931,-0.011538829840719689,0.8509389758110046,0.6082494582448684,0.8191092610359189,-0.1522138180477278,0.7609825730323792
59,0.5791020597730361,0.5380411573818749,0.10833267335380821,0.9960759878158569,0.5774773274149211,0.5329711880002701,0.0986319101282528,0.9951067566871643,0.5763259104319978,0.5328281215259004,0.09858325613396504,0.9950703382492065,0.5752254741532459,0.532632974215916,0.09857378091130933,0.9954456686973572,0.5807028412818906,0.5328845449856348,0.09866572639771864,0.997261106967926,0.5818144593920025,0.5327156679970875,0.09858195185661311,0.9978589415550232,0.5829675674438474,0.5324843645095823,0.09855049571820663,0.9983393549919128,0.5739272781780785,0.5360359174864631,0.058515168513570484,0.9975572824478149,0.5844154187611168,0.5360857639993937,0.05902603502784454,0.9972192049026489,0.5774321896689276,0.5430346199444359,0.09413839663778029,0.9941093921661377,0.5808078612600052,0.5433490991592405,0.09342763721942897,0.9949264526367188,0.5593965734754287,0.5718376943043297,0.02583201378583907,0.9999696016311646,0.5992059298924035,0.5817569119589667,0.02562143355607985,0.9998630881309509,0.5522065605436051,0.6215222716331479,0.012594667961820951,0.5247933268547058,0.6088175092424662,0.6354403189250398,0.02858163560075418,0.49154871702194214,0.5618156279836379,0.6321084908076692,0.030046225073082085,0.25482550263404846,0.5958030581474302,0.6494430150304519,0.06025411710143086,0.25567224621772766,0.5642621994018552,0.6419158373560221,0.03497115070266381,0.2506326735019684,0.592769202164241,0.6551923888070239,0.06353348621300285,0.2447497546672821,0.5680110846246988,0.6383953911917547,0.0337334239057132,0.24906699359416962,0.5902332561356678,0.6528271317481992,0.06273028084209985,0.24044546484947205,0.5691448807716367,0.6387751204626898,0.030389940685459523,0.23169125616550446,0.5906965970993039,0.6494408845901487,0.058822140949113005,0.22026818990707397,0.566871437004634,0.6736889311245506,0.003312091276581797,0.9999904036521912,0.5886946780341009,0.6734630976404459,-0.0034068881101640192,0.9999853372573853,0.5714860779898505,0.7255636709077015,0.06087294882163402,0.8166241645812988,0.5973179033824374,0.7281367114612031,-0.026551549243075498,0.9048994183540344,0.574475710732596,0.7722072771617341,0.04500671931808546,0.8998281955718994,0.6012301376887728,0.8041279707636149,-0.09273192190698211,0.8936402201652527,0.575560699190412,0.7801995379584172,0.04320530187604681,0.9666337966918945,0.5994705830301554,0.8132174304553437,-0.09975189449531685,0.9467980265617371,0.575297949995313,0.7976422343935282,0.044489957897790824,0.807910144329071,0.6054336667060849,0.8212257674762178,-0.11643027407782412,0.7621162533760071
60,0.5701275331633429,0.5318160397665839,0.11520676612853999,0.9962321519851685,0.5687616654804772,0.5269271101270401,0.1042375002588544,0.9953935146331787,0.5676437820707045,0.5267429743494304,0.10421231985092158,0.9953597784042358,0.566564333438873,0.5265054719788685,0.10421737858227316,0.9957362413406372,0.5717662879398888,0.5268853732517785,0.10485880949667517,0.997386634349823,0.5727447492735723,0.526726927076067,0.10477503942591798,0.9979418516159058,0.573825064727238,0.5264780453273226,0.10474022988762169,0.9983986020088196,0.5655355181012832,0.5295011605535233,0.06510623927627288,0.9977262020111084,0.575646546908787,0.5296937125069752,0.06655094889657835,0.9973551630973816,0.5685161147798808,0.5368359991482323,0.09903387022869922,0.9944051504135132,0.5716147184371946,0.5369385378701343,0.09912540295294349,0.995102047920227,0.5531080263001575,0.5645612886973788,0.03363204800656862,0.9999704957008362,0.5924664548465182,0.5723795754568914,0.032975315089736654,0.9998735785484314,0.5449037790298459,0.6153282761573788,0.023772475256451528,0.5098103284835815,0.5993451476097104,0.6287654944828576,0.03309912894453319,0.4717511832714081,0.552813557216099,0.6250309416225974,0.055615911845649964,0.23258711397647858,0.58682450226375,0.6414801972252979,0.06188199775559558,0.23215477168560028,0.5543503165245054,0.634418724264417,0.06279506811073846,0.22939780354499817,0.5833522507122582,0.6467321804591585,0.06240860819816586,0.22195076942443848,0.5574908648218425,0.6307595150811329,0.06204448831932882,0.22777864336967468,0.5800575528826031,0.6424466695104324,0.06694669042314799,0.21781721711158752,0.5580836653709409,0.6292587195123942,0.05646324679255483,0.21169227361679077,0.581028524466923,0.6410632082394188,0.05866601956742148,0.19949349761009216,0.560907309395926,0.6666682907513206,0.005312994534948041,0.9999908208847046,0.5840509942599703,0.6668403353009902,-0.005389032798952288,0.999986469745636,0.5562607339450288,0.7052755236625667,0.06655840312263792,0.8225738406181335,0.5953927363668167,0.7305985195296147,-0.0046182380989193885,0.9108165502548218,0.5545664395604812,0.7673963001796175,0.048153248881655064,0.907481849193573,0.6023434230259483,0.8019861187253676,-0.05459581134574751,0.9028788805007935,0.5569538763591219,0.7773142491068156,0.046078360187155845,0.9692978858947754,0.6003696118082316,0.8107359818049835,-0.05965678606714518,0.9513550996780396,0.5520257660320824,0.7883740936006816,0.04424713820751223,0.8158311247825623,0.607110169955662,0.8201723984309601,-0.07324529971395216,0.7764172554016113
61,0.5612251486097061,0.5246436885425021,0.12143375043358116,0.9965733289718628,0.559992934976305,0.5195667394569939,0.10954118924481523,0.9958294034004211,0.5590261067662918,0.519359230143683,0.10952808835676732,0.9958024621009827,0.5580613919666833,0.5191552213260103,0.10953006999833237,0.9961452484130859,0.5628345421382357,0.5196579124246323,0.11176367146628238,0.9976252913475037,0.5638955201421463,0.5195288504873001,0.11167875932795655,0.9981275200843811,0.5650401047297884,0.5192895676408493,0.11165827789476934,0.9985381960868835,0.5566391672406875,0.5223788125174383,0.06950249799660271,0.9979482889175415,0.5670031138828819,0.5222177820546284,0.07492569429533819,0.9975928068161011,0.559729937144688,0.5300446357045852,0.1039341869098799,0.9949344992637634,0.5628414358411514,0.5297565323965887,0.1062969782522746,0.9955387711524963,0.5453908664839606,0.5560063498360768,0.035476247221231445,0.9999728202819824,0.5847146885735646,0.5610768420355658,0.046272016423089146,0.9998825788497925,0.5360271147319247,0.6072138633046829,0.035686164675280435,0.5501416325569153,0.5922902328627447,0.6171339409691944,0.04193495474755762,0.4699261784553528,0.5437210338456288,0.6187169364520478,0.09178460948169226,0.2343430072069168,0.5795213069234573,0.6270282098225182,0.06381923247660906,0.21380485594272614,0.5447189433234076,0.6265088745525902,0.10191493433501034,0.22905363142490387,0.5763638104711257,0.6304045506886071,0.06408950345856801,0.20477163791656494,0.5465685759271892,0.6220371603965755,0.10032906127827504,0.2270815670490265,0.5714185595512388,0.625053490911211,0.07055328339338299,0.20036624372005463,0.5472509588514053,0.6197525586400711,0.09382568613759104,0.2103089988231659,0.573172969477517,0.6256571446146282,0.060310254565307045,0.18393635749816895,0.554816138744354,0.6570078832762578,0.0001252421377492802,0.999991238117218,0.579049490179334,0.657476322991507,-0.00023836750603680108,0.9999873638153076,0.5420915126800534,0.687145844527653,0.03903516520346912,0.8398330807685852,0.5918224556105475,0.7257061839103696,0.010023900094841205,0.9195395708084106,0.5373099974223543,0.7618307948112484,-0.004790514168728676,0.9165899157524109,0.6042990360941203,0.7931699752807613,-0.04005179437143459,0.9125235676765442,0.540028301307133,0.7740004318101061,-0.009421574603766202,0.9722661375999451,0.6037841609546113,0.8006697246006553,-0.04502423490796768,0.9561689496040344,0.5291551624025614,0.7793496813092909,-0.020213558232145643,0.8333145380020142,0.6085670692580084,0.8188362530299592,-0.058233353282724075,0.7981612682342529
62,0.55420993907111,0.5137546351977754,0.1277422449418476,0.9968608021736145,0.5528506040573118,0.5085915710244857,0.11683489552565979,0.9962126016616821,0.5518070084708074,0.5084203209195816,0.11680623931544162,0.9961928129196167,0.5507625613893778,0.50824835726193,0.116798585653305,0.9965079426765442,0.5558704750878467,0.5086296507290429,0.11934064051934645,0.9978324174880981,0.5570702484675814,0.5085141633238108,0.11924706974199835,0.9982870221138,0.5583389350346154,0.5083476866994583,0.11924224048852915,0.9986568093299866,0.5491122092519485,0.5118363959448676,0.07356299566371097,0.9981449842453003,0.5602942398616243,0.5117848047188347,0.07937102509396414,0.9977901577949524,0.5525756171771457,0.5195279410907198,0.11154931315353933,0.995397686958313,0.556007669653211,0.5192485621997285,0.11436795592308038,0.9959052801132202,0.5370569109916684,0.5481437376567293,0.036606662933315534,0.9999749660491943,0.5774069070816037,0.5501920104026792,0.052048872624124776,0.9998903274536133,0.5291161775588987,0.6021699888365606,0.04742056684834614,0.5756551623344421,0.5878885013716559,0.6036515116691586,0.04744831238474162,0.45533302426338196,0.5385881611279076,0.6123803189822602,0.11477819553443358,0.23190008103847504,0.5750269464084078,0.6155623453004017,0.07233552911451882,0.19671359658241272,0.5404928633144921,0.616565474442073,0.127053244624819,0.2256488800048828,0.572199043205806,0.6193716866629462,0.07559212297201152,0.18862420320510864,0.5418776001249038,0.612911340168544,0.12453106790781016,0.22342140972614288,0.5672555531774246,0.6149387666157311,0.07902522342545643,0.18406565487384796,0.541882732936314,0.6104609864098682,0.11705312430858608,0.20564141869544983,0.5689742088317868,0.6147247314453121,0.07086699839149199,0.16900700330734253,0.549476941994258,0.6472634724208284,-0.004168327608411864,0.999991238117218,0.5734003305435178,0.6478764227458406,0.004046313010621815,0.999987781047821,0.5329450607299802,0.6824210286140439,0.03061431449438843,0.8546468615531921,0.5857140830584932,0.7158065063612797,0.011497318398739607,0.9268643856048584,0.5284905058997016,0.7602537563868927,-0.022660263068974007,0.9246245622634888,0.6026813779558451,0.7758599570819307,-0.04044436290860173,0.9209737181663513,0.5315648964473177,0.7737805349486211,-0.028161377672638196,0.9749012589454651,0.6042220507349284,0.7820657627923144,-0.04560682134968891,0.9604235887527466,0.5171277437891276,0.7700209328106468,-0.04226551723799533,0.8484472632408142,0.605425018923623,0.8040231057575767,-0.05860189965793061,0.81654953956604
63,0.5495266045842849,0.5029298901557919,0.13589089704411364,0.9971314072608948,0.5479000364031108,0.4978152590138569,0.12664457091263356,0.9965588450431824,0.5467540315219331,0.497736711161477,0.12660707575934269,0.9965406656265259,0.5456765685762676,0.4976123222282952,0.1265980435269219,0.9968298077583313,0.551079189777374,0.4977035445826392,0.12793201953172678,0.9980312585830688,0.5522929378918237,0.49760093603815325,0.12783226072788234,0.9984432458877563,0.5535695416586738,0.49747266343661695,0.12783482926232467,0.9987789988517761,0.5440895029476709,0.5013175453458512,0.08386516996792381,0.9983147382736206,0.5553804670061382,0.5014407132353099,0.08730689414909903,0.9979883432388306,0.5478878089359825,0.5086064858095984,0.121412900515965,0.9957989454269409,0.5514995302472794,0.5085213695253642,0.12250140522207525,0.9962555766105652,0.5305125491959706,0.5405890788350785,0.04703124399696076,0.9999756813049316,0.5718956419399803,0.5409760764666963,0.05510238973157744,0.9998993873596191,0.5247497490474153,0.596686552252088,0.06129545292684008,0.5380083322525024,0.5836993268557955,0.5940044488225662,0.05257360615900582,0.4485247731208801,0.5376571144376481,0.6059417145592823,0.12197280973196024,0.2091575413942337,0.5706287997109547,0.6074216127395626,0.08484532364777153,0.17838303744792938,0.5413128239767889,0.6093740020479472,0.13380119034222188,0.2036799043416977,0.5672128370829989,0.6135255592209949,0.0914021473910127,0.1709362119436264,0.543097651004791,0.6058178884642462,0.1298977485724857,0.2016696333885193,0.5639447637966699,0.610368226255689,0.09127104793276102,0.1666913628578186,0.5423178774969917,0.6038803679602485,0.12292431656803397,0.1856946498155594,0.5649025440216062,0.6079127362796235,0.08509327567049432,0.1530388444662094,0.5436799509184699,0.6392206157956801,-0.0033190664702228124,0.9999910593032837,0.5675056236130848,0.6392218589782712,0.0031825310583891604,0.9999882578849792,0.5284333314214431,0.6815883840833388,0.005352485791913096,0.8660412430763245,0.578960813794817,0.6967743039131162,-0.0028003902041486345,0.9271315932273865,0.5238071731158662,0.7548318879944933,-0.066193375649995,0.9311330914497375,0.5949878266879488,0.7516111033303393,-0.07586910309536113,0.9262500405311584,0.5270677600588114,0.7672246405056541,-0.07351287806938799,0.9770353436470032,0.595987272262573,0.7593391656875607,-0.08346634336880272,0.9634978175163269,0.5154846787452696,0.7677483013698029,-0.09208373962236299,0.858837366104126,0.5992142421858648,0.780267146655491,-0.10253998637199398,0.8224168419837952
64,0.5459053277969358,0.49402747154235815,0.1452071160078048,0.9974180459976196,0.5442391753196714,0.4891021464552196,0.1372306951454707,0.9969028234481812,0.5429343410900659,0.4891517536980763,0.1371839069894381,0.9968864917755127,0.5417194536754061,0.489079804079873,0.13716895686728608,0.997146725654602,0.5476473110062734,0.4888224695410045,0.13749649588550833,0.9982280731201172,0.5487898468971251,0.4887972269739421,0.13739785275288985,0.9985988736152649,0.5500184723309105,0.4887806160109382,0.13740915209054938,0.9989010691642761,0.54049151795251,0.4922914011137824,0.09457682860749105,0.9984831809997559,0.5521066495350426,0.49302054217883495,0.09554487764835354,0.9981892704963684,0.5439958895955765,0.4995222883565083,0.13140302321740555,0.9962185621261597,0.5476793800081523,0.4996826742376598,0.13115727177688047,0.9966294765472412,0.5257303203855239,0.5343803831509178,0.056688770545380435,0.9999780654907227,0.5675771168300081,0.5348435350826806,0.05910350201385359,0.9999093413352966,0.5203371661049977,0.5900617854935779,0.05986665157335142,0.561071515083313,0.578731800828661,0.5882714986801145,0.048793482461145926,0.46795210242271423,0.5351645725114003,0.5968165091105866,0.09600260044847211,0.19769932329654694,0.5655582496098107,0.6039347665650501,0.07741453817912505,0.1653631180524826,0.5398102896554127,0.6006918924195424,0.10436348702226361,0.1918274164199829,0.5619946990694316,0.6105422428676057,0.08297553424324304,0.15729855000972748,0.5418273976870943,0.5963518943105423,0.10091899165085377,0.1894887387752533,0.5598500405039104,0.6067945855004444,0.08252673660005838,0.15304918587207794,0.5409735236849101,0.5947376642908366,0.09549514161688936,0.17459845542907715,0.5604707394327433,0.6038997241428917,0.07744714277131212,0.14053450524806976,0.5371099386896403,0.6330418995448518,-0.0017213526747322505,0.9999919533729553,0.5611151814460751,0.6324679919651572,0.0015461473908674503,0.99998939037323,0.5246372870036531,0.6770032950810021,-0.0203868956970317,0.8792954683303833,0.574465795925685,0.6740160499300273,-0.002488287285502466,0.9341959357261658,0.5205705915178569,0.7430355787277219,-0.09952557672347337,0.9378650784492493,0.5849991508892601,0.7331400905336649,-0.09383978178458549,0.933479905128479,0.5234872273036408,0.7527649044990536,-0.10797895525715176,0.979292631149292,0.5831720437322341,0.7431125095912385,-0.1041513468005827,0.9670739769935608,0.5162165778023854,0.7676205124173843,-0.12665153586172628,0.872530460357666,0.5915018967219758,0.7599196961947845,-0.12685802334121288,0.8396329283714294
65,0.5425560167857576,0.48966177616800555,0.14855814831597458,0.9976730942726135,0.5409172977719985,0.4847614424569264,0.14077096794332772,0.9972097277641296,0.5395945310592649,0.4848492869309014,0.14071545984063824,0.9971949458122253,0.538376768997737,0.4848058274814059,0.14069776960781635,0.9974298477172852,0.5442173140389577,0.48448589273861453,0.1399829502616609,0.9984033107757568,0.5452566180910381,0.4845080367156435,0.13988634645938866,0.9987371563911438,0.5463562965393064,0.4845100666795456,0.1398955800703593,0.9990094304084778,0.537358680793217,0.48725065248353117,0.0986113805856023,0.9986330270767212,0.5485842568533759,0.4882129175322394,0.09590096920728679,0.9983651638031006,0.5405660476003371,0.49503704139164495,0.1348598290766988,0.996589720249176,0.5441050784928455,0.4951552280357903,0.13328242089067183,0.996957540512085,0.5221355080604551,0.5283775108201161,0.06528403684496877,0.9999800324440002,0.5637751511165072,0.5301334534372599,0.05351620550666534,0.9999179244041443,0.5159956710679189,0.5825039710317337,0.06742543120469363,0.5722244381904602,0.5739765507834296,0.5842206767627168,0.03902276765022957,0.49390673637390137,0.5307051318032399,0.5893916879381449,0.09668648306812554,0.18689462542533875,0.5603953140122547,0.597587362357548,0.06713455468416211,0.1544932723045349,0.5352012225559777,0.5949690307889662,0.10512158168213702,0.18098780512809753,0.5566897443362642,0.6026266046932762,0.07170204765030312,0.14514267444610596,0.5372074093137467,0.5888644678252082,0.10144208031041277,0.1784837543964386,0.5540629250662665,0.5980330841881886,0.07220662193638934,0.1408187747001648,0.5363188777651103,0.5868085520608082,0.0960456326603889,0.16440601646900177,0.5549558213778902,0.5954505971499848,0.06753997100251058,0.1291273981332779,0.5304728439876009,0.6290129184722897,0.004302371931927543,0.9999926090240479,0.5553133879389078,0.6279464960098264,-0.0044890377803572575,0.9999903440475464,0.520040941238403,0.6682477763720918,0.0003918552771210622,0.8896231055259705,0.5714550069400239,0.6554813878876818,0.007607450256390225,0.9353359341621399,0.5138591706752774,0.7298811963626313,-0.07282532708985462,0.9428737163543701,0.5778113807950698,0.7266264830316813,-0.08039755791957887,0.9382020235061646,0.515694612264633,0.7377535172871177,-0.08084570392966267,0.981122612953186,0.5748756885528562,0.7379654765129086,-0.09055607574326649,0.9697499871253967,0.512994941643306,0.7608778544834678,-0.09482041262090202,0.8812684416770935,0.5842341576303751,0.750780207770211,-0.1104450975012566,0.8476284742355347
66,0.5386395880154199,0.48607861144202075,0.15459026779447277,0.9979032874107361,0.5368812424795966,0.48112434574535895,0.14633499894823337,0.99748694896698,0.5356094053813387,0.4811322782720836,0.14627383181026998,0.9974738955497742,0.5343969770840233,0.48108073387827166,0.1462666528565542,0.9976853728294373,0.5400883436203001,0.4809860493455612,0.14466948551791048,0.9985618591308594,0.5411943759237015,0.4809755189078192,0.1445727999721254,0.9988625645637512,0.5423856241362432,0.4809196012360707,0.14457260540553496,0.9991076588630676,0.5332423278263635,0.4835101987634384,0.10183096698352265,0.9987690448760986,0.5445240872246876,0.4840524077415464,0.09550682221140176,0.9985271692276001,0.5368030956813266,0.4912786747728073,0.1403301558324268,0.9969257116317749,0.5403219137872965,0.491790791920253,0.1375704978193555,0.9972557425498962,0.5179306813648765,0.5244012526103426,0.0703280001878738,0.9999816417694092,0.5592526486941743,0.5270423565592082,0.04777041524648664,0.9999255537986755,0.5109588665621618,0.5778537528855457,0.08504775304879457,0.5601112246513367,0.569231171267373,0.5800375529697961,0.03751038323555672,0.5186383128166199,0.5255653040749684,0.5849175521305626,0.12888928907258163,0.1706775724887848,0.556635054520198,0.5956388149942669,0.07297413519450593,0.144705668091774,0.5297940475600104,0.5908399530819481,0.14102241077593386,0.16570383310317993,0.5532625981739586,0.6007892455373489,0.07731935424464087,0.13482052087783813,0.5317864826747347,0.5851349268640789,0.1363753254924501,0.16337643563747406,0.5505678585597444,0.5961245111056734,0.07912387102842326,0.1305050551891327,0.530851134232112,0.5826011606625146,0.1285283371806144,0.15088088810443878,0.5514116798128398,0.5932102475847514,0.07398836846862517,0.1195639967918396,0.5243958388056071,0.6254939436912533,0.008898174985578013,0.999992847442627,0.549911308288574,0.6247666444097244,-0.00906315952306613,0.9999909400939941,0.5133960451398575,0.6568297522408619,0.05652636736631392,0.8978095650672913,0.5681487679481504,0.6494349752153666,0.03657401092350482,0.939371645450592,0.5045573387827189,0.7201088309288022,0.003994548107896534,0.9477865695953369,0.5759347421782355,0.7279663477625162,-0.01830182083483252,0.9433318972587585,0.505944844654628,0.729002203260149,-0.0019067219591566466,0.982788622379303,0.5742726445198056,0.7394059998648504,-0.024590734126312377,0.97239089012146,0.5008103557995385,0.7456967711448665,-0.010321662508483435,0.889191210269928,0.5792462144579203,0.7408520681517461,-0.03546902388334272,0.8573837876319885
67,0.5338624051639009,0.4835648468562532,0.158355164527893,0.9981114864349365,0.5320269669805251,0.47829651832580544,0.14988422947270524,0.9977371096611023,0.5307581595012117,0.4781601343836101,0.14982421611036564,0.9977255463600159,0.5295846462249754,0.4780158426080429,0.14982721209526056,0.9979158043861389,0.5352261917931691,0.47843189750398885,0.1484252248491559,0.9987050294876099,0.5363548942974633,0.47842141219547796,0.14832857549190515,0.9989758729934692,0.5375411033630368,0.47834737811769734,0.14832763757024486,0.9991964101791382,0.5281485216958179,0.48087315474237696,0.10462618129593981,0.9988916516304016,0.5392584919929502,0.48112508995192366,0.09848204851150509,0.9986737966537476,0.532186983312879,0.4885324742112839,0.14397725718361984,0.997229814529419,0.5355965461049759,0.48941859688077627,0.14139351206166398,0.9975268244743347,0.5125153933252604,0.5217694248471938,0.07254815559302055,0.9999831914901733,0.5537878683635165,0.5243234736578803,0.04939977569239477,0.999932587146759,0.5053981133869714,0.5751840897968834,0.09773672042148449,0.5865500569343567,0.5636368308748515,0.5770237190382819,0.04591662660241125,0.5530121922492981,0.520224457127707,0.5832190547670635,0.16106575535876402,0.16811326146125793,0.5508291414805819,0.5918055244854515,0.08881346029894688,0.15838614106178284,0.5244255099977763,0.5873658725193566,0.1760255670973232,0.16462954878807068,0.5471381425857542,0.5966116292136053,0.0940452331943171,0.14376457035541534,0.5260889972959244,0.5830879041126793,0.17078212159020553,0.1624096781015396,0.5446021522794449,0.591612214701516,0.09558272574629098,0.13786740601062775,0.5249997735023496,0.5808257545743667,0.1609870908515793,0.15110838413238525,0.5455182347978862,0.5884225964546201,0.08993044069835114,0.1249551773071289,0.5190962144306726,0.6211426734924314,0.010477084087740094,0.9999926090240479,0.5446265425000869,0.6212157402719767,-0.010620172587888577,0.9999911189079285,0.5047054001263207,0.6467228208269389,0.08251252448452367,0.9075592756271362,0.5631588612283978,0.6501888598714554,0.03954329166029179,0.9447748064994812,0.4931594082287377,0.7159870028495785,0.04281342694801942,0.9528359174728394,0.5753465788705006,0.7256987759045188,0.0007830244888152437,0.9485650658607483,0.4948506976876938,0.7271085636956348,0.038546799522425436,0.9844369292259216,0.5752507618495393,0.7376659904207499,-0.00306166793618883,0.9750072360038757,0.48629958118711175,0.7315053701400753,0.03127811654204768,0.8991436958312988,0.5775649615696495,0.7346027834074835,-0.011127409485301793,0.8690418004989624
68,0.5278098004204883,0.4809725769928521,0.15587831607886715,0.998296856880188,0.5260599068232943,0.47562843901770435,0.14740353290523794,0.9979611039161682,0.5248046364103043,0.47543214644704523,0.14734406620264046,0.9979510307312012,0.5236141375132968,0.47524445738111204,0.1473459411944661,0.9981222748756409,0.5294071401868545,0.47595508864947705,0.14670668478522975,0.998833179473877,0.5306127650397162,0.4760319352149961,0.146618745795318,0.9990772604942322,0.5318721413612363,0.47608949286597096,0.14662660956382745,0.9992757439613342,0.5220544678824286,0.47827122296605773,0.10227714585406436,0.999001681804657,0.5332172325679232,0.47910778181893465,0.09846904096858837,0.9988046884536743,0.52609600680215,0.48596925224576654,0.1414278305002621,0.9975012540817261,0.5294991970062254,0.48704932246889365,0.1398303249052592,0.9977676868438721,0.5066233141081671,0.5193335465022494,0.065271449301924,0.9999844431877136,0.5468565344810483,0.52197470664978,0.05699151243482315,0.9999383091926575,0.49977324604988077,0.5715939334460665,0.08643008215086796,0.5880002975463867,0.557215413025447,0.5737788183348517,0.052056601643562295,0.5517539381980896,0.5154841780662534,0.5779592360768997,0.146645786506789,0.15447506308555603,0.5445960998535153,0.590096420901162,0.08852905396904259,0.14676450192928314,0.5195519975253511,0.5806900194713045,0.1598450532981327,0.15204991400241852,0.5412308335304258,0.5951908094542364,0.09359128730637682,0.13334381580352783,0.5210826958928787,0.5768106801169257,0.15566725007125304,0.1500234752893448,0.5390821644238061,0.5904684713908601,0.09353141976254323,0.12767860293388367,0.5201139211654661,0.5756975599697656,0.14699236622878475,0.14003056287765503,0.5397459370749335,0.5879111579486298,0.08879828921386171,0.11560238897800446,0.5144311274800979,0.6164748464311869,0.006803616109703265,0.9999926090240479,0.5391701187406265,0.6173362765993389,-0.006955437202538758,0.9999914169311523,0.4962005972862241,0.6416143740926468,0.06667978955166677,0.9158037304878235,0.5559592195919579,0.6509104847908017,0.03508662847535949,0.949033260345459,0.48278166651725746,0.7130681719098768,0.028087334867034627,0.9572413563728333,0.5731533953121727,0.7165853943143569,-0.00695074713522834,0.9532116055488586,0.48407289811543036,0.7261240891047882,0.02403054085693188,0.9858818650245667,0.5732713648251122,0.7275747026715956,-0.011124155164829317,0.9773424863815308,0.474398693016597,0.7238580346107479,0.015827804843762082,0.9071409702301025,0.5775725943701605,0.7333370702607288,-0.019840190772499346,0.8788713812828064
69,0.5217436449868336,0.47759302003043014,0.14097267261573238,0.9984616637229919,0.5201352477073666,0.47240002240453427,0.13233086083616524,0.9981611371040344,0.5188676238059995,0.4721798735005513,0.1322716764041355,0.9981527328491211,0.5176619257245743,0.4719404373850139,0.13227038149322778,0.9983069896697998,0.5234494226319447,0.47282806805201916,0.1308803458298955,0.9989476799964905,0.5245618156024385,0.472939199209213,0.1307956105896404,0.9991679191589355,0.5257067578179493,0.47302952579089547,0.1307959799255643,0.9993464350700378,0.5161444629941665,0.4748579272202081,0.08860967989478788,0.9991002678871155,0.5271263224737982,0.4764448012624466,0.08156605575765878,0.9989212155342102,0.5198489086968555,0.4826931715011594,0.1272349787609917,0.9977443814277649,0.5231487257140021,0.4837801141398292,0.12462401092052453,0.9979831576347351,0.5009465966905864,0.5156453745705738,0.05676965543201989,0.9999854564666748,0.5403558731079099,0.5193474548203602,0.04464421261634143,0.9999433159828186,0.49538794500487165,0.5689708675656997,0.0815203636884689,0.6085315346717834,0.551039545876639,0.5710463728223525,0.041833382099866846,0.5755348205566406,0.511167502403259,0.5678861294473918,0.14548073070389878,0.14993010461330414,0.5396204318319046,0.589421280792781,0.07822035636220656,0.1506970077753067,0.5152512737682885,0.567939828123365,0.15904230347701476,0.14861635863780975,0.5368639401027131,0.5946906038693016,0.08336616882256094,0.136943981051445,0.5164399606840948,0.5648819719042094,0.15513945051601946,0.14689385890960693,0.5348827021462574,0.5907404814447672,0.08335005321672981,0.1307772696018219,0.5154407586370193,0.5650505185127255,0.14598096736839833,0.13793343305587769,0.5351987957954404,0.5887298226356503,0.07865484782627646,0.11745774000883102,0.5094630616051807,0.6136982577187671,0.0067773189794804335,0.9999920129776001,0.5338583537510461,0.6144561256681167,-0.006912782588707546,0.9999911189079285,0.48937555551528905,0.6420566235269816,0.06618186767612183,0.9238749146461487,0.5480000921658105,0.6450697949954438,0.03217772037855215,0.9535865783691406,0.47719631705965293,0.7126950689724509,0.030222553919468594,0.9613891839981079,0.5660044738224572,0.7008115274565556,-0.014247119692819454,0.9576173424720764,0.47800952707018146,0.7259236676352361,0.026610057880835866,0.9872394800186157,0.5661535773958475,0.7120912807328357,-0.018795844806092116,0.9794803261756897,0.46994280729974997,0.7219286288533888,0.020112957585869083,0.9154686331748962,0.5739522031375337,0.7255692243576046,-0.02810436422005294,0.8889226317405701
70,0.5180008513586859,0.474071327277592,0.13089988976716987,0.9986127018928528,0.5165559019361221,0.4690263620444704,0.12211894605840949,0.9983428120613098,0.5153779097965783,0.468801244667598,0.12206044558967857,0.9983355402946472,0.5142016053199765,0.46854452405657065,0.12206143013068603,0.9984742999076843,0.5196420754705154,0.46940462674413386,0.11992017392601281,0.9990518689155579,0.520694405691964,0.4694440782070157,0.11982896178960795,0.9992503523826599,0.5217608979770113,0.4694626450538633,0.11982883491686407,0.9994110465049744,0.5124498844146727,0.4712804853916166,0.07905174525720729,0.9991894960403442,0.5233112795012336,0.47324106182370845,0.0687807726008551,0.9990280866622925,0.515987522261483,0.47913784810474924,0.11761765480041499,0.9979656338691711,0.5191378218787055,0.4800037196704317,0.1140507681029183,0.9981808662414551,0.49687660677092393,0.5101197711059023,0.0507579052022525,0.999986469745636,0.5355731146676197,0.516698154381343,0.03441284761897154,0.9999483227729797,0.4922092088631219,0.5622706242970055,0.08448148689099716,0.6121411323547363,0.5456148607390265,0.5699385132108413,0.03984802322728292,0.5960579514503479,0.5074741516794474,0.5599878157888137,0.1548356767211641,0.1397814154624939,0.5380164589200698,0.5905547635895863,0.08532326455627165,0.15168532729148865,0.5112601024763923,0.5592520730836048,0.1697046424661363,0.13969865441322327,0.5366849405424933,0.5961373788969855,0.0914190537163189,0.13689501583576202,0.5124934060232977,0.5560766628810335,0.1654705549989427,0.1381024867296219,0.5352109261921472,0.5927824871880665,0.09246161388499391,0.12988747656345367,0.5115753974233352,0.5566648330007278,0.15544556166444498,0.13037724792957306,0.5350382992199486,0.5904402443340844,0.08649184980562752,0.1153545156121254,0.5046947811331066,0.6096033539090835,0.007048050101314269,0.9999922513961792,0.5291424632072447,0.6096796342304772,-0.007170770077833104,0.9999915361404419,0.4854826280048913,0.643428003787994,0.058016215690544645,0.9312320351600647,0.5408827015331811,0.6319734471184864,0.032837093195744904,0.9577651023864746,0.4761493810585565,0.7107400315148487,0.010122765068496967,0.9651781916618347,0.5552079541342596,0.6865558709417068,-0.02144801344589463,0.9616634249687195,0.47691546593393574,0.7238286750657215,0.005293504654296802,0.9884716868400574,0.553949463367462,0.6988797000476289,-0.02723768630198069,0.9813987612724304,0.46947579639298553,0.7214133586202345,-0.0020520435646176373,0.9233382940292358,0.5646765674863541,0.7122203281947541,-0.03672307559422083,0.8984293341636658
71,0.5168008106095447,0.46899748955454124,0.12200672158173145,0.9987481236457825,0.5155474254063195,0.4640607655048368,0.11340751796960825,0.9985058903694153,0.5144535882132392,0.46380606378827754,0.1133398307221276,0.9984996318817139,0.5133475048201422,0.46348772730146115,0.11333963892289566,0.9986247420310974,0.5185472284044536,0.46445572887148157,0.11024158916303084,0.9991451501846313,0.5196233442851473,0.46448472397668,0.11014367341995235,0.9993240833282471,0.5207123109272546,0.46450770667621044,0.11013272213084352,0.9994688034057617,0.5113361631120952,0.46617414695875964,0.07126195750066208,0.9992694854736328,0.5220065491540089,0.46850955230849106,0.05697963131325583,0.9991228580474854,0.5146276167460848,0.4739672098840984,0.10915005632809226,0.9981628060340881,0.5178585461207796,0.4746022394725252,0.1044354875172887,0.9983562231063843,0.49429792591503663,0.502218550443649,0.04822675096137181,0.9999874234199524,0.5335430298532756,0.512932103020804,0.022727305921060686,0.999952495098114,0.4904368059975758,0.552043841566358,0.08729647312845498,0.5662904381752014,0.5416965024811878,0.569347502504076,0.03835999832621641,0.5564638376235962,0.5045963806765418,0.550090089866093,0.15712252046380715,0.12778976559638977,0.5358947072710307,0.5753832374300273,0.09730221884591234,0.1554943025112152,0.5086699366569516,0.5479515739849633,0.17110397049358905,0.12830670177936554,0.5358840550695144,0.5762760673250469,0.10458534508943554,0.14399360120296478,0.5096170851162499,0.5460332700184412,0.16575592287949145,0.12682777643203735,0.5343025139399935,0.5716920784541536,0.1064115669046129,0.1365499198436737,0.5085557069097244,0.5463854806763783,0.1567330190113612,0.12000371515750885,0.5335895197732106,0.5705790758132931,0.09911857566663193,0.1176346093416214,0.5006207568304877,0.6022766402789521,0.009154722214277298,0.9999920129776001,0.5249894959586004,0.6021323289190017,-0.009268758725374932,0.9999914169311523,0.4838512429169244,0.6429580211639401,0.0469581569944109,0.9367382526397705,0.5356763396944316,0.6182234678949626,0.03731410519352979,0.9540640115737915,0.47609571133341083,0.7095054353986464,-0.00475560527827058,0.9673001170158386,0.5415654829570223,0.6788862381662638,-0.01567826593028647,0.9613358974456787,0.4776108205318449,0.7205303651945928,-0.009997207165828768,0.9891194105148315,0.5387057610920495,0.6912804126739499,-0.021468045562505714,0.9807535409927368,0.47074733972549415,0.7228319321359903,-0.01931564965551452,0.9246859550476074,0.5501986793109346,0.7031748243740623,-0.03099042006901331,0.8893826007843018
72,0.5173512901578629,0.46313603946140813,0.1172475955315998,0.9987632036209106,0.5163177660533358,0.4582999161311556,0.1089010971997465,0.998541533946991,0.515265255314963,0.45797435811587717,0.10881799800055364,0.9985606074333191,0.5142176985740659,0.45756377152034194,0.10881075167230193,0.9986848831176758,0.5193788324083599,0.4589014053344725,0.1057663096913269,0.9991589188575745,0.5205379928861343,0.45907906634466966,0.10567081240671017,0.999337911605835,0.5217380574771333,0.459303729874747,0.10564849515046387,0.9994730949401855,0.512159534863063,0.4598373975072586,0.06712780864244058,0.9993094205856323,0.5224249328885757,0.4633628053324561,0.05329613666981456,0.9991417527198792,0.515032202856881,0.4678293296269006,0.10446597231285908,0.9981904625892639,0.5183846456663947,0.46866816963468255,0.09988839887082573,0.9983543753623962,0.49328090207917324,0.49304808974266023,0.04699817384992325,0.99998539686203,0.5320453814097811,0.5077300420829225,0.021674498756016996,0.9999470114707947,0.48925440907478307,0.5394673705101011,0.09110726352248869,0.5184789299964905,0.5400894590786522,0.5654528685978477,0.04340885121907505,0.5207493901252747,0.5024663635662621,0.5391434976032798,0.16698798984289162,0.11577336490154266,0.5370671663965495,0.5625552688326152,0.10763968503368748,0.15334317088127136,0.5056233525276181,0.5380450861794606,0.18083911452974583,0.11669069528579712,0.5377389567238942,0.561337511880057,0.11468428711273837,0.14555053412914276,0.507509272439139,0.5352548139435902,0.1755104292716298,0.11531265825033188,0.5349633574485777,0.5563095995358056,0.1176086016531501,0.13787634670734406,0.5062264084815977,0.5350554330008368,0.16659103206225795,0.10921600461006165,0.5348240409578593,0.5564743961606704,0.11015411101813821,0.11578350514173508,0.4971072316169736,0.5901858278683251,0.010178817316357574,0.9999908208847046,0.5209240521703445,0.5919330188206261,-0.010308938939124341,0.9999901056289673,0.4838366797992159,0.6387503743171689,0.041970582785350916,0.9396851658821106,0.5313161134719846,0.6068127734320501,0.04784014959420474,0.9445496797561646,0.4752085643155232,0.7023472751889906,-0.0015159422531723994,0.9689804911613464,0.5283541662352422,0.6745415857860018,0.017326530128983508,0.9610509276390076,0.47653523598398456,0.7120539528982976,-0.005965252327067511,0.9894518256187439,0.5239978441170281,0.6844964861869809,0.014054963950599936,0.9795926213264465,0.4715457107339584,0.7230182800974161,-0.014465168464396678,0.9218792915344238,0.5333530434540337,0.6931709987776618,0.009212567497576981,0.876196026802063
73,0.518582224845886,0.45744875243731886,0.08725443312099998,0.998822808265686,0.5175494568688527,0.45255623374666465,0.07848269103893207,0.9986107349395752,0.5164451071194238,0.4521347735609325,0.07839248265538892,0.9986369013786316,0.5153963821274892,0.45163873944963706,0.07838049328752922,0.9987558126449585,0.5207582218306404,0.45351190652166073,0.07583057912332668,0.9992032647132874,0.5219069821493963,0.453839268854686,0.07573793392096242,0.9993752837181091,0.5231002654348098,0.45421109199523907,0.07570114023983475,0.9995021820068359,0.5135217666625974,0.4535805838448659,0.03830815874306217,0.9993495941162109,0.5235010777200969,0.45804956470217006,0.026621056401303824,0.9991897344589233,0.5161361166409082,0.46193397470882935,0.07525935087885172,0.998242974281311,0.5195195572716846,0.46325149450983294,0.07134048103221821,0.9984308481216431,0.4932438569409504,0.48424129571233454,0.025260381214320646,0.9999845623970032,0.5309449178831915,0.5021557526929035,0.0012080782758338102,0.9999499917030334,0.48726654052734353,0.5300298861094881,0.0694910750857421,0.4828440248966217,0.5387049198150632,0.5595576780182973,0.019685637684805045,0.5243380665779114,0.5001585679394855,0.5295172946793689,0.14831860193184437,0.10588452965021133,0.5402830106871466,0.561580829960959,0.07143881312970601,0.20457659661769867,0.5018862528460364,0.5297285931450977,0.16122537659747252,0.10732664167881012,0.5402326669011794,0.5619175723620821,0.07508639315409316,0.19545115530490875,0.5047938185078755,0.5269538692065645,0.15620647051504674,0.10592793673276901,0.5378816843032834,0.5576961125646316,0.07831868215331006,0.18683694303035736,0.5041222691535947,0.527294497830527,0.1482650805796895,0.10030363500118256,0.5375459466661723,0.5576347725731983,0.07391083573124235,0.15267035365104675,0.4929752937385012,0.5798603977475845,0.00883128903806209,0.9999880194664001,0.5160245486668176,0.5853883249419074,-0.00896435403930289,0.9999873042106628,0.4840787444795879,0.63040679863521,0.047978636955044084,0.9389934539794922,0.5259919217654635,0.5999189989907399,0.06050900550825253,0.902410626411438,0.4753218327249797,0.686135535580771,0.02491904262985501,0.9678540825843811,0.5154352656432558,0.6664334961346214,0.0602617492234068,0.9439704418182373,0.47558133346693837,0.6934437888009204,0.022558786613600588,0.9877276420593262,0.5110213330813814,0.674125800813947,0.060473165115607616,0.9687323570251465,0.4713475831917352,0.7168684857232226,0.01928847283124923,0.9051017761230469,0.5144585064479281,0.6790294510977606,0.060923526276435144,0.8281399011611938
74,0.5198067375591819,0.4538407385349271,0.05358987418668608,0.9988243579864502,0.5187758616038729,0.4488033362797326,0.044889688917568726,0.9986169934272766,0.5176599247114997,0.4482873720782141,0.04480323983090262,0.9986187219619751,0.5166414022445676,0.44774510604994616,0.04478527115924015,0.9987620711326599,0.522046363353729,0.45010153310639495,0.04289281123450822,0.9992218017578125,0.5231868590627395,0.4505248572145188,0.0427928492426872,0.9993869662284851,0.5243154065949573,0.4509793579578397,0.04275651382548466,0.9995211958885193,0.5147866759981425,0.449502498762948,0.008517241604360081,0.9993165731430054,0.5246473090989247,0.4545363996710094,-0.00042491573840379784,0.9991934299468994,0.5173680373600549,0.45808698364666506,0.0430133422570569,0.9981875419616699,0.5205762846129278,0.45979585306985016,0.039940229962979024,0.9984635710716248,0.4945184613977157,0.47728458472660584,0.00048689002703342955,0.999982476234436,0.5298869592802863,0.4982811919280458,-0.019743528696043143,0.9999538064002991,0.48438250422477697,0.5221124580928256,0.04600682247962268,0.43664801120758057,0.5363721149308338,0.5544629522732323,-0.009867529092090467,0.521151065826416,0.49632807799747986,0.5294236029897414,0.12486580823148993,0.09557908773422241,0.5441586443356103,0.5722334572247094,0.023411980603954607,0.2605562210083008,0.49591940811702157,0.533464888163975,0.13788029806954516,0.09703455120325089,0.5430777498653954,0.5761924249785284,0.024146436254626924,0.24651136994361877,0.5005984229700904,0.5298347524234225,0.13335287038769034,0.09574779123067856,0.5433592643056595,0.5724754214286801,0.026739701927207128,0.2371312975883484,0.5006130422864639,0.5299217717988147,0.125617672077247,0.09064667671918869,0.542164645876203,0.5708256891795565,0.025422202004119737,0.18726372718811035,0.48915866868836516,0.5721407379422867,0.006242793186434675,0.9999836683273315,0.5106460554259162,0.5807902812957761,-0.00637929041736892,0.9999849200248718,0.48405930825642157,0.6228013379233222,0.02564516743378979,0.8878290057182312,0.5182747926030837,0.6009444117546079,0.04684392511844633,0.8163819313049316,0.4750577543463024,0.6669814688818791,-0.00561671105346509,0.9276031851768494,0.5034460135868615,0.6578566670417783,0.047722741429294835,0.865326464176178,0.4741001750741684,0.6719341397285459,-0.008822387137583319,0.9671403169631958,0.4987564521176472,0.6628747037478853,0.04826423323580195,0.9023947715759277,0.47129246251923673,0.7037910137857706,-0.00972590864236865,0.8393646478652954,0.4988558232784269,0.6716831224305286,0.052789582977337476,0.7505417466163635
75,0.5207371507372174,0.45272479057311976,0.04060362524219917,0.9988155961036682,0.5197499121938429,0.4474657152380261,0.03231087460049552,0.9985901117324829,0.518590824944632,0.4467813423701693,0.03222876957484648,0.9985711574554443,0.5175300955772398,0.446105690513338,0.03220778086355748,0.9987384080886841,0.5229846239089961,0.4491171879427772,0.03007012893046647,0.9992239475250244,0.5240654213087895,0.44960199424198677,0.029970349371433197,0.9993919730186462,0.5251074263027734,0.4501014709472654,0.029934994290981953,0.9995320439338684,0.5156334297997611,0.44790140134947615,-0.0017681131671582334,0.9992518424987793,0.5253734895161217,0.4535241501671925,-0.011852859333157571,0.9991608262062073,0.5182127748216899,0.4567085257598329,0.030790884686367773,0.9981263279914856,0.521295516831534,0.4587129397051672,0.027408018229263087,0.9984805583953857,0.4947219414370398,0.47432021413530595,-0.008145790134689641,0.9999806880950928,0.5287340215274263,0.49710382478577736,-0.03066568156438215,0.9999576210975647,0.4816752791404722,0.5177944149289809,0.035924955776759464,0.39868050813674927,0.5341796347073143,0.5527052317346843,-0.025204263574310742,0.5540009140968323,0.49217596564974087,0.5310893876211983,0.1095621745501245,0.08661724627017975,0.5453829799379618,0.5757928763117106,0.0005060212021426314,0.32533425092697144,0.4907049902847833,0.5371887104851856,0.12165818789175564,0.08817586302757263,0.5450560961450847,0.5817188433238434,-8.946146949072309e-05,0.3090519607067108,0.4959902456828522,0.5339084710393629,0.11709766494376311,0.08695822954177856,0.5471978647368293,0.5781084895133969,0.002316345123939967,0.3000052273273468,0.4963298065321784,0.532784909861428,0.11027109750679555,0.08230677992105484,0.545128386361258,0.5761642779622757,0.0023341519292443547,0.24279162287712097,0.48613675066402945,0.568017516817365,0.005744677476052722,0.9999821782112122,0.5062453917094637,0.5778405666351315,-0.0058748125231691695,0.9999847412109375,0.4837822071143556,0.6177081874438693,0.00621733938210773,0.8553981781005859,0.5104897362845283,0.605562913417816,0.03392423093318936,0.7574256062507629,0.473450799499239,0.6530494502612519,-0.027839041394846793,0.8971861600875854,0.494814381429127,0.6558612942695614,0.031178214414311265,0.8288145661354065,0.47194446751049546,0.6565461993217464,-0.03130446861365015,0.9561541080474854,0.4900885769299094,0.6604999031339369,0.03140193467427575,0.8739322423934937,0.4690569502966742,0.688087405477251,-0.032531256175466955,0.7845791578292847,0.49178950786590536,0.6691766330174034,0.03476113663720226,0.6914633512496948
76,0.5214072278567723,0.45392087697982775,0.040810776076146554,0.9988698959350586,0.5204888054302756,0.44836945448602955,0.03334929937762872,0.9986574649810791,0.5192684905869619,0.44746321610042006,0.033274460903235895,0.9986277222633362,0.5181159377098083,0.44660090463502033,0.033252264239958376,0.9988019466400146,0.5236011385917659,0.4503831182207378,0.030127421234335233,0.9992700815200806,0.5245856319155007,0.450892094203404,0.030031635612249363,0.9994277358055115,0.525516699041639,0.4513904809951781,0.030000018381646745,0.9995638132095337,0.5161165441785542,0.4486628702708653,0.001226678550509494,0.9992620944976807,0.5257871968405585,0.4547805513654436,-0.013237185589969162,0.9991927742958069,0.5187505057879856,0.4576141136033193,0.0315169880432742,0.9981812834739685,0.5217196719987052,0.459828892775944,0.02686971149274281,0.9985631704330444,0.4944654141153606,0.4747258262974875,-0.005933865518974353,0.9999797344207764,0.5275670426232474,0.4982738801411219,-0.03593411062444957,0.9999611377716064,0.4788593053817748,0.5166203805378503,0.03375739540372573,0.3618539571762085,0.5318436605589727,0.5536034515925817,-0.03318525563393318,0.5809374451637268,0.4873452501637594,0.5362290416445049,0.09555175091539109,0.0782342180609703,0.5444794467517303,0.5755299857684543,-0.008659557772002113,0.3739734888076782,0.48555125423840106,0.5434307183538165,0.10577525688069196,0.07973181456327438,0.5461943319865632,0.582126380716051,-0.009375715541786386,0.3523162007331848,0.49065762928553946,0.5415585705212178,0.1007170864513942,0.07860006392002106,0.5502310786928448,0.5781841397285459,-0.007097180416375096,0.3415670096874237,0.4910565291132245,0.5383197409766057,0.09551535291331152,0.07439519464969635,0.5469826119286673,0.5768507071903772,-0.0069547835271805,0.27047497034072876,0.4838135395731242,0.5672738705362592,0.006612779253295493,0.9999806880950928,0.5024698274476187,0.5766209363937377,-0.0067269089365644096,0.999984622001648,0.4832851307732718,0.6146445410592216,-0.017974181619605886,0.8099201917648315,0.5019638453211106,0.6152882814407351,0.01453501507639883,0.6913345456123352,0.4707118417535509,0.6423834340912954,-0.056522043448473724,0.8368802666664124,0.48877994929041174,0.6588160872459412,-0.0023632056345897906,0.76809161901474,0.4692208383764536,0.6449174046516418,-0.06039552534265179,0.92500239610672,0.48418984838894397,0.6644704767635891,-0.0036201351588326033,0.8245595097541809,0.465182659455708,0.668526014259883,-0.06470649457935776,0.7170580625534058,0.4918919026851651,0.6727335197584967,-0.0056995566136071735,0.6280462741851807
