frame_id,NOSE_x,NOSE_y,NOSE_z,NOSE_v,LEFT_EYE_INNER_x,LEFT_EYE_INNER_y,LEFT_EYE_INNER_z,LEFT_EYE_INNER_v,LEFT_EYE_x,LEFT_EYE_y,LEFT_EYE_z,LEFT_EYE_v,LEFT_EYE_OUTER_x,LEFT_EYE_OUTER_y,LEFT_EYE_OUTER_z,LEFT_EYE_OUTER_v,RIGHT_EYE_INNER_x,RIGHT_EYE_INNER_y,RIGHT_EYE_INNER_z,RIGHT_EYE_INNER_v,RIGHT_EYE_x,RIGHT_EYE_y,RIGHT_EYE_z,RIGHT_EYE_v,RIGHT_EYE_OUTER_x,RIGHT_EYE_OUTER_y,RIGHT_EYE_OUTER_z,RIGHT_EYE_OUTER_v,LEFT_EAR_x,LEFT_EAR_y,LEFT_EAR_z,LEFT_EAR_v,RIGHT_EAR_x,RIGHT_EAR_y,RIGHT_EAR_z,RIGHT_EAR_v,MOUTH_LEFT_x,MOUTH_LEFT_y,MOUTH_LEFT_z,MOUTH_LEFT_v,MOUTH_RIGHT_x,MOUTH_RIGHT_y,MOUTH_RIGHT_z,MOUTH_RIGHT_v,LEFT_SHOULDER_x,LEFT_SHOULDER_y,LEFT_SHOULDER_z,LEFT_SHOULDER_v,RIGHT_SHOULDER_x,RIGHT_SHOULDER_y,RIGHT_SHOULDER_z,RIGHT_SHOULDER_v,LEFT_ELBOW_x,LEFT_ELBOW_y,LEFT_ELBOW_z,LEFT_ELBOW_v,RIGHT_ELBOW_x,RIGHT_ELBOW_y,RIGHT_ELBOW_z,RIGHT_ELBOW_v,LEFT_WRIST_x,LEFT_WRIST_y,LEFT_WRIST_z,LEFT_WRIST_v,RIGHT_WRIST_x,RIGHT_WRIST_y,RIGHT_WRIST_z,RIGHT_WRIST_v,LEFT_PINKY_x,LEFT_PINKY_y,LEFT_PINKY_z,LEFT_PINKY_v,RIGHT_PINKY_x,RIGHT_PINKY_y,RIGHT_PINKY_z,RIGHT_PINKY_v,LEFT_INDEX_x,LEFT_INDEX_y,LEFT_INDEX_z,LEFT_INDEX_v,RIGHT_INDEX_x,RIGHT_INDEX_y,RIGHT_INDEX_z,RIGHT_INDEX_v,LEFT_THUMB_x,LEFT_THUMB_y,LEFT_THUMB_z,LEFT_THUMB_v,RIGHT_THUMB_x,RIGHT_THUMB_y,RIGHT_THUMB_z,RIGHT_THUMB_v,LEFT_HIP_x,LEFT_HIP_y,LEFT_HIP_z,LEFT_HIP_v,RIGHT_HIP_x,RIGHT_HIP_y,RIGHT_HIP_z,RIGHT_HIP_v,LEFT_KNEE_x,LEFT_KNEE_y,LEFT_KNEE_z,LEFT_KNEE_v,RIGHT_KNEE_x,RIGHT_KNEE_y,RIGHT_KNEE_z,RIGHT_KNEE_v,LEFT_ANKLE_x,LEFT_ANKLE_y,LEFT_ANKLE_z,LEFT_ANKLE_v,RIGHT_ANKLE_x,RIGHT_ANKLE_y,RIGHT_ANKLE_z,RIGHT_ANKLE_v,LEFT_HEEL_x,LEFT_HEEL_y,LEFT_HEEL_z,LEFT_HEEL_v,RIGHT_HEEL_x,RIGHT_HEEL_y,RIGHT_HEEL_z,RIGHT_HEEL_v,LEFT_FOOT_INDEX_x,LEFT_FOOT_INDEX_y,LEFT_FOOT_INDEX_z,LEFT_FOOT_INDEX_v,RIGHT_FOOT_INDEX_x,RIGHT_FOOT_INDEX_y,RIGHT_FOOT_INDEX_z,RIGHT_FOOT_INDEX_v
0,0.538079673051834,0.3018560175384792,0.12274336399776589,0.9999765157699585,0.53560520027365,0.29603306949138625,0.10727042800613806,0.9999620914459229,0.5338801430804386,0.29653846493789104,0.10719882510602474,0.9999494552612305,0.5321024869169505,0.2971549881356102,0.10715949514082491,0.9999632835388184,0.5400831175701956,0.29518064856529225,0.11864722179515017,0.9999685287475586,0.5415118707077842,0.2951284331934792,0.11859350321548322,0.9999657869338989,0.5430646998541695,0.2949638430561336,0.11862004495092801,0.9999749660491943,0.5309972124440329,0.3013420552015303,0.03993861869509729,0.9999791383743286,0.5461854496172492,0.2979534608977179,0.09240102874381205,0.99996018409729,0.5362006481204711,0.3087077204670224,0.10140363281326632,0.9999639987945557,0.5409972901855191,0.30833614425999767,0.11576799090419501,0.9999475479125977,0.5232779511383601,0.3437829192195619,-0.044642151093908726,0.999998927116394,0.5742982660021099,0.34871896462781055,0.0984365942222732,0.9999940395355225,0.5235688771520339,0.40749967651707797,-0.1056549892893859,0.998117208480835,0.593580023731504,0.41286055232797325,0.09560123266918315,0.8629379868507385,0.5180326431989668,0.4840424652610504,-0.10808830985001158,0.9948514103889465,0.6059565914528708,0.477992488656725,0.08060082942247397,0.9811211228370667,0.5167689791747501,0.5058499821594784,-0.12321589780705319,0.9869853854179382,0.6072661723409377,0.49372445940971327,0.08057235234550071,0.9738621711730957,0.5158155875546591,0.5074207339967997,-0.11611419884221895,0.9861175417900085,0.6042522345270429,0.49566361904144274,0.07206749032650674,0.970409631729126,0.5170297810009543,0.5005361642156325,-0.10442470397268021,0.9707461595535278,0.6019655432019912,0.49116202720573954,0.07621266235198296,0.9513816833496094,0.5536003398043766,0.4764296186821798,-0.050773267128637854,0.9999748468399048,0.580197924375534,0.47240444634641876,0.050635911045329905,0.9999711513519287,0.5482970897640497,0.5842550482068741,-0.07258753020848543,0.9785269498825073,0.5738615146705083,0.5662446311541962,0.06389054222631133,0.6752645373344421,0.5781655247722349,0.6826237780707219,-0.10483684199196958,0.9412788152694702,0.5770717616592134,0.6709610036441254,0.04066804115261348,0.7372760772705078,0.5883310552154265,0.6892822682857511,-0.10931411619697294,0.9570326209068298,0.5822030791214533,0.6846765884331291,0.0372692191175052,0.8823288083076477,0.5643631424222673,0.7165105428014482,-0.12974864350897924,0.8224489688873291,0.5616459233420236,0.6998023790972568,0.02689969419900859,0.5699000954627991
1,0.4891292870044705,0.32086576649120846,0.08392142525741017,0.999974250793457,0.4864122961248667,0.31363067030906655,0.07490065385188366,0.9999587535858154,0.48477744374956366,0.314065384013312,0.07480541095137588,0.999945342540741,0.48310329743794,0.31461193646703434,0.0748010196856089,0.9999599456787109,0.49053487266812973,0.31304720044136036,0.07730857304164332,0.999965488910675,0.49182831134114924,0.3130650528839655,0.07722235151699602,0.9999628663063049,0.4931875297001426,0.31291714140347054,0.07721775834049491,0.9999727606773376,0.4812947205134797,0.31934374570846535,0.03634194625275471,0.9999762177467346,0.49523870008332344,0.31665608372007065,0.04743605873414446,0.9999542236328125,0.4871879535061969,0.32869788834026864,0.07300608956388058,0.9999582767486572,0.49129648378917096,0.32851230076381127,0.07542961793286457,0.9999398589134216,0.473407515457698,0.36721539071628007,-0.004144368533577199,0.9999988675117493,0.512828080143247,0.37214483192988773,0.0350229314395359,0.9999938607215881,0.4797475593430652,0.433699073110308,-0.039002996257373135,0.9980335235595703,0.5309945889881675,0.44270356552941426,0.029961757574762507,0.8601961135864258,0.48426979780197116,0.4975927131516589,-0.05363726552043637,0.9948070645332336,0.5466170975140158,0.49788464222635515,0.028244833648204785,0.9807867407798767,0.48515303475516147,0.515360483101436,-0.06332982906273427,0.9870398044586182,0.549064971719469,0.5109634935855861,0.021582703398806663,0.9735257625579834,0.4848820439406801,0.5161106569426396,-0.06586866804531634,0.98617023229599,0.5472089631216864,0.5112453460693356,0.01886659147483953,0.9701063632965088,0.48513015764100176,0.5106468694550648,-0.054347580245562875,0.9708008766174316,0.5450955646378649,0.5074904271534509,0.02641745773809294,0.9510231614112854,0.49442890797342537,0.5078323968819206,-0.015632836307798062,0.9999751448631287,0.5114937543869016,0.5062437747206002,0.015513688751629374,0.999971330165863,0.49569777079990884,0.6127665894372121,-0.01566085261957975,0.977847695350647,0.5056351516927988,0.6052875195230751,0.04895102336470566,0.6718798279762268,0.5235099332673204,0.7138768025806967,-0.01642840823956894,0.9395738840103149,0.5068104343754902,0.7128652129854469,0.05155735356467107,0.7397697567939758,0.5296869533402574,0.7256815433502193,-0.01826422767979742,0.9554828405380249,0.5089492167745315,0.727990695408412,0.05053148301584379,0.8830482959747314,0.522351344142641,0.7467410462243215,-0.045743654881204784,0.8218548893928528,0.5053546556404656,0.7408072658947533,0.028065461984702503,0.5758198499679565
2,0.44024953246116616,0.3398921962295258,0.039090884902647546,0.9999647736549377,0.4372601785830087,0.33125568926334364,0.03626969807914324,0.9999284446239471,0.43568359145096347,0.3315786195652824,0.03615654893219469,0.9999211430549622,0.43409819858414767,0.33202016225882924,0.03618136367627551,0.9999360740184784,0.4411092685801641,0.3310812413692473,0.029408951529434735,0.9999488592147827,0.4422407495123997,0.33119118979998985,0.029292206785508552,0.9999550879001617,0.44337905815669443,0.33109615402562265,0.029255529280219746,0.9999655783176422,0.43159124084881356,0.33726735413074477,0.025726251596850998,0.9999558627605438,0.44428668831075924,0.33546191624232685,-0.005200825205871033,0.999943196773529,0.4381506506885799,0.34868876295430307,0.03867333079023019,0.9999336004257202,0.4416284684623989,0.3487629715885433,0.02880104546036038,0.9999276101589203,0.42353384409631983,0.3907021109546932,0.03084583947701112,0.999994695186615,0.451275392941066,0.3955638532127651,-0.034640401814665094,0.9999934136867523,0.43568586451666674,0.4602314893688472,0.023823140668017516,0.9559421837329865,0.468214519534792,0.4728286108800341,-0.03814754667026654,0.8671329021453857,0.45019051134586313,0.5111691359962733,-0.0006702022893088198,0.9651938676834106,0.48699767461844834,0.5173831922667365,-0.019847209751605976,0.9816639125347137,0.4533712872437066,0.525002097232001,-0.004794586769172121,0.961909145116806,0.49083046061652025,0.5281063854694363,-0.03181792550853319,0.974666953086853,0.4538041634219031,0.5250285591397964,-0.01635999115450041,0.962250679731369,0.49010101216179963,0.5266088008880613,-0.028855770932776574,0.9713918268680573,0.45300825153078333,0.5209384833063395,-0.005491515142577032,0.9472275078296661,0.48809202057974654,0.5235099898917333,-0.018963059676544998,0.9529610276222229,0.4350283218281608,0.5391818629843845,0.019848392584494175,0.999975323677063,0.4429087936878202,0.5401024916342323,-0.019936699686305855,0.9999722540378571,0.443084138206073,0.6413387571062357,0.043670140100376925,0.9670369029045105,0.43733805503164,0.6443074175289696,0.03359978362319191,0.6882065236568451,0.4687804405178341,0.7451312916619433,0.07397029059273852,0.9416006207466125,0.4366088990654262,0.7540672966412132,0.062214135485036,0.7527515888214111,0.4709402207817348,0.762174397706985,0.0747092687657901,0.9564149379730225,0.4357278815337588,0.7711731782981324,0.06355850760425838,0.8885999321937561,0.4799461637224468,0.7746643219675333,0.04091972219092503,0.8300693333148956,0.44737190178462416,0.7805865960461749,0.02979512483413729,0.5969197452068329
3,0.3728634646960665,0.36615001644406986,-0.03458143238510403,0.9999552965164185,0.3694653315203529,0.3555517477648597,-0.02916288226842879,0.9998981356620789,0.3679356353623525,0.35567193457058477,-0.02928971041526112,0.9998969435691833,0.3664597008909496,0.3559321233204431,-0.029232231634003767,0.9999122023582458,0.37303334219115103,0.3561255395412444,-0.04957710759980336,0.9999322295188904,0.3739037258284431,0.35639320356505244,-0.049733005676950715,0.9999473094940186,0.37469605803489664,0.3564245053700037,-0.049815977045467905,0.9999583959579468,0.3629899765763962,0.3618670812674929,-0.0012182914784976432,0.999935507774353,0.3739259421825407,0.3615279410566601,-0.09288729344095499,0.9999321699142456,0.3704462826251982,0.3762110633509498,-0.020126605353185105,0.9999089241027832,0.37310059240886123,0.3767606079578398,-0.04791444987058638,0.999915361404419,0.35472792472158143,0.42319152440343566,0.0711127539830548,0.9999905228614807,0.3662546881607599,0.4279090736593517,-0.1439991299595151,0.9999929666519165,0.37447125741413645,0.4971234006541113,0.10657309293746944,0.9138508439064026,0.381375433717455,0.5146956043584003,-0.13986250438860479,0.8740696907043457,0.40287986738341175,0.5299081419195445,0.07225516481058936,0.9355806708335876,0.40443880302565416,0.543808511325291,-0.08324142439024786,0.9825410842895508,0.4094281000750403,0.5384353126798355,0.07642111522810797,0.9367784857749939,0.4103804681982311,0.5515435406139917,-0.10096080516065867,0.9758081436157227,0.41082756434168116,0.537823631082262,0.0527701961142676,0.938331127166748,0.4111780158111026,0.5473952276366095,-0.09011948960168017,0.9726772904396057,0.4085061711924414,0.5355183601379392,0.06193595017705643,0.9236541390419006,0.4092487999371118,0.5451729782990045,-0.07826892541987551,0.9548988938331604,0.3527800210884638,0.5824632976736338,0.07012846469879147,0.9999755024909973,0.3481955187661306,0.5868798366614748,-0.07015361817819728,0.9999731779098511,0.3704096334321157,0.680743871416364,0.1307620553033692,0.956226110458374,0.34296760729381,0.6981310265404834,0.010176720317187048,0.7045332193374634,0.39323629140853866,0.7883573446954997,0.20336895755359097,0.9436273574829102,0.3396855005196161,0.8100264106478006,0.07495203890970772,0.7657334208488464,0.3897371181419916,0.8126835533550804,0.20759302079677572,0.95734703540802,0.3346083317484173,0.8306938392775396,0.079577690575804,0.8941515684127808,0.4208132641656056,0.8088030917303899,0.16716245029653815,0.8382837772369385,0.3639843421322957,0.8327331917626513,0.03210788970547061,0.6180196404457092
4,0.35186141559055856,0.3743628063372202,-0.056829165347984836,0.9999342560768127,0.34832783469132,0.36323012667042853,-0.04905582751546585,0.9998397827148438,0.34676195936543586,0.36324284459863376,-0.049187033995985965,0.9998503923416138,0.34527803233691606,0.3634005269833972,-0.04912347112383159,0.9998724460601807,0.3519145177943364,0.3641592681407927,-0.07342923730611799,0.9998965859413147,0.3526930745158875,0.3644910999706812,-0.07359594181179997,0.999927818775177,0.35337073547499503,0.36458175054618275,-0.07369291558861729,0.9999405741691589,0.34153337648936666,0.36950199646609155,-0.010747623470212728,0.9999088048934937,0.35202723273209147,0.36975429568971885,-0.11932847435985289,0.9999057650566101,0.3491655592407497,0.3848696125405173,-0.038075757718511974,0.9998699426651001,0.35173240091119473,0.38559779482228396,-0.07105455717870165,0.9998917579650879,0.33306437645639675,0.43331304490566236,0.08062840151999674,0.9999862909317017,0.3395416276795522,0.43791950217315107,-0.17585814871958316,0.9999914765357971,0.35523180791309883,0.5093218722513742,0.12746620699763295,0.8464292287826538,0.35394176500184177,0.5281079994780674,-0.16764922812581054,0.8864603042602539,0.38745960295200327,0.5359555069889339,0.08926449886390136,0.8885015249252319,0.3783556857279367,0.5516785306589942,-0.09912203294890264,0.9837436079978943,0.3952096692153384,0.543097776174545,0.09516985416412349,0.8968724012374878,0.3853734944547924,0.5590260914393831,-0.11767793425491874,0.9771034121513367,0.39701247555868946,0.5419363532747539,0.0687885193952492,0.9001018404960632,0.3865981331893374,0.5540540456771847,-0.104836393892765,0.9740920662879944,0.39407434037753497,0.5401683483804973,0.07760410947459082,0.8857524991035461,0.38457903521401526,0.5518434435129163,-0.09309744664600914,0.9565014243125916,0.3268384648220878,0.5956856186900817,0.08478599031056672,0.9999765157699585,0.3191260031291415,0.6014181013618194,-0.08478695521397246,0.9999750256538391,0.347819223148482,0.6932324664933338,0.15619393917066704,0.9434711933135986,0.31345747028078336,0.7148614048957822,0.004814626672305162,0.7339584827423096,0.36943243869713355,0.8015838231359206,0.24167236877339215,0.9481012225151062,0.3097741267510821,0.8266202637127463,0.08087239414453502,0.7891152501106262,0.3642947771719522,0.828440541028976,0.24685484873396998,0.9597848057746887,0.3033609313624244,0.848885266269956,0.08654212387544764,0.904203474521637,0.4021549114159173,0.8193729043006893,0.20245032076324726,0.853583574295044,0.3382647590977803,0.8495782962867189,0.03361765356468301,0.6560431718826294
5,0.3587424652917043,0.37176164899553554,-0.04939833102481703,0.999902606010437,0.35522148183413893,0.36095701966966887,-0.042842785162585106,0.9997496008872986,0.35358524152210763,0.36092360786029254,-0.04297228232026098,0.9997800588607788,0.3520303998674663,0.3610279491969516,-0.04291949197649954,0.9998124837875366,0.35900583863258345,0.3619877874851225,-0.06550507375172204,0.9998388290405273,0.3598104979310715,0.36232205288750763,-0.06566452171121322,0.9998965263366699,0.36052599208695535,0.3624248078891208,-0.06575664409569329,0.9999114274978638,0.34845731854438766,0.36699520008904574,-0.010047892002122739,0.9998672008514404,0.3593058662755147,0.36727477993283936,-0.11049434457506448,0.9998610019683838,0.3558453704629624,0.38218841723033337,-0.03258398654205457,0.9998111128807068,0.3587529148374283,0.38292826414108255,-0.0632675502981458,0.9998530745506287,0.33979858585766365,0.4300064453056879,0.07275444077593936,0.9999817609786987,0.34793497494288833,0.4345525750092096,-0.16328424939087452,0.9999894499778748,0.36120821748461024,0.5067261338233946,0.11328096687793726,0.7864070534706116,0.36219926135880587,0.5243288721357071,-0.15454398053033003,0.8975657224655151,0.39135458895138314,0.5345186761447358,0.07433498544352392,0.8467161655426025,0.3862531185150144,0.548501636300768,-0.09183666280337738,0.9845300316810608,0.39893300618444155,0.5427432656288145,0.07851888175521574,0.8612730503082275,0.3936415399823868,0.5568828361374989,-0.1089010711227144,0.9777482151985168,0.4007566835199081,0.5411158118929179,0.05422222039529253,0.8662180304527283,0.39465997985431106,0.5521427614348273,-0.09718511147158482,0.9747698307037354,0.39778859615325907,0.5390582714762003,0.06350979145084105,0.8521061539649963,0.39244287269456024,0.5494743551526748,-0.0864616996475628,0.9566999673843384,0.33479910833494986,0.5908674257142201,0.07862136193684166,0.9999774694442749,0.3292890719005038,0.5965911507606503,-0.07862223812511986,0.9999766945838928,0.35525653788021616,0.6894471492086135,0.14553868217127658,0.9325065612792969,0.32285410421235206,0.7093039938381737,0.008461875914196879,0.7604467868804932,0.3767845673220497,0.7968575205121717,0.22581154193196967,0.9523109793663025,0.3200315577643257,0.819482280526842,0.0801807188561984,0.8101664781570435,0.3723958023956842,0.8233184439795354,0.23042975834437768,0.9621649384498596,0.31398160117013096,0.8421276944024219,0.08542886376380916,0.9133152365684509,0.40777222514152506,0.8152310115950445,0.1847094646521976,0.8675082921981812,0.3468419977596826,0.8447229181017191,0.032315647814955016,0.6902956366539001
6,0.35822015064103246,0.3716183832713534,-0.04998236915894915,0.9998748898506165,0.354781275987625,0.3609793024403707,-0.04354992306658198,0.9996704459190369,0.35311210666383996,0.3609149983951022,-0.043681736716202305,0.99972003698349,0.35150069509233733,0.3609779272760662,-0.04363346685256275,0.9997614026069641,0.3585494211741854,0.36204508457865014,-0.06599401789052142,0.9997866749763489,0.3593550043446675,0.36237052679061876,-0.066149927675724,0.9998683333396912,0.36007623672485334,0.36246780667986167,-0.06624413984162464,0.9998844265937805,0.3478612678391591,0.3668368739741187,-0.009901268913277552,0.9998338222503662,0.3588393756321496,0.3671443292072839,-0.11051789969205851,0.9998210668563843,0.3551873411451065,0.38202947122710074,-0.03320302345923014,0.9997612237930298,0.3582257321902682,0.3827154406479425,-0.0636085212230682,0.9998193383216858,0.3394122447286332,0.42983231714793596,0.07357275124107085,0.9999785423278809,0.34715421795845014,0.43451476437704883,-0.16321733168193264,0.999987781047821,0.3605675688811709,0.5074164782251628,0.11628471059458592,0.7328128218650818,0.3614204619612011,0.5245840856007165,-0.15684994075979497,0.9075683951377869,0.39028628979410424,0.5355390582765849,0.08136550933122631,0.8111986517906189,0.3859627297946383,0.5488779629979812,-0.0996426797338894,0.9852333664894104,0.3976585022040774,0.5443549667085918,0.08633074994598111,0.8308715224266052,0.3934744281428199,0.5575059039252142,-0.11741583581481656,0.9783040285110474,0.3995697796344755,0.5424497400011332,0.06116289070674348,0.837330162525177,0.3945048161915368,0.5531151005199975,-0.10562795954091203,0.9753402471542358,0.3966269578252518,0.5402021901948109,0.07031865928854258,0.8234444856643677,0.39214905670710953,0.5503172227314537,-0.09440313194479255,0.9568040370941162,0.334542884996959,0.5905281407492499,0.0784527948924473,0.9999784827232361,0.32921613369669217,0.5965845584869381,-0.07845047201429091,0.9999783039093018,0.3551541115556443,0.6897603443690705,0.14486501642635885,0.921840488910675,0.322498503753117,0.7092873522213523,0.008702886716595713,0.7842910885810852,0.37650941099439333,0.7966347558157781,0.22820749580860128,0.9561132192611694,0.3201669105461664,0.8183979834829054,0.08357972417558938,0.8291153311729431,0.37223386338778885,0.8233198387282231,0.2331549244267599,0.9643049836158752,0.3140833582196915,0.8412735070501051,0.08917117246559685,0.9215431213378906,0.40748141493116086,0.8146881103515622,0.18737501331738055,0.8800675868988037,0.34681036216872063,0.8447183115141728,0.03622633665800093,0.7211352586746216
7,0.3575149442468369,0.3712049220289501,-0.05088312657816067,0.9998679161071777,0.3541245954377309,0.3608225771359034,-0.04470680920141082,0.9996526837348938,0.3524138195174079,0.3607166375432694,-0.044842773250171095,0.9997071027755737,0.35075945854186996,0.3607335805892943,-0.04479989505239893,0.9997496604919434,0.357869562932423,0.3619283463273728,-0.06672887227364946,0.9997760653495789,0.3586861874376023,0.36225020204271574,-0.06688204876014162,0.9998633861541748,0.35941817505019036,0.3623499955449784,-0.06697878944022312,0.9998793005943298,0.34695862020765017,0.36637629696301033,-0.011160007411880148,0.9998276829719543,0.35823259183338696,0.36679003408976946,-0.11066760974270952,0.9998149275779724,0.35442867534501193,0.3816228500434329,-0.03433642536401747,0.9997509717941284,0.35750525253159643,0.3822025792939321,-0.06421410398823871,0.9998142719268799,0.33935782909393297,0.4295304434640065,0.0724595710635185,0.9999766945838928,0.34617870194571343,0.4344305625983645,-0.16298526482922682,0.9999874234199524,0.3599412824426377,0.5075812493051799,0.12010322085448669,0.6876482367515564,0.36073348181588294,0.5248681579317362,-0.1574176635060991,0.916698694229126,0.3893301640238079,0.536538733754839,0.0953721172043255,0.7883139252662659,0.3856683373451231,0.5495820539338245,-0.09956648030451361,0.9864210486412048,0.396341812610626,0.5454989722796846,0.10185359609978535,0.8115078210830688,0.3931701225893836,0.5581571016992839,-0.11751303204468312,0.9798506498336792,0.39829937304769225,0.5435502648353574,0.07618883975914542,0.8194053769111633,0.3942383621420177,0.5541343092918394,-0.10554541796445842,0.9770772457122803,0.3955595961638857,0.5412522247859407,0.08443510936839237,0.805902898311615,0.39177030239786403,0.5513680526188439,-0.09425861303295403,0.9594276547431946,0.3344883910247256,0.5902457101004461,0.07795312830380027,0.999979555606842,0.32910161358969536,0.596595580237252,-0.07794310982738219,0.9999798536300659,0.35508884191513046,0.6902077334267749,0.14552044613020754,0.9150365591049194,0.32234701599393556,0.7092654091971258,0.01040347599025283,0.8057712316513062,0.37641493763242434,0.7965566601072035,0.2334866357701164,0.9594861268997192,0.32024854166167105,0.8176560878753658,0.09092648923397059,0.8461688756942749,0.3721864427839005,0.8233404295785083,0.23895921622003818,0.9660601019859314,0.31415940012250615,0.8404571448053628,0.09702600389719004,0.9289494752883911,0.40731765372412526,0.8143581407410754,0.19461033982889983,0.8913540244102478,0.34677291427339807,0.8447562149592804,0.045756086707115146,0.7488921880722046
8,0.3567081315176826,0.3706296631268091,-0.05163602509668893,0.9998562932014465,0.35335823297500596,0.36046204056058595,-0.04549060570342198,0.9996229410171509,0.35160846539906077,0.36034325446401305,-0.04562947824597356,0.9996845126152039,0.34991403392383014,0.36034658040319156,-0.045588742622307346,0.9997308254241943,0.3570451344762528,0.3615493757384162,-0.06727335580757683,0.9997569918632507,0.35785545962197424,0.36187397411891375,-0.06742587770734511,0.999853253364563,0.35857933504240835,0.36198672737394044,-0.06752622553280418,0.9998695850372314,0.3459250109536306,0.3658084145614077,-0.012115337486777981,0.9998177289962769,0.3574153729847498,0.36628248606409325,-0.11060699799231115,0.9998019933700562,0.35356435775756817,0.3811269198145183,-0.03511600771120615,0.9997374415397644,0.35665811640875666,0.3815833662237438,-0.06467433827263966,0.9998058676719666,0.33905880962099333,0.4290868222713468,0.07163958102464672,0.999975323677063,0.3450892363275799,0.43419219170297874,-0.1626782481159482,0.999987006187439,0.35915711351803353,0.5075070534433634,0.12340100790773113,0.6488640308380127,0.3600943446159361,0.5251577360289434,-0.1598454330648694,0.924893856048584,0.3883846563952308,0.5377272367477415,0.1026975606169019,0.770886242389679,0.3854980179241724,0.5507773756980894,-0.10504888530288418,0.9874474406242371,0.3950352089745656,0.5468390022005352,0.1096932743276868,0.7963603138923645,0.39282117656299026,0.5593380297933304,-0.1243061700037547,0.9811597466468811,0.3972196630069186,0.5451554570879253,0.08377836027315681,0.8054440021514893,0.3939139740807668,0.5558088472911287,-0.11229228717940189,0.9785463809967041,0.39458223411015086,0.5427835362298146,0.0917553284338542,0.7918049693107605,0.39142705883298584,0.553189158439636,-0.09979308077267234,0.9615508913993835,0.33442831720624633,0.5899872592517306,0.07753273418971467,0.9999804496765137,0.32885576997484467,0.5966013635907852,-0.07751770360129216,0.999981164932251,0.3550208219460077,0.6905289343425203,0.1457023441791534,0.9071637392044067,0.3221451921122413,0.7092676333018708,0.011592740405883102,0.825080394744873,0.37626175710133125,0.7963782668113705,0.23686344921588887,0.962406575679779,0.3202992328575678,0.8171128817967002,0.09621305912733073,0.8615075349807739,0.3721419155597685,0.8233178104673109,0.24263031652995506,0.9673864841461182,0.3142719737121036,0.8398172157151355,0.1027070764984403,0.9354959726333618,0.4071317706789287,0.8139363714626854,0.19845138915947497,0.9014198780059814,0.34673929980822954,0.8447239279747005,0.05186843648552892,0.7738422155380249
9,0.35626281925610115,0.37019423161234155,-0.051749019111905756,0.9998102188110352,0.35284925188337035,0.3601342516286031,-0.04559483645217757,0.9994960427284241,0.3510745840413228,0.360012137038367,-0.045733972745282285,0.9995788931846619,0.3493575487818035,0.3600153454712457,-0.04569339400955607,0.9996417760848999,0.3565712520054407,0.3612128479140144,-0.06736451940877095,0.999680757522583,0.35738966805594297,0.3615477136203219,-0.06751745151621952,0.9998114109039307,0.3581152464662278,0.3616754267896923,-0.06761990806886126,0.9998345971107483,0.34533517530986224,0.36541553906032004,-0.012437615410557809,0.9997553825378418,0.3569666402680532,0.36589665583201797,-0.110603879392147,0.9997519254684448,0.35308637704168033,0.3808061225073676,-0.0352233297058514,0.9996679425239563,0.356227135658264,0.38120061329432875,-0.06475595682859417,0.9997639060020447,0.3387348915849412,0.42875578488622373,0.07135406540972843,0.999970555305481,0.34450813446726103,0.4338969171047209,-0.16265146434307093,0.9999861717224121,0.35866210205214344,0.507608251912253,0.12423151944364813,0.6056424975395203,0.35971238102231684,0.5254435368946617,-0.16298817012991218,0.9322795867919922,0.3881307448659623,0.5389265605381555,0.1012227179748671,0.7432036995887756,0.3854371854237146,0.5517799104963027,-0.11197924124343049,0.988412082195282,0.3946718726839336,0.5482728123664854,0.10787102516208372,0.7727907299995422,0.3926532506942747,0.5604742867606025,-0.13252311774662556,0.9824140667915344,0.3970917173794336,0.546831735542842,0.081822081548827,0.7834473848342896,0.3937500119209288,0.5571325455393108,-0.12024103807551514,0.9799626469612122,0.39438799789973644,0.5443722333226884,0.09012631007603233,0.770317018032074,0.3912808086190903,0.5546300939151216,-0.10670402518340513,0.9636695384979248,0.33435246688979,0.5898669975144519,0.07739393519503726,0.9999810457229614,0.32862985474722706,0.5966287153107777,-0.07737785088164462,0.9999822974205017,0.35495487196104847,0.6905689477920529,0.1465050727128982,0.8958893418312073,0.32193986943789876,0.7092998930386132,0.01186022886208125,0.8424299955368042,0.37613154990332454,0.7962334156036373,0.23809368440083084,0.9647647738456726,0.3203186111790791,0.8167506098747249,0.0972109198570251,0.8753029704093933,0.3721413484641482,0.8232957192829673,0.24381488178457522,0.9681628942489624,0.3143419146537779,0.8394275460924416,0.10374086222478317,0.941283106803894,0.4068888885634284,0.813218453952244,0.19904710139547066,0.9103050827980042,0.3467369803360528,0.844680387633187,0.05233736910990304,0.796262800693512
10,0.3559910093035015,0.3697188241141181,-0.05183987330113136,0.9997715950012207,0.35253246852329784,0.35973105345453515,-0.045444209554365685,0.9993900656700134,0.3507617115974425,0.3596373660223823,-0.04558223177279743,0.9994926452636719,0.34904379929815005,0.35966380919728946,-0.04554085731506345,0.9995697140693665,0.35621830480439304,0.36076860342706935,-0.06730761740888866,0.9996159076690674,0.3570066119943345,0.3611274642603737,-0.0674613739762987,0.9997758269309998,0.3577011312757218,0.3612832912376947,-0.0675653904676437,0.9998042583465576,0.34499673928533264,0.36510067496980925,-0.011554511051092824,0.9997093081474304,0.35646084802491307,0.36552442567689064,-0.11002615115472243,0.9997103810310364,0.35279587422098413,0.38044979401997137,-0.035019565905843444,0.9996152520179749,0.3558853438922336,0.38079575044768177,-0.06467375372137339,0.9997312426567078,0.33834766064371363,0.42845383967672057,0.07226629086903161,0.9999674558639526,0.34405615244592924,0.4335801303386686,-0.16260987775666366,0.9999855756759644,0.3580417198794227,0.5073242817606243,0.12410648890904011,0.5672718286514282,0.3593551439898353,0.5256662658282686,-0.16725623011589041,0.9389164447784424,0.387547924688884,0.5398323399679998,0.09371153116226191,0.7184587717056274,0.3853281855583189,0.5528981617518831,-0.12195212606872825,0.9892463684082031,0.39388373834746204,0.5494366952351158,0.09909175336360926,0.7515729665756226,0.39235220296042284,0.5617006983075821,-0.1437990514295441,0.9834823608398438,0.3965519130229948,0.5483653681618824,0.0728261475052152,0.7635940909385681,0.39335204448018735,0.5586138895579744,-0.13173759068761548,0.9811643958091736,0.3938265468393052,0.5457926307405743,0.08230482680456976,0.7508280873298645,0.39096130388123634,0.5562276312283104,-0.11688639819622035,0.9654008150100708,0.3342401751450128,0.5898659723145618,0.07746647191899159,0.9999815821647644,0.32841885175023744,0.5967077016830442,-0.07745474662099562,0.9999833106994629,0.35487625002861,0.6905134115900309,0.14678396497453955,0.8851405382156372,0.3217185914516447,0.7093737602233883,0.01198101313784718,0.8580395579338074,0.376008526768003,0.7960267390523634,0.2386049577168055,0.96683269739151,0.3203270018100737,0.8164961303983411,0.09872277166162213,0.8877164125442505,0.37213330779756804,0.8232272573879783,0.24429296042237952,0.9687782526016235,0.314387045587812,0.8391414131437025,0.10536998808383938,0.9464759230613708,0.4066079437732695,0.812546873092651,0.198267187816756,0.9182588458061218,0.3467310181685855,0.844634594236101,0.05212758534720964,0.816433310508728
11,0.35587018302508744,0.3692859062126703,-0.052744384429284474,0.9997233152389526,0.3523647640432629,0.3592776392187389,-0.045816399050610385,0.9992490410804749,0.3506112882069177,0.35922704679625356,-0.045953032587255735,0.9993681907653809,0.34890540327344605,0.3592869443552833,-0.04591148857559474,0.9994657039642334,0.35595511794090257,0.3602804916245595,-0.0677910153354917,0.9995327591896057,0.35667181781360063,0.3606834386076244,-0.06794691341263903,0.9997293949127197,0.35729551485606587,0.36088802473885656,-0.06805291239704402,0.99976646900177,0.34484769701957685,0.364749811376844,-0.010429879916565753,0.9996203184127808,0.3558555500847951,0.36514784012522,-0.1091685322778565,0.999646782875061,0.35267477035522443,0.3800996763365608,-0.03522243946790693,0.999530553817749,0.35566941073962605,0.38042352795600876,-0.0650212581668581,0.9996811747550964,0.3380452539239609,0.4280349058764319,0.07439423735652648,0.9999614357948303,0.34350744315556103,0.4331200310162133,-0.16260001020772108,0.9999845027923584,0.3572578038488114,0.506072310038975,0.12390717842749181,0.5288184881210327,0.35874628594943436,0.5256910119737894,-0.17289737377847936,0.9448854923248291,0.3863190003803796,0.5399929778916492,0.08597762978502678,0.687863826751709,0.3851165754454475,0.5539293987410406,-0.13475074065583087,0.9899750351905823,0.3922684924943105,0.549506332193102,0.08988991028496193,0.7252355813980103,0.3919667005538938,0.5630412902150832,-0.15802830415112623,0.9843987822532654,0.3950334761823925,0.5487393225942336,0.06331214521612438,0.7382720708847046,0.39285609466688953,0.5600802642958502,-0.14641339544739035,0.9822036027908325,0.3923626686845505,0.5460401262555801,0.07424131908587045,0.7257325053215027,0.3905165059225898,0.5576663732528684,-0.13001256755420132,0.9668937921524048,0.3341295267854416,0.5896991661616731,0.07748186311551498,0.9999822378158569,0.3282351510865346,0.5966686742646351,-0.07747955066817144,0.9999843835830688,0.35478448527199863,0.690316900185176,0.1453781340803418,0.8776066899299622,0.32151863234383704,0.7094536491802758,0.010849554703703943,0.8720827698707581,0.37590868728501436,0.7957867809704369,0.2365951861654008,0.9688753485679626,0.32032963378088797,0.8163120968001225,0.0980895951390266,0.8988945484161377,0.3721156290599276,0.8231563602175027,0.24219789334705885,0.969519317150116,0.31440066439764824,0.8389776962144031,0.10468599413122445,0.9511755108833313,0.40645381723131435,0.8121212482452389,0.1952822276524134,0.9255310893058777,0.3467252041612351,0.8446340220315112,0.04965220072439737,0.8346114158630371
12,0.3558663683278218,0.36881616285869034,-0.05630334615707395,0.9996901750564575,0.35233135223388656,0.3586894673960548,-0.04847818059580664,0.9991424083709717,0.3506231912544794,0.35871583649090344,-0.0486110665968486,0.999267041683197,0.34895187786647236,0.3588358853544506,-0.0485672314252172,0.9993768334388733,0.3556405799729482,0.35961853691509776,-0.07074470477444782,0.9994767904281616,0.35619733248438135,0.36006879721369045,-0.07090221856321605,0.9996992349624634,0.35667187401226574,0.36033357126372184,-0.07100754529237743,0.9997434616088867,0.34481798325266144,0.36435727051326194,-0.009678056490208416,0.9995291233062744,0.3549060404300688,0.36469399929046614,-0.10940142465489246,0.9996028542518616,0.35268527184213894,0.379760705573218,-0.03746046626142091,0.9994558095932007,0.3554489782878329,0.3800635269709994,-0.06765630032335007,0.9996443390846252,0.33766421079635606,0.4274341549192154,0.07650973307234897,0.9999538064002991,0.34278616479464924,0.4325133877141133,-0.16371987121445786,0.9999839067459106,0.35634938137871863,0.5041940212249754,0.11998599107776364,0.49288737773895264,0.35805151803152885,0.5254520859037124,-0.18048443411077764,0.9503039717674255,0.38420055764062044,0.5398285184587749,0.06965772924678663,0.6587141156196594,0.3849499344825743,0.5556747112955364,-0.14986450288976935,0.9907669425010681,0.3898045650550296,0.5495658567973543,0.07149283364415165,0.7001429200172424,0.3916428957666668,0.565634294918605,-0.17484829383237013,0.985476553440094,0.3927547080176215,0.549576149668012,0.04476034428392135,0.7139958143234253,0.39248492462294426,0.5628508090972898,-0.16365791090897144,0.9834349751472473,0.39019065669604697,0.5465674008641922,0.057536314853600064,0.7015530467033386,0.390181710890361,0.5602942568915228,-0.1454276250941412,0.9688686728477478,0.33396740726062213,0.589005763190133,0.07751285540206088,0.9999827146530151,0.3279188539300645,0.5961409926414487,-0.07752298968178882,0.9999853372573853,0.35467070511409193,0.6898919803755621,0.1401244810649326,0.8715255260467529,0.3212738241468156,0.7093967863491599,0.004837511360113108,0.8846942782402039,0.3757731105600083,0.7955723336764741,0.22863106812749578,0.9703356027603149,0.3203305406229835,0.8160719871520993,0.08733017657484324,0.9089359641075134,0.3720874973705835,0.8231303521565025,0.23391271659306107,0.9697415828704834,0.31441662567002415,0.8388297677040095,0.09327579076801024,0.9552102088928223,0.4063685306480951,0.8118515321186608,0.18578076788357317,0.9317578673362732,0.3467118050370896,0.844584626810891,0.03636407431747231,0.8508973121643066
13,0.3559089456285748,0.3684000977448053,-0.0604703431682927,0.9996840953826904,0.35232465863227824,0.3580681409154618,-0.05185814585004532,0.9991191625595093,0.35066469311714155,0.35817031094006113,-0.051987182668277176,0.9992450475692749,0.3490263972963604,0.3583557120391299,-0.051939648283379394,0.9993516206741333,0.35529535838535836,0.3589405843189783,-0.07461402224642887,0.999467134475708,0.3556707790919711,0.3594261399337222,-0.07477111944130485,0.9996958374977112,0.3559784718922205,0.35974074431828074,-0.07487267830542152,0.9997395873069763,0.34474520938737035,0.3639453487736837,-0.009484154145632466,0.9994972944259644,0.3538790234497614,0.3642265490123202,-0.11107335452522545,0.9995934963226318,0.35273456999233777,0.3794790063585552,-0.04040834531188009,0.999424934387207,0.355252477952412,0.379741825376238,-0.0712675292577062,0.9996321201324463,0.3373424887657164,0.4268691752638134,0.0778748403702463,0.9999473094940186,0.3419529880796158,0.4319186244692119,-0.16601486716951636,0.9999831914901733,0.35569203921726755,0.5027682355472017,0.11554243074996125,0.4625031352043152,0.35743234413010716,0.5249548333031788,-0.1865462967327662,0.9551715850830078,0.3821161619254519,0.5398826803479874,0.057948283425399205,0.6275371313095093,0.38486793466976693,0.5577978236334662,-0.15781425791127335,0.9913762807846069,0.38771470103945027,0.5504999092647005,0.058723543158599276,0.6732134222984314,0.39150897094181586,0.5689178994723726,-0.183483058639935,0.9862450957298279,0.39072343025888695,0.5514222553798128,0.031890232594949844,0.6878999471664429,0.3924178676945821,0.5661585535321915,-0.1724078668015343,0.984319806098938,0.3881327348096028,0.5479549442018778,0.045593329625470275,0.6756808757781982,0.39012165835925494,0.5634674378803796,-0.1534244226557867,0.9701429605484009,0.3338366363729748,0.5880442278725757,0.07766702920198437,0.9999831318855286,0.32743087581225794,0.5952074119022912,-0.07768745613949635,0.9999861717224121,0.3544966340065001,0.6893177049500598,0.13546356047902783,0.8710595369338989,0.32103247642517074,0.709136947563716,-0.0028525862576706056,0.8961108326911926,0.37563284380095324,0.795526984759739,0.2215504067284719,0.9722540378570557,0.32033006123134056,0.8157329389027183,0.07292588906628741,0.9180030822753906,0.3720661222934721,0.8231775454112458,0.22651810944080342,0.9709484577178955,0.31442307404109393,0.8386003255844112,0.07803584401096612,0.959175705909729,0.4063287087849206,0.8113879527364454,0.17765580245426715,0.9378008246421814,0.34668894410133344,0.8443144645009718,0.02048108069492237,0.8656588792800903
14,0.3558582058974673,0.36808148281914826,-0.06365719139575957,0.9996700882911682,0.35220021520342126,0.35761206064905426,-0.05477079110486164,0.9990747570991516,0.350581874166216,0.35776969535010184,-0.054897905673299496,0.9992023706436157,0.34897697057042787,0.35800420641899094,-0.05484860773597443,0.9993098974227905,0.35492441313607337,0.35844211578369123,-0.07786448299884793,0.9994465112686157,0.3551882445812224,0.3589478373527525,-0.07801907807588573,0.999685525894165,0.355401107243129,0.3592961677483148,-0.07811609676906037,0.9997303485870361,0.34453429153987325,0.36367814115115554,-0.01016465792698519,0.9994490146636963,0.35314323987279606,0.3639105796813963,-0.11362973004579538,0.9995743036270142,0.3526774210589271,0.379254422017506,-0.04314646518656184,0.9993782639503479,0.35500007697514113,0.3794724132333481,-0.07447606027126308,0.9996103644371033,0.33710951975413717,0.4266097273145401,0.0770970163600785,0.9999406337738037,0.34135178583008885,0.43166511995451773,-0.1688518149512154,0.9999823570251465,0.35541548643793364,0.5022942781448362,0.10974618792533869,0.43202194571495056,0.3573262035846709,0.5245395149503433,-0.19014341150011327,0.9595347046852112,0.3810026449816566,0.5405231560979569,0.0459666702364172,0.5910344123840332,0.384970552580697,0.5600397706031797,-0.1611887199538094,0.9918118715286255,0.3866748639515466,0.5519759774208066,0.04572203116757527,0.6397444605827332,0.3915399815355027,0.5718537688255307,-0.18696883278233656,0.9866902828216553,0.3897056349686212,0.5536221248762946,0.019059245554464192,0.6551043391227722,0.3924849144050051,0.5689210704394747,-0.17626979776791157,0.9848397374153137,0.3871353847639899,0.5499581268855501,0.03351228843842232,0.6436445116996765,0.39021824683461853,0.5662780642509457,-0.1569634101220539,0.9706141352653503,0.33377480336597976,0.587345514978681,0.07782335685832156,0.999983549118042,0.32696482113429465,0.5944031732422962,-0.07785073391028809,0.9999869465827942,0.3542636036872862,0.6887220025062557,0.13381837436131064,0.8678228259086609,0.3208511812346321,0.7087420225143429,-0.007729555866015806,0.9063579440116882,0.3755406200885771,0.7954882570675437,0.21911383058343603,0.9737256169319153,0.3203273645469119,0.8152709824698308,0.06546870746782844,0.9261525869369507,0.372054418495723,0.8232022830418175,0.22391638032027644,0.9716588258743286,0.31443260822977326,0.8382323844092229,0.07023002654314038,0.9625830054283142,0.4062732969011577,0.8109946063586639,0.17384556744779853,0.9430515170097351,0.3466067901679446,0.8438365203993657,0.011431350352774768,0.8789034485816956
15,0.3557705998420714,0.36773136939321227,-0.06404905063765387,0.9996438026428223,0.3519961885043551,0.35714427658489756,-0.05520565233060289,0.9990008473396301,0.35041582073484134,0.35733497568539196,-0.05533352739044596,0.9991346001625061,0.34884375844682947,0.3575988386358532,-0.05528504742043357,0.999251127243042,0.3545446353299275,0.3579609768731252,-0.07841050880295886,0.9994047284126282,0.35474436283111555,0.35847384163311535,-0.07856410848242892,0.9996620416641235,0.3549097520964485,0.3588236910956245,-0.07866056646619521,0.9997097849845886,0.3442153700760431,0.3632858259337287,-0.01030608862638473,0.9993922114372253,0.3525422956262314,0.3634854180472236,-0.11493837365082327,0.9995355010032654,0.35258230226380466,0.3789682805538176,-0.043668780156544254,0.9993231892585754,0.3547619470528192,0.37912748541150754,-0.07514294151748926,0.9995788335800171,0.3369930667536598,0.4264295603547775,0.07703558078833984,0.999935507774353,0.3408243996756416,0.4313204033034186,-0.1703969717025756,0.9999810457229614,0.3552415234701973,0.5022391012736727,0.10887892522982183,0.40703216195106506,0.35669609393392276,0.5242037636893133,-0.1928406370537621,0.9634213447570801,0.3807170459202356,0.541998253549848,0.04700476442064555,0.5612123012542725,0.38444190451077037,0.5610249672617229,-0.16538373061588824,0.9920326471328735,0.3864265160901204,0.5541826197079247,0.0471091242773192,0.612485408782959,0.39104402831622515,0.5729977829115729,-0.19144393759114392,0.9867450594902039,0.3892529708998542,0.5559449570519581,0.020241480906094813,0.628558874130249,0.39205006446157165,0.5700608423777986,-0.18071542595114018,0.9849128723144531,0.3867191212517873,0.5521926982062201,0.034506980649062546,0.6174290776252747,0.38984495997428875,0.567447165080479,-0.16120596783501753,0.9701411128044128,0.3336921146937778,0.5867758529526843,0.0781177780457905,0.9999839067459106,0.3265360099928718,0.5936722329684664,-0.07814936978476383,0.9999876022338867,0.35402127674647726,0.6880280869347706,0.13422404357365192,0.8649839162826538,0.32072619880948733,0.708242435114724,-0.009741403827709806,0.9155778884887695,0.3754808000155856,0.7954478042466296,0.2180535371814454,0.9751250743865967,0.32032428468976687,0.8148910828999107,0.06132847411291937,0.9334861636161804,0.3720416477748324,0.8232250009264261,0.22265239911419993,0.9722988605499268,0.31443298799651,0.8378196733338489,0.0658338938440595,0.9656188488006592,0.4062379709311892,0.8105601140430991,0.1723774803536278,0.9477887153625488,0.34650450178555064,0.8433875850268768,0.006586115634334934,0.890815258026123
16,0.3557004979678561,0.367048406600952,-0.06420149398701529,0.9996350407600403,0.3518111986773353,0.3564406871795653,-0.05523329398461748,0.9989645481109619,0.35027233191898877,0.3566616543701715,-0.055361794999667556,0.9991035461425781,0.3487335400921956,0.35695097105843665,-0.05531320039715083,0.9992172122001648,0.35421709077698826,0.3572515666484831,-0.07857160887547898,0.9993863105773926,0.3543802312442233,0.3577574380806513,-0.07872607197080336,0.9996541738510132,0.3545251318386621,0.35806761980056745,-0.07882453416075022,0.9997011423110962,0.34392395700727174,0.3626612544059752,-0.009915250699434957,0.9993560910224915,0.35208986742155873,0.36277387908526815,-0.11536622813769742,0.9995203614234924,0.352508805479322,0.37839990002768364,-0.043702684981482345,0.9992861151695251,0.35459481307438423,0.3785251302378516,-0.07535233880792341,0.9995611310005188,0.3369415972914013,0.4261006474494932,0.07803589978388373,0.9999317526817322,0.3403091839381625,0.43070351396288176,-0.1715747782162257,0.9999808669090271,0.35490826794079355,0.5018312556403022,0.11007737815380092,0.3816060423851013,0.35531147207532593,0.5238240855080738,-0.1965799650975635,0.9669641852378845,0.3798734264714375,0.5431541596140178,0.05166801852839331,0.5310980081558228,0.3830148909773144,0.5609015958649769,-0.17193199736731385,0.9924232363700867,0.3855416187218256,0.5557314566203524,0.052445585174219926,0.5842046737670898,0.3897191703319548,0.5729391234261646,-0.19856466608388076,0.9871907234191895,0.3879959310804093,0.5572838357516694,0.02534420202885354,0.6008378267288208,0.3908812207835059,0.5703046270779197,-0.18735023779528473,0.9854288101196289,0.38567324876785264,0.5535230176789417,0.03918548119919639,0.5905879735946655,0.38882022500038127,0.5675977042743134,-0.16761707067489617,0.9707001447677612,0.3335392670972005,0.5860810722623551,0.07877953244107107,0.9999842047691345,0.32614830136299117,0.5927441682134353,-0.07881265346493035,0.9999881982803345,0.3538254116262707,0.6872967703001837,0.134246990936143,0.8581021428108215,0.3206336149147577,0.7077301144599911,-0.010470207115369178,0.9238621592521667,0.3754747109753743,0.7951986312866206,0.21669352735791877,0.9760671854019165,0.32032020858355914,0.8145140375409804,0.059065716181482555,0.9400858879089355,0.3720387050083704,0.8231242690767557,0.22117320767470758,0.9726685881614685,0.3144267524991715,0.8372981871877394,0.06344497225114275,0.9683862328529358,0.40623572298458627,0.8102867092405043,0.17079196146556302,0.951938271522522,0.34637618831225786,0.8428157823426379,0.004328309358762841,0.9015460014343262
17,0.3556953574929917,0.3659446597099302,-0.06559317069394245,0.9996128678321838,0.35168368135179773,0.35533974426133275,-0.056313663508210834,0.9988954663276672,0.3501913215432847,0.3556289178984504,-0.05644378034131865,0.9990374445915222,0.3486819905894141,0.3559790168489727,-0.05639560414212087,0.9991545081138611,0.35392034138951967,0.35612291863986406,-0.07991632606301985,0.9993506073951721,0.354033052921295,0.35664599622998905,-0.08007106078522543,0.9996353983879089,0.35413559249469195,0.35692676646368826,-0.08017116912773672,0.9996849298477173,0.34360582658222727,0.36176543406077777,-0.009901757910847658,0.9992923140525818,0.35156309519495266,0.3617757073470522,-0.11642405369452062,0.9994918704032898,0.35250898599624614,0.37754541550363796,-0.04464234762958116,0.999225378036499,0.3545001353536332,0.3776717764990668,-0.07665232419967648,0.9995313882827759,0.3369259987558636,0.4256472459861208,0.07876414550202229,0.9999265074729919,0.33957031369209273,0.429727746759142,-0.17346981721264967,0.9999804496765137,0.3544497736862726,0.5011690599577765,0.11258976459503167,0.35528138279914856,0.3534032191549027,0.5231949056897842,-0.20191277946744637,0.9701311588287354,0.37850118024008594,0.5442302618707926,0.05709288748247281,0.4985431432723999,0.38131707395826053,0.5608184831483021,-0.18067689750875737,0.9926726222038269,0.3841817472662243,0.5574561936514716,0.05831069318311552,0.5533753037452698,0.3881064380918229,0.5736463444573536,-0.20803154877253932,0.9873637557029724,0.38638980303491843,0.5591000693184986,0.030895542566265363,0.5702041983604431,0.38944170815604057,0.5714379719325471,-0.19668117335864466,0.9856303930282593,0.3840540715626306,0.555065137999398,0.04456099175981111,0.5607692003250122,0.38750891515186836,0.568487271240779,-0.17637052876608705,0.9705432057380676,0.33341763871056673,0.5854002237319944,0.07950970189911975,0.9999846816062927,0.3257594883441923,0.5916793669973098,-0.0795428388885089,0.999988853931427,0.35362607751573816,0.686509013175964,0.13439805379935665,0.8524940609931946,0.32049772909709373,0.7073039940425324,-0.01038725227117538,0.931298553943634,0.3754704219954353,0.7948865754263738,0.2159067396606717,0.9769445061683655,0.32030938438006795,0.8141849466732567,0.05805530335221969,0.9460184574127197,0.3720396203654151,0.8229944467544552,0.22017376082284099,0.9728826880455017,0.3144214800425936,0.8368176221847531,0.062288126455885995,0.970748782157898,0.40623273849487285,0.8099008458001269,0.17081709929874958,0.9556505084037781,0.3462706148624418,0.8421122891562323,0.002673810911697467,0.9111734628677368
18,0.3556197464466093,0.3650714414460317,-0.06908328852483202,0.9995997548103333,0.35148610642978106,0.35449297342981595,-0.059561473876237836,0.9988595843315125,0.3500356614589689,0.3548407452447072,-0.05969291308096474,0.9990036487579346,0.34855417268616795,0.3552394977637698,-0.05964627638459203,0.9991248846054077,0.35360810416085364,0.35523502826690656,-0.08336723574570243,0.9993320107460022,0.3536951635565075,0.35578028474535245,-0.0835208543709346,0.9996250867843628,0.353775951692036,0.3560528312410626,-0.0836214565805026,0.9996748566627502,0.3432640033108846,0.36109452673367076,-0.011621575642909318,0.9992675185203552,0.3511173001357486,0.36102804711886793,-0.11929158951554975,0.9994751214981079,0.352448260784149,0.3768927787031444,-0.04767300103391918,0.9992034435272217,0.35434273481369005,0.3770448786871772,-0.07997331321239468,0.9995197057723999,0.33690219947269967,0.42536925588335295,0.07762754197631559,0.999924898147583,0.33901919807706543,0.4290217765739984,-0.1766051130635397,0.9999802112579346,0.354146213190896,0.500754710606166,0.11224033704825805,0.33755066990852356,0.3524635578904831,0.5227340851511271,-0.2067183451993124,0.9729893803596497,0.37780675973211,0.5454075762203758,0.055610202146427944,0.4765814542770386,0.3806978489671433,0.5617398330143517,-0.18748962027685975,0.9929327964782715,0.3834899715014865,0.5588841199874875,0.05642416615571292,0.5333259105682373,0.3874352421079361,0.5755720530237468,-0.2154174860034669,0.9876139760017395,0.38581054551260796,0.560824940885816,0.028903701954654273,0.5510913133621216,0.38884725740977677,0.5734304377010888,-0.2045299985579081,0.9859369993209839,0.38328501837594153,0.5565569349697655,0.04298768139311243,0.54231858253479,0.3869242744786397,0.5702535901750835,-0.1834163627454212,0.970693051815033,0.33339291385241904,0.5850696887288772,0.07997742146253582,0.999984860420227,0.32552507945469433,0.5910327621868676,-0.08000979466097691,0.9999892711639404,0.3534198982375007,0.6858619911330084,0.13528576195240014,0.8481057286262512,0.32034297074590395,0.7070912769862581,-0.009520356277269972,0.9379932880401611,0.37547713262694205,0.7945572308131623,0.2177608311176299,0.9777559041976929,0.32027644515037523,0.8139692664146421,0.06077613309025761,0.9513582587242126,0.37203942622457215,0.8228445615087233,0.2221623297248567,0.9730514883995056,0.3144224992820194,0.8364853961127141,0.06510056768144877,0.9728723764419556,0.40623212627002153,0.8096131103379383,0.17418245119707917,0.959046483039856,0.3462288413728985,0.8415063040597095,0.004261244095063634,0.919851541519165
19,0.3555337667465208,0.3646063915320803,-0.07063731444733481,0.999592661857605,0.35127850260053345,0.35398672819137555,-0.06120986523372783,0.9988380074501038,0.34985331807817716,0.35436416608946647,-0.06134166462080816,0.9989811182022095,0.3483936871801102,0.35479067904608574,-0.061295649515730966,0.9991028904914856,0.35330649103437134,0.3547180593013762,-0.08497995436191555,0.9993242025375366,0.35335450342723285,0.3552846934114182,-0.08513224188770563,0.9996214509010315,0.3533945032528467,0.3555692400251115,-0.08523129544087815,0.9996708631515503,0.34293138555117997,0.3606167520795548,-0.013060703634151384,0.9992477297782898,0.3505620411464144,0.3605531658445084,-0.1209979944995471,0.9994684457778931,0.35234590513365593,0.376563388109207,-0.04930397910731177,0.9991893172264099,0.3541136401040212,0.3766987528119767,-0.08157000988721844,0.9995145201683044,0.33689409834997974,0.4252319071974071,0.07617798788206914,0.9999229907989502,0.3386538318225314,0.42852803213255725,-0.17791225356715057,0.9999801516532898,0.354101766007287,0.5008451827934808,0.11124697263751707,0.3213861882686615,0.35208561335291166,0.52227577481951,-0.20847854699407295,0.9755781888961792,0.37783136623246316,0.547062541757311,0.05306468009948728,0.455547571182251,0.3803461483546664,0.5626085809298922,-0.19067295278821664,0.9932615160942078,0.38356916308403,0.560874659674508,0.05358086717980246,0.513863742351532,0.38702781115259427,0.5768726757594514,-0.21880675043378545,0.9880155920982361,0.38606726697513016,0.563053967271532,0.025852297459329866,0.5323631167411804,0.38840694086892247,0.5747025149209156,-0.2083661986248833,0.9864088892936707,0.3833776780537195,0.5585648553712025,0.04038370304874009,0.5242308974266052,0.3864064114434377,0.5713863934789383,-0.18685358507292602,0.971260130405426,0.3333978516714912,0.5846828188214981,0.08009356664759769,0.9999850392341614,0.3254312217235564,0.5905665210315156,-0.08012325550828657,0.9999896883964539,0.3532737221036637,0.6854715262140543,0.1356998673507145,0.8446911573410034,0.32023684382438644,0.7068521431514192,-0.011553477549127163,0.9440329670906067,0.3754837078707557,0.7944139821188787,0.21851161420345297,0.9785082936286926,0.3201889974730354,0.813972881862095,0.05760039272052899,0.956165611743927,0.37203600066048736,0.8226740973336353,0.22300805492060516,0.9733211994171143,0.3144253849983214,0.8362806235040934,0.06167314393179755,0.9748105406761169,0.40623019678252065,0.8092972840581618,0.1750765451363154,0.9620835781097412,0.3460557281970976,0.8411885959761479,-0.0004646975829798192,0.9276598691940308
20,0.35537868567875436,0.36424631817000236,-0.06972430220672059,0.9995906949043274,0.35101011480603883,0.35362081101962484,-0.060334896934883905,0.9988386034965515,0.3496105994497025,0.3540178290435244,-0.06046669312885826,0.998979389667511,0.3481724287782395,0.3544712722301482,-0.060420385428837334,0.9991029500961304,0.35294810959271006,0.35433307290077193,-0.0839558716331209,0.9993246793746948,0.35296438251222867,0.35491060188838397,-0.0841090966548238,0.9996208548545837,0.35297431009156344,0.35521176968302026,-0.08420893656355989,0.9996693134307861,0.3426108488014764,0.3602910229137964,-0.012748156754033901,0.9992485046386719,0.3500547860349926,0.3602403819561003,-0.1200841646109308,0.9994632005691528,0.35220316648483263,0.376305910519191,-0.048530519647257644,0.9991905689239502,0.3538324866976055,0.37640786596706916,-0.0806030458637646,0.9995135068893433,0.33689576983451824,0.4249126136302946,0.07629060702664509,0.9999233484268188,0.3382685380322591,0.4282026384557995,-0.17689606164182928,0.9999799728393555,0.35404831256185243,0.5004735486848011,0.11145245411566321,0.30789172649383545,0.35140510286603643,0.5218278987067084,-0.20851660583700443,0.9778620004653931,0.37731311832155484,0.5473437752042496,0.053155270644596624,0.4387494921684265,0.37942416753087704,0.5627186928476604,-0.19420425423554002,0.9932646155357361,0.3829513558319635,0.5609092048236299,0.05318320138113836,0.4980042576789856,0.38604444691113043,0.5769747325352257,-0.2227397714342389,0.9877943396568298,0.3852017155715396,0.5629709039415629,0.02597341776958532,0.5172430276870728,0.3874685049057005,0.5750068817819864,-0.21227251759597224,0.9861785769462585,0.3826269584042683,0.5586251292909892,0.04027540257998873,0.509454071521759,0.38543073279517015,0.5715523413249421,-0.1904694710459027,0.9702381491661072,0.3333820044994352,0.5841282861573354,0.0801493006093161,0.9999854564666748,0.32535449777330655,0.58996844121388,-0.0801756680011749,0.9999901056289673,0.353215980529785,0.685017725399562,0.13503795564174645,0.8398516774177551,0.32015523825372955,0.7064547453607828,-0.014221342626426894,0.9494511485099792,0.37548859970910187,0.7939155834061755,0.21710384360381524,0.979003369808197,0.32004110983439843,0.8139585460935317,0.05189357570239474,0.9604864716529846,0.37202064650399325,0.8220338429723463,0.22155327413763307,0.9731409549713135,0.3144129582813806,0.8360053828784394,0.055593408218451885,0.9764212965965271,0.4062466740608213,0.8090801017624988,0.1716359994241169,0.9647202491760254,0.3457479596137999,0.8410274147987362,-0.007252994046679562,0.9346756935119629
21,0.35525135312761563,0.36350961583001257,-0.07130092765603743,0.9995693564414978,0.35079420294080443,0.35281066298484787,-0.06176236261214526,0.9987860321998596,0.3494257645947591,0.3532253563404082,-0.0618984842939036,0.9989303946495056,0.3480062297412326,0.3537166910512105,-0.06185564249753949,0.99905925989151,0.35259246826171864,0.3534570072378429,-0.08525812349149155,0.9992972016334534,0.35255209548132743,0.35404167941638387,-0.08540985201086312,0.9996059536933899,0.35250281861850175,0.3543740034103392,-0.08551014725651056,0.9996553659439087,0.34232313122068114,0.3596302713666642,-0.013806503824889653,0.99921715259552,0.3493706141199383,0.35958400453839967,-0.12064522313220155,0.9994417428970337,0.3521083167621066,0.3756293092455181,-0.05000911493386538,0.9991647601127625,0.3536065961633408,0.3757334079061234,-0.08192322999238963,0.9994994401931763,0.33693279198237813,0.4244812846183775,0.07436397799423758,0.999921977519989,0.3376501909324099,0.42768192717007214,-0.1769992334502083,0.9999800324440002,0.3540106253964559,0.5003013023308343,0.11120107727391375,0.29397106170654297,0.35011768255914943,0.5213181359427314,-0.21154502970831723,0.9799544811248779,0.3765264843191417,0.5495136601584296,0.05482129199164252,0.42382174730300903,0.37790318301745807,0.5630061898912699,-0.20219474562576828,0.9935680627822876,0.3821395320551735,0.5634316478456767,0.05458500598158152,0.48445093631744385,0.3844972082546777,0.5782629064151217,-0.2313292643853595,0.9882240295410156,0.3840924041611806,0.5656143001147675,0.027717413966144824,0.5045632719993591,0.3860077611037661,0.5767500434603008,-0.2214817613363265,0.9866868257522583,0.381630309990474,0.5612762774739943,0.04180080794862337,0.4970780611038208,0.38398014051573603,0.5729020289012361,-0.19885168629033215,0.970960795879364,0.33338930010795575,0.5836918319974624,0.08007249193532123,0.99998539686203,0.3251348827566418,0.5893275312014986,-0.08009491967303409,0.9999903440475464,0.35321067997387456,0.6842987724712913,0.13682726834501532,0.831933319568634,0.32005178843225734,0.7058812430926729,-0.015127281605132981,0.9542815685272217,0.3754886627197264,0.793251013755798,0.2198205781834465,0.9791434407234192,0.3198539120810371,0.8139260360172813,0.04962337549243652,0.9643649458885193,0.3719678342342375,0.8211980053356711,0.22405152959483,0.9726173877716064,0.3143871690545762,0.835726828234536,0.05318972127778187,0.9777923226356506,0.40627757651465257,0.8089041130883349,0.17169659818921762,0.9669631123542786,0.3454116685049873,0.8409395422254287,-0.010049681746334365,0.9409743547439575
22,0.35517443759100764,0.36269172089440466,-0.07510596598897658,0.9995406270027161,0.3506593576499393,0.3519770843642097,-0.06536593149815284,0.998736560344696,0.34931866271155204,0.35238897204399094,-0.0655074372887611,0.9988736510276794,0.34791396856307966,0.352893303973334,-0.06546885498932425,0.9990238547325134,0.3523329641137803,0.3525664925575255,-0.08882102583135873,0.9992682933807373,0.3522354636873516,0.35314922247614167,-0.08897029544625959,0.9995834231376648,0.3521263914448873,0.3535055594784871,-0.08907048446791509,0.9996374249458313,0.3421190866402216,0.3588916557175771,-0.016344296612909856,0.9991938471794128,0.3487558586256843,0.35888161233493243,-0.12307651128087718,0.9994078278541565,0.35206863454409987,0.3748168272631507,-0.05355266545500072,0.9991459846496582,0.35345929009573784,0.3749619586127143,-0.08541651346853797,0.9994834661483765,0.3370544901915957,0.4241159209183282,0.07072274003710062,0.9999220967292786,0.3370468258857725,0.4271365838391438,-0.17881004512310023,0.9999796748161316,0.35401123421532754,0.5005286608423503,0.10956684223243164,0.2811829745769501,0.34909200923783423,0.5209341866629462,-0.21580352016857682,0.981764018535614,0.37605444533484306,0.5528112411499021,0.055658350139856316,0.40741661190986633,0.37678413731711236,0.5637529185840059,-0.20945628796304966,0.9935603141784668,0.3817394844123294,0.5672843013490947,0.055497557350567384,0.46775537729263306,0.38337602104459473,0.5803590944835115,-0.23899003607886168,0.9879913926124573,0.38358345287186746,0.5696266668183461,0.02855435391621929,0.48853644728660583,0.38493225063596437,0.5791838186127796,-0.2299865514039992,0.9864612817764282,0.3811328521796633,0.5651976108551022,0.042667818495205456,0.48139169812202454,0.3829434250082287,0.574943765572139,-0.20653805008956355,0.9698893427848816,0.33345487969262244,0.583608908312661,0.07991233340331483,0.9999854564666748,0.32481041550636275,0.5889454671314782,-0.07993048323052265,0.9999905228614807,0.3532118107591355,0.6836023926734921,0.13982595631054462,0.816497802734375,0.31993794356073635,0.705354045118604,-0.014362678144659309,0.958456814289093,0.37549022095543977,0.7926448430333815,0.22448179125785817,0.9783356785774231,0.31968853899410776,0.8139208844729828,0.05111310716186249,0.9677945375442505,0.3718894592353274,0.820500746795109,0.22867543569632928,0.9704959392547607,0.3143640288284845,0.8355437721524916,0.05469913344298088,0.9782033562660217,0.4063409617968966,0.8088054197175158,0.17518789044448302,0.968249499797821,0.34526515262467505,0.8409352285521368,-0.009286059505705317,0.9464523792266846
23,0.35507167322295036,0.36228118368557505,-0.07739476157086232,0.9995145797729492,0.3505654667104992,0.35156587532588396,-0.06772833690047261,0.99869304895401,0.3492503046989439,0.3519401320389337,-0.06787253096699711,0.9988267421722412,0.3478698381355829,0.35241287265505095,-0.06783584994929173,0.9989947080612183,0.3521399949278149,0.3521641033036367,-0.09109050120626172,0.9992417693138123,0.35199301072529365,0.3527276703289575,-0.09123746625014709,0.9995633363723755,0.35183620197432364,0.35307557157107744,-0.09133592694997783,0.9996203780174255,0.34201944470405565,0.3583538217203956,-0.018618747059788013,0.9991775155067444,0.34827723843710745,0.35840139218739087,-0.12482877309833249,0.9993762373924255,0.3519949376583098,0.3743170005934577,-0.05589734166860578,0.9991325736045837,0.3532847004277364,0.37450138671057553,-0.08763841965368813,0.9994694590568542,0.33719810162271757,0.4239464572497775,0.06733912729791229,0.9999226927757263,0.3366247219698768,0.4265460448605672,-0.1800359891993658,0.9999792575836182,0.35403712817600774,0.5011259070464541,0.10719014661652697,0.2711193859577179,0.34863469260079505,0.5206329686301093,-0.2178012605224336,0.9833871126174927,0.37604479534285395,0.5561069505555287,0.055366974217551074,0.3938346207141876,0.37620288729667645,0.564604638304029,-0.21144221765654417,0.9934893250465393,0.381868290049689,0.5711026958056856,0.05576562657952306,0.4538801610469818,0.38276679600988095,0.582030197552272,-0.24082354392324165,0.9876706600189209,0.3839132147175923,0.5737566300800866,0.028199514427355347,0.47545304894447327,0.38436527081898264,0.5809627805437358,-0.23241020951952243,0.9861420392990112,0.3813468226364679,0.5691322088241575,0.04262331372925211,0.46854668855667114,0.38239594527653264,0.5764816045761105,-0.20879551214831207,0.9686652421951294,0.333560047830854,0.5836420672280446,0.07959448418446946,0.9999853372573853,0.3245440244674681,0.5886353714125494,-0.07960752057177675,0.9999905824661255,0.35321956787790554,0.6831618990216933,0.14182291924953455,0.803272008895874,0.3198752113751001,0.7048364162445065,-0.014566929931087146,0.9622325301170349,0.3754881509712762,0.7921394194875442,0.22699277869292658,0.9776056408882141,0.3195493042469023,0.8138637236186432,0.05139470526150293,0.9708856344223022,0.37181569337844833,0.8200514606067109,0.2311154259102684,0.9685779213905334,0.31431812984602775,0.8353112799780705,0.05490502204213821,0.9786350727081299,0.40643550668443934,0.808797693252563,0.17728185994284484,0.9694118499755859,0.34515667217118384,0.840929099491664,-0.009806862952453744,0.9513998627662659
24,0.35487910679408463,0.3618890515395572,-0.07986985998494281,0.9994980096817017,0.35034610373633235,0.35120969159262505,-0.07019491514989304,0.9986658692359924,0.34907491718019745,0.3515705713203973,-0.07034082199845992,0.9987983703613281,0.34773746728897076,0.3520384967327116,-0.07030367872544693,0.9989769458770752,0.3518017692225318,0.3518068245479037,-0.09345216878822867,0.9992238283157349,0.3516159738813126,0.35236317685672197,-0.09359915405511851,0.9995500445365906,0.35142695052283135,0.35272008606365735,-0.09369834086724686,0.9996078014373779,0.3417920921530041,0.3579441887991767,-0.020926310228449947,0.9991697669029236,0.3477494878428321,0.3580250041825429,-0.12658905110188887,0.9993533492088318,0.3518597807203019,0.37396217754908956,-0.0583257300513131,0.9991263151168823,0.3529997927801948,0.37414133804185035,-0.08991320495094568,0.999459981918335,0.33762899722371764,0.42379691004753095,0.06505819261074064,0.9999236464500427,0.3361977968897137,0.42613899792943666,-0.18137903937271654,0.9999791383743286,0.3541038189615521,0.5012956125395636,0.10517713619129994,0.26469141244888306,0.348119567973273,0.5204373819487433,-0.2189403248684746,0.9848828911781311,0.3759743009294781,0.5573951721191404,0.054253596067428564,0.38564565777778625,0.37576694147927403,0.5658240727015902,-0.2132495722600391,0.9935861229896545,0.3817438261849538,0.572808115822928,0.05471206477710176,0.44503238797187805,0.381973476069314,0.5834349138396124,-0.2427909378494534,0.9876967072486877,0.3839433661528994,0.5755497029849459,0.02688091221664632,0.4675525426864624,0.38379018477031146,0.582326805591583,-0.23467010727950494,0.9862061142921448,0.3812963690076554,0.5709973164967126,0.041542184565748465,0.460793673992157,0.3818635608468735,0.5778481313160485,-0.21073496299130567,0.9684407711029053,0.3336446455546786,0.5834856595311844,0.07922919839620586,0.9999850988388062,0.32430393780980776,0.5881455387387954,-0.079236883350781,0.9999905228614807,0.3532259251390183,0.6825997846467151,0.14089027345180505,0.7908231019973755,0.3198308101722171,0.7043820296015055,-0.015748756006360047,0.9656385779380798,0.3755063687052044,0.7915276970182142,0.22476061497415806,0.9768933057785034,0.31943789720535265,0.8136985250881736,0.04963999135153632,0.9736694693565369,0.3717794511999401,0.8195823158536635,0.22866909418787265,0.9668087363243103,0.3142466843128203,0.834994292259216,0.0529592909983226,0.9790993332862854,0.40653358612741725,0.8087912270001,0.17426954507827752,0.9704568386077881,0.34509808165686456,0.8408410821642189,-0.012487102166882577,0.9558646082878113
25,0.35476401533399293,0.36156353780201483,-0.08356951645442415,0.999464750289917,0.3501809230872561,0.3507863794054302,-0.07380852614130289,0.9986109733581543,0.34894662329128795,0.35114538925034644,-0.0739563520465578,0.9987357258796692,0.3476447965417588,0.3516314557620456,-0.07391944421189169,0.9989368915557861,0.35151773009981413,0.3513655177184512,-0.09704063300575523,0.9991938471794128,0.351288672855922,0.3519151696137018,-0.09718675996576032,0.9995267391204834,0.3510590468134197,0.35228978140013545,-0.09728731555598118,0.9995899200439453,0.34156883188656384,0.357522678375244,-0.024029099302632455,0.9991433620452881,0.3471901467868258,0.3575879633426664,-0.12950308237756997,0.9993183016777039,0.3517651098115102,0.37371127349989736,-0.06183551890509466,0.999113142490387,0.35277722903660347,0.37384989431926163,-0.09337804360049107,0.9994465708732605,0.33812754494803277,0.4237021676131655,0.062489625066518756,0.9999237656593323,0.33574090259415745,0.4257764407566613,-0.18371696727616438,0.9999790191650391,0.35420632277216213,0.5014367222785947,0.10321207365819382,0.2553783357143402,0.34767105749675187,0.5203309416770933,-0.2207271111862999,0.9862378835678101,0.3756966054439543,0.5585065007209775,0.05269611563001358,0.37181293964385986,0.37542280554771407,0.567376821381705,-0.21478002071380603,0.9936785101890564,0.3814076943056922,0.5745843393462042,0.053088081947394755,0.43050116300582886,0.3812457638127461,0.5851659587451387,-0.24435408072812204,0.9876774549484253,0.38370722787720796,0.5772994399070737,0.025235035962292113,0.453728586435318,0.38323037454060127,0.5840333325522284,-0.23670448107378814,0.986221432685852,0.38101642983300327,0.5729200652667451,0.040031914732285886,0.4471425712108612,0.3813469341823031,0.5796031543186729,-0.2124212712049483,0.9680185317993164,0.3336633699280873,0.5832786100251331,0.07895560562610623,0.9999849796295166,0.3240462967327661,0.5876925502504619,-0.07895958125591275,0.9999905228614807,0.35320912429264595,0.681892645359039,0.14088084399700157,0.7759377360343933,0.31977304305349064,0.7040624805859154,-0.01610112097114324,0.9686225056648254,0.37556229148592246,0.7909623571804588,0.22531548908778587,0.9756797552108765,0.3193447368485586,0.8135390690394806,0.050098576822451155,0.9761345982551575,0.371766868659428,0.819122081143515,0.22919247576168594,0.9640626311302185,0.3141797142369405,0.8347410236086159,0.05355092904397417,0.9789209961891174,0.406620304925101,0.8087778414998732,0.17389916011265338,0.9709311127662659,0.34506583213806136,0.8407465645245139,-0.011832388570266106,0.9597609639167786
26,0.354648389986583,0.360604964835303,-0.08804719064916879,0.9994421005249023,0.3499625887189591,0.34983575344085677,-0.07805337629147935,0.998580276966095,0.3487627387046812,0.3502033259187424,-0.0782034058656011,0.9986944794654846,0.347497339759554,0.35072188803127813,-0.07816641479730602,0.9989139437675476,0.3511808318751197,0.35034721238272515,-0.10127302429505752,0.9991787672042847,0.3509059820856365,0.3509055299418311,-0.10141935582671842,0.9995125532150269,0.3506304485457282,0.35133015854018057,-0.10152103453874584,0.9995803236961365,0.34128991024834754,0.3568037697247095,-0.027367476054600295,0.9991278052330017,0.34652800645147036,0.35680888210024136,-0.1327463737555912,0.9992964267730713,0.3517133917127335,0.37284118958881907,-0.06603261519755634,0.999108076095581,0.35260190197399666,0.37297353744506817,-0.09754610955715176,0.9994398355484009,0.33879607575280307,0.42365731767245685,0.0597997464239597,0.999923825263977,0.3352464829172405,0.42556312680244424,-0.18635011698518472,0.9999789595603943,0.3542947462626864,0.5015393733978268,0.10160359676395139,0.24552109837532043,0.3466773271560667,0.5201567905289783,-0.22353390072073245,0.987445056438446,0.3752184995583124,0.5589074322155541,0.05129057019948957,0.35579103231430054,0.37465195570673243,0.5687237041337148,-0.21929017220224645,0.9936851859092712,0.38069731763430986,0.5756118467875886,0.0513957331223147,0.4135529696941376,0.3798533482210975,0.5868671791894092,-0.24926036638872953,0.9874937534332275,0.38284472993441976,0.5781200136457167,0.02363624141684599,0.43704530596733093,0.38218551959310243,0.5856012514659334,-0.24227490595408838,0.9860482215881348,0.3801849007606504,0.5738066877637588,0.03867203007851326,0.43071502447128296,0.3804230093955992,0.581293838364737,-0.21719618056501652,0.9671782851219177,0.33384147030966604,0.5829798306737625,0.07878729041133604,0.9999849796295166,0.3238537277494157,0.5872800094740729,-0.07878807783126827,0.9999906420707703,0.3532831106867107,0.6814148494175499,0.1415593632629939,0.7636083364486694,0.31969905836241574,0.7038717201777863,-0.01612569599279335,0.9713162183761597,0.37562906571796945,0.7906292370387482,0.2278517769915716,0.9747318029403687,0.31928346753120407,0.8133987052100041,0.05181767418980596,0.9783586263656616,0.3717675668852668,0.8187765002250667,0.23188884896891446,0.9618200659751892,0.3141284567969184,0.8345314400536669,0.05547782544578822,0.9787816405296326,0.40668459364346077,0.8086783613477431,0.17593981666224334,0.9714364409446716,0.34506341133798857,0.8405067580086841,-0.010144605487585064,0.9632777571678162
27,0.35432095953396375,0.35933249677930545,-0.08968054013592852,0.9994196891784668,0.34957125186920146,0.34875498073441624,-0.07960860899516511,0.9985541105270386,0.34841606787272844,0.34912715724536336,-0.07975887826510834,0.998651921749115,0.34719983339309674,0.34965886303356697,-0.07972108402422493,0.9988933801651001,0.3507223282541546,0.34919918009213025,-0.10266334286757872,0.999169647693634,0.3504490443638391,0.3497696229389734,-0.10281061189515245,0.9995006322860718,0.35018098439489076,0.3502275747912269,-0.10291204239640912,0.9995742440223694,0.341019387756075,0.3560212143829889,-0.02873414366372993,0.9991142153739929,0.34610306790896805,0.3559124180248804,-0.13338876196316304,0.9992799162864685,0.3515654001917156,0.37162004709243757,-0.06765376265559875,0.9991174936294556,0.3523504734039305,0.37178806236812034,-0.09894492519753315,0.9994437098503113,0.3393243082932062,0.4236520511763434,0.05849005633166855,0.9999244809150696,0.3348721231733048,0.42550586632319837,-0.18654948728425153,0.9999793767929077,0.35434438756534015,0.5015737891197203,0.10089062494891025,0.23573242127895355,0.34569698572158797,0.5200039301599773,-0.22348019438130504,0.9885576367378235,0.3748269813401357,0.5588234152112685,0.050883961149624395,0.34266039729118347,0.3738130245889934,0.5695631401879444,-0.22049799518925792,0.9938791990280151,0.3800715957369121,0.5758887512343267,0.05082770958542822,0.39981672167778015,0.3785191135747091,0.5880767754146028,-0.2506243552480424,0.9877095818519592,0.382069854225431,0.5784393668174741,0.023156409657427234,0.423736035823822,0.3812425553798674,0.5866672822407311,-0.2439098651920045,0.9863036274909973,0.37939757534435803,0.5738968968391416,0.038309145293065464,0.4172695279121399,0.3795661960329327,0.5823952504566734,-0.21852840866361337,0.9673357605934143,0.3341554905687058,0.582659372261592,0.07853325307369229,0.9999851584434509,0.32377903887203746,0.5868489759308948,-0.0785310123647962,0.9999908208847046,0.35349172268594997,0.6812674880027767,0.1417483325515474,0.7498838305473328,0.31964681489127006,0.703703004973275,-0.016419766524008332,0.9736785888671875,0.37567990166800347,0.7903916171618868,0.22896922188145763,0.97340989112854,0.3192428265299114,0.8131488527570448,0.052668875668730034,0.980326771736145,0.3717766949108667,0.8185197149004252,0.23308202752045212,0.958626389503479,0.3140758531434194,0.8342150620051789,0.056406982881682236,0.9780754446983337,0.40675988623074105,0.8084917954036164,0.17707181828362592,0.9715802669525146,0.34505856973784294,0.8401892610958641,-0.010559334965156653,0.9663772583007812
28,0.3539141918931687,0.3578553012439181,-0.0923535470451627,0.9993900060653687,0.3491596145289283,0.3475359312125613,-0.08218442073890136,0.998508632183075,0.34805164677756156,0.34789847135543805,-0.0823360687920025,0.9985905885696411,0.34688718744686653,0.3484273314476012,-0.08229854681662147,0.9988592863082886,0.35024873103414245,0.3479135734694343,-0.10526959534202299,0.9991482496261597,0.3499818256923129,0.34848642264093654,-0.10541689672640386,0.9994807243347168,0.3497249381882802,0.34897205744470855,-0.10551947738443096,0.9995623230934143,0.3407539674213953,0.3550411701202391,-0.03097489721008708,0.9990885257720947,0.34567113518714887,0.35481818573815466,-0.13574763451303748,0.9992522597312927,0.3513858829225811,0.370084660393851,-0.07023309022188183,0.9991151094436646,0.3520799381392341,0.3703331351280211,-0.1015516911234174,0.9994395971298218,0.3397338918277194,0.42359090958322776,0.0568040956343923,0.9999246597290039,0.3346276896340505,0.4254021857466015,-0.188521893109594,0.999979555606842,0.3542262383869714,0.5020014899117604,0.10018158682755057,0.22552309930324554,0.3445455406393322,0.5198139633451186,-0.22478092270238048,0.9895391464233398,0.3745469561644961,0.5597549932343617,0.05047054801668437,0.328607976436615,0.3728820587907517,0.5703638928277149,-0.2218458605664116,0.9939813017845154,0.37967626963342926,0.577610441616603,0.050272889009543804,0.3849131464958191,0.3772140136786868,0.5892026782035825,-0.25210514920098426,0.9877397418022156,0.3815614632197787,0.5799409644944324,0.022530858484762044,0.40898847579956055,0.3802841382367269,0.5875717708042687,-0.24564553754670268,0.9863494038581848,0.37886822308812806,0.575272304671151,0.03785905124885693,0.4024880826473236,0.3786653961454117,0.5833613600049697,-0.21996183650834208,0.9670333862304688,0.33451948080744043,0.5823963744299749,0.0783791927354676,0.9999852776527405,0.32376303672790513,0.5864488618714466,-0.07837412336042945,0.9999909400939941,0.3538040757179258,0.6812179105622425,0.14405135256903506,0.7352389097213745,0.31955938339233386,0.7035765835217064,-0.01561965612428528,0.9757534861564636,0.375713184901646,0.7902153355734686,0.23389873419489168,0.9719935655593872,0.31921344654900674,0.812713481698717,0.058592147167239844,0.9820820689201355,0.37178751485688327,0.818337888377053,0.23826411111014217,0.9554225206375122,0.31403308425630827,0.8337847471237179,0.06268711888364381,0.9772636294364929,0.40684751697948984,0.8082769989967342,0.18254835222448615,0.9715414047241211,0.3450269068990433,0.8396744813237867,-0.005538731334464888,0.9691144227981567
29,0.3535699018410272,0.3571422951562062,-0.09304135718515937,0.9993389844894409,0.34888038464954907,0.3469492869717733,-0.08291193438427785,0.998416006565094,0.3477997107165198,0.3472935191222598,-0.08306463680097032,0.9984760880470276,0.346672075986862,0.34780382684298905,-0.08302834331989284,0.9987896084785461,0.3499549959387096,0.3473230004310606,-0.1061675689050129,0.9991020560264587,0.34970465472766316,0.3478820289884293,-0.10631391874381468,0.9994428753852844,0.3494676641055514,0.34835586292403065,-0.10641777387687135,0.999538779258728,0.3406041136809756,0.354383668729237,-0.03190018816718032,0.9990328550338745,0.3454828168664658,0.3541011912482124,-0.13742122479847493,0.999203622341156,0.35120282088007226,0.36925888231822407,-0.07096064303602488,0.9990938305854797,0.3518645584583281,0.36955136741910644,-0.10249684857470645,0.999424934387207,0.3397590875625609,0.42348904183932695,0.05633251826678001,0.9999241232872009,0.33453502484730296,0.4251824217183247,-0.19056777826377314,0.9999794960021973,0.35398661068507586,0.5026898894991191,0.10015075398342946,0.21305444836616516,0.34386880908693573,0.5196439589772903,-0.22671789612088875,0.9903781414031982,0.37444097484861083,0.5616315211568557,0.05028220351253235,0.3098728656768799,0.37242571370942235,0.5707993217876977,-0.22297385505267542,0.9939110279083252,0.37963176965713485,0.5803446105548311,0.05013794824481008,0.3648708760738373,0.37668072751590165,0.5896417515618457,-0.25322252426828645,0.9873759150505066,0.3814848133495874,0.5822634254183086,0.02242972669856888,0.3885152041912079,0.3797017983027865,0.587884415899004,-0.24677937839712405,0.985948383808136,0.37879666941506507,0.5775971599987572,0.03766967473285537,0.38224437832832336,0.37805358001164013,0.5836906586374553,-0.221063499365534,0.9655638933181763,0.3347280332020349,0.5823360119547161,0.0783883458801678,0.9999853372573853,0.3237593429429189,0.5862440620149882,-0.07838206823383055,0.9999910593032837,0.354074738706861,0.6811647500310622,0.14738098468099314,0.7169075012207031,0.31943025333540764,0.7035362992967875,-0.013481927849352354,0.9773755669593811,0.37575368029730644,0.7900916542325698,0.2397091576031275,0.9696038961410522,0.31919266836983806,0.8122256074632913,0.0665135466626712,0.9835580587387085,0.371794556719916,0.8182268789836336,0.24431760268551952,0.9510688781738281,0.3140194841793604,0.8334023867334635,0.07104841651661052,0.9754271507263184,0.40694350515093103,0.8081334744180948,0.18955546915531152,0.9705036282539368,0.34499206798417215,0.8391838942255289,0.0029590128122695845,0.9712390303611755
30,0.3531223101275306,0.35656436511448436,-0.09481861761638093,0.9992659091949463,0.3485052159854342,0.34646776148251107,-0.08465848565101619,0.9982687830924988,0.3474500153745922,0.3467911473342349,-0.08481192652668268,0.9983017444610596,0.34636829836027944,0.34728358387947067,-0.08477493801287239,0.9986760020256042,0.3495581618377139,0.3468453603131429,-0.10796952822378697,0.9990269541740417,0.34932392835617043,0.3473973717008316,-0.10811655308519086,0.9993862509727478,0.3491106442042758,0.3478676770414623,-0.10822066877569467,0.9995009899139404,0.3403885424137114,0.35382492371967844,-0.03332431342984947,0.9989425539970398,0.3451966839177266,0.3535042217799594,-0.1391083691801343,0.9991300702095032,0.3509113456521714,0.3685287688459667,-0.07261006683111187,0.9990518689155579,0.35154457943780065,0.36888047456741313,-0.10421641639300751,0.9993969798088074,0.33976909347942885,0.4233692884445188,0.055596318628106774,0.999923050403595,0.3343760090214864,0.4249181262084414,-0.19235453392778115,0.9999794363975525,0.3537531571728841,0.5033779638154163,0.09980484566518234,0.2021407186985016,0.3433131711823598,0.5194276332855222,-0.22952374475342877,0.9911444187164307,0.3741957400526318,0.5633674638611927,0.049848420279366604,0.2946936786174774,0.37196538022586256,0.5713549034936085,-0.2280631648642675,0.9939907193183899,0.3794881377901348,0.582732660429818,0.049675732212407224,0.3486909568309784,0.37606771418026497,0.5902401719774516,-0.2589146226644515,0.9873722195625305,0.38125848514693106,0.5843196000371658,0.021780068959508615,0.3721376359462738,0.3791054512773239,0.588431428159986,-0.2525125243834086,0.9859494566917419,0.378528331858771,0.5796714220728191,0.03717145376971788,0.36595216393470764,0.37743084260395576,0.5842496139662603,-0.2262177084173474,0.9651142358779907,0.3349663121359687,0.5822291612625119,0.0784435438258307,0.9999852776527405,0.32377082364899756,0.5860210350581575,-0.07843660478081019,0.9999910593032837,0.3543151812894002,0.6810766662870131,0.14914091357163012,0.6967421770095825,0.3193281633513313,0.7034703322819298,-0.012188213371804778,0.9786343574523926,0.3758015113217488,0.7900424173900055,0.24167969567435116,0.966437041759491,0.31917472566877075,0.8117535352706906,0.06982944735458915,0.9847944974899292,0.3717990585735864,0.818212190696171,0.2464233419724872,0.9456421136856079,0.31401532292366013,0.8330764566149027,0.07447736029114038,0.9728781580924988,0.4070176805768692,0.8080589600971763,0.19114626816340846,0.9688071012496948,0.34497203912053775,0.8387270365442544,0.007360776221113543,0.9729065299034119
31,0.3525626233645846,0.3557005422455922,-0.09898259022406164,0.9992551803588867,0.34796454054968684,0.3457803411143165,-0.08883896023035046,0.9982467889785767,0.34694310937608974,0.3461035558155603,-0.08899281429392947,0.9982693195343018,0.3459210140364509,0.3465910545417239,-0.0889531965766634,0.9986535906791687,0.3489851330007824,0.346150996003832,-0.11203519552946085,0.9990244507789612,0.3487705120018549,0.346716957432883,-0.11218431379113873,0.9993841648101807,0.3485853825296673,0.34720565506390144,-0.1122893435614449,0.999501645565033,0.3400651335716246,0.3532903381756372,-0.03695234177368026,0.9989251494407654,0.3447025426796503,0.35292459215436645,-0.14224236352103092,0.9991299510002136,0.3505713658673421,0.36761350887162325,-0.0765621396047728,0.9990612864494324,0.3511647360665456,0.3680456510611941,-0.10801943242549891,0.9994056224822998,0.3399798870086668,0.42326676930700013,0.05272025561758448,0.9999234080314636,0.33417317952428527,0.42463923948151705,-0.19443669787475032,0.999980092048645,0.35368504353931957,0.5042362979480196,0.09793543027979983,0.19315141439437866,0.34327670335769633,0.5192592109952652,-0.23088754287787835,0.9919005632400513,0.37397458383015203,0.5653351988111222,0.04926575816103388,0.28094756603240967,0.37150405900818945,0.5728052003043036,-0.2308574365718023,0.9942781329154968,0.37939477988651804,0.5851595044136044,0.04916993230581281,0.33411601185798645,0.3755053894860402,0.5917211294174192,-0.2621639123984744,0.9878774881362915,0.38115455167634127,0.5866484420640126,0.020954010609005168,0.35744842886924744,0.3786474977220806,0.5898773516927444,-0.255854205574308,0.9865186214447021,0.3783577425139289,0.5818005170140945,0.03652226930218082,0.3514201045036316,0.3769079097679682,0.5857197574206758,-0.2290936027254376,0.9662045836448669,0.3353535030569348,0.5820359417370384,0.07841630514178953,0.9999852180480957,0.3237825913088661,0.585798473017556,-0.07840842093740187,0.9999911785125732,0.35465028115681224,0.6810411231858386,0.14963473209312977,0.6852108836174011,0.3193070352077483,0.7033649580819263,-0.010691902999367026,0.9800930619239807,0.3758556323392049,0.7900424769946504,0.24241925179958332,0.9654040932655334,0.319164603948593,0.8111296994345525,0.07225951573678421,0.9860646724700928,0.37180862086159827,0.8182491319520129,0.2472126351935522,0.9437310695648193,0.3140157682555061,0.8326336656297952,0.07700229819331847,0.9724153280258179,0.4070910836969101,0.8080556324550079,0.19043148841176707,0.968865692615509,0.34497721450669405,0.838356792926788,0.009420446612473042,0.974886417388916
32,0.35219987205096637,0.35466980934143044,-0.1056749873927661,0.9992344379425049,0.34755948100771206,0.34488847766603725,-0.095623191339629,0.9981998205184937,0.34656347632408124,0.3451995645250591,-0.09577726551464621,0.9982073903083801,0.3455860401902878,0.34566791823932086,-0.09573553715433389,0.9986116886138916,0.34850782666887536,0.34522293124880093,-0.11884661444595876,0.9990124702453613,0.3482676250594001,0.34578089969498754,-0.11899680197238915,0.9993754625320435,0.34805627890995555,0.34629587786538246,-0.11910351046494069,0.9994990229606628,0.33971725106239303,0.35261773381914396,-0.043253196775913216,0.9988906979560852,0.3438414318220955,0.35226968952587656,-0.14863693799291333,0.9991227388381958,0.35036821961402875,0.3665269638810837,-0.08302342295646663,0.9990625977516174,0.350909661395209,0.36703094754900234,-0.11450801427875242,0.9994099140167236,0.3403484335967471,0.42313059823853605,0.04722572575722419,0.9999240636825562,0.33396672606468186,0.4242790341377256,-0.19898679767336153,0.9999808073043823,0.35363690086773447,0.50542254277638,0.09271232294184817,0.18265151977539062,0.3433412040982926,0.5191620537212914,-0.23184810834271558,0.9925622344017029,0.3736195785658698,0.5677937286240711,0.04491420888475007,0.2634241282939911,0.3708464758736745,0.5750704084123881,-0.22950460059302183,0.9944912195205688,0.37918394633701846,0.5879142216273714,0.04463376136762753,0.314820259809494,0.37482418077332613,0.5937427844320022,-0.26071503843579963,0.9882082343101501,0.3810549046312058,0.5893146991729734,0.016136919494186122,0.337429404258728,0.3780878569398606,0.5917768120765683,-0.25455277732440396,0.9868866205215454,0.3781486111027852,0.5842052800314764,0.032094336620398914,0.33182358741760254,0.37627273116792936,0.5876965693065095,-0.22775425442627487,0.9667534828186035,0.33586473890713264,0.5818084904125755,0.07837208828755783,0.99998539686203,0.32381181887217914,0.5856539555958336,-0.07836220903056004,0.9999914169311523,0.35504162652151905,0.6810208473886759,0.1502357636179242,0.6702457666397095,0.3193216247217994,0.7032543352672029,-0.009171238302120136,0.9813220500946045,0.3758901996271949,0.7900673440524506,0.2436404479401451,0.9642041325569153,0.3191586835043769,0.8104951943669996,0.07520475494010104,0.9871823787689209,0.3718102140086036,0.8182996256010868,0.24849130511283865,0.9415966868400574,0.3140175529888697,0.8321834308760503,0.0801114867840494,0.9717108011245728,0.40716361573764237,0.8081481575965878,0.1915751985141208,0.9686417579650879,0.3449724555015562,0.8379486628941123,0.011567910015583032,0.976582407951355
33,0.3521153066839489,0.3541301233427864,-0.10923779734543386,0.9992337822914124,0.34740419302667874,0.3442788924489701,-0.09919838884047094,0.9981908202171326,0.3464166717869893,0.3445567616394586,-0.09935241128717145,0.9981938600540161,0.3454567977360315,0.3449823728629519,-0.09931054157870152,0.9986001253128052,0.3482525680746349,0.3445898796830857,-0.12252164844955711,0.9990193843841553,0.34793432014329073,0.34511776907103386,-0.12267189621925349,0.9993813633918762,0.3476306719439369,0.34563644443239466,-0.1227797137839453,0.9995049238204956,0.33940834317888513,0.35202598486627834,-0.04658057636448313,0.998884916305542,0.3427472284861972,0.35180622679846607,-0.1523772920880998,0.9991353750228882,0.3502957233360834,0.3659743096147263,-0.08646217818771086,0.9990782737731934,0.35077906421252647,0.36648555057389376,-0.11806671619415278,0.9994226098060608,0.34073872395924143,0.4229330241680143,0.04389954922454696,0.999924898147583,0.33370557768004266,0.42389135871614714,-0.20198202303477686,0.9999814629554749,0.35356275183813896,0.5062437278883796,0.08931328483990257,0.17493100464344025,0.34310479334422506,0.5187708565167015,-0.23314649931022088,0.9931968450546265,0.37299348797116944,0.5700546843664984,0.04173207847135406,0.24891452491283417,0.3698735058307646,0.5768854549952913,-0.22952964433601913,0.9947593212127686,0.37847951820918474,0.5902216349329265,0.04137273739491188,0.2990661859512329,0.37373027460915687,0.5951241697583878,-0.2606545618602206,0.9886840581893921,0.38055922133581965,0.5915513651711597,0.012921010037618016,0.32121291756629944,0.37711920738220195,0.5929758463587077,-0.25478183116231634,0.9874235391616821,0.377597197464534,0.5860200405120847,0.02892587009285176,0.3160456120967865,0.3752361706324984,0.5888661963599066,-0.22786256841250818,0.967860221862793,0.33627897245543326,0.5816304172788345,0.07830974672521859,0.9999853372573853,0.3238951214722223,0.5856210657528466,-0.07829676376921786,0.9999915957450867,0.35553270918982355,0.681040549278259,0.15016073456832335,0.6589910984039307,0.31933107716696585,0.7032049383435928,-0.008065197962735377,0.9825369119644165,0.37591615234102504,0.7901168857301981,0.24397459924221027,0.9635772705078125,0.31915772046361635,0.8100777472768507,0.0765877938696316,0.9882225394248962,0.371805247238704,0.8184193134307858,0.24870791733264913,0.9409337043762207,0.31402398262705106,0.8318063139915463,0.08156022663627349,0.9717139005661011,0.4072306718145096,0.8082790476935247,0.1920578739472797,0.968811571598053,0.34496552433286376,0.8375871641295294,0.013779443848345955,0.9782041907310486
34,0.3521428559507641,0.3540637365409305,-0.1083946545209203,0.9992389678955078,0.34737615670476624,0.344041005202702,-0.09832516823496132,0.9982001781463623,0.3463802780423844,0.3442763481821331,-0.09847811758518214,0.9981910586357117,0.3454184217112403,0.34465735043798157,-0.0984364903398922,0.9985991716384888,0.3481490118162971,0.3443652084895541,-0.12164086614336281,0.9990365505218506,0.34775256088801776,0.34486684288297365,-0.12179078353302814,0.9993922114372253,0.34735802497182555,0.3453766397067477,-0.12189727766173221,0.9995158314704895,0.3391698573316845,0.35163812892777563,-0.04578276106289453,0.9988836646080017,0.3419339052268435,0.3515799599034444,-0.15155294537544242,0.9991533756256104,0.35023093649319226,0.36595420496804354,-0.08566689512559342,0.9990969896316528,0.35067062548228656,0.36641469512666963,-0.1172610734190259,0.999437689781189,0.3410153406006947,0.42267528176307656,0.04397498507584842,0.9999254941940308,0.33341820921216675,0.42351435593196307,-0.2016264349222182,0.9999822378158569,0.35348701221602286,0.5063358494213647,0.0888479860765593,0.16800768673419952,0.342729399033955,0.5180566072463987,-0.23437941627843026,0.9937768578529358,0.37224409324782215,0.5709716371127534,0.0413303063384124,0.23563595116138458,0.36902826343263884,0.5775941695485793,-0.23255352761064246,0.9950423836708069,0.37754641601017525,0.590931575638907,0.04098757909876958,0.2843799889087677,0.37272501843316197,0.595452831472669,-0.2638939746788569,0.9892030358314514,0.37980066112109573,0.5923266547066822,0.012637281737157271,0.30605190992355347,0.37621039322444355,0.5931922231401713,-0.25817908985274163,0.9880045056343079,0.37681574651173166,0.5864955595561434,0.028553931202207283,0.30131667852401733,0.374292035613741,0.5889812026705058,-0.2309923857450484,0.9690922498703003,0.3364873187882558,0.5814106021608623,0.07821928539446418,0.9999855160713196,0.32402265497616345,0.5855810301644458,-0.07820329133953363,0.9999918341636658,0.3560099175998141,0.6810478755405968,0.1486738630703517,0.6503626704216003,0.3193384085382732,0.703201419966561,-0.00958948462669338,0.9835883975028992,0.3759458882468086,0.7902059589113504,0.2407388674361364,0.9626870155334473,0.31915457418986715,0.8100037097930904,0.07173305089984618,0.9891289472579956,0.37180171183177385,0.8185899359839299,0.24512779457228512,0.9397993087768555,0.3140317499637602,0.8316368051937645,0.0763049992067473,0.971356987953186,0.4072693399020602,0.8083625691277636,0.18734518885612478,0.9686782360076904,0.3449623550687516,0.8373573473521637,0.008595322139028989,0.9795840382575989
35,0.35212434870856135,0.35391030652182426,-0.10717242445264538,0.9992412328720093,0.34732576268059856,0.3438311100006102,-0.09707527926989959,0.9982028603553772,0.34632079516138337,0.3440434370722088,-0.09722787333386282,0.9981815218925476,0.3453580583844864,0.34439860326903193,-0.09718634188175197,0.9985938668251038,0.34807667732238756,0.3441819225038799,-0.12032382552112846,0.9990491271018982,0.34762213400432024,0.344674663884299,-0.12047342061996455,0.999399721622467,0.3471657216548918,0.34518374630383064,-0.1205784495387758,0.9995238184928894,0.339008433478219,0.3512978460107529,-0.044775755597012364,0.9988796710968018,0.3415100336074828,0.35135360530444537,-0.15026648725782116,0.9991658329963684,0.35015685643468564,0.36589414392198816,-0.08459006100893016,0.9991132020950317,0.3505729615688322,0.3662920628275188,-0.11609948234898697,0.9994506239891052,0.34124797071729374,0.42240273356437663,0.04416406963552745,0.9999262690544128,0.3332606026104517,0.4231492945126123,-0.2008674476827893,0.9999829530715942,0.35341943246977653,0.5063081877572193,0.08947866388729636,0.16248460114002228,0.3425484240055083,0.5173322302954535,-0.23578781102384827,0.9942951798439026,0.3717332218374523,0.5717060565948484,0.04344777230705532,0.2238888293504715,0.36839765139988473,0.5778793896947585,-0.23601104957716795,0.9952896237373352,0.37691582015582475,0.5916564328329901,0.04332144867096627,0.2713211178779602,0.3719737895897455,0.5956327404294692,-0.2675061898572103,0.9896529912948608,0.379296028614044,0.5931312782423834,0.01498474553227424,0.2925799489021301,0.37562172072274325,0.5933373161724633,-0.26211929917335497,0.9885087609291077,0.3762609635080608,0.5870337315968102,0.030702278763055785,0.2882196605205536,0.37363635812486906,0.5890005179813926,-0.23463657200336444,0.9701494574546814,0.3366153717041014,0.5812308362552094,0.07812273076602388,0.9999856948852539,0.3241699491228375,0.5855599420411244,-0.07810456071581155,0.9999920725822449,0.3564072012901304,0.6810551098414827,0.14818256752831588,0.642196774482727,0.3193384289741515,0.7032088994979855,-0.010573423494185715,0.9845468997955322,0.37598455718585405,0.7902895893369399,0.24004622953278665,0.9619030952453613,0.31915728194372983,0.8100103565624779,0.06973085754684036,0.9899530410766602,0.3718048300061905,0.8187438539096283,0.24428937818322852,0.9387496709823608,0.31404280917985083,0.831549409457615,0.07411526473505153,0.9710651636123657,0.40728512406349165,0.8083752546991616,0.18548701022352482,0.9685393571853638,0.34497954079083015,0.8372753347669324,0.005482552187251191,0.9808486700057983
36,0.35219340579850317,0.3537026711872644,-0.10584973841905589,0.999239444732666,0.34738551378250104,0.34359538725444233,-0.09566017985343928,0.9982029795646667,0.3463652951376777,0.34378645249775464,-0.09581210826124459,0.9981635212898254,0.34538526535034164,0.34412041391645143,-0.0957701531904084,0.9985864758491516,0.3480681436402455,0.34393803988184235,-0.11885639322655536,0.9990600943565369,0.3475981976304734,0.34439621993473585,-0.11900580035788667,0.9994038939476013,0.34710104720933077,0.34489270022937213,-0.11910938556705197,0.9995304942131042,0.3389467324529374,0.3509204719747814,-0.04341905223471776,0.9988705515861511,0.3412339704377309,0.3510389770780289,-0.14867402400289256,0.9991735219955444,0.3501717056546891,0.36572639857019684,-0.08334193399974274,0.9991269707679749,0.35055060216358713,0.36606201784951325,-0.1147809737495013,0.9994612336158752,0.3415250190666742,0.4221993097237176,0.044474986408437986,0.999926745891571,0.3331539332866667,0.42288508330072655,-0.19945623491491582,0.999983549118042,0.3533752696854726,0.5063772576195851,0.08913137997899732,0.15599799156188965,0.34245779088565265,0.5168916821479794,-0.23486839064529955,0.9947493672370911,0.3713738058294567,0.5719486185482567,0.043540116665618744,0.21156089007854462,0.36765619686671647,0.5780491709709165,-0.23392867020198266,0.9954864382743835,0.376319566794804,0.5919602360044204,0.04333563734378132,0.2573201656341553,0.3710959196090697,0.595775156361716,-0.2651381586279187,0.9899707436561584,0.3787773966789244,0.5933680960110252,0.01532358126714825,0.2779275178909302,0.37498885137694205,0.5933906844684054,-0.2595536589622497,0.9888619184494019,0.37575091038431424,0.587130887167794,0.030936459265649304,0.2739057242870331,0.3729910961219241,0.5890010918889723,-0.23247006450380586,0.9708076119422913,0.33682265792574184,0.5809678128787447,0.07788423108203066,0.9999859929084778,0.32437195863042545,0.5855133874075751,-0.07786440444844106,0.999992311000824,0.3565750326429093,0.6810534153665813,0.14817784726619715,0.631645143032074,0.3193365573883055,0.7032104969024655,-0.012318838307900083,0.9852826595306396,0.37599782688277095,0.7903201784406386,0.23853613436222065,0.9604787230491638,0.3191638529300688,0.8100135786192754,0.06544261202216145,0.9906352758407593,0.37181727460452474,0.8188111407416203,0.24266333750316066,0.9366667866706848,0.31405667577471036,0.8315212488174434,0.06952308150274408,0.9701011776924133,0.40727906738008757,0.8083453689302713,0.18488598125321518,0.9677261710166931,0.3450120857783725,0.8372504421642843,-0.0005100812629929611,0.9817991256713867
37,0.35237000158854875,0.3535060567515235,-0.11361345329454961,0.9992529153823853,0.3475941768714358,0.3432680606842039,-0.10332099646329874,0.9982386231422424,0.34654940196445994,0.3434159261839729,-0.10347411568675717,0.9981881976127625,0.3455248185566492,0.3436959436961581,-0.10343262595789768,0.9986072182655334,0.3480957950864517,0.34356490033013465,-0.12652435196297504,0.9990872144699097,0.3476340106555392,0.3439420444624763,-0.126674707021032,0.9994195103645325,0.34708216530936087,0.344374678816114,-0.12677606514522002,0.9995444416999817,0.3389193781784601,0.35038890072277595,-0.05023320200187817,0.9988853931427002,0.3407545694283075,0.35055993114198936,-0.15550585516861498,0.9991942644119263,0.3502996930054254,0.36545617835862276,-0.0908194141728537,0.9991502165794373,0.35055507506643,0.36578599810600265,-0.12226337939500803,0.9994768500328064,0.3421315210206166,0.42201409169605775,0.0371935728405203,0.999927282333374,0.33296629956790363,0.4226261990410939,-0.2035741014139992,0.999984085559845,0.35334689872605446,0.5064233030591689,0.0823780883635793,0.15152934193611145,0.34204752785818904,0.5166227613176615,-0.2379274364028657,0.9951640963554382,0.37086809788431424,0.5722372736249648,0.03757742888161113,0.20052801072597504,0.36636791569846,0.5783365692411148,-0.23735482139246794,0.9956503510475159,0.375241994006293,0.5921154260635373,0.036925966132964394,0.24475087225437164,0.3694722371441976,0.5961404698235645,-0.2685240140983035,0.990230143070221,0.37767493809972474,0.593202722072601,0.009231613736067495,0.2647705376148224,0.37366181101117796,0.5936693072319028,-0.2637706066880906,0.9891557097434998,0.37482451966830643,0.5868330989565165,0.02513281362397329,0.2610682547092438,0.3717364898749758,0.5891108223370141,-0.23622159361839284,0.9713624119758606,0.3371819376945494,0.5804902451378956,0.07706999800034929,0.9999862313270569,0.3246703241552624,0.5852346028600417,-0.07704589260475972,0.9999925494194031,0.3567990916115895,0.6810456548418314,0.147255847283772,0.6279314160346985,0.319329181739262,0.703204592636653,-0.014750334753521844,0.9861277937889099,0.37604743412562763,0.7903645941189353,0.23598202296665727,0.9599921703338623,0.31917111533028725,0.8100177526473995,0.06069621358598979,0.991313636302948,0.3718333755220684,0.8188352005822315,0.23998532124928054,0.9358457326889038,0.31407121164458124,0.8314895561763215,0.06454612559505868,0.9697357416152954,0.4072996556758879,0.8084350449698308,0.18274531492165147,0.9675623178482056,0.34504091058458586,0.8372635347502568,-0.005741982255131003,0.9828355312347412
38,0.3525341996124811,0.3533796352999549,-0.12406534041677197,0.9992890954017639,0.34780268413679927,0.3429773330688475,-0.11377318501472466,0.9983301758766174,0.3467334261962344,0.3430781611374445,-0.11392760212932308,0.9982725381851196,0.3456627735069818,0.34330095904214025,-0.1138861817973,0.9986749291419983,0.34813546027455994,0.34322858963693875,-0.13697654924222394,0.9991413950920105,0.3476784331457954,0.34352688278470705,-0.13712826222181312,0.9994521737098694,0.34705123135021737,0.343891611269542,-0.13722746372222894,0.9995712637901306,0.33886604394231506,0.34991346512522,-0.05978463749800407,0.9989402294158936,0.3402714022568292,0.35012311850275296,-0.16505477513585765,0.9992386698722839,0.3504364354269843,0.365215241057532,-0.10092722688402443,0.9992027878761292,0.35056086012295296,0.3655750095844267,-0.13237096113818025,0.9995099902153015,0.3427468035902294,0.42185865725789734,0.02796813882887362,0.9999301433563232,0.3327363729476927,0.422394698006766,-0.20991995547498968,0.9999849200248718,0.3533338572297776,0.5063919356891085,0.07369846957070483,0.15239404141902924,0.341488183396203,0.5164911270141599,-0.24293982344014292,0.9955809712409973,0.3703620186873843,0.572438597679138,0.028964276718241814,0.1946439892053604,0.3651468787874492,0.5785643219947812,-0.24397495474134162,0.995936930179596,0.37408468808446593,0.5920268263135635,0.02775220567626611,0.2371918261051178,0.36784262572016013,0.5964991331100461,-0.2753200760909488,0.9907796382904053,0.37640178544180714,0.5927836026464186,0.0001286864413746762,0.2570398449897766,0.37215746215411577,0.5940334371158051,-0.2716787312711987,0.9897707104682922,0.3737831950187681,0.5863213947841097,0.016574725561908307,0.2533127963542938,0.3703573346137999,0.5892434971673145,-0.24328299803393216,0.9727742075920105,0.337539117676871,0.5799087473324365,0.07601651442902425,0.9999865889549255,0.32499690140996645,0.5848070604460578,-0.07598829077822818,0.999992847442627,0.3571382003171102,0.6810393537793837,0.14365841703755508,0.6286876201629639,0.31931732467242635,0.7031963399478364,-0.0184947163930961,0.9868683218955994,0.3761234888008661,0.790597399643489,0.23000028261116562,0.9598068594932556,0.31917358977454036,0.8100432429994852,0.055151087897164455,0.9918820261955261,0.37183827417237403,0.8189295870917179,0.23369309731892166,0.9350521564483643,0.314079120329448,0.8314674309321808,0.05875444539955681,0.9687448143959045,0.4073114292962209,0.8087248614856171,0.17553017735481252,0.9675084948539734,0.34505266376904065,0.8372522234916683,-0.012435239141008678,0.9836734533309937
39,0.35260519385337813,0.3532974660396574,-0.1297812042491776,0.999324381351471,0.3478952109813689,0.3427961230278014,-0.11958306133747096,0.998417854309082,0.3468181678227015,0.3428709447383879,-0.11973796933889383,0.9983558654785156,0.345729042802538,0.34306252173015034,-0.11969617158174509,0.9987398982048035,0.3481921740940638,0.34303330353328143,-0.14280203176396228,0.999192476272583,0.3477002595152172,0.34330222521509424,-0.14295474248273027,0.9994837045669556,0.3469797755990708,0.34364697592599036,-0.14305332856518876,0.9995966553688049,0.33876380409513185,0.34964614340237193,-0.06543322460991993,0.9989927411079407,0.3399347007274626,0.3498982395444596,-0.1707670488527842,0.999281644821167,0.35050858259201034,0.3650470018386839,-0.10656938169683725,0.999251663684845,0.35056448408535534,0.36544830713953275,-0.13803269267082208,0.9995408654212952,0.34313287564686346,0.42172672748565654,0.022960234273757242,0.999932587146759,0.33253187196595313,0.42229518464633375,-0.21437115839549464,0.9999856948852539,0.3532957928521291,0.5063671112060545,0.06908755366291315,0.15337607264518738,0.3411188764231544,0.5164925319807868,-0.2467236088854925,0.9959582090377808,0.37005232572555524,0.5726465582847593,0.023973958194255816,0.1898970901966095,0.36445204360144456,0.5786845428603034,-0.24923219936234597,0.996192216873169,0.3732728225844245,0.5919866664069037,0.022523876971432127,0.23133239150047302,0.3667991306100571,0.596658715179988,-0.2806892131056103,0.9912732839584351,0.3755210237843648,0.5926475405693051,-0.005347080169511692,0.2511444687843323,0.37106333800724556,0.5943696226392471,-0.27796798859323757,0.9903244376182556,0.3730438538960047,0.5861267839159281,0.011485335816230086,0.247367262840271,0.36935814193316846,0.5894004855837138,-0.24889715569359902,0.9740597605705261,0.3378428501742225,0.5795090777533392,0.07532770420823776,0.9999869465827942,0.3252565358366284,0.5844907505171637,-0.07529865226575302,0.999993085861206,0.3574503966740198,0.6810435073716297,0.13910243894372662,0.6328490972518921,0.3193085568291799,0.7031742215156552,-0.020875078599367814,0.9876171946525574,0.3762178003787993,0.7910566074507573,0.22347736230918328,0.9602775573730469,0.31917410322598033,0.8100695150239123,0.0533277271049363,0.9924381971359253,0.3718087315559385,0.8192794101578844,0.226926947065762,0.9352085590362549,0.3140816211700438,0.8314302461487902,0.056934886638607275,0.9683420062065125,0.407290287528719,0.8091215303965973,0.16759906070572983,0.9680391550064087,0.34505288600921613,0.837237111159733,-0.014822692224489785,0.9845715165138245
40,0.35252144592148904,0.35322877764701827,-0.12729849261896944,0.9993523359298706,0.3478410737855092,0.34265376755169447,-0.11712038985320494,0.9984884858131409,0.3467569138322556,0.3427150530474525,-0.11727543324232095,0.9984211325645447,0.34566882167543667,0.3428991590227398,-0.11723320654460356,0.9987916350364685,0.34813300711767997,0.3428804091044833,-0.14012737997940602,0.9992344975471497,0.34753452369144966,0.3431353066648754,-0.1402798554727009,0.9995092749595642,0.3467004452432903,0.3434768216950551,-0.14037774375506804,0.999617338180542,0.3385325678757257,0.3494779527187346,-0.0634514296693461,0.9990352988243103,0.33958641205515167,0.3497371205261774,-0.1678672403097152,0.9993168711662292,0.3504485913685388,0.3648642131260461,-0.10432182976177755,0.9992934465408325,0.3504462037767681,0.3652780090059551,-0.13551011340958724,0.9995670914649963,0.34337227174213936,0.42163352199963144,0.024206499861819393,0.9999345541000366,0.33213048662458133,0.4222024364130835,-0.21280628485339018,0.9999863505363464,0.35340387736048,0.5063460877963473,0.06983972255672724,0.15588729083538055,0.34068499462945107,0.5164650627544947,-0.24716590940952288,0.996303379535675,0.36995682631220117,0.5725804141589571,0.02495468437139476,0.18809179961681366,0.3640695759228296,0.5789255755288257,-0.2514753022364207,0.9964365363121033,0.3728817820549009,0.5917454447065078,0.023426391343985276,0.22880026698112488,0.3662700014454976,0.5971823692321774,-0.2831748919827596,0.9917564988136292,0.3750448346137999,0.5923803244318278,-0.004389562710587465,0.24882034957408905,0.3706129934106553,0.5949163317680356,-0.2804142083440507,0.99086594581604,0.37263899104935766,0.5858890584536958,0.01248497670250279,0.2448798418045044,0.3689282570566448,0.5896889720644267,-0.25119487387793393,0.975343644618988,0.33803707616669776,0.5793764182499475,0.0749903885381562,0.9999872446060181,0.32538644330842137,0.5844176496778213,-0.0749621925609452,0.9999932646751404,0.3577022595064979,0.6810491578919544,0.13694105957235603,0.6383121609687805,0.31930482132094234,0.7031558752059933,-0.02143437612269605,0.9882993698120117,0.37631270033972586,0.7914665017809183,0.22041070503847932,0.9610093235969543,0.3191774487495421,0.8100802012852257,0.05279077142477033,0.9929395318031311,0.3717816642352511,0.8196465492248532,0.22376135672841743,0.9356774091720581,0.3140841015747614,0.8313261219433372,0.05639380280460628,0.9678934812545776,0.4072748116084505,0.8094005107879635,0.16415377855300894,0.9687270522117615,0.3450696596077509,0.8372493232999525,-0.01536675510661942,0.985385000705719
41,0.35234721473285113,0.35287732822554435,-0.12798435730593538,0.9993780255317688,0.34774052841322745,0.34227260010583044,-0.11779382739748268,0.9985536932945251,0.3466424320425304,0.34232865997723155,-0.11795136758259359,0.9984806776046753,0.3455513136727468,0.34250697493553145,-0.11791111997195647,0.9988423585891724,0.3479607224464415,0.3424569725990294,-0.1405982430492128,0.9992715716362,0.34721766965729833,0.3426719265324727,-0.1407491160290581,0.9995304346084595,0.3462682255676813,0.3429735294410159,-0.14084632354123244,0.9996344447135925,0.33824104326111915,0.34911428349358675,-0.06424193382263181,0.9990785121917725,0.3391521504947116,0.3493572090353283,-0.1677533988441739,0.9993447661399841,0.3503414315836768,0.3644146450928277,-0.1051233672669955,0.9993348717689514,0.3502176310334885,0.3648053211825233,-0.13604299596377772,0.9995914697647095,0.3438457173960548,0.4215511892523083,0.022254605830780087,0.9999374747276306,0.3315254330635069,0.4220359342438832,-0.21279529120240884,0.999987006187439,0.3536059251853396,0.5062952263014655,0.06720284840890337,0.16638639569282532,0.3401152176516395,0.5163874336651391,-0.24935692123004355,0.9966176152229309,0.3700131850583211,0.5726209759712216,0.022312716847019527,0.19731049239635468,0.36370008502687706,0.5795234288488114,-0.2570509357111793,0.9966800808906555,0.3727965729577199,0.5916071006229944,0.020205693066652323,0.23659618198871613,0.365956926345825,0.5981550727571757,-0.28939690760203757,0.9922502040863037,0.37472832288060853,0.5921476398195538,-0.007495667452790904,0.2574235796928406,0.3704676168305532,0.5957118749618527,-0.2869615239756447,0.991417407989502,0.37234346526009676,0.585688849857875,0.009867807078574379,0.25249189138412476,0.3687085909502845,0.5901756014142715,-0.2570266646998268,0.9766725301742554,0.33819198693547914,0.5793617486953733,0.0746067807078361,0.9999876022338867,0.32541916114943353,0.5844106589044841,-0.07457654220717291,0.9999934434890747,0.3579443054539815,0.6810349311147414,0.1375603633267538,0.639824628829956,0.3193038974489483,0.7031350544520784,-0.020815846749714432,0.9888188242912292,0.3764060207775659,0.7916417258126391,0.22181818996156955,0.9613050818443298,0.3191817036696841,0.810086495535714,0.05390186192733898,0.9933411478996277,0.3717939547130038,0.8198111431939257,0.22525995246001643,0.9353016018867493,0.3140888878277368,0.8311779175485879,0.05756762517350058,0.9667582511901855,0.40730970672198685,0.8095277207238329,0.16579822897911062,0.9691122770309448,0.3450911845479691,0.8371394344738547,-0.013867704410638122,0.9860290288925171
42,0.35211194413048863,0.3521033619131359,-0.13521421168531683,0.9994003176689148,0.3475477618830543,0.34155098625591807,-0.12505622719015388,0.9986098408699036,0.3464329906872339,0.3416292650359016,-0.12521776578256055,0.9985325932502747,0.3453338384628294,0.34182512675012844,-0.12517910812582284,0.9988870024681091,0.34766228028706125,0.34168489234788063,-0.14767037672655917,0.9993036985397339,0.34677152293069,0.3418736508914401,-0.14782050337110242,0.9995486736297607,0.3457143800599233,0.3421522063868385,-0.14791619437081466,0.9996492266654968,0.33788411617279035,0.3485723367759158,-0.07111036490116797,0.9991172552108765,0.3386261880397795,0.34882075956889547,-0.17375605148928497,0.9993685483932495,0.3502235370022908,0.3636419083390915,-0.1122492230364254,0.9993734955787659,0.34996190241404923,0.3640124482767921,-0.14292091216359815,0.9996141195297241,0.3444916299411227,0.4215343696730475,0.014801399090460361,0.9999405741691589,0.3308058653559002,0.42190892951829073,-0.21664925430502202,0.9999876022338867,0.3540553144046237,0.5062777808734347,0.05996953887598852,0.177275612950325,0.33959977115903567,0.516593403475625,-0.2535016400473457,0.9968969821929932,0.37006891114371143,0.5731090000697542,0.015274247261030325,0.20774142444133759,0.3634363566126141,0.5809009330613271,-0.26374687339578345,0.9968957304954529,0.3729551162038529,0.5916823438235689,0.012430097907781594,0.24593313038349152,0.36585125752857733,0.600033332620348,-0.2966903133051734,0.9926868677139282,0.3746682499136242,0.5920775941440035,-0.015317616372236179,0.2676745355129242,0.3704640184129986,0.5972164222172326,-0.29480155961854104,0.9919067025184631,0.37223965014730165,0.5856255957058496,0.0028254973710448066,0.26138895750045776,0.3686360308102197,0.5913906114442005,-0.2640401308025631,0.9778322577476501,0.33841757518904536,0.5793786900384083,0.07394583267824986,0.9999879598617554,0.3254059289182934,0.584418816225869,-0.07390925203050883,0.999993622303009,0.35823952896254385,0.681023858274732,0.1385986311095101,0.6387224197387695,0.31929948925971974,0.7031324710164748,-0.020703429515872673,0.9891794323921204,0.376549412522997,0.7916324717657903,0.22401417919567645,0.9610329270362854,0.3191851947988781,0.8100981252534045,0.055084567623479005,0.9936336278915405,0.37185806376593433,0.8197748439652576,0.22765765743596203,0.9341418147087097,0.31409932971000654,0.8310409665107723,0.058824141004255814,0.9650325179100037,0.40744851657322456,0.8095830832208901,0.16860080361366264,0.969100296497345,0.3451073161193301,0.8369350637708388,-0.012491561578852783,0.9864412546157837
43,0.3519801855087279,0.3510883254664283,-0.1404484395469937,0.9994384050369263,0.34737994330269933,0.34059790117400013,-0.13018705057246338,0.9987006783485413,0.34625666056360505,0.3407196249280655,-0.13035056080136975,0.998624861240387,0.34514525021825504,0.3409581482410429,-0.1303122439554759,0.9989602565765381,0.34741945351873105,0.34070786493165134,-0.15272659999983645,0.9993511438369751,0.34644051109041474,0.3409077388899665,-0.15287606120109548,0.9995778203010559,0.3453131982258386,0.3412053099700381,-0.15297005857740123,0.999671995639801,0.33757571663175295,0.34789324487958617,-0.07559013749871932,0.9991766214370728,0.3381825694016046,0.34818409255572713,-0.17794082760810845,0.9994067549705505,0.35018220288412893,0.36279318417821593,-0.11728778843368798,0.9994214177131653,0.34984163812228597,0.36316283345222455,-0.14786713804517468,0.9996427297592163,0.34518318516867486,0.4215461279664719,0.010091236992073906,0.9999445676803589,0.3301233615194047,0.42185891185488,-0.21924814922468994,0.999988317489624,0.3546391044344219,0.5062831061226979,0.055781864481312865,0.19528800249099731,0.3391897814614431,0.5169064981596808,-0.25572169167654846,0.9971531629562378,0.37009454880441917,0.5737595285688125,0.010996518044599458,0.22686605155467987,0.36322019015039697,0.5826167140688212,-0.26779548781258705,0.9970957636833191,0.3730927927153449,0.591937298434121,0.007700436282902952,0.2624247074127197,0.36544621757098583,0.6023859517914906,-0.3011824343885693,0.9930873513221741,0.37478042500359654,0.5923287749290463,-0.020224576297083064,0.28533393144607544,0.3701554323945725,0.5991601433072768,-0.29969593201364775,0.992355465888977,0.3723116159439085,0.5857781086649211,-0.0015111677381875255,0.2773151695728302,0.3684328155858174,0.5930233172007966,-0.26831061499459385,0.9788975119590759,0.33883649621691003,0.5793706570352823,0.07327640014035358,0.9999884366989136,0.3254069668906074,0.5843530620847427,-0.07323426881006782,0.9999938607215881,0.3585363473211014,0.6810034360204421,0.1389184347220829,0.6380571722984314,0.3193168665681565,0.7031112449509753,-0.021691722316401336,0.9895141124725342,0.3768006120409283,0.7917381371770582,0.22435545240129734,0.9608204364776611,0.3191857933998107,0.8101052675928384,0.05538980577673228,0.9938963055610657,0.3720089384487696,0.8197668348039895,0.22818492225238246,0.9327155351638794,0.31411552088601236,0.8309272323335917,0.05916686611516132,0.9631465673446655,0.4076522588729856,0.8096805487360269,0.16933665062699993,0.9692568778991699,0.34513483388083305,0.8367237840379984,-0.012342158784823752,0.986879289150238
44,0.35192197646413514,0.35001817601067664,-0.1435779554503304,0.9994745850563049,0.34724403790065206,0.33960304175104394,-0.1331684687307902,0.9987845420837402,0.34611691321645444,0.33977664623941684,-0.13333343139716552,0.9987105131149292,0.3449950320380073,0.34007330025945376,-0.13329534700938628,0.9990277290344238,0.3472276730196815,0.33969303880419033,-0.15555251368454517,0.9993948936462402,0.34619197675159985,0.33991999115262694,-0.15570069636617379,0.9996049404144287,0.34501977733203326,0.3402557688099996,-0.15579270720481864,0.999692976474762,0.33731739435877106,0.34721050603049125,-0.07802105886595587,0.99923175573349,0.3378104014056068,0.34753524150167175,-0.17976403449262884,0.9994429349899292,0.35017973014286574,0.3619764804840086,-0.12030787872416626,0.999465823173523,0.34980741313525593,0.3623391134398322,-0.15069529499326426,0.9996694326400757,0.3458194051470074,0.42155666521617324,0.007180472011012686,0.9999483227729797,0.32957431929452063,0.4217941769531793,-0.2199001657111303,0.9999889731407166,0.35535576854433315,0.5063062259129113,0.05414961257151192,0.22176839411258698,0.33880104167120784,0.5171952417918612,-0.2567512784685406,0.9973952174186707,0.37013266256877336,0.5744229452950611,0.011130681261420243,0.2586986720561981,0.36289297001702425,0.5843451619148251,-0.27158143179757244,0.9973191022872925,0.3731785595417021,0.5924138120242524,0.007805237067597249,0.29113656282424927,0.36469683306557776,0.60499917609351,-0.3054510108062198,0.9935765862464905,0.3749541572162082,0.5929760626384187,-0.0203358534457428,0.3152894675731659,0.3695984814848217,0.6015902996063229,-0.3043751316411153,0.9929026365280151,0.3724708344255173,0.5861461060387745,-0.0014302789325094116,0.305355429649353,0.3680736431053705,0.5950244409697394,-0.2723444819450377,0.9803080558776855,0.3393188178539274,0.5793237907545905,0.07263595504420141,0.9999887347221375,0.3254051898206982,0.5841987950461249,-0.07258986447538644,0.9999939799308777,0.3588505983352659,0.6808388641902375,0.13895205259323112,0.6402549743652344,0.3193563716752187,0.7030538967677522,-0.0231101132929325,0.9898310899734497,0.37711422187941396,0.7919617823192048,0.22516143279416212,0.9610411524772644,0.31918490529060345,0.8099923934255324,0.05609633294599394,0.9941267967224121,0.37222071290016157,0.8197652527264182,0.22905021352427335,0.931959331035614,0.3141296190874916,0.8307458928653169,0.060056243411132235,0.9615486264228821,0.4078494020870752,0.8098761183874944,0.1689517391579491,0.9697158932685852,0.3450248675686971,0.8363132834434506,-0.012675004638731474,0.9873010516166687
45,0.35192270789827607,0.3490001942430222,-0.1411389074155262,0.9995072484016418,0.34715237702642154,0.33866744382040825,-0.13066925938640317,0.9988595843315125,0.34602485299110397,0.3388933054038455,-0.13083263039588922,0.9987867474555969,0.3449002359594616,0.3392457834311893,-0.13079490768057953,0.9990881681442261,0.3471043050289152,0.33876589536666857,-0.15317812561988825,0.9994344115257263,0.34603943399020587,0.3390358797141482,-0.1533255151339939,0.9996294379234314,0.344849623952593,0.3394009147371563,-0.15341957126344946,0.9997121095657349,0.33715174453599095,0.3465085455349512,-0.07569482624530788,0.9992815256118774,0.33758237957954396,0.346854040452412,-0.17775546652930113,0.9994760751724243,0.35021479470389216,0.3612817006451741,-0.11787074634007039,0.9995065331459045,0.3498388588428496,0.36158432534762774,-0.14839564561843865,0.9996939897537231,0.3462418471063885,0.4215142777987887,0.008685476479253594,0.9999517798423767,0.3292527616024016,0.4216674864292143,-0.21927134820393143,0.9999896287918091,0.3558240013463155,0.5062250205448693,0.056535589588539915,0.24606023728847504,0.3385787733963556,0.5172696913991652,-0.25623130628040847,0.9976156949996948,0.3701259766306194,0.5746880974088393,0.013257809116372032,0.2863314747810364,0.36239880664007984,0.5856273429734363,-0.2698472780840736,0.9975234866142273,0.3732180195195332,0.5927279966218129,0.009557611375514946,0.3156687617301941,0.3639563722269874,0.6069922617503573,-0.303641926390784,0.9940244555473328,0.37493320618356957,0.5935084359986439,-0.018282498765204627,0.34095001220703125,0.36904704996517707,0.6035982438496178,-0.3022583229201179,0.993403434753418,0.37245300752775995,0.5864050967352727,0.0009063576714002652,0.3293543756008148,0.3675809630325861,0.5967580386570519,-0.2704466598374502,0.9816008806228638,0.3396173775196074,0.5793441210474284,0.0721627444028854,0.9999890923500061,0.32541533282824914,0.5840735469545634,-0.07211688160896298,0.9999940991401672,0.35918922254017405,0.680534424100603,0.14015474830354954,0.6414718627929688,0.3194348641804285,0.7028009108134674,-0.02037813759275844,0.9900444149971008,0.3773394320692333,0.792196748937879,0.22843336207526058,0.96113520860672,0.3191921072346822,0.8096346667834687,0.06280589103698728,0.9942994713783264,0.37241152950695566,0.8197880676814484,0.23231317273208063,0.9310116767883301,0.314150172472,0.8304397719246996,0.06721744218042916,0.9596396684646606,0.4079171112605502,0.8100192717143464,0.17083675478185917,0.9700736999511719,0.34487511515617353,0.8357031209128241,-0.005531325450699242,0.9876121282577515
46,0.3517288574150629,0.3480193385056085,-0.13855153960841038,0.999527096748352,0.34691747682435153,0.3378032147884367,-0.12813286142689834,0.9989038109779358,0.3457969631467545,0.33806720035416726,-0.12829899085419513,0.9988300204277039,0.3446739230837139,0.33845311232975533,-0.12826174029282156,0.9991263747215271,0.346828930718558,0.33796135357448015,-0.1503771381718771,0.9994586110115051,0.3457348065716878,0.3382978371211459,-0.1505237243005207,0.9996432065963745,0.34452414086886796,0.33870446256228837,-0.1506142079830169,0.9997231364250183,0.336889042173113,0.3457747203963142,-0.07387623552765162,0.9993162155151367,0.33725412487983686,0.34619345154081055,-0.17481178896767743,0.9994946122169495,0.35011620010648437,0.36054197294371454,-0.11563587763479773,0.9995381236076355,0.3496869334152765,0.3608378018651688,-0.14577457223619728,0.999712347984314,0.3465153004441941,0.42135646939277627,0.009903600758739875,0.9999548196792603,0.3286341530936103,0.42143567374774366,-0.21653433399541025,0.9999901056289673,0.3566868926797593,0.5057104604584828,0.058065889350005534,0.26859050989151,0.3383952685764856,0.5173714092799593,-0.2552596901144299,0.9978089332580566,0.3707395102296555,0.574370900222233,0.01740939747542142,0.3134978115558624,0.36080540759222834,0.5866019214902602,-0.2672962120601108,0.9976999759674072,0.3740910334246497,0.5928040231977187,0.01356778575905731,0.33970141410827637,0.36185352887426087,0.6087003741945537,-0.30076233233724303,0.994411289691925,0.37540788650512674,0.5936587503978181,-0.0138758709787258,0.3658842146396637,0.36707394889422806,0.6055036255291527,-0.29945551753044114,0.9938375353813171,0.3727695482117787,0.5864737987518307,0.005342381102465357,0.3529200851917267,0.36602515918867906,0.5985468506813045,-0.2679347387381961,0.9827331900596619,0.340485427209309,0.5791848352977205,0.07166377178260255,0.9999893307685852,0.3255320268017904,0.5840357014111107,-0.07161856208528788,0.999994158744812,0.36010109101022975,0.68021559374673,0.143642999444689,0.6407548189163208,0.3195661314896173,0.7025163974080764,-0.016065001008766032,0.9900840520858765,0.377569931745529,0.7922270434243335,0.23426192402839652,0.9611810445785522,0.3192192886556896,0.809359082153865,0.06905215478369164,0.9944326281547546,0.3724811894553046,0.8197105016027175,0.2381478863103048,0.9301075339317322,0.31417383721896563,0.8302580612046373,0.07368867801768436,0.9578135013580322,0.40799641779490864,0.8106837987899776,0.17620186848299835,0.9703326225280762,0.34481232166290265,0.8352888192449294,0.001363830747348921,0.9878374934196472
47,0.3514087591852459,0.3472151969160351,-0.13493048463548926,0.999555230140686,0.34657365509441906,0.33707114287785106,-0.12447886403117854,0.9989676475524902,0.34546705995287197,0.337351985488619,-0.12464750196252544,0.9988966584205627,0.34434665186064567,0.33774582147598253,-0.12461001681429994,0.9991790056228638,0.34643918275833113,0.3372978602136883,-0.14644867735249648,0.9994914531707764,0.3453173535210744,0.337695185627256,-0.1465943779264177,0.9996637105941772,0.3440788260528018,0.33814754911831435,-0.1466798624822071,0.9997386336326599,0.33654752629143836,0.34511889134134544,-0.0707883760333061,0.9993621706962585,0.3368167136396679,0.3456356585025786,-0.1704977354833057,0.9995228052139282,0.34994586195264527,0.35983485153743183,-0.11229650889124183,0.9995736479759216,0.3494168537003652,0.36019686375345483,-0.1420663267374038,0.9997333884239197,0.346830676283155,0.4210271588393618,0.012825019458042718,0.9999581575393677,0.3276739128998346,0.4212076093469345,-0.21202151009014664,0.9999906420707703,0.35776834913662486,0.5048497302191596,0.059981357519115694,0.3037724196910858,0.33815084610666535,0.5173886009625024,-0.25370042920112595,0.9979847073554993,0.371683473246438,0.5734934738704134,0.023238748844180777,0.3549744188785553,0.35872050523757915,0.587319001129695,-0.26551424775804777,0.9978763461112976,0.3753050335815973,0.5926906960351124,0.01952830651508909,0.3767502009868622,0.35914948327200735,0.6101785693849833,-0.29883795465741825,0.9948152303695679,0.3761467090674807,0.5935536214283531,-0.007803809390004189,0.40333664417266846,0.3645011442048207,0.607178803852626,-0.29801704883575425,0.9942893981933594,0.3732617156846181,0.5863980736051284,0.011263823296342571,0.3892742395401001,0.36404117601258396,0.6000278302601403,-0.26637792842728736,0.9839439988136292,0.3418175177914754,0.5787396328789844,0.07131107704980029,0.9999896287918091,0.32568645988191863,0.5838436876024516,-0.07126701218741277,0.9999942779541016,0.36121597630637015,0.6800678900309969,0.146523151227406,0.6481888294219971,0.3197959048407417,0.7021638631820676,-0.013724559039941851,0.9904513359069824,0.3779286776270184,0.7922297375542773,0.23745871228831145,0.9622506499290466,0.3192400080817085,0.8089872343199589,0.0713512009807995,0.9947018623352051,0.3725131681987216,0.8195993014744346,0.2412246171917233,0.9307206869125366,0.31418950813157204,0.8301082389695299,0.07598111650773454,0.9577116370201111,0.40830938134874595,0.8118192843028473,0.1788443458931786,0.9712902307510376,0.3447718773569378,0.8350880128996709,0.004279200420049683,0.9883936643600464
48,0.351117876597813,0.3466943536485943,-0.1334633358887263,0.9995813369750977,0.3462637713977267,0.33654210822922825,-0.12295253063951214,0.9990255236625671,0.3451703820909771,0.336816381556647,-0.123124383177076,0.9989569187164307,0.3440518328121729,0.33719413876533494,-0.12308817037514272,0.9992266893386841,0.3460832587310244,0.3367701913629258,-0.14466033407620016,0.9995212554931641,0.3449319090162003,0.33717191474778296,-0.14480405662740972,0.9996823668479919,0.3436571896076201,0.33763495257922566,-0.1448861543621335,0.9997528195381165,0.3361861816474368,0.34460906471524905,-0.06924177088907785,0.999402642250061,0.3363168035234722,0.34518052765301277,-0.16790401893002638,0.9995477199554443,0.34978803396224956,0.3592781995023998,-0.110907746212823,0.9996051788330078,0.349138421671731,0.3597382043089184,-0.14034725981099255,0.9997520446777344,0.3471319104943955,0.42068556802613377,0.013904493568199014,0.9999611377716064,0.3267689585685728,0.42104239889553596,-0.20817192239420743,0.9999911785125732,0.3587544798851011,0.5039226991789679,0.06157358650650294,0.32904350757598877,0.33790193540709346,0.5174025297164915,-0.2510306941611425,0.998147189617157,0.3727931899683814,0.5726599982806612,0.028342325772557925,0.3891514241695404,0.35716397336551103,0.587657935278756,-0.2662553855351038,0.998036801815033,0.37652463742664866,0.5926044259752543,0.025174379082662707,0.4071693420410156,0.3570674087320054,0.6111157672745838,-0.2996501343590871,0.9951779246330261,0.3771335124969481,0.5935108678681507,-0.002487180608191659,0.43436700105667114,0.36250380618231615,0.6084900311061311,-0.29924475976398995,0.9946959018707275,0.3740482858249118,0.5863727143832613,0.016162349217172172,0.4189801514148712,0.3625841140747068,0.601040949140276,-0.2675419764859335,0.9850241541862488,0.34276799559593185,0.5783063939639498,0.07115037015506195,0.9999898076057434,0.32577349543571454,0.5835889424596512,-0.0711074088300977,0.9999942779541016,0.36208046759877865,0.6800061208861212,0.14693057068756643,0.6480172276496887,0.3200433671474455,0.7019457561629155,-0.012711517393056829,0.9905051589012146,0.3782737936292374,0.7922671488353181,0.23757350615092676,0.962306559085846,0.3192844859191348,0.8086715221405025,0.07271963294063291,0.9947889447212219,0.3725849875382013,0.8194285869598384,0.24127861389092026,0.9298309087753296,0.31417307768549224,0.8300033909933904,0.07743423432111736,0.9559441804885864,0.40881549034799824,0.8128518087523321,0.17881042744432168,0.9716704487800598,0.34466708898544296,0.8349518912179126,0.00615484389875616,0.9886108636856079
49,0.351012554339,0.3462670803070067,-0.1316892430186271,0.9995971918106079,0.3460698749337876,0.3360881669180732,-0.12115615478583738,0.9990594387054443,0.3449717487607682,0.3363680822508674,-0.12132778274161468,0.9989898204803467,0.3438460409641264,0.3367457807064055,-0.1212934181094169,0.9992554187774658,0.3458646833896635,0.33628690498215796,-0.14309121242591305,0.9995392560958862,0.34468248145920877,0.3366827751908982,-0.14323447516986296,0.9996925592422485,0.3433745775903973,0.33714582834924955,-0.14332109604563026,0.9997607469558716,0.33586170843669333,0.34425492371831606,-0.06721195450850892,0.9994301795959473,0.33589212298393234,0.3448167519909993,-0.1667457218681062,0.9995623826980591,0.34973053847040436,0.35878788147653834,-0.10895844825676504,0.9996288418769836,0.3490147505487713,0.3592954618590217,-0.13869409859180443,0.9997655749320984,0.34727697031838534,0.4203033515385217,0.014865720298673418,0.9999634027481079,0.32633234858512866,0.4207947356360297,-0.20751273334026327,0.9999915361404419,0.359118820939745,0.5031675474984303,0.06525589366044314,0.34951844811439514,0.3376392654010226,0.5173865199089047,-0.24830296209880273,0.9982888102531433,0.37352311696325013,0.5722051756722584,0.031300517437713476,0.4176018536090851,0.35681688359805497,0.587899201256888,-0.26514410717146725,0.9981768131256104,0.37717848931040066,0.5924955385071888,0.028382544113056983,0.43254730105400085,0.35684547594615373,0.611694766793932,-0.2983187062399727,0.9954940676689148,0.37782459769930143,0.5934982316834583,0.0005514059082737984,0.46028441190719604,0.36227279816355007,0.6093297311237877,-0.2982148306710378,0.9950509071350098,0.3747518002986906,0.5862856234822952,0.01898509915918111,0.44397100806236267,0.36239301647458744,0.6016067130225042,-0.26670627083097176,0.9859762787818909,0.3428273873669759,0.5784583789961676,0.07113421048436844,0.9999898672103882,0.3257916348321096,0.5834770355905803,-0.0710936646376337,0.9999942183494568,0.3625186707292283,0.6800773876053943,0.1464943076883043,0.6464430689811707,0.32024125797407954,0.7017879349844793,-0.008677611792726171,0.9904389381408691,0.3784873536654879,0.792357470308031,0.23864371904305037,0.961920976638794,0.3193324463708058,0.8082885248320439,0.0817565730639866,0.9948201775550842,0.3727329228605541,0.819301423004695,0.24264472467558712,0.9284795522689819,0.3140699539865765,0.8298860447747364,0.0870910593441554,0.9540931582450867,0.4093139452593665,0.8131222776004242,0.18160356751510065,0.9715409874916077,0.3445183430399212,0.8345676217760354,0.017618982633575787,0.9886355996131897
50,0.35094843421663535,0.34601753524371537,-0.1267147649611745,0.9996060729026794,0.34596944110734107,0.3358225209372383,-0.11628003844193044,0.9990780353546143,0.34485322066715773,0.3360984887395585,-0.1164529510906764,0.9990057945251465,0.34370481116431084,0.3364730877535682,-0.11642037438494812,0.9992724657058716,0.34575134260313833,0.3360117452485219,-0.13832529102052954,0.9995497465133667,0.34453551343509115,0.33639785902840735,-0.13846771121025078,0.9996976852416992,0.3431834527424402,0.336852808509554,-0.13855736851692194,0.9997648596763611,0.3355391170297348,0.34398456982203873,-0.06267874890140122,0.9994507431983948,0.3355299830436705,0.3445401183196475,-0.16282740065029683,0.9995717406272888,0.34966944711548925,0.3584423380238667,-0.1041184910706111,0.9996480941772461,0.3489053521837505,0.35896826727049674,-0.13399295508861536,0.9997762441635132,0.3473081222602298,0.4197779902390069,0.018149030820599613,0.999965250492096,0.3259925952979495,0.4203496353966847,-0.20502535360200055,0.999991774559021,0.35927757280213474,0.5022545729364665,0.07117544476475031,0.3668929934501648,0.33726175768034783,0.5172708954129898,-0.24491916171142022,0.9984145760536194,0.37436978220939615,0.5716993076460699,0.036680475994944554,0.44396689534187317,0.35653558884348174,0.5881200194358822,-0.26232830796922946,0.9983007311820984,0.37802241700036165,0.5924457396779739,0.03415193610957689,0.45645231008529663,0.3567906601088386,0.6120558074542451,-0.29506038938249846,0.9957738518714905,0.37874555162021073,0.5935423033578052,0.0064405602402985065,0.4845954179763794,0.36212707076753875,0.6097908207348413,-0.2953201583453586,0.9953653812408447,0.37570065004484976,0.5861001866204395,0.024382490425237574,0.46742957830429077,0.36228541135787945,0.6019690820149011,-0.264041359083993,0.9868209958076477,0.3432064030851635,0.5791114534650528,0.07117573682750972,0.9999898672103882,0.3258841318743568,0.5836539183344157,-0.07113722562789913,0.999994158744812,0.36293629067284705,0.6802521773747032,0.14842539174216127,0.6474188566207886,0.32040286830493364,0.7016616599900378,-0.0027707808517983966,0.9903469681739807,0.3785961389541624,0.7923658456121169,0.244190033844539,0.9618114829063416,0.3193799027374811,0.8078977976526529,0.091200278699398,0.9948251247406006,0.37287549376487716,0.8190319112368989,0.24878520667552936,0.9274751543998718,0.3138898909091948,0.8298291427748541,0.09695204326084678,0.952235758304596,0.40967150500842486,0.8131780317851471,0.18973282320158813,0.9715028405189514,0.34450831839016494,0.8342623506273538,0.02860072146036794,0.9885918498039246
51,0.35072971923010676,0.3458485152040207,-0.12211061375481737,0.9996143579483032,0.3457686679703847,0.3356706951345715,-0.11187063860041749,0.9990942478179932,0.34464570454188737,0.3359335550240106,-0.11204317488840643,0.9990192651748657,0.3434825590678622,0.3362950350557053,-0.11201054496424534,0.9992876052856445,0.3455150766032081,0.33586549758911116,-0.1339768413986478,0.999558687210083,0.34426129204886285,0.33624331865991847,-0.13411992064544126,0.999701976776123,0.3428590621267045,0.3366888284683226,-0.13421095141342704,0.9997681975364685,0.33518062659672315,0.3436570329325538,-0.05879301662955963,0.9994701147079468,0.33509464349065493,0.3442492723464964,-0.15913914484637118,0.9995802640914917,0.34945145334516237,0.3582304860864365,-0.09963221230677191,0.9996656179428101,0.3486053935119082,0.35877580472401194,-0.12960075225148876,0.9997857213020325,0.34747999055044976,0.41875612054552336,0.021785089852554444,0.9999670386314392,0.32557259627750923,0.4197351029941012,-0.20223060676029742,0.9999919533729553,0.3594522595405577,0.5006904848984307,0.07568586383547099,0.38284701108932495,0.3367351685251507,0.5168756808553421,-0.24267045387199937,0.9985278844833374,0.37540779369217997,0.570419028827122,0.041498387604951836,0.4689376652240753,0.3560714602470396,0.5882055589130943,-0.25977990882737284,0.998407244682312,0.3791809950556072,0.591871324607304,0.039102901411907996,0.4790214002132416,0.35663985013961774,0.6121511067662918,-0.2922133028507231,0.9960129857063293,0.37986631223133616,0.592967070852007,0.01149522559717297,0.5073891878128052,0.361911516530173,0.6099145991461614,-0.29275674138750335,0.9956348538398743,0.3768960876124244,0.585373965331486,0.02924231636737073,0.489496111869812,0.36207574350493277,0.6020473871912273,-0.2614816495350428,0.9875496625900269,0.3439532646111078,0.5798174313136506,0.0711811318993568,0.9999900460243225,0.3259902596473692,0.5838172793388364,-0.07114459552935187,0.999994158744812,0.36344505974224617,0.6804646526064189,0.15006547059331615,0.6505128145217896,0.32068220973014816,0.7014689973422455,0.0011807640681841542,0.9903318881988525,0.3786905688898902,0.7923779147011889,0.2476432246821266,0.9622409343719482,0.31938297918864644,0.8072361554418287,0.09683358392545151,0.9949153065681458,0.3729693446840557,0.818800272260393,0.2524952581950595,0.927642822265625,0.3135805955954959,0.8296183552060805,0.1027689872043473,0.9514625072479248,0.40993778961045385,0.8133190597806654,0.19369858971663872,0.9718725681304932,0.3442583969661166,0.8338794674192153,0.034638097083994304,0.9887499809265137
52,0.35041957753045205,0.34558134419577446,-0.1208983815142086,0.9996355175971985,0.34551705888339435,0.3353966968400136,-0.11081492560250412,0.9991421699523926,0.3444007226399012,0.33563778230122143,-0.11098681603159219,0.9990687966346741,0.34324427757944365,0.33596386483737384,-0.11095363348722453,0.9993268847465515,0.3451898992061613,0.3355836740561893,-0.13285170963832305,0.9995822310447693,0.3438783603055135,0.33593949334962014,-0.13299543857574458,0.9997167587280273,0.3424156291144233,0.33635227084159836,-0.1330856710672378,0.9997795224189758,0.3348352474825721,0.34304370539528967,-0.057994881591626544,0.9995033144950867,0.3345572326864513,0.34369992784091385,-0.15794997300420482,0.9996009469032288,0.34915251220975585,0.3580010133130208,-0.09845437003033497,0.9996888041496277,0.34818000367709556,0.35855818731444206,-0.1283425744090761,0.999799370765686,0.34772031136921455,0.41753874846867134,0.02290583114538873,0.9999691247940063,0.32501469169344205,0.4192621478012628,-0.20061676800250997,0.999992311000824,0.3598511125360215,0.49880254438945204,0.07681219960962019,0.4057255685329437,0.3362699781145366,0.516515220914568,-0.2411759282861436,0.9986363649368286,0.37665485739707927,0.5691460371017454,0.04312136120029856,0.5012761354446411,0.3548847317695616,0.5885602235794065,-0.25891262676034643,0.9985161423683167,0.38076689413615616,0.5911409616470334,0.04072707604084694,0.508467435836792,0.3556712840284618,0.6123472963060649,-0.29120607546397603,0.9962654709815979,0.3812116180147442,0.5921340550695144,0.013157410121389792,0.5365421772003174,0.36073266608374444,0.6102439522743223,-0.29161506210054655,0.9959181547164917,0.3783403311456951,0.5846313953399656,0.030910679538335102,0.5180466771125793,0.361025765112468,0.6022027560642784,-0.2605583488941191,0.9883216619491577,0.344420996734074,0.580242265973772,0.07114385025841846,0.9999901056289673,0.3260779508522577,0.5838980964251924,-0.07110898047685621,0.9999940991401672,0.3638884007930754,0.6805377296039034,0.15002555251121513,0.6494027376174927,0.3210214461599076,0.7012953179223194,0.0016372461437380735,0.990128755569458,0.37873660496302997,0.7923946602003912,0.24717906287738242,0.9612983465194702,0.3193853369780948,0.8067808219364708,0.09540828317403788,0.99482262134552,0.37304154123578737,0.8186901858874726,0.2518431271825517,0.9259874820709229,0.31321472525596605,0.8294269238199503,0.10108901517731798,0.9493846297264099,0.4101391136646269,0.813513486725943,0.19305879601410447,0.971523642539978,0.3439606555870599,0.8337328927857531,0.03227921793503419,0.9885982275009155
53,0.3498280559267315,0.344874505485807,-0.11989645149026593,0.9996562004089355,0.34498192667961103,0.334797806399209,-0.10978592655488417,0.9991885423660278,0.34389637282916463,0.3350480301039558,-0.10995733397347582,0.9991180300712585,0.3427701967103139,0.3353630321366445,-0.10992480686732695,0.9993653297424316,0.34455878393990635,0.3349813418728963,-0.13159156441688533,0.9996048808097839,0.3432081128869736,0.33536134958267194,-0.13173570632934564,0.9997311234474182,0.3417117765971591,0.33578812139374853,-0.13182325618607652,0.999790370464325,0.334373492002487,0.342340223278318,-0.05676713543278828,0.999535083770752,0.3338623344898222,0.343096100432532,-0.1556488918406622,0.9996199607849121,0.34856944850512894,0.3574102052620477,-0.0973897631679262,0.9997109770774841,0.3475119616304123,0.35801109416144217,-0.12698090970516202,0.9998124241828918,0.3478679852826253,0.41630581617355333,0.023570083720343443,0.9999712705612183,0.3244958962712967,0.4189221986702508,-0.19702151204858498,0.9999926090240479,0.36034404294831396,0.49689958010401025,0.07777556500264574,0.4290963113307953,0.3355518570968081,0.5163056441715783,-0.23702652709824687,0.998727560043335,0.37779425042016146,0.5679149729864935,0.04470789698617797,0.5319006443023682,0.3533485097544532,0.5891939776284352,-0.2558355765683309,0.9986015558242798,0.3823485485145022,0.5897475106375555,0.04228665924498011,0.5363019108772278,0.354236545733043,0.6128854598317826,-0.2878909460135867,0.9964607954025269,0.38249815021242395,0.5906780328069411,0.0148123432749084,0.5640458464622498,0.35923309241022366,0.6109430040631972,-0.28856856397220054,0.996139645576477,0.3797134016241344,0.5837348307882033,0.03256319745310714,0.5450725555419922,0.3596754125186373,0.6026294469833371,-0.25757629275321947,0.9889212846755981,0.3447975609983715,0.580376645496913,0.070882702086653,0.9999902844429016,0.32621495638574854,0.5838513885225566,-0.07085079678467339,0.9999940991401672,0.3644160483564648,0.6804558498518805,0.14855842547757278,0.6482126116752625,0.32144353815487436,0.7012003030095778,-0.001003466193963374,0.9900446534156799,0.3787512063980101,0.7924154690333771,0.24484941022736675,0.9604825377464294,0.3193826113428387,0.806481073583875,0.09071971114192685,0.9947901368141174,0.37309314608573896,0.8185882193701605,0.249405984367643,0.9246734976768494,0.3128801345825194,0.829202055931091,0.0962073779531887,0.9479058980941772,0.41024960279464706,0.8136557476861133,0.19138768528188968,0.9712812900543213,0.34370994056974125,0.8335706506456644,0.027605234459042536,0.9885636568069458
54,0.3492896837847572,0.34403732504163453,-0.11881083697080608,0.9996781945228577,0.3444551297596521,0.3340941999639782,-0.10862442680767599,0.9992398023605347,0.3434053020817891,0.33436182567051465,-0.10879516260964525,0.9991720914840698,0.34231653979846394,0.33467546871730247,-0.10876282112939012,0.999406635761261,0.3439519941806792,0.33425770827702095,-0.13037555473191392,0.9996296763420105,0.3425737474645886,0.334665103469576,-0.13051960361855364,0.999747097492218,0.34104825428553975,0.3351195446082522,-0.1306061868156705,0.9998025894165039,0.33392168113163523,0.3416690622057232,-0.055414158638034526,0.999567985534668,0.33316968509129097,0.3425472583089555,-0.1540500755820955,0.9996416568756104,0.3480718902179172,0.35673528483935746,-0.09625278434583115,0.999732255935669,0.3469622441700525,0.35739418523652194,-0.12577446145670748,0.999825119972229,0.3478824751717702,0.41536684206553853,0.024917370826005925,0.9999731183052063,0.3241519910948616,0.4188163340091703,-0.1947613984346389,0.9999929070472717,0.36073624236243096,0.4953143928732188,0.07888115239994863,0.45317479968070984,0.33476138710975634,0.5163548554692947,-0.23377538536276127,0.9988130927085876,0.378605464526585,0.5666223815509248,0.046730614879301594,0.5631294250488281,0.3522474799837383,0.5902389236858909,-0.2518968867404119,0.9986868500709534,0.383582236937114,0.587921333312988,0.044440250737326464,0.565350353717804,0.3532349365098134,0.6139097230775012,-0.28361407177788855,0.996664822101593,0.3836175484316688,0.5888616800308225,0.01712367611804178,0.5925168395042419,0.3582102971417562,0.6120797566005158,-0.2844217402594429,0.9963691830635071,0.3808274388313292,0.5825481772422788,0.034681051118033254,0.5734802484512329,0.3587039743150982,0.603501156398228,-0.2535611510276793,0.9895694851875305,0.34563970991543347,0.5806575689996989,0.0704560441630227,0.9999904036521912,0.3265036455222537,0.5840120196342465,-0.0704282754233905,0.9999940991401672,0.36503964407103384,0.6802625741277419,0.149117539184434,0.6486170291900635,0.3218662091663904,0.7011164852551048,-8.442009067428967e-05,0.9900574684143066,0.37876302685056396,0.792353192397526,0.24825259319373527,0.9590869545936584,0.3193784832954405,0.8062240277017862,0.09221821938242228,0.9947701692581177,0.3731041380337305,0.8182176113128659,0.2532141966479164,0.9225234985351562,0.31265926786831433,0.8289802312850949,0.09796762125832689,0.9470245838165283,0.41026326758520926,0.8138637934412272,0.19743101980004982,0.9707146883010864,0.34364923579352225,0.8335162861006596,0.030646523939711692,0.9885920882225037
55,0.34876933268138327,0.3433395760399953,-0.11593428041253766,0.9996978044509888,0.34388400741985853,0.3334417556013378,-0.10579694211482997,0.9992857575416565,0.34285454494612544,0.3337186242852891,-0.10596724195139744,0.9992209076881409,0.34178185207503164,0.334037000792367,-0.10593595419611244,0.9994438290596008,0.34335117254938385,0.33358533041817784,-0.12739396989345544,0.9996520280838013,0.34196933678218283,0.33400339228766285,-0.1275384877409253,0.9997614622116089,0.3404282901968273,0.3344742826053073,-0.12762357017823622,0.9998134970664978,0.33338538834026865,0.3411114599023545,-0.053002282764230434,0.9995982646942139,0.3325225361755914,0.3420718610286711,-0.1509716446910585,0.9996618628501892,0.3475736720221382,0.3561484481607163,-0.0935549316661698,0.9997518062591553,0.34644542591912386,0.35688043407031456,-0.12287084481545851,0.9998368620872498,0.3479218116828372,0.4146007239818571,0.026579637612615302,0.9999748468399048,0.32398911288806354,0.41843889440808957,-0.19173392951488485,0.9999931454658508,0.3610644791807446,0.49375681706837227,0.08057815709284369,0.47416913509368896,0.33371695620673025,0.5160528063774106,-0.2309887030294962,0.9988939762115479,0.37941862429891293,0.565045925549098,0.050472567869084196,0.5912796258926392,0.35175332171576346,0.5911283867699757,-0.24903840890952506,0.9987717270851135,0.38468433277947545,0.5859432305608474,0.04844892408166611,0.5917226076126099,0.3528925929750713,0.6150541782379148,-0.2805598948683056,0.996870219707489,0.38481723581041594,0.5870028342519484,0.02127575328839676,0.6182839274406433,0.3580308505467005,0.6131771547453742,-0.28121720296995967,0.9965983033180237,0.38202252813747933,0.5810690113476342,0.03852701485157011,0.5992444157600403,0.3584347537585666,0.6043934481484546,-0.2505922198295592,0.9902117252349854,0.34667385986873067,0.5809977872031074,0.0699360615440777,0.9999904632568359,0.326858878135681,0.5842029282024925,-0.06991359591484067,0.9999940395355225,0.36566623449325547,0.6798287425722391,0.1503822126558848,0.6502366662025452,0.32235421623502447,0.7008777345929824,0.002256670654086129,0.9900383353233337,0.37879366959844296,0.7922311135700768,0.2528760160718644,0.958042323589325,0.31936597142900724,0.806113014902387,0.09683227943522585,0.9947693943977356,0.37308104634284955,0.8177842685154503,0.25863393928323464,0.9209624528884888,0.31252231087003424,0.82883026429585,0.10261137272630413,0.946418821811676,0.41026420933859675,0.8141355718885146,0.20309186237198956,0.9702287912368774,0.3438359081745146,0.8336891617093763,0.03919031532215219,0.9886288642883301
56,0.34840625013623905,0.3426289030483789,-0.11328279397317335,0.9997119903564453,0.3433942556381224,0.3327754872185842,-0.10311894267797465,0.9993177056312561,0.3423645028046198,0.33308838350432246,-0.10328896684306003,0.9992541670799255,0.34129050544330036,0.33344129494258323,-0.10325866086142399,0.9994704723358154,0.3428588117871964,0.3328618305070058,-0.12460387817450927,0.9996674060821533,0.3414714523724146,0.33329114062445486,-0.12475059287888657,0.9997708797454834,0.3399236168180192,0.3337827810219354,-0.12483497623886375,0.9998205304145813,0.33285076618194565,0.34066770843097127,-0.050630284632955255,0.9996218085289001,0.3319823486464363,0.34162824324199115,-0.14808973414557314,0.9996752142906189,0.34729596461568546,0.3555071158068519,-0.09110565121684752,0.9997674226760864,0.34616393276623303,0.35626061899321404,-0.12027251677853715,0.9998458027839661,0.34805128914969297,0.41396564415522963,0.027633638786418085,0.9999763369560242,0.32374491776738834,0.41803481067929926,-0.18902543570314126,0.9999933838844299,0.3616969772747583,0.49206803100449675,0.0812765200223241,0.4906325936317444,0.33286730221339617,0.5157098838261194,-0.2296886056661605,0.9989677667617798,0.3809528401919772,0.5635196225983754,0.0525465884378978,0.6153019070625305,0.35097398247037603,0.5916835665702818,-0.24957753590175072,0.9988469481468201,0.38629433342388675,0.5840900778770444,0.05081658927457671,0.6140747666358948,0.35217637504850097,0.6157907196453636,-0.2812728592327661,0.9970535039901733,0.38648128424371975,0.5852812170982358,0.02361985769655022,0.6403065323829651,0.3574603778975349,0.6138869745390754,-0.2817325489861623,0.9968029856681824,0.3837143966129846,0.5795876979827878,0.04062931452478679,0.6212590336799622,0.35781883512224455,0.6050491162708824,-0.2510802388191222,0.990789532661438,0.3477554057325634,0.5814019782202582,0.06944113075733183,0.9999904036521912,0.3273536486285072,0.5844821606363566,-0.06942232485328399,0.9999939799308777,0.36634742702756595,0.6790832468441551,0.1499743734087262,0.647464394569397,0.3228506130831581,0.7005747982433861,0.0033942446112632738,0.9900192618370056,0.37882597872189094,0.7920790297644476,0.2514679653303963,0.9565081596374512,0.3194053283759524,0.8063407182693477,0.0929575709359986,0.9947831630706787,0.3730654699461799,0.8175348860876898,0.2572585723229816,0.9187307357788086,0.31245677130562904,0.8288921696799139,0.09807678822960168,0.9459426999092102,0.4103345189775737,0.8145032116344993,0.20165082131113315,0.9695834517478943,0.3443269933973038,0.8342181989124839,0.03565486958915633,0.9887310266494751
57,0.3480697103909082,0.34210425445011666,-0.10749060660600657,0.9997261762619019,0.34302664569446006,0.33218871099608266,-0.09723360644919528,0.9993492960929871,0.34200107284954595,0.332523031745638,-0.09740304712738304,0.9992870688438416,0.3409332130636486,0.33289749962942927,-0.09737337401935028,0.9994959235191345,0.3424699970654077,0.3322198723043713,-0.11855031358344208,0.9996834993362427,0.3410606818539754,0.3326512234551564,-0.11869987738983966,0.9997811913490295,0.33948246836662277,0.3331625708511896,-0.11878039645297181,0.9998282790184021,0.33241721476827335,0.3403044266360145,-0.045080595037766846,0.9996439218521118,0.33143048116138984,0.3412920142923081,-0.14180611180407654,0.999689519405365,0.3470756803240093,0.35492154189518504,-0.08555829759154997,0.9997822046279907,0.34588479740279043,0.3557036851133617,-0.1145102468984467,0.9998546242713928,0.34820225919995973,0.413289381776537,0.030960883040513296,0.9999776482582092,0.32344703418867915,0.4177014717033929,-0.18373859226703634,0.999993622303009,0.3625348406178609,0.489754065445491,0.08497160694428849,0.50111985206604,0.3319684284073965,0.5153751134872434,-0.2271997937134333,0.9990308880805969,0.38305781313351206,0.5610971178327285,0.058298504778317016,0.6326776146888733,0.349421851975577,0.591701793670654,-0.2498363184077398,0.9989137649536133,0.3882988384791781,0.5810938596725461,0.05719779314739361,0.6299139261245728,0.35056275555065686,0.6157818300383429,-0.28152950235775526,0.9972192645072937,0.38843846746853394,0.5826644590922763,0.030008983345968368,0.6562858819961548,0.35626846296446646,0.6138956138065881,-0.28192023379462094,0.9969877600669861,0.38568905591964703,0.5772386278424941,0.04642044156789778,0.6373007297515869,0.3566655712468282,0.6051846640450611,-0.2513782118047986,0.9913075566291809,0.34899808083261746,0.5817161202430723,0.06921232364007401,0.9999903440475464,0.3279292728219712,0.5847878949982777,-0.06919536292552944,0.9999939203262329,0.3668203685964855,0.6781585727419168,0.14781896727425703,0.6435355544090271,0.323663157224655,0.7003775017602101,0.0019543104805052275,0.9899724721908569,0.3788372601781571,0.7920008335794717,0.2420726065124783,0.9544199109077454,0.319469893830163,0.8065574782235277,0.07957218331950047,0.9947903156280518,0.37305616055216095,0.8174723318644928,0.2470249891281127,0.9156128168106079,0.3124610126018523,0.8289773123604907,0.0835762798786163,0.9452505111694336,0.4104423565523963,0.814842103208814,0.19126877912453233,0.9685787558555603,0.3449015728064944,0.8347152709960933,0.019129281544259608,0.9888086318969727
58,0.3471673607826231,0.34148742641721436,-0.10056307400975903,0.9997437596321106,0.34219483222280217,0.3316789950643265,-0.09004230009657992,0.9993889331817627,0.3412218970911842,0.33204792908259784,-0.0902075724942343,0.9993290901184082,0.34019733497074656,0.33245413558823705,-0.09017690228564394,0.999527096748352,0.34156783308301636,0.33168513860021304,-0.11092973181179587,0.9997032284736633,0.3401632794312067,0.3321530980723243,-0.1110835941774504,0.9997941851615906,0.3385815007346015,0.3327128819056918,-0.11115942980561933,0.9998380541801453,0.3317967057228087,0.34000932403973155,-0.03772034570574759,0.9996683597564697,0.33051270757402673,0.34107959781374236,-0.13244256206921162,0.9997071623802185,0.3463823531355175,0.35430993267468025,-0.07872611050094873,0.999797523021698,0.3451703335557664,0.3551369879926952,-0.10711353293487,0.9998640418052673,0.3483845114707945,0.41266538756234283,0.03692609257996081,0.9999788403511047,0.3231068202427454,0.4175572386809756,-0.17507322941507605,0.9999938607215881,0.36377813305173584,0.4872675529548098,0.08966955606426508,0.5122350454330444,0.33102802123342223,0.5150943091937471,-0.22057344658034178,0.9990915656089783,0.3851990052631922,0.5570563708032878,0.06358541761125834,0.6511223912239075,0.3468983215945106,0.5915372763361247,-0.2469556906393595,0.9989700317382812,0.39041868277958447,0.5766351495470317,0.0629451357892581,0.646619439125061,0.34782156688826404,0.615520085607256,-0.27828865902764444,0.9973567128181458,0.39050253374235955,0.5783198918615066,0.03578127058488981,0.6729844212532043,0.35385544385228823,0.6136996490614752,-0.2790754786559512,0.9971425533294678,0.38772269913128427,0.5729641096932545,0.05172723169837677,0.6543644666671753,0.35439048239162974,0.6050620879445754,-0.24876822105475824,0.9917542338371277,0.3505345089094978,0.5819610442434036,0.06858036965131756,0.9999901652336121,0.3286498274121964,0.5851137655121936,-0.06856759871755325,0.9999938011169434,0.36725298166275006,0.677594971656799,0.13873393365315023,0.6397901773452759,0.3245690490518296,0.7000285591397963,-0.0035069316259718347,0.9899365901947021,0.3788318097591398,0.7919650231088907,0.2209317922592162,0.9521603584289551,0.31951815060206806,0.8066299574715746,0.057791581430605456,0.994771420955658,0.3730572376932415,0.8174373899187357,0.2243745629276547,0.9127325415611267,0.31256364583969104,0.8291332398142129,0.06047184499246731,0.9443414807319641,0.41048139929771404,0.8151149494307378,0.16897908619471952,0.967600405216217,0.3452939867973326,0.8348703316279816,-0.007946075186399474,0.9888720512390137
59,0.3462776235171725,0.3410721548965997,-0.09283279350825714,0.9997620582580566,0.3414054053170339,0.33134608864784226,-0.08209221320492877,0.9994298815727234,0.34047171388353603,0.3316957908017293,-0.08225218164069309,0.9993721842765808,0.33947556529726286,0.33209070478166836,-0.08222103331770211,0.9995585083961487,0.3407303980418612,0.3313819161483218,-0.1025906315871647,0.9997239112854004,0.339333094869341,0.33184862903186235,-0.10274764086518964,0.9998080730438232,0.3377333666597092,0.3324184085641587,-0.10281988871949055,0.9998487234115601,0.3311802208423613,0.33970368930271677,-0.02966776293303284,0.9996914863586426,0.32959741694586603,0.3408886713641029,-0.12263021192380355,0.9997255206108093,0.3455887845584322,0.3538552888802118,-0.07106497330324987,0.9998122453689575,0.3443606827940258,0.35474374805177944,-0.09894926909889488,0.9998732805252075,0.3486067158835273,0.41212836674281506,0.0436353697308472,0.9999797344207764,0.3228734919003077,0.41720306788172024,-0.1661073467561176,0.9999940991401672,0.3650222361087797,0.48522689597947233,0.09458357180867871,0.5234963297843933,0.32992570229939033,0.5147371036665778,-0.21396519328866676,0.9991477131843567,0.3865626377718787,0.5529650075095038,0.06787191501685548,0.6684734225273132,0.34394753575325,0.5915761572974065,-0.24400926487786417,0.9990274906158447,0.39185330186571377,0.5725065214293341,0.06733755831207544,0.6619455814361572,0.3444966035229817,0.6153807503836493,-0.2751067646912164,0.9974984526634216,0.3919633720602306,0.5741140621049061,0.040293792688420815,0.688431978225708,0.3506540749754223,0.6135178174291336,-0.2761020915848867,0.9973012804985046,0.38914154767990095,0.5686498165130613,0.05603358106953755,0.6702388525009155,0.3514294556209018,0.6049329587391441,-0.24598364489419108,0.9922192096710205,0.35184261373111164,0.5818849733897615,0.06797762023551121,0.9999896883964539,0.3291981424604142,0.5851826105798992,-0.0679680404918534,0.9999935626983643,0.36736175332750576,0.6773453082357132,0.12911702096462244,0.6356258988380432,0.3251847394875116,0.6992992843900405,-0.013714340395693261,0.989853024482727,0.378838367973055,0.791858066831316,0.20252265461853564,0.948627769947052,0.31953547086034484,0.8065993394170484,0.03701611704060008,0.9946994185447693,0.3730081856250761,0.8175379804202485,0.2049603385584694,0.9083252549171448,0.31283111742564595,0.8293039424078802,0.038425989874771645,0.9429469108581543,0.4100044599601198,0.8151308791978014,0.14709719589778347,0.9660440683364868,0.34567311065537576,0.8348766718591959,-0.03291270940431525,0.9888888597488403
60,0.34551031759807027,0.3403434617178779,-0.08989399075508114,0.999775767326355,0.340638323341097,0.3309153224740708,-0.07913176779236109,0.9994580745697021,0.3397235861846377,0.33128134693418215,-0.07929074253354751,0.9994006752967834,0.33873717103685635,0.3317063621112277,-0.07926023900508877,0.9995801448822021,0.33999223538807444,0.3309814231736318,-0.09937521581138879,0.9997389912605286,0.33863400135721466,0.33147505096026814,-0.09953322282859253,0.9998181462287903,0.33705692717007213,0.33209369863782595,-0.09960593985659731,0.9998564720153809,0.33051026378359094,0.33948251775332844,-0.026856848703963404,0.9997085928916931,0.32895169002669183,0.34073149817330484,-0.11866587932620724,0.9997389316558838,0.34496662446430737,0.3532340926783424,-0.06823036138500482,0.9998242855072021,0.3437568707125526,0.35412237644195543,-0.0957835027149745,0.9998806715011597,0.3488373254026684,0.41167229669434663,0.0455673531762191,0.9999805092811584,0.3226587721279688,0.41679825186729413,-0.16151325872966216,0.9999943375587463,0.3662966455732071,0.484065246582031,0.09546730071306223,0.5346415638923645,0.3290304056235721,0.5145925998687741,-0.2098306962421961,0.9991929531097412,0.3877034204346791,0.5502195511545451,0.0675933616501944,0.6840912103652954,0.341810551711491,0.5916757055691307,-0.24243170789309898,0.9990723133087158,0.39323163884026646,0.5696504916463576,0.06681088720049173,0.675308108329773,0.3419603364808217,0.6152393170765464,-0.2734578226293835,0.9976083040237427,0.39343231320381145,0.5710140228271482,0.039822654000350385,0.7019675374031067,0.3481087633541651,0.6133670057569229,-0.27479623896735045,0.9974262714385986,0.3905075686318532,0.5655611344746179,0.055754295310803795,0.684131383895874,0.3492582704339707,0.6047972525869094,-0.24458552811826967,0.9925830364227295,0.35292999233518313,0.5817314471517288,0.06710561045578545,0.9999892711639404,0.32987671579633426,0.5853311181068418,-0.06709922658545628,0.9999933242797852,0.36777566501072456,0.6773041214261732,0.12513277232646935,0.6292458176612854,0.32559820498738956,0.6985110487256727,-0.01919139711119766,0.9896274209022522,0.37895471709115147,0.7917303783552982,0.19712545275688165,0.9446782469749451,0.31964647088732023,0.8065554584775649,0.03115281409450938,0.9944971203804016,0.3729119930948528,0.8177455442292346,0.19935253517968304,0.9030435085296631,0.3131999041352952,0.8294031824384414,0.03253390161054473,0.9402720332145691,0.40927383814539203,0.8149538499968388,0.14002052545547478,0.9640729427337646,0.345884209871292,0.8348647117614743,-0.040001217282510215,0.9886394739151001
61,0.34507967318807314,0.339904852424349,-0.09185679022754936,0.9997872710227966,0.3401820378644124,0.3306065176214489,-0.08139394479138506,0.9994811415672302,0.3392619916370935,0.3309630513191222,-0.08155611923762726,0.9994236826896667,0.33828063522066376,0.3313915721007754,-0.08152597099542613,0.9995984435081482,0.33955922722816456,0.3306960489068711,-0.10169012035642346,0.9997513294219971,0.3381775030067987,0.33118362341608304,-0.10184764989784781,0.9998260736465454,0.3365782933575765,0.33182333537510444,-0.10192231110164092,0.9998626708984375,0.3299847653933932,0.33927059343882954,-0.029776482230850616,0.9997239112854004,0.32840951851436057,0.340574949128287,-0.12187206809009819,0.9997497797012329,0.34459650346211007,0.35275486111640914,-0.07035503642899646,0.9998354315757751,0.34334200109754276,0.3536545923777987,-0.09797910835061749,0.9998874068260193,0.3490260771342685,0.4109955906867979,0.0430489519877093,0.9999812245368958,0.3223023593425749,0.41643239685467287,-0.1636470845767429,0.9999944567680359,0.3680714564664021,0.48245720607893783,0.09408333642142155,0.5460296869277954,0.32768052135195036,0.5142345155988418,-0.20978605364050174,0.999232292175293,0.3900690427848269,0.5472296135766164,0.06693322647895128,0.7010560035705566,0.3404305032321383,0.5921531149319237,-0.24090091373239236,0.9991165399551392,0.39593646611486144,0.5661276919501166,0.06630723455122536,0.6905912160873413,0.3405305777277264,0.6152402400970456,-0.2714978950364248,0.9977186322212219,0.3960152515343256,0.567412551811763,0.03939788565039633,0.717058539390564,0.347081388745989,0.6134038329124447,-0.2731412768363951,0.9975506663322449,0.3928756041186195,0.5619368382862633,0.055161204508372697,0.6996335387229919,0.34833094733101966,0.6051614471844262,-0.24311451017856586,0.9929534196853638,0.35389660681997015,0.5817342468670433,0.06662981084414887,0.9999887347221375,0.33074843798364895,0.5858195747647964,-0.06662579966442922,0.9999929666519165,0.36872088653700674,0.6777356352124893,0.13006002051489687,0.6221412420272827,0.3261239647865294,0.6982074975967404,-0.012671671262277018,0.9890822768211365,0.37911276391574295,0.7915161558559959,0.21026750675269526,0.9403244853019714,0.3198996790817804,0.8065835373742235,0.04656858390995432,0.994186520576477,0.37274261968476413,0.817879109723227,0.21345129566533214,0.8965116739273071,0.3135966897010802,0.8294771654265264,0.048913248521941025,0.9365834593772888,0.4087830560547963,0.8147668940680364,0.15555629134178156,0.9618033766746521,0.34611590589795777,0.8351919327463418,-0.022550928938601687,0.9881889224052429
62,0.34455880096980485,0.3396402759211402,-0.09545271503073824,0.9997985363006592,0.33963068468230095,0.3304539425032478,-0.08522222361394333,0.9995052814483643,0.33870526041303345,0.33082910009792854,-0.08538681013243535,0.999447226524353,0.33771885122571654,0.3312730125018527,-0.08535675576754975,0.999617338180542,0.33900858674730555,0.33055267163685376,-0.10553018259150636,0.9997641444206238,0.33761208568300505,0.331074194397245,-0.10568746392215995,0.9998342990875244,0.33599412270954665,0.33174981730324865,-0.10576283463409963,0.9998694062232971,0.32940391131809765,0.33923411624772193,-0.033637509495019896,0.9997387528419495,0.32776896953582746,0.34055604594094396,-0.12577881280864983,0.9997612833976746,0.34408602799688054,0.3524191541331153,-0.07393031993082588,0.9998462200164795,0.3428114184311456,0.35334806697709203,-0.10156819224357601,0.9998941421508789,0.34914709840502045,0.4098539003304071,0.04011109737413268,0.9999819993972778,0.32160351787294644,0.41619538324219824,-0.16602723257882246,0.9999946355819702,0.37034108894211887,0.4795767843723295,0.09203213517154961,0.5505355000495911,0.3253995554787771,0.5132698433739795,-0.21018285495894284,0.9992606043815613,0.39340888432094007,0.542672903197152,0.06511414966412951,0.7124990820884705,0.3385971052306037,0.5925973279135565,-0.23950842193194785,0.9991431832313538,0.3996652032647812,0.5612220168113706,0.06387261705739154,0.7002115845680237,0.33873947007315486,0.6153611660003659,-0.27005593691553376,0.9977812767028809,0.399532959290913,0.5624824796404155,0.03685175670044761,0.7269126772880554,0.34578468714441557,0.6135231545993258,-0.2730670383998325,0.9976232051849365,0.3963929508413585,0.5568552766527446,0.05314081268651143,0.7098082304000854,0.34703853385789035,0.6056476967675342,-0.2424479292971746,0.9931821227073669,0.35502043962478624,0.5816478337560378,0.0663434633186885,0.9999886155128479,0.33168683903557894,0.5862801160131179,-0.06634150828633986,0.9999929070472717,0.3702631047793795,0.6794046980994086,0.13421672859362188,0.6095520257949829,0.32691367949758243,0.6981821673257007,-0.004063693387433884,0.9882908463478088,0.37920973896980265,0.7913368344306941,0.22146969948496126,0.9331889748573303,0.32021722708429595,0.8067266191755018,0.06047290882893969,0.9937863945960999,0.372612405674798,0.8178122299058093,0.22551675438880908,0.8869019150733948,0.3139955103397368,0.8297758732523233,0.06336198715226989,0.9317420721054077,0.4087824932166506,0.814697410379137,0.16931558506829392,0.9579773545265198,0.34659346682684744,0.8358072553362161,-0.00793913373989718,0.9875037670135498
63,0.34421492559569206,0.3398032665252684,-0.09563735170023777,0.9998112916946411,0.3393728222165787,0.33057071992329173,-0.08523616705621988,0.9995326995849609,0.33844925165176376,0.33091300725936873,-0.08539847305842804,0.9994754791259766,0.3374509947640554,0.3313184976577757,-0.08536929552044183,0.9996383190155029,0.3387192513261521,0.3306928941181726,-0.10559547713824675,0.9997785687446594,0.3372743189334868,0.33119267480713965,-0.10575396695307318,0.9998440742492676,0.33554789849690014,0.33184344768524154,-0.10582757890224452,0.9998772144317627,0.32897171974182116,0.3392295428684778,-0.03250608007822717,0.9997546076774597,0.32702725018773743,0.3406004675797052,-0.12485373275620591,0.9997751712799072,0.34367618049894044,0.3524154228823524,-0.07369351983070371,0.9998575448989868,0.3423595624310628,0.3533835896423883,-0.10139573578323632,0.9999016523361206,0.3493802309036253,0.40839770862034375,0.041536135865109285,0.9999829530715942,0.32069912723132526,0.4160711322511943,-0.16363366842269889,0.9999948740005493,0.3725848308631351,0.4759764858654565,0.09288161524704519,0.5609755516052246,0.32323300072125016,0.5116359284945895,-0.20646783368928082,0.9992855191230774,0.39676390630858266,0.5369877355439319,0.06366048614893638,0.7258158922195435,0.33627888134547623,0.5928785204887387,-0.23688912987709035,0.9991671442985535,0.40316980481147746,0.5550163303102763,0.0617225423455238,0.7115989327430725,0.3361051499843596,0.6154849273817877,-0.2676382166998726,0.9978369474411011,0.4030597499438692,0.5557970132146561,0.03442766762205531,0.7382863759994507,0.3434635962758744,0.6136708174433024,-0.2715867229870386,0.9976887702941895,0.4000702074595858,0.550130384308951,0.051483759816203775,0.7214967608451843,0.34481323531695757,0.606049869741712,-0.240284547635487,0.993374228477478,0.3560869625636508,0.581451400688716,0.06615160586578503,0.9999884963035583,0.3327249186379567,0.5864608049392698,-0.06615017695086339,0.999992847442627,0.37205308079719523,0.6824053474834985,0.13191256714718677,0.6010767817497253,0.3279724521296363,0.6982772793088637,-0.0025398594593363123,0.987322211265564,0.37934173941612226,0.7913904173033574,0.22096200244767314,0.9262087345123291,0.3204845419951846,0.8066618033817832,0.0651993561003889,0.9931724071502686,0.37259356549807937,0.8177029064723419,0.22521609365940082,0.8767752647399902,0.3143901629107338,0.8294101170131134,0.06822835771100859,0.9247055053710938,0.4087849906512667,0.8147353921617776,0.1685516131775719,0.9540984034538269,0.34708232794489163,0.8363499385969975,-0.004031732492148872,0.9864160418510437
64,0.34382653747286096,0.339858613695417,-0.0935026686106409,0.9998232126235962,0.33909030812127233,0.3306562525885444,-0.08256586194038387,0.9995577931404114,0.33818197931562133,0.33098538007054995,-0.08272230454853599,0.999501645565033,0.3371745731149399,0.3313846009118215,-0.08269403108528678,0.9996575713157654,0.33842859949384396,0.33079813463347285,-0.10261063299008773,0.9997916221618652,0.33695964132036466,0.331273123196193,-0.10277038174016132,0.9998528957366943,0.33512813278606945,0.3319121931280407,-0.10284301872764309,0.9998842477798462,0.32852432812963195,0.3392549318926673,-0.027889474481344212,0.9997686147689819,0.326360374689102,0.3406764967100959,-0.11866108540977746,0.9997873306274414,0.3432755223342349,0.35245507104056206,-0.07092406877449578,0.9998674988746643,0.3419848075934817,0.35342246464320576,-0.09819432837622502,0.9999081492424011,0.349645411968231,0.4068499462945119,0.04516815468668935,0.9999837875366211,0.3199610378061021,0.41603516169956734,-0.15526733270713253,0.9999950528144836,0.3743867976324897,0.4731657224042073,0.09404479946408949,0.5761638283729553,0.3222121698515754,0.5098680104528153,-0.19774296283721915,0.9993025660514832,0.39880676780428187,0.5324851121221268,0.0607523689312594,0.7436050772666931,0.334668274436678,0.5927676882062637,-0.2328578851052692,0.9991954565048218,0.40532988139561227,0.5498485377856661,0.05790732896753717,0.7283793687820435,0.334029984474182,0.6154846889632086,-0.263770226069859,0.9979055523872375,0.40552919336727666,0.5501473460878642,0.030558251536318217,0.7543268799781799,0.3414295647825512,0.6137353880064824,-0.268189467702593,0.9977687001228333,0.40261988043785074,0.5446469885962348,0.04846751796347752,0.7380913496017456,0.34303467103413154,0.6060011403901233,-0.23646195190293437,0.9936259388923645,0.35690248267991187,0.5807993735585891,0.06463983814631186,0.9999876022338867,0.33356414863041456,0.5863151362964083,-0.06464371138385361,0.9999921321868896,0.37587302582604526,0.6842749868120462,0.12005904125315797,0.5914261341094971,0.32639987979616425,0.6991071939468381,-0.008959875342303083,0.985392689704895,0.38433655926159427,0.7908932140895295,0.20412251012665875,0.9141214489936829,0.3163642891815729,0.8069542935916352,0.05883249136885359,0.9915202260017395,0.37738717964717305,0.8173131534031455,0.20772284822804576,0.8592694997787476,0.3102441830294471,0.8290491325514653,0.0617791370488703,0.9119937419891357,0.4133206265313283,0.8144849811281473,0.1472259293709482,0.9467064142227173,0.344923333610807,0.8366103683199198,-0.012089174719793448,0.9836881756782532
65,0.3432406059333255,0.33998818823269417,-0.08759388753346031,0.9998300075531006,0.33859918713569626,0.33103993364742806,-0.07649668157100672,0.9995647072792053,0.3377413136618476,0.33137778469494394,-0.076640134198325,0.9995043873786926,0.3367788544722964,0.3317883602210452,-0.07661454485995425,0.999661386013031,0.33788022739546625,0.3312382851328167,-0.09626192152500149,0.9997978210449219,0.3363789379596709,0.33174104435103263,-0.09642359614372248,0.99985671043396,0.334477491038186,0.33241270780563337,-0.09649655606065473,0.9998877048492432,0.3280978892530712,0.3394817607743398,-0.021927591253604196,0.9997715950012207,0.3256336016314369,0.3410625483308518,-0.11124557150261737,0.9997926354408264,0.342753733055932,0.35244457466261714,-0.06497114268796782,0.9998731017112732,0.3414874732494353,0.3534471622535159,-0.09182456646646768,0.9999118447303772,0.3498325407505034,0.4054458541529517,0.050290926226547766,0.9999839663505554,0.3194437026977538,0.41597512534686476,-0.1473939039877482,0.9999950528144836,0.37580352170126763,0.47054156320435636,0.0953908292310578,0.5844971537590027,0.32198610986982057,0.5082765647343224,-0.1906755302633557,0.9992935061454773,0.4006448847906928,0.5286426067352292,0.05864605126636366,0.75495445728302,0.3333403681005749,0.5924764837537491,-0.22842958441802422,0.9991979002952576,0.4073098182678221,0.5457249913896831,0.055611734624419866,0.7377973794937134,0.33281241995947686,0.6154391901833667,-0.2586530302252087,0.9979029893875122,0.40770910041672825,0.5457485982349938,0.028584836157304887,0.7637588381767273,0.3401083724839345,0.61388189962932,-0.26268794110843097,0.997775673866272,0.4046277982848029,0.5402005297797063,0.04642380656940594,0.7477541565895081,0.34162536263465865,0.6060269474983213,-0.23166899510792313,0.9936870336532593,0.35708859903471796,0.5797050424984521,0.06294204805578502,0.9999861717224121,0.335590225458145,0.5858477847916737,-0.0629537407841001,0.9999911189079285,0.36585325513567224,0.6871585045542032,0.10261135846376415,0.5815215110778809,0.3400686349187577,0.6956676602363583,-0.026850030025733353,0.9828240871429443,0.36546011822564245,0.7943350127765108,0.17300282291003627,0.9027072787284851,0.33520318950925543,0.8037209170205248,0.03525392760057001,0.9897378087043762,0.356828497137342,0.8197560344423563,0.17527228976999004,0.8402152061462402,0.32933434077671586,0.8264232584408348,0.03774563719385435,0.8982393145561218,0.39220514893531777,0.815934096063886,0.11533617717879154,0.9386804699897766,0.35451149429593753,0.8357462508337834,-0.03219044243118591,0.9806590676307678
66,0.3426812197480882,0.34030956455639416,-0.08307342571871618,0.9998383522033691,0.33803853733198963,0.331896845783506,-0.07193966241819515,0.9995781183242798,0.3372403749397821,0.33228047490119916,-0.07206985865320474,0.999517560005188,0.3363683104515074,0.3327116864068166,-0.07204456478357311,0.9996731281280518,0.3372210689953394,0.3321085010256084,-0.09162439618791848,0.9998070597648621,0.3356850607054573,0.3327014224869863,-0.09178884838308604,0.9998629689216614,0.333767110960824,0.3334416500159671,-0.09186352725539884,0.9998930096626282,0.3277779511043002,0.34007247941834573,-0.01710672982569251,0.9997790455818176,0.32494105611528656,0.3418809098856788,-0.10596242568322586,0.9998021721839905,0.3422314013753617,0.3525693620954239,-0.060220620248998886,0.9998787641525269,0.3409323147365024,0.35369084477424606,-0.08693793096712653,0.9999152421951294,0.3498761560235703,0.40391165358679615,0.055522810561316326,0.9999834895133972,0.31868475845881855,0.4160580899034225,-0.14189011156558984,0.9999948143959045,0.3773038421358379,0.4665025847298756,0.09724795988627838,0.5945233106613159,0.32115157587187615,0.5072984763554163,-0.1888568231037684,0.9992321729660034,0.4029918142727441,0.522450016226087,0.05678897627762383,0.7659336924552917,0.3309307796614509,0.5921111328261236,-0.22920182389872404,0.9991535544395447,0.4100724773747578,0.5392851965767994,0.0532920925744942,0.7472676634788513,0.3311391890048979,0.6152442608560831,-0.2593752120222363,0.9978054761886597,0.4105832661901199,0.5396030272756301,0.026513067952224172,0.7733516693115234,0.33789900200707557,0.6138880746705189,-0.2630123819623673,0.9976829290390015,0.40729202798434644,0.5341205511774333,0.04442987442016599,0.7583080530166626,0.3389074930122919,0.6057481680597575,-0.23224115073680868,0.9935317039489746,0.35709405626569457,0.5785520723887849,0.0616481474467686,0.9999844431877136,0.3373062304088046,0.5853066308157782,-0.06166681913392882,0.999989926815033,0.3556303731032779,0.6887695738247459,0.08656929773943761,0.5616159439086914,0.35158907004765083,0.6932888507843014,-0.04499879633741717,0.9777639508247375,0.3373405916350227,0.8002569743565147,0.1501010698931557,0.8821085691452026,0.3503193148544855,0.8070359962327136,0.009619335038587445,0.9855079054832458,0.3389427023274556,0.8242013471467151,0.15183647317545745,0.8184663653373718,0.3452637536185127,0.8304462313652035,0.011481048605803925,0.8843740820884705,0.36595067381858803,0.8180207593100408,0.09314020765679218,0.926249623298645,0.3632891178131102,0.8354007550648277,-0.057314853290362,0.9747952818870544
67,0.3421216223921093,0.34073970999036496,-0.07725377657583778,0.9998494386672974,0.3375543185642786,0.3329332896641321,-0.06635264158248898,0.9996024370193481,0.3368340696607316,0.33337297013827716,-0.0664796927145549,0.9995433688163757,0.3360800283295766,0.33382326875414153,-0.06645733586379457,0.9996916055679321,0.33655791197504303,0.33309710196086323,-0.08637111591441286,0.9998202919960022,0.3349494389125277,0.33377258181571945,-0.08653623632022309,0.9998723268508911,0.33300530655043453,0.33458168676921285,-0.0866078457662037,0.9999004602432251,0.3275533029011316,0.34085893801280415,-0.012622754382235656,0.9997913241386414,0.32413271835872093,0.3429069927760532,-0.10296305865049357,0.9998158812522888,0.34168484381266984,0.3528640925884245,-0.0546730887676988,0.9998869299888611,0.3402849495410918,0.3541007884911127,-0.08181170672178265,0.9999208450317383,0.3499212392738886,0.4025710667882645,0.05974507044468605,0.9999836087226868,0.3177560056958878,0.41646499037742596,-0.13970767046724042,0.9999948740005493,0.3793273031711577,0.461479535273143,0.0996999921543257,0.6085090041160583,0.3200555792876651,0.506598741667611,-0.1908883239541734,0.9992086291313171,0.40606876952307547,0.5135739360536845,0.056731705474002,0.7781991362571716,0.3276709897177559,0.5911816988672526,-0.23444012573787135,0.9991425275802612,0.4137462283883774,0.5296280741691586,0.05332125925592011,0.7583269476890564,0.32797841514859866,0.6143214685576299,-0.26441834313528867,0.9977895617485046,0.4143788048199243,0.5300430944987703,0.026687263537730477,0.7841747403144836,0.334093746117183,0.6132856420108247,-0.2682984377656663,0.9976731538772583,0.4110416276114326,0.5251610347202844,0.044327709610973064,0.7700800895690918,0.3348286024161746,0.6049994468688962,-0.23763394313199165,0.9935680031776428,0.3551536287580216,0.5780789205006187,0.06139896107571463,0.9999839663505554,0.33935875126293713,0.5849826318877082,-0.06142117221440585,0.9999896883964539,0.34079252140862587,0.6929320624896456,0.08262811877897804,0.5597084760665894,0.36472508481570637,0.6880729556083676,-0.0571248480251857,0.9758495688438416,0.31242814830371296,0.8065726161003108,0.13800395556858602,0.8700140118598938,0.3706392867224555,0.8075141719409393,-0.006751317870137946,0.9837048649787903,0.31748489056314727,0.829317428384508,0.13902419379779263,0.8039839863777161,0.3655800265925269,0.8312403287206374,-0.005112436476961843,0.8760254979133606,0.3445094764232634,0.82407887833459,0.08413466236421036,0.9196829795837402,0.3778605018343243,0.8326573644365579,-0.06921170087797299,0.9723820090293884
68,0.34133503522191716,0.34087647455079195,-0.07620749005249565,0.9998612403869629,0.3366232880524225,0.333482595852443,-0.06498330597366603,0.9996321797370911,0.3359936322484696,0.3339603594371249,-0.06511656226856365,0.9995778203010559,0.33533811143466385,0.3344330736568994,-0.06509428428752079,0.9997157454490662,0.33551126803670595,0.33355963059834054,-0.08495778185980657,0.9998342990875244,0.3339250283581868,0.3342620236533027,-0.08512069710663384,0.999882161617279,0.3320562635149273,0.3351036054747444,-0.08518600676740914,0.999907910823822,0.3269806350980485,0.3414798625877924,-0.009941763470747636,0.9998083710670471,0.3233349408422196,0.3436781840664998,-0.09994139628750931,0.9998295307159424,0.3410087977136883,0.3530550650187899,-0.053381749136107284,0.9998958706855774,0.33957934209278634,0.35429319313594254,-0.08048348959003172,0.9999264478683472,0.34999012265886564,0.4011256217956541,0.06031935055341037,0.9999845027923584,0.3167951072965348,0.4171148061752317,-0.13493336353983193,0.9999947547912598,0.38149500063487446,0.4558769438947948,0.09979333984000338,0.6286493539810181,0.3187137459005627,0.5059804899351935,-0.18948501263345982,0.999076247215271,0.40919898322650344,0.504227006435394,0.05502184416566573,0.7929043173789978,0.3244374522141046,0.5900572844914025,-0.23899171011788495,0.9990031123161316,0.4175886588437214,0.5189842854227337,0.051229153041328676,0.7726877927780151,0.3238816252776553,0.6129815850939067,-0.26922081283160604,0.9975458979606628,0.41820694633892586,0.5195517914635792,0.02456113802535192,0.7977019548416138,0.3299218101160865,0.6123670697212217,-0.27403519664491915,0.997432291507721,0.4148195360388073,0.5157254219055173,0.04252050146460531,0.7846829891204834,0.3309211398874009,0.6042357649121963,-0.24282849729061115,0.9931094646453857,0.35353937489645804,0.57792911359242,0.060449837573936974,0.9999842047691345,0.3397514096328189,0.584927816050393,-0.060476770677736796,0.9999895095825195,0.34984606589589784,0.6929149065698893,0.07829537412949966,0.5594375133514404,0.3646360891205922,0.6885982206889558,-0.05407739494528086,0.9732686877250671,0.3368243174893514,0.8057548063141955,0.13596086416925696,0.8659988045692444,0.3528776534966058,0.8086178319794787,-0.004656437378642812,0.9816263914108276,0.3386319833142415,0.828712929998125,0.1371508768626621,0.801418662071228,0.34569117682320716,0.8325315424374168,-0.0033044472735907333,0.8731388449668884,0.3514378734997339,0.8297475508281158,0.07937533025230677,0.9182432889938354,0.3732110645089829,0.8321361967495505,-0.0707889805947031,0.9701786041259766
69,0.34057320186070017,0.3406246295997073,-0.07416546813079286,0.9998737573623657,0.3355339382375988,0.3335569773401531,-0.06282110959291455,0.9996643662452698,0.3349402376583643,0.33406015208789264,-0.06295874097517555,0.9996146559715271,0.3343089265482765,0.33458453672272803,-0.06293724839176448,0.9997406601905823,0.334445867368153,0.33360135725566303,-0.08289690038987564,0.9998490214347839,0.33296080231666547,0.33431403636932355,-0.08305832764932083,0.9998925924301147,0.3312343410083224,0.33519146783011283,-0.08312001228332516,0.9999159574508667,0.3262533426284788,0.34199709892272934,-0.007913142602358543,0.9998252987861633,0.3228655576705931,0.34415991732052376,-0.09838542022875373,0.9998440742492676,0.34037044048309306,0.35300312212535295,-0.05153581212673866,0.9999052286148071,0.3390140908105031,0.35413472993033257,-0.07880853733846116,0.9999328851699829,0.35001419271741574,0.4001474048410141,0.06099763246519222,0.9999856352806091,0.31633812018803176,0.4176657029560632,-0.13376254013606473,0.9999949932098389,0.3827654761927467,0.4515474966594149,0.10267810608659467,0.6559560298919678,0.3177838700158254,0.50546760729381,-0.1905905353171484,0.9990871548652649,0.41149154135159066,0.49721848283495196,0.05980198330112863,0.8107484579086304,0.3219904984746659,0.5878360646111621,-0.24834350517817896,0.9989907145500183,0.4202725384916576,0.5112995198794772,0.05655053013137406,0.7909526824951172,0.32014709540775826,0.6109944173267907,-0.2795788875647952,0.9975130558013916,0.4208060026168821,0.5119371303490228,0.029049007541366974,0.8143503069877625,0.3267066121101378,0.6104486942291257,-0.28477064626557475,0.9974094033241272,0.4173317832606177,0.5089266930307659,0.0468674943915435,0.8023395538330078,0.32836620552199214,0.6026539802551266,-0.25261955772127415,0.9931347370147705,0.35189418622425606,0.577966293266841,0.05999154895544049,0.9999844431877136,0.3398492089339663,0.5848998291151861,-0.06001825353928972,0.9999894499778748,0.3488222760813575,0.6946885977472574,0.07961899255003244,0.5719574093818665,0.3663832843303678,0.6905083707400728,-0.05385883216347011,0.9730618596076965,0.345544511079788,0.8050269058772492,0.13556282051971974,0.8614543080329895,0.35566900202206186,0.8019559826169691,-0.005428020024139965,0.9810992479324341,0.3368943563529422,0.8283339364188054,0.13644202713455467,0.7931913733482361,0.3477471045085361,0.8266792161124089,-0.00421833762832518,0.8681300282478333,0.35053923555782845,0.8344994170325138,0.07794531243188037,0.9166762828826904,0.3748938330582208,0.8307869911193844,-0.07035914425339014,0.9696973562240601
70,0.34008288468633363,0.3403514283043996,-0.0709960056202752,0.9998847842216492,0.3346660988671437,0.3335063653332845,-0.059635046869516345,0.9996932744979858,0.33404144900185706,0.334015712567738,-0.059777156050716096,0.9996480941772461,0.3333728330475942,0.3345945332731518,-0.059756937835897694,0.9997634887695312,0.33367732167243946,0.3335573034627095,-0.07990369562591822,0.9998621940612793,0.33228335295404693,0.33426945720400114,-0.08006776145526337,0.9999018907546997,0.33067605921200327,0.3351790666580199,-0.08012875648481502,0.9999231100082397,0.32553466558456406,0.34245356832231777,-0.005062740628740616,0.999841034412384,0.3225602303232464,0.34450798375265923,-0.09636315596955158,0.9998571872711182,0.33984771966934185,0.35290772233690515,-0.04845464176365305,0.9999136328697205,0.33859961884362344,0.3539741226605005,-0.07596293836832044,0.9999384880065918,0.35001623630523665,0.39923288311277094,0.06354967430233951,0.9999865889549255,0.31602141601698724,0.41863534109933015,-0.1320284690175737,0.9999950528144836,0.383393598454339,0.44725288322993667,0.10597845550094326,0.6803991198539734,0.3169746679919105,0.5053208470344541,-0.18925667830875934,0.999021053314209,0.41364488175937086,0.4904276209218159,0.06598701934729301,0.8273299932479858,0.31980261802673327,0.58644745349884,-0.25132964381149825,0.9989284873008728,0.4224334912640706,0.5037426480225152,0.06397436048303329,0.8083428740501404,0.317889208453042,0.6098663432257513,-0.28210364495004914,0.9974178671836853,0.4229661507265906,0.5043313273361749,0.035705149014081256,0.8301230072975159,0.32462681872504084,0.6091044749532424,-0.2880063806261334,0.9973168969154358,0.4194698555128913,0.5014860774789536,0.05336108079978396,0.8191609382629395,0.32636163405009666,0.6014325754983082,-0.25604996127741664,0.9930136799812317,0.3507965556212832,0.5782954198973517,0.05983251854777333,0.999984622001648,0.3393883517810275,0.5849220190729411,-0.05985940396785733,0.9999891519546509,0.3459824519498006,0.6950243541172569,0.07909660296780718,0.5776705741882324,0.3629510121686116,0.6954552684511454,-0.04944848918489045,0.9716194272041321,0.3390759042331149,0.8063308783939903,0.13144826931612824,0.8583266139030457,0.360398083925247,0.7996954849788117,0.0008039909547993117,0.979470431804657,0.33157533236912307,0.8299768277576989,0.1319813110998698,0.7907188534736633,0.3537476199013845,0.8237465228353223,0.0021247469687036102,0.8669227957725525,0.350341030529567,0.8364358322960986,0.07385288327932354,0.9161498546600342,0.38227571759905116,0.8278317911284307,-0.07019297203847337,0.968159019947052
71,0.33954083068030205,0.34022180523191164,-0.061105503461190605,0.9998935461044312,0.3340662717819212,0.3334993984018052,-0.049774285299437365,0.9997165203094482,0.33335724728448035,0.3340299316814966,-0.04991474556071415,0.9996756315231323,0.33260847926139814,0.33465095417840124,-0.04989609399012154,0.999782383441925,0.33313994663102264,0.3335473162787299,-0.07021294938666477,0.9998726844787598,0.3317530385085513,0.3342693703515187,-0.07038357896464209,0.9999093413352966,0.3301812393324714,0.3352062949112482,-0.07044893779924934,0.9999286532402039,0.32488755243165135,0.34281975201198017,0.003629734313913753,0.9998544454574585,0.32211471370288286,0.34485973971230627,-0.08863685194935114,0.99986732006073,0.3391966760158537,0.35292634878839746,-0.0388642798577036,0.9999203681945801,0.3380199066230227,0.35396605474608267,-0.06658320277929303,0.9999425411224365,0.3500154026917047,0.3983409115246362,0.0710228513394083,0.9999872446060181,0.31570733104433313,0.42005000965935824,-0.12604102109159737,0.9999948143959045,0.3848573224885121,0.44162028942789333,0.11240346665893278,0.7021374106407166,0.31593399388449517,0.5053987145423886,-0.1852870000260216,0.9988797307014465,0.4166126864297047,0.48140216810362657,0.07088357114366119,0.8411692976951599,0.3164274070944103,0.5846841062818252,-0.24951014348438796,0.9987601041793823,0.42540275284222173,0.49273649198668323,0.06961652998413356,0.8224420547485352,0.3149778280939373,0.6084090249879017,-0.27848023091043733,0.9971299767494202,0.4258702593190327,0.49311397927147976,0.040939424080508074,0.8430285453796387,0.3209724605083464,0.6075077346393037,-0.28527525833674827,0.9970270991325378,0.42225370492253966,0.4907311558723447,0.05834452286362645,0.8331328630447388,0.32275664891515443,0.5999146137918742,-0.2547269327299934,0.9925625920295715,0.35054969446999673,0.57842948777335,0.059999279039246664,0.9999852180480957,0.3396885727133068,0.5848830989428926,-0.060027675543512585,0.9999891519546509,0.33140283993312275,0.7060563547270635,0.07670113529477797,0.5976493954658508,0.36404534152575885,0.6956628697259082,-0.055688071144478636,0.9697855114936829,0.3127702491624013,0.8114668675831382,0.12051342342581062,0.863584578037262,0.38586639421326757,0.7945885198456897,0.00183869259365435,0.9788120985031128,0.3046549439430235,0.8351678763117105,0.12005783936807082,0.7983530759811401,0.38070456641060946,0.8185249447822567,0.0041865263832733006,0.8697637915611267,0.34194365654672876,0.8403214114052905,0.061440736481121576,0.9195172786712646,0.3999273598194121,0.8222406761986866,-0.06743992013590674,0.9675283432006836
72,0.3386145200048173,0.3400977236883979,-0.058602156809398086,0.9999023675918579,0.3332730267729076,0.3334217020443506,-0.04688032961317469,0.9997391700744629,0.33255165304456424,0.3339805730751581,-0.0470236539840698,0.9997021555900574,0.3317902931145258,0.334608939715794,-0.04700361735054422,0.9998002052307129,0.33230736511094217,0.3334694172654832,-0.06673001444765497,0.9998831748962402,0.330912821633475,0.3342290239674703,-0.06690411078078404,0.9999168515205383,0.32935323119163495,0.33518271616526996,-0.06697207497698918,0.9999343752861023,0.32418040718351077,0.3429454249995094,0.008411559475851905,0.9998668432235718,0.32133278420993244,0.34519121476582104,-0.0810056558677128,0.9998781085014343,0.3383312344551085,0.35287067038672293,-0.03592158731605324,0.9999271035194397,0.3371277579239435,0.3538882545062472,-0.06291267627051896,0.9999470710754395,0.35010384661810723,0.3972643435001372,0.07407238334417339,0.9999879598617554,0.3150552119527543,0.4215754841055187,-0.11622718317168093,0.9999946355819702,0.3866371239934647,0.4342410317489077,0.1152606268014226,0.7288432717323303,0.3140637082712989,0.5053935902459279,-0.17970603874751492,0.9988442063331604,0.4200784334114618,0.46844053268432595,0.0715947655694825,0.8563024401664734,0.31220555050032467,0.5830982344491138,-0.24920937248638686,0.9987305998802185,0.42922006504876253,0.47734750679561044,0.06964632102421349,0.8388645052909851,0.3114394153867448,0.6068440028599328,-0.27820729613304124,0.9970934391021729,0.42948165025029844,0.47743802751813597,0.041062295543295976,0.8576762080192566,0.3163954726287296,0.6062005826405114,-0.28616020679473864,0.9969937205314636,0.42554212808608993,0.4758257508277891,0.05884726739355493,0.8487613201141357,0.3183909918580735,0.598397624492645,-0.25527546320642736,0.9926183819770813,0.35345901932035156,0.5780460306576318,0.059522130446774596,0.9999858736991882,0.33891999295779623,0.584879682745252,-0.05955455494778494,0.9999892115592957,0.34775898967470426,0.7034191880907328,0.07216440290212628,0.6323291063308716,0.35905388423374707,0.6957977465220857,-0.056173934361764336,0.9716202616691589,0.33289642504283345,0.808490921769823,0.1190202185085841,0.8747338652610779,0.36642040099416445,0.7961340359279083,0.007420300891888992,0.9797670841217041,0.32519513453756044,0.8332168664251052,0.11944628698485232,0.8114336729049683,0.3600487598351068,0.8207583870206556,0.009610029137028112,0.8748463988304138,0.362726969378335,0.8356692109789163,0.05793404813323699,0.9259887933731079,0.38776914477348307,0.8232669285365509,-0.06273120918444222,0.9691065549850464
73,0.33760529075350065,0.33992152724947233,-0.057291519429002465,0.9999114274978638,0.33246546728270376,0.33332265019416796,-0.04480809590646197,0.9997628927230835,0.3317455257688248,0.33390712482588614,-0.044948258783136075,0.9997294545173645,0.33099028127534036,0.33453596745218533,-0.0449226888162749,0.9998183846473694,0.3314668033804211,0.3334160557815005,-0.06430372787373403,0.9998937845230103,0.3300678610801695,0.3342363595962523,-0.06447918478931697,0.9999244213104248,0.328506610223225,0.33522610579218165,-0.0645480611494609,0.9999401569366455,0.3235053760664802,0.3430252952235084,0.013235943977321892,0.9998793005943298,0.320562548296792,0.3456285825797488,-0.07479740594114573,0.9998887777328491,0.3374754607677458,0.35275294184684736,-0.033909912354179776,0.9999338984489441,0.3362756618431635,0.3537605430398667,-0.060529434468064955,0.9999518394470215,0.35021971889904546,0.3965960451534814,0.07809719507183344,0.9999889135360718,0.3143840645040783,0.4227608868053979,-0.10938574756894788,0.9999948740005493,0.3880835669381276,0.4280526944569177,0.12282146832772659,0.7549778819084167,0.31138239247458305,0.5057238357407704,-0.1767483643123081,0.998916506767273,0.4227185956069399,0.4538711479731966,0.07949611267873216,0.8704864978790283,0.30839168259075694,0.5814056549753459,-0.25638761520385733,0.9987943172454834,0.4321636097771779,0.46055457762309465,0.0773120752402714,0.854560911655426,0.30728509766714895,0.605160616125379,-0.2876679147992814,0.9972317218780518,0.43253689919199245,0.4607451839106421,0.048413211320127734,0.8715834617614746,0.3120025847639355,0.6048856564930505,-0.2941521482808248,0.9971442222595215,0.42846071549824283,0.4600566932133264,0.06596936743174278,0.863537609577179,0.3142548007624488,0.5967052306447708,-0.2617760969059807,0.993035078048706,0.3570410413401466,0.577330524580819,0.05920571993504249,0.9999867677688599,0.3378630067620957,0.5850090963499883,-0.05923794060945508,0.9999896883964539,0.36880589808736514,0.6915597966739107,0.07295258130346022,0.6670786738395691,0.3491678680692399,0.6960301654679432,-0.060524535072701294,0.974200963973999,0.36070540632520387,0.8019910829407824,0.1299419698970658,0.8863570690155029,0.33933006099292196,0.8009722062519615,0.0001845039028142174,0.9816046357154846,0.35324132868221814,0.8283338478633332,0.13151729341064172,0.8273442983627319,0.33177562100546687,0.8262248550142557,0.0016987309525055532,0.8844860196113586,0.3833394357136316,0.828901762621743,0.06630885930997982,0.932810366153717,0.36465748974255136,0.8293525389262604,-0.06944198885134285,0.971881091594696
74,0.3369134843349455,0.3398482220513478,-0.05752976419670239,0.9999200105667114,0.3319568301950181,0.3333853483200072,-0.044507616545472806,0.9997856020927429,0.3312312935079845,0.33395369138036435,-0.044648443907499294,0.9997555017471313,0.33048119715281876,0.3345580739634376,-0.04461904806750159,0.9998357892036438,0.33096156971795204,0.3335860303470065,-0.06393678305404524,0.9999040365219116,0.32954622336796335,0.33446273718561426,-0.06411124595573967,0.9999316930770874,0.3279543953282491,0.33551344701221997,-0.0641747105334486,0.999945878982544,0.3229901654379707,0.3432524204254149,0.01497080962040594,0.999890923500061,0.3199696677071706,0.346348829780306,-0.07288884818553922,0.9998993873596191,0.33695372939109786,0.35265733940260735,-0.03380630889109201,0.9999402761459351,0.3357982158660887,0.35369218162127886,-0.06035107097455431,0.9999564290046692,0.35028910466602853,0.3961818473679677,0.07920080529791965,0.9999898076057434,0.3138046894754681,0.423968606335776,-0.10678776736770353,0.9999951124191284,0.38865316339901496,0.42361755200794743,0.12507164457014625,0.7785763740539551,0.30902862633977607,0.5067426477159771,-0.1729847414152962,0.9989954829216003,0.4243069427353993,0.44334374155317013,0.08400047847202842,0.8833017349243164,0.30610427175249355,0.5813201751027786,-0.2548153430223464,0.9988737106323242,0.4336010183606827,0.44924243433134875,0.08196799478360581,0.8688103556632996,0.3052421782697949,0.6051512360572813,-0.28634633081299904,0.9974042773246765,0.4342887742178778,0.4494138964584893,0.053223873994180104,0.8841954469680786,0.31010430880955275,0.6051735384123663,-0.29282714639391205,0.9973255395889282,0.430405647414071,0.4488484450748987,0.07051928394607132,0.8769444227218628,0.3118607938289641,0.5966410398483274,-0.2600399042878831,0.9935111403465271,0.3589771756104059,0.5764958228383743,0.05907855821507315,0.9999876618385315,0.3372917549950734,0.5851819821766442,-0.059112967444317654,0.9999902248382568,0.38335783140999913,0.6758132832390918,0.07313031894820074,0.699076235294342,0.3432155847549437,0.6949678489140099,-0.05696950533560341,0.9766348004341125,0.3819113859108515,0.7964792455945693,0.1302346983126231,0.8970940709114075,0.3191727050713129,0.8062828932489663,-0.004333810082503725,0.9833097457885742,0.374481495789119,0.8235238875661574,0.13145645345960338,0.8423437476158142,0.3111468613147734,0.8307291269302364,-0.0036411118028419334,0.8941960334777832,0.40057327917643937,0.8229152900832035,0.06320935274873458,0.9391266703605652,0.34911096436636774,0.8341797028269082,-0.08021301371710637,0.9744802117347717
75,0.3365005646433148,0.3398432859352655,-0.052450386647667185,0.9999277591705322,0.33172009757586873,0.3336298567908149,-0.039324647028531334,0.9998059868812561,0.3309627303055353,0.3341446459293364,-0.039463135706526875,0.9997788667678833,0.3301838466099329,0.33469151088169624,-0.03943143055907315,0.999851405620575,0.3307848717485154,0.33396969011851707,-0.05881676248141695,0.999913215637207,0.32935842020171013,0.33487035632133466,-0.05899411099297657,0.9999382495880127,0.32773654375757477,0.3359676173755099,-0.059054883037294635,0.9999510049819946,0.32262839845248614,0.34374943120138973,0.019391444964068267,0.9999013543128967,0.31960715140615176,0.3472819081374575,-0.06918553465179031,0.9999088644981384,0.33670312251363466,0.3525980787617818,-0.029032861920339707,0.9999459385871887,0.33558756964547276,0.35368092570986054,-0.055667067212717844,0.9999605417251587,0.35030774814741933,0.3957774272986819,0.08214903920888897,0.9999905824661255,0.31339855108942294,0.42494971922465713,-0.10446574985980983,0.9999953508377075,0.3884889994348797,0.4177660831383294,0.12835939313684186,0.799917459487915,0.3071032736982617,0.5081307189805164,-0.16838624009064257,0.9990707039833069,0.4250177528176987,0.4327809904302868,0.0900236253227506,0.8948277235031128,0.3033706716128757,0.5808802059718537,-0.24571956608976625,0.9989454746246338,0.4344261348247526,0.43752815978867643,0.08892809961523324,0.881589949131012,0.3026158605303082,0.6046468377113339,-0.27533831936972464,0.9975523948669434,0.4350317937987189,0.43759838257517114,0.060518641131264796,0.8955140709877014,0.30688817926815565,0.604971807343619,-0.2826627084187098,0.9974847435951233,0.4311020178454261,0.4375936933926171,0.07666736734764913,0.8889799118041992,0.30843324150357915,0.596666952541896,-0.2511882070984158,0.9939377903938293,0.36020129067557183,0.5754141160420007,0.059069054360900576,0.9999883770942688,0.3378987925393239,0.5851641671998158,-0.059105202874967004,0.9999905824661255,0.3827179474490027,0.6738093188830782,0.0696950703859329,0.7274913787841797,0.3421920478343962,0.6934082644326343,-0.05901420893413677,0.9787377715110779,0.3797367836747849,0.7961437429700575,0.12413660692317138,0.9066299796104431,0.3217029213905333,0.8076954058238435,-0.013661185040005611,0.98478764295578,0.37223894000053387,0.8222357102802819,0.12430377070392876,0.8555899262428284,0.3139042624405451,0.8314494780131745,-0.013096205397908171,0.9020000696182251,0.4005061047417775,0.82176775591714,0.053706230861800035,0.9447534680366516,0.34728113327707544,0.8351447446005681,-0.09216254651546474,0.9767441749572754
76,0.33623866438865646,0.3401434549263544,-0.04815954981105666,0.999934732913971,0.331558949606759,0.3341264026505605,-0.03551223011953489,0.9998244047164917,0.3307944442544663,0.3345695155007497,-0.03564892347369873,0.999799907207489,0.33001361915043403,0.33503459521702345,-0.03561596210513794,0.9998654723167419,0.33062407118933523,0.33459171482494887,-0.05450923038380484,0.9999215006828308,0.32915174109595147,0.3354849406651087,-0.05469224240098678,0.9999441504478455,0.3274723410606383,0.336603306021009,-0.054757300870759126,0.9999556541442871,0.32250405209405064,0.34441579069410033,0.021455865087253695,0.9999107718467712,0.3192135827881948,0.3483454959733144,-0.06495450064539907,0.9999174475669861,0.33654291629791244,0.3527483531406946,-0.02539566388087612,0.9999510049819946,0.33533291050365976,0.3538290577275411,-0.05139734436358722,0.9999642372131348,0.35079364861760803,0.39510601588657907,0.08215562807662143,0.9999912977218628,0.3130889739309037,0.42532424501010324,-0.10099776791674744,0.9999955892562866,0.38909798945699403,0.41129976511001565,0.12740884806428632,0.8191384077072144,0.30549955112593496,0.506982214110238,-0.16572480286870675,0.9991407990455627,0.42564476472990836,0.4215013648782456,0.09189725773675096,0.9052014946937561,0.2999967804976871,0.577714795725686,-0.23883299444402956,0.9990106821060181,0.4351907474654059,0.4255939688001358,0.09133551738091875,0.8930911421775818,0.29899622372218526,0.6011771491595674,-0.2671738530908311,0.9976865649223328,0.43510830913271203,0.4246208982808247,0.06351188697985237,0.9056986570358276,0.3026620302881512,0.6018770098686215,-0.2759147712162562,0.997628927230835,0.4310291256223404,0.42529358352933594,0.07873544948441638,0.8998202085494995,0.30457449385098034,0.5935798440660747,-0.24515289749417973,0.9943299889564514,0.3614208383219581,0.5744337541716437,0.05869843321187153,0.9999891519546509,0.3387018765722001,0.584731304645538,-0.05874079252992354,0.9999910593032837,0.3840500525065829,0.6725055932998654,0.06959750173347334,0.7533413171768188,0.3411725316728863,0.6923380681446617,-0.05759290031024385,0.980703592300415,0.37956107343946166,0.7949372972760878,0.12108689397573466,0.915272057056427,0.322060967343194,0.8077893546649384,-0.01619228505130324,0.9861604571342468,0.37219000373567834,0.8200279882975983,0.12100401201418462,0.8680069446563721,0.3144242925303321,0.831019020080566,-0.016063736831503247,0.909781813621521,0.40841434342520555,0.8187743765967229,0.05122963562607762,0.9498413801193237,0.34460769465991414,0.8350349562508715,-0.09493540035826815,0.9788404107093811
77,0.3360600164958407,0.3413645778383526,-0.04348323515483309,0.9999405145645142,0.3313108810356683,0.3354080004351478,-0.031325439523373313,0.9998387098312378,0.33051094923700586,0.3358377763203211,-0.03145508372357912,0.9998162984848022,0.32969321523393885,0.3363005135740551,-0.031422687800867204,0.9998759627342224,0.33043759380068083,0.335870051383972,-0.04974903634616304,0.9999282360076904,0.3289546149117605,0.3367207714489526,-0.0499338701367378,0.999949038028717,0.32725296616554245,0.3378228247165678,-0.050001957054649056,0.999959409236908,0.322271202291761,0.3459833690098352,0.023664364325148707,0.9999178647994995,0.31894910080092276,0.3498941532203128,-0.06022676687155448,0.9999245405197144,0.3364506278719219,0.35364337648664185,-0.021453936876995212,0.9999548196792603,0.33515491059848224,0.354487587724413,-0.046694567160946956,0.9999670386314392,0.3514242189271108,0.3945155075618197,0.08378009540694097,0.9999914765357971,0.3128172363553727,0.4254062371594563,-0.0973091248955045,0.9999956488609314,0.38968560014452236,0.4036380835941858,0.12517059232507427,0.8354623913764954,0.3031816618783132,0.5047351326261246,-0.1655486358063561,0.9991906881332397,0.4254503973892755,0.4050509895597184,0.09265044693435937,0.914181113243103,0.29551418083054665,0.5719585231372286,-0.24568994769028243,0.9990585446357727,0.43506223985127024,0.4063970540251049,0.09254620139087945,0.9027707576751709,0.29423881173133837,0.5955343740327015,-0.27437591552734364,0.9977810978889465,0.43478114434650944,0.406017403091703,0.06522827701909198,0.9143375754356384,0.2973744341305323,0.5959336604390822,-0.28305492315973546,0.9977335333824158,0.4306503372532979,0.40784319979803885,0.07984880357980725,0.9090898036956787,0.29956679514476214,0.5873191101210455,-0.2521440118551253,0.9946335554122925,0.36220910719462784,0.5739403741700306,0.05739764549902505,0.9999897480010986,0.3398855354104722,0.5849100589752194,-0.05745143986174036,0.9999914765357971,0.38507404497691544,0.6725020715168541,0.06265486053058075,0.7764109373092651,0.34001768997737325,0.6919965556689668,-0.060993835649320025,0.9824159741401672,0.3792325351919445,0.7939826743943347,0.10863789170980448,0.9230396747589111,0.32234934142657673,0.8079238312585009,-0.02249750622681208,0.9873600602149963,0.3721510486943379,0.8186669468879695,0.10811598066772728,0.8788079023361206,0.3151475352900367,0.830459140028272,-0.022228616130139135,0.9162796139717102,0.4071313406739914,0.8185040439878187,0.03894737660884855,0.9543676972389221,0.3440450353281837,0.8351562074252533,-0.10012227552277697,0.9806629419326782
78,0.33583220413752946,0.343113076686859,-0.04397819212504794,0.9999461770057678,0.3309228224413734,0.33717170868601104,-0.03208443022200038,0.9998534917831421,0.3300884834357669,0.3376698868615285,-0.0322308909680162,0.9998332262039185,0.32923114895820604,0.3382247218063898,-0.03220564446278979,0.9998871684074402,0.33014404858861635,0.33758978077343516,-0.049937350728682085,0.99993497133255,0.3286917677947452,0.33848348855972277,-0.050121084281376405,0.9999538660049438,0.3270068424088613,0.3396576387541633,-0.05018930765134945,0.9999631643295288,0.3219154349395206,0.3483210418905529,0.022646546363830556,0.999925434589386,0.3187902288777486,0.3519314501966747,-0.059328342867749045,0.9999314546585083,0.3363533326557703,0.3549492938177925,-0.022261159334863924,0.999958872795105,0.3350366711616515,0.35547604901450003,-0.04693334677389688,0.999970018863678,0.3520124971866606,0.39409410698073233,0.08030061338629038,0.9999920129776001,0.31245133365903566,0.4263372370174951,-0.09356492523636133,0.999995768070221,0.3902825874941688,0.39665161200932075,0.11826183753354204,0.8513451218605042,0.300485176699502,0.5034176502908976,-0.1720086502177374,0.9992314577102661,0.4252326667308805,0.3890172651835848,0.0862276298659188,0.9226328134536743,0.291273989847728,0.5656184894698004,-0.264156977193696,0.9991090297698975,0.43495759793690253,0.3863313419478278,0.08542598720107755,0.912202775478363,0.2903965064457483,0.5897510324205668,-0.29423885004861,0.997900664806366,0.434898884807314,0.3864483160631995,0.05936411704335891,0.9226769804954529,0.2930915977273667,0.5889413203511916,-0.3034831285476683,0.9978631138801575,0.4306231124060493,0.38962762781551885,0.0738728189042636,0.9179599285125732,0.29511187332017064,0.5800681625093729,-0.2712481839316231,0.9949786067008972,0.36357797299112576,0.5739574653761724,0.05626520493200845,0.9999902844429016,0.3409479882035935,0.5860752684729438,-0.05632211629833491,0.9999916553497314,0.3861643535750251,0.6732461946351185,0.07107021606394219,0.7977041602134705,0.339193603822163,0.6950230053492952,-0.06465024394648412,0.9838983416557312,0.37927697045462455,0.7936610851969035,0.12377982458897993,0.9300965666770935,0.32221038171223215,0.8079639332635059,-0.02377298048564365,0.9883337616920471,0.37245174646377543,0.8180609089987614,0.12393520027399058,0.8889630436897278,0.3154776709420339,0.8295656033924643,-0.02448854467698505,0.9216961860656738,0.40702084132603217,0.8188579286847792,0.055062317741768674,0.958479106426239,0.3438650701727184,0.8351704001426693,-0.09985167501228191,0.9821739792823792
79,0.33557961157390037,0.3444466744150433,-0.05011147399033816,0.9999513030052185,0.33052838615008745,0.33870479634829914,-0.03815018880580151,0.9998672008514404,0.32966805781636904,0.3393343142100741,-0.03832480726497512,0.9998489022254944,0.32877102579389283,0.34004226241792934,-0.03830467329493589,0.9998977184295654,0.3298549609524861,0.3390646977084022,-0.05631200181586399,0.9999411106109619,0.3284546102796281,0.34006120818001867,-0.056493836215564155,0.9999582171440125,0.3268088451453616,0.34135693992887206,-0.05656128259641781,0.999966561794281,0.32149285248347675,0.3505178443023135,0.018067226053348602,0.9999325275421143,0.3187071774687084,0.35365335771015693,-0.06625928229519296,0.9999377727508545,0.33628253000123143,0.35591915079525527,-0.028083189363990495,0.9999627470970154,0.3349905678204126,0.35622575453349503,-0.05339015594550539,0.9999727606773376,0.3523069228444779,0.3937448135444094,0.07364138513803478,0.9999926090240479,0.31196469664573656,0.4278813396181377,-0.09854039166654854,0.999995768070221,0.3903384234224045,0.3903562017849511,0.11200475841760629,0.8657866716384888,0.2983387708663939,0.5031334076608928,-0.191012874671391,0.9992526769638062,0.4252084859779901,0.37570639508111114,0.08133795942578993,0.9302992820739746,0.2885371352945054,0.5605604818889071,-0.29630782008171064,0.9991047382354736,0.4355065388338904,0.36993549806731074,0.08008334147078647,0.9208221435546875,0.28746881655284323,0.5848097239221843,-0.3290113857814242,0.9979132413864136,0.435571937050138,0.3698391233171734,0.055073763855866,0.930284857749939,0.28960403544562185,0.5829168404851638,-0.33837175795010144,0.9978894591331482,0.43111487456730413,0.3742020743233815,0.06921921989747454,0.9260367155075073,0.29160866907664695,0.5743402481079098,-0.3039732430662426,0.9951122403144836,0.3654304521424428,0.5741929973874771,0.0567268694085734,0.9999909400939941,0.3419164206300461,0.5873365504401068,-0.05677090681024958,0.9999920129776001,0.38728892121996183,0.6741946067128859,0.09484617114067073,0.8165985345840454,0.33925299559320704,0.7002187371253964,-0.06725510135293003,0.9853603839874268,0.37972263693809494,0.7933951905795503,0.1645239885364259,0.9364885687828064,0.32183311241013646,0.8080725635801039,-0.013804701343178745,0.9893167018890381,0.3729465459074291,0.8174305677413937,0.1663558221289089,0.8986473679542542,0.31493205683571934,0.8287486655371525,-0.013575382158160206,0.9275869131088257,0.4078901163169314,0.8185948031289232,0.10007717896785051,0.9622251987457275,0.3439831239836555,0.8353554674557273,-0.08690169192850586,0.9836785793304443
80,0.3353221322808945,0.3452751074518474,-0.06328808910080361,0.9999558925628662,0.33014341677938175,0.3399389709745133,-0.05092145662222587,0.9998795390129089,0.3292854368686674,0.3406700125762393,-0.051113517050232184,0.9998630285263062,0.32838970678193213,0.34148761970656244,-0.051093758961984065,0.9999071955680847,0.32950482794216684,0.34028004493032166,-0.06977813637682366,0.999946653842926,0.3281322300434111,0.3413669782025472,-0.06996199893099918,0.9999621510505676,0.3265118471213748,0.34277200187955564,-0.07003806595291406,0.9999696016311646,0.3212355451924459,0.3520743685109273,0.008525947973664315,0.9999389052391052,0.3185503993715557,0.35493732775960635,-0.07945354123200685,0.9999434351921082,0.3361858725547789,0.3565136662551333,-0.04006836409015313,0.9999662637710571,0.33490970134735093,0.35677479250090444,-0.06639754953128947,0.9999752640724182,0.3526410051754541,0.3933796065194264,0.06414826799716264,0.9999931454658508,0.3114568207945141,0.4298448894705089,-0.10921613361154278,0.999995768070221,0.3909184430326732,0.3859180050236837,0.10707651312862118,0.878635585308075,0.2967992782592772,0.5024584497724258,-0.2107207932642527,0.9992645382881165,0.4256974041461943,0.3656709015369414,0.0752458463822092,0.9371712803840637,0.2871948446546281,0.5569403988974433,-0.32337289622851767,0.9990991353988647,0.43612402592386496,0.35868600181170857,0.0731419075812612,0.9285309910774231,0.2856024231229508,0.5792093992233274,-0.3581269323825834,0.9979276657104492,0.43594420041356746,0.3574866456644874,0.04849298000335691,0.9370951652526855,0.28739529592650265,0.5766613806997024,-0.36670942391668027,0.9979150295257568,0.43158745765686013,0.3619239781584057,0.06301075731004985,0.933268129825592,0.28934583578790923,0.569194378171648,-0.33108169010707295,0.9952169060707092,0.36735167588506407,0.5746829101017541,0.05795045729194366,0.9999915361404419,0.34305311271122507,0.5885813406535554,-0.057979009406907187,0.9999923706054688,0.3879692673683165,0.6750279528754095,0.11753355977790692,0.8334828615188599,0.3398942555700028,0.7066767488207133,-0.062332839305911714,0.9866532683372498,0.3802778703825812,0.7927907228469845,0.2073720925620623,0.9423022866249084,0.3211761508669171,0.8083822420665192,0.01801394463649817,0.9901871681213379,0.37341174568448726,0.8162028891699651,0.2112220102122851,0.9074740409851074,0.3136194237640924,0.828604902539934,0.021405331790447228,0.932691216468811,0.40872533917427045,0.818080047198704,0.1443482621439865,0.9656447172164917,0.3431925484112329,0.8358321581568033,-0.05349020095808163,0.9850142598152161
81,0.3351931452751158,0.3459454417228697,-0.07592461024011882,0.9999600052833557,0.3299170638833726,0.3410747332232338,-0.06296251905815939,0.9998905062675476,0.3290475266320363,0.34186452286584024,-0.06314967232091083,0.9998756647109985,0.3281490879399434,0.3427456779139381,-0.06312524740185053,0.9999157190322876,0.32930485521044034,0.3413613012858798,-0.08233242503234314,0.9999515414237976,0.32795483299664074,0.3424435215336934,-0.08251565332923613,0.9999656081199646,0.3263640012059892,0.3438405650002614,-0.08259650117584634,0.9999722242355347,0.3211054955210003,0.3533183779035294,-0.0009275431345616061,0.9999446868896484,0.3184913907732281,0.3559263706207274,-0.09092795125075745,0.999948263168335,0.3361050895282199,0.35716901591845907,-0.05166111364960668,0.9999693632125854,0.3348430216312407,0.35732915316309233,-0.07856668893780024,0.9999774694442749,0.35278120040893535,0.3931195182459693,0.05714482739567754,0.9999936819076538,0.3110789196831838,0.43137700557708725,-0.12167086899280542,0.9999953508377075,0.39079987747328604,0.37915860499654475,0.10108247633491238,0.8904445767402649,0.2957817341600144,0.5009885004588533,-0.23086685921464636,0.9991925954818726,0.4254366219043729,0.3540141514369418,0.0695768377610615,0.9434012174606323,0.2859192243644168,0.5537258761269703,-0.3580095657280512,0.998794436454773,0.43571323326655775,0.345780552285058,0.0670997079993997,0.9355565905570984,0.284202810696193,0.5752325040953498,-0.39538189683641684,0.9973929524421692,0.43568179522241846,0.34543086886405927,0.04182073218481879,0.9432919025421143,0.2859213054180144,0.5723067539078845,-0.4029512848172867,0.9974172115325928,0.4312976666859216,0.3497172781399317,0.05716031097940034,0.9398418068885803,0.2876729939665112,0.5655274476323806,-0.3657432402883255,0.9943639039993286,0.3687528933797562,0.5753506762640814,0.058619945389883826,0.9999921321868896,0.3444336610180989,0.5896419474056787,-0.05864955548729212,0.9999926686286926,0.38872392688478724,0.6755698391369408,0.11956531533173147,0.8493700623512268,0.3405772796698977,0.7093223571777341,-0.05603468428765022,0.98781818151474,0.3804901412555147,0.7921936137335637,0.21096947491168966,0.9478092789649963,0.3207305823053631,0.8083869951111926,0.03697392371084007,0.9910299181938171,0.37318359868867035,0.8152735880443025,0.2148903672184262,0.9159077405929565,0.3127361059188841,0.8285550917897901,0.04266450751040661,0.9376909732818604,0.40933198758534006,0.8177436385835917,0.14588412429605205,0.9688725471496582,0.3417315380913869,0.8361572197505402,-0.035205506586602736,0.9862803816795349
82,0.33530523606709056,0.3470151220049175,-0.08564363473228043,0.9999638795852661,0.32995119690895064,0.3421968945435113,-0.07233183948057034,0.9999009370803833,0.32907833456993085,0.342985404389245,-0.07251856497355866,0.9998875260353088,0.32818786757332924,0.34387999347278037,-0.0724942099835191,0.9999237060546875,0.32933353611401134,0.34248023458889537,-0.09204591235944198,0.9999561905860901,0.3279848056180135,0.34354047860418035,-0.0922289160745484,0.999968945980072,0.3264039031096866,0.3449261111872535,-0.09231423096997393,0.9999748468399048,0.32117361937250394,0.35462790131568894,-0.0087897343161915,0.9999500513076782,0.31854942355837124,0.3570927883897507,-0.10040680127484453,0.9999531507492065,0.33625783068793147,0.35830865587506955,-0.06085233794791355,0.9999722838401794,0.3349934245858872,0.35845422148704514,-0.08821649466242104,0.9999796152114868,0.35297348584447574,0.39262830785342606,0.049612234852143666,0.999994158744812,0.3107751948492866,0.4329882494040896,-0.1331739698137555,0.9999954104423523,0.39076805966241,0.3674046533448354,0.09331667912857869,0.901084840297699,0.29417951532772596,0.4993622303009031,-0.25706694424152365,0.9992173314094543,0.4253727035863057,0.3363799921103885,0.06538716767515451,0.9489914178848267,0.28335820010730184,0.5500809669494626,-0.4020380607673098,0.9988231062889099,0.4350369249071392,0.3263598254748752,0.0630104086228779,0.9418438076972961,0.2817206612655093,0.5720881104469296,-0.4427529292447224,0.9974681735038757,0.43547393849917804,0.32572904144014614,0.03716231541974202,0.9488412141799927,0.2834367138998848,0.5690915976251871,-0.449566990988595,0.9975001811981201,0.43114899737494317,0.33059432251112786,0.052809917926788304,0.9457356929779053,0.28513939295496243,0.5621778062411714,-0.41002594913755125,0.9945597052574158,0.37016314012663687,0.5763505816459653,0.05964846579091887,0.9999926686286926,0.34568760735648,0.5906972714832848,-0.05968514957598275,0.9999930262565613,0.3898318478039331,0.6764936259814669,0.12946606171982622,0.8636643886566162,0.34211510760443536,0.7103830150195527,-0.05239327879888668,0.9888894557952881,0.38035620195525016,0.7920744044440129,0.2257038916860307,0.9527511596679688,0.3206234548773083,0.8083014982087268,0.040161607946668336,0.9918102622032166,0.3726558523518697,0.815174543857574,0.23007547046457008,0.923554003238678,0.3124661164624349,0.8285770688738139,0.045392990431615265,0.9425173997879028,0.4095941713878085,0.8176908424922394,0.16186781908784587,0.9717717170715332,0.3413920802729469,0.8371688621384753,-0.032908421329089554,0.9874639511108398
83,0.3354852046285355,0.3487533543791088,-0.08652901862348825,0.9999673366546631,0.3300409580980027,0.3436561533382959,-0.07333772842373162,0.9999102354049683,0.3291681017194474,0.34443730030740993,-0.07351904766900196,0.9998980760574341,0.3282777173178535,0.3453659662178583,-0.0734932435410363,0.999930739402771,0.32940423403467434,0.3439514560358863,-0.09314329177141185,0.9999603629112244,0.32804085782596026,0.3449895322322844,-0.09332529285124366,0.9999719262123108,0.3264592596462793,0.34637800965990323,-0.09340935179165427,0.999977171421051,0.32122133118765683,0.3561972183840614,-0.010275005163358785,0.999954879283905,0.31863063573837264,0.3585751840046472,-0.10240323543548578,0.9999575614929199,0.3365569497857773,0.36004525508199403,-0.061932427329676465,0.9999749064445496,0.33531728216579965,0.3602156094142367,-0.08939526740993768,0.9999815225601196,0.35316681606428946,0.3919415584632327,0.04700941666960714,0.9999945759773254,0.31050209147589536,0.43429398281233633,-0.13849420334611615,0.9999954104423523,0.391128235203879,0.3549752686704907,0.08892089554241721,0.9106035828590393,0.29221205455916255,0.49781355432101637,-0.2749261766672133,0.9992170929908752,0.4233363824231282,0.32119820203099914,0.06265174299478526,0.9539996385574341,0.27985313449587124,0.5475423727716715,-0.43363235252244114,0.9988109469413757,0.4320963016578127,0.3098724944250923,0.06077661908098626,0.9474564790725708,0.27796818443707044,0.5704777325902664,-0.4767122779573711,0.9974720478057861,0.4326435634068079,0.3082356648785726,0.03577336488025527,0.9537990689277649,0.279814279930932,0.5684427346502029,-0.4829633355140684,0.9975137114524841,0.42879593542643935,0.31447769829205086,0.05057843104004857,0.9510049223899841,0.2816819829600197,0.5605976922171454,-0.44179983479636037,0.9945940971374512,0.3714852145739962,0.5773190958159309,0.060910062491893735,0.9999931454658508,0.34653445993150966,0.5912946105003354,-0.06095479524561335,0.9999932646751404,0.39120372704097184,0.6780615329742428,0.1389920498643602,0.8761536478996277,0.34445963331631235,0.7101489918572559,-0.052634456221546416,0.9898023009300232,0.38011632476534146,0.7921621986797874,0.2369603578533444,0.9570723176002502,0.32105890682765403,0.8084103022302896,0.0350044365440096,0.9924463629722595,0.3719150236674716,0.8154646788324624,0.2415030743394578,0.9301664233207703,0.3128313115664889,0.8287307313510346,0.040017525532415915,0.946220338344574,0.4095915326050347,0.8177097712244303,0.1746692538261413,0.9742716550827026,0.3423506336552755,0.8383655905723567,-0.03841899330062524,0.9884127378463745
84,0.33568726948329364,0.3509562253952025,-0.08525315927607668,0.9999703168869019,0.33009020175252624,0.34558346186365385,-0.07215670176914757,0.9999181628227234,0.32923370599746693,0.3463386799607956,-0.07234495026724674,0.9999071359634399,0.32834405132702404,0.3472947180271147,-0.07232062199286049,0.9999367594718933,0.3294232172625404,0.34593814526285427,-0.09216805313314706,0.9999639987945557,0.3280550667217798,0.34695443425859707,-0.09235511017697194,0.9999744892120361,0.32648537414414525,0.34836074624742763,-0.09245115050247732,0.9999791383743286,0.3212328127452304,0.3580632959093365,-0.009062585334426587,0.9999590516090393,0.3187064145292553,0.36053104230335764,-0.10241084311689644,0.9999613165855408,0.33689807908875585,0.36201520732470904,-0.060549075050013376,0.9999771118164062,0.33570568731852923,0.36227918863296493,-0.08848842190844668,0.9999831318855286,0.353317937680653,0.39151932512010823,0.04745213825787815,0.9999949336051941,0.3102829992771147,0.435720349209649,-0.13720928302833008,0.999995231628418,0.39095232316425854,0.34696523717471517,0.09042358760322838,0.9191648960113525,0.29039058259555256,0.49726072464670434,-0.2742166187082017,0.9991689920425415,0.4192703204495564,0.3113382739680152,0.07015428479228698,0.9584912061691284,0.2767770894936151,0.5460849898202076,-0.43518021191869444,0.9986283183097839,0.42702751670564904,0.2985869177750177,0.0690641322306224,0.9524754285812378,0.27422417317117953,0.5682377849306377,-0.4779230194432392,0.9971975088119507,0.42737716095788114,0.29644843169621043,0.04524463659950662,0.9582340121269226,0.2761270667825425,0.5671524047851559,-0.4837748093264441,0.9972650408744812,0.4241630239146094,0.3038943690913063,0.05875712590558185,0.955720067024231,0.27833118864468154,0.5589188814163205,-0.4432108896119252,0.9941459894180298,0.3724758292947495,0.5782263415200367,0.06176873647740906,0.999993622303009,0.34726998295102784,0.5920178004673546,-0.061819354125431575,0.9999935030937195,0.3924405132021221,0.6797122512544902,0.1419949203729629,0.8876616954803467,0.3466649728161947,0.7107929383005411,-0.05417081362434793,0.9906403422355652,0.3799599928515296,0.7922447289739333,0.24156445349965766,0.9611009359359741,0.32142159683363764,0.8088999458721702,0.03663794749549455,0.9930533170700073,0.3714312357561927,0.8156437039375302,0.2463875864233288,0.9363709688186646,0.31306730338505323,0.8289381231580457,0.04234556161931581,0.9497564435005188,0.4097406463963643,0.8178299546241756,0.18005674609116135,0.9766265153884888,0.34318633334977267,0.8390150904655452,-0.03587529999869209,0.9893315434455872
85,0.3358276554516382,0.35286554012979765,-0.08122735002211158,0.9999730587005615,0.33011982270649487,0.34740705404962796,-0.06798190325498576,0.999925434589386,0.3292661402906689,0.34807550907134993,-0.0681741933737482,0.9999154210090637,0.3283958290304455,0.34895699449947887,-0.06814984934670582,0.9999422430992126,0.3294486795152935,0.3478937855788638,-0.08800986217600955,0.9999672770500183,0.32808793953486837,0.3488886177539824,-0.08819992584841588,0.9999768137931824,0.3265344321727751,0.3502705957208359,-0.08830234067780626,0.9999809861183167,0.3212662185941422,0.35946505665779094,-0.0048852322623133635,0.9999628663063049,0.31877203839165813,0.36235807197434544,-0.09837896036250246,0.999964714050293,0.33712357708386,0.36352472560746313,-0.056401461469275584,0.9999791383743286,0.33592412642070213,0.36398111411503364,-0.08451336196490691,0.9999845623970032,0.35335463370595643,0.3914171184812272,0.05119024823818886,0.999995231628418,0.31010904567582254,0.4377376275403157,-0.13204760977200092,0.9999951720237732,0.38919972181320167,0.3436969442026954,0.0953702867031097,0.9269358515739441,0.2895902514457701,0.496372352327619,-0.2681957389627183,0.9991518259048462,0.4142589960779461,0.3062683463096617,0.08112878139529905,0.9625700116157532,0.27469700745173853,0.5440352967807223,-0.4307347868170055,0.9985566735267639,0.42168263622692637,0.2925105426992688,0.08052681311964985,0.9570654034614563,0.2713710520948681,0.5660528864179336,-0.47320924741881215,0.997101366519928,0.4217608826501027,0.2911302421774181,0.057065385473625975,0.9622832536697388,0.27368202805519093,0.565272167750767,-0.47907883099147225,0.9971845746040344,0.4186608995710098,0.29872826422963805,0.06998559023652755,0.9600211381912231,0.27620145593370693,0.5568984236036025,-0.43872668487685046,0.9940285682678223,0.373213950225285,0.5788170542035782,0.0621618175080844,0.9999939799308777,0.3480168061597005,0.5923761776515413,-0.062218122397150286,0.9999936819076538,0.39339729973248055,0.6812930703163144,0.14148614662034165,0.8979626297950745,0.34847949402672884,0.7110602208546226,-0.06182207582252363,0.9914095401763916,0.3800562560558317,0.792660284042358,0.24256587879998331,0.9646840691566467,0.3217783016817909,0.8092135242053436,0.03259984732472469,0.9935899972915649,0.3713241091796328,0.8157602105821878,0.2476498510156358,0.9418918490409851,0.313395766701017,0.829052775246756,0.03711712269910743,0.9529136419296265,0.41034545983586973,0.818126135213034,0.18172355081353858,0.9787171483039856,0.34362578136580313,0.8386877042906622,-0.040870215743780115,0.9901507496833801
86,0.3358787706920078,0.35454943435532693,-0.07981620622532705,0.9999755620956421,0.33013089810098906,0.3490047335624693,-0.06637978383472984,0.9999321103096008,0.32927760481834395,0.3496058046817778,-0.0665706389716693,0.9999229907989502,0.3284309872559137,0.35039282100541236,-0.06654630409819737,0.9999473094940186,0.32947474122047404,0.34959396890231526,-0.08646462048803052,0.9999703168869019,0.3281224795750208,0.3506158683981213,-0.08665452833686552,0.9999789595603943,0.3265616919313157,0.35201660564967546,-0.08675736039876933,0.9999826550483704,0.3212851498808178,0.36061336312975184,-0.0031387593397604547,0.9999663233757019,0.3187882568155015,0.3641121234212601,-0.09680250010320114,0.9999679327011108,0.33724101100649134,0.36478725586618677,-0.05483217548046791,0.9999809861183167,0.3359893168721879,0.3654897408826009,-0.08302963588918955,0.999985933303833,0.3533406555652617,0.39132841740335716,0.05312304869294164,0.9999954700469971,0.3099178739956446,0.44030538882528014,-0.13064685974802281,0.9999951720237732,0.38672758936882,0.34005894746099186,0.09703706226178574,0.9339657425880432,0.2885583903108323,0.4954994065420966,-0.2632902945790971,0.9991810321807861,0.41046468274933934,0.29943552442959365,0.08457965925335881,0.9662622809410095,0.27281653881072987,0.5426772168704439,-0.4207553923130033,0.9986212253570557,0.4183196425437925,0.28441154956817616,0.08310814191188126,0.9612455368041992,0.26951075366565147,0.5652072838374544,-0.4626622932297841,0.9972379207611084,0.4183110092367443,0.2831767618656157,0.06006849868489161,0.965965747833252,0.2726669107164654,0.5639561125210351,-0.46875482116426714,0.9973236322402954,0.41486170887947066,0.29058887788227616,0.07344568111002442,0.9639280438423157,0.2751394058976853,0.5555168560573029,-0.4286406806537081,0.9943311810493469,0.37376650742122086,0.5792479770524159,0.06258304821593418,0.9999943375587463,0.3487005037920814,0.5925344126565113,-0.06264065961752616,0.9999939203262329,0.39438574058668935,0.6826391884258812,0.14737548274653292,0.9074249267578125,0.35001534989901933,0.7115615010261532,-0.07266178556850975,0.992176353931427,0.38009695410728433,0.7932463390486577,0.25554038967405035,0.9680210947990417,0.3220333712441579,0.8094103319304327,0.023880138381251255,0.9941319227218628,0.37153894305229174,0.8159258808408462,0.2615216038056781,0.9471747279167175,0.31373016919408514,0.8290533048765996,0.028283782764005328,0.9564017057418823,0.41045356137411915,0.8184280088969635,0.19834072377000525,0.9806826710700989,0.3439126687390462,0.8387101122311179,-0.048545740119048504,0.9909826517105103
87,0.33594027587345654,0.35591791357312863,-0.07907745433705189,0.9999775886535645,0.3301971563271112,0.3504346668720244,-0.06571781081812719,0.9999372363090515,0.3293357108320507,0.3510542920657565,-0.06589695789984291,0.9999288320541382,0.32852056963103143,0.3518212812287465,-0.06587467321327752,0.9999510645866394,0.3295220885957989,0.35110641547611765,-0.08552120647260117,0.9999727606773376,0.32816059844834444,0.3522365851061683,-0.0857059715049607,0.9999806880950928,0.3265759170055388,0.3537104981286183,-0.08579817584582733,0.9999839663505554,0.32137790833200713,0.3618544033595492,-0.00307548115296023,0.9999691247940063,0.3187965946538106,0.3657413465636115,-0.09527180322578971,0.9999704957008362,0.3373592214924947,0.3659660203116279,-0.05433765788163455,0.9999824166297913,0.336070327247892,0.3667890761579784,-0.08196262185062678,0.9999869465827942,0.35327303579875385,0.3912010746342794,0.050755314103194615,0.9999955892562866,0.309711752619062,0.44314619813646566,-0.12928577448640544,0.9999950528144836,0.3837347822529927,0.33383815629141655,0.0887063296777861,0.9401538372039795,0.2874139385563985,0.4947771932397568,-0.2574764575277055,0.9992120265960693,0.40627532516206993,0.28749188525336117,0.06685860380530353,0.9695603251457214,0.27028207523482173,0.5422618508338926,-0.41006687794412866,0.9986727237701416,0.4150259997163498,0.2731852965695516,0.06319399247212067,0.9649642705917358,0.2677047516618455,0.564926515306745,-0.45096348268645126,0.9973429441452026,0.4150036334991453,0.27155491709709156,0.04164380290146383,0.9692429900169373,0.2711407150541032,0.5636815871511185,-0.4578345886298586,0.9974303245544434,0.41131588561194266,0.27851841194289056,0.056059233950717074,0.9674057960510254,0.2731978697436195,0.5552804095404487,-0.4180906287261416,0.9945733547210693,0.3744346465383256,0.5796936290604725,0.06250688199486049,0.9999945759773254,0.3492959550448825,0.592908065659659,-0.0625652231276035,0.9999940395355225,0.39552042399133935,0.6839772309575759,0.15020669528416217,0.9156149625778198,0.3519971924168721,0.7123903053147449,-0.0858431911894253,0.9928820729255676,0.3801996478012628,0.7936369589396881,0.260813699875559,0.9709860682487488,0.322243422269821,0.8094722475324354,0.008507794833609032,0.9946333169937134,0.3720343215124946,0.8158839413097922,0.26711960434913623,0.9519137144088745,0.31402410268783554,0.8290357504572183,0.013878133068127286,0.9597147107124329,0.4100445866584776,0.8186406510216845,0.20515124670096796,0.9824091792106628,0.34410333037376384,0.838721110139574,-0.0614017806947231,0.9917398691177368
88,0.33608622465814847,0.3566093478884014,-0.08266159594058986,0.9999792575836182,0.3303860085351125,0.3514615995543342,-0.06928427304540358,0.9999414682388306,0.3295029801981788,0.3521695622376032,-0.06946237725870946,0.9999337196350098,0.3286987662315367,0.35299993242536254,-0.06944565858159743,0.9999541640281677,0.3296404770442416,0.35218681097030624,-0.088880457835538,0.99997478723526,0.328232146160943,0.3534356875079017,-0.08906297066381995,0.9999821186065674,0.32663127524512137,0.3549531877040861,-0.08915397886719018,0.9999849796295166,0.32161823936871103,0.3630110374518801,-0.006282246385567952,0.9999716281890869,0.3188242912292479,0.3668864982468739,-0.09776565091950548,0.9999726414680481,0.33750198994364045,0.3667076885700224,-0.05801147286381037,0.9999836087226868,0.3362173914909361,0.36752560905047804,-0.08534716325146807,0.999987781047821,0.35325195874486637,0.3911731030259812,0.043289635969059784,0.9999957084655762,0.3095682961600166,0.4451674205916267,-0.13076502936226975,0.999994695186615,0.37992293323789306,0.3286035350390841,0.07266799722399027,0.9457947611808777,0.2868008060114723,0.49377635887690935,-0.2616525181702204,0.9992024898529053,0.4013755840914588,0.2760330370494296,0.04315413321767532,0.9725377559661865,0.26818689193044376,0.540197306019919,-0.41900466339928744,0.9986699819564819,0.4108801577772411,0.26345305357660553,0.03770812898874281,0.9683318138122559,0.26535785794258104,0.5613757184573579,-0.46037469761712185,0.9973688125610352,0.4111243929181778,0.2607381999492644,0.01704603284597396,0.9722086191177368,0.26855146374021244,0.5603495342390875,-0.46796354651451083,0.9974637627601624,0.40734036905424914,0.26727909530912114,0.032498804213745236,0.9705520272254944,0.2707085609436034,0.5527353576251436,-0.4275138778345924,0.9946691393852234,0.3752842264516011,0.5801760622433252,0.06221420913934704,0.9999947547912598,0.35007229021617325,0.5934766173362729,-0.062275328912905256,0.9999940395355225,0.39672087686402435,0.6850263408252169,0.1481515765190124,0.923210859298706,0.3542315500123159,0.7133099232401163,-0.09837307568107329,0.9935185313224792,0.38031012671334385,0.793613379342215,0.2585758464676992,0.97371506690979,0.32239956004278986,0.8095247251646855,-0.006335446105471678,0.9950786828994751,0.37255494253975985,0.815721089499337,0.2649267971515654,0.9562620520591736,0.3142100836549485,0.8287382330213271,0.0005109799377221065,0.9626094698905945,0.40950125626155287,0.8188161594527105,0.2041365874665123,0.984008252620697,0.34420524580138057,0.8388675689697261,-0.07260141479117527,0.9924150705337524
89,0.33629788586071546,0.35661374756268077,-0.08696292936801905,0.9999808669090271,0.3306791816438946,0.3519599761281693,-0.07359735199383324,0.9999458193778992,0.32975702881813035,0.3527122301714759,-0.07377771756478714,0.9999387264251709,0.3289522409439085,0.35356991801943083,-0.0737665133816855,0.9999573826789856,0.32987092903682147,0.3527800534452709,-0.0932102895208767,0.9999768137931824,0.32838243927274413,0.354118068729128,-0.09339275466544283,0.999983549118042,0.3267842292785643,0.3556216154779705,-0.09348620708499632,0.9999860525131226,0.3220477248941147,0.3636485380785804,-0.010422891498144179,0.9999740719795227,0.31893738252775994,0.3673800647258757,-0.10224041023424689,0.9999748468399048,0.33769724454198546,0.3668389456612721,-0.06240263442908012,0.999984860420227,0.33642179369926434,0.36769560745784197,-0.08977040882621488,0.9999886751174927,0.35335873706000176,0.3914236622197286,0.036700356911335656,0.9999958276748657,0.30943568178585584,0.4466608694621493,-0.13467244718755988,0.9999944567680359,0.37643615262848973,0.3259099083287374,0.0629056992275374,0.9509089589118958,0.28678945047514764,0.4925784357956475,-0.2744482602391923,0.9992218017578125,0.3972200879028863,0.2681338872228348,0.03204751759767531,0.9752281308174133,0.2666972390242984,0.5367307645933966,-0.442860926900591,0.998733401298523,0.4070899392877304,0.25742520264216817,0.026418428947882978,0.9713885188102722,0.26317524399076175,0.5555613858359199,-0.4861898286002021,0.9975083470344543,0.40762369377272456,0.2538111686706542,0.00518237080957208,0.9748985171318054,0.26569087675639547,0.5546527879578724,-0.49378246154103933,0.9976034760475159,0.4038320941584449,0.2598167538642882,0.021121531485446852,0.9734043478965759,0.2681559928825922,0.5481427567345754,-0.4517870238849093,0.9949626922607422,0.3760161672319683,0.5808016027723037,0.061972281017473735,0.9999949336051941,0.35082816396440764,0.5944072467940191,-0.06203677473323683,0.9999940991401672,0.3976291392530712,0.68626617363521,0.14898518451622547,0.9303054213523865,0.35588433657373686,0.7143323523657659,-0.10120656149727952,0.9941166639328003,0.38044030751500796,0.7936893905912122,0.26080530796732204,0.9762131571769714,0.322487676995141,0.8095398153577529,-0.005823200249246187,0.9954975843429565,0.3728861204215456,0.8155953390257695,0.2673256933689116,0.9602964520454407,0.314265876156943,0.8283388904162812,0.002276901208928651,0.9654969573020935,0.40933830738067606,0.8189823525292529,0.20739997114453984,0.9854875206947327,0.34431895358221853,0.8389496973582673,-0.06777027738945822,0.9930580258369446
90,0.3364316650799341,0.35635864394051675,-0.0968924137098448,0.9999821186065674,0.33089142612048544,0.3521066061088015,-0.08315708275352202,0.9999490976333618,0.32994368416922415,0.35285711884498583,-0.083340054324695,0.9999425411224365,0.32912481852940134,0.35371106607573355,-0.0833312637039593,0.9999597072601318,0.33004837887627725,0.35299634678023184,-0.1032304065568106,0.9999784231185913,0.3285018963473182,0.3543848173958913,-0.10341809775148114,0.9999846816062927,0.3269114639077866,0.3558810506548199,-0.10351971260138915,0.9999868273735046,0.32245381729943395,0.36390944974763034,-0.01802409115646566,0.9999760985374451,0.3190676850931984,0.3675598170076096,-0.11199470353978015,0.9999765753746033,0.3378250300884245,0.36663251604352665,-0.07162667747054778,0.9999858140945435,0.3365429656846181,0.36753662484032745,-0.0996150434017181,0.9999893307685852,0.3534949975354329,0.3928764385836463,0.030976834627134443,0.9999958872795105,0.30934532284736616,0.44778806567192053,-0.14252920661653784,0.9999940395355225,0.3737569238458359,0.32597592558179567,0.058528728889567484,0.9553807377815247,0.2849840547357285,0.4925337152821675,-0.28438992415155673,0.9992173314094543,0.3934823589665547,0.2646305918693541,0.027507997197764245,0.9776211977005005,0.2650524880204881,0.5357916831970212,-0.4528838719640458,0.9987421631813049,0.40379718797547454,0.2532962526593888,0.021482145094445765,0.9740899205207825,0.262012766940253,0.5536733133452276,-0.49704543777874516,0.997549295425415,0.40420230882508396,0.24938323370047966,0.00020257403541888404,0.9772788882255554,0.26442804166248857,0.5521573424339292,-0.5039708903857638,0.9976475834846497,0.4000819504261015,0.25511939397879996,0.016499224278543667,0.9759313464164734,0.2667253485747745,0.5461406094687323,-0.46155474185943585,0.995064377784729,0.3765028647014071,0.5813947609492708,0.0619650992963995,0.9999950528144836,0.3515054379190716,0.595392652920314,-0.062030095287731686,0.9999939799308777,0.39848843812942486,0.6874970095498218,0.15416981450148984,0.9364867210388184,0.35704194903373704,0.7154189756938386,-0.09667191633156363,0.9946218729019165,0.3805072946207862,0.793863441262926,0.27182588492121,0.9784064292907715,0.3225713201931543,0.8095930593354358,0.004584827300693306,0.9958380460739136,0.3729943071092876,0.8157131212098254,0.2790397252355302,0.9637981057167053,0.31427843400410227,0.8279003415788919,0.014466273021285548,0.9677323698997498,0.40937803898538844,0.8191649334771288,0.22092743856566283,0.9867599606513977,0.3442427541528428,0.8390662874494277,-0.05250623109085217,0.9935659170150757
91,0.33660408173288603,0.3561107150145938,-0.1026701322623661,0.9999828338623047,0.33107579691069455,0.3520944901875086,-0.08846543282270428,0.9999508261680603,0.33016183887209194,0.35282879642077836,-0.08864855617284771,0.9999445676803589,0.3293665409088133,0.3536818640572682,-0.08864051039729795,0.999960720539093,0.33018800531114834,0.35303660886628274,-0.1090035444923809,0.9999794960021973,0.328601962327957,0.3544630791459763,-0.1091960762228284,0.99998539686203,0.32701158268111075,0.35597111923353997,-0.1093036219477653,0.9999871850013733,0.3230051287582941,0.3640210935047693,-0.02151106359171015,0.9999776482582092,0.3192990711757114,0.36764187642506174,-0.11755147853067938,0.9999777674674988,0.3380898969514028,0.3664941940988812,-0.07673643061092918,0.9999864101409912,0.33671226416315336,0.3673934161663054,-0.10535051780087602,0.9999897480010986,0.3536209872790743,0.39508508358682887,0.02885956444910593,0.999995768070221,0.30926240427153434,0.44905462605612595,-0.14598541302340365,0.9999932646751404,0.37174870371818525,0.3255843077387127,0.05667759499379564,0.9591451287269592,0.28267242397580816,0.49310314910752406,-0.28456422090530387,0.9991755485534668,0.39046478186334865,0.2599009539399827,0.023618768182184002,0.9797142148017883,0.26290781497955307,0.5358595235007148,-0.4493525317737032,0.9986507296562195,0.4008243586335861,0.24753018021583545,0.01689457124365227,0.9764342308044434,0.26128506234713955,0.5536956770079474,-0.49307214702878654,0.9974200129508972,0.4009114282471791,0.24334423158849977,-0.003771362586745192,0.9793481826782227,0.26343851004328034,0.5513382332665576,-0.49942219938550647,0.9975286722183228,0.39660489899771534,0.24867262371948776,0.012740524232919723,0.9781283140182495,0.2650728540761129,0.545316854545048,-0.4576585275786262,0.9948386549949646,0.37686620184353403,0.5817511882100783,0.061962982905762506,0.9999951124191284,0.352164590358734,0.5960328238351003,-0.06202804669737813,0.9999938011169434,0.39940977607454553,0.6885444028036931,0.157697992665427,0.9419751167297363,0.35831368565559374,0.71633813721793,-0.09453003321375161,0.9950698018074036,0.3806574463844298,0.7939878889492576,0.2782965983663285,0.9803654551506042,0.32293670007160713,0.8096300414630342,0.011165296565741297,0.9961283802986145,0.37318549071039453,0.8157634394509448,0.2858937638146536,0.9668943285942078,0.31430518712316224,0.827383162294115,0.021998211082869333,0.9695268273353577,0.40947543127196157,0.819368343693869,0.2285954701048986,0.9878726601600647,0.3440920906407491,0.8396261589867724,-0.0421516279024737,0.9939820766448975
92,0.3367353277547017,0.3563850922243934,-0.10754043353455403,0.999983549118042,0.3312057699475968,0.3524969816207884,-0.09281710833311077,0.9999529123306274,0.33034668309347953,0.3532752803393771,-0.09299903916461123,0.9999470114707947,0.3296033569744653,0.3541900873184203,-0.09299153706857131,0.9999620914459229,0.33023478899683256,0.35359676054545797,-0.11335041501692358,0.999980628490448,0.32863257782799843,0.3551658562251498,-0.11354633186544685,0.9999861717224121,0.3270246905939918,0.3568087892872945,-0.11365799073662071,0.9999876618385315,0.3234820357390811,0.3647058989320481,-0.024292072813425734,0.9999791979789734,0.31947011010987403,0.3686636218002862,-0.12029281961066376,0.9999790191650391,0.33835444876125864,0.36686952284404195,-0.08116125762462612,0.9999870657920837,0.3368530895028794,0.3678099811077116,-0.10977922528982156,0.9999902248382568,0.3537027776241301,0.3980782278946466,0.026073346978851716,0.9999957084655762,0.3093329744679586,0.4504787036350793,-0.14643185734748831,0.9999925494194031,0.3690757742949893,0.32537091885294217,0.05196248739957807,0.9625766277313232,0.2810287960938044,0.49357418077332604,-0.2842504288469041,0.9991257786750793,0.38550869141306177,0.2532456129789351,0.016944192519544484,0.9816169142723083,0.26075984580176204,0.5333495088985986,-0.4505139333861212,0.9985746145248413,0.39536659632410304,0.23966813513210833,0.009548200054892467,0.978577196598053,0.25951048220906925,0.5505598255566186,-0.4941245104585372,0.9973369836807251,0.39535814012799925,0.23551622842039371,-0.010178374060030491,0.9812363982200623,0.2615671907152447,0.5470176952225818,-0.5004065292222157,0.9974504709243774,0.3912477152688161,0.24060699471405564,0.006369758636823718,0.9801329970359802,0.2630532222134725,0.5414131011281692,-0.458829218149185,0.9947146773338318,0.37744159102439867,0.5818391868046349,0.06185047413621627,0.999995231628418,0.35297871146883264,0.596183771746499,-0.061916114709206965,0.9999937415122986,0.40051531536238516,0.6892459171158924,0.15569151171616138,0.9472839832305908,0.360085276194981,0.7169804198401311,-0.10073158251387726,0.9955168962478638,0.3807692408561705,0.7937917879649568,0.2757996891226086,0.9822141528129578,0.3235723018646239,0.8096317155020574,0.0024803094033684046,0.9964555501937866,0.37345450179917455,0.8154358863830563,0.28337186319487423,0.9698653817176819,0.3143572483743939,0.8268074870109554,0.012119261095566405,0.9717716574668884,0.40961273993764585,0.8194998775209695,0.22648283626352028,0.9889634251594543,0.3439654035227638,0.8409525190080912,-0.05191498409424507,0.9944725632667542
93,0.336804584945951,0.35752072163990545,-0.11116432164396553,0.9999843239784241,0.33128996406282685,0.35411544612475787,-0.09641398957797453,0.9999551773071289,0.3304705466542923,0.3549850676740917,-0.09659193775483535,0.9999496340751648,0.32976946490151526,0.35597180128097516,-0.09658161870070861,0.9999635815620422,0.33024421589715125,0.35537681153842365,-0.11682555271046496,0.9999818205833435,0.32864499432700006,0.35711399316787706,-0.11702504158020013,0.999987006187439,0.3270257064274378,0.35891980869429435,-0.11713857565607338,0.9999882578849792,0.32381038410322993,0.3664709142276217,-0.02781154492071695,0.9999806880950928,0.31961721267018983,0.37093478015490927,-0.12325752143348961,0.9999803900718689,0.3385235156331742,0.36794980083193074,-0.08478801229170387,0.9999877214431763,0.3369413248130252,0.36900743160928984,-0.11324800721236633,0.999990701675415,0.3537218945366994,0.4005580655166079,0.022995486429759425,0.9999954700469971,0.3097429198878151,0.45158615538052127,-0.14893052109650196,0.9999920725822449,0.36664438503129126,0.3239889127867561,0.04732073151639528,0.9653947353363037,0.28086494037083204,0.49366934469767954,-0.2880489579268863,0.9991027116775513,0.3804309827940803,0.24759255903107766,0.012295494800699604,0.9832545518875122,0.2588324529784065,0.5294256482805522,-0.4562142542430331,0.9985659122467041,0.3890943969999039,0.23360293848173946,0.004902441267456325,0.9804033637046814,0.2571037249905721,0.5451203363282338,-0.4999283807618275,0.997360348701477,0.38915150676454796,0.2295359969139098,-0.014293977192469998,0.9828489422798157,0.25913293702261775,0.5412773030144825,-0.5061901450157162,0.997472882270813,0.385454543999263,0.2348470377070562,0.001941913592496088,0.9818530678749084,0.26083839450563695,0.5362909129687715,-0.46459101268223335,0.9947859644889832,0.3782397244657787,0.581868687697819,0.061797920614480945,0.999995231628418,0.35401200396674004,0.5961508750915524,-0.061863990234477154,0.9999936819076538,0.40136059607778257,0.6899065426417756,0.1530299335718154,0.9521223306655884,0.3620219528675077,0.7172208683831348,-0.10913582742214198,0.9959313273429871,0.38085066505840826,0.793575777326311,0.26680622611727023,0.9838824272155762,0.32424399682453686,0.8096142257962904,-0.011978500070316447,0.9967617392539978,0.37362821953637243,0.8150759220123287,0.27390095080648136,0.9725651144981384,0.3143034969057354,0.8262807267052782,-0.0033943096707974136,0.9739205241203308,0.40975515076092295,0.8195060883249552,0.21756423286029258,0.9899534583091736,0.3439854664461952,0.8423205205372397,-0.06695835345557755,0.994937539100647
94,0.33674253991671954,0.35927323528698496,-0.11732726608003884,0.9999854564666748,0.3312359077589851,0.35624071529933365,-0.10268323698214117,0.9999584555625916,0.33043391534260325,0.3571656439985546,-0.1028581246733665,0.9999533295631409,0.3297553454126629,0.35817378163337693,-0.10284520515373771,0.999966025352478,0.3301223346165246,0.3575787978512899,-0.1229787124054772,0.9999832510948181,0.3285714166504995,0.35941564014979754,-0.12318152955600188,0.9999880194664001,0.32697537967136914,0.3613724946975706,-0.1232962331601551,0.9999890923500061,0.32385065470423,0.368856871979577,-0.033794502860733426,0.9999822974205017,0.3196483876023972,0.3736979135445184,-0.128756562088217,0.9999819993972778,0.33851016845021914,0.36956821084022506,-0.09079748179231367,0.9999885559082031,0.33692459208624687,0.37063891036169855,-0.11910952521221974,0.9999913573265076,0.35368280666215063,0.4025971710681914,0.018235171479838226,0.9999954104423523,0.31048007607460004,0.45233529380389603,-0.15390360397951935,0.9999920725822449,0.3645250822816574,0.3227024555206297,0.03894014890704835,0.9679160118103027,0.2806990895952496,0.49372991919517495,-0.29332407627786894,0.9991200566291809,0.3765161173684255,0.244271991934095,0.0013699824755479169,0.9847337007522583,0.2575820744037627,0.5270639947482515,-0.4619122190134864,0.9986172318458557,0.38393825803484216,0.2298899714435849,-0.006598753372340328,0.9820713996887207,0.25526749747140054,0.5414625457354952,-0.5057116678782869,0.9974658489227295,0.3840472315038952,0.22586080644811893,-0.02529195516503282,0.9843185544013977,0.25728348408426543,0.5379079256738932,-0.5119612285069055,0.9975734353065491,0.38073902385575414,0.23150704247610898,-0.008830362072746664,0.9834163784980774,0.2592262736388614,0.5333933336394171,-0.4702799166951858,0.9950047731399536,0.3789860120841433,0.5819065008844645,0.06180122696927613,0.9999952912330627,0.3549476623535155,0.5961612871714999,-0.06186764644724979,0.9999937415122986,0.40219408018248404,0.6907015255519319,0.15055756909506654,0.9566431641578674,0.3638967539582932,0.7174568789345874,-0.11787686965295241,0.9963178634643555,0.3808832143034252,0.7934253607477457,0.2617087585585457,0.9854187369346619,0.32477508527891963,0.8095974564552304,-0.025931615169559195,0.997048556804657,0.37368020670754554,0.8146436163357321,0.2684378504753111,0.9750945568084717,0.31418842673301683,0.8259952136448449,-0.017993109726480067,0.976040780544281,0.4097293751580373,0.8197664771761208,0.2122870087623595,0.9908822178840637,0.34388453619820714,0.8438443831035066,-0.0827639532940728,0.9953803420066833
95,0.3366774891104015,0.36109150818416036,-0.11369129610913135,0.9999858736991882,0.3311756934438431,0.3582583759512219,-0.09938769106354028,0.9999598860740662,0.33041166067123395,0.359218771117074,-0.09956324355942858,0.9999549388885498,0.32974803107125406,0.3602117087159836,-0.09955004368509561,0.9999668002128601,0.33000979423522936,0.35941807116780944,-0.11879279570920122,0.9999840259552002,0.32851390668324043,0.3611535421439578,-0.11899828889540258,0.9999885559082031,0.32695920893124153,0.36306064469473687,-0.11911731809377664,0.99998939037323,0.32386958769389546,0.37088572808674386,-0.0328744912786143,0.9999833106994629,0.319667339324951,0.3755710048334937,-0.12398821221930634,0.9999828934669495,0.33849873542785625,0.3713742383888788,-0.08803872295788352,0.9999889135360718,0.33688920906611836,0.3721951212201798,-0.11514694967440192,0.9999915957450867,0.3536053827830722,0.4033949383667535,0.017410595821482786,0.999995231628418,0.31119888765471304,0.4526600982461655,-0.15141933645520883,0.9999917149543762,0.36291661092213207,0.3216089384896413,0.038499455686126414,0.9701560139656067,0.2809947081974573,0.4934438109397886,-0.29215154903275614,0.9990881085395813,0.37356621878487706,0.24421701175825924,-0.0007837505878082345,0.9860555529594421,0.25724570069994235,0.5252622842788695,-0.4598407038620538,0.998600959777832,0.38033529605184263,0.22913081688540313,-0.008832476910070646,0.9835497140884399,0.25429169109889427,0.5381224989891049,-0.5033195997987472,0.9974628686904907,0.3799402994768958,0.22466008918625957,-0.027239502088299807,0.9856211543083191,0.2562000444957187,0.5345094425337653,-0.5096454024314878,0.9975717663764954,0.3767852451120102,0.23054033390113277,-0.010862801480938543,0.9848035573959351,0.25832194515636975,0.5305858986718311,-0.4682435010160716,0.9950445890426636,0.37952213457652484,0.5818771924291335,0.06193440918411525,0.9999952912330627,0.3558207384177615,0.5960528952734807,-0.06200323849916455,0.9999937415122986,0.40372428468295485,0.6912004658154076,0.14616493455001278,0.9606486558914185,0.36516360385077323,0.717589095660618,-0.12624052550111492,0.9966607689857483,0.3809252492019106,0.7934400899069646,0.2574355930089949,0.9867838025093079,0.3252983161381311,0.8099424821989872,-0.04356852817748272,0.9973044991493225,0.37371640545981255,0.8142443622861586,0.2641751544816152,0.9773239493370056,0.3140787090573991,0.8262947150639122,-0.03613699538899318,0.9778836369514465,0.4093804793698445,0.820368979658399,0.20877127562250403,0.991698682308197,0.34429668528693047,0.8457755173955641,-0.10275926419666831,0.9957746267318726
96,0.3365447206156593,0.3625574409961698,-0.10533967805760241,0.9999861121177673,0.3311234414577483,0.3599268095833913,-0.09097487905195777,0.9999610185623169,0.3303999994482312,0.36090313536780205,-0.09115366850580484,0.9999561905860901,0.32977933883666977,0.3618455469608305,-0.09114172714097155,0.9999673366546631,0.32989606601851307,0.36090741498129686,-0.10978878949369697,0.9999846816062927,0.3284409267561775,0.3625216194561548,-0.10999547583716252,0.9999890327453613,0.3269105000155311,0.3642973550728388,-0.1101195844156401,0.9999896287918091,0.32388329335621413,0.3723563534872871,-0.026086785058890057,0.9999842047691345,0.31961222801889677,0.3770169028214044,-0.1143232596772057,0.9999836087226868,0.3384545377322604,0.3728711119719912,-0.08030767589807507,0.9999890923500061,0.3367223203182219,0.3734479870115006,-0.10659480733530857,0.9999916553497314,0.3533240744045801,0.4037355465548377,0.021976518112101717,0.9999949932098389,0.3116208681038446,0.4530861803463525,-0.1441106545073645,0.9999912977218628,0.36119379230907966,0.3207854100636072,0.045454381512744065,0.9719911813735962,0.2814258507319858,0.4930646896362302,-0.2869648567267825,0.9990492463111877,0.36951168179512006,0.2426698497363498,0.006285827882987046,0.9872581958770752,0.25756861652646734,0.522596728801727,-0.45419231227466017,0.9986222982406616,0.3764869468552724,0.22689265949385495,-0.0013736312909583947,0.9849010109901428,0.25361232757568347,0.5340455600193567,-0.49714846525873435,0.997527539730072,0.3755109327180043,0.22258529663085924,-0.019295373558998095,0.9868083000183105,0.25559187446321746,0.5300145677157808,-0.5032816205705912,0.997635006904602,0.3724109709262846,0.22861434050968704,-0.0035458460749526084,0.986064076423645,0.257995626756123,0.5265819873128617,-0.46251332248960203,0.9952027797698975,0.37978696652821115,0.581781310694558,0.06221825714622222,0.9999952912330627,0.3565623079027447,0.5959003806114194,-0.062294138648680254,0.9999936819076538,0.40527297088078074,0.6916290913309366,0.13911064437457488,0.9642461538314819,0.3663663242544445,0.717636862822941,-0.1296185793621199,0.9969725608825684,0.3809337011405398,0.7934449928147448,0.2501171418598719,0.9880020618438721,0.3258558920451572,0.8101155860083441,-0.05114095785788125,0.997539222240448,0.37360974635396665,0.8138676711491172,0.25691302333559296,0.9793388247489929,0.31407289590154364,0.8256652525493073,-0.04593703557870216,0.979645848274231,0.40881784217698214,0.8209194098200113,0.2030845046043395,0.9924310445785522,0.34469432915960024,0.8473856874874657,-0.11327989250421519,0.9961404800415039
97,0.3364537494523183,0.36342827848025716,-0.11094802490302488,0.9999859929084778,0.3311680052961621,0.36122825656618374,-0.09663689115217748,0.9999615550041199,0.3304738317217144,0.36219260948044896,-0.09682190439530777,0.9999568462371826,0.3299202348504746,0.36306901744433795,-0.09680975356272284,0.9999675154685974,0.3298971908433095,0.36210899012429354,-0.11567920318671629,0.9999849796295166,0.3284508756228854,0.3636098691395349,-0.11588840548481255,0.9999892115592957,0.3269188897950307,0.36521213054656965,-0.11601960744176587,0.9999895691871643,0.3240526735782622,0.37328145248549305,-0.031055451078074305,0.999984860420227,0.31960163031305566,0.37793355243546606,-0.12008727810212538,0.9999839067459106,0.33843176194599683,0.37381636330059576,-0.08546835311821525,0.9999890327453613,0.3365404665470122,0.3742530167102812,-0.1120750161153929,0.9999914765357971,0.35296831471579404,0.4041404843330382,0.018195215592693,0.999994695186615,0.3119926784719738,0.4540899506637026,-0.14780664145946495,0.9999898672103882,0.3593059590884616,0.3198017094816479,0.04364067826952252,0.9726256728172302,0.2815993104662213,0.4930277568953375,-0.29233172706195276,0.9988161325454712,0.3640911817550657,0.23946704949651434,0.005600609177989617,0.9881533980369568,0.2577735636915478,0.5201031565666197,-0.4592576239790233,0.998373806476593,0.37129650541714243,0.22368763472352698,-0.001998766907490788,0.9858918190002441,0.25322427834783273,0.5299104486192974,-0.502181359699794,0.9971945881843567,0.3696071999413625,0.21963673957756577,-0.01932234652340411,0.987683117389679,0.255131036043167,0.526030053411211,-0.5081172159739901,0.9973163604736328,0.36641871162823253,0.2256478990827287,-0.00391318193453896,0.9869909882545471,0.2576635650226047,0.5229124103273661,-0.4675326900822774,0.9946739673614502,0.3800571722643714,0.5816062450408933,0.06249802644763671,0.9999951720237732,0.3576548235757009,0.5956249237060544,-0.06258240916899269,0.9999933242797852,0.4067917772701806,0.6920227885246273,0.1348900250026157,0.9674105644226074,0.36759128485407133,0.7178825633866444,-0.12940265004123955,0.9972232580184937,0.38095186182430796,0.7933390447071617,0.2470599502325057,0.9890721440315247,0.3261979205267769,0.8099440608705789,-0.04283994151545421,0.997693657875061,0.3733921229839323,0.8135756645883829,0.25454228775841836,0.9810744524002075,0.31405107208660654,0.8238661731992445,-0.03625459222156287,0.9807764291763306,0.4081165126391818,0.8212635772568835,0.20177255656038004,0.9930547475814819,0.34481780954769664,0.8479355437414983,-0.09937345577137807,0.9963802695274353
98,0.3361996616636002,0.36404615300042276,-0.1259226119944027,0.99998539686203,0.33097136361258356,0.36213597484997323,-0.11164122458015163,0.9999614357948303,0.33035477570125016,0.36303239549909305,-0.11183584992374689,0.9999567270278931,0.32990626948220375,0.36387861115591846,-0.11182472450392582,0.9999672770500183,0.32968100394521427,0.36307138545172535,-0.13177840645824154,0.9999849796295166,0.3282661063330513,0.36459014330591455,-0.1319896629878452,0.9999890923500061,0.32675519500459926,0.36622768385069693,-0.13212418705224985,0.9999892115592957,0.3242210703236715,0.3751859034810746,-0.043425113015941194,0.9999852776527405,0.3196231535502841,0.37973108206476464,-0.13728876113891597,0.9999836087226868,0.33835155538150224,0.37457694751875725,-0.09921225437096183,0.9999886751174927,0.33634125505174894,0.37505398222378306,-0.12732376328536438,0.9999909996986389,0.35254540102822424,0.40583110962595237,0.009550368905599623,0.9999944567680359,0.3124866102422985,0.45623032791273915,-0.16072878326688486,0.9999875426292419,0.3568221466881887,0.3191631402288163,0.03403824120759962,0.972030520439148,0.28088669691767,0.49384313651493594,-0.3061299119676861,0.9980169534683228,0.3590517018522533,0.23621067106723773,-0.004395635426044461,0.9885635375976562,0.2581638932228087,0.5192171386310029,-0.47495737075805644,0.9969370365142822,0.36570768696921196,0.21984773363385873,-0.012813369380975402,0.9862719774246216,0.25365301540919705,0.5272011484418594,-0.5188286960124967,0.9952163100242615,0.3636571007115499,0.2161919363907404,-0.0298291929066181,0.988027036190033,0.2552309496062141,0.5241147994995115,-0.5241798264639717,0.9954031705856323,0.36078745467322193,0.22234314680099476,-0.013795963145925523,0.9873478412628174,0.2577284140246254,0.5214357750756398,-0.48309702362333007,0.9914759993553162,0.38044332691601324,0.5818046024867464,0.062724708872182,0.9999951124191284,0.35892573339598505,0.5959965229034421,-0.06281448964561732,0.999993085861206,0.40753215721675307,0.6930832862854001,0.1360927441290446,0.9701594114303589,0.36873491406440717,0.7188316532543724,-0.12480887153318944,0.9974207878112793,0.3810189408915382,0.7932148677962163,0.25212291053363245,0.9899923205375671,0.3263677111693789,0.8093278765678402,-0.023496315175933487,0.9977881908416748,0.3731812025819504,0.8134416665349684,0.2601277640887668,0.9824858903884888,0.3139888090746742,0.8219938022749761,-0.01373363862346325,0.9812862873077393,0.4075383135250635,0.8215294088636123,0.20610033316271636,0.9935634732246399,0.3445446823324474,0.8476227453776763,-0.07318456854139052,0.9965216517448425
99,0.3358933738299777,0.36472038711820315,-0.1350449491824422,0.9999847412109375,0.3306681326457431,0.36278494511331816,-0.1208693942853382,0.9999613761901855,0.33014056512287665,0.3636501729488371,-0.1210705344166074,0.9999566674232483,0.3297671496868132,0.3645274443285804,-0.1210592484899929,0.9999672770500183,0.32935380084174004,0.3638122609683444,-0.141515008679458,0.9999849200248718,0.3279716287340435,0.3654096969536371,-0.14173149998698908,0.9999889135360718,0.3264944093567983,0.36716501031603116,-0.14186894361461905,0.9999887943267822,0.3242702952453067,0.37749917932919075,-0.05163498723081178,0.9999856352806091,0.3196348266942159,0.38174653989928087,-0.14796709141560954,0.999983012676239,0.33821614895548124,0.3753435211522237,-0.10784204644816257,0.999988317489624,0.3361439534596033,0.37590313979557566,-0.13664426633289875,0.9999904632568359,0.352047744819096,0.40822484493255595,0.0028347154014876893,0.9999942183494568,0.31292637245995647,0.458557366473334,-0.1687450387648173,0.999984860420227,0.35426232985087786,0.31947658232280174,0.026800268036978575,0.9712985754013062,0.27925116334642675,0.4954390432153427,-0.3125971743038721,0.9970665574073792,0.35500839778355175,0.23619434237480152,-0.013247093957449703,0.9889363050460815,0.2585643776825495,0.5195224421364918,-0.48095788359642005,0.9946815371513367,0.3608562273638587,0.21856825266565583,-0.022634933513057006,0.9866204857826233,0.25431131379944927,0.52652405159814,-0.5252524171556743,0.9921383857727051,0.3587671969618115,0.21499437264033716,-0.03958690118576798,0.988348126411438,0.25573231918471184,0.5235798580305915,-0.5304171528135024,0.9924076795578003,0.3562861715044292,0.2212614289351871,-0.022691144479072778,0.9876642823219299,0.25825269818305957,0.5213474392890928,-0.48901697567531016,0.9864532351493835,0.3809452755110603,0.5824688366481233,0.06284922552960256,0.9999948143959045,0.35998730659484846,0.5969575456210543,-0.0629406929016113,0.9999923706054688,0.4088341483048028,0.6941309366907389,0.13802574872970574,0.9720727801322937,0.36947218946048177,0.7197926197733195,-0.12291136277573443,0.9974927306175232,0.3811333409377505,0.793194574969155,0.2536762412105287,0.9906215071678162,0.32639940806797557,0.8090774450983317,-0.015317235647567673,0.9977050423622131,0.37302114537784015,0.8134424635342186,0.2615473755768366,0.9833675026893616,0.3138522463185445,0.8217653836522779,-0.00327514378919399,0.9804982542991638,0.4073413091046468,0.8217537164688107,0.2057223469018935,0.9938145279884338,0.34460751414298996,0.8472923210688996,-0.06318900702255109,0.9963787794113159
100,0.3356304671083176,0.3656632031713211,-0.13372524806431355,0.999984085559845,0.33042323333876455,0.36359528643744315,-0.11923395118543076,0.9999609589576721,0.32996725610324296,0.3643862775393893,-0.11943369763238085,0.9999561309814453,0.32963281018393364,0.3652305415698458,-0.1194203770586422,0.9999668598175049,0.32894314953259046,0.36487889630453907,-0.13995210358074728,0.9999847412109375,0.32754602006503497,0.3666076813425335,-0.14017183397497443,0.9999886751174927,0.32608151691300513,0.3685017577239444,-0.1403063718761716,0.9999884366989136,0.3242212712764738,0.3794891314847127,-0.04954298202480586,0.9999856948852539,0.3195678472518919,0.3838857642241885,-0.14612072110176078,0.9999823570251465,0.33808023078101007,0.3761115610599516,-0.106426505105836,0.9999877214431763,0.33590395195143546,0.3769587414605275,-0.13530683858054018,0.9999898672103882,0.3515361377171106,0.4099655091762541,0.003739910439721174,0.9999938607215881,0.31321888906615103,0.46083737526621116,-0.16684539871556409,0.9999831914901733,0.3519192278385161,0.320198014804295,0.023156454360910815,0.9702951312065125,0.27789032288960036,0.497187851156507,-0.3060634212834493,0.9964458346366882,0.35178916113717196,0.23713908067771355,-0.023493615058915944,0.9890154004096985,0.2588059306144713,0.5202041234288894,-0.4712408772536684,0.9931045770645142,0.3570383923394338,0.2186468528849737,-0.03448641071362153,0.9866126179695129,0.25480612090655724,0.5269735063825332,-0.5150546499661035,0.9898869395256042,0.35527602263859326,0.21504477262496938,-0.05125156406845363,0.9883521795272827,0.25617224744388023,0.524127982343946,-0.5203260251453943,0.9902060031890869,0.3529156735965182,0.2212448009422846,-0.03308181044246468,0.9876570701599121,0.25869613971028993,0.5220697198595317,-0.4791905054024285,0.9829067587852478,0.3815613431589942,0.5832692129271368,0.06282817359481536,0.9999945163726807,0.3605964941637855,0.5981700437409534,-0.06292151893888198,0.9999918341636658,0.4103775756699697,0.6948139463152201,0.13543370280946998,0.9737566113471985,0.37019884330885733,0.7204812271254399,-0.12471718383686878,0.9975461363792419,0.3813218729836598,0.793238236222948,0.24683846064976273,0.9911683201789856,0.32641587853431686,0.808656469413212,-0.01107699814518647,0.9976052641868591,0.3728381293160573,0.8135215503828863,0.25390224456787097,0.9841732382774353,0.31369361366544435,0.821423506736755,0.00010571457179529348,0.9796839356422424,0.40715670841080787,0.8217103549412315,0.19691453320639465,0.9940419793128967,0.3446859598159788,0.8466388021196635,-0.06159538094486506,0.9962331652641296
101,0.3356679660933357,0.3671146852629523,-0.135074467744146,0.9999834299087524,0.3304751864501407,0.36490674614906293,-0.12042760699987405,0.9999606013298035,0.33002926281520284,0.36562306284904467,-0.12063010632991784,0.9999555945396423,0.32968101756913304,0.3664421055998119,-0.12061717914683473,0.9999664425849915,0.32877630080495546,0.36654570783887575,-0.14099868919168193,0.9999845623970032,0.3273070037364958,0.3684116755213055,-0.1412205645016261,0.9999884366989136,0.3258190069879803,0.3704181815896714,-0.14136051876204347,0.9999881386756897,0.32427385960306426,0.38112540670803596,-0.05026490422231808,0.9999856352806091,0.31950172271047306,0.38570805873189634,-0.14637835408960062,0.999981701374054,0.33806960071836184,0.37750702840941275,-0.10773992070129934,0.9999872446060181,0.3358147016593387,0.3787136537688117,-0.1364509169544492,0.9999893307685852,0.35116213730403334,0.4113671583788734,0.0013508439995348447,0.9999935030937195,0.313462916442326,0.46297535555703273,-0.16687342098781033,0.9999815225601196,0.3501220762729643,0.32097036583083,0.01887759513088634,0.9693920612335205,0.2774007507732935,0.49838485802922905,-0.3074699316705975,0.9957879185676575,0.3488246594156536,0.23753661215305316,-0.03006039168685673,0.9889786839485168,0.2588730377810341,0.5194293958800177,-0.4741457257952007,0.991391122341156,0.35328927550997036,0.21914255065577362,-0.04157832429877348,0.9864932298660278,0.2551107585430144,0.5258850233895436,-0.5179754870278492,0.9873382449150085,0.35188194853918875,0.21523608693054735,-0.058369211320366154,0.988265335559845,0.25640327760151443,0.5235014728137423,-0.5234231165477206,0.9877355694770813,0.3496134715420858,0.221005538531712,-0.03972444688635211,0.9875472784042358,0.25885958075523363,0.5214029346193584,-0.4822382603372844,0.9790883660316467,0.38218165040016155,0.584115694250379,0.0625433619533266,0.9999940395355225,0.3614380274500164,0.5993581346103121,-0.06263862401247022,0.9999909996986389,0.4116620736462727,0.6952045696122303,0.13059333605425694,0.974899411201477,0.370970662151064,0.7213714974267138,-0.128664062491485,0.9975093007087708,0.38165353621755316,0.7931951727185926,0.2404941584382737,0.9913935661315918,0.3265237356935227,0.8080266373498095,-0.007897273131779257,0.9972467422485352,0.37268054400171535,0.8133939317294525,0.24813768437930503,0.984361469745636,0.3139420322009494,0.8199200510978695,0.00373361727854769,0.9773041009902954,0.4069580180304389,0.8218756403241835,0.1910896041563578,0.993983268737793,0.3447471950735363,0.8459838271141048,-0.056966819188424486,0.9957108497619629
102,0.3354742705821989,0.3695787940706524,-0.13586389975888383,0.9999818205833435,0.3302610448428561,0.3675209615911755,-0.1212959917528288,0.9999595284461975,0.32991438082286273,0.3681472369602746,-0.12149926658187588,0.9999545216560364,0.3296334692410059,0.3689392098358697,-0.1214892610907554,0.9999656677246094,0.32833941578865034,0.3695367200034003,-0.14176444283553524,0.9999839067459106,0.32686562708445943,0.3715479969978331,-0.14198435800416123,0.999987781047821,0.325389323064259,0.37374017153467437,-0.1421275969062532,0.9999872446060181,0.32437985454286833,0.3842769367354255,-0.05223901090877395,0.9999856352806091,0.31945900491305745,0.3893975853919981,-0.1472398732389722,0.9999803304672241,0.33805245586803967,0.3798040338924951,-0.10869146947349816,0.999986469745636,0.3357111871242522,0.3815830273287635,-0.13732902322496682,0.999988317489624,0.3508960528033118,0.41377411655017293,-0.0003572680721325536,0.9999932050704956,0.3144591791289192,0.4656730805124553,-0.1692435954298291,0.9999774098396301,0.34790367058345234,0.32197932430676035,0.01957203862922531,0.9677433371543884,0.2783424036843435,0.4986882558890749,-0.32039897527013494,0.993919312953949,0.34517967360360263,0.237675066930907,-0.025911721906491676,0.9890316724777222,0.25932273013251156,0.5162243826048712,-0.4969147375651766,0.9872094988822937,0.34814228841236644,0.21991853373391276,-0.036514581101281286,0.9865092635154724,0.25539060490471965,0.5229163902146473,-0.5424852626664295,0.9819816946983337,0.346696786369596,0.215700174655233,-0.053888110284294376,0.9883055686950684,0.25663008604730864,0.5215721249580381,-0.5472903268677844,0.982530415058136,0.3449479196752819,0.22103848329612177,-0.03570541292428969,0.9875680208206177,0.2590923513684953,0.5191723993846347,-0.5051358359200612,0.9712116122245789,0.3835101647036414,0.5857628260340006,0.0627910895006997,0.9999937415122986,0.36266884888921447,0.6016367162976943,-0.06288926239524566,0.9999901056289673,0.4128945146288188,0.6959746888705659,0.1289396371160234,0.9764798879623413,0.371715382167271,0.722959072249276,-0.1313581792371613,0.997521162033081,0.38216210092817016,0.7932213459696085,0.2409059852361678,0.9917526245117188,0.3267175870282308,0.8073931864329743,-0.004934797003599147,0.9969845414161682,0.3726034581661223,0.8133626324789861,0.24946104884147632,0.9847206473350525,0.3144053757190703,0.818312505313328,0.00815451042061405,0.9755144119262695,0.40648728694234554,0.8225633621215817,0.1930875190666743,0.9940643906593323,0.3447770919118607,0.8454232437270024,-0.05015137493610379,0.9953259229660034
103,0.3351109359945568,0.3724973670073916,-0.13324352247374394,0.9999817609786987,0.3299219174044471,0.37062941023281626,-0.11863013293061932,0.9999610781669617,0.3297454467841555,0.3711740672588347,-0.11883479612214219,0.9999563097953796,0.3295989419732773,0.3719126820564268,-0.11882472272430142,0.9999669790267944,0.3278083009379249,0.3729937689644948,-0.13920629663126802,0.9999843835830688,0.32639014124870286,0.37510679449353884,-0.1394233882427215,0.9999880790710449,0.32495411889893655,0.3774917253426141,-0.13956681191921227,0.9999873638153076,0.32456841298512035,0.3876268812588281,-0.05075694865414072,0.9999863505363464,0.31947764924594324,0.393527202095304,-0.14520269036293024,0.9999805688858032,0.3380063150610241,0.38226564100810445,-0.10612227852855405,0.9999867081642151,0.3355179233210426,0.38465516992977666,-0.13495193719863885,0.9999881982803345,0.35062509690012233,0.4165327489376066,0.0018690054637512978,0.999993085861206,0.3159670642444064,0.46829632009778677,-0.16967784762382498,0.9999745488166809,0.34537657839911307,0.3235653596264974,0.025169133873922472,0.9668842554092407,0.2804206056254249,0.4985348258699688,-0.33239510996001087,0.9929821491241455,0.34148495708193083,0.23845457008906762,-0.01640935034624167,0.9894587397575378,0.26023012740271423,0.5120291522571017,-0.5198722260338917,0.9853573441505432,0.3429069467953272,0.22133900140013005,-0.02610012479126452,0.9870226383209229,0.2555191423211778,0.5200552412441796,-0.5672405821936468,0.9796915054321289,0.34139263800212294,0.21692398743970043,-0.04399282708764074,0.9887713193893433,0.256821060180664,0.5195891278130665,-0.5714084812573021,0.980265200138092,0.34032243915966565,0.22202611565589894,-0.026313121297529753,0.9880325198173523,0.25934384976114533,0.5166450193950105,-0.5282418872628891,0.9677304625511169,0.38528663260596124,0.5875179682459147,0.06363218703440254,0.9999937415122986,0.3637474562440598,0.6037579757826665,-0.06373402625322339,0.999989926815033,0.41420665979385357,0.6969614897455485,0.12749873272010254,0.9782832264900208,0.37221021396773185,0.7244028704507007,-0.13387061102049685,0.9976828098297119,0.38254657387733443,0.7929461768695283,0.2418011929307664,0.9923304915428162,0.32686868906021105,0.807230106421879,-0.006793753483465737,0.9971110820770264,0.3724994650908877,0.8128405128206522,0.25065505845206115,0.9856476187705994,0.3149003650460923,0.8177735379764008,0.007877838777910382,0.9764971733093262,0.40591199142592277,0.8234645536967682,0.19421364750180914,0.9944196939468384,0.3448305904865263,0.8448901619229994,-0.04880842917731828,0.9955293536186218
104,0.334210681915283,0.3748200110026767,-0.13284376817090163,0.9999821782112122,0.3291498558861867,0.37320670996393457,-0.11749967038631433,0.9999632239341736,0.3292183637619017,0.37362909146717604,-0.11770767995289388,0.9999587535858154,0.32930206486156993,0.37421879768371563,-0.11769150133643826,0.9999688267707825,0.3268590067114147,0.3759418496063776,-0.1384837171861103,0.9999850988388062,0.3255574677671703,0.37816744446754436,-0.13870203537600373,0.9999885559082031,0.3242441994803291,0.38073886462620304,-0.1388487258127757,0.9999877214431763,0.324728808232716,0.38990302085876444,-0.04747887509209767,0.9999871850013733,0.319496190547943,0.3969202492918285,-0.14342300679002482,0.9999810457229614,0.337725634234292,0.38390391639300736,-0.10494552531412664,0.9999871850013733,0.3350260291780743,0.3868191250732965,-0.13431972350393018,0.9999883770942688,0.35045940365110106,0.4181616314819879,0.006131704976516108,0.9999931454658508,0.31764561619077397,0.47042816792215597,-0.1706489009516579,0.9999719262123108,0.34290934460503697,0.32479089839117853,0.02912043189363819,0.9665244817733765,0.2828258386680057,0.4982643297740389,-0.34120086686951756,0.9916172623634338,0.3381847040993825,0.23904832686696723,-0.01462272937808717,0.9899187684059143,0.2612407062734875,0.5098028387342177,-0.5368583559989927,0.981681764125824,0.3392040814672196,0.222711819410324,-0.024730346990483133,0.9875656366348267,0.25559587223189206,0.518991604873112,-0.5862627540315897,0.9751723408699036,0.33762027025222763,0.21843592865126465,-0.04327295752508297,0.9892651438713074,0.2568526974746158,0.5190651212419779,-0.5897153854370114,0.9758318662643433,0.3366302115576606,0.22343589791229782,-0.024843714599098465,0.9885210990905762,0.25952421086175087,0.5156176924705502,-0.5452356764248436,0.9611450433731079,0.3867130015577587,0.588640565531594,0.06524642407894131,0.9999938607215881,0.36442805017743773,0.6050733378955293,-0.06534924400704245,0.9999898672103882,0.41517766118049604,0.697746418203626,0.12540786223752154,0.9799208641052246,0.37245975988251806,0.7252115385872974,-0.13520731755665363,0.9978249073028564,0.3828825397150855,0.7926486083439415,0.24566477068832931,0.9928187131881714,0.32683687380381976,0.8070213368960786,-0.007435952067109088,0.9972002506256104,0.37247593828609993,0.8121625389371596,0.25416722042219964,0.9863885641098022,0.31507348162787285,0.8177366052355082,0.0076458784352455775,0.977128803730011,0.4053657625402721,0.8247587357248575,0.19593850161348061,0.9947209358215332,0.34472607885088224,0.8436937485422402,-0.0495963673506464,0.995685338973999
105,0.33293110557964856,0.3759808455194744,-0.14066974392959042,0.9999821782112122,0.32800593461309147,0.3746502433504375,-0.12492401514734534,0.999964714050293,0.328292896917888,0.3749924991812023,-0.12514062161956507,0.9999604225158691,0.32861080510275686,0.375451908792768,-0.1251209214329719,0.999970018863678,0.3256761516843522,0.37758005516869664,-0.14630059599876397,0.9999855160713196,0.3244813408170426,0.37992821846689473,-0.1465214265244347,0.9999887943267822,0.32332375901085975,0.38265866807528887,-0.14667562118598387,0.9999878406524658,0.32475509728704166,0.3910875022411345,-0.05095349795051981,0.999987781047821,0.31942192997251223,0.39874134063720684,-0.14994193528379707,0.999981164932251,0.3371476505483898,0.38468524983951,-0.11189328687531602,0.9999874830245972,0.3342707523277826,0.38787469693592597,-0.14178520781653262,0.9999883770942688,0.35034860542842305,0.41844950999532404,0.0032378980756870316,0.9999930262565613,0.31849382179124,0.4723147239003861,-0.17723326214722215,0.9999688267707825,0.34096367614609835,0.3257659026554651,0.02385289344404424,0.9654830694198608,0.28407343626022324,0.49833237699099925,-0.35340807608195696,0.990559458732605,0.33540941732270363,0.23917922249862117,-0.025077179127505837,0.990244448184967,0.2617640946592602,0.5090723565646578,-0.5565203377178735,0.9793676137924194,0.33668533478464385,0.22315940856933583,-0.03670846431383063,0.9879839420318604,0.255502175433295,0.51850232056209,-0.6082587582724432,0.9721482396125793,0.3350891521998812,0.2188442242997032,-0.0558390146919659,0.9896551370620728,0.25663612229483457,0.5186398063387188,-0.6108278342655724,0.9728298783302307,0.33400791968618104,0.2238911918231418,-0.03562480413487978,0.988895833492279,0.2593815658773694,0.5150565692356652,-0.5647901500974379,0.9562980532646179,0.38706493547984516,0.5892320956502639,0.06637793949672152,0.9999938011169434,0.3651731601783206,0.605901787962232,-0.06647751267467224,0.9999895095825195,0.41524618438311967,0.6982520648411339,0.12510592171124044,0.9813944101333618,0.37300454633576513,0.7261563369206017,-0.13424111136368339,0.9979518055915833,0.383123332262039,0.7919964364596772,0.2516384018318992,0.9932863712310791,0.326812137876238,0.8060029046876085,-0.00018160562696201447,0.9972690939903259,0.3724648518221717,0.8107269457408357,0.2602858551910944,0.987092912197113,0.31516631415912066,0.8170052851949415,0.01450430551277739,0.9777085781097412,0.4052456106458389,0.8257378220558163,0.20033479162624893,0.9949871897697449,0.34429808173860804,0.8420225994927539,-0.04385166253362381,0.9957901835441589
106,0.3316597197737011,0.37687052062579546,-0.14686379858425677,0.9999818205833435,0.3266899602753774,0.375833954981395,-0.13028713337012693,0.9999656677246094,0.32712206840515123,0.3762325670037949,-0.13051162958145135,0.9999615550041199,0.32761292372431056,0.37670500704220344,-0.1304799590791974,0.9999707937240601,0.32447600705283014,0.37859112535204187,-0.15203767504010873,0.9999857544898987,0.32341186404228195,0.38098827941077074,-0.15227410367556976,0.999988853931427,0.32242803743907367,0.3837141479764664,-0.1524480645145688,0.999987781047821,0.32455314823559334,0.3923563940184455,-0.053018505871295904,0.9999881982803345,0.31928927642958493,0.3998414652688161,-0.1537356495857238,0.9999810457229614,0.3364534233297619,0.38559213195528286,-0.11690716594457622,0.9999876022338867,0.33353298987661073,0.3886218045439037,-0.14730673134326927,0.999988317489624,0.3502838952200752,0.41875154461179437,0.0022003719716199794,0.9999929666519165,0.3188106434685842,0.47379705565316316,-0.18192939162254324,0.9999668598175049,0.3394238701888491,0.3269365378788538,0.019730249366589944,0.9636370539665222,0.28435889908245615,0.4987672652517044,-0.3564926734992434,0.9892933368682861,0.3327153759343282,0.24003627896308885,-0.03384395028863633,0.9902561902999878,0.26243941273008065,0.5083942464419771,-0.5570331249918253,0.9766020774841309,0.3338060166154587,0.22406488699572416,-0.04556190573743409,0.9880926609039307,0.2560057026999336,0.5172733375004357,-0.6088695883750912,0.9687907099723816,0.331842849084309,0.21989540585449752,-0.06507285045725955,0.9897804856300354,0.2573837876319884,0.5167129789079936,-0.6114470141274586,0.9695314168930054,0.3307881866182598,0.2252778491803577,-0.044654960611036826,0.9889587759971619,0.2602863584245953,0.5133645551545276,-0.565084065709795,0.9510420560836792,0.3868204806532177,0.5903771758079526,0.06694643476179665,0.999993622303009,0.3659453945500508,0.6071529967444281,-0.06704313031264711,0.9999890327453613,0.41577185988426185,0.6982875960213795,0.12519401652472353,0.9825292229652405,0.373516580888203,0.7271520103727065,-0.1334934362343379,0.9980292320251465,0.3833753585815428,0.7913537911006379,0.2529941184180122,0.9936174154281616,0.32678587266377024,0.8045285088675359,0.0053438696145479145,0.9972416758537292,0.37246301685060756,0.8092737487384247,0.2617385029792784,0.9874792098999023,0.3152958835874283,0.8157719407762796,0.019120921274381017,0.9775197505950928,0.4050014683178491,0.8261736818722312,0.20130103656223833,0.9951475858688354,0.3437805635588508,0.8406721915517531,-0.040062291281563876,0.9957724809646606
107,0.33070006796291884,0.37844831602913975,-0.1494627927030835,0.9999778270721436,0.32565621137619005,0.3773859236921581,-0.1306592383555003,0.9999613761901855,0.3261282265186308,0.37789782455989274,-0.13090393564530775,0.9999571442604065,0.3266647730554852,0.3784708525453293,-0.1308601279343877,0.9999671578407288,0.32358054348400644,0.3799001072134289,-0.1521855243614741,0.9999834895133972,0.32259457451956597,0.3823119265692573,-0.1524458514792578,0.9999869465827942,0.3217030985014778,0.38493334821292313,-0.15265147856303615,0.9999855160713196,0.3241937833172933,0.39401758568627476,-0.05081315546163488,0.9999868869781494,0.3190124435084205,0.4010161289146966,-0.15019561307770857,0.9999774098396301,0.33579423172133294,0.38745822991643614,-0.1174608809607369,0.9999858736991882,0.3328151762485503,0.3901018423693519,-0.14756663228784284,0.9999862909317017,0.35009782058852046,0.4198614546230859,0.0042186794536454315,0.9999926090240479,0.3186309201376777,0.4756235505853378,-0.17828048978533056,0.9999634027481079,0.33805379101208266,0.3291679441928862,0.021679027431777534,0.9620686173439026,0.28448102814810605,0.5011924454144068,-0.34817104765347057,0.9880312085151672,0.3293766677379607,0.24257690140179214,-0.03470472512500625,0.9902886748313904,0.263727147238595,0.5072595851761952,-0.5437219228063308,0.9742101430892944,0.3299902864864893,0.22591179609298695,-0.04623981756823402,0.988175094127655,0.2580024983201707,0.5140873602458407,-0.5926668814250399,0.9656258225440979,0.32780681422778524,0.2222425946167536,-0.06504741257854868,0.9898751378059387,0.260000626529966,0.5121484058243886,-0.5984365122658863,0.9663597941398621,0.3268646419048308,0.22818201311996994,-0.045099429307239376,0.9890090227127075,0.2628892149244035,0.509741687774658,-0.5536112759794505,0.9463082551956177,0.38699411153793317,0.5918310829571313,0.06671900131872718,0.9999932646751404,0.3665060537202016,0.6086381622723168,-0.06682398021221159,0.9999882578849792,0.4172570586204527,0.6983828272138319,0.12208424231835768,0.9835977554321289,0.37423188856669815,0.7281166042600355,-0.13450078836509155,0.9980902671813965,0.38380120737212026,0.7900928531374247,0.24892541468143453,0.9938986897468567,0.3268223924296241,0.8034617679459704,0.00406875347897377,0.9972043633460999,0.3726181464535847,0.8072053074836727,0.25782195542539854,0.9877092838287354,0.31575759223529254,0.8146597521645678,0.017449178972414554,0.977057933807373,0.4042895564011163,0.8258789096559793,0.1982210866042545,0.9952471256256104,0.34342847211020316,0.8400007639612467,-0.04131945052317208,0.9957108497619629
108,0.3299883697714123,0.3805686209883007,-0.14088327842099319,0.9999667406082153,0.32491464018821703,0.37936644213540194,-0.1208932682871818,0.9999464750289917,0.3253708856446401,0.3799722841807772,-0.12114808325256615,0.9999412298202515,0.32588962231363555,0.38064122370311176,-0.12110247675861625,0.9999548196792603,0.3229548718248093,0.38177154489925913,-0.14167072921991342,0.9999765157699585,0.32202669211796336,0.3842147188527242,-0.14193703702517912,0.9999812841415405,0.3211917911257061,0.3867084486143928,-0.1421528309583663,0.9999790191650391,0.32374282990183134,0.39588281938007885,-0.04096092666898453,0.9999818205833435,0.31869672281401484,0.4027668876307349,-0.1370446145534515,0.999966561794281,0.3352010692868912,0.38987193192754455,-0.10846320922885617,0.999980628490448,0.33215727550642815,0.39217848607471995,-0.1375225750463349,0.9999808073043823,0.34973040223121626,0.4211827550615581,0.012287626615060221,0.9999918341636658,0.3183066453252519,0.47749824438776267,-0.1656528051410402,0.9999560713768005,0.3368052218641552,0.33186972652162805,0.03221837021410463,0.9595059752464294,0.284424316883087,0.5054496066910878,-0.32963375108582615,0.9851664900779724,0.32605356148311054,0.24727000764438073,-0.024305376357265866,0.990188479423523,0.26484675237110666,0.5070118818964274,-0.5185103535652158,0.9707218408584595,0.3263175215039933,0.22937067278793868,-0.035535553044506465,0.9881028532981873,0.2601603414331162,0.5116596800940375,-0.5649019718170164,0.9615500569343567,0.3244617436613354,0.22634120455809992,-0.05284134234700881,0.9898324012756348,0.26261687874793993,0.5082849945340835,-0.5713337438447132,0.9623813033103943,0.32354792101042595,0.2327711509806768,-0.033808360940643704,0.9889110922813416,0.2654972434043883,0.5069660033498489,-0.5286774992942808,0.9403553605079651,0.387541844163622,0.5930843285151888,0.06653024958712711,0.9999924898147583,0.3670056607042039,0.6098426665578567,-0.06665369059358321,0.9999865889549255,0.4189692590917858,0.6987415041242324,0.11653983954872399,0.9842216968536377,0.3749815404415129,0.7287593552044456,-0.1353211228336606,0.9979733824729919,0.3847709792000905,0.7891301700047081,0.2433120399713515,0.9938745498657227,0.3269830925124031,0.8031461272920877,0.0008249769128659466,0.9968675971031189,0.373240109852382,0.8054280144827702,0.25244383088179984,0.9871758818626404,0.31662894913128425,0.8140059300831382,0.013630548252591058,0.9743519425392151,0.40373113581112435,0.8260711635862075,0.19301357056413368,0.9950136542320251,0.34320204939161014,0.8398425902639113,-0.04551737265927449,0.995212972164154
109,0.32940471427781226,0.38244646957942396,-0.12482880013329636,0.9999529123306274,0.32436622892107264,0.38112442493438703,-0.10609241809163769,0.9999264478683472,0.32481902582304806,0.38175215891429337,-0.10633677904094964,0.9999205470085144,0.3253309173243385,0.3824373023850576,-0.10630610457488462,0.9999383687973022,0.32246776904378605,0.38359896625791257,-0.12561150044202798,0.999967098236084,0.32157662936619336,0.38608171514102374,-0.1258584686688014,0.9999739527702332,0.32076953138623904,0.38852631960596334,-0.12604897618293756,0.9999707937240601,0.32336469037192195,0.3974746278354098,-0.02995536295430999,0.9999749660491943,0.3183933700834,0.4047057143279482,-0.12098747662135528,0.9999530911445618,0.3346769784178051,0.39185756955827966,-0.09460624307394024,0.9999735951423645,0.3315309226512907,0.39403848137174313,-0.12190525787217271,0.9999735355377197,0.34936320185661296,0.422136615855353,0.019822906875716778,0.9999909996986389,0.3177275291510989,0.4796502854142868,-0.14889835502420146,0.9999491572380066,0.3357375110898697,0.3346289421830857,0.03903358482888765,0.9578752517700195,0.28410219209534765,0.5094887137413022,-0.3064651123114993,0.9828106164932251,0.32315112778118665,0.2516488496746334,-0.019173145294189443,0.9900484681129456,0.26482015507561807,0.5072241493633813,-0.4901778612818034,0.9684970378875732,0.3232800798756734,0.23253595530986776,-0.0315302298005138,0.9879488348960876,0.26072954450334807,0.5112381867000032,-0.5354559864316665,0.9589064717292786,0.3218598467963081,0.22977111084120605,-0.04696942876492226,0.9897025227546692,0.26334180576460686,0.5068290455000739,-0.5397786736488339,0.9597877860069275,0.32102799756186334,0.23648333123752038,-0.027797935690198613,0.988728940486908,0.2661396188395363,0.50626528433391,-0.49894024985177154,0.9366999268531799,0.38821097016334516,0.5942540390150884,0.06589593461581636,0.9999918937683105,0.3675701354231151,0.6111751590456278,-0.06604052569184982,0.9999852776527405,0.42062100427491306,0.6991984997476848,0.10792352599757053,0.9851250052452087,0.3758698812552859,0.7293181742940626,-0.13488708521638593,0.9979560375213623,0.3856745013168878,0.788344778333391,0.23290146887302388,0.9940469861030579,0.3277471814836773,0.8031733138220647,0.0004213918954649537,0.9967485070228577,0.37419323495456136,0.8033836313656395,0.24194138773850019,0.9872190952301025,0.3180314694132122,0.8139298064368108,0.013166799529322551,0.9731978178024292,0.4033940417425971,0.8263772283281594,0.18296501934528342,0.9950114488601685,0.34302427598408275,0.8395001428467883,-0.04539123241390498,0.9950075149536133
110,0.32923291240419644,0.3843676745891569,-0.1117314430219786,0.999930202960968,0.32415877154895223,0.38310785038130607,-0.09495835815157204,0.999891459941864,0.3245977980749946,0.3837535176958355,-0.09518443665334152,0.9998846054077148,0.3250995533806936,0.3844214473451885,-0.09516426367419101,0.999909520149231,0.3223213570458547,0.38556402495929154,-0.11405812948942179,0.9999511241912842,0.32146273851394636,0.3879934642996105,-0.11428792710815151,0.9999617338180542,0.32067003846168507,0.3903747890676769,-0.11445282506091248,0.9999577403068542,0.32317418456077557,0.3989519562040055,-0.022483677363821425,0.9999631643295288,0.31825767329760946,0.40636870350156495,-0.11139740092413761,0.9999326467514038,0.3344334014824457,0.39369880046163264,-0.08390011702265054,0.9999619722366333,0.3312779000827243,0.3958913104874745,-0.11057972375835685,0.9999620318412781,0.34920790706362026,0.4230745119707923,0.025503770528095097,0.9999896883964539,0.31721256630761263,0.48145375336919494,-0.14001256823539726,0.9999416470527649,0.33514573233468176,0.33755863053458063,0.04194368688123565,0.9564180970191956,0.28377940399306145,0.511763194629124,-0.291339817217418,0.9807850122451782,0.32155315450259603,0.25515771721090574,-0.018299654706580824,0.989866316318512,0.2648753438677105,0.5083527139254976,-0.467350717953273,0.9674478769302368,0.3213484942913054,0.2356159299612044,-0.03107434191874094,0.9877364635467529,0.2605132051876612,0.5121378234454561,-0.5125875421932764,0.957635223865509,0.32002390878541115,0.2329563145126614,-0.045757954886981395,0.9895186424255371,0.26317630750792353,0.5073975001062663,-0.514062656675066,0.9585199356079102,0.3193063318729399,0.23981248821531012,-0.026745207527918462,0.9885029196739197,0.2660927883216312,0.5069032703127178,-0.4738755379404338,0.935213029384613,0.3885659498827796,0.5956729275839666,0.06532494681222095,0.9999909400939941,0.36811550600188103,0.6127588936260765,-0.06547973177262711,0.9999832510948181,0.4220974121774944,0.6996811321803498,0.1001419535705021,0.9857701659202576,0.37708305205617615,0.7296745317322864,-0.13410900192601333,0.9978506565093994,0.38618095687457477,0.7874593257904049,0.22302729189395892,0.9939711689949036,0.3295044507299149,0.803094385351453,0.003162654130885909,0.996385395526886,0.37501685363905757,0.8012916684150693,0.23194690091269343,0.9867956638336182,0.320080302442823,0.8135750957897727,0.016432000250954707,0.9709014296531677,0.40303638492311733,0.8265683906418932,0.174034902027675,0.9947543740272522,0.3429767634187424,0.8388505901609145,-0.03997802053179057,0.9944197535514832
111,0.329207636628832,0.3863474615982599,-0.11050399627004345,0.9999096989631653,0.3241518701825822,0.38515336258070787,-0.09405772771154128,0.9998635649681091,0.32458891953740787,0.3858177798134938,-0.09428371254886896,0.999856173992157,0.3250729058470043,0.3864448743207112,-0.09426735235112049,0.9998874068260193,0.3223121966634476,0.3875754543713159,-0.11348971830947052,0.9999377131462097,0.32144961016518714,0.3899509872709,-0.11371764732258656,0.9999510645866394,0.3206457572323934,0.39232454299926733,-0.11388236497129708,0.9999462962150574,0.32313631006649546,0.40039467470986484,-0.02204646234001431,0.999954342842102,0.31819578834942397,0.4080127588340212,-0.11239625364542002,0.9999139904975891,0.33438031417982905,0.3955601888043538,-0.08284723503249028,0.9999527335166931,0.3312111241476875,0.3979648956230707,-0.10994212073939183,0.9999521374702454,0.34920278787612896,0.42455638902527926,0.02709710486233233,0.9999889135360718,0.3172396617276326,0.48302780985832194,-0.14209668806621,0.9999342560768127,0.33486622146197714,0.34061403870582563,0.046721215013946785,0.9552565813064575,0.2843195225511277,0.5134006994111195,-0.2963065675326755,0.9780421853065491,0.3205087457384381,0.25828803522246213,-0.010130024880969094,0.9897632598876953,0.266408884525299,0.5113213045256476,-0.4781637728214262,0.9650342464447021,0.3199996922697338,0.2386113030569893,-0.021632085580910947,0.987622857093811,0.2610398726803914,0.5129641515868049,-0.5245381116867063,0.9548621773719788,0.31846059645925234,0.23613313479082915,-0.037579393493277664,0.9894152879714966,0.26352578912462493,0.5079844066074914,-0.5256298150335037,0.9557470679283142,0.31776895778519754,0.24310627664838505,-0.01899951563349791,0.9883447289466858,0.2668859294482639,0.5074702739715573,-0.48471049921853177,0.9313499331474304,0.38902230773653285,0.5968982934951779,0.06534611412457055,0.9999900460243225,0.3685717514583041,0.6144681164196556,-0.06550145809139521,0.9999810457229614,0.4233197459152765,0.7001412919589448,0.09638653099536892,0.9863349795341492,0.37834052358354825,0.7299858519009178,-0.1343470075300761,0.9977447986602783,0.38644748415265745,0.7861012782369337,0.21694656440189897,0.9938282370567322,0.3311496249267032,0.8029829961912969,-0.0017813641613299417,0.9959685206413269,0.37571311167308247,0.7992452996117724,0.22554090661661955,0.9862188696861267,0.32160549163818347,0.8130797777857095,0.011349046593282501,0.9685712456703186,0.40255727682794823,0.826575410366058,0.16800562739372246,0.9944180846214294,0.3431053195680889,0.8383185011999944,-0.044048647369657225,0.9937523603439331
112,0.3292824915477206,0.38833277225494367,-0.11581493765115733,0.999897837638855,0.32426988652774247,0.3873650065490176,-0.09954239768641332,0.9998503923416138,0.32467264533042894,0.38801130567278164,-0.09977042036397112,0.9998428821563721,0.32515569669859734,0.3885580641882759,-0.09975447228976653,0.9998772740364075,0.32240048732076354,0.3898273834160394,-0.11947260009390961,0.9999313354492188,0.3215104086058479,0.3922253974846429,-0.11969949028321669,0.9999459385871887,0.32068081242697566,0.39469345297132197,-0.11986592731305526,0.9999402761459351,0.3232540377548761,0.40191630635942716,-0.0267766986042261,0.9999504685401917,0.31817080633980876,0.410228908061981,-0.11861822647707797,0.9999036192893982,0.33442723921367085,0.39724837030683224,-0.0878217313970838,0.999948263168335,0.33124746595110194,0.4000047726290565,-0.11561460878167827,0.9999468922615051,0.34924854636192304,0.4267565258911676,0.02463174914675098,0.9999885559082031,0.3175565123558043,0.48514631901468525,-0.14701202341488423,0.9999280571937561,0.33455937675067343,0.3435358745711189,0.0443125753530434,0.9543970227241516,0.28496853624071383,0.5154528583799087,-0.30671362195696134,0.9756276607513428,0.31867038266999365,0.2621282611574444,-0.011005182685663122,0.9899444580078125,0.26884940777506133,0.5151963676725113,-0.49765775374003796,0.9628033638000488,0.3174417768205914,0.24295629348073675,-0.022498617613954195,0.9878318905830383,0.26247887781688134,0.5136568631444656,-0.5458721790994914,0.9525265097618103,0.31577336447579507,0.2405919155904224,-0.03904056666152816,0.9895952939987183,0.26477890014648425,0.5086350968905855,-0.5458761385508943,0.9533979892730713,0.3153342953750064,0.24733154220240444,-0.020025814510881892,0.988508403301239,0.26854652166366566,0.5085760048457553,-0.5039956952844344,0.9279318451881409,0.3898716449737547,0.5978861979075838,0.06496448474270954,0.9999897480010986,0.3689948516232625,0.6161184276853287,-0.06511809655598229,0.9999801516532898,0.4243758090904779,0.7004973139081679,0.09499147385358805,0.9871209859848022,0.3792592210429053,0.7307509371212548,-0.13600181809493467,0.9977906942367554,0.38681583915437956,0.7850121532167704,0.2164446656193051,0.9940066933631897,0.3321100754397254,0.8028964366231642,-0.009032020072585766,0.996027410030365,0.37645191124507343,0.7981101291520251,0.22496555745601643,0.9863921999931335,0.3220451721123285,0.8124563642910545,0.0035499457053707094,0.9690338373184204,0.4023490633283341,0.8268106119973315,0.16536716222763054,0.9944792985916138,0.34305493320737546,0.8384523102215354,-0.0532085125999791,0.9938273429870605
113,0.32931171059608444,0.39017211113657246,-0.10902194402047562,0.9998800754547119,0.32434464182172484,0.38962815744536244,-0.09250320111002236,0.9998281002044678,0.3247340576989308,0.39023250000817417,-0.09273160759891778,0.9998205900192261,0.32527765376227225,0.39072211384773237,-0.09271749364478243,0.999860942363739,0.32245871509824464,0.39219644239970597,-0.1122977556926863,0.9999196529388428,0.3215522136007035,0.3946590644972663,-0.11252213375908983,0.9999361634254456,0.3207069686480929,0.3972309504236492,-0.1126865427408899,0.9999290704727173,0.3235581074442181,0.4037593134811944,-0.020196966341297532,0.9999439716339111,0.31817887425422653,0.41284975579806715,-0.1108149551919528,0.9998836517333984,0.3344590076378412,0.39880155750683355,-0.08138067126274105,0.999941349029541,0.3312387347221373,0.4017704784870146,-0.1089610555342265,0.9999386072158813,0.34934060147830404,0.42917306423187235,0.029077630011098712,0.9999881982803345,0.3178619333675928,0.48744910699980576,-0.14107055962085716,0.9999178647994995,0.33392220820699403,0.345930185488292,0.045806548638003194,0.9546666741371155,0.28630695087569086,0.5172701784542626,-0.30313576970781586,0.9710896015167236,0.3161648733275276,0.265596796785082,-0.010177646120012332,0.9900135397911072,0.27102736319814397,0.5182191797665185,-0.4951081437723975,0.9559992551803589,0.31441078441483616,0.2469894519874027,-0.021848179506404046,0.9878724813461304,0.2639161212103706,0.5143203548022677,-0.5431259989738462,0.9452807903289795,0.3127651248659405,0.2445953731025967,-0.03842319010623862,0.9896178841590881,0.2662322095462253,0.5089107445308139,-0.5428760324205669,0.9462608695030212,0.3126499933855873,0.2510163515806197,-0.019206251204013813,0.9884827733039856,0.27027876036507725,0.509641989639827,-0.5013042168957844,0.9184339046478271,0.39115487762859874,0.5986563188689094,0.06415861589567999,0.9999892711639404,0.36936650361333556,0.6174410172871179,-0.06431643707411627,0.9999786019325256,0.4254264840057916,0.7008749280657084,0.08524888115269792,0.9878262281417847,0.3801869162491388,0.731541550159454,-0.13621037048952914,0.9977582693099976,0.3870789851461136,0.7847275887216837,0.19664287567138664,0.994137167930603,0.3325994500092096,0.802936230387006,-0.01576787342450448,0.9959407448768616,0.37714254600661123,0.7981034517288205,0.2039751993758337,0.986362636089325,0.3219692860330853,0.812323244980403,-0.004162496256425843,0.9682756662368774,0.4024871545178548,0.8277598040444506,0.14160178772040768,0.9944736957550049,0.3425245480878011,0.8388042892728529,-0.06236317328044343,0.9936656355857849
114,0.32932634098189206,0.3921514800616671,-0.10024803004094529,0.9998563528060913,0.3243857051645005,0.39210480110985874,-0.08343885296157424,0.9997976422309875,0.3247804335185458,0.3926678708621432,-0.08366683274507519,0.9997903108596802,0.32542368599346694,0.39313804081508075,-0.08365353260721475,0.9998363852500916,0.3225162531648362,0.3947116323879785,-0.10283981923546105,0.9999062418937683,0.3215983705861226,0.397209869963782,-0.10306244577680311,0.9999260902404785,0.3207418629101343,0.3998465844563074,-0.10322388580867217,0.9999180436134338,0.3239137973104203,0.40598350763320906,-0.011891432345977846,0.9999340772628784,0.3181975764887672,0.415589517354965,-0.10070336673940926,0.9998668432235718,0.33447493229593533,0.40054491673197046,-0.07303166506545881,0.9999326467514038,0.3312139093875883,0.40364056399890336,-0.10004305243492122,0.999929666519165,0.3494826793670653,0.43128944039344763,0.03399821620966705,0.9999874830245972,0.317957750388554,0.48947948898587884,-0.1328360255275453,0.9999123811721802,0.3333630740642546,0.3484583088329859,0.0479188269802502,0.9547606110572815,0.2874721339770724,0.5189032094819203,-0.2930757233074732,0.9700309634208679,0.3141270194734844,0.26890606284141527,-0.010134930644250872,0.9903131127357483,0.2724483038697923,0.520190095901489,-0.47790204542023773,0.9577418565750122,0.31220132708549486,0.2504293824945176,-0.02214498501936239,0.9882223606109619,0.2652716372694287,0.5149629167148043,-0.5245466334479193,0.9474800825119019,0.31087050778525205,0.2478427844388143,-0.03841011393815277,0.9899117350578308,0.2677827400820595,0.5090654543467928,-0.5250806263514924,0.9483827352523804,0.31092077238219107,0.2540928487266812,-0.019100224439586904,0.9887900352478027,0.27184269854000626,0.5106161986078532,-0.484229882274355,0.921495258808136,0.3923621356487272,0.5993532555443898,0.06335063001939226,0.9999883770942688,0.36968108160155144,0.6187651327678132,-0.06351444678647175,0.9999763369560242,0.4265329258782521,0.7013575570923938,0.07824518787009371,0.9886708855628967,0.3811085411480493,0.7323574423789975,-0.13330815775053836,0.9977854490280151,0.38728584051132187,0.7847908173288615,0.18180071711540216,0.9944071173667908,0.3331059072698864,0.8029407943998061,-0.009803820867091412,0.9959612488746643,0.3775868892669676,0.7984914609364098,0.18831087052822104,0.9867798089981079,0.3220554488045827,0.8114852053778508,0.0020762809469098485,0.9686737060546875,0.4028030574321745,0.8288609044892443,0.12483854080949505,0.9946337938308716,0.3416706315108706,0.8390095881053377,-0.054588691145181625,0.9936456680297852
115,0.3292988879340034,0.3938203411442891,-0.08597488084009712,0.9998307824134827,0.32442215340478064,0.39402309826442156,-0.06853025364024296,0.9997640252113342,0.3248313742024556,0.39456345524106684,-0.06875623123986377,0.9997576475143433,0.32552581174033013,0.3950403877667017,-0.0687412768602371,0.9998108148574829,0.3225567562239509,0.3966296391827718,-0.08767746495349063,0.9998897910118103,0.3216258900506154,0.39912259663854305,-0.08789847493171687,0.9999133348464966,0.3207579885210308,0.40177425656999843,-0.08805608110768451,0.9999039769172668,0.32413199118205466,0.4078246116638181,0.0029457265045493837,0.9999234676361084,0.31820458854947753,0.4176821589469908,-0.08537614792585368,0.9998448491096497,0.33447398458208344,0.4021547589983257,-0.05893418458955625,0.999922513961792,0.3311737886496951,0.40534456798008495,-0.08554463599409372,0.9999184608459473,0.34962682468550527,0.43259755373001074,0.046103087812662105,0.9999869465827942,0.3181424541132789,0.4906074319566997,-0.12179326606648304,0.9999045729637146,0.3331312469073703,0.35081334369523165,0.06180384904146192,0.9551402926445007,0.2884055563381739,0.5205848336219785,-0.2792062384741646,0.9677245020866394,0.313132322686059,0.2720271136079514,0.004832370890237922,0.9906123876571655,0.27317420755113864,0.5216031926018849,-0.45724518724850227,0.9575533270835876,0.3114367280687603,0.2530999928712844,-0.0059440316773751445,0.988555908203125,0.2660200595855712,0.5155344230788093,-0.5025482654571531,0.9473901987075806,0.31036506806101105,0.2504284437213624,-0.022521249896713655,0.9901953935623169,0.2685146834169114,0.5093111566134859,-0.5032628297805783,0.9482433795928955,0.3104011271681103,0.2566738860947744,-0.00422340378697429,0.9890791773796082,0.2726234393460409,0.5111083558627535,-0.4634187945297784,0.9214029908180237,0.39320495724678023,0.5997168626104079,0.06343338383095602,0.9999875426292419,0.3700054228305815,0.6196809121540612,-0.0636019476822444,0.9999738931655884,0.42758570058005174,0.7016593558447698,0.07508808395692276,0.9893888235092163,0.381631895474025,0.7334830096789765,-0.13176840416022703,0.9977567791938782,0.38746984515871297,0.7848754031317571,0.17376959323883048,0.9946290850639343,0.3332170009613036,0.8028200830732068,-0.005367514757173399,0.9958654046058655,0.3777649070535386,0.7988043120929169,0.17987334770815705,0.9870189428329468,0.32205484594617556,0.8097758378301344,0.007116769148186511,0.9682149291038513,0.4030747754233222,0.8290947743824546,0.11698136116777141,0.9947460889816284,0.341043858868735,0.8387439319065635,-0.04722975013511519,0.9934503436088562
116,0.32922176889010824,0.395394137075969,-0.07663022279739376,0.9998160600662231,0.32446817074503204,0.39571881294250466,-0.05905015628252708,0.999745786190033,0.324871836389814,0.3962290951183862,-0.05927223627056391,0.9997404217720032,0.3255662185805183,0.39668803896222776,-0.0592554980090686,0.9997967481613159,0.32257242543356746,0.3983666275228771,-0.07806131690740581,0.9998813271522522,0.3216296076774596,0.4008692111287796,-0.07828193370785028,0.9999071359634399,0.3207549120698655,0.403529084580285,-0.07843464187213349,0.9998972415924072,0.32423297848020266,0.4092898087842122,0.012152830245239388,0.99991774559021,0.3181966790131159,0.41942462921142554,-0.07551911260400496,0.9998352527618408,0.3344318781580242,0.40362037931169764,-0.049748843269688724,0.9999170303344727,0.3311040214129855,0.40691919922828657,-0.0761667117476463,0.9999125599861145,0.34972068326813815,0.43381509014538333,0.05479747142110549,0.9999866485595703,0.3185206294059752,0.49157162904739354,-0.11373060430799206,0.9999025464057922,0.3331350411687577,0.35288710423878245,0.06828526694859774,0.9556446671485901,0.28824572733470355,0.5227330310004096,-0.26734888894217346,0.9671891927719116,0.312373432942799,0.2746090037482124,0.010234073516247524,0.9909688234329224,0.27300577504294243,0.5221160769462583,-0.4400268656866889,0.9593372941017151,0.310687516416822,0.2553078310830251,-0.00028229477216622613,0.9889791011810303,0.2662711509636469,0.5158890281404765,-0.48423282163483733,0.9496262669563293,0.3096240920679908,0.2526604648147309,-0.016699411320899207,0.9905509948730469,0.2687211411339895,0.5097319194248742,-0.48471649629729113,0.9503988027572632,0.3096756185804093,0.258890607527324,0.0011903597906764065,0.9894521832466125,0.2726878966603959,0.5113982694489613,-0.4459530889987943,0.9245880246162415,0.3936530845505849,0.6003648230007714,0.06354032009840008,0.999987006187439,0.370647518123899,0.6208997641290934,-0.06371187163250784,0.9999723434448242,0.42844660622732955,0.7017107469694952,0.07538497895002362,0.9901397824287415,0.38197486570903216,0.7347859825406752,-0.13262483775615685,0.9978527426719666,0.3875559645039693,0.7849993245942248,0.1713704905339649,0.9949334859848022,0.3331219043050492,0.8026764307703288,-0.006319421416680725,0.9959946870803833,0.3777455866336821,0.7991904446056907,0.177213054043906,0.9876113533973694,0.32187937838690606,0.8078712395259309,0.0062808355582611875,0.969294548034668,0.4030948945454187,0.8285220026969906,0.11489756022180825,0.9949789643287659,0.34084238580295,0.8383801017488748,-0.04614466513906204,0.9936124086380005
117,0.3291471574987682,0.39690611447606744,-0.0729573975716318,0.999795138835907,0.3245091693741933,0.39740899886403747,-0.055433516523667715,0.9997174739837646,0.3249187597206659,0.39792242561067837,-0.05565233879855699,0.9997133016586304,0.3255924335547854,0.39839591213635017,-0.05563524706023078,0.9997744560241699,0.3225763184683662,0.40008218714169075,-0.0740370433245386,0.9998688697814941,0.3216247524533951,0.4026369971888404,-0.07425872768674574,0.9998980760574341,0.3207473661218369,0.40536481652941003,-0.07440747129065646,0.9998875260353088,0.324287027972085,0.4109447053500582,0.015206547407433385,0.9999088644981384,0.3181988869394573,0.42133518627711686,-0.07038985597235813,0.9998214840888977,0.3343842744827269,0.40504044294357283,-0.04631567480308667,0.9999085664749146,0.33105221986770617,0.4084111537252152,-0.07218193880149293,0.9999039769172668,0.3498343527317045,0.43512300593512376,0.057633371864046344,0.9999860525131226,0.3189733658518109,0.493331627334867,-0.10916898378304069,0.9999003410339355,0.33303460819380604,0.3545043110847471,0.06930529932890617,0.9554682374000549,0.2878979759556905,0.5254244191305976,-0.25802555169377994,0.9673385620117188,0.31165734529495226,0.27713080133710577,0.011599200483345022,0.9911844730377197,0.27265133431979577,0.5216321791921341,-0.4260950207710264,0.9616418480873108,0.3097069791385104,0.257880242381777,5.828314710275447e-05,0.9892618656158447,0.26620763114520474,0.5147189497947691,-0.469713577202388,0.9524580240249634,0.3085815898009707,0.2551959872245787,-0.014451381883450909,0.9907813668251038,0.2684525328023092,0.5090431571006773,-0.4697768551962714,0.9531565308570862,0.3088127246924808,0.261266472509929,0.0033747387850391005,0.9896844029426575,0.2722972750663756,0.5108320661953516,-0.4317014881542749,0.92868572473526,0.3944279270512715,0.6011770861489429,0.0635102610502924,0.9999859929084778,0.37163309199469413,0.6223667774881633,-0.06368350407906938,0.9999700784683228,0.4296500078269412,0.7020765525954107,0.07388756104878014,0.9907461404800415,0.38294181483132483,0.7356719766344338,-0.13003295063972467,0.9979243278503418,0.3878799719469886,0.7852103028978616,0.16617199182510367,0.9951830506324768,0.3330830480371201,0.802582080023629,-0.006751961008246453,0.9960875511169434,0.37811571955680834,0.799552294186183,0.17162918533597665,0.9881475567817688,0.3217544036252157,0.8068625484194071,0.00538648598095668,0.970245897769928,0.4033724980694905,0.8281704493931359,0.10972030631133484,0.9951673150062561,0.34071744339806675,0.837944446291242,-0.04695783353277613,0.9937188625335693
118,0.3290563353470392,0.39816513316971897,-0.07567593859774721,0.9997872710227966,0.3244774886540003,0.3991590985230036,-0.058042157654251345,0.9997040033340454,0.324902067865644,0.3997648596763609,-0.05826018026896883,0.99969881772995,0.32554712806429165,0.40034577505929114,-0.05823988158787997,0.9997625350952148,0.32254008821078695,0.4017985667501175,-0.07648851999214715,0.9998637437820435,0.3215914675167627,0.4044456430843896,-0.07671180154596052,0.9998943209648132,0.32071693795067907,0.40731257881437005,-0.07685953123228886,0.9998844265937805,0.32431083577019815,0.4130000037806373,0.013028115220367903,0.9999027848243713,0.31820364849907995,0.42354179876191256,-0.07183132522872512,0.9998170733451843,0.3342752822807855,0.40618908575602924,-0.048938085138797736,0.9999043345451355,0.33098721078463944,0.4095573799950734,-0.07460895095552714,0.9999010562896729,0.3500060498714445,0.43678761720657333,0.05520584178822378,0.9999853372573853,0.319424043382917,0.49574351991925897,-0.10962048619985576,0.9999005198478699,0.3328555345535277,0.35583770104816964,0.06612651773861473,0.9558742642402649,0.2875656179019382,0.5282940728323797,-0.256882459776742,0.9687179923057556,0.31113670979227326,0.27987450701849786,0.009296266042760437,0.991361677646637,0.2723735494273048,0.5207256913185117,-0.4250556009156361,0.9644479155540466,0.3087804062025886,0.26071545311382827,-0.0028716667056349755,0.9894660115242004,0.26627152647290897,0.5127518926348003,-0.4692080301897864,0.9557769298553467,0.3075890583651405,0.2580886500222341,-0.01656409041689974,0.9909388422966003,0.2682870915957858,0.5075182352747234,-0.4688577413558958,0.9564111828804016,0.3080545672348566,0.26409946084022506,0.0014276882766612931,0.9898346662521362,0.27197222709655744,0.5099105460303168,-0.4305468772138866,0.9335115551948547,0.39542803849492736,0.6021463360105239,0.06331642312662938,0.9999843835830688,0.37290444714682425,0.6241728356906343,-0.06348962123904907,0.9999675154685974,0.43094767587525484,0.7027336869920999,0.07748367786407467,0.9911239743232727,0.38403784462383794,0.7370949728148322,-0.12496129827839982,0.9979360699653625,0.38855179292815056,0.7853527307510373,0.17333662509918205,0.9953081011772156,0.3330976954528262,0.8025916065488539,-0.0011370265922908268,0.9960916638374329,0.3789913935320716,0.7995979445321215,0.17937266400882168,0.9883614182472229,0.3216435798576899,0.806660289423806,0.010955815908632103,0.9704329371452332,0.4038400641509463,0.8282561898231502,0.11815236636570517,0.9952143430709839,0.3410811134747095,0.8386521254267008,-0.04251973448055129,0.9936856031417847
119,0.3289908553872788,0.3992210430758338,-0.07206375939505437,0.9997867345809937,0.32444618514605916,0.4007096060684747,-0.05395106747746465,0.9997034072875977,0.32487817832401805,0.4014067862715038,-0.054163265654018924,0.9996979236602783,0.325492455278124,0.4020889707974023,-0.054137025773525214,0.9997608661651611,0.3225055924483706,0.4033170027392249,-0.07243429592677522,0.999864399433136,0.32156303610120485,0.40602829967226284,-0.07265682114022115,0.9998951554298401,0.320693722793034,0.40898852263178126,-0.07279755047389436,0.9998857378959656,0.3243463388511111,0.4148832568100519,0.017868842078106736,0.999901294708252,0.3182978902544292,0.42544398733547734,-0.06727705597877498,0.9998196959495544,0.33418373039790544,0.4071915464741841,-0.045192512763398016,0.9999037981033325,0.3309554772717611,0.4105006720338547,-0.07090446438108168,0.9999014139175415,0.3502466908523013,0.4380970282214027,0.058590730066810315,0.999984860420227,0.31978863648005884,0.49776845233780975,-0.10560545729739321,0.9999020099639893,0.33262297596250245,0.35686317597116723,0.06665955100740703,0.9561789035797119,0.28733693531581317,0.5303975173405235,-0.2489061436482837,0.9700986742973328,0.3106903365680148,0.2824016153812407,0.010882245815758189,0.9916107058525085,0.2722174738134655,0.5193590470722741,-0.41211927107402235,0.9671846628189087,0.3080469625336782,0.26357680559158314,-0.002132981457647733,0.9897570610046387,0.2667340440409523,0.5106085402624945,-0.45590217624391804,0.9590686559677124,0.30688470176288046,0.2609106991972241,-0.014768162955130842,0.9911797642707825,0.2683937685830251,0.5060102658612385,-0.4549449733325411,0.959638774394989,0.30756081598145607,0.2668478054659706,0.003411974631515996,0.9900913238525391,0.2718079209327696,0.5090407592909674,-0.41726374966757623,0.9383203983306885,0.3963874833924428,0.6029709015573771,0.06326223473463737,0.9999833703041077,0.37396426711763636,0.6255578994750974,-0.06343492418527599,0.9999662041664124,0.4320927262306211,0.7033808112144466,0.07962422349623267,0.9915022850036621,0.3848039882523671,0.7389278837612694,-0.1232933091265814,0.9980069398880005,0.38915844985416936,0.785647698811122,0.17839366878781993,0.995477020740509,0.3331605161939347,0.8025625705718991,0.0013102724482970578,0.9962156414985657,0.3797434653554642,0.799474123546055,0.18481826228754852,0.9886564016342163,0.3216037818363733,0.8063984070505411,0.01365112226256834,0.9712735414505005,0.40416694879531845,0.8283053789819986,0.12355469209807254,0.9953432679176331,0.34157853722572307,0.8396775211606703,-0.04070520475506781,0.9938633441925049
120,0.3289145716599054,0.400322982243129,-0.0669565256152834,0.9997909665107727,0.3243539069380077,0.40227775658879944,-0.04861969373055865,0.9997084736824036,0.32477968590600137,0.40306833045823215,-0.04882552432162418,0.999703586101532,0.3253468045166559,0.40383610725402813,-0.04879683426448275,0.9997649192810059,0.3224544286727904,0.4049096388476234,-0.066729619034699,0.9998670220375061,0.32153225966862253,0.40769690445491225,-0.06695129594632554,0.9998973608016968,0.32068103040967655,0.41072945339339106,-0.06708187993083678,0.99988853931427,0.32436689649309414,0.4166779909815105,0.0230579664664609,0.9999022483825684,0.3184532863753181,0.42710977281842893,-0.06070637223975996,0.9998242855072021,0.3341119553361619,0.40830596174512573,-0.0402256732540471,0.9999052882194519,0.3309494384697504,0.41154562320028015,-0.06542444101401734,0.9999035000801086,0.3504765689373015,0.4389000339167457,0.0622122879539217,0.9999849796295166,0.3202696817261831,0.49934009483882336,-0.0992244577833584,0.9999050498008728,0.33214729428291306,0.3576675449098858,0.06631638471569332,0.9576792120933533,0.28701490334102076,0.5323515892028806,-0.23726206677300576,0.9716607928276062,0.3101144041333878,0.2840325977121079,0.007353854472083702,0.9919289946556091,0.27189150282314833,0.5162153226988654,-0.3939597836562564,0.9696201086044312,0.30756496020725776,0.26545380524226586,-0.006092882755079436,0.9901171326637268,0.2672109058925083,0.5075152482305252,-0.4365603378840853,0.9619413018226624,0.3063561797142027,0.2628171580178396,-0.018730170386178142,0.991477370262146,0.26851415889603736,0.5032996135098591,-0.43502450244767304,0.962441086769104,0.30702386668750203,0.268859485217503,-0.0002549172379076475,0.9904061555862427,0.27172305583953843,0.5071481185300007,-0.3987249527658733,0.9425446391105652,0.3968781522342135,0.6037426028932841,0.06314909862620488,0.9999823570251465,0.3746808571474891,0.6264392495155331,-0.06331793708460669,0.9999645948410034,0.432693655150277,0.7036277566637308,0.07893028365714205,0.9919365048408508,0.38540133237838725,0.7406075171061921,-0.12643450072833462,0.998103678226471,0.3893619631017956,0.7859861033303394,0.1748920057501111,0.9956697821617126,0.3331510620457784,0.8026853135653901,-0.006972288519942332,0.9963544011116028,0.3799770908696309,0.7993054645402087,0.18101401541914253,0.9890842437744141,0.3214332682745796,0.8062130314963201,0.004876562154718805,0.9723283648490906,0.4041602773325782,0.8281466586249211,0.11915109796183444,0.9954926371574402,0.34215355174882056,0.8404550416128972,-0.050166649052074956,0.9940487146377563
121,0.32884419134684956,0.4015717489378791,-0.06941465820584974,0.9997996687889099,0.3242165267467497,0.4039557533604756,-0.051484269223042875,0.999720573425293,0.3246187874249048,0.4048429105963024,-0.05169340372085569,0.9997158646583557,0.3251224713666097,0.40569881881986325,-0.05166649328810825,0.999774694442749,0.3224094212055205,0.4066120283944264,-0.06970743515661781,0.9998723268508911,0.3215179060186657,0.4094994434288568,-0.06992963829210823,0.9999014139175415,0.3206899319376263,0.4126597591808862,-0.07006037299122125,0.9998934268951416,0.32433627843856794,0.41859173859868715,0.019877931555466983,0.9999055862426758,0.3186551332473754,0.42881586721965226,-0.0621869800346238,0.9998316168785095,0.3340981892177035,0.4095511964389254,-0.0426831041063581,0.9999083280563354,0.3309812963008879,0.41274162871496994,-0.06803537330457139,0.9999070763587952,0.3507529769624981,0.43942423548017207,0.059451953108821565,0.9999850392341614,0.32057206290108803,0.5012199563639502,-0.0978973290749958,0.9999080300331116,0.33148009351321617,0.35829381176403574,0.057495640324694744,0.959770679473877,0.28610471997942233,0.5342582225799558,-0.23089323086397978,0.9733697772026062,0.3095664177622113,0.284815843616213,-0.0046950138972273875,0.992328405380249,0.2714860813958303,0.509834370442799,-0.38241121683801904,0.9719685316085815,0.30735617024557915,0.2668683665139333,-0.01932093321478792,0.990533709526062,0.26759676507541097,0.5002267445836746,-0.4242329214300426,0.9647177457809448,0.30613202963556546,0.2641476903642926,-0.030990903558475617,0.9918186068534851,0.2686203845909662,0.4958490405763896,-0.4217118629387445,0.9651588797569275,0.30667781744684475,0.2701665784631455,-0.01199732507312936,0.9907749891281128,0.27167139053344713,0.5007833361625669,-0.38666752661977477,0.9466537237167358,0.39756084765706723,0.6043131044932771,0.06216064446738785,0.9999811053276062,0.37512140274047834,0.6271877408027646,-0.062319407292774714,0.9999628663063049,0.4335676925522938,0.7038215007100783,0.07624491793768742,0.9922747015953064,0.3860080727509088,0.7416965859276904,-0.1287199062960488,0.9981932044029236,0.3894825492586406,0.7862226486206051,0.174439798934119,0.9957912564277649,0.3330762020179202,0.8020558970315113,-0.003913967085203952,0.9964889287948608,0.38003939730780445,0.7986958452633446,0.17992011436394276,0.9893110990524292,0.3212209352425165,0.8047306265149794,0.00884333300138158,0.9731523990631104,0.40421870606286164,0.8279530491147719,0.1165766639368874,0.9955848455429077,0.3423537841864993,0.8401530657495767,-0.045123433481369685,0.9942507743835449
122,0.32874971798488056,0.40255492159298467,-0.07448690342051639,0.9998056292533875,0.3240572699478693,0.4053740978240965,-0.05687023486409866,0.9997292160987854,0.3244359706129345,0.4063501630510601,-0.057085063308477374,0.999724805355072,0.3248763833727154,0.40727598496845774,-0.05706051236816813,0.999782145023346,0.3223579798425945,0.40802376696041637,-0.07528697869607377,0.9998756647109985,0.3214942940643854,0.41098989844322187,-0.07551075326544894,0.9999037384986877,0.32068170819963715,0.41424796240670325,-0.07564406288521627,0.9998966455459595,0.3242674665791646,0.4201765111514498,0.014649778258587626,0.9999079704284668,0.31884117296763814,0.43017015116555324,-0.06633486939328055,0.9998364448547363,0.3340690936361039,0.41040980986186415,-0.0475889413484505,0.9999103546142578,0.3309813771929058,0.41355708922658624,-0.07321189343929288,0.9999094605445862,0.35102586575916817,0.44025209801537624,0.05543296358415056,0.9999851584434509,0.3206932902336119,0.5030694816793712,-0.0995585026485579,0.9999092221260071,0.33097841143608075,0.359114439998354,0.048987083349909075,0.9619765281677246,0.28489317042486995,0.5360921195575167,-0.2305478240762437,0.9746187329292297,0.3092034016336712,0.2854147076606749,-0.015328696529780108,0.9927343130111694,0.2711138171809059,0.5025420308113095,-0.3796131866318837,0.9738793969154358,0.3073584726878573,0.26783889787537696,-0.029686320599700708,0.9909528493881226,0.2677867872374397,0.4918605072157721,-0.4211359790393282,0.9669083952903748,0.30602321539606353,0.2653570839336939,-0.04189349577895231,0.9921633005142212,0.26869713578905363,0.4871966166155677,-0.4174271455832888,0.9672983288764954,0.30644235866410374,0.27148267456463393,-0.022902183201430087,0.9911500215530396,0.27159222705023617,0.49266872831753294,-0.38334951741354795,0.9499427676200867,0.39824491058077116,0.6050281865256171,0.06086411518709997,0.9999790191650391,0.37557045221328716,0.6280906830515177,-0.06101101573024475,0.9999591708183289,0.4346571607249121,0.7041065113885059,0.07378332912921902,0.9925316572189331,0.3869996590273719,0.7427867633955816,-0.13001195447785507,0.998235821723938,0.3896155757563453,0.7862328921045572,0.1780938574245997,0.995854914188385,0.3330444046429224,0.8008465817996431,0.0051503371547109295,0.9964932203292847,0.3799979635647363,0.7979308213506422,0.18391837946006223,0.989295482635498,0.3210818529129027,0.8025534987449643,0.0191892742046288,0.9731320142745972,0.4040959417819975,0.8278564572334286,0.12153507407222469,0.9955798387527466,0.3424369607652935,0.8394925560270032,-0.032791583452905906,0.994223952293396
123,0.328707547698702,0.40369120155061977,-0.07631443717650002,0.9998140931129456,0.32399726254599415,0.4065485417842863,-0.05871011657374243,0.9997413158416748,0.3243672234671455,0.40752480966704213,-0.05892349641237937,0.9997372627258301,0.3247842030865804,0.408436630453382,-0.05890055149793622,0.9997924566268921,0.3223413544041769,0.40921429140227167,-0.07676695947136195,0.9998806118965149,0.32148853455271026,0.4121992332594734,-0.0769920000008174,0.9999073147773743,0.3206819048949649,0.4154607449259075,-0.07711867775235853,0.9999011158943176,0.3242585318429128,0.42119589022227677,0.012862321814256047,0.9999117255210876,0.31901480896132317,0.4311572449547902,-0.06646038868597573,0.9998429417610168,0.3340503505298068,0.4114986751760753,-0.04937079591410498,0.9999133944511414,0.33097833224705275,0.41467149257659897,-0.07450755770717346,0.9999127984046936,0.35137755615370597,0.44129838688032946,0.053459075412579916,0.9999854564666748,0.32074022122791823,0.5043589540890283,-0.09834449078355512,0.9999111294746399,0.3309090861252374,0.3605676685060772,0.04458722940513064,0.9641778469085693,0.2841110357216425,0.5372713463647023,-0.22519260687487455,0.9758691787719727,0.309065863915852,0.2863171296460286,-0.017980446120990166,0.9931424260139465,0.2709783588136944,0.49819595217704754,-0.3682578691414423,0.9755628705024719,0.30732000895908884,0.2687494839940751,-0.03190774497176918,0.9913809299468994,0.2682303743703024,0.4871395690100531,-0.40871216569628016,0.9687977433204651,0.30600921341351084,0.2666740093912396,-0.04434485350336345,0.9925176501274109,0.2689996438367025,0.4823485365935732,-0.4043351999350955,0.9691399931907654,0.3064204130853924,0.2728744430201393,-0.025633677175002426,0.9915388822555542,0.2715621437345231,0.48761253442083063,-0.3715648583003451,0.9528223872184753,0.3987770940576279,0.6055847678865702,0.05989470843757899,0.9999765157699585,0.376087473971503,0.6286501441683084,-0.060033822272505054,0.9999545216560364,0.4353768910680496,0.7044234377997258,0.07198459804058072,0.9926814436912537,0.38816295606749385,0.7432147111211501,-0.13073474126202714,0.9982602000236511,0.3897294827869959,0.7860447679247171,0.1785883486270904,0.99579918384552,0.3328708342143466,0.7995911359786984,0.007907713723501988,0.9964211583137512,0.38001017655645075,0.7970348954200741,0.18475714198180598,0.9890718460083008,0.3210350692272185,0.8007228084972923,0.022293765836262268,0.972779393196106,0.4038956131253922,0.8277930991990222,0.12318457258599139,0.9954501390457153,0.3420119098254611,0.8387364251273015,-0.02733143818165573,0.9940840005874634
124,0.32870093669210143,0.4048528867108479,-0.07412043384143281,0.9998215436935425,0.3240166647093635,0.40749795862606575,-0.05610605648585725,0.9997522234916687,0.3243980680193218,0.40843547667775815,-0.05630894154310224,0.9997487664222717,0.3248211392334528,0.4093038950647625,-0.05628684131162505,0.9998018741607666,0.3223617366382052,0.41022101300103303,-0.07330470127718786,0.9998849630355835,0.32151235682623713,0.41322364381381427,-0.07353065013885494,0.9999105334281921,0.32071087360382067,0.4164826188768657,-0.07364165506192613,0.999904990196228,0.3243920258113314,0.42191360933440053,0.015851918421685686,0.9999151825904846,0.3191662839480807,0.43213172810418243,-0.061926334564174894,0.9998483657836914,0.3340800694056918,0.4127782506602149,-0.0470727595899786,0.9999161958694458,0.3310191682406833,0.4160520545073916,-0.07103841687951766,0.9999158382415771,0.35170461620603277,0.4424072836126598,0.05568457373550957,0.9999858140945435,0.32107411026954635,0.5052403909819465,-0.09387391252177099,0.9999129176139832,0.3310368963650293,0.36215043153081605,0.04886477802480967,0.966112494468689,0.28390178850718895,0.5382895214217047,-0.21604246284280493,0.9767231345176697,0.30903522712843745,0.28760299171720216,-0.01554709305720669,0.9934897422790527,0.27105216639382484,0.49677396586963085,-0.35233515841620294,0.9767574667930603,0.3072711621012005,0.26986814907618917,-0.02963240247751984,0.9917346239089966,0.26897716607366273,0.4861565751688819,-0.39168143442698866,0.9700673818588257,0.30600888643945956,0.26811201402119217,-0.041899073443242466,0.9928069710731506,0.2696895028863633,0.48146484068461803,-0.386864513158798,0.9703623652458191,0.3064418639455521,0.27437243546758366,-0.023202084483844882,0.9918562769889832,0.27190486107553746,0.486357031549726,-0.3552666962146757,0.9548137784004211,0.39916821803365415,0.6059572747775483,0.05968210133058681,0.9999751448631287,0.37677753737994585,0.6288610100746153,-0.059819385728665735,0.9999521374702454,0.43574951035635795,0.704853866781507,0.06967797449656893,0.9928784370422363,0.38943656512669134,0.7430941343307491,-0.13168310650757376,0.9983246922492981,0.38999554514884927,0.7856130191258017,0.1758259747709546,0.9958010315895081,0.332769408396312,0.7987045151846746,0.00011692045456064592,0.9965042471885681,0.38022271905626553,0.7958961486816402,0.18278519851820801,0.9889644384384155,0.32113258072308115,0.8000238844326562,0.013633340064968375,0.9732064008712769,0.40379213775907224,0.8274905579430714,0.12377480609076358,0.9953939318656921,0.3414829765047344,0.8383829542568748,-0.03425262559737477,0.9941891431808472
125,0.3288909843989779,0.4058858675616126,-0.07094755577189579,0.9998310208320618,0.32425063082150035,0.4082066271986278,-0.05261321876730235,0.9997660517692566,0.3246656349727084,0.4091013388974324,-0.052809926441737556,0.9997629523277283,0.3251191045556748,0.40993165118353686,-0.05278807633689469,0.999813437461853,0.3225803230490002,0.41098016415323513,-0.06963787376880642,0.9998909831047058,0.32174186110496505,0.4139879516192843,-0.06986364871263501,0.9999149441719055,0.3209400185516901,0.4172450125217436,-0.06996795939547672,0.9999101161956787,0.3248512813023157,0.42236438223293826,0.01985260628695998,0.9999197125434875,0.3194590168339864,0.4328544897692542,-0.05807939161147387,0.9998558759689331,0.3343537194388252,0.4140283133302414,-0.04372568769114356,0.9999202489852905,0.33129270928246624,0.4173869243689944,-0.06742258689233233,0.9999200105667114,0.35201503464153816,0.4432321241923739,0.05940730763333182,0.9999862909317017,0.3217018936361584,0.505950205666678,-0.09026850270373477,0.999914824962616,0.33111695051193224,0.3632890139307293,0.05426556638308931,0.967860221862793,0.2839907118252344,0.5391002569879801,-0.2116790609700338,0.9775617718696594,0.30899350558008454,0.2888222490038189,-0.012142986351890218,0.9938309788703918,0.27134372081075386,0.49594122937747387,-0.34731159210205065,0.9777855277061462,0.30723861966814303,0.2710488830293927,-0.02663001322320528,0.9921066761016846,0.2699260711669921,0.48520684327398006,-0.38665171265602094,0.9711158871650696,0.3060151517391203,0.26943267498697543,-0.03858703662242206,0.9931173324584961,0.27074338538306086,0.4803070340837749,-0.3813714350972855,0.971348226070404,0.30645761660167137,0.27574319754328036,-0.01974818626684801,0.9921952486038208,0.2726417192390985,0.4847791586603435,-0.35000042063849296,0.9564433097839355,0.399750826188496,0.6060177496501375,0.05954158753156659,0.999973714351654,0.37740335464477526,0.6288358177457534,-0.05967838561960627,0.9999492764472961,0.43635393977165204,0.705288960252489,0.06559777877160478,0.9930357336997986,0.3902370222977228,0.7428696172577991,-0.13235421819346285,0.9983641505241394,0.3903963012354713,0.7847638743264331,0.1713924105678285,0.9956821203231812,0.332989728450775,0.7973854507718765,-0.005407088955066032,0.9964778423309326,0.38055948615074137,0.7939481241362432,0.17863530133451727,0.9886683821678162,0.32141349996839236,0.7994016340800689,0.00777489463133471,0.9731409549713135,0.4031735897064207,0.8267867837633402,0.12183700310332429,0.9951989054679871,0.3409503349236078,0.8382238405091418,-0.03712963531059876,0.9940986633300781
126,0.3292958429881503,0.4064837983676363,-0.0701450848153659,0.9998406767845154,0.3246694224221364,0.40855249081339134,-0.05184821901576857,0.9997798800468445,0.32511801293918047,0.40939076798302765,-0.05204465325389587,0.9997767806053162,0.3256044873169489,0.4101574906281061,-0.0520233342690127,0.9998244643211365,0.3229996110711777,0.4113542956965308,-0.06904083681958059,0.999897301197052,0.32217494334493346,0.4143283920628682,-0.06926644678626738,0.9999197125434875,0.3213646607739583,0.4175262161663599,-0.06937286832502906,0.9999155402183533,0.3254946580954959,0.42238408071654165,0.02084492508854184,0.9999240040779114,0.31988963995661035,0.43295114721570677,-0.057573700057608715,0.9998640418052673,0.3348353488104683,0.41468617234911215,-0.04291783081633702,0.9999241232872009,0.3317908321108135,0.4180683595793586,-0.06680362543889451,0.9999242424964905,0.3523144134453363,0.4434645593166349,0.061029645374843025,0.9999865293502808,0.3225286849907465,0.5065563065665106,-0.08993397227355407,0.999917209148407,0.3311412743159702,0.3635087106909069,0.05785215741821695,0.9694058299064636,0.28401954003742746,0.539747757571084,-0.21396332212856828,0.978679358959198,0.3089798961366924,0.28948212180818816,-0.007816784788987462,0.9941412806510925,0.27189998626708967,0.4954001954623629,-0.35404453873634323,0.9792336821556091,0.30716509478432774,0.2720291878495896,-0.022254387129630352,0.9924448728561401,0.2710155078342981,0.4844085999897546,-0.3942334473133085,0.972826361656189,0.30598008121762943,0.27053595525877805,-0.034012678904192774,0.9933984875679016,0.27206125429698386,0.479412245750427,-0.3887447902134485,0.9730199575424194,0.30646473424775245,0.2768325873783655,-0.015315992677850375,0.9925036430358887,0.27374570540019433,0.4834680514676228,-0.3567335622651235,0.9589861035346985,0.4001992404460905,0.606127720219748,0.05939460833157809,0.9999719262123108,0.3777281233242578,0.6287095887320379,-0.059531475710017316,0.9999462962150574,0.4373632618359155,0.7055553317070004,0.06110147237777707,0.9931256771087646,0.3905097186565397,0.7427697675568713,-0.1343731863158089,0.9983881711959839,0.3906728472028458,0.7840579356466018,0.16670895559447144,0.9954388737678528,0.33335780927113107,0.7961528199059619,-0.008143182634375986,0.9964062571525574,0.3807728290557859,0.7924734660557334,0.17386050394603175,0.9881563186645508,0.3216749003955295,0.7989095142909455,0.005184382625988549,0.9729772806167603,0.40265609536852137,0.8262170144489829,0.12001109804425915,0.994882345199585,0.3406111334051403,0.8380125113895956,-0.03715241093720707,0.9939637184143066
127,0.32973420960562555,0.4073805017130714,-0.0719040146895817,0.9998507499694824,0.32515236650194423,0.40928404756954717,-0.053693222148077806,0.9997944831848145,0.3256127331938061,0.4100804456642694,-0.05389160450015747,0.9997912645339966,0.3261167168617247,0.4108051802430832,-0.05386953662548744,0.9998360276222229,0.32348586065428586,0.41209538153239633,-0.07103341413395742,0.9999040365219116,0.3226647351469311,0.41504419360842004,-0.07125949817044391,0.9999248385429382,0.32184129187038957,0.41822886211531485,-0.07137013950518196,0.9999212026596069,0.32610306314059656,0.42288797157151337,0.01946015256856168,0.9999286532402039,0.32030675240925366,0.4336323678493497,-0.059425055874245486,0.9998726844787598,0.33529120598520534,0.41550608192171357,-0.04457946994474954,0.9999284148216248,0.33226535405431457,0.4188858713422501,-0.06867594697645729,0.9999286532402039,0.352689674922398,0.4441207408905027,0.060703437988247164,0.9999868273735046,0.3233512639999388,0.5074841431209016,-0.09165739140340257,0.9999203681945801,0.3312260917254855,0.36384420309747956,0.05901637194412092,0.9704519510269165,0.2840514089379991,0.5403006468500406,-0.21945713843618112,0.9798263907432556,0.30901923264775943,0.2899541650499615,-0.004422122614258632,0.9943740963935852,0.27301207951136985,0.49533952474594095,-0.3639225542545317,0.9806848168373108,0.3070404529571532,0.2731678153787339,-0.018354908749461163,0.9926851391792297,0.2726183312279836,0.48432678154536635,-0.4050367517130714,0.9745765924453735,0.30592110753059376,0.27182122043200885,-0.030261329561471925,0.9935926795005798,0.2737151810101099,0.47948658636638075,-0.3992579604898178,0.9747418165206909,0.30648221714156,0.27784626228468745,-0.011878539063036436,0.9927107691764832,0.2751945146492548,0.4833669670990533,-0.36661959801401395,0.9615587592124939,0.40060471466609393,0.6065584165709357,0.059597232724939046,0.9999707341194153,0.3780465355941226,0.6288797123091558,-0.05973055043390817,0.9999447464942932,0.43853618076869394,0.7058105383600504,0.06264861268656591,0.9931210875511169,0.3909135443823676,0.7431588104793,-0.1370231743369783,0.9984187483787537,0.3909608372620172,0.7835223010608124,0.1736127712896891,0.9952146410942078,0.333545422554016,0.7954668334552216,-0.007954462760660261,0.9963377714157104,0.3811605053288594,0.7918302825519014,0.1812964699098041,0.9877501726150513,0.32171228868620716,0.7986914072717936,0.006112506426870819,0.9728047251701355,0.4029821259634834,0.8260105422564911,0.12960968805210926,0.994636595249176,0.34079598103250763,0.8377130218914572,-0.035145435375826685,0.9938758015632629
128,0.3299098338399613,0.4087396000112804,-0.0721269960914339,0.9998569488525391,0.3254149300711494,0.4107021749019621,-0.053755746356078535,0.9998045563697815,0.32587126238005487,0.41149976764406454,-0.05395308041146821,0.9998010396957397,0.3263771295547484,0.4122365244797296,-0.05392934775778223,0.9998444318771362,0.32374973297119125,0.4135235811982834,-0.07123020440340039,0.9999082684516907,0.32292252182960496,0.4164761500699178,-0.07145668289491106,0.9999277591705322,0.32209246414048315,0.4197122803756167,-0.07156918027571266,0.9999247789382935,0.32646557859012043,0.42431003536496825,0.020095458307436524,0.999931812286377,0.32055329169545843,0.4352501911776404,-0.05966694610459461,0.9998775124549866,0.3354875164372579,0.41661387767110536,-0.04458082839846609,0.9999310374259949,0.33247056858880164,0.419993300948824,-0.06888931861945558,0.9999311566352844,0.35297641158103926,0.4451330789497918,0.06237170760120661,0.9999870657920837,0.3240955923284802,0.508486998081207,-0.09284661795411786,0.9999210834503174,0.3314255722931452,0.36437515616416916,0.061110863408872035,0.9705809354782104,0.2843742651598793,0.5404240301677157,-0.22117674563612247,0.9800364971160889,0.3090888108525956,0.2898686340876987,-0.0024650839174033263,0.9944030046463013,0.27462638616561874,0.49432605760438075,-0.36416204401424934,0.9808170795440674,0.30703095027378613,0.27411606652396053,-0.016195458386625554,0.99269038438797,0.2745635841573987,0.4839722658906662,-0.4055753520556857,0.9744980931282043,0.3059492162295749,0.27268854549952903,-0.02829334304801054,0.9935784935951233,0.27553270374025607,0.4794930909361156,-0.39928563748087187,0.974589467048645,0.30653081365994034,0.2782066353729792,-0.009966372219579555,0.992669403553009,0.27684647355760833,0.4832946888038088,-0.3666385854993546,0.9613662958145142,0.40098289506775975,0.6072552527700149,0.06009584186332563,0.9999700784683228,0.3786369340760365,0.6294413123811992,-0.06022566141826763,0.9999433159828186,0.4394474003996166,0.7063707539013451,0.065714227940355,0.9927853345870972,0.3919592431613375,0.7438541497503004,-0.13969499298504412,0.9984090924263,0.3912884959152765,0.7833387749535693,0.18340160974434436,0.994800865650177,0.33389276521546485,0.7947089280400954,-0.004245974702228391,0.9961272478103638,0.38156129717826825,0.7911858950342447,0.19121153312070022,0.9869983792304993,0.3220465609005518,0.7979827165603635,0.010915325555418215,0.9719647169113159,0.40391775199345165,0.8258680922644475,0.13999115462814052,0.9941365122795105,0.3412422052451541,0.8368296044213427,-0.029162177177412155,0.9935185313224792
129,0.3297473847866057,0.41050745248794535,-0.07250445527689794,0.9998617768287659,0.3254886959280285,0.412347112383161,-0.05388602923069678,0.9998124837875366,0.32600671138082216,0.4131600379943846,-0.05408122198922291,0.9998083710670471,0.3265878106866562,0.4139250704220361,-0.05405564978718755,0.9998509287834167,0.32375012891633154,0.4152261793613432,-0.07117805268083296,0.9999116063117981,0.3229169947760444,0.4182096677167073,-0.07140523812600541,0.9999300241470337,0.32208611794880443,0.4215183803013391,-0.07151880966765536,0.9999276399612427,0.3270004136221748,0.42593216385160154,0.020640828087925903,0.9999339580535889,0.3206299287932258,0.43712070754596144,-0.05817836597561834,0.9998810887336731,0.3352980349745068,0.4183228518281662,-0.04468349899564468,0.9999327659606934,0.33215789965220843,0.42180494580950034,-0.0687843471765518,0.9999328851699829,0.3531959099428993,0.4461513928004672,0.06382592267223763,0.999987006187439,0.32450364487511757,0.5095768060003005,-0.09209602602890554,0.9999213218688965,0.33196437699454157,0.36612988795552914,0.06280339530536104,0.9705520272254944,0.2850576835019247,0.5402587652206419,-0.22093749684946867,0.9804096221923828,0.3092227833611623,0.2904895194939203,-0.0013520323155846977,0.9944459795951843,0.27619933741433267,0.4918149845940724,-0.3638169518538882,0.9814755916595459,0.3070742675236292,0.27518392375537315,-0.015113230089523956,0.9927220940589905,0.27625917025974805,0.4816870706421986,-0.40556857330458485,0.9751864075660706,0.3060043096542357,0.2735040255955286,-0.027448097563215652,0.9935895204544067,0.2769503031458172,0.4777315003531318,-0.3986772426537103,0.975222110748291,0.30658132178442804,0.27872115288461946,-0.008947731268459129,0.9926577806472778,0.2780702301434107,0.481512379646301,-0.3660593620368411,0.9622604250907898,0.40142334188733764,0.6079910465649193,0.06033488522682868,0.9999691247940063,0.3792400104658943,0.6302507213183809,-0.06046376175114084,0.9999415874481201,0.4399652736527577,0.7069925529616217,0.065715189065252,0.9923104643821716,0.39303194880485515,0.744380724430084,-0.14067258025918683,0.9983571171760559,0.39149583237511754,0.7829059123992916,0.18904505074024192,0.9941206574440002,0.33431637287139876,0.7937463760375973,-0.0004925373376214069,0.9957009553909302,0.3817771715777259,0.7892516544886995,0.19743303188255848,0.9856745600700378,0.32250123534883757,0.7969291448593137,0.015586682595312588,0.9702485203742981,0.4042368505682262,0.8252059885433738,0.14623773630176265,0.9933485388755798,0.3414598013673508,0.8354970642498557,-0.024732069564717143,0.9928609728813171
130,0.3296615847519464,0.4120356185095648,-0.07112386460815154,0.9998664259910583,0.32584121312413883,0.41342116679464047,-0.05240166868482315,0.9998196363449097,0.3264569180352346,0.41420571037701176,-0.05259387227041379,0.9998148679733276,0.3271572615419114,0.4149407352719986,-0.052568292192050364,0.9998566508293152,0.32401420474052417,0.416397896834782,-0.06924939304590222,0.9999147057533264,0.32318009563854744,0.41941721950258504,-0.06947785147598809,0.9999321103096008,0.32233302508081696,0.4227817433220997,-0.06958896241017747,0.999930202960968,0.3278877360480171,0.42676588637488205,0.02209988646209239,0.9999356269836426,0.32083833302770326,0.43830244285719716,-0.05424340324742451,0.9998840093612671,0.3351878276893069,0.419945328576224,-0.04331373412694248,0.9999340176582336,0.3318899299417222,0.42367153252874085,-0.06678512607301981,0.9999342560768127,0.35358702370098644,0.44662281359945,0.06583100706338879,0.9999865889549255,0.3249593666621615,0.5103481003216332,-0.08830009124108719,0.9999198913574219,0.3327764885766164,0.3680905980723243,0.0653369949332305,0.9711644053459167,0.2860299732003892,0.5400773661477223,-0.21382464723927624,0.980981707572937,0.30947603072438906,0.2914963628564561,0.001878447862275476,0.9946072697639465,0.2779640129634311,0.4891547790595461,-0.35312909739358067,0.9822653532028198,0.3072348518030983,0.27597672343254076,-0.011684487001704312,0.9928857088088989,0.2778629073074884,0.4784252643585203,-0.3940978705883024,0.9760438799858093,0.3061611907822744,0.2742999962397983,-0.02415182553231715,0.9937180876731873,0.2783808793340409,0.4750547638961245,-0.38686782291957295,0.9760244488716125,0.30668058650834207,0.27962736061641136,-0.00573651882753308,0.9927964806556702,0.2794150727135793,0.47911676423890226,-0.35507970963205593,0.963470995426178,0.40193123561995353,0.6084411212376183,0.0600037274616105,0.9999690651893616,0.3797586134501864,0.6308939490999491,-0.06013523074133052,0.9999417066574097,0.4402662779603683,0.7074033294405253,0.06028476155229974,0.9922176003456116,0.39403154339109125,0.7445916669709338,-0.14041321107319416,0.998348593711853,0.3914015633719306,0.78243670122964,0.17806861443178987,0.9936800003051758,0.3345407315662927,0.7928408639771594,-0.0029328747985086254,0.9954763054847717,0.38174146669251563,0.787172094413212,0.18605891423565993,0.9847262501716614,0.3227804686341965,0.7961377092770163,0.01251145608922732,0.9692866802215576,0.40363047208104796,0.824275628158024,0.13496525457927153,0.992850124835968,0.3413162461348941,0.8346087251390726,-0.028003382948892444,0.9925371408462524
131,0.3298508499349865,0.4129029461315698,-0.06953136537756235,0.9998728632926941,0.32658590078353866,0.41372880084174,-0.05075742144669803,0.9998288154602051,0.32728529572486864,0.4144524940422601,-0.05094766925488198,0.9998238682746887,0.32809045740536263,0.41511935676847167,-0.05092258538518631,0.9998640418052673,0.3246765851974486,0.4167495863778249,-0.06744307854345863,0.9999189376831055,0.3238296261855533,0.41976216179983933,-0.06767243785517553,0.9999352693557739,0.32293737104960835,0.4231401264667509,-0.0677801389779363,0.9999337792396545,0.3289301923343112,0.4267772529806408,0.023816093749233644,0.9999383091926575,0.3212799276624405,0.43865022233554274,-0.052091835226331415,0.9998891353607178,0.3354014464787073,0.42096810511180316,-0.041672253289392995,0.9999364614486694,0.3319497508662086,0.42490026695387684,-0.06490734581436428,0.9999369382858276,0.35416268280574237,0.4469494410923547,0.06924810643707,0.999986469745636,0.3256105542182921,0.5105841381209235,-0.08599328249692913,0.9999201893806458,0.3338351803166524,0.3694390373570577,0.07009125117744715,0.9720502495765686,0.28692667739731914,0.5399197271892,-0.20787095172064635,0.9820235371589661,0.310042289325169,0.2922897321837288,0.005731500969600994,0.9948326945304871,0.2800331234931944,0.48601977995463763,-0.34036048480442577,0.9833394289016724,0.30753032309668393,0.2764484345912932,-0.007655118286077463,0.9931438565254211,0.2797261834144591,0.4740370597158157,-0.38019546610968435,0.9772839546203613,0.3064157707350593,0.27495286379541656,-0.02022738371576581,0.9939327239990234,0.28016415493828895,0.47114335894584636,-0.3722960344382693,0.9772179126739502,0.306843009165355,0.280472444636481,-0.0019129351380148096,0.9930354952812195,0.2811113808836254,0.4759617839540752,-0.34175411718232274,0.9652879238128662,0.40244418042046665,0.6086321456091741,0.05995505356362885,0.9999686479568481,0.3803023755550383,0.6312592353139601,-0.06008852592536379,0.9999411106109619,0.4405204951763151,0.707615164348057,0.056040957357202235,0.992335855960846,0.39476924198014374,0.7443423748016353,-0.1396358221769332,0.9983850121498108,0.3913255095481871,0.781937411853245,0.16406774393149776,0.9934963583946228,0.33451073595455694,0.7925094008445737,-0.008507743035443122,0.9954105615615845,0.3818140804767607,0.7859583820615492,0.1717585861682891,0.984350323677063,0.3227371965135845,0.7959805846214292,0.005641816290361538,0.9691687822341919,0.4028219027178626,0.8235661455563132,0.12106520405837462,0.9926268458366394,0.3411172543253216,0.8343669414520261,-0.035513871056692924,0.9924272894859314
132,0.3304908198969703,0.41308078084673183,-0.06828059468950541,0.999876856803894,0.32761811103139593,0.4137099623680113,-0.04950216369969502,0.9998343586921692,0.32831776653017297,0.4144096902438571,-0.049690783343144806,0.9998289942741394,0.3291346064635684,0.41505016429083663,-0.04966419977801184,0.9998687505722046,0.3257891118526457,0.4166358734880172,-0.06635199018887109,0.9999213218688965,0.32499581490244167,0.4195735888821736,-0.06658250753368647,0.9999368190765381,0.32411635347775036,0.4229043628488266,-0.06668853695903504,0.9999358057975769,0.3298710933753421,0.4266359261104037,0.02515353587056908,0.9999394416809082,0.32229945319039466,0.4383877073015483,-0.05217228989515984,0.9998911023139954,0.3360552438667841,0.4211490026542117,-0.04031636533992629,0.9999372959136963,0.3326570638588495,0.4250160055501119,-0.0637697885079043,0.9999378323554993,0.3550043242318288,0.44719920158386206,0.07276578417846132,0.9999861121177673,0.32658226490020736,0.5102754746164592,-0.08616799733468461,0.9999179244041443,0.33487839273044023,0.3694714299270083,0.07578765898942944,0.9724363088607788,0.287673783302307,0.5399499263082229,-0.20569619280951354,0.9827747941017151,0.3115685769489832,0.2922804611069814,0.010332459495735483,0.9949656128883362,0.2824275842734744,0.4831556771482738,-0.3333945734160285,0.9839068651199341,0.3091856420040129,0.2764124214649199,-0.0027045914038483568,0.9933015704154968,0.28211900676999757,0.4697775857789174,-0.37291072266442415,0.9777814745903015,0.30766392690794797,0.2750621557235716,-0.015781683448169905,0.9940573573112488,0.28272148115294304,0.46686214974948315,-0.364332501377378,0.9776337742805481,0.30773867453847603,0.28063251801899486,0.0025118428781362506,0.9931563138961792,0.283610575539725,0.4723608204296655,-0.33430865662438514,0.9658929109573364,0.4029896489211489,0.6087584257125851,0.060286884861333004,0.999968409538269,0.38087116394724146,0.6313342724527629,-0.060421085676976585,0.9999404549598694,0.44110621980258374,0.7078248637063159,0.05481536101017676,0.9923166632652283,0.3952851091112407,0.7436535545757835,-0.1391756947551454,0.998385488986969,0.3913221188953943,0.781632624353681,0.15662027554852614,0.9932702779769897,0.3344751315457479,0.7924861363002229,-0.011127476959622327,0.9952889680862427,0.38200035691261275,0.7854786004338943,0.16375052120004374,0.9839244484901428,0.3228072779519216,0.7960442032132825,0.002146776083723774,0.9687647819519043,0.40221248183931607,0.8230545588902061,0.11308363590921669,0.9923601150512695,0.34064423356737394,0.8340249061584469,-0.036963725462555864,0.9922261238098145
133,0.3313009415354046,0.4134470701217649,-0.06817136140806332,0.9998819828033447,0.3284473964146204,0.41382260067122306,-0.049467021333319774,0.9998412728309631,0.329116037913731,0.4145043884004863,-0.04965517861502509,0.9998354315757751,0.32990538392748137,0.4151349237986971,-0.04962695411273409,0.9998742341995239,0.32674506051199764,0.41660884278161164,-0.06676559842058588,0.9999245405197144,0.3260144719055719,0.41942648972783747,-0.06699685880116052,0.9999392032623291,0.325175049475261,0.4226647870881215,-0.06710524857044217,0.9999385476112366,0.33053772194044917,0.426681682041713,0.025127415039709625,0.9999411702156067,0.3232828387192316,0.43809343406132273,-0.05409875384398867,0.9998949766159058,0.3368488064834048,0.4215359977313448,-0.04016033182186738,0.99993896484375,0.33359064374651215,0.4253044349806648,-0.06419668687241416,0.9999396800994873,0.3558156183787753,0.4476137782846176,0.07414186234985076,0.999985933303833,0.32763488718441536,0.5100495764187402,-0.08835480702774862,0.9999184012413025,0.3359043989862713,0.3694480478763578,0.07775991814477098,0.9725933074951172,0.2883841335773467,0.5395960330963132,-0.20926810801029194,0.9836641550064087,0.3142387790339332,0.2922552151339393,0.011201483556734658,0.9950937628746033,0.2845147005149295,0.47960251058850945,-0.3355301414217266,0.9848247170448303,0.31207418016024985,0.2763874828815459,-0.001682832783886364,0.9934675693511963,0.28484766227858394,0.46471315537180197,-0.3753020618643078,0.978874146938324,0.30990808180400287,0.27498446277209676,-0.015199590567499392,0.9941942095756531,0.28530731030872875,0.4618666640349795,-0.36606253726141774,0.9786859750747681,0.30961514455931516,0.2805081554821558,0.003190877335146068,0.9932965040206909,0.2860161355563571,0.4677447548934389,-0.3361336401530673,0.967423141002655,0.40348895617893743,0.608912920951843,0.060729856256927735,0.9999681711196899,0.3813562818935937,0.6313411150659831,-0.060864008643797436,0.9999401569366455,0.44189926385879497,0.708019023282187,0.05609848094838004,0.9921906590461731,0.39593047840254625,0.7426833033561704,-0.1385995515755244,0.9983659982681274,0.3914003857544488,0.7813002126557483,0.15557511278561176,0.9928917288780212,0.33491212555340344,0.7923599532672333,-0.012780090554484293,0.9950773119926453,0.3821871655327931,0.7849300367491583,0.16244402996131344,0.9832507967948914,0.32323111465999044,0.795904455866132,0.00027931627950498117,0.9680104851722717,0.40217224189213324,0.8226068990571155,0.1118842503854206,0.9919734597206116,0.3401330309254781,0.8335451858384264,-0.03818111100367135,0.9919191002845764
134,0.332100280693599,0.41402210763522534,-0.06380203951682362,0.9998841285705566,0.32910518390791743,0.41405542237418014,-0.04520545303821561,0.999844491481781,0.32971993940217137,0.41470746057374114,-0.04539178705641199,0.9998379349708557,0.330452570744923,0.4153152780873433,-0.045364284089633375,0.9998769760131836,0.32752259118216365,0.4167206917490276,-0.06301749071904589,0.9999260306358337,0.32683131098747237,0.4194257046495163,-0.06324827979717933,0.999940037727356,0.32602099605969004,0.42258215206009986,-0.0633566862770489,0.9999398589134216,0.3309141746589114,0.4268273319516861,0.02871237221573079,0.9999414086341858,0.32396601693970806,0.4379830752100261,-0.0526833008442606,0.9998959898948669,0.3375512276376995,0.42214121392794995,-0.035965956853968736,0.9999388456344604,0.33447814924376335,0.42586735572133727,-0.06062739746911182,0.9999397397041321,0.3563300464834484,0.448030889034271,0.07769198609249928,0.9999854564666748,0.32853960990905745,0.509913967336927,-0.08814227687461032,0.9999157190322876,0.33682752932820986,0.3695100009441374,0.08107888272830414,0.9720872044563293,0.2891866700989858,0.5390542200633455,-0.20917106228215343,0.9841296672821045,0.31666503804070595,0.292335043634687,0.013978032182369905,0.9950417280197144,0.2861245989799498,0.47630859187671093,-0.33398931963103146,0.9850994944572449,0.3149064166205269,0.27622164232390256,0.001482735993340611,0.9934032559394836,0.2873069848333085,0.4603375690323964,-0.3733958610466547,0.9789730906486511,0.31226415293557286,0.2748569641794476,-0.012159287131258413,0.9941207766532898,0.28741912330899905,0.4578002546514781,-0.3641452465738567,0.9786745309829712,0.3117071858474185,0.28040086627006516,0.00589510249971811,0.9932079911231995,0.2879135191440581,0.4637253046035764,-0.3345452180930545,0.9674270749092102,0.4039607167243956,0.6089933821133202,0.061129502526351354,0.9999680519104004,0.381797979559217,0.6313629933765954,-0.061263713985681506,0.9999397993087769,0.44252147844859513,0.7081658874239237,0.05625483872635021,0.992016613483429,0.3971119259084972,0.7416873369898112,-0.13868550956249232,0.9983422160148621,0.39142991815294514,0.7811374085290088,0.149458138006074,0.9925695657730103,0.33557243176868967,0.792015171051025,-0.021802744961210648,0.9949345588684082,0.3822854663644516,0.7848007116998942,0.1556724501507622,0.9826266765594482,0.32375057424817755,0.7956056884356904,-0.009551413467020854,0.9676156044006348,0.4023501013006481,0.8223442537443975,0.1056118745888982,0.9915868043899536,0.3399272595133099,0.8333410961287359,-0.047984376336847004,0.991679310798645
135,0.3329857834747858,0.4143908177103313,-0.06013314085347309,0.9998846650123596,0.3296605229377745,0.41418394531522457,-0.0416623855275767,0.9998460412025452,0.33020806823457977,0.414800007854189,-0.041848472612244725,0.9998385310173035,0.330879987989153,0.415369391441345,-0.041823040055377125,0.9998785853385925,0.32812263965606675,0.41678676690374084,-0.059850276900189237,0.9999265670776367,0.327432585614068,0.4194049094404491,-0.06007935596363882,0.9999400973320007,0.3266425584043774,0.4225115469523837,-0.06018831229635645,0.9999402761459351,0.33106074758938364,0.42687090720449156,0.031703802357826896,0.9999412298202515,0.32446874039513707,0.4378322388444626,-0.05103596810783656,0.9998951554298401,0.33834659286907726,0.42253084097589744,-0.032477834448218335,0.9999380111694336,0.33544618402208587,0.42621693185397536,-0.05762039955173218,0.9999388456344604,0.35654650585991976,0.4484502332551137,0.08034624074186594,0.9999851584434509,0.32922395978655117,0.509811449050903,-0.08936677745410371,0.9999126195907593,0.33789683069501586,0.3694837723459515,0.08336899834019794,0.9711889028549194,0.2900404666151318,0.5381819060870577,-0.2138780883380344,0.9842380285263062,0.3188631551606313,0.29216568470001203,0.01578316057899168,0.9949161410331726,0.2871903359889983,0.47382538148335024,-0.3378243344170705,0.9848573207855225,0.31708045090947823,0.2754543321473256,0.0036680381612053917,0.9932630658149719,0.2890736997127532,0.457386015994208,-0.3771505662373132,0.9784555435180664,0.3140846950667244,0.27440621001379817,-0.009862992846007855,0.9939811825752258,0.2887619563511439,0.4551020962851386,-0.36537979245185837,0.9780184626579285,0.3135151190417152,0.2801356341157639,0.007730183364557364,0.9930381178855896,0.2890951045921869,0.46098252109118854,-0.33746966889926344,0.9664583206176758,0.40427204029900665,0.6089030844824652,0.06183292173913544,0.9999685883522034,0.3822595715522764,0.6312922886439729,-0.061966598885399925,0.9999403953552246,0.4427556957517349,0.7081943801471162,0.055908064437764006,0.9918230175971985,0.39802518827574573,0.7406704987798414,-0.14212078324386046,0.9983304142951965,0.39135458639689835,0.7810259955269947,0.1411952308246067,0.9923955202102661,0.33595597914287006,0.7917713676180155,-0.03805568345955438,0.9949280023574829,0.3824028858116693,0.7846227458545136,0.14656106489045273,0.9823911190032959,0.3237389717783245,0.7955561297280443,-0.026958730590662776,0.9678793549537659,0.4021464535168237,0.8223169037273949,0.09590415699141361,0.991380512714386,0.3399608041558945,0.8338416559355595,-0.06788315794297624,0.9916619062423706
136,0.334145734139851,0.4143827046666825,-0.05926239937543866,0.9998849630355835,0.3304893587316784,0.41423266274588433,-0.04087588968021527,0.9998473525047302,0.33097974402563896,0.41484702910695737,-0.041062020403998215,0.9998384118080139,0.33161506908280497,0.41540993537221615,-0.041037171759775684,0.9998798966407776,0.32897174443517396,0.41677538411957854,-0.05908154398202893,0.9999272227287292,0.3283312456948415,0.41934582931654774,-0.05930998144405225,0.9999400973320007,0.3276199979441505,0.42247217042105517,-0.059419576823711365,0.9999407529830933,0.331427387680326,0.42692970888955234,0.032359487084405746,0.9999406337738037,0.32537336775234754,0.4376656796251022,-0.05037585890718866,0.9998943209648132,0.3393978502069199,0.42252122334071546,-0.031706958476986194,0.999937117099762,0.3366944117205482,0.42605557186262927,-0.056915473512240786,0.9999381303787231,0.35712458150727394,0.448884753670011,0.08118216565677094,0.999984860420227,0.3296965573515209,0.509939680780683,-0.09101227287735253,0.9999102354049683,0.3392102820532661,0.3688678562641142,0.08611995662961683,0.9688778519630432,0.2906770357063837,0.5368984494890483,-0.2189847950424466,0.9840293526649475,0.32161658661706094,0.29079400811876555,0.020559916219540994,0.9945197701454163,0.2884606097425732,0.47238382697105386,-0.3427429241793495,0.9841254949569702,0.319431573152542,0.2736346415110995,0.009422510922221197,0.9928121566772461,0.2908260132585252,0.455298602581024,-0.382067686319351,0.9771543741226196,0.3161978891917636,0.2725955520357403,-0.004344424565455742,0.993561327457428,0.2904930429799215,0.45297563842364696,-0.36835947888238074,0.9764903783798218,0.3158700363976613,0.27858396427971965,0.01251201713457703,0.9925462007522583,0.29093133296285345,0.4586923199040547,-0.3415956343923295,0.964033305644989,0.4047734643731796,0.608873379230499,0.06244646800415854,0.9999691843986511,0.38283112900597693,0.631311648232596,-0.06258097205843241,0.9999412894248962,0.4428645874772751,0.7080483368464876,0.05296006894537378,0.9912078976631165,0.39801127570016026,0.740015832015446,-0.14727046915463032,0.998234748840332,0.39124276893479465,0.780977368354797,0.13256111570766987,0.9918671250343323,0.33573292578969666,0.7919778091566899,-0.04899644191776001,0.9947283267974854,0.3826058294091904,0.7844075288091383,0.1374616201434816,0.9815470576286316,0.32321675249508436,0.7958998663084844,-0.03827040514775683,0.9672684073448181,0.40134271979331954,0.8223302756037026,0.0857521221041679,0.9908217787742615,0.33984519328389834,0.8345684460231233,-0.08044751648391993,0.9913548827171326
137,0.33530102201870493,0.41436000296047737,-0.058237999039036856,0.9998822212219238,0.33142951812062926,0.4141805452959876,-0.03976568547742705,0.9998447299003601,0.33191192575863415,0.4148066793169292,-0.0399508975446224,0.9998336434364319,0.3325394392013548,0.4153900214603967,-0.03992718490106717,0.9998782277107239,0.32981627498354216,0.41666239840643726,-0.05838996161307604,0.999925971031189,0.3292041276182446,0.41916205372129145,-0.05861838992152893,0.9999383687973022,0.3285392378057751,0.4222173265048434,-0.05873196774295395,0.9999397397041321,0.3320331522396631,0.42692050252641933,0.03302552523340896,0.9999380111694336,0.3263529079301015,0.437008442197527,-0.05048089431864872,0.9998905062675476,0.3405240663460321,0.4225370713642663,-0.03066177767302307,0.9999347925186157,0.33786404643739953,0.4258813628128595,-0.05630573843206675,0.9999359846115112,0.3578295392649513,0.44927829163415073,0.08287331483193802,0.9999843239784241,0.3302841671875543,0.5092728938375197,-0.09267201104334419,0.9999075531959534,0.3430519538266317,0.3683210355894905,0.09215227195194785,0.9665547609329224,0.2911899685859679,0.534433237143925,-0.2235126005751745,0.9839632511138916,0.3275316587516238,0.28880121537617265,0.028046756583665088,0.9942293763160706,0.2903192767075129,0.46981636200632343,-0.3481517570359365,0.9836457967758179,0.3248251565865107,0.27004842332431234,0.017745662573724976,0.9924912452697754,0.2930332873548779,0.4527340684618267,-0.3879611645426067,0.9761133790016174,0.3211889454296656,0.26911518148013513,0.0030141193552740983,0.9932669997215271,0.2929480595248085,0.45054035442216034,-0.37377479331833957,0.9752348065376282,0.3211184901850562,0.27592423728534143,0.019721170687781904,0.9922062754631042,0.29361973490033816,0.4559474842888966,-0.3467265682561055,0.9621155261993408,0.4051604219845361,0.6088524597031726,0.06301219271762026,0.9999695420265198,0.3836091552461895,0.6310549753052845,-0.06314698244844161,0.9999415874481201,0.44290767567498324,0.7077674848692754,0.05190575623086518,0.9908470511436462,0.39828002623149306,0.7398274660110471,-0.15008176820618757,0.9981614351272583,0.39120534658431994,0.7809766173362728,0.12717800268105092,0.9916559457778931,0.3355599735464367,0.7922117420605247,-0.05746746637991494,0.9945917725563049,0.3828486144542692,0.7845146996634345,0.13119182160922452,0.9811455607414246,0.32284310460090626,0.7962163226945056,-0.0474898257425853,0.9670132994651794,0.4015351372105733,0.8223008632659908,0.07815995812416074,0.9905703067779541,0.33965436645916514,0.8351935250418523,-0.09046563314540042,0.9911394715309143
138,0.3360919816153388,0.41411600964409945,-0.07055788018873757,0.9998793005943298,0.33251856139727987,0.4135435436453136,-0.05192990707499638,0.9998407959938049,0.33307537010737814,0.41415317824908643,-0.052117034792900065,0.9998272657394409,0.33374050344739625,0.41473617298262444,-0.05209334258522304,0.9998757839202881,0.33057073354721056,0.41624188508306215,-0.07050651524748118,0.9999237060546875,0.3298791348934172,0.4187338411808012,-0.07073689922690388,0.9999355673789978,0.32914334450449245,0.42165668521608607,-0.07085969639675954,0.9999371767044067,0.3330739957945686,0.42639325175966514,0.022989760382500064,0.9999346733093262,0.3270550404276165,0.43597968731607684,-0.060430212744644676,0.9998816251754761,0.34118998391287647,0.4223714317594254,-0.042016679474285654,0.9999313950538635,0.33829261149678896,0.4256109867777141,-0.06755511920366965,0.9999317526817322,0.35868247321673785,0.44897624424525645,0.07871852602277479,0.9999836087226868,0.330763553721564,0.5073402387755255,-0.09948739962918414,0.999900758266449,0.34863443119185294,0.36733689223016996,0.09314304164477752,0.965247392654419,0.29155101605824046,0.5310582944325035,-0.233131838270596,0.9841805696487427,0.33440448897225505,0.284621431997844,0.027972251442926255,0.994260311126709,0.2923069758074623,0.4641323336533136,-0.36511640719005023,0.9832057952880859,0.33121707439422593,0.26474042790276653,0.017659799614921205,0.9925862550735474,0.2946812825543539,0.4481688823018753,-0.4063652873039244,0.9753001928329468,0.3271772606032234,0.26423385909625446,0.0016416359559765885,0.9933624863624573,0.2951590350696017,0.4461863424096787,-0.39427751898765545,0.974274754524231,0.3274682121617452,0.27166491917201435,0.019166916342718252,0.9922930598258972,0.29625216637338897,0.45140647292137126,-0.3645770311355589,0.9605755805969238,0.4054374337196348,0.6084104912621631,0.06327781017337523,0.9999702572822571,0.38425110493387477,0.6298667856625144,-0.06341306375605717,0.9999422430992126,0.44287425024168814,0.707529612949916,0.05343845241836137,0.9900514483451843,0.3990164271422793,0.7395429934774123,-0.15022462052958346,0.9980745911598206,0.3913301101752688,0.7809821673801963,0.12530346640518727,0.9913966059684753,0.33550419211387617,0.7924668141773765,-0.057766877753393966,0.9945136308670044,0.3830684431961603,0.7850058385304037,0.12977966708796357,0.9808601140975952,0.3229994654655455,0.7964320114680695,-0.04794410765171049,0.967354416847229,0.4027146637439726,0.822263475826808,0.0768005007079669,0.9903138875961304,0.33954297644751397,0.8354627728462216,-0.09044700350080215,0.9910640716552734
139,0.33673704521996617,0.41361717581748947,-0.09093920364975924,0.9998762011528015,0.33359906503132397,0.4125170128686086,-0.07229421255843976,0.9998357892036438,0.3342446429388862,0.41306475571223644,-0.07248522937297817,0.9998192191123962,0.3349557357175008,0.41359326839446997,-0.07245989516377446,0.9998717308044434,0.3312659757477895,0.4156714371272494,-0.09078245865447176,0.9999210238456726,0.3304441503116061,0.41822205100740684,-0.0910153039864131,0.9999324083328247,0.3295920559338159,0.4210312017372675,-0.09114782756992745,0.9999342560768127,0.33417319229670917,0.42552476610456175,0.00571858434455602,0.9999300241470337,0.32753867081233423,0.4350427661623272,-0.07792295770985735,0.9998725652694702,0.3416833605085099,0.4218387663364409,-0.06113053858280179,0.9999266862869263,0.33845517635345446,0.42514206852231684,-0.08658437984330308,0.9999268054962158,0.3596018901893069,0.4483565526349202,0.06917079580681662,0.9999818801879883,0.33140881913048864,0.5049281443868363,-0.11296249266181668,0.9998904466629028,0.35359629052025915,0.3661980032920836,0.08763236169304162,0.963731586933136,0.2918154631342206,0.5283331598554336,-0.249198880791664,0.9843023419380188,0.3398475331919532,0.2803414685385566,0.01995638090052774,0.9942587018013,0.29357960990497034,0.45916270698819817,-0.38763415387698563,0.9829843640327454,0.33658093384334004,0.2601255127361841,0.008978466849241935,0.9926198124885559,0.29516043663024893,0.44430546760559064,-0.43067381722586473,0.9746786952018738,0.33208783439227496,0.26025532484054553,-0.008202711346426177,0.9933996200561523,0.2960126280784605,0.4423505672386712,-0.4192050601754868,0.9735487103462219,0.33248481154441817,0.26791153890745967,0.010633375934724291,0.9923142194747925,0.2975496334689003,0.4477082984788075,-0.38751511148044027,0.9593544006347656,0.40558457800320197,0.6077859333583284,0.06351538598537443,0.999970018863678,0.38493894423757263,0.6283930437905445,-0.06365039050579069,0.9999414086341858,0.4427869915962217,0.7074719854763573,0.05963377473609785,0.9889389872550964,0.3999730612550461,0.7390092287744792,-0.15002697961671005,0.997845470905304,0.3914787871497016,0.7809062906673974,0.13262800148555204,0.9906483888626099,0.3359006566660743,0.7925968136106215,-0.05398344493338037,0.9939520359039307,0.38318097846848603,0.7853463564600259,0.1376594356128147,0.979434609413147,0.32377715877124225,0.7965093050684244,-0.043735032954386285,0.9655027389526367,0.4036144128867556,0.8222658668245584,0.08611878050225118,0.9895078539848328,0.33950173599379385,0.8356155974524357,-0.08892996885946815,0.9903359413146973
140,0.33724210091999585,0.4132449976035525,-0.10566846504807467,0.9998744130134583,0.334403097629547,0.41177092960902606,-0.08726073216114721,0.9998322129249573,0.3351213565894534,0.41223220058849863,-0.08745416722127367,0.9998130202293396,0.3358924227101461,0.41266642808914167,-0.08742790211524279,0.9998688101768494,0.33181248392377566,0.4154066000665935,-0.10535741874149863,0.9999193549156189,0.33090831126485537,0.41804976122719884,-0.10559350592749456,0.9999303221702576,0.3299702942371367,0.42086151838302593,-0.10572955523218422,0.9999324083328247,0.3350743796144211,0.4247718129839214,-0.007238970101544898,0.9999262094497681,0.3278016235147202,0.43483041354588076,-0.09023305720516608,0.9998663067817688,0.3421107496534074,0.4212615753923142,-0.07512763291597363,0.9999237060546875,0.3386138456208364,0.42472403219767957,-0.10017136803695129,0.9999237656593323,0.3609753983361379,0.44734313488006566,0.06102907253163198,0.9999805688858032,0.3318586375032151,0.5029281522546494,-0.12200086031641275,0.9998836517333984,0.35643688355173364,0.36437708735465985,0.08231657913752961,0.9615103602409363,0.29200125506946006,0.526428663730621,-0.2556146711111068,0.9847431182861328,0.34306734289441776,0.27630180971963053,0.014493495013032633,0.9942649602890015,0.29412019337926576,0.45492962598800635,-0.3949146185602459,0.9833744168281555,0.33917958140373217,0.25713724408830907,0.0034353669533239914,0.9926778674125671,0.29509552206311895,0.43986130697386583,-0.4380931624344415,0.9749893546104431,0.33458716699055246,0.25721847244671403,-0.014200602325477766,0.9934634566307068,0.2961470339979443,0.43753707579203993,-0.42731061492647426,0.9738280177116394,0.335240134171077,0.2645330820764813,0.005007362445550301,0.9923622608184814,0.2980156345026832,0.4434799475329261,-0.39511989610535736,0.959554135799408,0.4061719196183339,0.6072087509291509,0.0635844745806285,0.9999690651893616,0.3856503409998756,0.6273402094841001,-0.06371984268937789,0.9999392628669739,0.4427299712385448,0.7075692040579656,0.06578403125916206,0.9868768453598022,0.4008737904684882,0.738319052968706,-0.14879693431513644,0.9974853992462158,0.39169225692749,0.7806137067931035,0.14028695438589361,0.9893064498901367,0.33725611993244703,0.792154012407575,-0.04749540771756851,0.9929702877998352,0.3833005956241061,0.7851065635681149,0.1452761611768177,0.9772388339042664,0.32531401089259543,0.7962430936949589,-0.036694331307496324,0.9625968933105469,0.4030831473214284,0.8220912933349606,0.09528630588735848,0.9881221652030945,0.3396225529057637,0.8351581794875005,-0.08135407481874735,0.9890652894973755
141,0.33799355966704214,0.412333046538489,-0.10107345048870355,0.9998688101768494,0.33505451594080227,0.4110098421573637,-0.082878032539572,0.9998231530189514,0.3357207758086067,0.41157448887824993,-0.0830707980053765,0.999800443649292,0.3364576169422693,0.41209292326654684,-0.08304619959422516,0.9998623728752136,0.3325357360499244,0.4147356918879916,-0.1012761207563536,0.9999144673347473,0.3316084001745495,0.41750974314553374,-0.10151243827172683,0.9999250769615173,0.3306597914014542,0.4203457602432794,-0.10164507648774551,0.9999276995658875,0.33573350054877127,0.4244067311286924,-0.004033028684456698,0.9999203681945801,0.3283900976181029,0.4344530105590818,-0.08825653386967519,0.9998530745506287,0.34272206851414255,0.42043353148869084,-0.07089045154196871,0.9999188780784607,0.33920023185866205,0.42362787297793775,-0.09627808949777053,0.9999179840087891,0.3625624954700468,0.44660275748797806,0.06398828072207312,0.9999793767929077,0.3321739886488232,0.5009363038199286,-0.12061311006546015,0.9998748302459717,0.3596215963363646,0.3622528859547205,0.08846327215433117,0.9595751166343689,0.2922761397702352,0.5249478306089126,-0.25043821632862084,0.9851428866386414,0.34705170989036543,0.27351066129548196,0.02155425694904156,0.9943914413452148,0.29430035012108924,0.4519327555383953,-0.3795044481754301,0.9837791323661804,0.34244777815682537,0.25470140150615134,0.011251193284988397,0.9928706884384155,0.2952920513493673,0.43638094408171496,-0.42116685594831177,0.9753326773643494,0.33780943581036144,0.2547277020556585,-0.00593635792444859,0.9936448931694031,0.2965821913310458,0.4335775954382758,-0.4104552652154648,0.9741500020027161,0.3385207312447683,0.2619779791150773,0.012336924153247044,0.9925433993339539,0.29840837206159304,0.43986023238727007,-0.37948384881019576,0.9598953127861023,0.4069859376975466,0.6068531087466645,0.06428781513656885,0.999966561794281,0.38623921019690355,0.6268840755735121,-0.06442139319011139,0.9999337792396545,0.4427166172436303,0.7075522490910118,0.07606574147939679,0.9839833378791809,0.40168896913528424,0.7379899910518097,-0.14613046348094932,0.9970453381538391,0.39186868923051,0.7812850798879347,0.15543006275381355,0.9873635768890381,0.3388821525233131,0.7914251072066167,-0.042491311606551896,0.9916006326675415,0.38343483124460476,0.7865627476147239,0.15974741790975838,0.9743016958236694,0.3266649544239043,0.795657772677285,-0.03149037472903727,0.9587140679359436,0.4044697718960897,0.8226371288299558,0.11140620282718108,0.9861693382263184,0.3404872800622666,0.8346059628895346,-0.07195093381617748,0.9872273802757263
142,0.3391890585422514,0.40993370158331716,-0.09290256138358793,0.9998649954795837,0.33602607590811573,0.40933879273278356,-0.07467350172145022,0.9998170137405396,0.3365087475095475,0.4101987745080673,-0.07486587486096788,0.9997917413711548,0.3371101907321383,0.4110298650605336,-0.0748428357498986,0.9998591542243958,0.33380121248108985,0.41282145636422274,-0.09312864712306426,0.9999104738235474,0.33284918836184896,0.4157132131712775,-0.09336305728980468,0.9999204874038696,0.331892898253032,0.41860765644482184,-0.09348925756556642,0.9999239444732666,0.33647202423640643,0.42388365183557764,0.002790763674836074,0.9999169111251831,0.32943903888974857,0.4333006441593168,-0.08136462505374632,0.9998414516448975,0.34365296789578015,0.4183169032846176,-0.06316120347806382,0.9999163150787354,0.34031877773148655,0.4208117110388617,-0.08859931975603098,0.9999139904975891,0.36468369109289966,0.44511149610791867,0.07126392636980326,0.9999791979789734,0.3321755971227372,0.4987600513866967,-0.11503917468445635,0.9998701214790344,0.36408955369676843,0.35949779834066103,0.09902660271951126,0.9576970338821411,0.29253348878451746,0.5228265455790926,-0.24124140739440905,0.9855988025665283,0.3542186294283184,0.2712178621973309,0.03681732831256729,0.9945219159126282,0.29447210005351465,0.4479134176458629,-0.3605071638311657,0.984123170375824,0.3493146428040094,0.2523645733083996,0.02789404627068765,0.9930561184883118,0.2958896798746925,0.43220509035246696,-0.4006471327372958,0.9755426049232483,0.344758367538452,0.2519109819616589,0.010823255564485273,0.9938134551048279,0.2976052658898488,0.4288328860487255,-0.3897324664252143,0.974330484867096,0.3456607546125138,0.2593565693923404,0.027839250889207624,0.9927062392234802,0.29922819393021705,0.43536984665053213,-0.36017594252313867,0.9600701332092285,0.4079506346157617,0.606153767449515,0.06514308410031452,0.9999653100967407,0.38656043154852715,0.6256267104830058,-0.06527464198214664,0.9999302625656128,0.44226259844643706,0.7071082949638363,0.08448046339409687,0.98080974817276,0.40211769086973986,0.73754562991006,-0.14191712353910713,0.9967074394226074,0.39200695242200556,0.782219222613743,0.17261967786720814,0.9859554171562195,0.33965442946978963,0.7908382773399348,-0.027941323923213128,0.9906516075134277,0.3834532175745281,0.7885509627205981,0.17864126052175242,0.9724153280258179,0.3271286717482974,0.7950537817818775,-0.01593475884624889,0.9563034176826477,0.4066094747611453,0.8233851347650797,0.13126303596155978,0.9847575426101685,0.341439868722643,0.8342654040881562,-0.05135300795414616,0.9860015511512756
143,0.3401121590818676,0.4079039318220954,-0.09874014215809954,0.9998725056648254,0.33675137587956006,0.4077663838863371,-0.08036698443549016,0.9998270869255066,0.337108494554247,0.4085676687104359,-0.08055729525429858,0.9998026490211487,0.3376280614307947,0.40929679615156966,-0.08053063494818548,0.9998673796653748,0.3347890700612748,0.4111481785774229,-0.09861032494476858,0.9999150037765503,0.33383637496403273,0.41409443702016535,-0.09884559363126749,0.9999241828918457,0.33291281802313655,0.41704783524785705,-0.09897094666957851,0.9999276399612427,0.33708344101905807,0.4216999913964951,-0.0020022455004176905,0.9999212622642517,0.3302935847214289,0.43216470650264177,-0.08493601105042863,0.999847412109375,0.344369602203369,0.4162293451172963,-0.068616338287081,0.9999210834503174,0.34127262915883727,0.41849275912557304,-0.0937325679830142,0.9999182820320129,0.36676494904926826,0.4427369024072373,0.07037104889750477,0.9999801516532898,0.33216961792537125,0.4969936796597069,-0.11698995488030564,0.9998738765716553,0.3687489509582518,0.3573011057717458,0.1083351680210658,0.9579960107803345,0.29258374060903264,0.5209204503468102,-0.24280052142483835,0.9865501523017883,0.3635258930070058,0.2704232811927794,0.04564601693834575,0.9948523044586182,0.29453697630337294,0.4442464607102528,-0.3621842341763631,0.9851198196411133,0.3602616650717597,0.25114541394369927,0.0379914912262133,0.9934589862823486,0.29636701515742697,0.42724385942731563,-0.402242646047047,0.9768114686012268,0.35547579782349703,0.24958512527602048,0.02031271584065896,0.9941806793212891,0.2982814448220388,0.42389251249177096,-0.3910296491214205,0.9756527543067932,0.35588199751717686,0.2570907601288386,0.03690114654600619,0.9931192994117737,0.299756120783942,0.43084677032061963,-0.3616737059184481,0.9619893431663513,0.4087742660726818,0.6055256775447297,0.0648993441036769,0.9999645352363586,0.3870727547577447,0.6243019989558626,-0.06503197316612513,0.9999281167984009,0.441099428279059,0.7056866458484101,0.07917817958763664,0.9786510467529297,0.40142091001783076,0.7374470455305914,-0.13872243208544588,0.9964615106582642,0.39162282432828616,0.7830393501690452,0.18635496795177453,0.9849131107330322,0.33966487986700855,0.7907689792769292,-0.007174591214529101,0.9900360107421875,0.38310056754520944,0.7903088382312226,0.19137555616242535,0.9710894227027893,0.32734185627528584,0.7947068623134064,0.006702031993440216,0.9546452164649963,0.4076198007379258,0.8240414960043767,0.14445830477135516,0.9839290976524353,0.3419196861130849,0.83411476952689,-0.029458426684141146,0.9853578209877014
144,0.34016133206231236,0.4063045024871824,-0.11177936536925173,0.9998776316642761,0.3368510220732006,0.40641382762363965,-0.09348034390381399,0.9998329281806946,0.3371840723923273,0.4068005876881734,-0.09366944006511138,0.9998087882995605,0.3376415610313414,0.4070840171405245,-0.09363874175718848,0.9998719692230225,0.3348718481404439,0.40996639217649167,-0.1116972563522202,0.9999174475669861,0.33394931043897336,0.41282943316868354,-0.11193723359278265,0.9999262094497681,0.33308375562940307,0.415804748875754,-0.1120718868715422,0.9999296069145203,0.33728210074560966,0.4187570733683448,-0.013873936774741318,0.9999229311943054,0.3303614420550208,0.4311047281537735,-0.09676133138792851,0.9998500347137451,0.3444783806800841,0.4136994344847541,-0.08117816490786411,0.9999232292175293,0.3413940037999833,0.41639733399663637,-0.10625443117959153,0.9999197721481323,0.36786825656890854,0.4398932695388792,0.06143014686448231,0.9999796152114868,0.33232810071536456,0.49539065105574454,-0.12669154831341328,0.9998708367347717,0.3720266316618236,0.3558570265769957,0.10631422400474544,0.9572673439979553,0.29279310107231127,0.5190500838415961,-0.25168357150895243,0.9874246716499329,0.3716114597661153,0.269745487826211,0.04628600861345016,0.9950678944587708,0.29468988520758477,0.440751505749566,-0.37927905235971704,0.98600172996521,0.3697830038411275,0.2502963623830249,0.03759392787303242,0.9937276244163513,0.2965338596275873,0.42185404726437137,-0.4204239002295901,0.9778715968132019,0.3650318724768501,0.24754412557397557,0.019995338948709616,0.9944338202476501,0.2985156791550771,0.4192696154117582,-0.40967799510274594,0.9767358303070068,0.36495585526738833,0.25463417172431935,0.036482826726777204,0.9934147000312805,0.3000621650900158,0.4267539015838076,-0.3791800039155141,0.9635282158851624,0.4092132696083612,0.6046438796179632,0.06394795072930196,0.9999645352363586,0.3882302488599503,0.6228208797318592,-0.06408271299941196,0.9999281167984009,0.4388255860124314,0.703580946581704,0.06892167542661937,0.9791973829269409,0.4002759941986627,0.7366443480764113,-0.13507489902632572,0.9963233470916748,0.3908674410411288,0.7833557776042389,0.18544220030307762,0.9852365255355835,0.33957126481192434,0.7906673295157293,0.009847358055412765,0.9895737767219543,0.3816063804285865,0.7913325565201892,0.18907514214515678,0.9714403748512268,0.32802452445030195,0.7946243814059663,0.024802859287176803,0.953045666217804,0.40687765223639333,0.824963956219809,0.14389404995100832,0.9843212366104126,0.34206812892641325,0.8335073419979636,-0.014990315586328498,0.9849296808242798
145,0.3397937348910739,0.40444260920797054,-0.12485629639455245,0.9998676776885986,0.3365764192172458,0.4048910370894839,-0.10667338051966255,0.9998131990432739,0.33692362393651676,0.4049943353448594,-0.1068629492606435,0.9997851848602295,0.3373475253581999,0.40499090467180504,-0.10682896482092989,0.9998576641082764,0.33447887982640934,0.4083666937691823,-0.12526998988219662,0.9999074935913086,0.3335622123309543,0.4110236380781444,-0.12551510589463366,0.9999175071716309,0.33272112522806424,0.41385865466935273,-0.12566033090863904,0.9999215602874756,0.3372541640486034,0.41633550865309565,-0.025687947663079403,0.999912679195404,0.3301216202122823,0.4292362562247683,-0.11066157179219378,0.9998326301574707,0.34412872024944835,0.41085565430777393,-0.0937859658684049,0.9999164342880249,0.34096652184213894,0.41370336498532956,-0.11936817531074789,0.999911367893219,0.3680261024406976,0.4372230947017668,0.05158627267394745,0.9999775886535645,0.3325796757425579,0.4932645125048499,-0.13896937498024525,0.9998615980148315,0.3743226706981657,0.35374221461159827,0.09624707251787182,0.9515219926834106,0.2932789938790456,0.5175919686044963,-0.2625289440155028,0.9881005883216858,0.378645644869123,0.26800730483872537,0.04048774519136972,0.9948521256446838,0.29497998952865584,0.43851090329033965,-0.3903044964585984,0.9867063760757446,0.37773671150207505,0.2490524079118455,0.028063604235649093,0.9935613870620728,0.2966203834329331,0.41844392929758323,-0.43173795342445354,0.9787420034408569,0.3735808006354739,0.24578021935054223,0.011641749766256123,0.9943172931671143,0.29856842075075407,0.41701626266751957,-0.4214504727295465,0.9776214957237244,0.37317121795245567,0.2522626425538743,0.027876644794430035,0.9932839870452881,0.30018075789724064,0.42454859529222744,-0.3904043376445768,0.9646908044815063,0.4092854440212248,0.6036368949072699,0.0633860981890133,0.9999632835388184,0.38918952941894513,0.6208348870277401,-0.06352064971412928,0.9999260902404785,0.43656320316450914,0.7016898189272196,0.06338714531489778,0.9777031540870667,0.39926990866661055,0.7335366606712338,-0.1322030786957059,0.9958877563476562,0.3897874431950704,0.7843172941889077,0.176788990838187,0.9852613210678101,0.340016403368541,0.7903066992759701,0.0194486078140991,0.9888191223144531,0.37917241028376975,0.793317317962646,0.1800034765686307,0.9713273644447327,0.32937644975525976,0.7942344886916021,0.034903669197644496,0.9504309892654419,0.4056853192193166,0.8267623765127995,0.1329835095575877,0.9844161868095398,0.34234864541462473,0.8328564609800062,-0.006819288645471838,0.9840270280838013
146,0.3405957111290521,0.40061167819159355,-0.12309244956289013,0.9998681545257568,0.3367041545254842,0.401617509126663,-0.10507182202168869,0.9998101592063904,0.33689317788396544,0.40189301201275396,-0.10526427626609797,0.9997816681861877,0.33717400005885517,0.4021098230566295,-0.10523232008729658,0.9998559951782227,0.3347793502467018,0.40459355797086427,-0.12457626419407974,0.9999058246612549,0.33381211502211416,0.4070392932210648,-0.12481951628412513,0.9999162554740906,0.3328873455524443,0.40974419287272845,-0.12496318114655353,0.999920129776001,0.337036451271602,0.4144346237182615,-0.02504197050418171,0.9999107718467712,0.3300814671175819,0.42573753595352154,-0.11419729824577055,0.9998294711112976,0.3448459948812211,0.4068572487149918,-0.09236982145479743,0.9999154210090637,0.3417380469185964,0.4091986400740485,-0.11913963385990683,0.9999094605445862,0.36788942984172257,0.433831716435296,0.051883324767862025,0.9999761581420898,0.33275127666337134,0.49075218524251646,-0.14442092095102577,0.9998555183410645,0.37670378003801597,0.3513069910662513,0.08996802419424053,0.9486186504364014,0.2941282578877039,0.5163985082081384,-0.2659005744116646,0.9889129400253296,0.3853008312838416,0.26804928183555593,0.04140505364962985,0.9948381781578064,0.295290788582393,0.43678321497780914,-0.38745196802275506,0.9875149130821228,0.38645333818026933,0.25012154281139365,0.02929536088236739,0.9935908317565918,0.29670373882566164,0.4174607481275284,-0.4279183098248071,0.9797931909561157,0.3840436501162391,0.24599237229142856,0.011599892910037716,0.9943674206733704,0.2985982835292815,0.41652364390236973,-0.4176665433815545,0.9787053465843201,0.3832762752260479,0.2518850437232425,0.0272471357669149,0.99335777759552,0.300170029912676,0.42358424493244695,-0.38742872221129265,0.9662443399429321,0.40926406128065906,0.6021676165716986,0.06380240587251523,0.9999629259109497,0.39009327036993824,0.6183607442038397,-0.06393475213221138,0.9999257326126099,0.43482659203665575,0.7006624443190435,0.06828991068261006,0.9769564270973206,0.39910423159599284,0.7293823701994756,-0.1299480695809636,0.9956639409065247,0.3884366222790308,0.7851482306207925,0.16025482118129722,0.9855061173439026,0.3404374693121227,0.7898637090410501,0.0033514527071799548,0.9886945486068726,0.3767310278756276,0.7954662033489768,0.1643450826406478,0.9719398021697998,0.3302531472274234,0.7937596814973009,0.01631751699107033,0.9505733847618103,0.4039883852005003,0.82866210426603,0.11217753205980568,0.984785795211792,0.34239563686507074,0.8328844734600608,-0.02715024596878459,0.9839743375778198
147,0.3415085962840487,0.3958632324423107,-0.1256778093320982,0.9998721480369568,0.3368266880512236,0.3967202237674166,-0.10816505530050817,0.9998133182525635,0.3368951269558496,0.3971074921744209,-0.10836383828095023,0.9997856020927429,0.33711006130490967,0.39734336563519046,-0.10833569892815176,0.9998588562011719,0.33513588224138513,0.3994331445012772,-0.12680093177727286,0.9999072551727295,0.33411205410957323,0.4018291686262402,-0.1270388905491147,0.9999178051948547,0.3330893754959105,0.40448618531227093,-0.12717796947274884,0.9999208450317383,0.3368298615728104,0.4090616251741135,-0.028854093913521076,0.9999119639396667,0.33014078991753704,0.42020537512642975,-0.11433656322104585,0.9998296499252319,0.34570134111813117,0.402592383112226,-0.09536267689296174,0.9999156594276428,0.3426612096173421,0.40458831787109356,-0.1209836704390389,0.9999088644981384,0.36808770128658824,0.4278329355376105,0.048408563967261974,0.9999754428863525,0.3327234353337968,0.4871341373239242,-0.14346185198851988,0.9998520016670227,0.38038555213383246,0.34997321707861745,0.0876449088965143,0.9478960633277893,0.2951279205935341,0.5152984619140621,-0.2662876171725136,0.9898008108139038,0.39427422966275877,0.2735258400440215,0.04093126942004474,0.994956910610199,0.2959065071174075,0.43574633002281166,-0.38992153576442157,0.9884487390518188,0.40029587745666484,0.2569980885301316,0.03310712895223071,0.9937193393707275,0.2970833812441144,0.4168613672256468,-0.43037056241716637,0.9811452627182007,0.3995205138410839,0.2522293793303625,0.011846966056951447,0.994503915309906,0.2990427587713512,0.4159924983978269,-0.4204092008726935,0.9801174402236938,0.39751743078231794,0.2583282113075255,0.027649213905845356,0.9935474395751953,0.30054869481495433,0.4228055213178905,-0.3904821097850798,0.968343198299408,0.4090717826570781,0.6003746696880883,0.06279638143522395,0.9999638199806213,0.3918538442679812,0.6163320779800412,-0.06292063487427572,0.9999276399612427,0.4315433578831807,0.6993526339530942,0.0798230443681989,0.9753137230873108,0.39909635356494344,0.7256345476422987,-0.1287249379924365,0.9956789612770081,0.38716681940214953,0.7854713371821809,0.1545257478952407,0.985959529876709,0.34075733678681497,0.7894003817013329,-0.023205410156931186,0.9893278479576111,0.37571576067379525,0.7964656216757634,0.15615228414535515,0.9731616377830505,0.33048283117158056,0.79329000711441,-0.013749242041792181,0.9534732103347778,0.4027566160474503,0.8297459925924026,0.09792626095669604,0.9854402542114258,0.34275151916912605,0.8336523107119964,-0.06309595368802545,0.9849270582199097
148,0.34210479600088917,0.3903249417032512,-0.12512981082711894,0.999860942363739,0.3369418340069905,0.3901451008660451,-0.10818544370787478,0.9997820854187012,0.3369173245770589,0.3906295657157896,-0.1083891983543123,0.9997509717941284,0.3370367254529679,0.39088029776300687,-0.10836594275065826,0.999836802482605,0.3354581909520284,0.392806451661246,-0.12571722907679417,0.9998888373374939,0.3344691642693109,0.3952678424971442,-0.12595033560480384,0.9999024271965027,0.33345149500029414,0.3979757325989858,-0.12608744714941292,0.9999027252197266,0.33658588273184625,0.40175664680344697,-0.030463345561708707,0.9998948574066162,0.3304144501686095,0.4126955943448201,-0.11121010333299632,0.9997780323028564,0.34627682226044776,0.3978555372783114,-0.09556718298367087,0.9999012351036072,0.343433002914701,0.40001653943743004,-0.1197842732071876,0.9998888969421387,0.3682249886648994,0.42095993757247907,0.04558400043419427,0.9999732375144958,0.3330834099224634,0.4821977104459488,-0.14006197367395667,0.9998350143432617,0.38462242143494724,0.3501856310026985,0.08640342163188114,0.9482734203338623,0.29698863029479966,0.5121458751814704,-0.266291742665427,0.9905542731285095,0.4040173845631734,0.28229989920343657,0.042653398535081294,0.9950965642929077,0.29715783425739817,0.434016214098249,-0.39572722230638757,0.9892078638076782,0.4136045140879493,0.267340731195041,0.03911615051329134,0.9938361644744873,0.298297140427998,0.41543983476502533,-0.43505971687180633,0.9821479916572571,0.4143024333885736,0.2631634673901965,0.01477158106863498,0.9946423768997192,0.3004740749086651,0.4146184963839393,-0.4264506757259367,0.9812077283859253,0.4113228380680082,0.26995849183627524,0.030775747661079662,0.9937283992767334,0.30190485034670134,0.42104775054114185,-0.39565096923283144,0.9698816537857056,0.4082334024565558,0.5977780052593773,0.06154959872364995,0.9999625086784363,0.39506059544427036,0.6137584669249395,-0.06166550729955943,0.9999256134033203,0.4262482276984621,0.6964629275458196,0.09259672207491734,0.9690055847167969,0.39913639085633396,0.721733941350664,-0.1235287766371454,0.9954804182052612,0.3861674368381498,0.7853261164256501,0.15156297768865307,0.9861383438110352,0.3417827018669672,0.7888248443603512,-0.047170817985066324,0.9898281097412109,0.3758003396647315,0.7975063800811764,0.15066824895994996,0.9736860990524292,0.3306501890931809,0.7924884217126025,-0.04149415689919674,0.9553510546684265,0.4035287925175256,0.8302200589861185,0.08627448188407078,0.9857777953147888,0.34386798483984793,0.8345388003758019,-0.1013161235888089,0.9857117533683777
149,0.34249834077698826,0.387372748340879,-0.12828353324106756,0.9998548030853271,0.33729041644505076,0.38557748198509195,-0.11163667930024006,0.999758243560791,0.33733925734247466,0.38585167867796744,-0.11184054655688146,0.9997265338897705,0.3374937934534889,0.3858474842139651,-0.1118202543684414,0.9998216032981873,0.3357492463929311,0.38851846286228703,-0.12794150965554368,0.9998743534088135,0.33482691645622237,0.3910215011664797,-0.1281695614968027,0.9998910427093506,0.3338144430092401,0.39388297370501907,-0.12830304758889327,0.9998878836631775,0.33667380639484934,0.39568517122949853,-0.03284062030059949,0.9998839497566223,0.3306732194764272,0.40800352096557596,-0.10820907333067481,0.9997355341911316,0.34668529459408337,0.39497429728507977,-0.09859550446271892,0.999891459941864,0.3440658237252915,0.39799698761531266,-0.12117851780993592,0.9998734593391418,0.3685916270528519,0.4146355467183247,0.045022203986133824,0.9999721050262451,0.333372298308781,0.4780012147767201,-0.13466747105121607,0.999819815158844,0.3892701966421943,0.3497678279876707,0.09041761915598592,0.948214054107666,0.2986999247755322,0.5085983395576474,-0.26155657001904065,0.9912837147712708,0.4124832212924955,0.2891978987625665,0.052594945426764204,0.9952317476272583,0.29840931807245513,0.4324861100741793,-0.39585439392498545,0.9898805618286133,0.423038876056671,0.2757531293800898,0.049781140738299895,0.9939505457878113,0.29976229412215083,0.4138752213546206,-0.434286251238414,0.9829988479614258,0.42418100237846357,0.2730959057807921,0.024989504979125082,0.99477618932724,0.3021640402930122,0.4132429667881555,-0.4267022235052924,0.9821416139602661,0.42064792258398853,0.28070892180715273,0.04086481944790907,0.993904709815979,0.3033851623535155,0.4193663912160054,-0.3951983094215391,0.9711717367172241,0.4074411724294933,0.5941950985363549,0.0596236600407532,0.9999613761901855,0.3969413306031907,0.6097107427460804,-0.05973330821309768,0.9999237656593323,0.4236138335296084,0.6929555909974232,0.0951226636767387,0.9620712995529175,0.398878616946084,0.7164205125399995,-0.11901691023792532,0.9952762722969055,0.3856690108776091,0.7850688781057082,0.14697172216006682,0.9863247275352478,0.3431253918579645,0.7886642898832046,-0.0563246106462819,0.9903304576873779,0.3762925999505178,0.7982556496347696,0.14589655441897248,0.9745298027992249,0.3310015201568602,0.7916224769183564,-0.05219777801207131,0.9572646617889404,0.4046584733894891,0.8301052331924434,0.07589681936161854,0.9861908555030823,0.34476123026439104,0.8356219410896297,-0.11986775078943791,0.9864922761917114
150,0.343173050880432,0.38487645047051544,-0.12736726573535367,0.9998603463172913,0.3377684533596037,0.3824387533324104,-0.10990835108927313,0.9997624158859253,0.3378840855189731,0.3826433369091577,-0.11010907569101874,0.9997321367263794,0.33809883935110896,0.3826298321996414,-0.11008912793227599,0.9998255372047424,0.3362476493631089,0.3852484805243354,-0.1264144186462674,0.9998752474784851,0.33540186711720044,0.38754890475954307,-0.1266427874565124,0.9998922348022461,0.33441525271960654,0.3902410830770218,-0.12677360879523408,0.9998873472213745,0.3368027865886687,0.3925114129270824,-0.03161672822066714,0.9998862743377686,0.33106516940253106,0.4038915131773266,-0.10755058271544315,0.9997290372848511,0.347484402997153,0.39257272311619335,-0.09667206044707975,0.9998926520347595,0.3449649878910608,0.39555264285632524,-0.11943639495543065,0.999872088432312,0.3684876331261224,0.4121797033718652,0.04329550000173703,0.9999721050262451,0.3343522940363201,0.47396350928715275,-0.1322890903268541,0.9998106360435486,0.3926351087433949,0.352579549380711,0.0814632552010672,0.9500232934951782,0.30109028986522113,0.504261710814067,-0.2592865637370517,0.9919964075088501,0.41936833262443524,0.2965404902185711,0.04069614516837254,0.9955014586448669,0.2998265479292187,0.42959281035831975,-0.39479746563093987,0.9906114935874939,0.42916494607925393,0.2853389339787618,0.03713089922176939,0.9942290782928467,0.30083983710833945,0.41275913204465575,-0.4332076822008404,0.9840386509895325,0.43092025688716323,0.28398066418511514,0.012394434932087143,0.9950370192527771,0.3031905225345065,0.412126439809799,-0.4256633630820681,0.9832598567008972,0.4275372156075067,0.2905940541199274,0.028890019229480184,0.9942122101783752,0.3043651155063083,0.41736134375844663,-0.3945120487894329,0.9728186726570129,0.4066453073705944,0.5904479656900676,0.05790679688964569,0.9999599456787109,0.39797518253326397,0.603717950412205,-0.0580010578036308,0.9999215602874756,0.42191079258918746,0.6906049677303856,0.09149572998285291,0.9594942331314087,0.39926021950585483,0.7094577159200393,-0.11689967917544497,0.9952890276908875,0.38549188886369956,0.7847263097763058,0.14181092551776334,0.9866476655006409,0.3461223210607255,0.7890021204948422,-0.061511234832661466,0.9909202456474304,0.3762715680258613,0.7992381589753283,0.14130634920937668,0.9755860567092896,0.3323801738875251,0.7910581418446129,-0.058071309434516064,0.9596580266952515,0.4052358576229638,0.8297446829932072,0.06796279166425974,0.9866985082626343,0.3455090693065097,0.8364187649318146,-0.12532181952680854,0.9873797297477722
151,0.34324886458260656,0.381489609820502,-0.12869794134582785,0.9998720288276672,0.33798473051616107,0.379546889236995,-0.11133600388254433,0.9997811913490295,0.33817384498459935,0.37974453057561586,-0.11153106348855149,0.9997537732124329,0.3384650851999009,0.3797811601843151,-0.11151048860379623,0.9998396635055542,0.3364573402064186,0.3821359634399412,-0.12764525519950043,0.9998847246170044,0.3356588218893322,0.384237914425986,-0.1278646677732467,0.9999004602432251,0.33472008023943206,0.3866767704486845,-0.127985836139747,0.9998952746391296,0.33696990353720513,0.38972907321793676,-0.03502765043106461,0.9998958110809326,0.33146982192993146,0.4000402842249187,-0.11115681848355696,0.9997478723526001,0.3478267678192682,0.38904697128704596,-0.0981053050075258,0.9999011158943176,0.34504471932138703,0.3915883472987582,-0.12055441673312862,0.999881386756897,0.3681263651166642,0.41056649174009036,0.037432573522840205,0.9999738335609436,0.3356812919889176,0.46847269875662645,-0.13224221616983406,0.9998166561126709,0.39628583533423273,0.35905578477042044,0.06706940861684932,0.9529354572296143,0.30422406452042705,0.5001131279127936,-0.25840861073562066,0.9927008152008057,0.4265360849244252,0.30814785787037424,0.015599507432697068,0.9957218170166016,0.3014249273708887,0.4280800334044863,-0.3964846849441527,0.9913329482078552,0.4364630367074692,0.29916086111749907,0.01011902136462075,0.9944497346878052,0.30193609084401796,0.41251107624598893,-0.43667072994368394,0.9851124882698059,0.43835785474096006,0.2978002207619802,-0.01424130557903221,0.995246410369873,0.304047576870237,0.4119381802422658,-0.4284123122692106,0.984391450881958,0.43515899351664933,0.30308544124875736,0.0036802816603864934,0.994460940361023,0.3053381945405686,0.4167609376566749,-0.397711989709309,0.9744734764099121,0.40609970859118855,0.5862526961735314,0.05614095010927743,0.9999603629112244,0.3980865163462501,0.5969118237495419,-0.05621120227234702,0.9999229311943054,0.4198804557323454,0.6884551422936572,0.09351499804428641,0.9557495713233948,0.3995256159986767,0.7020559327942981,-0.11831852389233448,0.9955013394355774,0.38396197302000845,0.7845308031354628,0.1512335268514496,0.98687744140625,0.3489496035235267,0.7893359116145539,-0.05562265206660541,0.9915769696235657,0.37365249139921985,0.7997289180755611,0.15151822503123957,0.9766226410865784,0.33496285932404635,0.7910437839371813,-0.05080608576536176,0.96234130859375,0.4049190836293355,0.8292224236897057,0.08097937777638432,0.9871397614479065,0.34574326361928653,0.8365833078111917,-0.11395942377192628,0.9882993698120117
152,0.3430500856467654,0.37361529639789015,-0.11760798671415869,0.9998831152915955,0.33797412599836063,0.37322847928319636,-0.10076759505484781,0.9997998476028442,0.3381145145211899,0.37372280103819694,-0.10095460574541769,0.9997749924659729,0.33837014436721785,0.3741870616163524,-0.10092745231730593,0.9998534917831421,0.3366762902055467,0.3750751146248407,-0.11778477015239847,0.9998941421508789,0.3359510549477167,0.3768811345100401,-0.11799363004309785,0.9999086260795593,0.33512308086667725,0.37888700110571705,-0.11810032406023566,0.9999035596847534,0.33713707583291175,0.384875668798174,-0.02731928141521555,0.999904990196228,0.3323963105678557,0.3921471451010021,-0.10710045195051598,0.9997678399085999,0.3475889188902717,0.3813805699348448,-0.08855987159269194,0.9999096989631653,0.3449670987469807,0.3828264772891996,-0.11200183342610082,0.9998910427093506,0.368747670309884,0.40847921286310446,0.03996641540101594,0.9999756217002869,0.33746965782982946,0.4598143168858117,-0.12938124069145743,0.9998266696929932,0.40071116771016785,0.3707762352057864,0.055228483251162905,0.9553150534629822,0.30827441981860554,0.4923745027610232,-0.25153296376977635,0.9933508038520813,0.43424864922251,0.3271553746291568,-0.013561036597405162,0.9959820508956909,0.3035960486957004,0.42923590200287937,-0.3890188974993568,0.9921050071716309,0.44396156413214527,0.32181506327220355,-0.021647995045142514,0.9947505593299866,0.30385070698601846,0.41496613366263235,-0.4298342321600231,0.986368715763092,0.4457871641431534,0.32058763333729323,-0.04673349059053829,0.9955190420150757,0.3055363467761447,0.4136143411908829,-0.4224398340497696,0.985713005065918,0.44318301166806884,0.32433438811983367,-0.026287668570876117,0.9947725534439087,0.3067873912198201,0.41780564103807705,-0.39091779759951983,0.9765192866325378,0.40555935331753307,0.5815013868468146,0.05584991829735889,0.99996018409729,0.39835990667343124,0.5894473740032737,-0.05590861556785444,0.9999235272407532,0.4158145214830124,0.6835750869342256,0.08757111004420685,0.9531394243240356,0.39905058230672547,0.6927322660173685,-0.11886188217571797,0.9956509470939636,0.3809212625026701,0.7835795947483605,0.14202556822981147,0.9868661165237427,0.3528401783534457,0.7885203310421531,-0.047313764052731626,0.9920439124107361,0.3694995760917662,0.8000097870826717,0.14180596811430787,0.9773082733154297,0.3397464071001324,0.7907428860664364,-0.04154227546283175,0.9642730951309204,0.4030775249004362,0.8285773379462101,0.07058393007942604,0.9874236583709717,0.34778453877993976,0.8361770255225042,-0.10384932948010303,0.9889903664588928
153,0.3432029162134441,0.36587409887995026,-0.08713559527282733,0.9998908638954163,0.3380185646670204,0.366339188814163,-0.07192058347697766,0.9998121857643127,0.3381285539695193,0.36675980261393937,-0.072102305026991,0.9997896552085876,0.3383481672831943,0.367206823825836,-0.07206724443073781,0.9998628497123718,0.3368063100746698,0.3682188349110738,-0.08906934403681324,0.9998997449874878,0.33609822647912146,0.370022472313472,-0.08927066282236146,0.9999139308929443,0.33530920488493765,0.37207479732377174,-0.08936825487762685,0.999908447265625,0.33735417127609235,0.37884394271033134,-0.00289037731210036,0.9999114871025085,0.3330192966120582,0.38686583723340695,-0.08313336122248849,0.9997803568840027,0.3476223775318689,0.3734904510634285,-0.061095762199589156,0.9999158978462219,0.3454775316374641,0.3751812926360537,-0.08479126947931942,0.9998972415924072,0.37055259176662975,0.40369624750954747,0.06262534377830367,0.9999769926071167,0.33951662097658414,0.4511314673083167,-0.11464396182979851,0.9998367428779602,0.4043380209377832,0.3870727419853209,0.08214724627988676,0.9532392621040344,0.3141683867999484,0.4831963973385945,-0.24014404586383264,0.9937920570373535,0.43832903759820097,0.3502763390541075,0.019297823037153897,0.9957126975059509,0.3062913962772913,0.4383335803236278,-0.38284240024430394,0.992714524269104,0.4482172165598186,0.3479553554739269,0.013878408500126421,0.994415819644928,0.3058789449078695,0.4248057629380905,-0.42486780200685753,0.9873971939086914,0.4492899000644682,0.3459563927991048,-0.012487117413963588,0.9952883720397949,0.3071274374212536,0.421297149147306,-0.419178920132773,0.9868051409721375,0.4465514404433112,0.3487106212547845,0.006313559306519365,0.9945148229598999,0.30854936412402545,0.4252528471606116,-0.3858421129839759,0.9781414866447449,0.4055256775447299,0.5749455928802488,0.056746337562799426,0.9999614357948303,0.3971527320998054,0.5806683472224641,-0.05679853675620894,0.9999263882637024,0.4146955106939586,0.6763450043542041,0.07319633300815306,0.9481701254844666,0.3967421744550975,0.6838352680206297,-0.1203334191015788,0.9956520199775696,0.37844948002270273,0.7826600483485626,0.11756384564297534,0.9869785904884338,0.3554926514625547,0.7862140076501025,-0.05243005550333429,0.9924837350845337,0.3671503135136194,0.8019979408809113,0.11724902221134725,0.9777694940567017,0.3438923665455408,0.790719240052359,-0.047126595782382125,0.9657637476921082,0.4016546734741754,0.8282467160906106,0.0493917292250054,0.9879095554351807,0.35485914690153925,0.8360092129026137,-0.11027797183820173,0.9896606206893921
154,0.34409043448311927,0.3589014623846325,-0.0400964045897126,0.9998986721038818,0.33850606935364846,0.35982617139816264,-0.02615290997283798,0.9998252987861633,0.3384739816188811,0.3603807015078407,-0.02632818030459539,0.9998044371604919,0.33855771677834634,0.3610002994537352,-0.026288576158029677,0.9998725652694702,0.33760109458650844,0.36130491409982934,-0.04336919702722555,0.9999062418937683,0.33692957248006533,0.36295792290142587,-0.043566970170208386,0.9999198913574219,0.33618338959557653,0.3648564619677406,-0.04365782990976833,0.9999144673347473,0.33757085118974944,0.373523391996111,0.03487271786268267,0.9999181628227234,0.3339850570474351,0.38067156417029224,-0.04466344139405657,0.9997948408126831,0.3483105378491536,0.3675241827964781,-0.016997630681310372,0.9999218583106995,0.3468111949307576,0.3688631449426921,-0.040843523364414304,0.9999029636383057,0.3718639927250997,0.39966997759682776,0.09389589780143325,0.999978244304657,0.3418634440217698,0.4397645422390527,-0.08866561395781376,0.9998487830162048,0.4048801737172261,0.4068747818469999,0.11724831504481174,0.9500298500061035,0.3215950284685406,0.4700561923640113,-0.22147993402821667,0.9941527843475342,0.43929223673684237,0.3746115701539174,0.068317741235452,0.9955887198448181,0.3095370190484182,0.4471417869840348,-0.3718354327338081,0.9933429956436157,0.44941284230777173,0.37423159565244385,0.06717635672539468,0.9942154288291931,0.3081813437598091,0.4365791218621388,-0.41358165400368807,0.9885062575340271,0.4506618397576466,0.3710385279996053,0.040734204011304016,0.995169997215271,0.3089094059807912,0.43120391879762904,-0.4098144905907765,0.9879767894744873,0.447230632816042,0.3725751417023793,0.055714493298104795,0.9944169521331787,0.3106060854026248,0.43410264253616315,-0.37616546750068647,0.9799871444702148,0.405463032211576,0.5652329036167687,0.05759584009647367,0.9999637603759766,0.3962521791458128,0.5679548570087976,-0.05763568761093273,0.9999313950538635,0.4133365077631812,0.6682120289121352,0.05753336005977219,0.9446110129356384,0.3945330355848583,0.6759036779403683,-0.12290694032396585,0.9957983493804932,0.37850147230284537,0.7812684518950322,0.09083504815186769,0.987051248550415,0.357145287309374,0.7835568206650867,-0.08152065979582919,0.9930208325386047,0.3679697121892655,0.8041848863874159,0.08985340073704715,0.9786076545715332,0.3462113678455351,0.790762570926121,-0.0792121868048395,0.9678863883018494,0.401591064248766,0.8275859338896611,0.025754266351993578,0.9884364008903503,0.36225146140371034,0.8364946331296644,-0.14494995496102736,0.9904531240463257
155,0.34498959864888856,0.3551131904125212,-0.0050926283966483766,0.9999064803123474,0.3390733497483388,0.35594869256019573,0.007344591271664414,0.9998387098312378,0.3389060267380304,0.35664678556578483,0.007176954405648367,0.9998192191123962,0.33884691085134216,0.35743234838758176,0.007208229947303021,0.9998824000358582,0.33846147911889196,0.35700075541223786,-0.009616636977131872,0.9999133348464966,0.3378366657665796,0.3585015799318039,-0.009809136275206187,0.9999262094497681,0.3371356334005082,0.3602476988519939,-0.00989441848526309,0.9999210238456726,0.33778276528630924,0.3702095789568763,0.060428429281871206,0.999924898147583,0.33489169052668966,0.3759501525333948,-0.018291562542851473,0.9998108148574829,0.34930798326219814,0.3646030826228004,0.015209405070969031,0.9999279975891113,0.3480834748063767,0.36565139634268606,-0.00832844462046133,0.9999096989631653,0.3728227061884742,0.39810614841324926,0.11731706431933807,0.9999796748161316,0.3434995574610572,0.42935889703886826,-0.07186898802007945,0.999861478805542,0.4042559904711585,0.4217421191079274,0.15720037498644412,0.9417064189910889,0.328438422509602,0.458829571519579,-0.21405823613916114,0.9945010542869568,0.43879997815404603,0.3913860559463499,0.13641602060358435,0.9953725934028625,0.31318136623927506,0.4509804998125347,-0.3688689836433954,0.9939441680908203,0.4496461050851002,0.39113794224602816,0.1420860881784132,0.993919312953949,0.311053111723491,0.4423657229968478,-0.4097535431385039,0.9895683526992798,0.45115976333618146,0.38582334688731584,0.11602897931422501,0.994964599609375,0.3113341995647974,0.43618538805416635,-0.4056702400956833,0.989093542098999,0.44668683154242356,0.3866669450487408,0.12483741380274291,0.994195818901062,0.31346677712031756,0.4386372864246366,-0.37292977230889435,0.9817850589752197,0.40548508848462766,0.5553805215018133,0.059466802967446164,0.9999662041664124,0.39507409078734246,0.5565903697695048,-0.059498924549136814,0.9999367594718933,0.41269372531345894,0.660930218015398,0.052239347568580057,0.9351972937583923,0.3932871137346538,0.6706214376858299,-0.13158731332847046,0.9959630370140076,0.37962893588202323,0.7794902052198134,0.07515878858310832,0.9863492846488953,0.3577341837542396,0.7816344346318923,-0.12012691731963833,0.9935811758041382,0.36911993537630333,0.8051773650305608,0.0734466979546206,0.9789911508560181,0.3464801507336751,0.7906290480068747,-0.1205207470272268,0.9701839089393616,0.4025065796715871,0.8263645546776904,0.017581076174974435,0.9887158870697021,0.3654399096965788,0.8359484025410239,-0.18343980142048416,0.9912616610527039
156,0.345510913644518,0.3505060698304856,0.006612616005752765,0.9999139904975891,0.3394530756132942,0.35211218254906773,0.019728487091405043,0.9998515844345093,0.33917661990438175,0.3531410251344952,0.019574271248919615,0.9998335838317871,0.3390061463628495,0.3543478241988589,0.019602490482585763,0.9998919367790222,0.3391384848526544,0.3524115179266247,0.0020191482600889037,0.999920129776001,0.3386004958833965,0.35367454886436445,0.001827862645404821,0.9999321699142456,0.3379815493311199,0.35516639096396296,0.0017519025036433183,0.9999271631240845,0.33790838377816323,0.36793016110147725,0.07326763527733936,0.9999314546585083,0.3358994032655442,0.37061839444296685,-0.009304486321551455,0.9998257756233215,0.35003712603024056,0.3605712694781166,0.026712444850376663,0.9999337792396545,0.3489995471068789,0.3606893002986906,0.0021310089347285352,0.9999160170555115,0.3735285852636608,0.39909831455775646,0.12817038765975403,0.9999811053276062,0.3442317860467092,0.42044970393180825,-0.06661840528249738,0.9998733997344971,0.40331728713853,0.43391035539763295,0.17200966860566813,0.93467116355896,0.32918795432363224,0.44664031778063074,-0.20939899086952202,0.9948750138282776,0.4381390103272027,0.4049361050128935,0.161333865565913,0.9952923655509949,0.314481130668095,0.44823242255619566,-0.36025038446698854,0.9944829940795898,0.44918204631124203,0.4038105334554398,0.16923178689820417,0.99379962682724,0.3124684367861065,0.44384508899279984,-0.3996333454336437,0.9905161261558533,0.4507038141999924,0.39797864726611526,0.14302467341933925,0.9949110150337219,0.312701665503638,0.43992721182959404,-0.39466935055596475,0.9900915026664734,0.4460892208984918,0.39826221636363424,0.14995277949741903,0.9941564202308655,0.3148673662117548,0.439689585992268,-0.363486953292574,0.9833871126174927,0.4054845528943196,0.5485934240477424,0.062277143874338664,0.9999681115150452,0.3936789742537905,0.548550018242427,-0.06231611913868356,0.9999411106109619,0.4105888494423455,0.6553202731268744,0.047463496135813826,0.9123783111572266,0.3927223895277294,0.6641689794404163,-0.15152728983334124,0.9961018562316895,0.38035706196512475,0.7779937676021027,0.04996577565159114,0.9838394522666931,0.35907829574176225,0.7796550478254042,-0.15706391866718014,0.9940189123153687,0.3696161031723021,0.8047006692205153,0.04603983312845228,0.9780155420303345,0.34740552561623694,0.7893422705786565,-0.15954539073365068,0.9719829559326172,0.4025995901652743,0.8251664093562532,-0.012211496728871547,0.9882187247276306,0.36592255660465767,0.83369060414178,-0.22531264892646236,0.9919315576553345
157,0.3448788702487944,0.34401325924055903,0.013874375737006103,0.9999223351478577,0.338965138367244,0.34592893889972126,0.028394327179661807,0.9998659491539001,0.338753615106855,0.34699586204120075,0.02825338595679827,0.9998496770858765,0.33864057149205873,0.34821946365492673,0.02828326579183339,0.9999024271965027,0.3386423800672802,0.34641086374010344,0.010086205774652102,0.999927818775177,0.3381703112806591,0.34785794700895023,0.009888856361482921,0.9999387264251709,0.33761773194585515,0.3495198130607603,0.009813052647015342,0.9999341368675232,0.3378290866102489,0.3622105606964655,0.08539162831647051,0.9999381303787231,0.335909730195999,0.36472033091953804,-0.0004102808889001601,0.9998425841331482,0.34978221484592964,0.35377789224897094,0.034765422503863046,0.9999401569366455,0.34876082539558395,0.35408102188791535,0.009312686214356547,0.9999240040779114,0.37384440984044737,0.39835931829043775,0.1377821579575538,0.9999826550483704,0.34434700012207015,0.4089420318603514,-0.06089866672243388,0.9998852014541626,0.40218164069311946,0.4454947326864513,0.1838560483285358,0.932213544845581,0.3264245041779108,0.42849884203502087,-0.20812199882098598,0.9952905178070068,0.4371403328010012,0.4211657490049088,0.17820062169006884,0.9952707290649414,0.3135421080248695,0.439952572754451,-0.3607155288968766,0.9949132204055786,0.447276209933417,0.41701768125806515,0.18625039926597042,0.9937770366668701,0.31195289918354563,0.44605622121265937,-0.40107083320617654,0.9912610650062561,0.44847972052437896,0.41132926685469473,0.15911900017942693,0.994936466217041,0.31228823661804184,0.44298574669020496,-0.3951004905360084,0.9908794164657593,0.4444728348936351,0.4124387162072316,0.16650497040578288,0.9941918253898621,0.3144684731960295,0.44218800323350066,-0.36368818793977997,0.984614908695221,0.4056092977523802,0.5425225445202416,0.06472865151507512,0.999970555305481,0.3917679718562533,0.5398379087448117,-0.06477639302611347,0.999946117401123,0.4085945265633717,0.6495852606637134,0.04794355865035736,0.907158374786377,0.39158079028129555,0.6560061812400815,-0.15230525987488874,0.9964287281036377,0.38151201009750346,0.7765149763652253,0.04480188989213532,0.984214723110199,0.362019714287349,0.7759307112012587,-0.1547099351882934,0.9945575594902039,0.3718600324222018,0.8005470905985148,0.04021583635892184,0.9788990020751953,0.35062004072325553,0.7855986271585733,-0.15542990182127264,0.9743356108665466,0.40307444589478614,0.8247794730322697,-0.02237151270466191,0.9888862371444702,0.3715622774192263,0.8305127109800063,-0.22174338826111376,0.9926744103431702
158,0.34641842671803047,0.33908709968839357,0.01778697468606488,0.9999297857284546,0.34082820245197826,0.33996367539678285,0.03215919706438267,0.9998788237571716,0.3406587336744579,0.34078925166811247,0.03203271393265042,0.9998639822006226,0.3405819645949771,0.3416507720947264,0.03206607747290814,0.9999117851257324,0.3401756559099468,0.3409731141158511,0.014033923424514268,0.999934732913971,0.3395343022687093,0.3425367057323454,0.01383123013097896,0.9999446272850037,0.33881368551935453,0.3442002620015824,0.013750482585497326,0.9999404549598694,0.3397304781845636,0.35415497592517287,0.09016672649553839,0.9999440908432007,0.33687590956687913,0.35744251693998047,0.004843224132699622,0.9998577237129211,0.3507130120481762,0.34846212267875654,0.039204104351145866,0.999945878982544,0.34933344296046653,0.34922924808093464,0.013899217448696221,0.9999312162399292,0.3734776420252662,0.3966072372027804,0.14000597340720033,0.9999838471412659,0.34304147788456496,0.39098513892718706,-0.053636105145726864,0.9998960494995117,0.40027709943907586,0.45246346337454635,0.17729145458766382,0.9114312529563904,0.3222054677350179,0.4101204310144695,-0.19987418438707072,0.9956295490264893,0.4366229074341908,0.43712838547570343,0.16129414141178122,0.9933598041534424,0.3115970568997518,0.4276443430355615,-0.35016183427401937,0.9952797293663025,0.4455345996788568,0.43109724947384404,0.16589280494621814,0.9918665289878845,0.3106426068714685,0.4459436510290416,-0.39005433406148615,0.9918964505195618,0.44685977952820893,0.42596612317221483,0.13917423827307557,0.9935066103935242,0.31100183640207546,0.4451839259692599,-0.38377836091177786,0.9915460348129272,0.4433934160641259,0.42780491709709145,0.149349139205047,0.9925842881202698,0.3130000208105358,0.4413634913308278,-0.35309246778488146,0.985593855381012,0.40558329480034944,0.5364462597029547,0.06428239600999011,0.9999726414680481,0.3901452941553931,0.5322018436023164,-0.0643367848226002,0.9999508261680603,0.4058899462223051,0.6476169126374378,0.05061031005212236,0.8975045680999756,0.3901579609939028,0.6500250288418358,-0.1390261769294738,0.9966099262237549,0.38384888001850653,0.7746441875185281,0.060441577647413494,0.983578085899353,0.36568478005272986,0.7710102132388521,-0.12772313313824785,0.9949551224708557,0.37569565176963793,0.7941828267914904,0.05712711401283739,0.9786261320114136,0.35563005890165045,0.780370267799922,-0.12638498097658152,0.9759128093719482,0.4037583785397664,0.8250892434801369,-0.008443632003452092,0.9889488816261292,0.3789729952812193,0.8270352142197741,-0.19382217143263125,0.9932304620742798
159,0.34856229765074576,0.3365458931241715,0.029859597714883928,0.9999341368675232,0.3432135828903742,0.33658737795693516,0.04295437756393635,0.9998863339424133,0.34312373484883973,0.33725736396653294,0.042836285967911975,0.9998712539672852,0.3431092909404208,0.33788297006062085,0.04287189734833579,0.9999169707298279,0.34224556854792987,0.33788033468382683,0.025030755650784275,0.9999385476112366,0.3414959992681229,0.33949334536279935,0.024836498405784356,0.9999478459358215,0.3407020236764634,0.3411240041255949,0.02477004387016806,0.9999440312385559,0.34225183640207546,0.3481138374124253,0.09539123049804138,0.9999479055404663,0.3389109449727193,0.3518782241003853,0.01098029554289366,0.999867856502533,0.35252127221652424,0.34480620707784365,0.04941377416253088,0.9999493956565857,0.35095509716442636,0.345971483843667,0.02433692875451274,0.9999350905418396,0.3734805856432232,0.39581012810979554,0.13892488649913237,0.9999839663505554,0.3460054499762397,0.37771793603897075,-0.04872754684516359,0.9999052286148071,0.3991542041301725,0.4560126653739382,0.1664030594485146,0.8673719167709351,0.3252717869622365,0.381206200804029,-0.18598391626562383,0.9957867860794067,0.436935383081436,0.44915425862584774,0.1465216628142765,0.9791386127471924,0.3110447789941514,0.4090529433318545,-0.3170340103762489,0.9951333999633789,0.44518675293241206,0.4423843920230863,0.15035766788891375,0.9788452982902527,0.30992190582411616,0.43088804653712665,-0.35387487837246473,0.9916494488716125,0.4466289733137401,0.4378655195236204,0.12443537648235042,0.9828705191612244,0.3105976147311073,0.4333321120057785,-0.348105570248195,0.9912903308868408,0.44326382279396037,0.44051074215344,0.13480806095259523,0.9810150265693665,0.3124406984874179,0.42809455054146883,-0.31977298004286614,0.9847995638847351,0.4037932200091224,0.530241092613765,0.06285405520881922,0.9999747276306152,0.38936633467674236,0.5249540873936243,-0.06291361238275252,0.9999552965164185,0.40264021073068873,0.64436456816537,0.05363679804972237,0.8859074115753174,0.38934680478913425,0.6426319139344349,-0.14294863726411539,0.9968388676643372,0.3869953989982603,0.769410761765071,0.05911312550306318,0.9833690524101257,0.3701766729354857,0.7646951454026355,-0.1452846190759113,0.9953485131263733,0.37917781387056604,0.785738691261836,0.05539551260215893,0.9783260822296143,0.36087994660649964,0.7747428229876923,-0.14571764298847736,0.9774934649467468,0.40477940269878915,0.8237186636243543,-0.003882106233920367,0.9889532327651978,0.38683691365378226,0.8224427342414853,-0.21011191521372105,0.9937578439712524
160,0.3508648514747618,0.33930959786687565,0.05258928526725086,0.9999405145645142,0.3456074169703891,0.3395476579666136,0.0648509568401745,0.9998973608016968,0.3455369234085081,0.3402179326329911,0.06474231758287971,0.9998836517333984,0.3455064203057969,0.3408489167690275,0.06478980109095571,0.9999250173568726,0.34475656322070514,0.3407356619834898,0.04724045544862745,0.9999444484710693,0.34412535258701854,0.34226630159786753,0.047059328907302425,0.9999528527259827,0.3434880077838896,0.3437864465372902,0.04702227179493221,0.9999493956565857,0.34486367702484116,0.35078917060579556,0.11160659832613803,0.9999529123306274,0.34250427739960787,0.3534555886472973,0.028770417533814895,0.9998803734779358,0.35471777319908127,0.34680728146008066,0.0701542819184916,0.9999541640281677,0.35350262778145913,0.3478178858757017,0.04548589230648107,0.9999409317970276,0.373489987850189,0.3979030856064386,0.14786649729524334,0.9999851584434509,0.3525168895721434,0.3754778810909814,-0.03488086440733499,0.9999143481254578,0.3984874623162404,0.46099489416394895,0.15984019551958348,0.833395779132843,0.33144584127834853,0.35247939229011516,-0.15804756113461077,0.99567711353302,0.4372080521924153,0.45618407896586805,0.13031383454799644,0.9663339853286743,0.3110067631517136,0.3936865653310502,-0.26324805149010233,0.9950135946273804,0.4458322235516137,0.44969688483646914,0.13368099374430514,0.9646631479263306,0.3091392338275908,0.4113477740968975,-0.2954606882163455,0.991371214389801,0.4471422238009315,0.44605501379285517,0.10930112983499249,0.9711461663246155,0.3103095182350702,0.4180951774120329,-0.29059034245354776,0.9909605979919434,0.44367212568010583,0.44862503920282615,0.11907028492007932,0.9687110185623169,0.312173191990171,0.41152381982122127,-0.2658663536821092,0.9840719103813171,0.4009358823299406,0.5288794125829421,0.062126294523477524,0.9999767541885376,0.3889217266014642,0.5214853201593669,-0.06219369385923655,0.999959409236908,0.39998866575104836,0.6432139515876767,0.052382821376834574,0.8341835141181946,0.38923046844346165,0.6368880510330197,-0.1625054065670285,0.9968776106834412,0.38960844789232507,0.7640928132193425,0.04133687391877172,0.9723472595214844,0.37343107461929304,0.7592154315539765,-0.1860672252518789,0.9955083727836609,0.3809488892555235,0.7805700097765238,0.03607980518468787,0.9726707339286804,0.36450424960681355,0.7712600401469636,-0.1904648352946553,0.9784679412841797,0.40569207838603405,0.820853221416473,-0.01848979473912289,0.9846318960189819,0.39112395984785875,0.8178013392857139,-0.2556324826819555,0.9940231442451477
161,0.350798851251602,0.3372691231114522,0.06356792375445364,0.9999457001686096,0.34554224525179167,0.3379880590098243,0.07590622369732172,0.9999063611030579,0.3454848068101064,0.33899089097976665,0.07579546730433187,0.9998933672904968,0.34544042178562695,0.34001125352723244,0.07584389682326995,0.9999315738677979,0.34505427990640897,0.33858890448297757,0.058469487593642275,0.9999491572380066,0.3446756507669175,0.34002422690391526,0.05829999422920599,0.9999566674232483,0.34430748735155364,0.3414685904979704,0.058280977819647084,0.9999536275863647,0.34540780867849064,0.3505767345428465,0.12046868737254818,0.9999569058418274,0.344494558232171,0.3512099019118716,0.038743870658799986,0.9998897910118103,0.3548965786184582,0.34552845699446527,0.08020406791142051,0.9999575614929199,0.35433741722788115,0.3459329290049415,0.055769094585307974,0.9999443888664246,0.3727308486189159,0.400759332520621,0.15389039346149982,0.9999856948852539,0.3589309028216769,0.3764138894421712,-0.02676069204296383,0.999921977519989,0.3985394026551926,0.47075625828334244,0.16175831173147465,0.7872135043144226,0.33923381822449805,0.32306318027632563,-0.14951471537351602,0.99496990442276,0.4388357273169924,0.4631385641438618,0.13022778459957662,0.9477555751800537,0.31200332556452054,0.37603992819786053,-0.25002769657543716,0.9940971732139587,0.4458768248558042,0.45506016952650863,0.13441903889179224,0.9469094276428223,0.30887283597673676,0.3908412243638718,-0.28091994013105104,0.9899213910102844,0.4470502649034771,0.45167393514088205,0.1103004076651164,0.956170380115509,0.3104356731687272,0.3979024980749401,-0.2765846273728778,0.9893683195114136,0.44588708196367516,0.4556861707142419,0.11921395531722473,0.9525348544120789,0.31249636411666853,0.3938957146235873,-0.2530359187296457,0.981328010559082,0.3979935305459157,0.5263810702732629,0.062179298273154646,0.9999784231185913,0.388844505378178,0.515865225451333,-0.0622527541858809,0.9999629855155945,0.3987112752028872,0.6402310150010242,0.05152481389897208,0.8002554178237915,0.3895396956375665,0.6311553886958527,-0.16904067950589308,0.9969152212142944,0.39110148463930383,0.7599880354745043,0.028216644589390057,0.9661707282066345,0.3769837217671529,0.7555730019296915,-0.20952639494623446,0.9956544637680054,0.3821460996355328,0.7768847329275945,0.02173544328127587,0.9688758850097656,0.3675483056477136,0.7695785658700123,-0.21581893180097844,0.9792366027832031,0.40664917145456564,0.8159241199493403,-0.03288868841316017,0.9817128777503967,0.39500219821929916,0.814700991766793,-0.28328998642308356,0.9941883087158203
162,0.3506739871842519,0.3335937389305658,0.046996602416038494,0.9999499917030334,0.34523662669318045,0.3343752060617718,0.0582329067800726,0.9999140501022339,0.34514965670449377,0.3355876513889856,0.05812087857297486,0.9999016523361206,0.3450758312429699,0.33674282346452966,0.058168249364410105,0.9999373555183411,0.34489278878484436,0.3346668192318506,0.04163641072809694,0.9999528527259827,0.3446167690413337,0.3360550122601643,0.04146406661186898,0.9999594688415527,0.34431161710194164,0.33735649330275386,0.04143861149038586,0.9999567270278931,0.3453526360648017,0.34761640599795735,0.10371823800461627,0.9999604821205139,0.3451503532273427,0.3469501265457696,0.02449679316154547,0.9998953342437744,0.3551073712962013,0.34232832619122083,0.06390004168663704,0.9999603629112244,0.3546895095280237,0.342398805277688,0.04063927446092876,0.9999461770057678,0.37032027670315315,0.3984731597559791,0.14436837136745445,0.9999861121177673,0.3608354074614387,0.3693846072469437,-0.03462780160563331,0.999926745891571,0.3974424515451702,0.4412680540766033,0.15787044508116577,0.7539109587669373,0.34654117652348093,0.30231922183717985,-0.12602195526872356,0.9919566512107849,0.4275212492261612,0.4540090765271866,0.12682529262134,0.9329221844673157,0.31424553990364057,0.3494766209806713,-0.18418753402573712,0.9879821538925171,0.4435775535447255,0.4530437316213334,0.1307850735528128,0.9291583299636841,0.30918488417352935,0.36227109091622467,-0.2092441520520618,0.9806250929832458,0.44459076523780805,0.45026081800460793,0.10757529352392464,0.941130518913269,0.310507343496595,0.368317219189235,-0.20751052158219463,0.979345440864563,0.43260354569980053,0.4481009823935371,0.11603122204542154,0.936530590057373,0.3127860639776501,0.36507235765457136,-0.1870671238218034,0.9663247466087341,0.39522744842937996,0.5222101501056124,0.06192935843552859,0.9999799132347107,0.38869044099535244,0.510911451067243,-0.062016107993466484,0.9999660849571228,0.39820924827030707,0.6369374615805486,0.04980699930872233,0.7477797865867615,0.3901944569178988,0.627633784498487,-0.15901230701378405,0.996639609336853,0.3919575316565375,0.7557932649339945,0.03457574599555559,0.9544233083724976,0.38126491478511243,0.7534244912011279,-0.1904463303940636,0.9956437945365906,0.3834706468241554,0.7731677447046549,0.02898423698331627,0.959736168384552,0.3714096111910682,0.768720049517495,-0.19614708934511446,0.9790802597999573,0.40782718999045214,0.8097413284437993,-0.02698829477386814,0.9755643010139465,0.39960619892392824,0.813341687406812,-0.2631071737834384,0.9941715002059937
163,0.3571975869791847,0.3252546012401579,0.026342974922486696,0.9999463558197021,0.351648506096431,0.3235898741653986,0.036655150353908525,0.9999091029167175,0.35129505821636725,0.3249703620161327,0.03653713890484399,0.9998916387557983,0.35094924824578405,0.32627007705824695,0.03658816356744083,0.9999348521232605,0.3514733357088905,0.3237273488725933,0.019045486939804884,0.9999476671218872,0.351051822730473,0.32510700396129044,0.01888310329190321,0.9999532103538513,0.35058308924947446,0.3263075675283158,0.018862378597259505,0.9999527931213379,0.34952470660209634,0.337903560059411,0.08199392663581026,0.9999542236328125,0.34979011757033196,0.336568464551653,0.0006362200049417318,0.9998739957809448,0.36053751451628535,0.33466992633683323,0.04367487920182089,0.9999531507492065,0.36023315361567887,0.33457519326891205,0.019170812144875513,0.9999279379844666,0.36713981628417947,0.3882453475679668,0.13184438943862908,0.9999837279319763,0.3626223351274216,0.358046575954982,-0.05555509291589258,0.9999291896820068,0.39586794120924795,0.3956335289137702,0.16149995497294828,0.6993271708488464,0.3558950739247456,0.2796690898282186,-0.12444069332310126,0.9918124675750732,0.4192004382610319,0.4449504401002609,0.1365816605942589,0.8887332677841187,0.3174532362392969,0.31126429225717256,-0.1445252826171261,0.9849919676780701,0.4410035252571104,0.44844039423125115,0.14208544961043762,0.8833127617835999,0.31041709525244565,0.31765101722308553,-0.16545954708542138,0.9746355414390564,0.44178008096558685,0.4465108965124401,0.11811764410563871,0.8973655700683594,0.31105908921786707,0.3236856660672595,-0.16504416423184526,0.9725450277328491,0.42317775913647226,0.441271650791168,0.12585868792874466,0.8917666077613831,0.31348115461213233,0.32243198326655786,-0.14693535034145622,0.9585142135620117,0.3920441789286475,0.516105530943189,0.06378190006528578,0.9999812841415405,0.38876668470246434,0.5058162535939895,-0.06389031814677372,0.9999690055847168,0.3974737337657382,0.6303111416952948,0.05300335564783639,0.6953428983688354,0.3910840724195751,0.6236666509083336,-0.1487680988652365,0.9961666464805603,0.39249084591865524,0.7499845164162768,0.047213289886713014,0.9369646310806274,0.3860560136181966,0.7515640343938552,-0.17974165294851566,0.995401918888092,0.3844998904636926,0.7674540332385469,0.04267613661608524,0.946220874786377,0.3762289047241209,0.7680686116218564,-0.18472045404570436,0.977425754070282,0.40980822358812585,0.8002507584435595,-0.009714584957276066,0.9666217565536499,0.40696403128760184,0.8107044134821207,-0.25099723764828263,0.9938263893127441
164,0.3659576543739862,0.32348573378154194,0.03796292394399641,0.999947726726532,0.35996373040335505,0.3200191540377479,0.04833824709057806,0.9999130964279175,0.35935863682201913,0.3211941531726291,0.0482222568775926,0.9998950362205505,0.35876502735274163,0.32228881461279724,0.04828225661601336,0.9999380111694336,0.35996979304722365,0.320434591599873,0.029439484594123686,0.9999486804008484,0.3593898228236605,0.32174822943551185,0.029276660404035003,0.9999534487724304,0.3587758243083952,0.3228270062378473,0.029263815922396505,0.9999538660049438,0.35579993554524,0.3344038963317869,0.09120867018188744,0.9999548196792603,0.3564193129539488,0.33286257215908577,0.005918890823210982,0.999873161315918,0.3679915249347685,0.3322618382317678,0.05512174016663003,0.9999518990516663,0.36765658855438216,0.3321466454437799,0.02898213810154368,0.999923586845398,0.3652089732033864,0.3800604922430854,0.14094831688063478,0.9999828338623047,0.3653281262942721,0.349012780189514,-0.05088661217263765,0.9999301433563232,0.39490096824509735,0.3912005594798495,0.17014475549970345,0.6585558652877808,0.3658593126705713,0.2672647144113267,-0.10044323485344644,0.9916164875030518,0.4189133329050879,0.44118570344788666,0.14390085722718915,0.8785560131072998,0.32485288722174493,0.27141926331179467,-0.09349057301878924,0.9847873449325562,0.4397882137979778,0.44336043425968696,0.15083170660904469,0.8695278167724609,0.3158115250723701,0.26938999465533653,-0.1113247853304658,0.9736765623092651,0.44040600487164067,0.4414583887372696,0.12910077869892114,0.8849045038223267,0.31491788114820196,0.27519602349826255,-0.11025718769856856,0.9714447855949402,0.4234072029590605,0.4375834209578376,0.13329277932643885,0.8791677355766296,0.3176257610321043,0.2767278330666677,-0.09507327516164094,0.9569223523139954,0.389702294554029,0.5145167316709244,0.0648840735001223,0.9999820590019226,0.38834399580955486,0.5049253463745116,-0.06501589736768174,0.9999711513519287,0.3974026313849856,0.6258773497172762,0.05072414715375217,0.6512153148651123,0.39225460376058285,0.6226661307471136,-0.14189511069229666,0.9937024116516113,0.3931690062795365,0.7452183757509501,0.047626648843288405,0.907224714756012,0.38964088729449664,0.7505592567580084,-0.17275802748543867,0.9937571883201599,0.3848428564412251,0.7626306142125807,0.04373969127024921,0.922527015209198,0.3801254417215073,0.7675253237996779,-0.1772040307521819,0.9700374007225037,0.4118138875280106,0.7915404166494093,-0.003945546331150185,0.9502120614051819,0.41247842822756065,0.8050061992236542,-0.24131438732147203,0.9917974472045898
165,0.3706183382443018,0.32457337379455553,0.0800039215811661,0.9999493360519409,0.3640490293502806,0.3210677615233829,0.09206055615629463,0.999918520450592,0.36337845155170967,0.3220802000590731,0.09194115059716357,0.9999011158943176,0.36272700258663704,0.3230847673756734,0.09200681075453754,0.9999422430992126,0.3640902791704449,0.32155967865671414,0.07287762346012248,0.9999504685401917,0.3634358448641639,0.32268639206886274,0.07269940881856847,0.9999542832374573,0.36277638844081317,0.32360657964433925,0.07268492941345484,0.9999555349349976,0.35943967189107606,0.33475998129163453,0.1330322425280298,0.9999572038650513,0.3600390681198663,0.3326423210757118,0.04710334893316029,0.9998748302459717,0.37214268275669626,0.3324327945709227,0.09672356567212509,0.9999527335166931,0.37162812352180463,0.33192779166357844,0.0701708561075585,0.9999221563339233,0.36556004881858806,0.3822343426091329,0.17473796520914342,0.9999820590019226,0.3682065759386334,0.34476364510399937,-0.013160654849239752,0.999932587146759,0.3950379831450324,0.4354251572063989,0.19216286710330407,0.6239756345748901,0.3733070143631525,0.26407240033149704,-0.06007089247660975,0.9915040135383606,0.4286243242876868,0.4473933143275123,0.1516104387385504,0.8750753402709961,0.33391708561352307,0.24360948204994187,-0.05475202013206267,0.9857040047645569,0.44049554467201213,0.44124479293823216,0.1585636458226612,0.8639515042304993,0.3239099732467105,0.2358725228479929,-0.0717517410538026,0.9749653339385986,0.4408826266016277,0.43838546276092505,0.13823096092258175,0.8798469305038452,0.3214882774012428,0.24144940716879698,-0.06829109638929365,0.9727025628089905,0.4353250869682855,0.4411872037819452,0.14115262116704663,0.8728470802307129,0.3244371073586598,0.2453634862388882,-0.05562657133310233,0.9585949778556824,0.3887773803302218,0.5154832005500791,0.06338502498609677,0.9999823570251465,0.387196898460388,0.5048513429505481,-0.06355059061731608,0.9999728202819824,0.3977931269577569,0.6246502297265186,0.0374991615968091,0.6305530071258545,0.3932726408754074,0.6216172967638285,-0.14233967321259627,0.9934124946594238,0.39420262064252565,0.7448008332933695,0.014199919280196933,0.8887242078781128,0.3923949105398994,0.7500984804970874,-0.17961043587752742,0.9930010437965393,0.385013071979795,0.7622569305556157,0.008742557838559147,0.9085803627967834,0.38235965626580354,0.767114630767277,-0.1847233125141688,0.9684699773788452,0.41394092440605146,0.7870299645832604,-0.04035073854029177,0.9377554059028625,0.41552543129239744,0.797984285014016,-0.2493122969354901,0.9901590943336487
166,0.36802047916821057,0.3287029998643056,0.11928021035024092,0.9999498128890991,0.3609704094273702,0.3275619404656545,0.13202638328075403,0.9999228715896606,0.36056282520294175,0.32855318955012713,0.1319107660225459,0.9999056458473206,0.3601877740451266,0.3295301369258334,0.13197780900767864,0.9999456405639648,0.36087406618254514,0.32786995768547045,0.11400538517960475,0.9999513030052185,0.36038615618433256,0.32882940428597573,0.11380367747374939,0.9999539852142334,0.35987720489501934,0.3295695977551595,0.11378093713096205,0.999956488609314,0.35853751301765424,0.34060886502265914,0.17029152363538735,0.9999585151672363,0.3588279213224137,0.33767341290201447,0.08710739500820633,0.9998732805252075,0.37110522985458355,0.33494656085968,0.13460769440446574,0.9999513030052185,0.3702992464814866,0.333789163827896,0.10955114609428811,0.9999160766601562,0.3674530480589184,0.3918787794453755,0.20431568707738595,0.9999805092811584,0.37124513302530543,0.34275770187377913,0.024771296552249356,0.9999352693557739,0.39517068352018064,0.465193415539605,0.21002975276538294,0.5743845105171204,0.3782127295221599,0.25985094819750093,-0.004013500069933271,0.9900566935539246,0.42880175283976946,0.4458193353244234,0.1557810289519173,0.8637591004371643,0.34194630384445174,0.2166823812893458,0.017696906493178434,0.9862712025642395,0.439781879527228,0.4382327539580207,0.16111768952437802,0.853835940361023,0.3316745008741105,0.20631418866770596,0.003935243082898009,0.9759544134140015,0.4398807576724459,0.4349754708153859,0.14223153889179224,0.870505690574646,0.32812499744551504,0.2111498483589716,0.008869049751332837,0.9736358523368835,0.43532957690102697,0.43754020844187036,0.1458940914699009,0.8605674505233765,0.3310161173343657,0.2157178785119737,0.017845209641382094,0.9595657587051392,0.3877849979060035,0.5155694229262213,0.060184962834630665,0.9999817609786987,0.3858490288257597,0.5018863609858919,-0.06037733405828473,0.999973714351654,0.3981214932032992,0.624013074806758,0.02287277813468659,0.6255414485931396,0.39409464938299976,0.6189743280410763,-0.14665357129914414,0.9924037456512451,0.39547442878995603,0.7450406977108542,-0.019826531543263363,0.8722875118255615,0.3941547223499841,0.7488818560327799,-0.18605448177882594,0.9899529814720154,0.38609729238918833,0.7624061056545799,-0.026708707707335362,0.9024757742881775,0.3843051620892114,0.7659125396183555,-0.1918766988175255,0.963775098323822,0.4165672821657996,0.7858619809150692,-0.07681023803140433,0.9278404116630554,0.4176542077745708,0.7932857649666918,-0.2534174672194888,0.9847205877304077
167,0.3687494567462375,0.3300692507198877,0.1365041070750781,0.9999489784240723,0.3617228124822887,0.32941267575536437,0.14983788537127624,0.9999259114265442,0.36133392708642126,0.3304423332214354,0.14971332784209926,0.9999088644981384,0.36098775267600997,0.33143329450062325,0.14977971272809157,0.9999484419822693,0.36151000176157255,0.32937684995787464,0.13154337214572084,0.9999504685401917,0.3609687481607708,0.3301324495247431,0.1313321466956819,0.9999516606330872,0.3604105923857006,0.3306289970874785,0.13130049641643246,0.9999556541442871,0.35968218871525337,0.34259921312332137,0.18803108334541313,0.9999599456787109,0.3595718000616345,0.3386877604893274,0.10371569618582721,0.9998652338981628,0.3717053004673547,0.3358657232352664,0.15173688488347184,0.9999494552612305,0.3710472728524888,0.3346718805176869,0.1262087675077574,0.9999077320098877,0.3697577025209153,0.401275164740426,0.2219094502074377,0.9999799132347107,0.3731250183922902,0.3453140641961777,0.03740259346419146,0.9999370574951172,0.3952659274850571,0.46775107724325976,0.234693339892796,0.5363370180130005,0.37976160986082874,0.26132989355495984,2.4600273796495514e-05,0.9885606169700623,0.4279579971517833,0.4429480280194962,0.17788927853107445,0.8602403402328491,0.3562791815825869,0.1970717579126357,0.013445867764364395,0.9863985180854797,0.43679135101182104,0.43440893292427046,0.18295577040740413,0.8497036695480347,0.3499210459845405,0.18276479968002857,-0.0026155791644539095,0.9761369228363037,0.43660530618258864,0.4306514467511856,0.16264641753264827,0.8662568926811218,0.34505014675004125,0.18585478109972808,0.006583089860422274,0.9734928607940674,0.433191988297871,0.43436157277652176,0.16847315643514899,0.8536001443862915,0.34704274194581153,0.1903546405690056,0.015161352789229046,0.9586555361747742,0.38621200237955344,0.5154423526355196,0.05949879725064547,0.999980628490448,0.3843286216259001,0.4988926853452408,-0.05969927608966825,0.9999737739562988,0.3982776233128137,0.6249664340700418,0.012966498413256223,0.6105180978775024,0.3945935240813662,0.6158374633107864,-0.16504465000970014,0.991489827632904,0.39808132137571045,0.7541727049010137,-0.03452396422092403,0.8476727604866028,0.39679303935595905,0.7472090312412804,-0.20858757495880115,0.9867120385169983,0.38880152787481015,0.7729992832456312,-0.04160198047091918,0.8892382383346558,0.3873304060527255,0.7651483195168628,-0.21436928255217408,0.959000289440155,0.42099322591509114,0.794273722171783,-0.09183268206460132,0.9063382148742676,0.42134165423256986,0.7900305986404416,-0.27462085059710895,0.9774876832962036
168,0.37330680915287545,0.3304121690137044,0.12598568711962013,0.999939501285553,0.36637780240603834,0.3303047895431517,0.13935578933783932,0.9999250769615173,0.3657676228455133,0.3312984560217175,0.13920280975954868,0.9999092817306519,0.3652342455727712,0.33222723688398076,0.13926098133836468,0.9999493956565857,0.366023027045386,0.33013484733445286,0.11952261413846692,0.9999436736106873,0.36518138221331986,0.3307991411004746,0.11931242219039366,0.9999435544013977,0.3643570806298935,0.3311994782515933,0.11926415860652917,0.9999483227729797,0.3632785550185611,0.3435607654707771,0.1783924392291477,0.9999608993530273,0.36269210406712105,0.3394132409776959,0.08679372093507218,0.9998414516448975,0.37486844318253637,0.3358297032969337,0.14162735044956198,0.9999433159828186,0.37446991375514427,0.3354630146707806,0.11384254353387009,0.9998881816864014,0.3715002460139137,0.40846822602408256,0.21176741591521664,0.9999799728393555,0.3740546217986514,0.35103425724165765,0.020745009583021903,0.999936044216156,0.3959287600857869,0.471676764317921,0.23947529154164438,0.5255056619644165,0.38272937025342646,0.26524210912840696,-0.027520497382751523,0.9859473705291748,0.4257370727402821,0.4388226551668983,0.20250073586191442,0.8706285357475281,0.3752769410610197,0.18270381220749438,-0.018831101139741277,0.9858779907226562,0.4318229436874388,0.4262897023132867,0.2108672478369303,0.860467255115509,0.37283378669193795,0.16555209798472262,-0.03805565493447439,0.9758665561676025,0.4312349259853361,0.4217774229390278,0.19026330581733153,0.8757726550102234,0.3673738036836895,0.16599719779832015,-0.024760386028460084,0.9727773070335388,0.42853812490190757,0.4271444525037491,0.19359825253486623,0.8631966710090637,0.36846705504826116,0.17045598796435757,-0.01580164282848792,0.9568784832954407,0.3843630330903187,0.5159405486924304,0.06165862871067862,0.9999787211418152,0.38273241945675424,0.4976777008601595,-0.06182541889803747,0.9999721050262451,0.39768748623984185,0.6102655172348019,0.06380855622036113,0.6184307932853699,0.3955005398818423,0.6127730573926651,-0.1879554616553442,0.991814374923706,0.3994031906127927,0.7100253735269816,0.06696426301662409,0.8353351950645447,0.40039950268609165,0.7437845093863348,-0.2418443896940775,0.9866114258766174,0.3900433284895759,0.7264873351369582,0.06561502530073213,0.8837671875953674,0.3910331709044318,0.7628860814230779,-0.24781863774572088,0.9601105451583862,0.4165453255176542,0.7409977470125467,0.034399790849004463,0.8959645628929138,0.4253635696002413,0.7849967258317126,-0.30404460685593726,0.9766771793365479
169,0.37883036562374645,0.3322128355503081,0.1351492266569818,0.9998391270637512,0.3722431864057266,0.3316654878003255,0.1484407471758978,0.9998672604560852,0.3713333666324614,0.33273623926298945,0.148268654516765,0.9998592138290405,0.3705339491367338,0.33368536063602977,0.14832877133573796,0.999922513961792,0.3719704117093766,0.3310976760728017,0.12726456820964807,0.9998599886894226,0.37093161770275646,0.331645871060235,0.12706117630004876,0.9998599886894226,0.3699483386107852,0.33198778033256515,0.1270035122122083,0.999867856502533,0.3672619896275655,0.3446415824549537,0.18591356447764798,0.9999487996101379,0.3668945883001598,0.3406128210680824,0.08808739313057486,0.9996710419654846,0.378799156631742,0.33797763500894806,0.15035525602953767,0.9998965263366699,0.37869326472282394,0.33768225908279403,0.12069418919937945,0.999779999256134,0.3722466196332657,0.41127701316560994,0.21569687170641752,0.9999800324440002,0.37446907929011736,0.35516290664672834,0.015058260730334684,0.9999352693557739,0.3966904546533311,0.4739953075136455,0.24324852015290932,0.5172120928764343,0.3868863803999763,0.2702999549252645,-0.038063470220991526,0.9769272804260254,0.42212251595088396,0.43240989446639994,0.2052710963147026,0.878420889377594,0.39145974516868576,0.1842411415917532,-0.024945773310693236,0.9808705449104309,0.4264208810670033,0.41500261255672977,0.21363801147256567,0.8689110279083252,0.39199000256402133,0.16658911321844366,-0.04530649839767386,0.9705566167831421,0.42524448207446486,0.4098291516304014,0.193463453224727,0.8832653760910034,0.38724552903856535,0.1654879804168428,-0.02980286244835171,0.9662415385246277,0.4227046098027909,0.4169172644615171,0.1965847832815987,0.8711299300193787,0.38759965045111505,0.16970128544739305,-0.02095832797598891,0.947205662727356,0.38235305207116244,0.5170861363410948,0.06591776556202342,0.9999774694442749,0.3814738529069081,0.49843435798372515,-0.06605388607297621,0.9999724626541138,0.3970744158540451,0.5979313288416178,0.10976647979446816,0.582670271396637,0.39668267709868277,0.6117681690624779,-0.19807958219732547,0.9923230409622192,0.401482102700642,0.6616985338074817,0.14667146974908446,0.7857348322868347,0.40422753947121737,0.7402937258992872,-0.2552152348416191,0.9873563051223755,0.392618931191308,0.667463614259447,0.14899156224647797,0.8520926833152771,0.3952593948159897,0.7599142670631405,-0.26118553451129356,0.9623110890388489,0.41333496485437643,0.6950516411236352,0.12798771836927952,0.8519682288169861,0.42857324481010417,0.7792066574096675,-0.31940794416836316,0.9774065613746643
170,0.3814294014658245,0.33401253989764607,0.13271163574286865,0.9997866153717041,0.3755523094109125,0.33272072672843916,0.14540116063186093,0.9998354315757751,0.3745640439646583,0.33390079992158056,0.1452290339129311,0.9998258352279663,0.3736589457307541,0.33491081084523866,0.14529355892113271,0.9999048709869385,0.3753518266337257,0.331695908308029,0.12380227914878295,0.9998172521591187,0.3742950396878377,0.33211209688867827,0.12360011339187617,0.999815821647644,0.37328127026557906,0.3323555512087684,0.12353759067399155,0.9998311400413513,0.3697192660399844,0.34536617227963023,0.18124105845178867,0.9999356269836426,0.3695192703178949,0.3415625197546821,0.08163549282721107,0.9995585680007935,0.3808539909975867,0.3405776117529186,0.147579538822174,0.9998452663421631,0.38071745293480996,0.339367422887257,0.11741158238479063,0.9996799230575562,0.3724612218993049,0.41175713624273014,0.2134659835270472,0.9999779462814331,0.3756377330848147,0.35507735354559744,0.005722226335534023,0.9999322891235352,0.397178188392094,0.47217113545962724,0.24660520681313094,0.5066491961479187,0.3908996522426603,0.2702111082417623,-0.048019419663718754,0.9762386679649353,0.41867580158369866,0.4250986601625168,0.2138097209589821,0.8853504657745361,0.39622018337249737,0.1902314501149313,-0.03186065549296991,0.9791247248649597,0.4226189102445328,0.4051886158330098,0.22259801370756954,0.8763425350189209,0.3976543179580142,0.17317984827927171,-0.052667486454759306,0.9679887294769287,0.4211228217397415,0.4001401441437855,0.2023335771901266,0.8897438049316406,0.3942281365394591,0.17179030137402662,-0.03691340695534433,0.9627584218978882,0.4186220679964336,0.4071711548737115,0.20521934969084593,0.877473771572113,0.3941390872001646,0.1763102995497839,-0.0276789102969425,0.9412214756011963,0.38020890866007107,0.5177734323910301,0.06934544742107387,0.9999767541885376,0.38140955226761936,0.4997568964958189,-0.06946168435471395,0.9999722838401794,0.39670646275792787,0.5964753491537909,0.12446905938642361,0.5859269499778748,0.3982888357979909,0.6133986319814406,-0.17538904207093367,0.9924802184104919,0.4032232676233562,0.6423756258828297,0.16975077153848744,0.7742376327514648,0.40602817279951897,0.7380952222006658,-0.21504599835191443,0.9873020648956299,0.3959268399647302,0.6320787889616827,0.17267105647063408,0.8489047884941101,0.39822629008974325,0.7576909967831199,-0.21936900998864844,0.9631384611129761,0.4149720081261224,0.6881903035300115,0.14942777880600516,0.8366549611091614,0.4303271583148409,0.7753355043275012,-0.2780818032366888,0.9756357669830322
171,0.38047855581556034,0.3355229973793028,0.14947884104081555,0.9997878670692444,0.37507479361125384,0.3338947040694099,0.16019822784832538,0.9998401403427124,0.3741366590772355,0.33526786736079606,0.16004156981195716,0.9998305439949036,0.373321838889803,0.336502523933138,0.16010756875787455,0.9999076724052429,0.3750831254890985,0.33210463694163717,0.14014215682234077,0.999821126461029,0.37424293245588014,0.3322576199259075,0.139933813044003,0.999819278717041,0.3734350655760082,0.33217554773603153,0.13986985534429544,0.9998352527618408,0.3698425863470348,0.3467156921114239,0.18706461106027866,0.999937117099762,0.37048141189983896,0.3417568939072744,0.09434092662164138,0.9995598196983337,0.3803211033344267,0.3434997294630322,0.16140404215880794,0.9998421669006348,0.3802468325410569,0.34074730106762463,0.1333584072334425,0.9996772408485413,0.37225191933768115,0.41148295828274295,0.21966598161629258,0.999977171421051,0.37785857490130814,0.35357343895094717,0.01406742674963814,0.9999327063560486,0.3971240724836075,0.47002160293715317,0.25827864919389987,0.4989418387413025,0.3938509992190768,0.27080677321978963,-0.028421982058456956,0.9761802554130554,0.41522393056324525,0.4190264505999427,0.23743349867207653,0.8899233937263489,0.40137248890740507,0.2000971930367605,-0.0008167334965297167,0.9769909977912903,0.4191669063908711,0.39978501030376956,0.24740093094961968,0.8810644149780273,0.4057519435882566,0.18384804810796457,-0.01869518299187932,0.9647308588027954,0.4179601081780023,0.39483707547187785,0.22841345284666323,0.8938701748847961,0.4035882472991942,0.18190503759043547,-0.002323531465870993,0.9585662484169006,0.415513217449188,0.4014723343508583,0.22958961725234975,0.8813406825065613,0.40226233175822645,0.18662012730325964,0.00423009470105171,0.934086799621582,0.37811025295938744,0.5184017930712016,0.07009227360997877,0.9999769330024719,0.3813163399696348,0.5008752695151735,-0.0701886272856167,0.9999728202819824,0.3973060054438453,0.6073075073105945,0.09132218360900873,0.5955278873443604,0.3996034187929969,0.6160410727773391,-0.14791846019881105,0.9923757910728455,0.40549402577536425,0.6773799828120637,0.1020492556904043,0.7699725031852722,0.40659398691994786,0.7375935946192056,-0.1701990604400634,0.987223744392395,0.3995952631746018,0.6495155130113871,0.10126952071275025,0.8462152481079102,0.3996683188847131,0.7570537192480902,-0.1731877318450382,0.9633998274803162,0.42394783667155655,0.7363224199839997,0.0665351585751133,0.8304845094680786,0.43251212579863396,0.7737264530999316,-0.23155528221811555,0.9744755029678345
172,0.37979837400572625,0.33946280564580633,0.17232134342193595,0.9997853636741638,0.37454087308474937,0.33731540782111014,0.1809194454124995,0.9998349547386169,0.3736056855746676,0.33881354842867156,0.18077224663325708,0.999825656414032,0.372782094989504,0.3401821655886512,0.1808268917458397,0.999902606010437,0.3751053759029932,0.3346920396600449,0.16262595951557152,0.9998183250427246,0.3745775137628826,0.3345766357013156,0.162414715545518,0.9998194575309753,0.3741002491542269,0.33417290874889904,0.16235098498208173,0.9998356103897095,0.37007962380136744,0.34976110288075024,0.19759169646671831,0.9999329447746277,0.3721031980855123,0.3428638798849921,0.11245925362621029,0.9995583295822144,0.37978227734565717,0.3484268120356967,0.180723294189998,0.9998103976249695,0.3798612449850353,0.34458350794655923,0.1549167002950395,0.9996466040611267,0.37138912422316395,0.4116689196654727,0.2266606126512799,0.9999732375144958,0.37948142204965846,0.35323273454393644,0.029727929165320723,0.9999354481697083,0.39458781565938655,0.46305826817240014,0.29445471976484555,0.49389952421188354,0.39651319129126394,0.2726926335266657,-0.0006307822785207211,0.9773044586181641,0.41088360548019387,0.41627333334514055,0.3270151551280701,0.8908864259719849,0.4104640901088713,0.20871339908667963,0.04094243172023976,0.9773067235946655,0.4146038200174057,0.39817730018070746,0.3455294234412055,0.8831186890602112,0.41694650905472874,0.19337078545774725,0.027664386587483526,0.9652321338653564,0.4142941372735158,0.393161595719201,0.3274809918233325,0.8953087329864502,0.41649430905069607,0.19160121849605008,0.044675847621900674,0.9590703845024109,0.41200462579727154,0.3989000712122234,0.32105117440223674,0.8818138837814331,0.4145823555333271,0.19494694215910766,0.04699426319982322,0.9345445036888123,0.37630143591335824,0.5189181753567285,0.06966913257326396,0.9999768733978271,0.3810103441987717,0.5004399401800971,-0.06974564237254004,0.9999735951423645,0.39811498267309986,0.6076025656291414,0.08205144937549315,0.6183678507804871,0.40058241145951384,0.6158191221100942,-0.13852832785674496,0.9924389719963074,0.4067741121564591,0.6934942603111264,0.07391492298671173,0.7785675525665283,0.4072274872234887,0.7357531598636078,-0.17149965720517288,0.987088680267334,0.4011599762099128,0.661981105804443,0.07187197219048225,0.8545552492141724,0.4000690979616981,0.7554563505308965,-0.17523847264902923,0.9643080234527588,0.42801087583814323,0.7458203026226584,0.0414289131760597,0.8314251899719238,0.4344326479094367,0.771118228776114,-0.22835574916430873,0.9718969464302063
173,0.3788367211818693,0.34554753899574264,0.20877655574253617,0.999798059463501,0.37453687872205443,0.34267512304442255,0.21410479588168,0.9998427629470825,0.37364847745214175,0.3443385439259664,0.21396748082978376,0.999833345413208,0.3727075942925042,0.34572272300720197,0.21401154015745424,0.9999058246612549,0.37480892028127377,0.33884838393756306,0.19820766129664003,0.9998295307159424,0.37455966302326726,0.3382430825914654,0.1980040865285055,0.9998316168785095,0.37449321321078693,0.33739217179162145,0.19794844899858738,0.999846875667572,0.3699620468275886,0.35387809276580795,0.21515436172485342,0.999933660030365,0.37350737197058526,0.3444819024630954,0.14045419480119425,0.9995830655097961,0.37865447572299393,0.35474595427513106,0.21168817792619965,0.9997965097427368,0.37984040549823195,0.34975998571940814,0.18901818884270521,0.9996470212936401,0.3698957851954867,0.4114397960049764,0.23531530542033047,0.999972403049469,0.3805758663586206,0.35384718094553247,0.05089819068089125,0.9999405145645142,0.3916081377438134,0.4518136475767406,0.3113684722355432,0.4846528172492981,0.3980452469417025,0.27468991364751527,0.02777618701968873,0.9780545234680176,0.40713257193565344,0.4137889393738336,0.3716503620147703,0.8824949860572815,0.419092113631112,0.2115483134984969,0.08019915813846244,0.9772406816482544,0.41109288845743436,0.39756656203951135,0.3944870999881197,0.8734935522079468,0.4260895115988593,0.19742367523057108,0.07114853869591437,0.9650493860244751,0.4115638307162691,0.3924063503742216,0.3785487988165445,0.8857421875,0.4273753515311648,0.19700500369071952,0.08898055452321253,0.9587788581848145,0.4092269224779944,0.3972334137984682,0.36733516752719864,0.8701984286308289,0.4256180286407469,0.1963951689856392,0.08716208482427253,0.933386504650116,0.3743995819772991,0.5196415083748951,0.06725045421293802,0.999976634979248,0.3809105481420243,0.49970529079437237,-0.067322900891304,0.999974250793457,0.3989828986780982,0.6069673691477092,0.07446629192147933,0.6284326314926147,0.4011446893215178,0.6151112011500763,-0.13640192236219129,0.991825520992279,0.40844463791166014,0.705332471643175,0.050088263835225764,0.7677831649780273,0.408399495908192,0.7344701971326553,-0.18295748148645666,0.9844130277633667,0.4025819701807838,0.6837860379900248,0.046795992659670944,0.8567706346511841,0.40080983127866454,0.7542070439883637,-0.1876486326966966,0.9620856046676636,0.4313075023038045,0.7492195248603817,0.019961681722530288,0.8158134818077087,0.4354710459709165,0.7689223630087713,-0.2366830357483454,0.962710440158844
174,0.3783413078103745,0.35123368671962174,0.2239425539970397,0.9998040795326233,0.37478440744536246,0.34712313158171504,0.22910172939300527,0.9998441338539124,0.37387107525553004,0.3487777939864566,0.22897241839340746,0.9998341202735901,0.37275744846888936,0.3500766660485947,0.2290140415940965,0.9999045133590698,0.37503415857042566,0.34314202666282634,0.2134869303022111,0.9998340606689453,0.3750184101717811,0.34230726361274705,0.21328813901969357,0.9998377561569214,0.3752382440226417,0.3413090041705539,0.21323441565036763,0.9998529553413391,0.36966579726764115,0.3574091136455534,0.22785554400512137,0.9999313354492188,0.374841169800077,0.346796051945005,0.15453758005584983,0.9995957016944885,0.3776194376604896,0.3601177471024648,0.2259365303175789,0.9997645020484924,0.3797542248453411,0.354861396551132,0.20365980182375218,0.9996228814125061,0.36694938199860694,0.4113752390657151,0.2446546388523918,0.9999690651893616,0.3805664530822207,0.35478434136935627,0.06168899951236586,0.9999441504478455,0.38434053148542113,0.4419085621833799,0.3256439375025884,0.4799600839614868,0.4011785805225371,0.2853469916752405,0.035021124514085886,0.9791391491889954,0.4035240045615603,0.4131954916885919,0.39712141773530396,0.8766111731529236,0.4279002879347118,0.22602995378630492,0.0860896096697875,0.9775487184524536,0.40760478717940174,0.39963368518011894,0.42200336584023046,0.8680731058120728,0.4351907798222131,0.21598273728575013,0.07772020729524745,0.9653991460800171,0.408602966581072,0.39318158285958404,0.4069334453770091,0.87973552942276,0.4363075051988872,0.21670464958463387,0.09583088627883363,0.9591203331947327,0.406287223952157,0.3980049175875526,0.3934577543820652,0.861828625202179,0.4345402649470736,0.2145652839115687,0.0932682878204754,0.9335957169532776,0.3730178356170652,0.5184836796351839,0.06462396234273907,0.9999768137931824,0.3808987489768435,0.4979244164058138,-0.06469955838152337,0.9999752640724182,0.399315788064684,0.6062631487846372,0.06877868782196722,0.6481054425239563,0.4015237152576445,0.6128162639481678,-0.13739142843655172,0.9917529821395874,0.4101504462105885,0.7104438151632033,0.041486672897424,0.7760039567947388,0.40998552526746457,0.732001527718135,-0.18550627444471623,0.9840276837348938,0.4043268152645654,0.7086727551051546,0.03782589190772599,0.8653172254562378,0.40234117763383026,0.7518057431493483,-0.19075889459678094,0.9628720879554749,0.4332440504005975,0.746799516677856,0.009536431995885707,0.8153963685035706,0.43616334199905377,0.7655360511371063,-0.23517158925533282,0.9587827920913696
175,0.3777079420430318,0.35286255734307403,0.23268241115978774,0.999739408493042,0.3741879488740647,0.3482737745557511,0.23795594871044148,0.9997653961181641,0.3731223830154962,0.34983480742999473,0.23784255555697836,0.9997354745864868,0.37193084103720514,0.3511686716760906,0.23789694181510368,0.9998361468315125,0.37530236925397586,0.344962749310902,0.22238463120801097,0.9997876882553101,0.37565238901547005,0.34417396017483287,0.22220223971775588,0.9998023509979248,0.37617224199431265,0.3432197962488445,0.22215949424675524,0.9998301267623901,0.368936126572745,0.3591001859733035,0.23587692507675706,0.9998543858528137,0.37645774994577663,0.3480910633291515,0.16363258744989115,0.9995064735412598,0.37677540608814764,0.36181896158627086,0.23416999195303226,0.99947589635849,0.3795075552804128,0.3567240774631499,0.2122019146169934,0.9993875026702881,0.3632137341158729,0.41122319868632706,0.2445515257971626,0.9999544024467468,0.38158402613231096,0.3550577197756084,0.06467962052140915,0.9999471306800842,0.3750965808119091,0.4394419951098304,0.2720441647938318,0.4435320198535919,0.405813214608601,0.2972816577979495,0.036195021335567734,0.9795664548873901,0.400710207223892,0.4153722473553247,0.2714770274502889,0.8199142813682556,0.4349842352526527,0.248372875366892,0.08884517337594709,0.9764788150787354,0.40490463205746224,0.4053974287850515,0.2833581081458499,0.815121054649353,0.4431780040264127,0.24336581826210008,0.079612908405917,0.9633656740188599,0.40622470123427235,0.39805059177534907,0.2710719908986771,0.8266786336898804,0.44332644939422583,0.24437864124774922,0.09612297884055541,0.9565528035163879,0.4038404975618633,0.402970892190933,0.26672118221010466,0.807468593120575,0.44106774330139137,0.2442300251552036,0.09549180801425657,0.9281520247459412,0.37203792333602886,0.515934211867196,0.061002922164542304,0.9999760985374451,0.38063631228038225,0.49669563089098223,-0.061115306722266304,0.9999760985374451,0.39947697264807547,0.6055134398596624,0.06418679058551785,0.6478514671325684,0.4018562955515724,0.6108692305428638,-0.12486225728477744,0.990984320640564,0.4116129049233026,0.7113870212009972,0.034985783004334976,0.7618688941001892,0.411226941858019,0.7281996216092788,-0.16769996370588022,0.9812110066413879,0.40608608126640305,0.7208983625684462,0.030907492073518873,0.8655006289482117,0.4038381218910216,0.7482602681432449,-0.17283311741692672,0.960395872592926,0.43370188900402595,0.7427306498800001,0.0004017872469765796,0.790679931640625,0.4366028555801934,0.7609098962375092,-0.21515631249972741,0.9451085925102234
176,0.37811030149459823,0.35346521224294375,0.24265082648822228,0.9989817142486572,0.37375347443989326,0.3484035415308815,0.24800585423197052,0.998752772808075,0.37252277902194414,0.34978172864232726,0.24790692925453175,0.9984453320503235,0.3713456383773257,0.3511068693229129,0.2479650161096027,0.9989135265350342,0.37634516443525023,0.34578297478812065,0.23162424521786817,0.9990949630737305,0.37713769674301134,0.3451722988060541,0.23145252083029055,0.9992200136184692,0.3779783410685401,0.3443985743182044,0.2314091188567024,0.9994588494300842,0.3688388236931391,0.35979213459151116,0.24408957149301244,0.9985409379005432,0.37854508502142753,0.34896698338644827,0.1689083048275538,0.9984971284866333,0.37685551047325117,0.362750059366226,0.24337363626275732,0.9969413876533508,0.3794343284198214,0.3579698528562272,0.22052242159843435,0.9972679615020752,0.359649143048695,0.41074811305318537,0.24690530683313083,0.999885082244873,0.38398167320660165,0.35503373571804575,0.06123069035155429,0.9999462366104126,0.3687789695603505,0.4388369355882915,0.24114834538527885,0.40698641538619995,0.41280429788998174,0.30814431735447456,0.03252578399011065,0.9805188179016113,0.3973033768790107,0.4214335347924911,0.20729566237756175,0.7634771466255188,0.44683179429599196,0.27557512521743766,0.09294899042163572,0.9777556657791138,0.40128231133733455,0.4143707036972044,0.21407165144171025,0.7675105929374695,0.4555068050112041,0.2757404748882565,0.08399866244622634,0.9650382399559021,0.40321402294295156,0.4066789644105092,0.20411491628204065,0.7788374423980713,0.45529190046446644,0.27730625654969887,0.0995374705110277,0.958459734916687,0.4010242283344267,0.4111058618341171,0.2024428616677011,0.7575444579124451,0.45239900691168633,0.2786693594285419,0.09958199134894774,0.9304959774017334,0.3707828155585696,0.5139824237142288,0.06010566854051179,0.9999723434448242,0.38053702286311536,0.4964036643505094,-0.060251226382596126,0.999975860118866,0.3997557052544183,0.6049879329545155,0.06223506868949956,0.6496607065200806,0.4021193155220575,0.6091051936149594,-0.1177279074277196,0.9904223680496216,0.413172194787434,0.7108866878918236,0.03126998868371758,0.7616167068481445,0.4124211413519721,0.7237084014075139,-0.16362885790211806,0.9788553714752197,0.40857166733060546,0.7271942632538928,0.026725474532161432,0.8704434037208557,0.405399315697806,0.7446056246757504,-0.16895651859896516,0.9586499929428101,0.4341804129736762,0.7366990634373253,-0.005462201578276491,0.7750081419944763,0.4369898268154687,0.7557754686900544,-0.21370999472481852,0.9284534454345703
177,0.3782601782253808,0.35577960099492734,0.26148134980882903,0.9972513318061829,0.3734637924603052,0.35091448000499165,0.2662545855556214,0.9964722394943237,0.3723577243941169,0.35199248875890443,0.26615994998386916,0.9956218600273132,0.3711914326463425,0.3530979463032312,0.2662144239459718,0.9968230724334717,0.376206360544477,0.34838778206280285,0.25119109238897036,0.9978101253509521,0.3772462027413503,0.34764760817800233,0.2510069544826234,0.998237669467926,0.37828110626765643,0.3467983424663542,0.2509675460202352,0.9988268613815308,0.3685374174799236,0.3611487048012868,0.25802675996507907,0.9960125684738159,0.37929501618657774,0.3504698191370281,0.1888471731117793,0.9967667460441589,0.3765181703226905,0.364423871891839,0.26063376367092117,0.9890749454498291,0.37926418100084563,0.359806442260742,0.23956801891326893,0.9915051460266113,0.35656733342579416,0.4120614469051359,0.25468372191701605,0.999750018119812,0.38735422406877773,0.35497073020253844,0.07943815078054152,0.9999436140060425,0.367638907262257,0.44742547954831785,0.25523908053125643,0.36867064237594604,0.41916130525725204,0.3163251067910874,0.0659910037049225,0.9802545309066772,0.3948274918964929,0.43316301107406596,0.2444923004933765,0.6904028058052063,0.45601771984781514,0.301869647843497,0.14959651870386936,0.9737480878829956,0.3988709713731491,0.4280539478574478,0.25551993208272106,0.695956826210022,0.46359875883374874,0.3055890219552175,0.1462734658803258,0.958162248134613,0.40078580805233527,0.42170039755957445,0.24705967094217016,0.7063391208648682,0.4637007713317869,0.3081595923219407,0.1614944560187203,0.9503733515739441,0.3986331948212213,0.4246474708829605,0.24098427593708027,0.6866983771324158,0.46075713975088917,0.3076859082494462,0.15699476940291263,0.9157497882843018,0.3689877637795038,0.5145582539694646,0.056978182068892866,0.9999692440032959,0.38086972321782775,0.496183656794684,-0.057176593584673724,0.999975860118866,0.3998004487582614,0.6052874258586336,0.04891361285533221,0.6371046304702759,0.4034313023090361,0.6029052274567738,-0.11130124309233252,0.9890916347503662,0.41383529816355,0.7113031080790925,-0.003910831415227483,0.7504647374153137,0.4126418803419383,0.7158475245748244,-0.17171689867973322,0.9741604328155518,0.40970139162881014,0.7292019111769537,-0.010626595307673724,0.8709232807159424,0.40636174167905514,0.7370255657604758,-0.17791127732821865,0.9538732767105103,0.43465021678379584,0.73465952192034,-0.044687784636127076,0.7451951503753662,0.43616843819618206,0.7461859089987615,-0.22439786323479236,0.9012854099273682
178,0.377486228091376,0.36051946197237267,0.2740427255630492,0.997462809085846,0.3726252266338892,0.3553491200719559,0.27880198614937907,0.9967496991157532,0.37154811450413283,0.35612101725169576,0.27871134834630135,0.995954692363739,0.3702773860522677,0.3570093469960347,0.2787623869521276,0.9970598816871643,0.3756500993456158,0.35280793990407655,0.2654012403317859,0.9979928731918335,0.37666387387684397,0.35185175708362015,0.2652046412229537,0.9983828067779541,0.37773144841194134,0.3508943523679459,0.26517799837248657,0.9989224672317505,0.36748436008180874,0.36379235812595895,0.2694776641471044,0.9962851405143738,0.3792015305587222,0.35372933660234707,0.20731513755662093,0.9970089197158813,0.37515747632299135,0.3684409056391033,0.27262233921459733,0.989512026309967,0.3787307739257811,0.36367193886211924,0.2536510671888078,0.9918960332870483,0.3528675581727707,0.41546730654580233,0.2671840382473808,0.9997444748878479,0.38969518457140223,0.3574789813586642,0.0998141067368643,0.9999480247497559,0.36272154535566037,0.4683825016021726,0.2777539938688277,0.33440491557121277,0.4256249512944901,0.3290370251451218,0.08835328214668797,0.9803837537765503,0.3913983242852345,0.4484137407370974,0.29847308376005705,0.6260249614715576,0.464105084964207,0.33400001355579906,0.16477516362709652,0.9729586839675903,0.3964320412703921,0.4425038065229141,0.31382856262581676,0.6340408325195312,0.47013241818972973,0.34069784964833927,0.16187574522835863,0.9569692611694336,0.39790057710238846,0.4389498565878185,0.30629941214408185,0.6436269283294678,0.469947837931769,0.34435224958828503,0.17599911444953503,0.949040412902832,0.3954669935362678,0.4409279431615555,0.29638965938772466,0.625015139579773,0.46737277167183994,0.3425164333411624,0.171572908386588,0.9116629362106323,0.3675337646688732,0.5145682028361727,0.051605892607143926,0.9999704360961914,0.381326525551932,0.49257914083344567,-0.051850228543792426,0.9999775290489197,0.3989240288734434,0.6057228905814032,0.038264778522508466,0.6643766760826111,0.4053359227521077,0.5945178236280166,-0.11052757480314794,0.9896119236946106,0.41404433931623164,0.7117100681577406,-0.033138459548354135,0.7675305604934692,0.4123836679118018,0.7074881723948884,-0.18714605058942513,0.973930835723877,0.4100423880985803,0.7304551567350112,-0.041750351020268014,0.8824821710586548,0.40688192333493894,0.7279590180941986,-0.19605481156281054,0.9559677243232727,0.4355356718812668,0.735023404870714,-0.07926054384027204,0.7596578598022461,0.4359882916722977,0.7381575294903344,-0.2399896787745611,0.8981330990791321
179,0.37582967877387985,0.36547661253384167,0.27120526092393044,0.9976094961166382,0.37156895909990567,0.3601728320121763,0.27531822494098107,0.9969446063041687,0.3703262635639734,0.3607863715716769,0.2752309816224233,0.9961583018302917,0.36885641217231735,0.36158691048622116,0.27529644625527505,0.9972066283226013,0.375457933119365,0.35765949998583096,0.26396048835345665,0.9981284141540527,0.37627180729593535,0.3565824755600519,0.2637791935886654,0.9984856247901917,0.377250061716352,0.3555701834814887,0.2637846367699758,0.9989933967590332,0.36615222181592655,0.36723361015319805,0.26530368370669216,0.9963499307632446,0.37892204693385517,0.35786729369844694,0.21193356599126534,0.9971411228179932,0.37331439682415535,0.3726753166743686,0.26889765347753236,0.9896926879882812,0.3780047382627213,0.36810234614780957,0.2527181574276514,0.992095947265625,0.3498781366007667,0.4191424284662517,0.2540604016610553,0.9997453093528748,0.39131042105810965,0.3635841786861418,0.10364686165537147,0.9999522566795349,0.35270991069929924,0.4894167448793137,0.2231097183057239,0.3042141795158386,0.4295033173901692,0.34339081985609854,0.0610169710325343,0.978685736656189,0.38377803904669605,0.47385239175387767,0.192197760939598,0.5690422654151917,0.46581284063202977,0.36234812140464767,0.0875750421147261,0.9728884100914001,0.38768738082477006,0.4743508585861749,0.19558157729251036,0.5803101658821106,0.47139676298413935,0.36774019088063903,0.07636385283299851,0.9568691253662109,0.3908248807702744,0.46764201521873455,0.1892663393701825,0.5888826251029968,0.4703530899115969,0.3718439579010008,0.08834471447127201,0.9489411115646362,0.38849578670092977,0.46731075474194095,0.18918281538145873,0.5704889297485352,0.46820102419171994,0.37101718272481626,0.09207030356462509,0.9091639518737793,0.3666834354400633,0.5133125713893343,0.04398776654686244,0.9999720454216003,0.38189894812447667,0.4885457447596957,-0.04429653318864957,0.9999793171882629,0.3972364229815345,0.6060680934361046,0.032637382618018546,0.6882987022399902,0.4075124451092309,0.5880077106612066,-0.09523584927831373,0.9898535013198853,0.41399639589445913,0.7124134319169177,-0.05442984098834648,0.7868837714195251,0.41181096179144705,0.6995198130607602,-0.18457081530775335,0.9743572473526001,0.40969357490539526,0.7304938844272065,-0.06489973126777578,0.8932068943977356,0.40643908466611567,0.7185690607343398,-0.19534107276371537,0.9583558440208435,0.4354767245905738,0.7375349845205031,-0.10537943134882616,0.7755327820777893,0.43459788390568305,0.7319748810359407,-0.23454476467200677,0.8978588581085205
180,0.37405397721699285,0.36744714379310595,0.25683850390570495,0.9975182414054871,0.3705868610313959,0.36252219506672434,0.25884656310081466,0.9968838095664978,0.36911797864096485,0.3631415843963621,0.2587547131947108,0.9958216547966003,0.3675389298370904,0.3639444564070019,0.25882947530065253,0.9969971776008606,0.37545966080256854,0.3600153582436696,0.24874488711357107,0.9981368184089661,0.37622329933302723,0.3589696271078926,0.24858621401446196,0.9984597563743591,0.37693668178149614,0.35801299810409526,0.24860091166836862,0.9990015625953674,0.36523200869560224,0.3691757551261355,0.24440003505774893,0.9954001903533936,0.37852366481508515,0.3606482565402983,0.19587484300136557,0.9969615936279297,0.3717770874500273,0.37439999665532775,0.2524149613721029,0.9878714084625244,0.3771791074957165,0.37015380263328534,0.23796380587986526,0.991051197052002,0.3486679341111863,0.4206439205578393,0.21903019504887708,0.9997257590293884,0.3925176986626215,0.36948559539658665,0.08483173953635348,0.9999560713768005,0.3458239802292413,0.4976052045822141,0.15009570036615638,0.2742694020271301,0.4311067368303025,0.3505399686949592,0.00720226869785359,0.9764977097511292,0.3759454173701148,0.49448022501809236,0.07295639685222076,0.512783408164978,0.46565513781138806,0.3742568237440925,-0.01028444644595896,0.9731858372688293,0.3790520242282321,0.5006946257182527,0.06634479143789832,0.5237504839897156,0.47171813675335456,0.3777803778648375,-0.029583546479365647,0.9572440981864929,0.3834130525588988,0.4904166374887737,0.061034615444285484,0.531430184841156,0.4703761747905184,0.3823867210320062,-0.0186355802363583,0.9493257999420166,0.381579073837825,0.488829149518694,0.06906687745026174,0.5145931243896484,0.46806486930165947,0.3829036150659832,-0.007555532615099642,0.9060023427009583,0.3664903070245469,0.5123354843684602,0.03796557305114608,0.9999739527702332,0.38264192853655116,0.487750972168786,-0.03829419203102587,0.9999811053276062,0.3954064905643461,0.6066352231161932,0.03809285892306692,0.6952385306358337,0.4085466980934141,0.5886508073125564,-0.07607787528208321,0.9881566762924194,0.4137215512139455,0.7122683422906055,-0.04207582931433403,0.8003712296485901,0.4112989919526235,0.6979720285960603,-0.16250445927892404,0.9721518754959106,0.4094157091208865,0.7290309105600626,-0.05212081585611614,0.9021687507629395,0.40560239127704056,0.7153743028640744,-0.17225795686244955,0.9593126773834229,0.4349742787224904,0.737951919010707,-0.09008518436125341,0.7804581522941589,0.4303736959184917,0.7269012178693496,-0.20886375393186288,0.888484537601471
181,0.3717814998967305,0.3704525027956279,0.25406384297779616,0.9975417256355286,0.3686992406845091,0.3656104717935833,0.25479777966226835,0.9969395399093628,0.36715721147400976,0.36622043081692274,0.2547067182404653,0.9957631230354309,0.36559414012091485,0.36698977776936104,0.2547751814126967,0.9969607591629028,0.37396341647420595,0.36326632755143284,0.2467708442892346,0.9981961846351624,0.375035831757954,0.3623240155833106,0.24662148995058866,0.9984917640686035,0.37578935963766896,0.36147429687636223,0.24664383488042002,0.999034583568573,0.36396596602031145,0.37186459217752715,0.2374442036662782,0.9949334263801575,0.3780028087752204,0.36390158619199464,0.19657399484089433,0.9969140887260437,0.3699976410184586,0.37728510924747993,0.24775538444519032,0.9868005514144897,0.3751629514353614,0.3737367374556403,0.23611474335193622,0.9904552102088928,0.3485452566828045,0.4221400167260849,0.19872387860502505,0.9997206926345825,0.3941058235509053,0.3761346765926904,0.08715693588767728,0.9999597072601318,0.34368349739483406,0.4966087903295242,0.1401094619716916,0.24769632518291473,0.4337387348924362,0.3614254755633216,0.0020439533782856747,0.9756227731704712,0.37256756424903853,0.5079445311001366,0.07698756754398342,0.4624605178833008,0.46577814136232626,0.38792419433593733,-0.02039301994123629,0.9745007753372192,0.3753810243947163,0.5183634178979054,0.07227280076060973,0.473402738571167,0.4726120591163633,0.39254368032727904,-0.038805575615593356,0.9593004584312439,0.37923524379730206,0.5065533782754623,0.06732866806643345,0.48024940490722656,0.4710705586842126,0.39677629385675683,-0.027549643069505685,0.9517289996147156,0.3779958137444086,0.5038159685475483,0.07376228230340136,0.4647214114665985,0.4683790300573619,0.39702845641544865,-0.017461605343435493,0.9084202647209167,0.36642503823552797,0.5118635824748445,0.032527989681277944,0.999975860118866,0.3832728360380443,0.4883542988981517,-0.03286261005061012,0.9999828338623047,0.39454035588673164,0.6070810249873567,0.027148983334856366,0.7079330682754517,0.4094678120953694,0.5853060092244826,-0.07452143920319416,0.9872176647186279,0.4135915032454897,0.7100831270217892,-0.06771218766059191,0.8156470656394958,0.41095774854932493,0.6891401955059593,-0.1697839873177664,0.9720416069030762,0.4090068442480903,0.7252732992172238,-0.07903853740010938,0.9109718203544617,0.40511475035122446,0.7074557764189581,-0.17921420846666603,0.961504340171814,0.43408750465938,0.7376976762499123,-0.11327448487281794,0.7917259931564331,0.425191420316696,0.7180143935339788,-0.21220168684210086,0.8877931833267212
182,0.368955019542149,0.3748652960572922,0.2523995918887001,0.9977825284004211,0.36613536647387895,0.36967917595590843,0.2528715550899504,0.9972407221794128,0.36453225612640366,0.37024358510971056,0.25278510238443086,0.9961767196655273,0.3630198172160556,0.37090774263654425,0.25284266769886005,0.997257649898529,0.3713530829974581,0.3676098321165356,0.24636832986559176,0.9983742833137512,0.37275101968220287,0.3668033821242195,0.24621508547237927,0.9986401796340942,0.3738100596836633,0.366094170297895,0.24623500193868353,0.9991297721862793,0.36210212452071033,0.37556602699416003,0.23106416038104455,0.995417058467865,0.3772056630679538,0.36842510359627845,0.20160614464964177,0.9972127676010132,0.36764727149690885,0.381865871804101,0.2459013053349085,0.9880233407020569,0.3724970374788555,0.37892749820436733,0.23625520467758168,0.9913450479507446,0.3484862812927789,0.42497178316116313,0.19092777286257054,0.9997434020042419,0.39524612426757794,0.3835027209350039,0.10148594932896746,0.999963641166687,0.3431178654943192,0.4955428251198357,0.15052596756390155,0.22545956075191498,0.4371508206639969,0.3752359850066047,0.0343073107701327,0.9743915796279907,0.3723483468805039,0.5142916338784351,0.11863520273140493,0.4187855124473572,0.4670025416782922,0.40540487851415347,0.026357914384321432,0.9759683012962341,0.3771519448075974,0.5221260002681185,0.11897166860955097,0.4307118058204651,0.4740867018699644,0.4112669936248232,0.012952564244291611,0.961567223072052,0.37929574251174913,0.5145198208945136,0.11385752164891783,0.4366786777973175,0.47208356942449275,0.4144302674702234,0.023637104653088103,0.9545308351516724,0.37842940858432206,0.5120303784097942,0.11630759877817966,0.42195752263069153,0.46922427075249784,0.4141186680112564,0.029475563152560155,0.9127925634384155,0.3665347354752675,0.5112293720245359,0.024966081285050925,0.9999780058860779,0.3839936035020009,0.48849325094904195,-0.025295024099094513,0.9999845027923584,0.3943462576184952,0.6071829676628111,0.0006165491350527312,0.7288046479225159,0.4100917339324949,0.5829706345285686,-0.08184183133499959,0.9871279001235962,0.41263428841318384,0.7051034654889785,-0.1072098203003406,0.8306704163551331,0.41079736181667853,0.6792519024440218,-0.18620122756276802,0.9719967246055603,0.4082915595599581,0.7184555888175961,-0.11942160278558726,0.9194769859313965,0.4049961507320402,0.6978229727063857,-0.1965366065502166,0.9642370939254761,0.4307540237903593,0.7369325365339002,-0.15044573609318046,0.8064686059951782,0.42292194196156074,0.7159236993108473,-0.2253847803388322,0.8908537030220032
183,0.36721278429031357,0.3824138828686304,0.25205085703304825,0.9980032444000244,0.36432145578520625,0.3770148047379083,0.25051017914499546,0.9975157976150513,0.3627806901931761,0.3776631253106252,0.2504417751516613,0.9965572953224182,0.3614063646112168,0.37831544705799636,0.25048261242253433,0.9975306391716003,0.3692076648984635,0.37477991836411595,0.24837296817983887,0.9985364079475403,0.37072164501462646,0.3739226571151187,0.2482925670487539,0.9987757205963135,0.37217926808765944,0.37311705436025333,0.24841118497507902,0.9992164969444275,0.36090721062251485,0.38255430630275167,0.22186302755560183,0.9958717226982117,0.3766351120812551,0.37510334083012153,0.20692078258310037,0.9974895715713501,0.3663097032478876,0.38940039702824164,0.2428088503224508,0.9891993403434753,0.3707311315195899,0.38657429303441715,0.237646129301616,0.9921959638595581,0.34866231424467886,0.42888570598193554,0.18166583137852796,0.9997673630714417,0.39668830718312925,0.3929877970899852,0.10818560825926912,0.9999672174453735,0.3397069190229687,0.4940341847283497,0.1588902381914002,0.21107497811317444,0.4402687719890047,0.3961394769804816,0.045319861945297024,0.9730554819107056,0.3659170116697037,0.5336467095783777,0.15290517594133096,0.3872069716453552,0.46795674307005725,0.4319177372114997,0.036945358597274325,0.9777183532714844,0.3692868309361592,0.5454677820205686,0.15667210370302193,0.4026115834712982,0.4757322081497735,0.4396068751811979,0.025049511290022294,0.9643274545669556,0.37254242897033674,0.5403253946985515,0.151084160379001,0.4072703421115875,0.4733512316431316,0.4415700350488933,0.03619474792586904,0.9579087495803833,0.3729597994259424,0.5362017631530759,0.1511967595134462,0.3914293050765991,0.47018858194351176,0.4405407897063662,0.04029613826423882,0.9188965559005737,0.36659006391252774,0.5096398847443715,0.020934282136814926,0.9999799728393555,0.3851746916770933,0.48779717428343616,-0.021246095427444992,0.9999859929084778,0.3944860611643108,0.6067157915660311,-0.022169870963054034,0.7512346506118774,0.41106793539864656,0.5776426298277715,-0.09279560255152833,0.9871215224266052,0.4110876253673007,0.7029874631336754,-0.1336068856929029,0.843835175037384,0.4107397156102315,0.6670583231108527,-0.2078433245420455,0.9711116552352905,0.4078705804688588,0.7171176092965259,-0.14589849348579126,0.9271610379219055,0.40469619887215735,0.6853058542524062,-0.21915463634899673,0.9666473269462585,0.42504766072545713,0.7394696814673285,-0.17430253667490817,0.8197542428970337,0.42389206545693514,0.7172186476843694,-0.2434949755668639,0.8934760689735413
184,0.3675431958266665,0.3903398922511508,0.24211986362934101,0.9982028603553772,0.3645592519215173,0.38501155206135323,0.2388872274330683,0.9977641701698303,0.36302863274301783,0.3857347488403318,0.23883292036397108,0.9969015121459961,0.3616489606244222,0.38635265827178933,0.2388581884758812,0.99777752161026,0.36930824347904734,0.38243033971105284,0.2387874539409364,0.9986827373504639,0.37088514821869967,0.3814139093671524,0.23875464584146217,0.9988981485366821,0.3724759408405847,0.38041571549006853,0.2389272872890744,0.9992948174476624,0.3609973098550522,0.3901454908507209,0.20562578652586247,0.9962843656539917,0.3768575625760213,0.3823872131960731,0.19580271797520765,0.9977405071258545,0.3665506422519682,0.3969898343086241,0.2305927255323954,0.990278422832489,0.3709813024316513,0.39398926326206735,0.2275160359484808,0.992975652217865,0.34874237860952084,0.4330456912517545,0.16097448851381022,0.9997904896736145,0.39756254042897887,0.4022069215774534,0.10186221663440972,0.9999704957008362,0.3352918846266609,0.4930898104395183,0.14682018522705342,0.2594151794910431,0.44120697379112217,0.41314273476600627,0.03082917840220033,0.9749895930290222,0.3543610274791716,0.5521548492567877,0.15553866156509938,0.4264986515045166,0.467403185367584,0.45377844146319773,0.01296756184726421,0.9798258543014526,0.35540409343583224,0.5677433831351142,0.15981922277382435,0.44029828906059265,0.4754941037722994,0.46185695699283036,7.218320720962356e-05,0.9676466584205627,0.35968081865991847,0.56654600075313,0.1548339496765817,0.44297459721565247,0.4731346573148453,0.4640051790646142,0.011380712375310912,0.961838960647583,0.36162016817501597,0.5610678366252352,0.15458347392933702,0.42410773038864136,0.4697900678430283,0.4631563280309947,0.01613301946116345,0.9263954758644104,0.3674391031265257,0.5114572133336746,0.01848369371145963,0.9999819397926331,0.387091039759772,0.4895243057182854,-0.018766261557383188,0.9999873638153076,0.39449874929019363,0.612931372438158,-0.03130045778650257,0.774560809135437,0.41202753526823843,0.5747093030384607,-0.10014476627111431,0.9881349802017212,0.4092166219438823,0.7077450002942763,-0.12976563317435122,0.8575799465179443,0.4107174575328825,0.657335019111633,-0.2226420977285929,0.9726901650428772,0.4077984562941958,0.7266973120825628,-0.1390268466302326,0.9342490434646606,0.4040621510573794,0.6748963679586135,-0.23442513687270017,0.9695704579353333,0.41856055770601525,0.7483333417347495,-0.16528419554233542,0.8347071409225464,0.424797908748899,0.7134010195732113,-0.2573283425399234,0.9017940163612366
185,0.36854709216526554,0.39614973068237286,0.22529029164995457,0.998382568359375,0.3656224923474446,0.39099613853863285,0.22082177145140502,0.9979877471923828,0.3639818608760832,0.3917286651475087,0.22077641444546825,0.9972113370895386,0.3624057735715592,0.39230736919811776,0.2207901780094418,0.9979997277259827,0.3703590418611252,0.38829628569739183,0.2208888019834245,0.9988144636154175,0.37200079389980845,0.3872394774641308,0.22085922615868694,0.9990083575248718,0.3736641756125857,0.3862125813961027,0.22101245309625342,0.9993653297424316,0.36130225488117745,0.3958125804151806,0.18520893624850673,0.9966558814048767,0.3774222186633517,0.3882410517760684,0.1749487761940274,0.9979664087295532,0.367168868439538,0.40248747042247207,0.2119393582854951,0.9912503361701965,0.3718591025897433,0.3996500543185641,0.20962703142847322,0.9936779141426086,0.3485487350395746,0.4355459349496022,0.13483573538916444,0.9998114109039307,0.39830272282872864,0.4104113153048922,0.08835545544113428,0.9999734163284302,0.33177811588559813,0.49304857509476774,0.12313176372221532,0.3247416913509369,0.4418161332607267,0.42644512312752836,0.005784569148506432,0.9764305353164673,0.3440757904733929,0.5619592155729018,0.1417059591838291,0.4765664041042328,0.4667574380125316,0.470398094824382,-0.026257588740970398,0.9817514419555664,0.3426443227699823,0.5818263939448762,0.1450731524399348,0.48695501685142517,0.4745946833065576,0.48064837966646445,-0.04144509695470332,0.9707065224647522,0.34698342936379556,0.5830248151506694,0.1418801537581852,0.4885656237602234,0.4723456791469027,0.48286853517804806,-0.030525318240480756,0.9654572606086731,0.350169743810381,0.5752019081796915,0.14187080093792498,0.46897247433662415,0.4690034108502522,0.4816272131034304,-0.02359851759725383,0.9333007335662842,0.36882779853684544,0.5177525912012371,0.016721044534019056,0.9999837279319763,0.38957416585513505,0.49567165119307355,-0.0169701689588172,0.9999886155128479,0.39467142479760287,0.6242582968303132,-0.02731066276984554,0.7962020635604858,0.41315214378493154,0.5717181273869103,-0.11008493772574829,0.9891349673271179,0.4080330048288616,0.7197369728769571,-0.1168125672798071,0.8700780868530273,0.4106850964682441,0.6480613861765177,-0.24356071949005115,0.9744005799293518,0.4081982748849049,0.7431767872401642,-0.1317269738497478,0.9406337738037109,0.40321442229407156,0.6656971624919343,-0.25631219148635853,0.9723014831542969,0.41376915233475803,0.759420013427734,-0.14145564415625156,0.8485020995140076,0.4252806612423486,0.7067537546157834,-0.2783713860171181,0.9102457761764526
186,0.3696552387305667,0.4001343624932423,0.21798673953328804,0.9985442757606506,0.3669520309993197,0.39522469043731673,0.2143659717270305,0.9981889724731445,0.36518277525901777,0.3958539162363323,0.21431497590882428,0.9974901676177979,0.3633833365780965,0.3963301999228339,0.21433393465621123,0.9981997609138489,0.3716501414775847,0.39280113237244724,0.21145362045083718,0.9989330172538757,0.3733001904828206,0.39183080111231106,0.21136535576411647,0.9991075396537781,0.3749432844775062,0.3909105249813623,0.21141846563134864,0.9994288086891174,0.361746926818575,0.3996746114322116,0.17730816900730123,0.9969902634620667,0.3779458905969345,0.39279890401022755,0.16212389362709856,0.9981697797775269,0.3678925956998551,0.4064287330423081,0.20553738602570115,0.9921251535415649,0.3728366451604024,0.40392385380608675,0.200546842600618,0.9943100214004517,0.3484333208629061,0.43742508377347655,0.12236586229077401,0.9998302459716797,0.3983139208384921,0.4160170963832308,0.08338276440543783,0.9999760389328003,0.3305548327309743,0.4942201146057672,0.11083133481442924,0.390362024307251,0.44111017499651206,0.4342937137399399,0.004474521501521977,0.9778246879577637,0.33733013868331896,0.5640613521848403,0.13911712563463613,0.5268304944038391,0.46655946288789996,0.48058605194091775,-0.025352726720406532,0.9834654927253723,0.33489508458546213,0.5837803789547509,0.14252732098102563,0.5346049070358276,0.4736484340259005,0.4923111021518705,-0.0400576798777495,0.9734201431274414,0.33846826638494204,0.586321561677115,0.14073263513190398,0.5356780290603638,0.47119655013084394,0.49480010611670333,-0.029536298549334906,0.9686602354049683,0.3417692448411668,0.578148806095123,0.140097940819604,0.5169071555137634,0.4679467831339153,0.4933707109519411,-0.022813855723610936,0.9394526481628418,0.3701788587229591,0.5262294820376803,0.015177950063454246,0.9999853372573853,0.3918034885610851,0.5051439889839715,-0.01540289102122187,0.9999897480010986,0.39478673934936503,0.6377306001526966,-0.01210305701409067,0.8161628246307373,0.41445059350558666,0.5672510283333911,-0.11911394957985191,0.9901638031005859,0.40602743455341866,0.7327504004750929,-0.07790860932852536,0.8819620609283447,0.4105295641081672,0.6404052836554388,-0.254664470893996,0.9765033721923828,0.40824363657406376,0.7558035458837233,-0.09245038181543347,0.9464136362075806,0.40236582585743474,0.6554911698613844,-0.26731571384838637,0.9749084115028381,0.41021885701588207,0.7671588454927714,-0.08862351328134532,0.861663281917572,0.42612918189593707,0.7015797478812078,-0.2871208548545836,0.9186508059501648
187,0.3706521315234046,0.40557615416390536,0.1812454926116125,0.9986898303031921,0.36799962776047823,0.4008305609226225,0.17531485131808683,0.9983700513839722,0.36625573124204347,0.4014141261577604,0.1752461416380745,0.9977411031723022,0.3644254471574509,0.40185023375919865,0.17525780413831976,0.9983797073364258,0.37249971117292113,0.3987062948090687,0.17353874444961537,0.9990397095680237,0.3741099102156501,0.39783959729330864,0.1734517161335263,0.9991967678070068,0.3757126161030359,0.39698675019400437,0.17345735132694234,0.9994859099388123,0.36237914987972786,0.4050330783639633,0.13338450257267265,0.9972912073135376,0.3783146824155533,0.39846752626555293,0.12371540218591684,0.9983527660369873,0.36874826465334193,0.4118745122637065,0.16788485859121588,0.992912232875824,0.3736481504780904,0.4095705279282159,0.16434969987188058,0.9948786497116089,0.34870610833168014,0.4399625122547147,0.08040043232696392,0.9998471736907959,0.39906306011336173,0.42225096225738507,0.057514507323503467,0.9999784231185913,0.32908517888614097,0.4951030330998555,0.0712015901293073,0.45059090852737427,0.4396762064525057,0.4456717993531906,0.0011073566707117209,0.9796667695045471,0.32857344746589645,0.5663781063897266,0.10512422791549134,0.5734784007072449,0.46579233578273205,0.49390227113451257,-0.013274746042277125,0.985066294670105,0.32441073485783156,0.5843941245760234,0.1077016140733446,0.579838216304779,0.47274681329727153,0.5068600365093774,-0.02556149608322551,0.9759722352027893,0.3275313913822172,0.5879848718643186,0.10633088467376567,0.580669105052948,0.47038597975458396,0.5088744819164274,-0.016718361846038265,0.9716684818267822,0.3310984849929808,0.581411414487021,0.1065557191414492,0.5632743835449219,0.4674346813133783,0.5067161398274556,-0.011026738105075696,0.9452619552612305,0.37207813688686897,0.5367385710988724,0.012675948866776051,0.9999867677688599,0.3956364231450215,0.5185401116098673,-0.012869947643152298,0.9999907612800598,0.39405901517186825,0.6474274516105649,0.01084114408918789,0.8344814777374268,0.41029359868594556,0.5855628848075864,-0.11280918674809587,0.9911418557167053,0.4028592177799768,0.7453039067132129,-0.02130339621965373,0.8935852646827698,0.4100133299827574,0.6272182549749099,-0.24424137089933656,0.9787482619285583,0.4071500301361082,0.7648062637874056,-0.030073567363433522,0.9517396092414856,0.40024877446038365,0.6340009127344401,-0.25562601344926006,0.977352499961853,0.40568713801247713,0.7728226508413039,-0.022727114587490035,0.8750565052032471,0.4215811039720261,0.6737603017262047,-0.2775676012039183,0.9266135692596436
188,0.3715940288134982,0.4127447554043359,0.15196821689605708,0.9988100528717041,0.3688342843736919,0.40793969205447583,0.14442542386906482,0.998522162437439,0.36713266798428107,0.4084148125989095,0.1443446389266422,0.9979530572891235,0.3653461967195782,0.4087390099252971,0.14435184491532183,0.9985305070877075,0.37328794428280404,0.4061619716031209,0.1433310036148343,0.9991281628608704,0.3749226680823733,0.40540555119514443,0.14324425586632314,0.9992705583572388,0.3765389578683034,0.40463294897760643,0.14322812088898243,0.9995321035385132,0.36314643536295194,0.412201906953539,0.09942550786903921,0.997554361820221,0.3790379217692782,0.40599199022565546,0.0927978021757943,0.998504638671875,0.3697247522217885,0.419111998592104,0.13798864611557546,0.9935739040374756,0.3745933643409182,0.4169421459947312,0.13528389909437719,0.9953453540802002,0.3495456320898872,0.44573797583579994,0.0481524588274104,0.9998623132705688,0.4002334671361104,0.4306764313152856,0.03682011616017135,0.9999799728393555,0.32708474653107766,0.49611807124955287,0.03676686143236499,0.5051422119140625,0.43825182999883355,0.4605351686477659,-0.0031287898575620976,0.9787152409553528,0.31831482989447446,0.5658085278102327,0.0690380578594548,0.6158619523048401,0.46458030087607227,0.5112764596939084,-0.003624135368902766,0.9856877326965332,0.3124686862741196,0.5818442310605727,0.07103291409356251,0.6212760806083679,0.47051950437681994,0.5239979267120359,-0.012712313314633702,0.9770046472549438,0.3151134031159536,0.5860756158828733,0.06957731161798747,0.6219969391822815,0.46863998770713783,0.5258182321275982,-0.006398569113974056,0.9729681611061096,0.31891808509826647,0.581547711576734,0.07064356399433949,0.6060514450073242,0.46565110768590634,0.5231336423328943,-0.0018084166371928774,0.9485762715339661,0.3740541296345845,0.5488664388656613,0.010577210318297142,0.9999879598617554,0.39933822240148253,0.5323089957237241,-0.010745671564447024,0.9999915957450867,0.39207146508353075,0.6565856610025675,0.025192827199186585,0.8500174283981323,0.4058238821370259,0.5946954914501732,-0.1198971773896898,0.991686999797821,0.39934593183653677,0.7535153371947149,0.012568406015634534,0.9024375081062317,0.40877336859703045,0.6136264511517113,-0.2685660783733639,0.9784343242645264,0.4045095384120939,0.7718781369073047,0.01254836529759424,0.9560264945030212,0.398289119345801,0.6164368544306071,-0.2818692122186932,0.9784395694732666,0.40125905956540775,0.7781540274620053,0.01019539360755256,0.882814884185791,0.4156584663050513,0.6437701003892078,-0.30712149313517967,0.9298823475837708
189,0.37218313642910533,0.4163241820675984,0.14509443342685693,0.9989281296730042,0.36934097238949354,0.41156134520258203,0.13683644703456327,0.998668909072876,0.36766860314777905,0.41191220538956763,0.13675638905593318,0.9981562495231628,0.36590729526111043,0.4121128823075974,0.13676241508552,0.9986761212348938,0.3738309468541825,0.41001298597880753,0.1358457263026918,0.9992148280143738,0.3755226092679158,0.4092715254851748,0.1357719217027936,0.9993430972099304,0.3771857551165988,0.40851361410958403,0.13576190769672386,0.9995785355567932,0.36364254355430586,0.41595274550574146,0.08991328924894329,0.9977976679801941,0.37978629299572514,0.41041961908340435,0.08287240777696878,0.9986532330513,0.3703808060714175,0.4227858960628508,0.130493254320962,0.9942106008529663,0.37528546707970734,0.4206853858062197,0.12769700629370545,0.9958068132400513,0.35027773806026985,0.45046962244170036,0.039691099630934826,0.9998759627342224,0.40097362313951745,0.43552864619663756,0.027286482176610383,0.9999818205833435,0.32548434393746495,0.49685842054230805,0.024426505714654906,0.5543355345726013,0.43738078049250995,0.46916478702000186,-0.007986347324081829,0.9789663553237915,0.31223874092102033,0.5634242585727145,0.05350722904716216,0.6538295149803162,0.4639118450028553,0.52084390265601,-0.00395699001050421,0.9869387149810791,0.3052806930882589,0.5788939544132775,0.05572462124483923,0.6581797003746033,0.46873472929000837,0.5344671283449443,-0.012981193991644034,0.978970468044281,0.3081119656562804,0.5830069201333179,0.05365783689277509,0.6587669253349304,0.4674936737333023,0.5350890568324496,-0.006797408399039077,0.9752757549285889,0.3123648038932254,0.5791658163070676,0.054924023257834534,0.6437140703201294,0.46431190967559793,0.5320227503776548,-0.0023028552399149953,0.9528631567955017,0.3756642009530746,0.5610961897032599,0.010938283694641926,0.9999890327453613,0.4018120629446845,0.5438671180180138,-0.011096130072006152,0.999992311000824,0.38985879336084617,0.6591573493821278,0.030121117617402746,0.8643397092819214,0.3988024626459392,0.5879066705703733,-0.13570712379046843,0.9923509955406189,0.39732078228678,0.7563765985625127,0.008148748134928087,0.9088401794433594,0.40735211116926995,0.6081918631281169,-0.3119131514004297,0.9785063862800598,0.40151756916727316,0.7750696080071582,0.0057620597171730206,0.9595291614532471,0.3968366486685615,0.6113500186375207,-0.32884739041328415,0.9795156717300415,0.39933476448059063,0.7791972449847626,0.004089548984276395,0.8839831948280334,0.4121128567627496,0.6286114113671436,-0.35784357871328065,0.9337859153747559
190,0.372765106814248,0.41874694143022795,0.17742425245898102,0.9990350604057312,0.36986590112958617,0.41407061815261825,0.1715476608702114,0.9988017678260803,0.3682461142539976,0.4143415357385361,0.17148199294294622,0.9983401894569397,0.36654855864388586,0.41446123548916386,0.17149830950157974,0.9988081455230713,0.3743693326200756,0.41268271718706384,0.16738268477576113,0.9992932081222534,0.37608979003769993,0.41195217285837427,0.1672654041222163,0.9994086623191833,0.3777627306325093,0.41120899575097203,0.16730054702077585,0.9996206164360046,0.3641813218593596,0.4185512321335927,0.12735858346734724,0.9980175495147705,0.3803353590624671,0.41348544359207134,0.11051304489374156,0.9987877011299133,0.37103687439646027,0.42516564386231537,0.16412042379379266,0.9947879314422607,0.37594277262687664,0.42302856700760955,0.1583278087632996,0.9962249994277954,0.3507480306284767,0.45470228365489396,0.07380232614065915,0.9998883008956909,0.4007311497415813,0.43903415373393445,0.047543777365769646,0.9999836087226868,0.32420681204114626,0.49799037916319683,0.05557638805891783,0.5984890460968018,0.4371270367077417,0.4750633801732742,0.0019300296570041342,0.9795699715614319,0.30915562595639895,0.5604975581169126,0.08294793771845951,0.6878442168235779,0.46368255615234355,0.527168878487178,-8.82341459925681e-05,0.9881641268730164,0.3022810646465845,0.5757276671273365,0.0857490836509636,0.691145122051239,0.467308895077024,0.5407695446695597,-0.011311011495334757,0.9809281229972839,0.30452254499707887,0.5792714970452442,0.08445495090314317,0.6915838718414307,0.46588720083236673,0.5420389447893412,-0.0037684755532869253,0.9775739908218384,0.30851238710539663,0.5754473498889375,0.08449674238051683,0.6771212220191956,0.4623596523489269,0.5388838376317703,0.0016138217212366204,0.9571571350097656,0.37584921802793214,0.5627361944743563,0.013895359515611608,0.9999900460243225,0.40097274524824944,0.5437828660011289,-0.01405935251553143,0.9999930262565613,0.38821345397404244,0.6607763358524864,0.03522608035377092,0.8773114085197449,0.4008122546332221,0.5718131388936721,-0.14837215840816492,0.9930315017700195,0.3973423063755034,0.7565571359225679,0.01327759996056556,0.915723979473114,0.4061572492122648,0.6000024710382732,-0.32537447427000304,0.9793511033058167,0.40018503240176595,0.7747234072004043,0.010980935727379147,0.9631493091583252,0.3972960327352794,0.6117112926074434,-0.34214424746377115,0.9809476137161255,0.39962578245571667,0.7764558843203949,0.010757691320031876,0.8890147805213928,0.41277045011520364,0.6185610856328689,-0.3611125094549995,0.9384849071502686
191,0.3729469784668512,0.42212576525551915,0.18810580128005566,0.999131441116333,0.37020777038165487,0.4173399635723657,0.1826750917626278,0.9989214539527893,0.3686601740973334,0.41755630118506276,0.1826051804636205,0.9985059499740601,0.36704221027238015,0.41764351981026765,0.1826242317046437,0.9989271759986877,0.3746489192758286,0.4159838071891238,0.17878114192613526,0.9993638396263123,0.37636597497122615,0.41525031668799245,0.1786520841930593,0.9994677305221558,0.37800097891262585,0.41453177928924545,0.178691411816648,0.9996585249900818,0.3646285738263809,0.4213680378028323,0.1382214750562395,0.9982156753540039,0.38054852570806214,0.4170616975852419,0.12456144328628263,0.9989087581634521,0.3712665736675261,0.4282676875591276,0.17480941398867533,0.9953081011772156,0.3761509418487547,0.42634140167917506,0.16986019318657256,0.9966015815734863,0.3511365166732241,0.45775652272360645,0.07966857722827363,0.9998994469642639,0.4005837082862852,0.444462717430932,0.06561078141842568,0.9999851584434509,0.3232875866549354,0.4984707713127134,0.05930337937814846,0.6384332180023193,0.43674630182129975,0.48258711610521565,0.020004475010292868,0.9789144396781921,0.3054180119718823,0.5573074766567773,0.0832504583256585,0.7189916968345642,0.46217506613050163,0.5351818629673546,0.011513622397822994,0.9888889193534851,0.29901868871280113,0.5719047256878441,0.08483626012291223,0.7218873500823975,0.46567895923342006,0.5476056252207072,-0.0002650646226746607,0.9820188283920288,0.2994994793619427,0.575159634862627,0.08496111450450758,0.722272515296936,0.46342255984033837,0.5498794913291929,0.006424527981185491,0.9788775444030762,0.3029379946844917,0.5713967493602204,0.08533271285040035,0.7091561555862427,0.4605789882796149,0.5472160117966784,0.012581250577100687,0.9600392580032349,0.3761426508426664,0.5629323363304135,0.012099451305610787,0.9999909996986389,0.3999798434121266,0.5436395372663223,-0.012257186163749007,0.9999936819076538,0.3872176153319221,0.6615669063159395,0.040568440088203955,0.8894763588905334,0.3989825768130164,0.5830041936465669,-0.13866121949894084,0.9936844110488892,0.3982959892068588,0.757134309836796,0.02833915368786879,0.9237334132194519,0.4092331869261604,0.5893050381115501,-0.3029102167380706,0.9797054529190063,0.4003371204648697,0.7734515292303898,0.027006439262601933,0.9667344689369202,0.4037238146577561,0.6124605519430975,-0.31777928939887445,0.9824073314666748,0.39808147634778684,0.7738466586385451,0.029086960067174254,0.8986705541610718,0.4160729723317281,0.6057935323034012,-0.3324760883514369,0.9424951076507568
192,0.3735655444008962,0.4288868146283284,0.13341133041041234,0.999213695526123,0.3709922875676835,0.42410303950309736,0.1255739457905292,0.9990251064300537,0.3695197982447487,0.42429478934832965,0.12548993815268783,0.9986488223075867,0.36799485768590634,0.42438427209854107,0.12549908666738438,0.9990294575691223,0.37536677292415055,0.4226443384374889,0.1233235813145126,0.9994249939918518,0.37705263836043207,0.4219140010220662,0.12320437500519406,0.9995186924934387,0.37865041579518977,0.4212269859654561,0.12322255309138974,0.9996910095214844,0.36561899100031153,0.42796904614993486,0.07988747619092461,0.9983893036842346,0.38100997975894363,0.42390355552945796,0.07255665010639596,0.9990125298500061,0.3719471395015715,0.43480094756398857,0.11994556263089173,0.9957556128501892,0.3767493827002387,0.4330372750759123,0.11694956815668509,0.9969238042831421,0.3522138961723871,0.4639595729964118,0.029508108432803822,0.9999093413352966,0.40063835212162546,0.45298979878425577,0.025574737361499233,0.9999860525131226,0.32305226070540277,0.499730370725904,0.0041429367448602376,0.6744056940078735,0.43476018054144705,0.4929354105676921,-0.019505125956077653,0.9658900499343872,0.3007276083741868,0.552797596795218,0.01306246529732431,0.746927797794342,0.4591848347868236,0.5463581545012335,-0.03623534940582299,0.9883196353912354,0.29429022073745714,0.5663580673081532,0.009231663282428462,0.7493728995323181,0.46267649190766447,0.5585417372839789,-0.048266998199479896,0.9813333749771118,0.29285924434661853,0.5665172389575411,0.01016645218644823,0.7497022747993469,0.45992225749152027,0.5612304585320607,-0.045132590071963394,0.9781507849693298,0.29585580825805646,0.5632797871317179,0.014977136360747467,0.7375779151916504,0.457830431631633,0.5584491372108458,-0.03612575624803346,0.9591655135154724,0.37613648005894235,0.5637166993958607,0.009773714015526427,0.999991774559021,0.39895082797322934,0.5451910206249779,-0.0099079140062843,0.9999940991401672,0.38618987287793827,0.6624725324766974,0.03530609104782341,0.8973454236984253,0.4079064471381049,0.6022048217909673,-0.10123527821685582,0.9931228756904602,0.39902017968041537,0.7571273480142863,0.02850001272080199,0.923433244228363,0.41106199196406756,0.5810988068580625,-0.20232657721000047,0.9642515778541565,0.400741044112614,0.7725748658180233,0.027838988894862776,0.9684780240058899,0.4114454592977249,0.5965361595153806,-0.21102793128894898,0.9812150001525879,0.3966860890388487,0.7728625995772221,0.017537597899458232,0.8841314315795898,0.4151105659348622,0.5859598125730239,-0.21996565945446478,0.9254581332206726
193,0.37468829751014693,0.43307710800852073,0.0632427031440394,0.9992721676826477,0.37214350785527894,0.4282223786626541,0.05170649838234694,0.9991057515144348,0.3706782766750879,0.4284952095576693,0.0516121155449322,0.9987568259239197,0.3692019181592122,0.42866310306957767,0.05160366286124499,0.9991082549095154,0.37644098145621147,0.4266307694571357,0.051667123021823996,0.9994722008705139,0.37804586035864673,0.42586841072354975,0.051588392098035105,0.9995573163032532,0.37960056747708987,0.4251095797334396,0.0515752062733684,0.9997162818908691,0.36686085121972206,0.4323604651859826,0.00314235857554844,0.99853515625,0.3815910177571431,0.4277264092649731,0.0016621709934302696,0.9990921020507812,0.3730170352118354,0.43893121821539727,0.04895983226597307,0.9961191415786743,0.37772589411054325,0.4372482717037198,0.047898402597222986,0.9971803426742554,0.3534606048039026,0.46832894086837745,-0.03303665571979113,0.9999180436134338,0.4006549758570533,0.4575659700802392,-0.034640782965081066,0.9999861121177673,0.3238186504159653,0.5008124053478238,-0.05926151201128957,0.706871509552002,0.43230051568576244,0.4972528534276142,-0.07487570824367656,0.9658420085906982,0.29895225678171417,0.550029407228742,-0.0596603195582117,0.7720199227333069,0.45680028625896973,0.5509381072861805,-0.09236212730673804,0.9811640977859497,0.29179718068667804,0.5623625057084217,-0.06796508623020986,0.7738258838653564,0.46069790465491134,0.5641055090086798,-0.10491765221314765,0.9680116176605225,0.2899386925356727,0.5591352769306726,-0.06713861439909251,0.7740516662597656,0.4581105044909884,0.5659796765872407,-0.1035362783087683,0.9628546237945557,0.29292088150978074,0.5566329257828846,-0.05823846523250849,0.7624427080154419,0.4565630955355506,0.5630099960735863,-0.09249671358349065,0.9377325773239136,0.37617836168834123,0.5664801103728155,0.008830229266147524,0.9999924302101135,0.3987009474209375,0.5477279305458066,-0.008944625836530962,0.9999942779541016,0.3855353585311343,0.6604205863816395,0.02441976490829671,0.9013380408287048,0.4165134744984761,0.6149235640253337,-0.05792988995755355,0.9691848754882812,0.39911334344318916,0.7552904060908723,0.011827274092606132,0.9254617691040039,0.40957948480333584,0.5799216100147789,-0.09142485468515324,0.891468346118927,0.40081831472260593,0.7713252288954595,0.010066883718328812,0.9682216048240662,0.4144488692283628,0.5742719309670582,-0.09406688128198892,0.9407302141189575,0.3968665352889468,0.7717191662107192,-0.014195323203291206,0.8804035186767578,0.40962080104010423,0.5694731763431001,-0.09934944334839066,0.8531187772750854
194,0.37564114928245523,0.4389528146811892,0.023200248075383033,0.9993393421173096,0.37302842395646213,0.43424958671842284,0.009962183742650906,0.9991906881332397,0.37156465479305795,0.4345483754362377,0.009864261001348485,0.9988736510276794,0.37012074078832335,0.43476182903562255,0.009850046411156643,0.9991928339004517,0.37725476537431973,0.43274996195520654,0.010190331563353527,0.9995222091674805,0.37879088861601673,0.43200809700148424,0.010100998835904247,0.9995988011360168,0.3803228761468613,0.43123368876320956,0.010077615508011397,0.9997430443763733,0.3679037264415194,0.43856883474758673,-0.04006873151021343,0.9986779689788818,0.3820489372525895,0.4335188567638395,-0.03915089304958069,0.9991771578788757,0.3738964234079632,0.4445296355656213,0.00905020244951758,0.9964907765388489,0.3785158336162565,0.4428752005100248,0.008681195841303882,0.9974473118782043,0.35485750011035355,0.47406631537846133,-0.06800831694688114,0.9999260902404785,0.40094144429479306,0.46313513857977706,-0.0670522688754967,0.9999867081642151,0.3245806992053984,0.5032438950879231,-0.09739959165453907,0.7361171841621399,0.43086097581045946,0.503711938858032,-0.10367583736245117,0.9656303524971008,0.2971475541591643,0.5452943989208764,-0.10409559788448466,0.7946875691413879,0.45529357280049987,0.557514086791447,-0.11965594155980003,0.9722499251365662,0.28904221143041325,0.5553049002374919,-0.11598832766924581,0.7960363626480103,0.4591895171574182,0.5719072393008638,-0.1323868853439177,0.9520168900489807,0.2878571757248468,0.5492385864257809,-0.1136885943157332,0.7961838841438293,0.4570034291063034,0.5729256834302627,-0.13172889341201097,0.9441998600959778,0.2910858511924742,0.5478340864181517,-0.10253049656748768,0.7852007150650024,0.45538264087268265,0.5693400587354385,-0.11989105367766953,0.9129451513290405,0.37590564404215115,0.5660322070121762,0.006359638463306637,0.999993085861206,0.39857742530958973,0.5490294797079902,-0.006463670990030678,0.9999945163726807,0.38473311322075965,0.6594044361795695,0.011967376978801823,0.9077568650245667,0.42680288808686373,0.6260809966496056,-0.014548020277704498,0.9526171684265137,0.3987206348351068,0.7538075327873226,-0.003100121513541255,0.9287101626396179,0.4056591527802602,0.5792331933975217,0.015026995805757393,0.8256391286849976,0.40054412995065947,0.7702608994075226,-0.005863465155873978,0.9687427282333374,0.41119669420378535,0.5628158177648269,0.01880163372095143,0.9065873026847839,0.3978856904166084,0.7707549469811572,-0.0382137348609311,0.8817002773284912,0.4037787284169876,0.562496038845607,0.021146372120295256,0.7903410196304321
195,0.37598131554467323,0.44535507644925776,0.03620028233022561,0.999365508556366,0.373406478336879,0.4408740852560314,0.023031116276979437,0.9992401003837585,0.37197699206215973,0.4410556495189665,0.022936320970101006,0.9989269375801086,0.3705454281398226,0.4411920939173015,0.022929899793650413,0.9992389678955078,0.3776101189000264,0.43955119677952337,0.024568119432244972,0.9995529055595398,0.37913581984383704,0.43880702427455337,0.024484218657016745,0.9996212124824524,0.38066860181944695,0.4380532469068253,0.02446071771638733,0.9997601509094238,0.3685802485261643,0.44454917737415833,-0.02880248448678424,0.9987794160842896,0.38238630975995724,0.44001978720937435,-0.021632372481482358,0.9992316961288452,0.3742492863110132,0.4505646961075917,0.021186970706496912,0.9967440962791443,0.3787980079650877,0.4489735364913938,0.022599400553320124,0.9976241588592529,0.35615627850804993,0.4795692673751284,-0.06251217392938474,0.9999326467514038,0.40151876466614844,0.4692703468458991,-0.04807757298861229,0.9999861121177673,0.32524400779179147,0.5061858619962417,-0.09825932660273139,0.7622737288475037,0.4306334257125852,0.5108730775969367,-0.08075867188828328,0.9618491530418396,0.2958402003560746,0.5400216528347558,-0.10592440153871258,0.8146424889564514,0.4540533082825795,0.5634391290800909,-0.09480428951127183,0.9630779027938843,0.28739850691386615,0.5478018011365615,-0.11833571216889785,0.8150256276130676,0.45757176109722664,0.5790438515799383,-0.10631160523210248,0.9357002973556519,0.2867526735578263,0.5414558189255848,-0.11380180673939835,0.8149717450141907,0.45563230684825334,0.5797552670751296,-0.10577725044318602,0.9248445630073547,0.28989823375429413,0.5406997816903247,-0.10346539850745877,0.802863597869873,0.45416095427104386,0.5756179877689904,-0.09514949087585717,0.8854955434799194,0.3758143859250203,0.5677637032100129,0.0017107974256110267,0.9999934434890747,0.39864839230264915,0.5536752785955155,-0.0018205200363549262,0.9999942779541016,0.38404455780982955,0.6586512684822079,0.0052355572714337245,0.9062459468841553,0.42588925872530237,0.6291666712079726,-0.003944048092567492,0.9073176383972168,0.39837293113980954,0.7531845194952825,-0.010583124841962537,0.926128625869751,0.40643527592931455,0.5849560635430469,0.03028493278792925,0.7542589902877808,0.40027307186807887,0.7701229708535327,-0.014174060124371727,0.9645931124687195,0.4090367112840923,0.5776999150003703,0.03455260113946028,0.8541467189788818,0.39792297397341025,0.7700834734099248,-0.04235028752258844,0.869752049446106,0.405881664582661,0.5804188881601604,0.036493720593196985,0.7201403379440308
196,0.3757698135716573,0.45038698400769894,0.02230662935014281,0.9993863105773926,0.37335032991000566,0.4459420783179145,0.008733246129538328,0.9992846250534058,0.37198636787278294,0.4460476015295299,0.00863893597519823,0.9989724159240723,0.37056027991431084,0.4461193050656998,0.008630221376993822,0.9992811679840088,0.37756171567099417,0.44471509371485013,0.010899958277254228,0.9995797276496887,0.37912473848887834,0.44397088970456783,0.010811902665799213,0.999639093875885,0.38068569643156847,0.4432466694286889,0.01078524661383458,0.9997748732566833,0.36883689676012293,0.44924426078796365,-0.04326250547809258,0.9988706111907959,0.3826856485434939,0.4451730617455072,-0.03320428154298236,0.9992761015892029,0.3741608636719838,0.4555592690195354,0.00727640397048422,0.9969732761383057,0.37866404311997526,0.4538546536649974,0.009537389235837114,0.9977807402610779,0.35688749296324573,0.4841940854276927,-0.07593176588416095,0.9999387264251709,0.4021788903645105,0.4743639154093604,-0.0568125105329922,0.9999857544898987,0.3254998922348021,0.5089450393404278,-0.11677789219788137,0.7857279181480408,0.43051851987838724,0.5159213798386708,-0.08948339926345004,0.953730046749115,0.2945131140095846,0.5360388278961179,-0.1282979950308799,0.8323819041252136,0.4528227474008285,0.5680505514144895,-0.10525452984230854,0.9489408135414124,0.28608223881040284,0.5427053059850419,-0.14174603457961757,0.8315675854682922,0.4560722861971172,0.5847184760229925,-0.11704474708863662,0.9134580492973328,0.2855792897088186,0.5358959368297029,-0.1365945066724504,0.8312680721282959,0.45431798441069443,0.5849500979695998,-0.11685862626348217,0.8992748260498047,0.28866301945277606,0.5354840619223455,-0.12570429380450926,0.8173943758010864,0.4528827837535311,0.5803032534463062,-0.10576168532882413,0.8516363501548767,0.37576630456106985,0.569544492449079,-0.0004563897949992677,0.9999938011169434,0.3985701560974119,0.5574961100305827,0.00034100280608981846,0.9999940991401672,0.38341009957449756,0.6577188372611997,0.003373119434607879,0.8998070955276489,0.42582946760313833,0.6334647570337565,-0.0017918729622449182,0.851627767086029,0.39817839350019163,0.752785924502781,-0.011717736947217151,0.9186687469482422,0.4077291429042814,0.5903250132288249,0.03633259401789732,0.6850093007087708,0.3999601960182188,0.7700391633169988,-0.015169176831841462,0.9572833180427551,0.4070819744041986,0.5826612932341436,0.04098462528948271,0.795529305934906,0.3975465953350065,0.7695881332669936,-0.041882291010447895,0.8502573370933533,0.40759605765342694,0.5877428412437437,0.043046964332461336,0.6534538865089417
197,0.3766858833176747,0.454339231763567,0.011108292326597225,0.9994315505027771,0.3742384442261285,0.4499430928911479,-0.0026640878724200367,0.9993445873260498,0.3729100670133317,0.45008913448878674,-0.0027582392362611612,0.9990541338920593,0.3715263000556399,0.45016224980354286,-0.0027676026469894807,0.9993399977684021,0.3784451127052305,0.4486502562250408,-0.0007310813159814907,0.9996152520179749,0.3799959565911973,0.44790708848408267,-0.0008257904622171594,0.9996684789657593,0.3815286193575176,0.44714009676660793,-0.0008555897378495752,0.9997940063476562,0.3699334842818122,0.4534202831132069,-0.054055242240428895,0.9989726543426514,0.3833439086164745,0.4489506866250717,-0.045073835338864984,0.9993374347686768,0.37512237344469324,0.45970797623906795,-0.0035755547029631455,0.9972374439239502,0.3795477969305854,0.4579176860196248,-0.0016275140057717043,0.9979715943336487,0.35756448166710975,0.4881447196006773,-0.08551686171974451,0.9999445080757141,0.4026395167623245,0.4775873439652577,-0.06569671662790433,0.9999862313270569,0.32596306630543287,0.5119201455797466,-0.1251809362854276,0.8070011138916016,0.4302807194846015,0.5196088109697612,-0.09584706617253164,0.9517619013786316,0.2944419537271771,0.5339004397392271,-0.13622515393154955,0.848815381526947,0.4518305037702831,0.5725232413836885,-0.10934113774980812,0.9422445893287659,0.2857225682054246,0.5400123511041912,-0.149241098335811,0.8474961519241333,0.45492549708911334,0.588485937459128,-0.12061452546289983,0.9020461440086365,0.284956281525748,0.5329820990562437,-0.14449127061026432,0.8470968008041382,0.45313023073332626,0.5888212221009388,-0.12079084643295827,0.8861768245697021,0.28821677395275647,0.5325617364474703,-0.13374471451554973,0.833361029624939,0.45163252353668193,0.5843201092311312,-0.10988920437438143,0.8332549333572388,0.3754756110055104,0.5720287646566116,-0.0015450560418685194,0.9999942779541016,0.3984260516507283,0.5604950972965783,0.0014206788893456432,0.9999943375587463,0.38295358760016285,0.6577721800122939,-8.542685370360086e-05,0.8982717394828796,0.42488469992365135,0.6375231742858884,-0.0023479396876479883,0.8167093396186829,0.39824477349008813,0.7527553609439301,-0.015272385414157588,0.9178568720817566,0.41112060035978026,0.5974886860166274,0.03467468039265699,0.627432644367218,0.3999800128596167,0.7701092072895592,-0.01858769806900194,0.9546490907669067,0.4092620262077874,0.5896330492837086,0.03925253562629222,0.7562332153320312,0.39706179244177664,0.7689027105058939,-0.045105676459414594,0.8446598649024963,0.41145613023212957,0.5848939299583432,0.0408508393381323,0.5987297892570496
198,0.37765042015484385,0.459143577303205,0.003120496044201508,0.9994237422943115,0.3751011167253765,0.4549087635108401,-0.010860804654657837,0.9993703365325928,0.3737619033881594,0.4550560048648287,-0.01095580813874091,0.9990681409835815,0.37241085256849,0.45512849518230963,-0.010962972750088994,0.9993605613708496,0.3793034808976308,0.45347949010985217,-0.008827836721736402,0.9996326565742493,0.3808372701917374,0.45267435056822614,-0.00892822828609496,0.9996780753135681,0.3823321010385239,0.4518473267555235,-0.008959891886583395,0.9998047351837158,0.3709539813654762,0.45848514097077486,-0.06225669256278444,0.9990268349647522,0.38397527507373247,0.4537138709000177,-0.052788199910095736,0.999370813369751,0.37611196892602083,0.4645015708037783,-0.01152081466945154,0.9973922371864319,0.380445348364966,0.462674478122166,-0.009424835869244164,0.9980875253677368,0.3583481337342942,0.493129115445273,-0.09250515060765399,0.9999490976333618,0.40306544474193007,0.48194030608449645,-0.07130279253636085,0.9999860525131226,0.3266158018793377,0.5147355505398339,-0.1322775625756808,0.8259671330451965,0.430074484007699,0.5252454723630631,-0.09865561319249012,0.947051465511322,0.29436499902180246,0.5316608173506598,-0.14417322341884878,0.8629580736160278,0.4507334734712326,0.5787964122635976,-0.10969111983265191,0.932089626789093,0.28476505534989477,0.5362263304846625,-0.1570521265268325,0.8604633808135986,0.4536578442369187,0.5940054791314258,-0.12013698922736299,0.883977472782135,0.2842265350478035,0.5290777121271403,-0.1521625420876911,0.8598462343215942,0.4516886838844842,0.5943991541862486,-0.12067243989024838,0.8649376630783081,0.28762765526771533,0.5288448146411349,-0.14164279571601315,0.8439846634864807,0.4501803960118973,0.5902425101825166,-0.11025803812912527,0.8040955066680908,0.3750593125820158,0.5746811236654006,-0.002623128315774789,0.9999945759773254,0.3983168865953171,0.5644963996750966,0.0024935523280873884,0.9999942779541016,0.38242864693914125,0.6582902261189049,-0.007218054948108534,0.892180323600769,0.4238652731691086,0.6437302214758733,-0.00042420207256717475,0.7609177827835083,0.39817047033991115,0.7527634331158226,-0.025989691274506694,0.9118049144744873,0.4141344189643858,0.6052746704646517,0.03745598143764903,0.5694974660873413,0.3999130700315746,0.7700938514300751,-0.02955772607986415,0.9475637078285217,0.41206965020724684,0.5955552101135251,0.04206801408103532,0.7041599750518799,0.39694137402943186,0.768521245888301,-0.057499267799513656,0.8281185626983643,0.41537382347243157,0.5870037283216201,0.04279493242502211,0.5424755215644836
199,0.3780851781368254,0.4627760767936704,-0.0037940445422594035,0.9994561672210693,0.37549962656838537,0.4586292675563265,-0.018067485413381025,0.9994176626205444,0.37413667610713397,0.45876634206090633,-0.01816112300647156,0.999129593372345,0.37281935385295306,0.45879696096692746,-0.01816762382430689,0.9994063973426819,0.3796978158610206,0.45708884341376144,-0.015368871031595122,0.9996607303619385,0.38122502905981864,0.4562337160110471,-0.015469286098544081,0.9997006058692932,0.3826982106481278,0.4553738892078397,-0.01550202755523579,0.9998200535774231,0.37155752437455297,0.4619869955948419,-0.0698964120021888,0.9991058707237244,0.38430783663477197,0.45726014886583577,-0.05726534926465577,0.9994184970855713,0.3765969012464794,0.4681628550801956,-0.018636871714677122,0.99759441614151,0.3808239085333686,0.46632243394851663,-0.015610280553145062,0.9982331991195679,0.3589397915772028,0.4972481037889206,-0.09915067404508586,0.9999536275863647,0.4033805617264337,0.485404574871063,-0.07279336963381083,0.9999862909317017,0.32731777940477624,0.5168047904968259,-0.13892594405582967,0.8431727290153503,0.4299521148204801,0.5291435037340434,-0.09815569605146132,0.9421918392181396,0.2943685284682681,0.5295496974672587,-0.1499797065343175,0.8761298656463623,0.4499974889414649,0.5828762820788789,-0.10789098569325034,0.9227668046951294,0.28396801607949385,0.5329539775848386,-0.16294082488332468,0.8730300664901733,0.4526634054524556,0.5980518732752116,-0.11787461170128408,0.86869215965271,0.28376246179853154,0.5257835183824809,-0.15777970446007586,0.8722958564758301,0.45058972665241764,0.5985523649624414,-0.11854733846017287,0.8472772836685181,0.28712541971887845,0.5257055078233989,-0.14732293273721417,0.8558809757232666,0.44916541065488524,0.594476429053715,-0.10845545636756074,0.7807598114013672,0.3747574303831371,0.5767778924533296,-0.004124199421026526,0.9999949336051941,0.398285686118262,0.5677747419902254,0.003995357027244087,0.9999943375587463,0.38204759699957697,0.6586414524487083,-0.011824201060725105,0.8856614828109741,0.4229868931429725,0.6472265481948849,0.004183519767996456,0.7099753618240356,0.39801664778164436,0.7525991269520347,-0.0341071741921561,0.9059041738510132,0.41475350175585046,0.6016397186688012,0.05195562924657547,0.5166815519332886,0.39992646319525565,0.7698551893234249,-0.038266030965106806,0.9420648813247681,0.41297919154167156,0.5951712591307501,0.057663940052900965,0.6571639180183411,0.39727233392851674,0.7680899585996351,-0.06477595993450708,0.816534698009491,0.4147992449147359,0.5875871317727223,0.06065319095339092,0.49229708313941956
200,0.37828495417322416,0.46454876661300637,-0.0008265273911612376,0.9994906783103943,0.37580272810799714,0.46045407312256925,-0.01449737083166837,0.9994627237319946,0.37443961841719475,0.46061334099088375,-0.014585336337664291,0.9991910457611084,0.37310848491532445,0.4606356050286972,-0.014597091757293252,0.9994498491287231,0.37999985218048077,0.4589260969843181,-0.012309940109428544,0.9996877312660217,0.38154149310929414,0.45810997741562953,-0.012416315208455276,0.9997233152389526,0.3830248722008295,0.4572877790246689,-0.012444283041570862,0.9998348355293274,0.3718895503452844,0.46391693183353944,-0.06558892540633676,0.9991792440414429,0.3847531906196047,0.4592879295349119,-0.0549949457070657,0.9994653463363647,0.37680398566382256,0.4699251055717466,-0.015289527058069189,0.9977846145629883,0.38103731955800724,0.4680322774818963,-0.013158108001308778,0.9983738660812378,0.3593248537608553,0.49885870388575937,-0.094005879334041,0.9999576807022095,0.40369564550263526,0.4877592291150772,-0.07492879182100293,0.9999868273735046,0.3275130893502915,0.5173532247543333,-0.1331611560923712,0.8584936261177063,0.42968478628567264,0.5302589637892585,-0.09697879361254824,0.9373974800109863,0.29478432791573644,0.5290622609002247,-0.14354071404252727,0.8877952098846436,0.44960941502026125,0.5837136762482777,-0.11315024154526843,0.9165298938751221,0.28410525918006885,0.5328027435711449,-0.15649593046733304,0.8839287757873535,0.4521197174276622,0.5994866013526914,-0.1237774029374122,0.8587478995323181,0.2841895461082457,0.525306621619633,-0.1515945747494697,0.8830401301383972,0.4502622536250521,0.5993357777595517,-0.12624371520110533,0.8360826969146729,0.28737119010516565,0.5252006632941107,-0.14101078297410685,0.8657789826393127,0.4488825227533066,0.5950720701898844,-0.11457601402487069,0.7652187943458557,0.37446673938206243,0.5780643633433749,-0.0034033789099859324,0.9999952912330627,0.39796627504484977,0.5692214488983152,0.0032883714551904357,0.9999945163726807,0.3816939447607311,0.6589894158499578,-0.006028457584657837,0.8802425861358643,0.4228761996541702,0.6497676815305434,-0.0008067154791206121,0.6660580039024353,0.3978219934872217,0.7524094905172072,-0.028256298841110285,0.902840256690979,0.4114525565079279,0.5919891391481669,0.04282492659986017,0.46904847025871277,0.3999124978269848,0.7693550944328303,-0.03265312521585395,0.9373932480812073,0.41045885171209046,0.586342006070273,0.04825015009513921,0.6154510378837585,0.3974319364343369,0.7680954115731372,-0.05580197628587482,0.8091585040092468,0.40861161095755416,0.585351240634918,0.05404630149049416,0.4474433660507202
201,0.3788734878812515,0.4676077187061307,0.010848031086581111,0.9995139837265015,0.37646615930965954,0.4636695427553993,-0.0021557284519076146,0.9994935989379883,0.37511215976306356,0.46383033139365043,-0.002255710653428518,0.9992285370826721,0.3737893623965125,0.46384075709751643,-0.0022554392128118295,0.9994779825210571,0.3806464076042173,0.46215847304889107,0.0005530991491728655,0.9997075200080872,0.3821938795702796,0.46135563680103825,0.00046665982143689194,0.9997391104698181,0.38368440611021826,0.4605385465281347,0.00044141664568867226,0.9998458623886108,0.3726017688001902,0.4670448235103059,-0.05076616145670409,0.9992343187332153,0.3854515339647019,0.4625076651573177,-0.040436064505151297,0.9994995594024658,0.3773933189255848,0.472836649417877,-0.0034949039907327603,0.9979130029678345,0.3816547487463267,0.4709661219801219,-0.0003114344019974919,0.9984708428382874,0.35994251029832003,0.501002092020852,-0.08141634740999765,0.9999613761901855,0.40406287738255076,0.49047431179455325,-0.0633542105555534,0.9999871253967285,0.3280257386820655,0.5181609272956844,-0.11859454597745618,0.872393786907196,0.42916318093027367,0.532291691643851,-0.08518528171948019,0.931692898273468,0.295190541233335,0.5289812036923001,-0.12763634813683364,0.8984929323196411,0.4489949873515533,0.5857752033642358,-0.10507298388651434,0.9070940613746643,0.28442207574844336,0.5329008255686075,-0.14007001604352667,0.8942422866821289,0.45145485571452537,0.6019311428070065,-0.11635757088661183,0.8452839851379395,0.2846588551998136,0.5250161545617238,-0.13537589311599718,0.8932963013648987,0.4497558619294845,0.6014074087142939,-0.11920782859836297,0.8208955526351929,0.28771892871175475,0.5248677066394258,-0.1251899842705044,0.8757919073104858,0.44838574358395134,0.596915687833513,-0.10682876514536986,0.7458053231239319,0.37400364194597496,0.5798923458371841,-0.0027684429793485557,0.9999955892562866,0.39734533003398337,0.5711894154548641,0.002648262686229177,0.9999945759773254,0.3813332574708119,0.6595704010554719,0.0038067553458469416,0.8641480803489685,0.42252989241055056,0.6521282298224311,-0.0035513452021405153,0.6344258189201355,0.3977756057466776,0.7522862178938725,-0.014349071335579661,0.8896688222885132,0.40889400584357105,0.5862016218049183,0.03270974978804586,0.42672261595726013,0.39993951490947155,0.7688661932945251,-0.01825414422367297,0.9292614459991455,0.40801099879401054,0.5835596884999953,0.03751084309603485,0.5825090408325195,0.3974285466330389,0.7677052565983359,-0.03926469068974253,0.7876322865486145,0.4033534424645558,0.576107025146484,0.04431433768144672,0.4075660705566406
202,0.3798084565571374,0.47157278060913077,0.03333963251539643,0.9995357394218445,0.3774761532034192,0.4679212008203778,0.021292423643171833,0.9995207786560059,0.3761466886316026,0.46806827698435094,0.021168669725635244,0.9992613196372986,0.3748413000788007,0.4680648122514996,0.021193162099059172,0.999504029750824,0.381625199317932,0.4664655889783586,0.024953592332479162,0.9997243285179138,0.38317175848143437,0.4656819198812757,0.02490452932127354,0.9997520446777344,0.38467050109590795,0.46486269576208916,0.024881412993584377,0.9998552799224854,0.37364182983125954,0.47112373283931175,-0.02346649877727025,0.9992830753326416,0.3864042231014797,0.4667012214660641,-0.013490263638751797,0.9995242953300476,0.37830708878380903,0.47651560306549084,0.0190101462150259,0.9980173707008362,0.3826360813208987,0.4747363558837344,0.024161594813423518,0.9985446333885193,0.36075726236615835,0.5032411796706061,-0.0591843549694334,0.9999648332595825,0.4044624958719525,0.4934356723512921,-0.040577718615531916,0.9999874830245972,0.32870795471327635,0.5189660072326656,-0.0933431965964181,0.8847882151603699,0.4283626811844961,0.5346970932824271,-0.06360159409897663,0.9204720854759216,0.29571509105818594,0.5295237643378123,-0.10053242806877397,0.9080635905265808,0.4482209341866627,0.5883555037634712,-0.08691953761237003,0.884731113910675,0.28509371876716605,0.5337486318179537,-0.11201002427509843,0.903307318687439,0.4507291461740221,0.6048810124397277,-0.09905125051736825,0.8170964121818542,0.2853579401969908,0.5253263916288103,-0.10753009617328635,0.9022871851921082,0.449234283821923,0.604031693935394,-0.10174123027494963,0.7909408211708069,0.28833072015217354,0.5251242654664177,-0.09816333566393158,0.884331226348877,0.4478413615907939,0.5992207135472974,-0.08886221583400448,0.712193489074707,0.3733899193150656,0.5822181888989038,-0.0018458916539592406,0.9999958872795105,0.3964324797902787,0.5734924793243406,0.0017094422464392005,0.9999948143959045,0.38095940606934675,0.6603612797600881,0.019121036904730982,0.8367917537689209,0.4221093390669142,0.6543413077081953,-0.005166033725254241,0.6067569851875305,0.39784483824457423,0.7522105012621197,0.009149289370647507,0.8669127225875854,0.4061777583190371,0.5821119512830459,0.019103210419416407,0.3871796131134033,0.4000047172818863,0.7682783484458923,0.006401160199727373,0.9169823527336121,0.4051646164485386,0.5848201581409995,0.0227980813277619,0.5469900369644165,0.3972490165914805,0.7671133143561226,-0.013111810572445391,0.7593478560447693,0.39781147497040864,0.5617321610450744,0.029189609044364493,0.3711153566837311
