frame_id,NOSE_x,NOSE_y,NOSE_z,NOSE_v,LEFT_EYE_INNER_x,LEFT_EYE_INNER_y,LEFT_EYE_INNER_z,LEFT_EYE_INNER_v,LEFT_EYE_x,LEFT_EYE_y,LEFT_EYE_z,LEFT_EYE_v,LEFT_EYE_OUTER_x,LEFT_EYE_OUTER_y,LEFT_EYE_OUTER_z,LEFT_EYE_OUTER_v,RIGHT_EYE_INNER_x,RIGHT_EYE_INNER_y,RIGHT_EYE_INNER_z,RIGHT_EYE_INNER_v,RIGHT_EYE_x,RIGHT_EYE_y,RIGHT_EYE_z,RIGHT_EYE_v,RIGHT_EYE_OUTER_x,RIGHT_EYE_OUTER_y,RIGHT_EYE_OUTER_z,RIGHT_EYE_OUTER_v,LEFT_EAR_x,LEFT_EAR_y,LEFT_EAR_z,LEFT_EAR_v,RIGHT_EAR_x,RIGHT_EAR_y,RIGHT_EAR_z,RIGHT_EAR_v,MOUTH_LEFT_x,MOUTH_LEFT_y,MOUTH_LEFT_z,MOUTH_LEFT_v,MOUTH_RIGHT_x,MOUTH_RIGHT_y,MOUTH_RIGHT_z,MOUTH_RIGHT_v,LEFT_SHOULDER_x,LEFT_SHOULDER_y,LEFT_SHOULDER_z,LEFT_SHOULDER_v,RIGHT_SHOULDER_x,RIGHT_SHOULDER_y,RIGHT_SHOULDER_z,RIGHT_SHOULDER_v,LEFT_ELBOW_x,LEFT_ELBOW_y,LEFT_ELBOW_z,LEFT_ELBOW_v,RIGHT_ELBOW_x,RIGHT_ELBOW_y,RIGHT_ELBOW_z,RIGHT_ELBOW_v,LEFT_WRIST_x,LEFT_WRIST_y,LEFT_WRIST_z,LEFT_WRIST_v,RIGHT_WRIST_x,RIGHT_WRIST_y,RIGHT_WRIST_z,RIGHT_WRIST_v,LEFT_PINKY_x,LEFT_PINKY_y,LEFT_PINKY_z,LEFT_PINKY_v,RIGHT_PINKY_x,RIGHT_PINKY_y,RIGHT_PINKY_z,RIGHT_PINKY_v,LEFT_INDEX_x,LEFT_INDEX_y,LEFT_INDEX_z,LEFT_INDEX_v,RIGHT_INDEX_x,RIGHT_INDEX_y,RIGHT_INDEX_z,RIGHT_INDEX_v,LEFT_THUMB_x,LEFT_THUMB_y,LEFT_THUMB_z,LEFT_THUMB_v,RIGHT_THUMB_x,RIGHT_THUMB_y,RIGHT_THUMB_z,RIGHT_THUMB_v,LEFT_HIP_x,LEFT_HIP_y,LEFT_HIP_z,LEFT_HIP_v,RIGHT_HIP_x,RIGHT_HIP_y,RIGHT_HIP_z,RIGHT_HIP_v,LEFT_KNEE_x,LEFT_KNEE_y,LEFT_KNEE_z,LEFT_KNEE_v,RIGHT_KNEE_x,RIGHT_KNEE_y,RIGHT_KNEE_z,RIGHT_KNEE_v,LEFT_ANKLE_x,LEFT_ANKLE_y,LEFT_ANKLE_z,LEFT_ANKLE_v,RIGHT_ANKLE_x,RIGHT_ANKLE_y,RIGHT_ANKLE_z,RIGHT_ANKLE_v,LEFT_HEEL_x,LEFT_HEEL_y,LEFT_HEEL_z,LEFT_HEEL_v,RIGHT_HEEL_x,RIGHT_HEEL_y,RIGHT_HEEL_z,RIGHT_HEEL_v,LEFT_FOOT_INDEX_x,LEFT_FOOT_INDEX_y,LEFT_FOOT_INDEX_z,LEFT_FOOT_INDEX_v,RIGHT_FOOT_INDEX_x,RIGHT_FOOT_INDEX_y,RIGHT_FOOT_INDEX_z,RIGHT_FOOT_INDEX_v
0,0.535147770813533,0.46303245169775814,0.1394641531365258,0.9998641014099121,0.5333204780306132,0.45568097404071245,0.136182864010334,0.9996966123580933,0.5312183754784721,0.4553789351667676,0.13613588554518563,0.9995824694633484,0.5292865753173825,0.4550227676119121,0.1361363664269447,0.9997624754905701,0.5382882084165298,0.45639511687414974,0.12453620944704326,0.9998648166656494,0.5396228109087262,0.45667381712368577,0.12441320376736771,0.999881386756897,0.5408699546541483,0.4568192677838462,0.12441902926989962,0.9999363422393799,0.5264608468328201,0.45942863481385354,0.11288937074797488,0.999863862991333,0.5415031296866277,0.4629884404795509,0.059805023191230634,0.9999164342880249,0.5312567983354841,0.4705369302204674,0.13405333097491945,0.9999032020568848,0.5363868270601543,0.47163968426840636,0.11788048850638519,0.9999332427978516,0.5078905037471226,0.5128404447010584,0.13062473088502882,0.9999904632568359,0.5380828687122887,0.5234939319746832,-0.02773350833782125,0.9999986886978149,0.5162149241992402,0.596094649178641,0.1446690584932054,0.682452380657196,0.542540829522269,0.6023976836885719,-0.07114912463085994,0.9938015341758728,0.5424263766833711,0.6542507069451465,0.12372110698904305,0.6280104517936707,0.5481325762612477,0.6554004447800768,-0.06681290524346485,0.9824697971343994,0.5460779649870734,0.668382571424756,0.1278695540768759,0.6286789178848267,0.5497045908655435,0.6735759786197116,-0.08471847006252832,0.9703014492988586,0.5473744000707352,0.6689728515488761,0.11159698303256711,0.6433739066123962,0.5499753917966568,0.6741459880556374,-0.07843255485807149,0.9649113416671753,0.5460328340530395,0.6640700493540079,0.11651380466563357,0.6187975406646729,0.5492295503616335,0.6677926949092314,-0.06516361939055576,0.930048942565918,0.4789630481175013,0.6441359928676058,0.05539286881685256,0.9999895095825195,0.49110537682260763,0.6515159385544909,-0.055459795572927975,0.9999966621398926,0.4977775786604198,0.7567204083715162,0.1470358963523592,0.7831925749778748,0.49416398065430756,0.7714839066777908,-0.028301214453365125,0.9996802806854248,0.5202222841126576,0.8419521859713964,0.2296769091061182,0.8484140038490295,0.47573797958237773,0.8836138010025023,-0.010436686713780693,0.9987388253211975,0.5175586427961074,0.8598482659884861,0.23536211465086251,0.9020527601242065,0.4680830325399126,0.8976463999067031,-0.009832164352493645,0.9924855828285217,0.5431163770811895,0.8446711165564394,0.21659194571631282,0.8020094037055969,0.5022181987762452,0.8997094205447606,-0.05061839768396958,0.9903026223182678
1,0.5346774833542957,0.4639658374445777,0.1222912051848002,0.9998705983161926,0.5329887015478948,0.4561433366366792,0.11847209781408302,0.9997093081474304,0.531121902806418,0.45568086930683654,0.11841898092201773,0.9996004700660706,0.5292859554290769,0.4552048904555183,0.11843308508396141,0.9997708797454834,0.5374083536011829,0.4572501642363409,0.10594880474465226,0.9998703598976135,0.5387687904494148,0.45765742148671834,0.10582735559770032,0.9998870491981506,0.5400991899626592,0.4579576066562105,0.10581817988838464,0.9999393820762634,0.5262454049927845,0.46001053622790705,0.09581785925797044,0.9998660087585449,0.5411610552242819,0.46376307691846536,0.038706614130309624,0.9999195337295532,0.5311475379126411,0.4719596173082076,0.11751203196389332,0.9999037981033325,0.5357300026076176,0.4728211683886389,0.10009756854602259,0.9999347925186157,0.507861748763493,0.5139914359365189,0.11984952986240383,0.9999902844429016,0.5371238912854872,0.5233523913792199,-0.04423486989523681,0.9999986886978149,0.5163405810083657,0.5967592631067546,0.1377138363463537,0.6845899820327759,0.5415695462908061,0.6026078326361514,-0.07925233223608562,0.9938697814941406,0.5415696535791668,0.655064075333731,0.12046339554446078,0.6281846761703491,0.5476475051471162,0.6570458701678678,-0.06719655937382149,0.983279824256897,0.545339281218392,0.6700891324451984,0.12672265384878423,0.6222450137138367,0.5486636860030032,0.6752298746790202,-0.08444992090974529,0.9710137248039246,0.5466913717133656,0.6708504131862094,0.10922979073865065,0.6362411975860596,0.549261345182146,0.6755169016974308,-0.07775145726544515,0.9656633734703064,0.5454455018043515,0.6654389483588078,0.11304077676364349,0.6107534170150757,0.5487684011459348,0.6691499744142799,-0.06502637288400101,0.9309579133987427,0.4784670914922439,0.645091763564518,0.05618648603558538,0.9999893307685852,0.49119695765631516,0.6530695251056121,-0.056244425262723594,0.9999966025352478,0.4970857305186132,0.7571887987000595,0.1592829035861151,0.7535371780395508,0.4938134568078174,0.771636046682085,-0.014038083595888946,0.99945467710495,0.5204062155314851,0.8418719325746806,0.2500384356294358,0.8326219916343689,0.4753787713391438,0.8837236762046811,0.016605441006166587,0.9982480406761169,0.5179814355713976,0.8598717246736798,0.25646904749529686,0.889208197593689,0.4672694938523426,0.899812688146318,0.018439347429999288,0.9906064867973328,0.5430486747196738,0.8437715479305805,0.23872043618134073,0.7808868885040283,0.5025168418884276,0.8994530950273784,-0.020508016619299112,0.9876102209091187
2,0.5343412552561075,0.46463719265801545,0.1120399328214781,0.9998750686645508,0.5327369655881606,0.45650958248547124,0.10783742368221277,0.9997183084487915,0.5310455424445013,0.4559374655996048,0.10778012680155885,0.9996128082275391,0.5292866468429563,0.45537442820412755,0.10780174583196635,0.9997764825820923,0.536787847110203,0.4578822817121231,0.09482226456914625,0.9998742938041687,0.5381524051938735,0.4583689051015034,0.09470168543713428,0.9998911619186401,0.5395283903394423,0.458770738329206,0.09468370952776495,0.9999417066574097,0.5260572705950053,0.4604842041219982,0.08522345679146899,0.9998658299446106,0.54081597498485,0.4643033819539204,0.02586471709821904,0.9999213218688965,0.531067177227565,0.47294505749429955,0.10750836197819023,0.9999023675918579,0.535235592297145,0.4736581291471207,0.08939659787075856,0.99993497133255,0.5078371235302515,0.5150962761470247,0.11273723542690273,0.9999898672103882,0.5361297896930147,0.5232961790902272,-0.05434878111949987,0.9999986290931702,0.5162783214024133,0.5979615875652855,0.13376651150839663,0.677276074886322,0.5404611298016138,0.6032240595136368,-0.08406042265040531,0.9937114715576172,0.5403533526829307,0.6566169840948919,0.11952973093305311,0.6146832704544067,0.5469449622290472,0.6594546777861455,-0.0662379365946565,0.9832527041435242,0.5442653553826466,0.6722972410065784,0.12723412939480366,0.6037523746490479,0.5476767744336807,0.6775076695850915,-0.08295096478291916,0.9699516296386719,0.5456699166979107,0.6730495078223089,0.10894664291824607,0.6170211434364319,0.5484417472566875,0.6775972809110365,-0.07571619961942941,0.9642278552055359,0.5444955348968503,0.6674414958272659,0.11200387371437884,0.5915271043777466,0.5481120467185971,0.6712351628712242,-0.06366178584950308,0.9279281497001648,0.4780816546508242,0.6457548328808373,0.05671828612685201,0.9999892115592957,0.4912186988762444,0.6541023714201788,-0.05676979976040974,0.999996542930603,0.4966487135205947,0.7575490747179301,0.16582483095782136,0.725714921951294,0.49353989107268176,0.7717078481401712,-0.0054959876196725,0.9991920590400696,0.5205631715910773,0.8418148824146812,0.2606958619185855,0.8164119124412537,0.47516372544424856,0.8837867617607114,0.03292635700532367,0.9976573586463928,0.5182914052690776,0.859899611132485,0.2675104715994425,0.8752841949462891,0.4667561624731334,0.9011650238718301,0.03553122364516768,0.9884214997291565,0.5430296438080922,0.8430871861321582,0.2501434917960847,0.7580726146697998,0.5027903914451597,0.899218780653817,-0.0022120937172855617,0.9842169284820557
3,0.5341619695935929,0.4650512542043411,0.11476149303572514,0.9998787641525269,0.5325891835348944,0.4568236964089528,0.11048077408756524,0.999724268913269,0.5310072285788396,0.45619709491729715,0.11042315236159728,0.9996234178543091,0.5292960575648714,0.45557504466601756,0.11044318271534778,0.999780535697937,0.5364545941352842,0.45830052580152214,0.09758129119873042,0.9998761415481567,0.5377869027001514,0.4587980014937262,0.09746064330850324,0.9998939037322998,0.5391520398003712,0.45922833170209587,0.0974438192588942,0.9999430179595947,0.5258987392698014,0.46089153800691857,0.08677746078797745,0.9998653531074524,0.5404135005814685,0.46457769870758037,0.027985620365611134,0.999921977519989,0.531033020360129,0.47346918582916236,0.10977583059242788,0.999900221824646,0.5349210262298582,0.4741321129458289,0.09182839393615719,0.9999344348907471,0.5078075511114936,0.5164509739194595,0.11282260545662465,0.9999898672103882,0.5349987574986046,0.5233610681125094,-0.05271206072398592,0.9999986290931702,0.515954404217856,0.6001316734722679,0.1357909909316471,0.6734323501586914,0.5390705261911661,0.6043599571500503,-0.08152648338249747,0.9934587478637695,0.5384576525006973,0.6593532323837277,0.12531123246465403,0.6074883341789246,0.5460093072482515,0.6629607013293671,-0.060372854449919265,0.9830492734909058,0.5426432115691047,0.6755166786057605,0.1340161570480891,0.5913649201393127,0.5467942442212783,0.6804929392678394,-0.07632286676338737,0.9687180519104004,0.5440605436052592,0.6760456885610304,0.11557317525148388,0.60397869348526,0.5474982500076292,0.6805444342749456,-0.06839222886732643,0.9626278281211853,0.5429388999938962,0.6706492543220517,0.11790481443916043,0.5779883861541748,0.547224414348602,0.6742677382060456,-0.05750058484928945,0.9247424006462097,0.47780009422983416,0.6461395502090451,0.05687357464006967,0.9999891519546509,0.49117214253970537,0.6546145558357236,-0.05692280839596473,0.9999964833259583,0.49654715486935186,0.7578606843948361,0.16355269295828673,0.6957218050956726,0.49332691941942464,0.771672884055546,-0.0047418490052223185,0.998928427696228,0.5206948484693252,0.8417962874685011,0.2559564743723187,0.8019677400588989,0.47513728908130076,0.8837837423597059,0.03379766094897473,0.9972000122070312,0.5184618183544701,0.8599386726106912,0.26256713356290534,0.8637494444847107,0.46661639809608435,0.9014675174440652,0.0364845572305577,0.9870158433914185,0.5429818493979315,0.8426250100135799,0.24466567507811943,0.739436149597168,0.5030328427042278,0.8990041681698386,-0.000864986435460325,0.9817112684249878
4,0.5340519360133578,0.4651972872870307,0.1088539804731096,0.9998807311058044,0.5324529545647756,0.4569343354020798,0.10430779201643803,0.9997262954711914,0.5309355207851952,0.45629188162939865,0.10424680475677758,0.9996287226676941,0.5292812670980178,0.45565478716577784,0.10426662330116539,0.999781608581543,0.536301495347704,0.45847996984209316,0.09131716149193896,0.9998759031295776,0.537618427617209,0.4589894643851687,0.09119647017547058,0.9998948574066162,0.5389826723507469,0.4594478700842174,0.09117722617728366,0.9999433755874634,0.5257466367312837,0.46108484183038967,0.08046025527375081,0.9998629093170166,0.5401440092495506,0.46470473834446474,0.02126558545444692,0.9999211430549622,0.5309752311025344,0.47362821527889776,0.10390477435929431,0.9998963475227356,0.5347202897071837,0.47432047128677346,0.08582294562033241,0.9999326467514038,0.5078020112855092,0.5169586045401435,0.10755829108612873,0.9999898672103882,0.5340775762285502,0.5233993990080694,-0.058287273666688344,0.9999985694885254,0.5156875916889734,0.60167612348284,0.13265888499362122,0.6680478453636169,0.5378053937639506,0.6056471279689242,-0.08641383988516667,0.9931232333183289,0.5370581984519955,0.6617019738469802,0.12117649146488729,0.5976450443267822,0.5448875767844061,0.6666267684527802,-0.0638538385076182,0.9822771549224854,0.5412816200937541,0.6779419217790873,0.12950139535324906,0.5767365097999573,0.5457679016249517,0.6842371787343704,-0.08031857780047821,0.9662775993347168,0.5428193824631824,0.6781538111822942,0.11080724639551975,0.5887135863304138,0.5464836001396176,0.6841085689408435,-0.07181996107101438,0.9596066474914551,0.5417199594633917,0.6730556522096903,0.11369836905172888,0.5622354745864868,0.546244042260306,0.67775536264692,-0.06089867523738313,0.9190176129341125,0.47765236411775835,0.646157222134726,0.05705531899418147,0.9999890923500061,0.4910917316164287,0.6545805948121204,-0.05710103384086061,0.9999964237213135,0.49648108226912335,0.7579044631549287,0.16335524363177156,0.6636514663696289,0.49323703050613377,0.7716238856315609,-0.004786658619663543,0.9985973834991455,0.5207888058253695,0.8417556711605614,0.25562451566968636,0.7853572964668274,0.4751361480781008,0.8837871653693059,0.03501544307385171,0.996649980545044,0.5185897827148436,0.8599524600165227,0.26221624612808214,0.8512055277824402,0.46658007928303286,0.9015700885227744,0.037841847858258636,0.9854128956794739,0.5433517064367019,0.8423601031303402,0.24371305618967315,0.7189180850982666,0.5032900946480885,0.8988120181219914,0.000520739486507539,0.9786909222602844
5,0.53393691267286,0.46526295968464426,0.09963122350828983,0.9998828172683716,0.5323043687002997,0.45698114463261175,0.095083303962435,0.9997277855873108,0.5308417081832884,0.4563291319778985,0.09501898373876294,0.9996343851089478,0.5292612365313936,0.4556889806474956,0.09503939471074509,0.9997823238372803,0.5361773048128398,0.45859706231525943,0.08199461379221504,0.9998753666877747,0.5374904206820894,0.4591258108615873,0.08187286342893324,0.9998958706855774,0.5388631326811651,0.4596204417092457,0.08185143747500007,0.9999434351921082,0.5255990590367996,0.4612496733665464,0.07243239113262719,0.9998608827590942,0.5399157592228478,0.46484829102243674,0.012782421111062696,0.9999203681945801,0.5308890887669152,0.47372906974383744,0.09519973354680193,0.9998930096626282,0.534535912105015,0.4744477825505391,0.07697958786572724,0.999931275844574,0.507805207797459,0.5169004763875686,0.10149051823786322,0.999989926815033,0.5333769542830329,0.523515553133828,-0.06530221072690826,0.9999985694885254,0.5151828101703096,0.6022215723991391,0.12674933182341705,0.6669134497642517,0.5365225400243485,0.6068536962781631,-0.09398106208869385,0.9931684136390686,0.5357442770685465,0.663698601722717,0.11440721622535155,0.5937806963920593,0.5434788976396832,0.6694054978234425,-0.07308897024818825,0.9824893474578857,0.5398677212851386,0.6801119361604959,0.12217219408069331,0.5681068301200867,0.5444393481527053,0.6874863198825288,-0.09029923294271737,0.9659609198570251,0.541586021014622,0.680144609723772,0.10324418906654625,0.5796200037002563,0.545307157720838,0.6872284310204639,-0.0820052936673164,0.9591965675354004,0.5404820680618283,0.6749885627201622,0.10682226078850876,0.5521728992462158,0.545095564637865,0.6806621108736308,-0.07028552464076447,0.9178212881088257,0.4776711182934895,0.6463388732501436,0.05725681132503915,0.999988853931427,0.4908936100346699,0.6547421046665733,-0.057298794495207896,0.9999963045120239,0.4964557060173577,0.7578265292303898,0.16409503562109803,0.6349475979804993,0.4931462500776561,0.7715696198599675,-0.005188449179487567,0.9983451962471008,0.5208885380199975,0.8417285459382189,0.25715626478195175,0.7730874419212341,0.47514560988971144,0.8837256942476541,0.03590536926473888,0.9963064789772034,0.518698305743081,0.8600371275629313,0.26377983433859675,0.8424729704856873,0.4666063087327138,0.9015342133385791,0.038820741112743085,0.9844923615455627,0.5440896681376863,0.8420706255095342,0.24504726912294103,0.7047310471534729,0.5034978168351307,0.8986552374703539,0.0014215655022001418,0.9768598675727844
6,0.5337376270975382,0.4653917653220038,0.0910876591290746,0.999885618686676,0.5320937650544301,0.4570520962987625,0.08683642148971554,0.9997328519821167,0.530663090092795,0.4563895361764088,0.08676896776471815,0.9996437430381775,0.5291523848261149,0.4557464207921707,0.08679261207580562,0.9997855424880981,0.5359799112592423,0.4587265610694883,0.07361697959048405,0.9998767375946045,0.5372840540749684,0.4592693124498638,0.07349225261381691,0.9998981356620789,0.5386524932725086,0.4597861111164091,0.07346948715192927,0.999944269657135,0.5254325321742463,0.46144182085990887,0.06644436419010159,0.9998612999916077,0.539630341529846,0.46502475908824353,0.006167368371305718,0.9999209046363831,0.530729189940861,0.47395234022821675,0.08752837372677663,0.9998915791511536,0.5342731033052714,0.47469742723873665,0.06912084275058333,0.9999310970306396,0.507800505842481,0.5169457878385268,0.09782134869268957,0.9999898672103882,0.5324960964066638,0.5237414274896892,-0.07006483876279418,0.9999985694885254,0.5140100581305365,0.6031261069434026,0.12422795040266849,0.6639458537101746,0.5343731369291032,0.608816884245191,-0.0996922510010855,0.9932460188865662,0.5331643325941902,0.6669323836054117,0.1112873603190694,0.5891758799552917,0.5411395583833964,0.6723522118159699,-0.08298368187887324,0.9828612208366394,0.5370316573551721,0.6829290355954849,0.11818688831159041,0.5603978037834167,0.5423839466912403,0.6901363253593442,-0.10129045099019998,0.9661400318145752,0.539189256940569,0.6830978989601132,0.0996331480996949,0.5716248154640198,0.5435557569776259,0.6898406607764105,-0.09330051349742069,0.9594166874885559,0.5380522097860061,0.6779183575085228,0.10369845990623741,0.5431472659111023,0.5434231264250616,0.683334352288927,-0.08037392071315216,0.9178221821784973,0.477644496304648,0.6468462654522484,0.057562454044818856,0.9999884963035583,0.49016038605145024,0.6552026884896411,-0.05760027095675466,0.9999961853027344,0.4964683694498877,0.7577939323016571,0.1651991537639072,0.611892819404602,0.49296344859259444,0.7715271506990702,-0.005429385283163613,0.9981298446655273,0.5210016114371161,0.8417228869029451,0.25941172071865615,0.7646955251693726,0.4751547540937149,0.8835817847933084,0.03857473624604087,0.9960430860519409,0.5188090494700839,0.8601964626993448,0.2661385442529405,0.8361930251121521,0.4666191952569142,0.9014727285930084,0.04181881366031509,0.983797013759613,0.5449853624616348,0.8417762024062017,0.24761151330811626,0.6948554515838623,0.503610619476863,0.8985479201589307,0.0050010103682455185,0.9755549430847168
7,0.5333721876144407,0.4654950065272193,0.07999886465924123,0.9998906850814819,0.5317153998783655,0.4570941431181769,0.07595873028039929,0.9997429847717285,0.5302888086863924,0.4564235840524944,0.07588671871594016,0.9996599555015564,0.5288135136876785,0.4557756134441918,0.07591433439935953,0.9997930526733398,0.5356038791792731,0.45880353791373096,0.06255185753107068,0.9998805522918701,0.5368838361331392,0.4593505510262078,0.06242212610585346,0.9999024271965027,0.5382350819451466,0.45986860905374777,0.06239568239876199,0.9999461770057678,0.5251509308815,0.4615541883877343,0.05788696237972802,0.9998651146888733,0.5391831415040149,0.4651254994528632,-0.0032784951634572007,0.9999234080314636,0.5304116027695789,0.47412328805242243,0.07736980606402666,0.9998929500579834,0.5338319063186643,0.4748968149934494,0.05870244332722252,0.999932587146759,0.5077418122972759,0.5165518692561556,0.09279962160757606,0.999989926815033,0.5313959172793795,0.5239354729652402,-0.07724508238690236,0.9999985694885254,0.5125455311366487,0.6043196031025475,0.12121932783297124,0.6578775644302368,0.5314707568713595,0.6105424250875198,-0.10629518053361343,0.9935250282287598,0.5302709868976045,0.6706226723534717,0.10848690548113409,0.5841212272644043,0.5381286484854559,0.6746381793703349,-0.09039882676942004,0.9837745428085327,0.5338270476886202,0.686462215014866,0.1152013167738914,0.5538479685783386,0.539867613996778,0.6915111405508856,-0.109091248682567,0.967654824256897,0.53641083410808,0.6868306228092735,0.09649550340005325,0.5648516416549683,0.5412928342819212,0.6911313891410824,-0.10096568678106577,0.9612351655960083,0.5353224941662378,0.6815129348209923,0.10079906689269197,0.535204291343689,0.5411205598286217,0.6850681883948186,-0.08771145705665856,0.9210194945335388,0.4775873541831968,0.6475298779351368,0.05822362154722211,0.999988317489624,0.48897080847195196,0.6558802366256711,-0.05825557730027604,0.9999961256980896,0.49658008899007505,0.7578335302216663,0.16752568142754684,0.592764675617218,0.49268482157162236,0.7714930517332891,-0.005420093797147272,0.9980033040046692,0.5211297256605963,0.8417347805840625,0.2635750796113694,0.7621579170227051,0.4751694364207129,0.8833786010742184,0.04239528370755057,0.995978593826294,0.5189173987933565,0.860357250486101,0.2704858567033494,0.8350499272346497,0.4666295988219123,0.9014232482228957,0.04609396042568341,0.9838656783103943,0.5456536837986534,0.8413848468235556,0.252290140730994,0.6938853859901428,0.5036318642752509,0.8985151546342028,0.009897153040843213,0.975448489189148
8,0.5329738685062951,0.46548661163875016,0.06977387155805312,0.9998831748962402,0.5312827706336972,0.4570682202066692,0.06581078171730038,0.9997209310531616,0.5298426866531369,0.4563972370965138,0.06573456376790998,0.9996390342712402,0.5283745918955118,0.4557423813002448,0.06576434043901304,0.9997742772102356,0.5351931146212984,0.45878283296312583,0.052259265099252945,0.9998673796653748,0.5364491803305487,0.45932175431932704,0.05212487812553131,0.9998949766159058,0.5377790842737468,0.4598245263099668,0.05209412915366034,0.9999409317970276,0.5247965472085133,0.46152554665292994,0.049459524559123155,0.9998511075973511,0.5386906453541345,0.4650885709694451,-0.012374080670997496,0.9999162554740906,0.5300334147044587,0.4741216259343281,0.06784864908882546,0.9998794794082642,0.5333724362509589,0.474937136684145,0.048979437351226784,0.9999260306358337,0.5076208080564224,0.5154902798788885,0.0871178973998342,0.9999892115592957,0.5303370986665996,0.5239687919616697,-0.08404986964804781,0.9999985098838806,0.5115466833114621,0.6053138392312183,0.11577191948890682,0.6379418969154358,0.5287580966949461,0.611374941893986,-0.11207061580249236,0.9936055541038513,0.5276559182575769,0.6728629452841619,0.1023512122886521,0.5610691905021667,0.5354259269578114,0.676747804028647,-0.09599980073315752,0.9840610027313232,0.5308072566986082,0.6891376512391223,0.10906066234622677,0.5314184427261353,0.537493586540222,0.6927635993276321,-0.11503012840236931,0.9678513407707214,0.5340642128671915,0.6900822775704517,0.08966243437358307,0.5421091914176941,0.5391229919024874,0.6920839769499639,-0.10661456116608206,0.9615136384963989,0.5330663766179764,0.6844474094254627,0.09442445465496603,0.512254536151886,0.5388238821710857,0.6866735424314223,-0.09319221590246468,0.9210739135742188,0.4775458310331615,0.6479417272976464,0.05886418116944174,0.9999876618385315,0.48782292093549434,0.6563309533255438,-0.058891588981662454,0.9999959468841553,0.49670092208044847,0.7578670586858474,0.16879834447588232,0.5700467228889465,0.49240108728408793,0.7713857565607339,-0.006649949441530872,0.9978055953979492,0.5212081772940497,0.8416994384356904,0.26551454918725137,0.7585537433624268,0.4751834409577504,0.8832370196069986,0.04217320957354135,0.9958741068840027,0.5189829025949748,0.8604303956031795,0.27247299551963794,0.8318401575088501,0.46663189785821074,0.9014028991971693,0.04600066457475933,0.9836292266845703,0.5461611287934437,0.8409399884087696,0.2538958191871642,0.6910714507102966,0.5036700044359477,0.8985268252236498,0.00955491677990981,0.9750326871871948
9,0.532596136842455,0.4654398424284797,0.0633577190339565,0.9998761415481567,0.5308637908526828,0.45701074515070217,0.0592715715723378,0.9996994137763977,0.529403097288949,0.45633504646165013,0.05919391683169771,0.999618649482727,0.5279152410370961,0.4556658617087771,0.059222730355603326,0.9997555017471313,0.5347963299070083,0.4587315184729438,0.04584417736956049,0.9998551607131958,0.5360400165830337,0.4592573676790508,0.04570763622011455,0.9998883008956909,0.5373574427195955,0.45974112578800724,0.04567116019981246,0.9999362230300903,0.5244362132889882,0.46142106056213356,0.042868024430104644,0.999836802482605,0.5382609707968573,0.4649981677532194,-0.018408163728392008,0.9999100565910339,0.529653637749808,0.47407175132206486,0.06141511510525428,0.9998680353164673,0.5329559564590451,0.4749143191746301,0.042718779614993485,0.9999210238456726,0.5075052091053551,0.5137510418891904,0.08110760343926289,0.9999886751174927,0.5295748182705469,0.523945219176156,-0.08906133834804802,0.9999984502792358,0.5102075031825473,0.6046454991613113,0.10878105312585826,0.6188434958457947,0.5269838861056734,0.6121405124664303,-0.11601000172751284,0.9937816262245178,0.525928107329777,0.6727842279842918,0.09484933146408622,0.5385162234306335,0.5333979657718111,0.6790436932018822,-0.09964196681976313,0.9846299290657043,0.52865161044257,0.6896486486707412,0.10167817026376719,0.509653627872467,0.5353865793773104,0.6951689447675429,-0.11864181309938426,0.9686514735221863,0.5324969461985993,0.6912051200866696,0.08176917029278614,0.5200543403625488,0.5371316449982777,0.6942965439387727,-0.11072802479778013,0.9625073671340942,0.5317370738301955,0.6853467021669657,0.08680475269045144,0.4899730980396271,0.5367379614285058,0.6890360576765875,-0.09697033848081311,0.9225765466690063,0.4775652595928735,0.6481418882097514,0.05910927600094247,0.9999871850013733,0.4871284323079243,0.6566615530422752,-0.05913544531379425,0.9999958276748657,0.49677934646606425,0.7579300199236185,0.1700773792607443,0.5497105121612549,0.4921377096857341,0.7712292875562391,-0.0061491254118404195,0.9976567625999451,0.5212357061249866,0.8416424615042546,0.2681817395346504,0.7556020021438599,0.475207003525325,0.8831773791994363,0.043054415072713556,0.9958281517028809,0.5190018704959323,0.8604748249053951,0.27526671971593575,0.8290650248527527,0.46664711662701175,0.9013862030846728,0.04684630600469451,0.983609139919281,0.5462183611733571,0.8405166421617777,0.2564472436904906,0.6893286108970642,0.503707102366856,0.8985365492956974,0.009542883626584491,0.974949061870575
10,0.5322387405804223,0.4653338321617669,0.06048165953585077,0.9998371005058289,0.530478022779737,0.4568887872355323,0.05642658833946498,0.999591052532196,0.5290068030357358,0.45621525560106524,0.056348441754068626,0.9994773864746094,0.5275033014161243,0.4555330642632074,0.056376538319247084,0.999650239944458,0.5344274265425544,0.45858922685895626,0.04314053963337624,0.9998096823692322,0.5356755546161105,0.45908295341900396,0.04300254817519867,0.999858021736145,0.5369926214218137,0.4595254940646033,0.04296259975859095,0.9999207258224487,0.5241156612123758,0.46120090825217086,0.03981702742832045,0.9997516870498657,0.5379021763801572,0.46479806303977944,-0.020757948075022008,0.9998883605003357,0.5293000527790612,0.47399697474070934,0.058386347868612805,0.9998235702514648,0.5325875077928812,0.47486992137772677,0.03990128976958136,0.9999041557312012,0.5074653335980004,0.5122802121298651,0.07743935883045193,0.9999865889549255,0.5287455507687158,0.5239380427769249,-0.09099802374839779,0.9999984502792358,0.5090022913047243,0.6038267186709809,0.10400482501302441,0.5860887765884399,0.5256606987544467,0.6134293811661853,-0.11652534306049342,0.9940189719200134,0.5253173419407433,0.6715255209377831,0.08979717386620381,0.5006792545318604,0.5311287573405672,0.6817676952907014,-0.09938151517084662,0.9855979084968567,0.5278670838900972,0.6883518065725052,0.09644240247351779,0.4741443991661072,0.5330640605517794,0.6982759254319324,-0.11821771519524704,0.9702582359313965,0.5319356288228714,0.6904987062726698,0.07649367536817274,0.4837927222251892,0.53467834677015,0.6974465506417408,-0.11072025171348021,0.9644315242767334,0.5310001305171419,0.6846143943922858,0.08166964948177334,0.4552355408668518,0.5342351436614987,0.6921888283320832,-0.09683260726077213,0.9258807897567749,0.4775895774364469,0.6482078228678019,0.0590487687715462,0.9999868273735046,0.48674575771604245,0.6568258438791544,-0.05907621915851318,0.9999958276748657,0.4967821521418433,0.7581166284424915,0.16983447458062845,0.5285486578941345,0.4917571323258534,0.770818848269326,-0.004152710636013319,0.9973512291908264,0.5212288652147563,0.841590343202863,0.26730224660464685,0.7481445670127869,0.4752254733017511,0.8831407104219705,0.04489502661994523,0.9955669045448303,0.5189926573208399,0.8605455245290479,0.27431686094829,0.822040319442749,0.4666730889252252,0.9014064124652313,0.04856003725102968,0.9826029539108276,0.5459710580962043,0.8401669229779921,0.2550998934677668,0.6770553588867188,0.5037134425980702,0.8985621571540828,0.010538222800408085,0.9731636047363281
11,0.531769822325025,0.46497743214879694,0.058583284382309204,0.9998073577880859,0.5299882667405262,0.45653659275599867,0.05441560170480181,0.9995039701461792,0.5284896373748776,0.4558887175151278,0.054339994809457205,0.9993700385093689,0.5269398536000931,0.4552022755146024,0.05437085000532012,0.999564528465271,0.533955929960523,0.45815779226166836,0.0413464980466025,0.9997723698616028,0.5352145961352754,0.4586018426077704,0.04120868018695284,0.9998346567153931,0.5365387848445345,0.4589815820966446,0.04116474187799861,0.999907910823822,0.5236433710370743,0.4607255765369958,0.0371738844684192,0.9996815323829651,0.5374622838837757,0.46433486172131105,-0.02256518086152416,0.9998716115951538,0.5288125634193418,0.4737166447298865,0.056249511029039086,0.999788224697113,0.5321277703557694,0.47464811716760885,0.03803475680095807,0.9998912811279297,0.5070045437131607,0.5106690815516878,0.07366987573248995,0.9999850392341614,0.5276364530835831,0.5239380291530062,-0.09294291032212118,0.9999984502792358,0.5035456708499361,0.6002425670623777,0.10202200881072448,0.5586137175559998,0.523994730200086,0.6145923580442153,-0.11936692148447031,0.9943330883979797,0.5150994718074796,0.6708130529948639,0.09192795881203239,0.4668000340461731,0.5279720578874858,0.68450436762401,-0.1042624488472938,0.986622154712677,0.51684393116406,0.6872328179223194,0.09951166255133487,0.44243359565734863,0.5297366397721425,0.7012600898742672,-0.12298076621123717,0.9720948934555054,0.520947240080152,0.6889690177781238,0.08096523433923718,0.4514305889606476,0.53141656092235,0.7007913044520784,-0.11591253174202777,0.9666304588317871,0.5207030253750935,0.6834887368338445,0.0847114047833851,0.4243451654911041,0.5309047562735418,0.6956522907529555,-0.1017293859805379,0.930040180683136,0.4774551791804175,0.6482757312910894,0.05832121287073405,0.9999867081642151,0.4866744867392947,0.6570259996822899,-0.05835347856794082,0.9999958872795105,0.4968457145350318,0.7557094965662271,0.17277217337063372,0.5161744356155396,0.49138980082103156,0.7704163466181071,-4.949985471154931e-05,0.9972091913223267,0.5212600673948014,0.8415842499051771,0.27321000099182113,0.7476877570152283,0.47523655125073,0.8833049348422455,0.050126084472451864,0.995559811592102,0.518994775840214,0.8607027377401075,0.2806108321462357,0.8198797106742859,0.46674992612430005,0.9017913528851096,0.053933889099529786,0.9825102686882019,0.5455472690718512,0.8399364795003614,0.26356928689139214,0.6745588183403015,0.5037256905010766,0.8986001610755916,0.016145236963140106,0.9729878306388855
12,0.5311530198369705,0.4645547662462505,0.058011845073529626,0.9998047947883606,0.5293500661849972,0.4560953608580996,0.053756303446633444,0.9994935989379883,0.5278231603758673,0.45546921065875445,0.05368558934756685,0.9993391036987305,0.5262225270271299,0.4547728606632775,0.05372221512453894,0.9995266199111938,0.5333574499402725,0.4576621259961807,0.040836892064128584,0.9997782707214355,0.5346267751285005,0.4580632499286104,0.04069973719971519,0.9998406171798706,0.5359568885394503,0.4583878525665826,0.04065382108092306,0.9999122619628906,0.5229786464146202,0.4601050938878738,0.036337080278566886,0.9996404647827148,0.5368470617703026,0.4638148750577652,-0.02297401539981364,0.9998783469200134,0.5281288232122147,0.4733362180846076,0.05568068016852649,0.9997698068618774,0.5315163799694604,0.4743756983961376,0.0376112469605037,0.9998921155929565,0.5059331076485767,0.5092381886073518,0.07189809126513341,0.999979555606842,0.5263547352382112,0.5239515917641774,-0.09320147165230339,0.9999985694885254,0.49653673257146536,0.5956070218767435,0.10341468495982029,0.5074180364608765,0.5220362152372086,0.6147205097334723,-0.12082290436540326,0.9946892857551575,0.5004952039037429,0.6700222270829335,0.10076452812978194,0.4210716485977173,0.5244284953389846,0.6869128073964796,-0.10818246794598438,0.9878122210502625,0.5009558575493946,0.6857092942510329,0.10954081841877525,0.3995269536972046,0.5262565187045504,0.7032228163310457,-0.12687791373048504,0.9744827151298523,0.5052119306155611,0.6865274889128545,0.09283792461667738,0.4076137840747833,0.5281637583460124,0.7031970688274924,-0.11996007327522545,0.969482958316803,0.5060555645397729,0.6815310580389837,0.09472516604832236,0.3831860423088074,0.5274239642279487,0.6985076614788597,-0.10560124388762877,0.9356951117515564,0.47708492364202204,0.6483205250331331,0.0572553964597838,0.9999865293502808,0.48679441383906746,0.6571767245020183,-0.057293178141117077,0.9999961256980896,0.49691393715994675,0.751164421013423,0.1763110590832573,0.49381545186042786,0.4911681899002618,0.7702171257563996,0.0018493236375174344,0.9969289302825928,0.5211426377296445,0.841349852085113,0.278779831954411,0.7425865530967712,0.4752268578324997,0.8836423243795117,0.051324323245457215,0.995491087436676,0.5189847333090644,0.8608976772853302,0.28652226754597243,0.817501962184906,0.4668236110891612,0.9022731985364637,0.055165389818804575,0.9820092916488647,0.5447281309536522,0.8392962949616565,0.27244254861559175,0.6647145748138428,0.5037144320351734,0.8986187713486804,0.018026788718998422,0.9722447395324707
13,0.530451646872929,0.4638987038816722,0.060974058402436096,0.9998056888580322,0.5286808201244897,0.4555066483361378,0.05669416870389664,0.9994948506355286,0.5271626353263853,0.4549508111817494,0.0566291527024337,0.9993264079093933,0.5255515762737817,0.45429753490856695,0.05667059815355707,0.9995052814483643,0.5326291254588533,0.45692230718476406,0.043758331877844656,0.9997866153717041,0.5338812300137108,0.4572984082358222,0.043622240849903626,0.9998477697372437,0.5351960182189939,0.4575907817908693,0.043575634700911366,0.9999170303344727,0.5223216959408349,0.45941760199410553,0.03877946106450897,0.9996129870414734,0.536125862598419,0.4631811193057467,-0.020703105708318088,0.9998853802680969,0.5274479985237119,0.4727960288524626,0.058493442514112995,0.9997556209564209,0.5308365464210507,0.4739004986626759,0.0403858813856329,0.9998934864997864,0.5048076340130394,0.5079977972166876,0.07366917133331297,0.999974250793457,0.5252581323896133,0.5238849180085317,-0.09228288552590774,0.9999986886978149,0.49100059781755695,0.5916332704680304,0.10753789501530778,0.46151742339134216,0.5202555997031073,0.6145553861345561,-0.11966723820992872,0.9950519800186157,0.4898637958935327,0.6692144070352823,0.1113120853900909,0.3797970712184906,0.5219130175454273,0.6884922010557989,-0.1058533723865236,0.9888774156570435,0.4890668417726242,0.6842176880155287,0.12070399054459158,0.3606968820095062,0.5233639580862861,0.7045729415757312,-0.12365476765802921,0.9765869379043579,0.4934672815459113,0.6842428207397457,0.10516315358025682,0.36795198917388916,0.5256777303559437,0.7050657510757443,-0.11711468313421516,0.9719958901405334,0.49534381202289013,0.6796723519052774,0.10593513612236291,0.3459368646144867,0.5249668938773017,0.7006431630679536,-0.10311518098626812,0.9406453967094421,0.4767309589045386,0.6483769655227658,0.05653302999479427,0.9999865293502808,0.48689565317971345,0.657313011373792,-0.056573369354009605,0.9999963641166687,0.49692099605287804,0.7479888388088768,0.17880082428455346,0.4763357937335968,0.4911284676619936,0.7701566951615466,0.0038653187520269823,0.9967614412307739,0.5209285088947838,0.8410725269998819,0.2846496803419929,0.7397449016571045,0.4752699511391774,0.8838955913271218,0.05383147150278089,0.9954541325569153,0.5189555951527185,0.8612509267670764,0.2925406328269412,0.8172118067741394,0.4668964598860057,0.9025206855365204,0.057786235319716564,0.9817106127738953,0.5438456722668237,0.8384848816054205,0.27904937011854974,0.6572326421737671,0.5036924345152716,0.8986681137766153,0.02141953693436724,0.9717183709144592
14,0.5297196166855946,0.4632029082093918,0.06446410832660536,0.9998142123222351,0.5280024000576562,0.454905638524464,0.060301931841032816,0.9995155334472656,0.5265260338783262,0.45443551710673724,0.06023713616388182,0.9993485808372498,0.5249525819505961,0.4538559768881114,0.06027722103255133,0.9995153546333313,0.5318895425115311,0.45614990592002846,0.047232074290513966,0.9997986555099487,0.5331220456532068,0.4565066405705041,0.047096530560936226,0.9998570084571838,0.5344253625188553,0.4567808313029151,0.04705360042197361,0.9999223947525024,0.5216896261487686,0.4587212630680627,0.04217706492968966,0.999614417552948,0.5354266405105588,0.46253724353654024,-0.018016967017735745,0.9998931288719177,0.5267624582563125,0.4721870345728736,0.061891916181359946,0.9997575283050537,0.5301153625760757,0.4733188688755033,0.04362770797950879,0.9998975992202759,0.5041545101574486,0.5073844773428778,0.0768444580691201,0.9999725222587585,0.5243349296706061,0.523670959472656,-0.09086082662854872,0.9999988079071045,0.4913454183510369,0.5914341637066429,0.10854925385543274,0.42601242661476135,0.5188679354531421,0.614167647702353,-0.11569897660187307,0.9954557418823242,0.4916371771267479,0.6689274992261611,0.10954401791095729,0.34408339858055115,0.5205504264150345,0.6883355004446844,-0.09254536777734752,0.9898632764816284,0.49103093743324255,0.6836795295987808,0.11802007811410081,0.3272899389266968,0.5216725945472714,0.7044972096170694,-0.10887491937194546,0.9785155653953552,0.4953352979251314,0.6836473481995715,0.10185530888182771,0.3337400257587433,0.52381249325616,0.705177877630506,-0.10270099959203169,0.9742867946624756,0.49691394226891633,0.6790760857718328,0.10355678967067168,0.31382444500923157,0.5232988221304755,0.7009757995605466,-0.08970369100570674,0.9452542662620544,0.47659986274582977,0.6484064408711021,0.05658746180789809,0.9999871850013733,0.4868903279304502,0.6573457189968651,-0.05662799200841356,0.9999966025352478,0.49706454873085,0.7475109355790271,0.1771540152175085,0.4800228774547577,0.4910456810678752,0.7697009852954315,0.004062603074791175,0.996868908405304,0.5207769359861099,0.8409332939556663,0.27894785659653787,0.7513049244880676,0.4753647148609159,0.8838746479579377,0.05370196008256501,0.9956711530685425,0.5189860820770261,0.8617359059197558,0.2861451932362147,0.8257008194923401,0.4669392619814189,0.9023926036698473,0.05763414161545887,0.9824206233024597,0.5433918493134633,0.8379955240658348,0.27115456717354897,0.6668949723243713,0.5036659547260827,0.8988158770969931,0.021180652095271,0.9726953506469727
15,0.5290001818111962,0.4623963356018064,0.06635700953858237,0.99981689453125,0.5273319380623951,0.4541899595941814,0.062432642281055425,0.9995200037956238,0.5258958833558216,0.45382253953388735,0.06236782755170547,0.999347984790802,0.5243775146348133,0.4533433718340736,0.062407022821051705,0.9995096325874329,0.5311788610049655,0.4552098563739229,0.049155138113668964,0.9998038411140442,0.5324114186423163,0.4555296557290211,0.04901995786598748,0.9998612403869629,0.5337211370468137,0.455770033597946,0.04897858532411709,0.9999253153800964,0.5210674115589684,0.45799044030053254,0.044727441881384146,0.9996009469032288,0.5348155770983012,0.4616975937570842,-0.016383817286363664,0.9998974204063416,0.5260904448372974,0.4714944677693501,0.06392913865191593,0.9997537136077881,0.5294362204415455,0.47260870678084216,0.045404477736779594,0.9998990297317505,0.5038190688405716,0.5070232442447115,0.07946189663239885,0.9999716281890869,0.5232342941420417,0.5232905558177401,-0.09052503641162594,0.9999988675117493,0.491455965382712,0.5913607256753102,0.10925552312816887,0.400249719619751,0.5176713160106111,0.613724487168448,-0.11366735760654717,0.9958100914955139,0.49260780641010804,0.6687098860740659,0.10634012520313257,0.3137497007846832,0.5196028709411619,0.6873063291822158,-0.08431614509650635,0.990708589553833,0.4922459849289483,0.6833098854337416,0.11433373200041902,0.29880282282829285,0.5203048024858745,0.7040156500680101,-0.10016643617834359,0.9800776839256287,0.4964593682970317,0.6837525078228539,0.09770625382661816,0.304479718208313,0.5220295327050343,0.7046924182346885,-0.0939379391925675,0.9761345386505127,0.4979468967233383,0.6790188908576962,0.09996403987918576,0.2863330841064453,0.5217025297028675,0.700458889348166,-0.08144238612481522,0.9488732814788818,0.4766073635646273,0.6484046408108299,0.05725286166582786,0.999987781047821,0.48683470828192554,0.657224745409829,-0.05729303711227005,0.9999968409538269,0.49722841296877157,0.7479120714323858,0.17599026135035914,0.48312944173812866,0.49088857514517625,0.768392717838287,0.0014936956443956915,0.9969590306282043,0.5208464588437759,0.840973489625113,0.2734465701239448,0.7575481534004211,0.47543122342654615,0.8838961499077929,0.04740314866815292,0.9957771301269531,0.5190691471099851,0.8621501922607417,0.2800880381039209,0.8303926587104797,0.4669545548302785,0.9024693301745819,0.05092806784170012,0.9826467037200928,0.5433773909296307,0.8380660755293706,0.264705278617995,0.6683083772659302,0.5036755817277089,0.8990390249661032,0.013408469302313661,0.9727420806884766
16,0.528020415987287,0.46194468992097015,0.06638877061860898,0.9998222589492798,0.5263271570205685,0.4536665405545914,0.06278038759316715,0.9995344281196594,0.5248850890568322,0.45330977184431875,0.06271586652312958,0.9993616938591003,0.5233762638909474,0.45285590461322217,0.06275450895939552,0.9995155930519104,0.5302230630602153,0.45463743124689354,0.04925615042448042,0.9998124241828918,0.5314832431929449,0.45492335387638616,0.0491218997963837,0.9998677372932434,0.5328227145331244,0.4551319667271203,0.049081785338265536,0.9999291896820068,0.5201435855456759,0.4573434923376354,0.046083231057439514,0.9995992183685303,0.5340022478784832,0.46100633910724076,-0.015952603731836584,0.9999029636383057,0.5250812581607271,0.4710125182356151,0.06432277815682544,0.9997541904449463,0.5284846118518282,0.472137482677187,0.045474811749798894,0.9999017715454102,0.5034758261271883,0.5069216251373289,0.08070476608616961,0.9999698996543884,0.521701075349535,0.5228669626372199,-0.0906179302505084,0.999998927116394,0.4916134272302898,0.5910806689943584,0.11115295099360596,0.3724585473537445,0.5158872910908288,0.6126879317419867,-0.112814564364297,0.9961440563201904,0.4943407518523078,0.6670411910329543,0.10736129113606038,0.2853552997112274,0.5177296366010391,0.6865263496126444,-0.082635942527226,0.9914833903312683,0.4937129574162617,0.6831595097269327,0.11525882120643338,0.27218154072761536,0.5181186216218129,0.7037495919636314,-0.09893466127770284,0.9815340638160706,0.49784322295870076,0.6832848923546924,0.09831991813012528,0.2771863043308258,0.5194309796605789,0.7042008127485,-0.09291044324636455,0.9778636693954468,0.4990107212747844,0.6783780574798581,0.10080583116837905,0.2607155740261078,0.5192010079111369,0.6996951171330039,-0.0800227120518684,0.9522734880447388,0.4766761626516067,0.6484098025730676,0.0586696379951068,0.999988317489624,0.48670094438961553,0.6570277622767854,-0.058709503710269895,0.999997079372406,0.49789127792630855,0.7472863367625642,0.1742721885442733,0.4902682304382324,0.49054501823016555,0.7672821709087913,-0.0037254920096269654,0.9971291422843933,0.52092467376164,0.8409304465566358,0.2642138097967419,0.7679781317710876,0.4754515375409805,0.8841518163681026,0.03699449550892624,0.9960149526596069,0.519002328600202,0.8625042676925656,0.27026322143418435,0.8374752402305603,0.46693346415247217,0.9027264118194576,0.03988743533513374,0.9833709001541138,0.5435717327254157,0.8379978997366765,0.2536564575774328,0.6780775189399719,0.5036619339670452,0.8991846084594722,0.0003690009803644257,0.9740145206451416
17,0.5268482191222053,0.461650114400046,0.06224595212510651,0.9998252987861633,0.525129745687757,0.45325395039149674,0.05920969737427573,0.9995418190956116,0.5236630575997486,0.45285738025392785,0.0591458694211074,0.9993674755096436,0.5221323694501603,0.45237902828625254,0.05918299066168919,0.9995207786560059,0.529044243267604,0.45422597612653437,0.045094192427183884,0.9998164176940918,0.5303351606641494,0.4544741349560872,0.04496263843029735,0.9998704195022583,0.5317096403666903,0.45464359947613286,0.0449217228485005,0.9999310374259949,0.5190543583461215,0.4566948899200982,0.04487742978547299,0.9995964765548706,0.5330009937286374,0.4603340200015475,-0.019577292485960882,0.9999047517776489,0.5239168133054458,0.47061035462788153,0.06092515300427162,0.9997550845146179,0.5273587448256354,0.47175361854689435,0.041311475022562896,0.9999029040336609,0.5032450522695266,0.5069803391184123,0.08089838049241471,0.9999703168869019,0.5198802556310379,0.5224210636956348,-0.09486555116517198,0.9999989867210388,0.49153992278235276,0.5908224752971101,0.11102126134293416,0.3568632900714874,0.5137389114924837,0.611220802579607,-0.11820590410913734,0.996379554271698,0.4958203366824556,0.6646298170089718,0.10291287920304702,0.2657618820667267,0.5153145381382531,0.6860199638775414,-0.09402040349585666,0.9920536279678345,0.4945555942399159,0.6842093467712399,0.1098259785345622,0.25359171628952026,0.5151660306113105,0.7036603348595752,-0.11166871615818563,0.9824448823928833,0.49868979624339493,0.6826806443078174,0.09211753606796261,0.2580152750015259,0.5166229571614944,0.7040389725140159,-0.10623380350215089,0.9789416790008545,0.4992699572018212,0.6776216489928106,0.09589309458221704,0.2424679696559906,0.5165840182985576,0.6992642981665471,-0.09180671487535745,0.954204797744751,0.4769157060555047,0.6481912289346965,0.06087940218193187,0.9999887347221375,0.48615370307649863,0.6565394742148261,-0.06091119796037671,0.9999972581863403,0.49880436062812783,0.7459959609167913,0.17203890808991015,0.48076000809669495,0.49017076492309547,0.7664436374391824,-0.013620088315967996,0.9971201419830322,0.5208820768765039,0.8401022774832586,0.2588204877717153,0.7674498558044434,0.47546548247337317,0.8844138690403526,0.021001834608614434,0.9959750175476074,0.5187817352158681,0.8626625725201195,0.2646843850612639,0.8372357487678528,0.4669149185929977,0.9029983639717097,0.023067714712981656,0.9829390048980713,0.5437850509371074,0.8377651418958387,0.24519197174480972,0.6774053573608398,0.5037139415740964,0.8991178904260904,-0.01984152123332023,0.9737549424171448
18,0.5258413331849232,0.46127710597855687,0.049371503133858935,0.9998180866241455,0.5240911109106879,0.45278636557715257,0.047223499896270865,0.9995226860046387,0.5226017900875635,0.45234363504818487,0.04715585761836595,0.9993321895599365,0.5210468445505412,0.4518358886241911,0.04718931200248852,0.9994967579841614,0.5280622891017366,0.4537592078958237,0.03234570076955215,0.9998104572296143,0.5293820619583127,0.4539538357939037,0.03221603142363683,0.9998655319213867,0.5307911259787421,0.4540777938706532,0.032172020577958635,0.9999292492866516,0.5180772662162778,0.45594217010906746,0.037307009526661446,0.9995667338371277,0.5321171317781719,0.4594937733241488,-0.030753806393061352,0.9999012351036072,0.522883105278015,0.4700883592878067,0.04950455416526111,0.9997460842132568,0.5263599157333372,0.47122768589428465,0.028882484483931735,0.9999004006385803,0.5031616602625164,0.50707425730569,0.07770574965647285,0.9999703168869019,0.5181837030819482,0.5218557800565444,-0.10609442740678783,0.9999989867210388,0.49248771326882473,0.5918357883180888,0.10561530802931099,0.3418004810810089,0.5116815584046498,0.609764264311109,-0.13260231656687593,0.9965679049491882,0.49836380311420964,0.6632887278284343,0.0886588831033025,0.24766631424427032,0.5131436024393352,0.6855997204780575,-0.11388128484998426,0.992565929889679,0.49700446554592653,0.685573601722717,0.09390087894030975,0.2363394796848297,0.5122942890439712,0.703269495282854,-0.13337254353931965,0.9832006096839905,0.5013287339891703,0.6831655263900753,0.07502519722495757,0.24030734598636627,0.5141114337103705,0.7035835947309219,-0.12861077210732863,0.9798504710197449,0.5012852805001393,0.6776327644075664,0.08083544777972354,0.22554387152194977,0.5143727438790455,0.6989238687923973,-0.11208162073578148,0.9555917382240295,0.4773965597152708,0.6478757977485654,0.06378957959158077,0.9999890923500061,0.485075053146907,0.6559423089027402,-0.06380659235375265,0.9999973773956299,0.5002975208418707,0.744319437231336,0.17283446873937328,0.461776465177536,0.4898427256516046,0.7661001529012403,-0.02200246796544108,0.9970318078994751,0.5207712377820694,0.8389887656484327,0.25921410066740846,0.759373128414154,0.4754951681409561,0.8845136608396253,0.011553152544157841,0.9957602024078369,0.5185693604605536,0.8626478041921339,0.2649503537586756,0.8312941193580627,0.4669175207614896,0.9030771204403465,0.013328370012875108,0.9815947413444519,0.5439431275640212,0.8375111051968162,0.24284248224326532,0.6672488451004028,0.5038148641586301,0.8989909308297289,-0.032959904029433204,0.972415030002594
19,0.5252272537776399,0.4604925010885509,0.034250120259821396,0.9998054504394531,0.5234525254794526,0.45206435407911005,0.03304280183677161,0.9994889497756958,0.5219627414430889,0.4516335180827547,0.03297079740358249,0.9992747902870178,0.520410655226026,0.4511466860771177,0.03300257128264221,0.9994575381278992,0.5274491412299017,0.45292678305080936,0.017539872016225536,0.9997989535331726,0.5287772587367464,0.4530592807701654,0.01740885941045624,0.9998563528060913,0.530196930680956,0.45313264131546,0.01736050241493752,0.9999253153800964,0.5174448422023226,0.45503592320850894,0.027899110130965694,0.99952232837677,0.5314825432641163,0.45836360710007784,-0.043102289150868126,0.9998942017555237,0.5222653985023495,0.4692528528826575,0.03597771150193042,0.9997311234474182,0.5257627810750687,0.47027884977204437,0.014544751495122903,0.9998955726623535,0.5032209379332404,0.5071583969252448,0.07302300908735818,0.9999696612358093,0.5167285050664626,0.5211702789579116,-0.11774129633392601,0.9999989867210388,0.4927519474710734,0.5931947231292721,0.09858667744057514,0.32402023673057556,0.5102993811879837,0.6087581072534831,-0.14816552762474325,0.9967402815818787,0.49916317207472644,0.6631462625094819,0.07507763952016827,0.2297598421573639,0.5116364325795852,0.6853446841239925,-0.13446979075670235,0.9930498600006104,0.4983249238559176,0.6855329241071425,0.07929424856390269,0.21947535872459412,0.5100409456661766,0.702944537571498,-0.15571024098566594,0.9839291572570801,0.5027278031621658,0.6845062221799575,0.05944636740854805,0.22308066487312317,0.5120493020330155,0.7033153789384021,-0.15084362477064125,0.980728268623352,0.5026154415948048,0.6784194214003423,0.06664114158068381,0.20926706492900848,0.5125820449420382,0.6987692356109616,-0.13282125485794877,0.9569441676139832,0.4783275195530481,0.6477114387920921,0.06607549169233864,0.99998939037323,0.48398411529404756,0.6554170846939084,-0.06608102875096454,0.9999974966049194,0.50229509132249,0.743919593947274,0.17304819013391215,0.43857938051223755,0.48963312166077727,0.7657328213964185,-0.03087184522300957,0.9968501329421997,0.5206718325614926,0.8382280588150021,0.2603614807128905,0.7478057146072388,0.47547270655632,0.8844694563320701,0.0002897486223706161,0.9954752922058105,0.518482024329049,0.8625633154596598,0.2659938846315655,0.8216630816459656,0.4669253442968639,0.9030725308826987,0.0016658310379300777,0.9796984791755676,0.5439523288181848,0.8376340270042415,0.24248061265264229,0.6553146839141846,0.5038818682943069,0.8989522985049653,-0.047276885434985136,0.970919132232666
20,0.524704165118081,0.4596083751746584,0.020340549812785207,0.9997990131378174,0.5229273608752657,0.4513324260711668,0.01961421131023338,0.9994725584983826,0.5214478628976003,0.4509261591093878,0.019537715813411124,0.9992469549179077,0.5199003032275606,0.4504645194326126,0.019568746403924045,0.9994381070137024,0.5268930486270358,0.4521032035350797,0.003923626909298553,0.999793291091919,0.528201946190425,0.4522077373095919,0.003789164312183854,0.9998518228530884,0.5296032718249728,0.45225874611309574,0.0037379131519368687,0.9999231100082397,0.5168755054473875,0.45414955701146786,0.017580914071628016,0.9995058178901672,0.5308428202356608,0.4573601543903349,-0.05424052844090119,0.9998909831047058,0.521793028286525,0.4683694584029059,0.02321028477911437,0.999729335308075,0.5252349070140292,0.46926325304167593,0.0015454321035316997,0.9998951554298401,0.5033004726682389,0.5071629439081462,0.06575246208480423,0.9999699592590332,0.5156053679330006,0.5205770441464013,-0.1261465287634304,0.9999989867210388,0.49294083288737683,0.5945189476013181,0.09245404877832954,0.3212319314479828,0.5094099266188483,0.6081276978765212,-0.15758454459054122,0.9969344735145569,0.5001810107912333,0.6633380958012169,0.06942373471600666,0.22068390250205994,0.5108203308922901,0.6851422003337312,-0.14477381280490323,0.9935626983642578,0.49975433945655795,0.6850969365664887,0.07363643752677096,0.21088753640651703,0.5084730097225731,0.7028167486190793,-0.16656067413943146,0.9848889708518982,0.5038954360144476,0.686127686500549,0.053370874587978616,0.21434567868709564,0.5102627958570205,0.7032036508832655,-0.1616800223078046,0.9818848371505737,0.5038280606269834,0.6796946014676772,0.06085999693189345,0.20087525248527527,0.5110455138342719,0.6984750441142488,-0.14314612150192252,0.9592128396034241,0.47918802584920583,0.6478703771318706,0.06693016397101535,0.9999896883964539,0.48329354524612406,0.6552736367498122,-0.0669369395290102,0.999997615814209,0.5036935550825934,0.7450424092156543,0.17277180595057345,0.4361667037010193,0.4891453836645397,0.765940085479191,-0.0315592335803168,0.9968957304954529,0.520714347703116,0.8382312314850939,0.2621066161564417,0.7476475238800049,0.4754156104155947,0.8844843728201726,0.0011950238009116477,0.9955122470855713,0.5184981363160267,0.8626679761069158,0.2677674846989767,0.8183697462081909,0.4668480183397018,0.903287165505545,0.002691266469524374,0.9792574644088745,0.5446464998381476,0.8380373511995585,0.2412126771041324,0.6560255289077759,0.5038552897317067,0.8990552629743299,-0.0465580170708043,0.9713726043701172
21,0.5238427621977668,0.4585763624736239,0.014958293283624304,0.9997862577438354,0.5220442635672431,0.45047490511621724,0.014104372768529818,0.9994409680366516,0.5205153226852415,0.4500572749546594,0.01402734323803867,0.9991981387138367,0.5189249515533445,0.44959846053804653,0.014057076722383493,0.9994062185287476,0.5259838887623376,0.4512788781097955,-0.0014708987304142527,0.9997812509536743,0.5272643463952198,0.4514311535017829,-0.0016078620084694437,0.9998420476913452,0.5286367978368484,0.4515207852636063,-0.0016600263038916228,0.9999183416366577,0.5158884763717648,0.45322204743112815,0.012099595640652942,0.9994773268699646,0.5299032449722287,0.4565516063145227,-0.05920226595231462,0.9998834729194641,0.5209640741348265,0.4672566788537159,0.017894599613334443,0.9997227191925049,0.524402982848031,0.46824734551565966,-0.0036232217081955467,0.9998926520347595,0.5032307045800343,0.5073241387094768,0.06110178594078333,0.999970018863678,0.5145839725221903,0.5203211580004008,-0.1297919032829148,0.9999989867210388,0.49252211366380944,0.5956492083413257,0.08923481575080323,0.31329214572906494,0.5082600712776182,0.6078547273363384,-0.16249637178012294,0.9970736503601074,0.5000952661037443,0.6634140116827825,0.06782536740813933,0.2088472545146942,0.5089559946741374,0.6849887864930285,-0.1526094662291662,0.9939524531364441,0.4993012019566125,0.6852072034563335,0.07197071356432774,0.19978661835193634,0.5063213552747452,0.7027662822178429,-0.174965015053749,0.9854966402053833,0.5029469796589441,0.6871840596199033,0.05157764500805308,0.2031002938747406,0.5080182467188151,0.7032083851950506,-0.16998677977493823,0.9826274514198303,0.5031721796308243,0.6810461401939389,0.05928189041359081,0.19014494121074677,0.5090124470846991,0.698196196556091,-0.15100439872060495,0.9604175090789795,0.4794838147503987,0.6479907921382356,0.06699842682906557,0.9999898076057434,0.4824954526765004,0.6552394049508228,-0.0670054448502404,0.9999976754188538,0.5040501288005281,0.7476240055901661,0.16743574270180286,0.42261025309562683,0.488617305244718,0.765943336486816,-0.033525788624371784,0.9968210458755493,0.5208166275705608,0.8387072358812601,0.2563050018889562,0.7382683753967285,0.47535367948668317,0.8845176543508253,0.0005665381439030168,0.9953768253326416,0.5185448322977336,0.8628253630229401,0.2619031254734311,0.8081818222999573,0.4666934856346673,0.9036060197012761,0.0021779690603060367,0.9779753088951111,0.5455308079719541,0.8391422237668714,0.23347179421356734,0.6479284167289734,0.5039069908005849,0.8990559101104731,-0.047316501502479805,0.9708436131477356
22,0.5228390812873838,0.45761699250766186,0.002495771619890417,0.9997972249984741,0.5209744095802304,0.44963261910847235,0.0026526251541716703,0.9994712471961975,0.5193618484905785,0.4492100128105706,0.0025734556971916123,0.9992402195930481,0.5177158985819132,0.4487783993993485,0.002604521358651773,0.9994390606880188,0.5249036771910529,0.45048827528953533,-0.013484795364950376,0.9997931718826294,0.5261495505060466,0.45070807763508364,-0.0136229517470513,0.9998502731323242,0.5274893096515109,0.4508521684578485,-0.013672222755849355,0.9999226331710815,0.5146769148962835,0.45256041373525324,0.005684646405279634,0.9995057582855225,0.5288128307887483,0.4558871005262646,-0.0680563101811068,0.9998888969421387,0.5199376259531291,0.4662390955856866,0.007275262820933544,0.9997397065162659,0.523427869592394,0.46745081203324435,-0.014980717109782347,0.9998990893363953,0.5036045023373192,0.5078485727310178,0.05936876035162378,0.9999712705612183,0.5132159352302549,0.5200363414628163,-0.13702417399202066,0.9999990463256836,0.4956663097654068,0.596625345093863,0.08915325126477647,0.30555233359336853,0.5067311882972715,0.6076638817787168,-0.1730114996433257,0.9972453713417053,0.5015618528638565,0.6634566375187462,0.06618047463042392,0.20212766528129578,0.5056236292634689,0.6846388867923188,-0.17055980520589004,0.994347870349884,0.5001381252493176,0.6852346198899402,0.06974255527768813,0.19352994859218597,0.5028298735618589,0.7027379035949703,-0.19492959337575086,0.9861992597579956,0.5021693195615493,0.6875216518129619,0.04809896477631158,0.1967913657426834,0.5048273776258738,0.703131898811885,-0.19015529666628148,0.9834783673286438,0.5024563312530514,0.6816693203789843,0.05706607124635149,0.18364383280277252,0.5060521193913049,0.6980679801532197,-0.1692752391099929,0.9619014263153076,0.47953893882887677,0.647904322828565,0.06849829533270424,0.9999900460243225,0.48155511191913036,0.6550646747861586,-0.06849854524646484,0.9999977350234985,0.5036599448748995,0.7499708260808668,0.15872708090714038,0.4079197943210602,0.4881928997380391,0.7657370890889845,-0.03640956165535108,0.9967246651649475,0.5208385774067468,0.8394183891160144,0.24336081785815092,0.7322871685028076,0.47532817976815334,0.8844832130840843,-0.001404445239209702,0.9952197074890137,0.5184160658291406,0.8628850562231878,0.24818525995526983,0.802564799785614,0.46653912833758737,0.9038364342280792,-5.470672954938202e-05,0.9767289161682129,0.546065190860203,0.8410579408918104,0.21517504496233794,0.649169921875,0.5040583542415071,0.8989263040678838,-0.05366183806742938,0.9708810448646545
23,0.5220039946692328,0.4566614151000974,-0.01830236190663916,0.9998136162757874,0.5200472065380639,0.44880875774792245,-0.016027267197413098,0.999514639377594,0.5183791160583494,0.448415627649852,-0.01611533178282635,0.9993032217025757,0.5167163695607864,0.44805001701627434,-0.016081387656075606,0.9994863271713257,0.5239473887852257,0.44963899510247346,-0.03312917966395615,0.999809980392456,0.5251565745898653,0.4498980360371724,-0.03327035597924674,0.9998622536659241,0.5264686720711842,0.4500710998262676,-0.033319983963987644,0.9999286532402039,0.513744212899889,0.4521024789128983,-0.003050199516915848,0.9995478391647339,0.5278353929519651,0.4551319096769603,-0.08101745162691384,0.9998970627784729,0.5190878391265867,0.4652759628636494,-0.010076447177146158,0.9997624754905701,0.5226310729980466,0.4666051455906457,-0.03357375777725661,0.9999076128005981,0.5048120634896412,0.5087683388165063,0.05778304647122108,0.9999732971191406,0.5115384851183208,0.5194597772189546,-0.14649655308042248,0.9999991059303284,0.5010018927710395,0.5971662998199461,0.09040632418223785,0.325154572725296,0.5047351326261246,0.6071343728474206,-0.18479337905134466,0.9974532127380371,0.5042481064796446,0.6633338178907118,0.06302552510585101,0.23376032710075378,0.5014790194375172,0.6841516205242699,-0.18974093326500477,0.9948189854621887,0.5027260371616906,0.6851628780364987,0.06569754225867132,0.22343215346336365,0.49837020209857374,0.7028005821364263,-0.2163995282990591,0.9872713088989258,0.5028341020856583,0.6876342586108612,0.04198116468531743,0.2289179265499115,0.5009570607117242,0.7033929739679605,-0.21244408786296834,0.9847767353057861,0.5029525654656544,0.6819285869598386,0.052923835281814824,0.2136276215314865,0.5024551825863972,0.6980064068521769,-0.18904536281313206,0.9647074937820435,0.4806166657379693,0.6481755988938465,0.0705479202525956,0.9999901652336121,0.48029770851135234,0.6547714080129348,-0.0705348615135465,0.9999977350234985,0.5037136878286087,0.7513359001704621,0.151041213103703,0.4070724546909332,0.4880075786794933,0.7654739005225042,-0.0406815749726125,0.9967700839042664,0.5207288639886036,0.8405464495931348,0.23156659730843127,0.7355282306671143,0.4753153375216891,0.88437248638698,-0.006963069670434506,0.995295524597168,0.5180676715714588,0.8629938449178418,0.23557918284620546,0.7996073365211487,0.46643554142543225,0.903929255689893,-0.006252281580652506,0.9758978486061096,0.5459312013217379,0.843222788402012,0.1974219662802559,0.6679564714431763,0.5042465192931037,0.8984455874988007,-0.06657978732671054,0.972528874874115
24,0.5214583260672431,0.4553828750337871,-0.03784305493214299,0.9998250007629395,0.5193526387214658,0.44777007699012733,-0.03333137982657976,0.9995466470718384,0.5176546437399725,0.4474627784320284,-0.033427796845457367,0.9993518590927124,0.5159976346152166,0.4471857232706885,-0.0333923771179148,0.9995236396789551,0.523264898572649,0.44849813580512976,-0.05134394131600854,0.9998220801353455,0.5244315505027768,0.4487856796809603,-0.051487556126500855,0.9998708367347717,0.5256956236703052,0.44897941180637885,-0.05154126427535498,0.9999327063560486,0.5131584269659857,0.4515336845602306,-0.010407511011830392,0.9995821714401245,0.5269809160913738,0.4540798349039893,-0.09230617071901044,0.999902069568634,0.518580741541726,0.4641826323100497,-0.026201916885163087,0.9997818470001221,0.5221412113734651,0.465445120845522,-0.05086963009089229,0.9999145269393921,0.5064671788896831,0.5096998725618632,0.05567459921751701,0.9999750256538391,0.5098997695105414,0.5183956691196985,-0.15325277788298464,0.9999991059303284,0.5057702643530707,0.5974333575793672,0.09043849600212911,0.34781086444854736,0.5026746273040769,0.606325098446437,-0.19075114130973808,0.9976438879966736,0.50774050951004,0.6631102783339361,0.05828289240598676,0.2706645131111145,0.4984200298786161,0.6836825762476236,-0.1988659475530896,0.9952493906021118,0.5068276703357695,0.6847688232149394,0.0598725970302309,0.25902754068374634,0.4947350757462636,0.7028470328875946,-0.22697966098785388,0.9882714748382568,0.5056432962417601,0.6872902887208118,0.03449839332274026,0.2670881152153015,0.49770180327551683,0.7037338665553499,-0.22421374278409129,0.9859879612922668,0.5053379229136873,0.6815542817115781,0.04731825206960948,0.25062963366508484,0.49949311784335526,0.6977823257446285,-0.19881611977304722,0.9673653841018677,0.48212190781320824,0.6489927939006257,0.07184911838599611,0.9999905228614807,0.4795751205512453,0.6545834575380596,-0.07182467090232028,0.9999977946281433,0.5032977615083964,0.7518715807369774,0.14922456656183508,0.41730645298957825,0.48744279571941895,0.7655422346932544,-0.04291142054966516,0.9969353079795837,0.5207333803176877,0.841768508298056,0.22998037891728526,0.7478266358375549,0.47515745077814353,0.8844397204262866,-0.009182804443740415,0.9955710172653198,0.5178175943238392,0.8630941322871613,0.23378643819263994,0.8021432757377625,0.4662486025265283,0.9041354247501914,-0.008879116034534357,0.9762693047523499,0.5461350764547073,0.8448222126279554,0.18963794410228718,0.6924318671226501,0.5040318250656126,0.8982810071536468,-0.07482152229973245,0.9747012257575989
25,0.5209825805255343,0.4537607635770523,-0.04759862987058501,0.9998377561569214,0.5186520116669788,0.44638690778187323,-0.041884908984814354,0.9995800256729126,0.5169203162193297,0.44616729957716783,-0.04198590016790797,0.9994012117385864,0.5152654341288974,0.4459618117128098,-0.04195372659180843,0.9995611310005188,0.5226471952029634,0.44706178988729184,-0.06039385816880632,0.9998350739479065,0.5237701313836232,0.4474131899220601,-0.06053789236715859,0.9998800158500671,0.5249679701668873,0.4476656964847018,-0.06059967151709962,0.9999372363090515,0.5126048598970683,0.45063408613204936,-0.013943217634888625,0.9996158480644226,0.526039820058005,0.4527927066598617,-0.09811211675405498,0.9999080300331116,0.5181537253516059,0.4627416355269294,-0.03430372434003011,0.9998008012771606,0.5217424188341411,0.4639681075300487,-0.05962895229458806,0.9999215006828308,0.5074401548930574,0.5103168572698318,0.053808132346187296,0.9999768733978271,0.5088252476283479,0.517257281712123,-0.15672805224146155,0.9999991655349731,0.5068791661943706,0.5977228403091428,0.0907718113490513,0.3850289583206177,0.5004897330488476,0.6056237731661113,-0.19327207250254486,0.9978424906730652,0.5099267925534927,0.6630265797887527,0.05892339806471549,0.32383742928504944,0.4959649290357315,0.6835970078195841,-0.20362130446093413,0.9956841468811035,0.5092327083860122,0.6842612896646769,0.06054504343441551,0.30971837043762207,0.4915584598268779,0.7035778743880132,-0.23267633957522246,0.9893100261688232,0.5080778173037935,0.6870243736675805,0.03467730454036166,0.3193184435367584,0.4948451544557297,0.7049019864627291,-0.2305382605109895,0.9872350096702576,0.5076392003468102,0.6813827650887623,0.04799825229815072,0.30217981338500977,0.4968609562941958,0.6982881188392636,-0.20393857189587175,0.9701805114746094,0.48380423954554946,0.6501498971666606,0.07211510475192748,0.9999909400939941,0.4793262209211075,0.6546138218470978,-0.07208013896431238,0.9999978542327881,0.5024538636207578,0.752176453386034,0.15213501155376427,0.4321042001247406,0.48678983960832845,0.7656630039215084,-0.04262456223368643,0.99712073802948,0.5204289078712461,0.8427366852760312,0.23622987951551153,0.7614930272102356,0.47495388048035736,0.8846801229885641,-0.007385940264378272,0.9958320260047913,0.5176895226751053,0.8631316082818163,0.23992397316864547,0.8062661290168762,0.46607385788645045,0.9041914854730875,-0.00697966385632753,0.9765790700912476,0.5464735661234172,0.8455568705286295,0.19576668100697645,0.7162498831748962,0.5036882741110663,0.8983805230685638,-0.07472681105136868,0.9766824245452881
26,0.5205172266278946,0.45138778601373925,-0.06053528477038653,0.9998493194580078,0.5179624404226029,0.4442972387586319,-0.05400234450186999,0.9996102452278137,0.5162275620869226,0.444209164381027,-0.054105282149144555,0.9994457364082336,0.5145749824387684,0.44410529817853633,-0.05407816820910996,0.9995949268341064,0.5218936835016521,0.4449470783982956,-0.0730418109468051,0.9998470544815063,0.5229081528527393,0.44541394199643797,-0.07318730460745944,0.99988853931427,0.5239751935005186,0.44578700235911756,-0.07325547039508816,0.9999414682388306,0.511934195246015,0.4491679174559455,-0.021255441382527343,0.9996464848518372,0.5246365410940985,0.451153527838843,-0.10791353668485364,0.9999136924743652,0.5177886332784378,0.46066497308867294,-0.04548184115971836,0.9998180866241455,0.5212780458586554,0.46189404811177914,-0.07151143870183396,0.9999279379844666,0.5077003836631773,0.5105071238109041,0.05050300136208531,0.9999786019325256,0.5077265654291423,0.5160803556442258,-0.16417435577937528,0.9999992251396179,0.5076150025640213,0.5977085624422342,0.09240724125078742,0.415423184633255,0.4977186492511202,0.6048514468329291,-0.20179112212998518,0.9980336427688599,0.5121343612670896,0.6622504660061425,0.06251211443117684,0.3688817322254181,0.49335387860025653,0.6837839160646708,-0.21843449899128495,0.9960935115814209,0.5118941477366854,0.6819733994347705,0.06449904143810269,0.3522990345954895,0.4882582885878425,0.7046365993363513,-0.24905140144484372,0.9903032183647156,0.5112169623374937,0.6848266737801685,0.03986885047384669,0.3638453185558319,0.4917698962347846,0.7063780614307945,-0.2470829746552875,0.9884255528450012,0.5104316677365982,0.6791607516152515,0.05159029854195456,0.34659281373023987,0.4937465361186434,0.6997045482907973,-0.21895228028297414,0.9728958606719971,0.48546456013407,0.6508135233606609,0.07269543217761174,0.999991238117218,0.4796324729919431,0.6545347980090547,-0.0726493548069681,0.9999979138374329,0.5016786200659613,0.7514218262263703,0.1542567768267222,0.44394147396087646,0.4863467846597942,0.765728402137756,-0.04302163262452396,0.9972949624061584,0.5198165927614482,0.8429153476442606,0.24083168378898065,0.7740089893341064,0.4748219702924999,0.8854571376528055,-0.008438350659395962,0.9960927367210388,0.5175341384751454,0.8630780475480212,0.2440932078020912,0.8105352520942688,0.4659419323716843,0.9050299729619703,-0.0082047733345202,0.9770991802215576,0.5469497731753756,0.8459964684077668,0.20091114214488429,0.7380516529083252,0.503464124883924,0.8990251455988199,-0.0786805587155478,0.9785357117652893
27,0.5200607436043874,0.4488142286028179,-0.08182343500001085,0.9998618960380554,0.5174343092100959,0.44208985992840344,-0.07448010763951707,0.9996432065963745,0.515773672716958,0.4421259684222083,-0.07459284939936225,0.9994933605194092,0.5141741786684306,0.44212268590927106,-0.07456917922411643,0.9996298551559448,0.5210286089352196,0.44270452857017495,-0.09405619161469592,0.9998602867126465,0.5218818170683722,0.4432744426386695,-0.09420602949602258,0.9998981952667236,0.5227892194475443,0.44376276561192085,-0.09428118573767794,0.9999464154243469,0.5113262823649813,0.44744570340429013,-0.035443396946149196,0.999677836894989,0.5230024865695406,0.44935225674084234,-0.1247133463621139,0.9999208450317383,0.5175189222608292,0.4584047394139424,-0.06440509701413764,0.9998348355293274,0.5206881284713742,0.4596178693430762,-0.09114909682955057,0.9999344348907471,0.5078195026942659,0.5105861221040996,0.0431929543082203,0.9999802112579346,0.5062335491180417,0.5154689465250286,-0.1770373433828353,0.9999992847442627,0.5087974378040856,0.5971573233604428,0.093272077185767,0.433566153049469,0.4945305696555544,0.6042726652962818,-0.21587751465184338,0.998217761516571,0.5143217001642497,0.6597376278468537,0.06896419961537631,0.40153568983078003,0.49072800278663614,0.6847381319318495,-0.23999054091317304,0.9964735507965088,0.514428320952824,0.677789291313716,0.07179925314017702,0.38398852944374084,0.48517958947590395,0.7061461074011663,-0.2723095165831701,0.9912365674972534,0.5143564973558696,0.6806395547730578,0.046177737095526264,0.39782822132110596,0.48914236596652416,0.7083008987562993,-0.2707498686654226,0.9895423650741577,0.5132125990731373,0.6747371503284996,0.057460543087550546,0.3810441493988037,0.4909410749162944,0.7018362402915951,-0.24078279435634603,0.9754724502563477,0.48773212432861307,0.6510783382824485,0.07381924092769619,0.9999914765357971,0.4797514779227119,0.6542752708707534,-0.0737598434090614,0.9999979734420776,0.5014930963516233,0.7502808230263842,0.15666123288018355,0.4666604995727539,0.4873592334134236,0.7653305241039817,-0.04413571815405571,0.9975025653839111,0.5192167128835403,0.8427606804030279,0.2454048399414334,0.7891337871551514,0.4748510522501807,0.886468945230756,-0.011791788470665254,0.9963989853858948,0.5172580718994138,0.8629891276359554,0.24853316545486437,0.8199564218521118,0.46589865088462806,0.9065472773143219,-0.011847059669837883,0.9783037900924683,0.5472438590867176,0.8465052553585594,0.20516738551003583,0.7602246403694153,0.5034918938364299,0.9000163759504042,-0.08509152680635448,0.9804283380508423
28,0.5192820463861736,0.4466333534036362,-0.09679518554891856,0.9998746514320374,0.516636868885585,0.4403857444013866,-0.08926177269646096,0.9996764063835144,0.5150420103754314,0.4404894496713364,-0.0893827171197959,0.9995409846305847,0.513495087623596,0.44053584677832447,-0.08935913358415871,0.9996645450592041,0.519908125059945,0.44099610873631045,-0.10895136062588007,0.9998733997344971,0.5206378459930417,0.44163545284952416,-0.10910359642335342,0.9999077916145325,0.521424078941345,0.44220145855631127,-0.10917827210256026,0.9999513626098633,0.5104269317218233,0.4460481992789675,-0.04710908792912958,0.9997086524963379,0.5213507345744539,0.44789491295814493,-0.13701450292553213,0.9999280571937561,0.5168600201606748,0.4565161858286174,-0.07811395664300233,0.9998507499694824,0.5197591509137832,0.4576571702957151,-0.10502339090619764,0.9999406933784485,0.5081442373139515,0.510892615999494,0.03568814668272221,0.9999818801879883,0.504462054797581,0.5153204662459234,-0.18652104479925963,0.9999993443489075,0.5105873942375181,0.5960152302469524,0.09312202589852465,0.46121126413345337,0.49175810984202767,0.6039106743676319,-0.2286953670637947,0.9983876347541809,0.5167964696884153,0.6559150644711083,0.07445734867027824,0.4456309676170349,0.4880299414907181,0.6857111368860515,-0.2616433892931256,0.996820330619812,0.5172028320176258,0.6726928830146786,0.07777696698904034,0.4275378882884979,0.48252221516200455,0.7071233017104009,-0.2956294400351387,0.9920932054519653,0.517572578362056,0.6752492530005316,0.049642093479633304,0.4423113167285919,0.48650895101683456,0.7092718260628833,-0.29456337818077616,0.9905666708946228,0.5161934273583546,0.6693917768342151,0.062240498193672694,0.4259333312511444,0.48834672314780075,0.7031373875481738,-0.26284803237233834,0.9778527617454529,0.48948302779878866,0.651411734308515,0.07488362640142437,0.9999915957450867,0.4798720325742447,0.6540710432188848,-0.07481425383261268,0.9999979734420776,0.5020006469317843,0.7496137005942205,0.16384997367858878,0.4922531843185425,0.48847523076193655,0.765161027227129,-0.044461225026420165,0.9977042078971863,0.5190819144248959,0.8430595687457489,0.25688012157167694,0.8038462400436401,0.4748910103525432,0.8875822152410231,-0.011895395030400577,0.9966921806335449,0.5170671922819953,0.8635586125510075,0.2608125022479465,0.8302176594734192,0.465809962579182,0.9080946070807316,-0.012281710754281704,0.9796512126922607,0.5474556786673407,0.8478114434650963,0.21424637947763708,0.7810749411582947,0.5034279227256773,0.9015314323561527,-0.08753419263022283,0.9822048544883728
29,0.5180873802730013,0.4458851064954483,-0.10117017733199252,0.9998866319656372,0.5155210835593085,0.4398870008332387,-0.09402118133647097,0.9997075200080872,0.5139676332473753,0.43995215381894776,-0.0941501413072858,0.9995853304862976,0.5124631183488026,0.43995567560195903,-0.09412696148668012,0.9996969103813171,0.5186678034918646,0.4405550650187899,-0.11347574038164951,0.999885618686676,0.5194012420518055,0.4412026694842745,-0.11362544000148768,0.999916672706604,0.5201956527573719,0.4417763224669863,-0.11369763442448202,0.9999560117721558,0.5092553632599964,0.44560367635318193,-0.05240344586116924,0.9997370839118958,0.5202309676579064,0.44733656815120126,-0.1413828036614826,0.9999348521232605,0.5156819224357603,0.45578648447990394,-0.08259286241871966,0.9998653531074524,0.5184997677803037,0.4568291119166781,-0.10923451930284495,0.9999464750289917,0.5084332227706907,0.5112375310489107,0.030104067868420042,0.9999834895133972,0.5029569574764794,0.5155058026313779,-0.18979436201708647,0.9999994039535522,0.5122688531875608,0.5937832934515814,0.0917839150343622,0.48877689242362976,0.4900491416454313,0.6037748183522902,-0.2352982235806328,0.9985405206680298,0.5187564747674123,0.6524092299597601,0.0787300837891442,0.4862646758556366,0.4857730226857319,0.6864119410514828,-0.27457754441669996,0.9971321821212769,0.5191033244132993,0.6689768007823396,0.08256383687257762,0.46729323267936707,0.4805053157465796,0.7079642755644658,-0.30968517065048207,0.9928633570671082,0.5194849848747252,0.6712927613939554,0.05217104341302597,0.4829085171222687,0.48441674283572583,0.7101609655788963,-0.3090834183352333,0.9914877414703369,0.5180189847946164,0.6658636450767514,0.06659096223967413,0.46670445799827576,0.4865050128528048,0.7040045431682038,-0.2762110182217188,0.979991614818573,0.49034436259950887,0.6524447372981477,0.07522397296769276,0.999991774559021,0.4800169416836328,0.6548439553805757,-0.07515151096241812,0.9999980330467224,0.5026895948818749,0.7489364589963637,0.18091734860624575,0.5130302309989929,0.4885591157845086,0.7664310949189319,-0.03831150473228521,0.9978823065757751,0.5191910300936016,0.8434149520737781,0.28511339553764875,0.8164428472518921,0.4750768601894377,0.8883595943450924,-0.0015608262969180934,0.9969555139541626,0.5171044809477667,0.8642970936638964,0.2906229734420775,0.8384758234024048,0.46572827781949705,0.9087126272065295,-0.0016912262703824249,0.9807862639427185,0.5475004145077293,0.8490470579692291,0.24420884081295546,0.7995725274085999,0.5033546601022991,0.9028573087283539,-0.07823890149593349,0.9838058948516846
30,0.516990074089595,0.44572519149099055,-0.10591046980449127,0.9998970627784729,0.5145513738904678,0.4398187254156383,-0.09886323490313118,0.9997347593307495,0.5131030253001619,0.43986312150955176,-0.09899940469435278,0.9996243119239807,0.5116921578134807,0.439844512087958,-0.09897548662764681,0.9997254014015198,0.5174943106515064,0.44049997925758344,-0.1181083270481654,0.9998963475227356,0.5182107959474833,0.4411221912928988,-0.11825908273458476,0.9999244809150696,0.5189940248216899,0.44166653156280494,-0.11833619901112143,0.9999600648880005,0.5083863667079378,0.4456812339169637,-0.05689062007835931,0.9997622966766357,0.519094167436872,0.4470795861312319,-0.1449990911143166,0.999940812587738,0.51464991739818,0.45563346573284674,-0.08718570832695276,0.9998783469200134,0.5173057709421428,0.45648654273578076,-0.11358732112816397,0.9999515414237976,0.5087892293930052,0.5113656180245534,0.025096124517066127,0.9999849200248718,0.5016696759632653,0.5155742798532756,-0.1909867465496062,0.999999463558197,0.5134385841233388,0.5910799929073876,0.08964635644640237,0.5125783085823059,0.4883775097983222,0.6036157386643544,-0.23599386811256398,0.9986767172813416,0.520085947854178,0.6493933950151713,0.08096030035189217,0.5211134552955627,0.4835577862603322,0.6866621289934427,-0.27666506000927504,0.9974120259284973,0.5206405299050465,0.6662219268935063,0.08517138383218216,0.5013957619667053,0.47827022075653053,0.7082850694656369,-0.31187896473067134,0.9935546517372131,0.5207522051674977,0.6684951152120314,0.05576719364949632,0.5179406404495239,0.48221588645662555,0.7106495465551101,-0.31180428947721195,0.9923150539398193,0.519487016541617,0.6634511947631833,0.06940107728753768,0.5017687678337097,0.4846214166709353,0.704395987306322,-0.27861858265740513,0.9819133877754211,0.49066457067217123,0.6545493585722784,0.07488504754645481,0.9999920725822449,0.4800951063632963,0.6566858632223944,-0.07481243865830554,0.9999980926513672,0.5037519403866357,0.7481042061533243,0.19677952059677659,0.5324718952178955,0.4871643296309877,0.7700702224458963,-0.031172681227326377,0.9980543255805969,0.5194766657693043,0.8437670111656186,0.31335964798927296,0.829252302646637,0.47546460202762036,0.8888232725007189,0.009323541314474172,0.9972156286239624,0.5173140679086955,0.8650436197008401,0.3203169856752667,0.8472134470939636,0.46569667458534225,0.9089149900845115,0.009698059709210479,0.9820595383644104,0.5478735208511349,0.849937522411346,0.2756688943931033,0.8169045448303223,0.5033197096415926,0.9040951269013536,-0.06741142656121932,0.9853076338768005
31,0.5159264172826492,0.44546637960842655,-0.10846882058041431,0.999906063079834,0.5135787810598098,0.4397052764892576,-0.10083282206739692,0.9997584223747253,0.5123092464038301,0.4398045292922427,-0.1009725044880594,0.9996583461761475,0.511072846821376,0.4398288565022602,-0.10094558511461525,0.9997501969337463,0.5161524057388303,0.4402942793709889,-0.119946915762765,0.9999058246612549,0.5167795641081672,0.4408961142812454,-0.1201022550463676,0.9999313950538635,0.517492273875645,0.4414188172136032,-0.12018555956227434,0.999963641166687,0.5077738932200838,0.4458229558808461,-0.056102913298777146,0.9997844696044922,0.5174068195479254,0.44663767048290776,-0.14361460251467562,0.9999459981918335,0.5138659834861753,0.4555678478309084,-0.08875613510608668,0.9998897910118103,0.5161793385233195,0.45618821723120534,-0.11499755254813597,0.9999560117721558,0.5092827779906135,0.5110449773924689,0.026104130968451485,0.9999860525131226,0.5005557315690174,0.5156436579568042,-0.18729615466935287,0.9999995231628418,0.5145899057388303,0.5868610807827539,0.0928475067019462,0.5189397931098938,0.48670180780546984,0.6035904458590913,-0.23069001138210285,0.998798668384552,0.5221238630158558,0.6444683705057414,0.08837716494287759,0.5402823686599731,0.48150876590183783,0.6869555132729663,-0.27270458766392286,0.9976636171340942,0.5229488423892428,0.6622253486088341,0.09293766553912838,0.5204087495803833,0.47563759429114183,0.7082840255328584,-0.30762751528194954,0.9941766262054443,0.5232000027384074,0.6642210602760312,0.06432252206972663,0.5388293862342834,0.4799241917473927,0.7111137356076919,-0.3083491700036184,0.9930594563484192,0.5220702631132941,0.6591785873685561,0.07710828632116314,0.5226357579231262,0.48256976519312156,0.7047857131276809,-0.275032204389572,0.9836434721946716,0.49131418381418474,0.6571464930261882,0.07442087594951899,0.9999923706054688,0.4808828490121022,0.6590814420155113,-0.07434915751218793,0.999998152256012,0.5049468994140622,0.7474031635693139,0.19831345123904084,0.5485436916351318,0.48609965443611125,0.7737752182143072,-0.030625668114849482,0.9982128739356995,0.5197991813932143,0.8444348147937225,0.3163261217730384,0.8413426876068115,0.47582571591649714,0.8892046809196468,0.009074603017818712,0.9974595308303833,0.5174363868577138,0.8656212687492366,0.32351557101522155,0.8555312156677246,0.46575801372528053,0.908931754316602,0.009543574706185606,0.9833155870437622,0.5485231144087652,0.8508788313184461,0.2798827912126267,0.8329281806945801,0.5033538086073737,0.9052700468472068,-0.06874358824321199,0.9866902232170105
32,0.5146626881190706,0.4451201115335735,-0.11202718679394036,0.9999147057533264,0.5123541900089806,0.43958641631262624,-0.10376632192305152,0.9997808337211609,0.5112788438796995,0.43977310487202215,-0.10390644137348443,0.9996902942657471,0.5102520091193061,0.43986691832542396,-0.10387538011584958,0.9997735023498535,0.5145686626434324,0.4400619617530276,-0.12256222516298289,0.9999147057533264,0.5151065962655201,0.44066296815872175,-0.12272353853498182,0.9999378323554993,0.5157527838434489,0.4411807622228348,-0.12280771157571241,0.9999669790267944,0.507101568153926,0.4459645211696623,-0.05568807274103162,0.9998049139976501,0.5154163377625599,0.4462124236992425,-0.14191168333802898,0.9999508857727051,0.5129721079553875,0.455531985419137,-0.09123571962118145,0.9999003410339355,0.5149306637900214,0.45597324286188373,-0.11707995491368425,0.99996018409729,0.5099737099238801,0.5106025167873925,0.028508291925702763,0.9999870657920837,0.49943443536758403,0.5156811424664085,-0.18273298357214235,0.9999995231628418,0.5164568952151705,0.5817510128021237,0.10190871549504141,0.5295836329460144,0.48502000144549756,0.603610094955989,-0.2279481142759322,0.9989066123962402,0.5257224849292208,0.6389860783304484,0.10788578710385727,0.5686012506484985,0.4791880939687999,0.6868378979819159,-0.2769595750740595,0.9978882074356079,0.5269250086375643,0.6576813731874736,0.1140585424644606,0.5484706163406372,0.4724863733564102,0.7072533607482907,-0.3121120486940655,0.9947322010993958,0.5275504844529286,0.6589894839695518,0.08542396809373579,0.567929744720459,0.47696777411869573,0.7105113250868658,-0.3134883880615233,0.9937252402305603,0.5263283593314032,0.65363906111036,0.09682218219552717,0.5518982410430908,0.4799152578626358,0.704422433035714,-0.2797621267182485,0.9851887226104736,0.49210955074855234,0.6590840986796784,0.07421561138970509,0.9999925494194031,0.4818015422139847,0.6605569873537334,-0.07413520259516576,0.9999982118606567,0.5061435290745324,0.747247459207262,0.19000639745167314,0.5672358274459839,0.4855161905288694,0.7754393049648827,-0.03529411272278852,0.9983519911766052,0.5201117873191832,0.8456188610621858,0.3033661672047205,0.8524603247642517,0.47589342423847725,0.8890167270387918,-0.0022717715507107085,0.997674822807312,0.5173691749572751,0.8665680595806663,0.3096995753901344,0.8631041049957275,0.46576404401234195,0.9088241423879346,-0.002675380291683329,0.9843461513519287,0.5492663604872565,0.852266488756452,0.26198794628892613,0.8476042747497559,0.5034299799374169,0.906282862595149,-0.0821651452354022,0.987932562828064
33,0.51342921427318,0.44467391882623925,-0.11064596516745426,0.9999229311943054,0.5111757602010452,0.43938556483813673,-0.10162720595087318,0.9998020529747009,0.5102458272661479,0.43967732872281734,-0.10176349899598525,0.9997203946113586,0.5093952315194263,0.4398493349552152,-0.10172955436365941,0.9997955560684204,0.5131024684224808,0.43978461197444346,-0.12012628316879267,0.999923050403595,0.5135561874934602,0.440432571513312,-0.12028787008353636,0.9999439120292664,0.5141344342912944,0.4409861734935213,-0.1203674401555742,0.9999701976776123,0.5063622951507566,0.4460565473352157,-0.05183083542755669,0.9998239874839783,0.5135559218270436,0.4459325211388722,-0.13650355253900795,0.9999555349349976,0.5119996019772118,0.4554640863622936,-0.08912361711263653,0.9999100565910339,0.5136827060154503,0.4558098793029783,-0.11458849225725441,0.9999640583992004,0.5105488555771962,0.5102517877306255,0.032465372341019746,0.9999880790710449,0.49845437662942044,0.5157199399811878,-0.17712234599249696,0.9999995827674866,0.5190015503338403,0.5772164140428813,0.11019541727645052,0.5453190207481384,0.48362411090305846,0.6032391718455721,-0.22574324352400632,0.9990071058273315,0.5302863376481189,0.6344195927892409,0.11928048580884928,0.6003912687301636,0.4768202313355035,0.686065486499241,-0.28363192507198864,0.9980929493904114,0.5319060206413266,0.6532964910779677,0.1260262284960065,0.5792766809463501,0.4695350996085573,0.7050136923789975,-0.31942075150353555,0.9952391386032104,0.532847418103899,0.6537443637847897,0.09713540396520065,0.5990700125694275,0.47383853793144204,0.7082241994994024,-0.3213760452611104,0.9943318963050842,0.5315257975033348,0.6481950112751549,0.10815898627042765,0.5835654139518738,0.47702872157096843,0.7028445873941691,-0.286914699418204,0.9866031408309937,0.4926088954721176,0.6596181460789268,0.07420745747429981,0.999992847442627,0.48258247205189275,0.6614554064614429,-0.07411261541502813,0.9999982714653015,0.507092898232596,0.7480567182813369,0.17525906520230422,0.5862705707550049,0.4871763604027882,0.7749963777405872,-0.050950746823634395,0.9984819889068604,0.520615288189479,0.8466415694781708,0.27973312480109064,0.8631497025489807,0.47574325203895546,0.8879699264253884,-0.03082128896244933,0.9978769421577454,0.5173448988369531,0.8673102004187444,0.28484559825488487,0.8703939318656921,0.46559676442827475,0.9071928824697219,-0.03274152246969085,0.9853534698486328,0.5497721314430235,0.853130870206015,0.23365307024547022,0.8613651394844055,0.5030200004577634,0.906733039447239,-0.11449483164719168,0.9890798926353455
34,0.5125434756278989,0.44440401196479773,-0.10837321920054294,0.9999303817749023,0.5103623560496736,0.43926086681229704,-0.09864036632435658,0.9998212456703186,0.5095316290855405,0.43963009033884304,-0.09877359803233823,0.9997475743293762,0.5088044864790777,0.43986084035464673,-0.09873881872211179,0.9998154044151306,0.5120555179459706,0.43962182232311775,-0.1171627466167722,0.9999305605888367,0.512425557204655,0.44030874030930633,-0.1173228706632341,0.9999493956565857,0.5129268339702059,0.4408861475331441,-0.11740063471453524,0.9999730587005615,0.5057608570371352,0.446123956782477,-0.04839665389486719,0.9998412132263184,0.5121968933514184,0.44580322674342543,-0.1327951171568461,0.9999597668647766,0.5112134507724214,0.4554857611656187,-0.08651241425956994,0.9999188780784607,0.5126935618264332,0.45577016643115426,-0.11199945466858996,0.9999675750732422,0.5109441246305191,0.5101712856973918,0.03503321659352097,0.9999889135360718,0.4976885122912268,0.5159288695880342,-0.17326439576489577,0.9999995827674866,0.5210833617619104,0.5751688054629732,0.11255382554871689,0.5656734108924866,0.4822089280400955,0.602707733426775,-0.22416383368628356,0.9990984201431274,0.5338651009968347,0.6317553009305679,0.1183245780212538,0.6329979300498962,0.4745009984288895,0.6851556794983997,-0.28414976085935306,0.9982779026031494,0.5357344286782398,0.6501478246280122,0.12480342664888922,0.6118932962417603,0.467033038820539,0.702860833917345,-0.31980085798672253,0.995698094367981,0.5366420064653666,0.6504441363470892,0.09590978984321862,0.6314100027084351,0.47101919736180964,0.7055089695113043,-0.32221123491014736,0.9948811531066895,0.5354198711259022,0.6448160869734625,0.10707407976899823,0.6168471574783325,0.4743030479976107,0.7008147580283025,-0.2876547975199562,0.9878849983215332,0.493210926226207,0.6594019736562453,0.07419822237321305,0.9999930262565613,0.48292827435902164,0.6621791652270723,-0.07409085886819018,0.9999983310699463,0.5077369434492927,0.7496632507869172,0.1628371745347976,0.6073161363601685,0.4901641845703123,0.7744136265345979,-0.06916744155543188,0.9986111521720886,0.5213229707309175,0.8472882917949127,0.2607506888253347,0.8739653825759888,0.4756270016942703,0.885977549212319,-0.060700046789965434,0.9980685114860535,0.5174839939389908,0.8676428181784489,0.2651509114674158,0.8786814212799072,0.46538277268409706,0.9044700520379199,-0.06367660877960066,0.9863815903663635,0.5501142024993894,0.8531532951763694,0.21382551959582727,0.8740799427032471,0.5020667195320128,0.906631995950426,-0.1446253706301961,0.9901300072669983
35,0.5114694220679145,0.4442659948553356,-0.10392029796327858,0.999937117099762,0.5093077523367744,0.4391475260257719,-0.09419159591197962,0.9998384714126587,0.508509918621608,0.4395821554320197,-0.0943241308842386,0.9997720122337341,0.507828651155744,0.4398651114531924,-0.09429117441177363,0.9998332262039185,0.5109560864312306,0.4395073056221006,-0.11256319284439081,0.9999372959136963,0.5113241383007592,0.44023218836103145,-0.11272435124431332,0.999954342842102,0.5118260043007985,0.4408435429845535,-0.11280114373990463,0.9999756217002869,0.5048566545758926,0.4461993907179149,-0.044569970028741,0.9998566508293152,0.511150162560599,0.44578080858503044,-0.12841251960822508,0.9999635815620422,0.5102654116494313,0.45550710899489244,-0.08236778633935107,0.999926745891571,0.5116969193731034,0.45578879373414155,-0.10764642932585303,0.9999707341194153,0.5110831771578105,0.5103017824036732,0.03750918943967137,0.9999897480010986,0.4972313089030127,0.5162434084074836,-0.16890523178236816,0.9999995827674866,0.5219654117311747,0.5733512895447864,0.113752041544233,0.5848718881607056,0.48116057855742295,0.6020752889769415,-0.22090619547026488,0.9991796016693115,0.536795445850917,0.6286778569221494,0.11862115710973734,0.6628832221031189,0.47246020436286906,0.6844703231539042,-0.28051450507981424,0.9984428882598877,0.5391208478382653,0.6457808920315331,0.12498364193098879,0.6418055295944214,0.4650816755635396,0.7014686226844784,-0.3155209967068262,0.9961069822311401,0.539784378664834,0.6461181282997128,0.09619182773998801,0.6609473824501038,0.4685416093894411,0.703642734459468,-0.31838017276355185,0.9953711628913879,0.5385292513029913,0.6410677450043811,0.10732730988945274,0.6473169922828674,0.4716478986399512,0.6993363278252734,-0.28419666119984205,0.9890257120132446,0.4940394248281204,0.6601250580378938,0.0735301377517836,0.9999933242797852,0.4837198317050932,0.6637241244316098,-0.07342429416520252,0.9999983906745911,0.5084897518157956,0.7524174451828,0.15793053039482655,0.6257068514823914,0.49283194456781637,0.7742633853639872,-0.07371419859783987,0.9987276196479797,0.5220920409475052,0.8481263279914852,0.25272362615380956,0.8834912776947021,0.47541727764265856,0.8850621053150718,-0.06579078994691369,0.9982399344444275,0.5175835013389585,0.8681866066796435,0.2572504724775041,0.8859338760375977,0.465164027895246,0.902963771138872,-0.06866488153381003,0.9872861504554749,0.5504564217158724,0.8537161435399732,0.21043303396020607,0.885403037071228,0.5012877566473822,0.906891216550554,-0.14656214373452314,0.9910732507705688
36,0.5097666484969001,0.4444359770842959,-0.10223128071853088,0.9999433159828186,0.5075522661209104,0.43930266499519327,-0.09311025355543405,0.999854326248169,0.5067307012421742,0.4397446147033144,-0.09324438720941539,0.9997944831848145,0.5060159615107943,0.44003273078373484,-0.09321510153157365,0.9998496174812317,0.5093929699489046,0.4396587967872618,-0.11116770207881922,0.9999434947967529,0.5098822661808556,0.44036326748984184,-0.11132868826389308,0.9999588131904602,0.5105036190577914,0.44095021315983346,-0.11140036795820503,0.9999780058860779,0.5032746842929293,0.4463956594467161,-0.04437074161001612,0.9998708367347717,0.5101266639573231,0.44586825796536017,-0.12736625884260444,0.999967098236084,0.5087627530097959,0.455539149045944,-0.08141685915844776,0.9999339580535889,0.510355734825134,0.4559029860155921,-0.10627676631723126,0.9999735951423645,0.5110299995967318,0.5103914805821008,0.03725600742868013,0.9999906420707703,0.4967945975916724,0.5170372094426834,-0.16619799222264964,0.9999995827674866,0.5222723960876463,0.5682486840656823,0.11544149539300369,0.6127721667289734,0.4801099232264925,0.601730508463723,-0.21989027517182477,0.9992530941963196,0.5398333464350016,0.6214364596775597,0.12600994557142253,0.6942104697227478,0.470168215036392,0.6842581442424226,-0.28046786018780284,0.998593270778656,0.5430948887552531,0.6375956892967222,0.1332846758621079,0.6742980480194092,0.4629039372716629,0.7010712044579639,-0.31479464003017954,0.9964814186096191,0.5433956929615563,0.6382630007607593,0.10452422414507179,0.6921815276145935,0.4657044581004549,0.7032062905175342,-0.3180374792643954,0.9958187937736511,0.5416330541883194,0.6338211706706454,0.11489402928522649,0.679648756980896,0.4687059709003991,0.698900771141052,-0.28435943382126927,0.99007648229599,0.4944684088230131,0.6610316923686433,0.07224896422454286,0.999993622303009,0.4850866675376889,0.6650386009897502,-0.07215879857540128,0.9999984502792358,0.5094584992953707,0.7544901422091889,0.15217302356447485,0.6435351967811584,0.49441991789000356,0.7742514388901843,-0.0713141994816916,0.9988223314285278,0.522679657595498,0.8492665341922211,0.2443878471851348,0.8910211324691772,0.47520542059625875,0.8858664308275491,-0.062123766115733524,0.9983832240104675,0.5175396595682414,0.8692792756216863,0.2487935193947382,0.8909401893615723,0.46502972841262796,0.9039610692432944,-0.06474529983741893,0.9879637956619263,0.5507605416434149,0.8554550886154171,0.20482957788876113,0.8952369689941406,0.5012297766549245,0.9077358773776459,-0.13861719540187284,0.9919024109840393
37,0.5081391794340948,0.4448972770145959,-0.1010695725679397,0.9999489188194275,0.5058448944772991,0.4398000521319251,-0.09237745702266688,0.9998688101768494,0.5050011481557571,0.4402374795504977,-0.09251088116850167,0.9998149275779724,0.5042503339903692,0.4405231348105837,-0.09248398925576887,0.9998645782470703,0.5078516466276983,0.44010037524359547,-0.11028443468468525,0.9999490976333618,0.5084363051823205,0.4407372883387972,-0.11044155359268183,0.9999629259109497,0.5091454744338987,0.441242867708206,-0.11050645836762014,0.9999802112579346,0.501695200375148,0.446935005698885,-0.04457581170967645,0.9998837113380432,0.5089044383593966,0.4459771905626567,-0.12703600142683297,0.9999703764915466,0.5072712966373987,0.4556698415960582,-0.08088863662311005,0.9999405145645142,0.5090148006166728,0.456031834227698,-0.10553354897669379,0.9999762177467346,0.5109180263110567,0.5104414003235951,0.03494163634521619,0.9999914765357971,0.49625764318874876,0.5185686979975017,-0.16539311366421827,0.9999995827674866,0.5232703821999685,0.5612010036196026,0.11015477329492564,0.6460697650909424,0.4789716379983082,0.6017357519694734,-0.2207576802798679,0.9993199706077576,0.5439971600260051,0.6112587349755421,0.118090451828071,0.7241960167884827,0.46730177232197334,0.6841478126389636,-0.2842873224190302,0.9987297654151917,0.548281783717019,0.6271061607769555,0.12437553512198579,0.7060738801956177,0.460270742859159,0.7009628772735592,-0.31836212873458847,0.9968231916427612,0.5482496517045155,0.6278998170580179,0.09556721150875087,0.7223541140556335,0.46207933255604317,0.7031088794980727,-0.3223587078707557,0.9962267875671387,0.5461271081651957,0.6238981383187427,0.10676689275673454,0.71101975440979,0.4648831622941151,0.6987374169485907,-0.28857886876378724,0.9910396933555603,0.49444502847535243,0.6614162785666327,0.07078801904405864,0.9999938607215881,0.48621060592787585,0.6656435029847279,-0.07072137487786154,0.9999984502792358,0.5107497964586528,0.7552839841161452,0.13912658691406243,0.662907600402832,0.4964131653308866,0.7741211652755733,-0.07436215600797105,0.9989119172096252,0.5229675889015195,0.8501997556005202,0.22477470593793042,0.8984096050262451,0.4750723166125159,0.8875854986054552,-0.0681318687541144,0.9985139966011047,0.5173236880983623,0.8703416858400612,0.2285663591963903,0.8963685631752014,0.4646720605237141,0.9055911558015002,-0.0709892249533108,0.9886081218719482,0.5508571965353827,0.8572272607258384,0.18518540816647658,0.90435391664505,0.5014412573405672,0.9089365822928288,-0.14263494312763209,0.9926551580429077
38,0.5070419175284246,0.4456476994923181,-0.09976496483598432,0.9999539852142334,0.504767094339643,0.44057318568229653,-0.0908214483942304,0.9998818635940552,0.5039725763457159,0.4409768096038271,-0.09094852421964914,0.9998334050178528,0.5032679421561103,0.4412392650331768,-0.09092611713068821,0.9998781085014343,0.5066574777875625,0.44080810376575996,-0.10901655192886076,0.9999541640281677,0.5072110039847235,0.4413529115063802,-0.10915776597602023,0.9999666213989258,0.5078856910978042,0.44174820951053057,-0.10919694432190481,0.9999821782112122,0.5007690020969934,0.4476168121610367,-0.043335774860211757,0.9998953342437744,0.5075173803738183,0.4461501496178761,-0.12641114315816326,0.9999732971191406,0.5062596951212199,0.4560256378991261,-0.07978871975626262,0.9999464750289917,0.5079395345279146,0.456250202655792,-0.10469858007771624,0.9999786019325256,0.5106125712394711,0.5102601936885287,0.033474865875073825,0.999992311000824,0.49559150849069844,0.5203044244221277,-0.16489035614899217,0.9999995827674866,0.5251706242561338,0.5541632311684742,0.10025243397269926,0.6797220706939697,0.47750692623002167,0.6020142725535799,-0.2216894234929765,0.999382734298706,0.5486105935914174,0.6007094229970656,0.09597009973866595,0.7515802383422852,0.464546569756099,0.6840770142418995,-0.2846442409924097,0.9988518953323364,0.553397566931588,0.6161719339234486,0.09965814054012292,0.7351450324058533,0.4577307820320127,0.7010710477828976,-0.3183785600321632,0.9971283078193665,0.5535168801035197,0.6165712084089003,0.07083955279418397,0.7498721480369568,0.4588362012590679,0.7031268681798659,-0.3230574624879018,0.9965916275978088,0.5511558498655045,0.612549863542829,0.08410123097045077,0.7396448850631714,0.46144691705703716,0.6986722350120541,-0.2892028629779814,0.9919014573097229,0.4942297177655354,0.6608003718512396,0.0699118220380374,0.9999942183494568,0.486592854772295,0.6653220346995758,-0.06986387542315889,0.9999984502792358,0.5118476118360245,0.754842628751482,0.12630453578063414,0.6870325803756714,0.49852125644683815,0.7739320772034778,-0.08017519435712266,0.9990014433860779,0.5229669315474372,0.8505812542779101,0.20473134687968653,0.906306803226471,0.4751896313258578,0.8890855806214465,-0.07835919026817591,0.9986398220062256,0.5171568053109303,0.8707915680749071,0.20775312781333916,0.9027946591377258,0.46429119280406383,0.9071209515844068,-0.08165559332285605,0.9892951250076294,0.5507386463029043,0.8577884929520739,0.16306608872754225,0.9130148887634277,0.5015175172260827,0.9097215397017339,-0.15284999779292507,0.9933486580848694
39,0.5065489241055077,0.44677686180387205,-0.0986919094409261,0.9999585747718811,0.5044094545500617,0.4415413941655838,-0.08933773785829541,0.9998936653137207,0.5036958217620847,0.44186950411115355,-0.08945927470922466,0.9998500347137451,0.5030842287199835,0.44207921964781605,-0.08944265672138754,0.9998902678489685,0.5060487662042887,0.44181903260094757,-0.10806538185902999,0.9999587535858154,0.5065066082136969,0.4422801979950494,-0.10819176009723114,0.9999699592590332,0.5070849878447394,0.4425838802542003,-0.10820163594824922,0.9999839663505554,0.5005249968596865,0.44839569755962894,-0.04177460031849996,0.9999057650566101,0.5064505900655472,0.44662051967212113,-0.12627365099532256,0.9999759793281555,0.5057976773806978,0.4567726322582788,-0.07880532400948656,0.9999518394470215,0.5072262525558469,0.4568063804081506,-0.10433797942740572,0.9999807476997375,0.5099370530673433,0.5100301027297971,0.03264127767511775,0.999993085861206,0.4949283301830289,0.5216945307595386,-0.1650515730891908,0.9999995827674866,0.5267706956182205,0.5492166774613514,0.09422980185065946,0.7107502818107605,0.4761380314826963,0.6021420172282624,-0.2223655743258339,0.9994401931762695,0.5521604657173155,0.5941492029598778,0.08475746703999379,0.7763190269470215,0.4627998939582278,0.6839082581656317,-0.2835128809724534,0.9989624619483948,0.5570592675890239,0.6079540882791789,0.0872758682285036,0.7614518404006958,0.4557813916887553,0.7009184956550595,-0.31666508231844204,0.9974043369293213,0.5574340496744425,0.6079185264451161,0.05842043821300776,0.7747486233711243,0.45680174572127186,0.7028845003673005,-0.3220335619790212,0.9969213604927063,0.5551295280456541,0.6042725614139008,0.07255253536360601,0.7655300498008728,0.459448216642652,0.698448630741664,-0.28831425990377135,0.992681622505188,0.4940783534731181,0.6604641369410921,0.06958572523934498,0.9999945163726807,0.4863985529967714,0.664978674479893,-0.06954537481069561,0.9999984502792358,0.5126304830823624,0.7546025923320222,0.12440595882279527,0.7108572125434875,0.5002764284610746,0.7736823235239297,-0.07820041073220113,0.9990824460983276,0.5229030541011264,0.8505918809345786,0.20023555840764717,0.9136378169059753,0.47540608474186463,0.8903028607368466,-0.07497409880161282,0.9987504482269287,0.5170818754604882,0.8709544607571189,0.2030190736055373,0.9089327454566956,0.4640564305441718,0.908538162708282,-0.07810460392917902,0.9898881316184998,0.5506517853055679,0.8576351812907623,0.15833209667887,0.9208811521530151,0.5015422514506747,0.9104047485760276,-0.14828813118594025,0.9939669966697693
40,0.5061666914394921,0.44780550854546664,-0.0938697299786976,0.9999626874923706,0.5041331768035886,0.4424289158412386,-0.08425863427775243,0.9999042749404907,0.5034835832459583,0.4426733391625538,-0.08437613908733636,0.9998649954795837,0.5029437797410146,0.4428312242031095,-0.08436238297394341,0.9999012351036072,0.5055327619825087,0.4427961988108497,-0.10346931602273665,0.9999628663063049,0.505883181095123,0.44319155045918035,-0.10359235171760826,0.999972939491272,0.5063454014914374,0.4434268500123703,-0.10359243920871186,0.9999855756759644,0.5002569207123345,0.44918837462152733,-0.03695748741073266,0.9999151825904846,0.5054131507873533,0.4472127991063252,-0.12338893860578531,0.9999783635139465,0.5054804563522336,0.457582971027919,-0.07413940131664273,0.9999566674232483,0.5066290599959234,0.457490539550781,-0.10032923264162877,0.9999826550483704,0.5091418623924253,0.5095355544771465,0.034904051252773814,0.9999937415122986,0.4941819599696566,0.5227841292108806,-0.16272010207176202,0.9999995827674866,0.5274941716875345,0.5452069606099808,0.09617864106382637,0.7387605905532837,0.4747117025511603,0.6024547185216629,-0.2201285741158893,0.9994927048683167,0.5544688752719331,0.5877198083060126,0.08657993610416136,0.7985798716545105,0.46113800065858,0.6836847799164906,-0.28098085011754703,0.9990620613098145,0.5593690497534614,0.5995777760233194,0.0900525222931589,0.7851071357727051,0.4536632554871693,0.700634065696171,-0.31455810070037826,0.9976523518562317,0.5599640335355484,0.599087059497833,0.06138490693909779,0.7971202731132507,0.4549545569079261,0.7024950163705005,-0.31877107109342284,0.9972177147865295,0.5576700091361997,0.5960747991289408,0.07480974218675066,0.788811981678009,0.4580868346350532,0.698147106170654,-0.2853304522378103,0.9933825135231018,0.4939979221139633,0.6601913179670058,0.06959159501961296,0.9999947547912598,0.48639881440571353,0.6648939490318295,-0.0695548240627561,0.9999984502792358,0.5135053157806395,0.7544607724462233,0.12834010933126716,0.7338816523551941,0.5010353488581518,0.7738905617168969,-0.07790159242493762,0.999159574508667,0.5228787830897738,0.8507821031979149,0.2060706973075866,0.9204689860343933,0.47555588313511415,0.8919503654752454,-0.0749290402446474,0.9988526105880737,0.5170905590057371,0.8715856449944628,0.20908474879605418,0.914854884147644,0.4639828341347828,0.9100669707570753,-0.07804678465638838,0.9904666543006897,0.5505998917988366,0.8578599963869363,0.16536314061709806,0.9280333518981934,0.5016139268875119,0.9110488431794298,-0.14741936581475387,0.9945283532142639
41,0.5054238591875346,0.44885561210768543,-0.08258079311677384,0.9999663829803467,0.5032574602535791,0.4436165043285913,-0.07383467352816034,0.9999138116836548,0.5025939430509292,0.44382072687149027,-0.07395177621926577,0.999878466129303,0.5020455930914196,0.443960243463516,-0.07393736307110102,0.9999110698699951,0.5046747531209671,0.44400978854724316,-0.09286228397062843,0.999966561794281,0.5050065636634824,0.4443641585963111,-0.09299386015960144,0.9999756217002869,0.5054407068661279,0.44454736539295714,-0.09300951233931945,0.999987006187439,0.4993090535913193,0.4507555723190305,-0.030221069391284654,0.9999236464500427,0.5044154644012449,0.44850108708654113,-0.11649369150400157,0.9999805092811584,0.5048047849110192,0.45854265519550846,-0.06420931581939968,0.9999609589576721,0.5058823364121571,0.4583865029471259,-0.09026051759719844,0.9999843835830688,0.508200783388955,0.5091755935123986,0.037121023450578945,0.9999943375587463,0.4934088221618105,0.5249924336160929,-0.15742310583591454,0.9999995827674866,0.5282252039228165,0.540314389978136,0.09677766923393517,0.7643236517906189,0.4731840065547396,0.6029985087258473,-0.21710271622453406,0.9995405077934265,0.5569715840475897,0.5773810284478321,0.08896489079509459,0.8186472058296204,0.45907747575214913,0.6832739812987187,-0.27988286018371566,0.9991512298583984,0.5630528432982306,0.5878779803003581,0.09322811428989677,0.8064327239990234,0.45129203626087716,0.7004465750285553,-0.31335101042475005,0.9978736042976379,0.5633447936602999,0.5875995159149168,0.06498169345515112,0.8172808885574341,0.4522092342376707,0.7021720477512902,-0.3173433440072194,0.9974824786186218,0.5608195917946949,0.5852944902011323,0.07751025046621046,0.8097954988479614,0.45556742548942547,0.6977254356656752,-0.28427075658525724,0.9940081238746643,0.4941132800919667,0.6601535694939746,0.06887540838548112,0.9999950528144836,0.48671342815671625,0.6655368106705799,-0.0688455447554588,0.9999984502792358,0.5149959887777054,0.7542581983974999,0.13013220046247748,0.7569169402122498,0.5012993318693977,0.7756164925439013,-0.07781310656241004,0.9992344379425049,0.5228704265185762,0.8514408179691856,0.20809639394283286,0.9271458983421326,0.475538315943309,0.8935279369354243,-0.07465247597013197,0.9989510178565979,0.5169580187116347,0.8725113187517435,0.21116613958563116,0.9207220077514648,0.4637826221329823,0.91137934241976,-0.07769835208143502,0.9910664558410645,0.5505418164389471,0.8589654411588392,0.1687937127692358,0.9346685409545898,0.501688606398446,0.9120860099792477,-0.14634978004864277,0.9950459599494934
42,0.5044120362826754,0.4499308730874741,-0.07167654207774568,0.9999697208404541,0.5020374349185397,0.44513557297842826,-0.06390069488968166,0.9999223947525024,0.5013451269694735,0.445375312226159,-0.06401779311043873,0.9998906254768372,0.5007667575563701,0.4455427953175134,-0.06400352354560576,0.9999199509620667,0.503489714009421,0.44553796819278146,-0.08233537588800699,0.9999698996543884,0.5038063611303055,0.4459548754351478,-0.08247158718960622,0.9999780654907227,0.5042132411684306,0.4461712760584693,-0.08249844440392082,0.999988317489624,0.49808252879551457,0.4531524368694848,-0.024304978602698857,0.999931275844574,0.5031600509371074,0.45094637019293626,-0.10861907345908023,0.9999824166297913,0.5039254324776783,0.45987126827239966,-0.054775917317186056,0.9999648332595825,0.5049915364810397,0.4597742344651901,-0.08007522864001133,0.999985933303833,0.5073509863444734,0.5089128085545129,0.03887985412563595,0.9999948740005493,0.49249020474297633,0.5279099549565993,-0.15093102327414915,0.9999995827674866,0.5291475023542129,0.5330201131956915,0.09478933960199351,0.7873451709747314,0.4717787376471926,0.603680450575692,-0.21445535676819927,0.9995815753936768,0.5598325133323667,0.5629934651511053,0.08766406902245108,0.8366885781288147,0.4565674449716294,0.6828069363321574,-0.2810407655579702,0.9992278218269348,0.5675748263086589,0.5721314890044074,0.09177864896399629,0.8255729079246521,0.448996522596904,0.7003600290843415,-0.3137323285852158,0.9980625510215759,0.5675434844834462,0.5716459921428133,0.06400219712938579,0.835379958152771,0.4493941656180788,0.7018823913165498,-0.31868226698466695,0.9977104067802429,0.5645445874759127,0.5699293613433835,0.07620350484337123,0.8286371231079102,0.45253019673483696,0.6972947205815994,-0.28599433217729825,0.9945457577705383,0.49450977359499226,0.6608233673231939,0.06749026328325268,0.9999953508377075,0.4872702828475405,0.6672689557075497,-0.06746697489704402,0.9999984502792358,0.5169005359922134,0.7539825166974745,0.12893316277435843,0.7774221897125244,0.5014225959777829,0.778497835568019,-0.07698711391006194,0.9992942810058594,0.5228560873440331,0.8522814001355848,0.20514668566840025,0.9330571889877319,0.47542878304209,0.8945774453026903,-0.07400514302509167,0.9990258812904358,0.5168151770319256,0.8733560834612161,0.20805593047823215,0.9260748028755188,0.46349386743136795,0.9123941336359291,-0.07704727553895538,0.9914503693580627,0.550307534422193,0.860290920734405,0.16620855629444115,0.9405112266540527,0.5016822389193941,0.9133011102676387,-0.14604891730206349,0.9954848885536194
43,0.5032720037869043,0.45126496042524045,-0.0686553122741835,0.9999727606773376,0.5007288805076052,0.44694150686264017,-0.06140623954789976,0.9999301433563232,0.4999772208077565,0.4472589552402494,-0.06152527023638995,0.999901533126831,0.4993416837283541,0.44749191488538453,-0.061510846444538636,0.9999279379844666,0.5022577864783149,0.4473522722721098,-0.07938593753746573,0.9999728798866272,0.5025569796562193,0.447868912560599,-0.07952254542282647,0.9999802708625793,0.5029324310166492,0.4481574024472916,-0.07955403945275712,0.9999895095825195,0.49673655288560026,0.4558408388069696,-0.023888902685471933,0.9999381303787231,0.5019081899097986,0.45390451976231144,-0.10634820482560561,0.9999841451644897,0.5028173668043951,0.4616071164608,-0.05253707095980641,0.9999683499336243,0.503913240773337,0.4615335191999161,-0.0772518809352602,0.9999873042106628,0.5067062411989482,0.5088255916322979,0.03707843625119753,0.9999953508377075,0.4914857711110794,0.5305896878242491,-0.1492080411740711,0.9999995827674866,0.530346814223698,0.5264762639999387,0.09005961162703374,0.8081831932067871,0.4706963053771425,0.6043282713208877,-0.21663283663136607,0.999618649482727,0.56260392836162,0.5480529904365536,0.08525685966014858,0.8529402613639832,0.4545652236257279,0.6824467693056375,-0.2891565689018793,0.999295175075531,0.571567322526659,0.5552581327302113,0.08880974820681978,0.8428272008895874,0.44731994186128865,0.7002606868743894,-0.32091947197914106,0.9982284307479858,0.5714234045573641,0.5545737011092047,0.061476925441196956,0.8516915440559387,0.4472518546240668,0.7015905431338716,-0.3278682700225284,0.9979113340377808,0.5681307145527429,0.5537344200270514,0.07358182157788953,0.845619261264801,0.45014023610523746,0.6968422685350687,-0.29511245914867934,0.9950217604637146,0.4953757618154796,0.6624153597014288,0.06606209618704657,0.9999956488609314,0.4877260446548459,0.6695084026881624,-0.0660398579069546,0.9999984502792358,0.5187154105731416,0.7536363635744364,0.12963439353874745,0.7968083620071411,0.502223673888615,0.7815068364143368,-0.07318160853215623,0.9993525743484497,0.522849711350032,0.8529393945421487,0.20802805466311308,0.9387140274047852,0.4753540515899656,0.8947764720235548,-0.06117482121501647,0.9991015195846558,0.5167281627655027,0.8738086870738434,0.21121102614062162,0.9313734173774719,0.46330241305487474,0.9126542840685159,-0.06318198421171731,0.9919204115867615,0.5499876022338864,0.861748852048601,0.17028807486806588,0.9459174275398254,0.5015452555247714,0.9142345564705981,-0.13022904268332886,0.9958946108818054
44,0.50227757862636,0.4526651620864866,-0.0678971171379089,0.9999754428863525,0.49972003357751005,0.4486632645130155,-0.0607134615736348,0.9999370574951172,0.4989314300673346,0.44903880272592794,-0.060834189291511236,0.9999113082885742,0.4982571908405846,0.44933112348828974,-0.060817624415670096,0.9999350905418396,0.5012452891894748,0.4490562745503015,-0.07851512495960504,0.9999755620956421,0.5015100462096076,0.4496186750275746,-0.07865613826683585,0.9999822378158569,0.5018444010189599,0.44994502578462847,-0.07869274488517211,0.9999905228614807,0.49567134806088015,0.45798636760030453,-0.02352368219622543,0.9999443292617798,0.500900020769664,0.45626292739595664,-0.10526275954076217,0.9999856948852539,0.5018804379871911,0.46335216760635356,-0.05191573000379969,0.9999715089797974,0.502992112295968,0.4632154524326322,-0.07643061748572755,0.9999885559082031,0.50661552463259,0.5087565370968408,0.03594971639769416,0.999995768070221,0.4904742607048577,0.5320639729499814,-0.14788863062858576,0.9999995827674866,0.5322696498462129,0.5236902662685936,0.09116875508001868,0.8268193602561951,0.4699764515672409,0.6051545602934698,-0.2187840636287416,0.9996500015258789,0.5652216110910685,0.5373698455946783,0.09426802801234377,0.8675012588500977,0.4532345013959065,0.682322321619306,-0.29534156918525684,0.9993494749069214,0.5738847460065566,0.5430507864270888,0.09890457838773722,0.8582205176353455,0.44612599526132835,0.6998982923371448,-0.3273984840938022,0.9983624219894409,0.5736906307084217,0.5421844720840452,0.07212811091116493,0.8662654757499695,0.4460826652390614,0.7011944702693391,-0.3340473294258116,0.9980775713920593,0.5704353826386586,0.5420284850256781,0.0829361579247883,0.8608036637306213,0.44912310923848814,0.6965192931038989,-0.3012095970766884,0.9954168796539307,0.4966127446719576,0.6644316213471546,0.06513619976384297,0.9999958276748657,0.48784394860267616,0.6712698834283009,-0.06510970400912418,0.9999984502792358,0.5201663902827669,0.7537253005164007,0.13093842864036553,0.8136835098266602,0.5032032506806507,0.7830651947430198,-0.06994709883417399,0.9993994235992432,0.5228311232158114,0.8533578208514618,0.21143189030034193,0.9437530636787415,0.4752411867891037,0.8946940336908609,-0.04868526299084933,0.9991615414619446,0.5167271545955111,0.8740989702088489,0.21487475122724253,0.935992419719696,0.4631697825023104,0.9124487400054927,-0.049618923451219266,0.9922401905059814,0.5496991702488487,0.8627878069877621,0.17413988070828565,0.9507534503936768,0.5014107857431682,0.9147272552762709,-0.11341763202633172,0.9962503910064697
45,0.50089065517698,0.4541413579668315,-0.0665409024272646,0.9999778866767883,0.4983124520097457,0.4504124028342109,-0.05957204774022099,0.9999433159828186,0.4975209900311059,0.45082059587751094,-0.059694387976612334,0.999920129776001,0.49684610111372784,0.4511439604418616,-0.05967733285256792,0.9999415874481201,0.49985814605440393,0.4506596130984168,-0.07706972594772063,0.9999780058860779,0.500135358742305,0.4511627171720775,-0.0772153237036296,0.9999840259552002,0.5004895763737812,0.4514263229710713,-0.07725661269256043,0.9999914765357971,0.49441562465258987,0.4596788074289047,-0.022977145974125167,0.9999498724937439,0.4998595995562415,0.4577634947640553,-0.10353864388806475,0.9999871253967285,0.5006836158888679,0.4647952743938989,-0.050791792039360295,0.9999743700027466,0.5017864687102179,0.4645943352154321,-0.07493773145335057,0.9999896883964539,0.5066427111625669,0.5087803840637204,0.0350503628275224,0.9999961256980896,0.4893994535718643,0.5334869708333694,-0.14464692473411553,0.9999995827674866,0.5344042079789295,0.5219788125583101,0.09606463483401703,0.8436715602874756,0.46893870575087393,0.6065939920289173,-0.2153132336480276,0.9996792674064636,0.5673747590609957,0.5280105991022925,0.11044701742274415,0.8806484937667847,0.452206778526306,0.6823603970663885,-0.2947731230940136,0.9993998408317566,0.5757906351770671,0.5321411277566634,0.11673831450087678,0.8721621036529541,0.44507218514169944,0.6995939288820536,-0.3252542069980075,0.998488187789917,0.5755994813782825,0.531624114513397,0.09071998425892416,0.879451334476471,0.4448043150561194,0.7008991173335481,-0.33348699893270206,0.9982319474220276,0.5723241175924026,0.5320916967732563,0.09965191313198629,0.8745401501655579,0.4481355215821945,0.6962683337075366,-0.30164534534726806,0.995785653591156,0.4978441170283724,0.6656844530786783,0.06400152402264728,0.9999960660934448,0.48817936352321056,0.6722311309405733,-0.06397105859858646,0.9999984502792358,0.5215521454811094,0.7539822016443521,0.13134100053991582,0.8301053643226624,0.504552626609802,0.7836240751402714,-0.06700689345598218,0.9994441270828247,0.5228040831429616,0.8535648873874115,0.21411702845777775,0.9485031962394714,0.47503535917827033,0.8950110520635328,-0.03642860640372547,0.9992155432701111,0.5166971428053717,0.8742214645658217,0.21792300471237716,0.9405293464660645,0.4630871755736213,0.9126904300280976,-0.03620924513254845,0.9925680756568909,0.5495544535773138,0.8635322468621387,0.17813644451754423,0.955259382724762,0.5012504015650066,0.915234199592045,-0.09644197800329748,0.9965763688087463
46,0.5000448984759193,0.455826208421162,-0.06857058150427678,0.999980092048645,0.49742933341435003,0.452287355491093,-0.06132742177162849,0.9999489784240723,0.49671974267278374,0.4527285729135784,-0.06145430047597201,0.9999281167984009,0.4961198891912185,0.4530746281147001,-0.0614363074302673,0.9999474287033081,0.4987693079880303,0.4524832129478452,-0.07871448206050052,0.9999802112579346,0.4989942133426664,0.45301039218902567,-0.07886404948575151,0.9999856352806091,0.49930288025311037,0.4533255253519329,-0.07890973325286589,0.999992311000824,0.4938089421817232,0.4616285673209597,-0.02352629027196338,0.999954879283905,0.4986281480107986,0.4601282903126306,-0.10358749628067011,0.9999883770942688,0.5000744462013242,0.4664311562265666,-0.05245118130530627,0.9999769330024719,0.5010331954274856,0.4663953542709348,-0.07648078075477051,0.999990701675415,0.5067006145204814,0.5087981922285896,0.03355159376348766,0.9999964833259583,0.48848283290863015,0.5354184218815392,-0.14249319349016454,0.9999995827674866,0.5357293231146674,0.5172259279659814,0.09773058422974173,0.8588099479675293,0.4674555718898771,0.6085180265562873,-0.21199285260268608,0.9997029304504395,0.5682449800627569,0.5146716867174419,0.11717099887984134,0.8924776315689087,0.4510020477431159,0.6825002006122041,-0.29454182897295256,0.9994353652000427,0.5768680964197428,0.5167922190257479,0.12337069064378732,0.8846954703330994,0.4435178186212265,0.6992509041513713,-0.3242792878832134,0.9985769987106323,0.5768713763781953,0.5170473890645161,0.09884548059531616,0.8913045525550842,0.44349458132471337,0.7007890854563029,-0.33426279340471526,0.9983468055725098,0.5735758560044422,0.5180743694305416,0.10691445235695153,0.8868878483772278,0.44710881114006024,0.6962637373379295,-0.3023457424981252,0.9960674047470093,0.49863825781004745,0.6670898556709286,0.06317032022135595,0.9999963045120239,0.4887018518788471,0.6734150069100513,-0.06313565224409101,0.9999984502792358,0.5230202981403893,0.7542756284986221,0.13614025158541537,0.8437260985374451,0.5061467136655533,0.7838958093098227,-0.06572475986821308,0.9994804859161377,0.5227814946855815,0.853600430488586,0.223932471019881,0.9524187445640564,0.47483256288937137,0.8956718512943809,-0.029299869069031294,0.9992572665214539,0.5166413170950751,0.8741757478032789,0.2283449100596563,0.9439935684204102,0.4629183530807493,0.9131000348499838,-0.02831483799964188,0.9927666187286377,0.5493621553693496,0.8641733016286572,0.18972342099462225,0.9591405987739563,0.5010761022567747,0.9163663302149087,-0.08713749136243544,0.996859610080719
47,0.499647876194545,0.45785700338227386,-0.07447419805186133,0.9999820590019226,0.4969523506505147,0.45428932224001184,-0.06676458248070305,0.9999540448188782,0.4963512710162569,0.4547745415142602,-0.06689471708876743,0.9999352693557739,0.4958507078034535,0.4551608979701994,-0.0668745934963226,0.9999526739120483,0.49799277867589653,0.45454209872654483,-0.08398836425372527,0.9999821782112122,0.49812619004930747,0.4551803129059926,-0.08413926597152434,0.9999870657920837,0.49835040484155907,0.4556646134172165,-0.08418821735041478,0.999993085861206,0.4935571125575472,0.4639840372971124,-0.026630742102861392,0.999959409236908,0.49743447899818394,0.46327662723405,-0.1055918653096471,0.9999895691871643,0.4998869248798913,0.4684917824608937,-0.057602001194442996,0.9999791979789734,0.5005709886550902,0.4687695298876079,-0.0814417087606021,0.9999916553497314,0.5067298207964214,0.5088057330676485,0.030664951301046767,0.9999967813491821,0.48780698776245096,0.5378119621958048,-0.14388642353670933,0.9999995827674866,0.5369722349303107,0.5097475213663916,0.09094843374831332,0.8723710775375366,0.465805432626179,0.610445930276598,-0.2106433012655802,0.9997284412384033,0.5688062548637387,0.4975123107433317,0.10327711914266854,0.9031094312667847,0.4498177145208629,0.6825562715530392,-0.2975376793316431,0.9994810819625854,0.5778745140348159,0.4966151237487791,0.10720756405166212,0.8959749341011047,0.441844776698521,0.698999750614166,-0.3286524653434752,0.9986919164657593,0.5782752037048338,0.49734794582639397,0.08402099880789005,0.9019732475280762,0.44223524587494967,0.7007682544844488,-0.3368973101888383,0.9984855651855469,0.5749687245913911,0.4991957443101063,0.09323528377073148,0.8980019092559814,0.44601627843720554,0.696258335454123,-0.3045070316110337,0.9963971972465515,0.4990962735244204,0.6686465280396594,0.06279302452291757,0.9999964237213135,0.48906345708029586,0.6749746714319498,-0.06275699159928727,0.9999984502792358,0.5244716661317006,0.7544931582042146,0.14429006831986557,0.8557055592536926,0.5073908908026556,0.785054859093257,-0.06419887116977144,0.9995141625404358,0.522760440622057,0.8537121329988748,0.23944830298423758,0.9558798670768738,0.4747363516262597,0.8967227561133244,-0.020116030211959558,0.9992953538894653,0.5164737684386115,0.874065734658922,0.24460071155003127,0.9473791122436523,0.46277134673936005,0.9137947337968004,-0.01821508545960698,0.9930102229118347,0.5490510412624902,0.865577171530042,0.20665060324328277,0.962659478187561,0.5009115627833773,0.9183742642402645,-0.07649419882467812,0.9971189498901367
48,0.49991849831172375,0.45999033961977254,-0.08306660460574283,0.9999838471412659,0.49708401645932854,0.4562360278197695,-0.07452640224780352,0.9999586343765259,0.49656476122992355,0.4567567910466873,-0.07465762676937236,0.9999417066574097,0.4961301275662011,0.457195780106953,-0.07463257972683222,0.9999573826789856,0.4978315745081218,0.4566532782145907,-0.09206213759524477,0.9999839663505554,0.49785105500902427,0.4574569710663385,-0.09221465374742231,0.9999883770942688,0.497951874562672,0.45821110946791493,-0.09226342950548441,0.9999938011169434,0.49368793453489007,0.46644553116389664,-0.030357246100902544,0.9999634623527527,0.4964236872536793,0.46695594872747126,-0.11029592135122838,0.9999905824661255,0.5002153004918777,0.4707807285445075,-0.06473719147699217,0.9999812841415405,0.5007666485650196,0.47131281665393265,-0.08895786042724332,0.9999924898147583,0.5067388006619042,0.5088058965546742,0.02836442334311348,0.9999970197677612,0.487505085127694,0.5400396176746911,-0.14674556425639554,0.9999995827674866,0.5381691149302888,0.5020830477987015,0.07908759659954476,0.8846036791801453,0.46467874561037315,0.6117947765759058,-0.21325462290218888,0.9997510313987732,0.569114097527095,0.48215211374419054,0.07485440000891681,0.9126852750778198,0.44882204788071745,0.6824539150510512,-0.30009235228810976,0.9995216727256775,0.5782187887600487,0.4780886547906056,0.07512026642050058,0.9061447381973267,0.4403924277850558,0.6987674542835777,-0.33332903044564366,0.9987930655479431,0.578605086462838,0.4782131382397241,0.05296176033360615,0.911587119102478,0.44134110723222986,0.7007013372012544,-0.33962859341076423,0.9986082911491394,0.575286873749324,0.4810960710048673,0.06466378335441858,0.9080111980438232,0.445226980107171,0.6962357061249866,-0.30581167510577595,0.9966898560523987,0.49949885862214205,0.6705352578844339,0.06300194902079442,0.999996542930603,0.4892568911824905,0.6769595163209094,-0.06296710010085785,0.9999984502792358,0.5258826954024176,0.7548280511583597,0.14714575282164974,0.8655853271484375,0.5085744602339606,0.7874250360897606,-0.06490262321063447,0.9995366930961609,0.5228575399943758,0.854461254392351,0.2418264342205864,0.9587845206260681,0.47481855579784915,0.8975240298679893,-0.015982434379735157,0.999311625957489,0.5163602164813448,0.8742742214884073,0.24681757858821313,0.9502690434455872,0.46279900670051555,0.9141186918531141,-0.013388455785544848,0.9930757284164429,0.5487337316785537,0.8672534210341313,0.207110828586987,0.9657189249992371,0.5009472795895165,0.9204856038093563,-0.0714808738657406,0.997326135635376
49,0.49989457385880587,0.4617280270372116,-0.09163665111575803,0.9999854564666748,0.4969151028564996,0.45787017345428443,-0.08283785943474084,0.9999627470970154,0.4964293556553975,0.4584321149757928,-0.08296902392591744,0.9999474883079529,0.4960202293736592,0.45893389838082427,-0.08294119238853451,0.9999616146087646,0.49756591660635785,0.458318450621196,-0.10069669548954278,0.9999855756759644,0.4975515297480989,0.4591924352305274,-0.1008504729185785,0.9999895095825195,0.49760918702398005,0.4600920592035564,-0.10089944750070567,0.9999943971633911,0.4935243972710198,0.468426727397101,-0.03626953214406965,0.999967098236084,0.49583203877721493,0.469435770171029,-0.11783138492277685,0.9999915361404419,0.5002653828689028,0.4726338488715033,-0.07233139510665618,0.9999831318855286,0.5007597855159212,0.4732041793210164,-0.09695289603301452,0.9999932050704956,0.5068444558552331,0.5088125211851935,0.025032660790852125,0.9999971985816956,0.4872522907597676,0.5419405562537054,-0.151187748994146,0.9999995827674866,0.5390822631972174,0.4964188660894119,0.06932771929672782,0.8950913548469543,0.464059690918241,0.6130154694829666,-0.21613367029598773,0.9997689127922058,0.5687962480953759,0.47292029431888016,0.054670715544904956,0.9212567210197449,0.447945531776973,0.6825987696647642,-0.3005690668310437,0.9995482563972473,0.5779179896627151,0.4657587945461271,0.052961335756948995,0.9152485728263855,0.4395964120115551,0.698855318341936,-0.3336367215429032,0.9988617897033691,0.5780506985528125,0.4643344257559093,0.031017652899026853,0.9202012419700623,0.4407044470310209,0.7008794597217012,-0.34113276515688196,0.9986980557441711,0.5746222853660581,0.46827448521341575,0.04435438662767408,0.9169614315032959,0.44460167033331716,0.6965013299669536,-0.3067162317889076,0.996900737285614,0.49999310629708404,0.6716776984078541,0.06311879690204344,0.999996542930603,0.4897164591721124,0.6786409139633176,-0.06308452997888835,0.9999983310699463,0.5271958981241496,0.7549614565713061,0.1509060748985835,0.8718567490577698,0.509540544237409,0.790437645571572,-0.06561820698635915,0.9995453357696533,0.5230762856347217,0.8553564599582123,0.24789325254304057,0.9610080718994141,0.4749153035027638,0.8983038885252812,-0.01169711883578981,0.999302864074707,0.5163393735885617,0.8747304848262237,0.2531283749001365,0.9519321322441101,0.4629235191004615,0.9144505177225382,-0.008463712648621623,0.9927683472633362,0.5486152785164966,0.8686165894780835,0.2123578586748667,0.9682616591453552,0.501073052201952,0.9219351921762735,-0.06666864625045227,0.9974773526191711
50,0.4996555481638225,0.46335432699748424,-0.09868310115167067,0.9999868869781494,0.4965561687946317,0.4595134607383181,-0.08993256815842215,0.9999664425849915,0.49611017959458464,0.46012107729911783,-0.09006560508693964,0.9999526739120483,0.4957385718822477,0.4606851152011324,-0.09003757642848147,0.9999654293060303,0.49711363996778196,0.45996364951133706,-0.10808328198535096,0.999987006187439,0.4970616783414566,0.4609071263245172,-0.1082386155213628,0.9999905228614807,0.49707331742559135,0.46190466455050855,-0.1082927872027669,0.9999949336051941,0.49332706757954164,0.4701296363558086,-0.04234935013311248,0.9999703764915466,0.4951372623443601,0.4713904397828236,-0.12571045777627393,0.9999923706054688,0.5001854470797945,0.47429788708686804,-0.07887743605034689,0.9999848008155823,0.5005657042775833,0.47480720877647375,-0.10389246749026429,0.9999938607215881,0.5071515304701666,0.5088598915508813,0.020677930755274625,0.9999973773956299,0.48682661993162946,0.5430758816855292,-0.15642437083380556,0.9999995827674866,0.5395541633878433,0.49196703774588424,0.061827619267361474,0.9044647216796875,0.46357242209570726,0.6139742016792294,-0.22089964747428883,0.9997819662094116,0.568122487408774,0.4641784165586742,0.04373484370963912,0.9289435744285583,0.44728663648877803,0.6828366058213367,-0.30267025402614034,0.9995622634887695,0.577399272578103,0.45458861930029715,0.041148857080510665,0.9233963489532471,0.4389593626771652,0.6989539640290393,-0.33511322992188575,0.9989019632339478,0.5770999516759597,0.45224518861089413,0.019700119591185013,0.9279170036315918,0.440186411142349,0.7012023023196625,-0.34526285614286134,0.9987579584121704,0.573582463605063,0.456743503468377,0.033485833768333695,0.9249820113182068,0.44420910733086705,0.6970181345939632,-0.3099816007273536,0.9970431327819824,0.5004972381251196,0.6729159729821339,0.06327273228338784,0.9999964833259583,0.4902407578059603,0.6802033594676423,-0.06323453124080383,0.9999982118606567,0.5282821110316682,0.7549283811024253,0.15715913602284015,0.8752672672271729,0.5106179663113183,0.7921926038605822,-0.06530760164771758,0.9995458126068115,0.523266473838261,0.8563719766480578,0.25810490846633904,0.962441086769104,0.47497191599437144,0.899238971301487,-0.010724273709846388,0.999285876750946,0.5163830518722532,0.8756161757877892,0.2637852915695734,0.9529147148132324,0.4629837189401897,0.91473947252546,-0.007307114339034468,0.9923763275146484,0.5486147999763487,0.8694291574614383,0.222986739873886,0.9702724814414978,0.5013001254626681,0.9230195675577432,-0.06628666264670233,0.9975945353507996
51,0.49905826108796236,0.4661179287093024,-0.10130423392568311,0.9999881982803345,0.49586683767182466,0.4621178320475985,-0.09298279008695054,0.9999697208404541,0.4954859435558317,0.46270128147942663,-0.0931161312120301,0.9999573230743408,0.49518624884741624,0.46326299820627465,-0.09309158687080651,0.9999688267707825,0.4962485509259358,0.46272544520241854,-0.11109723108155381,0.9999882578849792,0.4961021218981059,0.4638051092624662,-0.11125249543360297,0.9999914765357971,0.49600744588034473,0.46494043810026964,-0.11131458176033832,0.9999954104423523,0.4930152799401962,0.4721329092979429,-0.04612507777554646,0.9999732971191406,0.4940012284687585,0.4739587707178931,-0.12950101856674462,0.999993085861206,0.49987424101148314,0.4769672027656008,-0.08160878632749827,0.9999862909317017,0.49984151976449126,0.47759073461805046,-0.10660458462578905,0.9999944567680359,0.5074550168854848,0.5088951025690349,0.016795157092357314,0.9999975562095642,0.48615611706461204,0.5448447670255386,-0.15974865683487477,0.9999995827674866,0.5398027709552218,0.4864139165197098,0.057976129438195884,0.913287341594696,0.4629853904247282,0.6152597989354812,-0.2233534195593424,0.9997937083244324,0.5676179238728112,0.45188772337777255,0.04201462534921507,0.9359071850776672,0.44676648804119634,0.6833454881395609,-0.30378583073616017,0.9995675086975098,0.5771354879651748,0.4407014821256908,0.039569441441978714,0.930802047252655,0.43820844888687116,0.6993213398115972,-0.33585197329521166,0.9989242553710938,0.5767345002719332,0.4379874220916201,0.01873189143038221,0.9349191188812256,0.43967611023357916,0.7018595780645095,-0.34611453158514827,0.9987993240356445,0.5731747678347994,0.44266460367611454,0.0320523137758885,0.932270348072052,0.44393197979245846,0.6978705695697236,-0.31112127985273075,0.9971586465835571,0.5013300010136194,0.674053278991154,0.06337416874510898,0.9999964237213135,0.490576180389949,0.6816544532775877,-0.0633318620068686,0.9999980926513672,0.5295388068471634,0.7548533575875416,0.15957389175891867,0.8814947605133057,0.5116139156477789,0.7933955141476219,-0.06886867135763165,0.9995623230934143,0.5232925959995812,0.8574553336415968,0.2611871987581252,0.9645823836326599,0.47496123909950233,0.9002867375101358,-0.014506329170295163,0.9993001222610474,0.5163791554314747,0.8765876531600948,0.26696950580392553,0.9550584554672241,0.4629610180854795,0.9152346815381727,-0.012451680031205921,0.9924323558807373,0.548583604608263,0.8703458547592159,0.2262330983366284,0.9724965691566467,0.5014751791954037,0.9245775529316489,-0.07274552328245977,0.9977473020553589
52,0.49837596586772354,0.47083734103611513,-0.10845513322523657,0.9999893307685852,0.4952007898262566,0.4663403911249976,-0.10017703792878555,0.9999725818634033,0.49490132331848125,0.4667258824620926,-0.100311615211623,0.9999613761901855,0.4946902206965853,0.46712464349610444,-0.10028881196464806,0.9999718070030212,0.49527688111577695,0.46736231701714626,-0.11818480427776058,0.99998939037323,0.4949504307338167,0.4685710191726682,-0.11834150318588524,0.999992311000824,0.49465688381876244,0.4698217758110589,-0.11841331017868854,0.9999958276748657,0.4927505016326902,0.47470470752034843,-0.05196642407349175,0.9999759197235107,0.4923015287944247,0.4778711702142441,-0.13481518966811037,0.9999937415122986,0.4993519663810728,0.4810954170567647,-0.08810073499168664,0.9999876022338867,0.4987348181860785,0.4820640649114334,-0.11295228621789383,0.9999949932098389,0.507532261099134,0.5089078528540473,0.011415035743266338,0.999997615814209,0.48537268468311834,0.5473787426948545,-0.16242015915257582,0.9999995231628418,0.5393819264003206,0.4802130315984996,0.0511088892817497,0.9211180210113525,0.46247228894914877,0.6168510964938569,-0.22502330328736975,0.999796986579895,0.5670962078230719,0.4387348609311238,0.032950093756828974,0.9421453475952148,0.4463544053690772,0.6837688752583092,-0.3048766698156083,0.999533474445343,0.5760662470545085,0.42689133967672055,0.02966286494795764,0.9374291300773621,0.43740228414535504,0.700035418782915,-0.3364168737615856,0.9988660216331482,0.5755512356758115,0.42354054365839255,0.009571426787546699,0.9411881566047668,0.4392329292637959,0.7028932418142042,-0.34722189732960274,0.9987648725509644,0.5721189873559132,0.4287772757666449,0.023214102642876752,0.9387950897216797,0.44379773906299025,0.6988043972424095,-0.31235179645674555,0.9971252083778381,0.5024148770741051,0.6754657745361325,0.06342328957148957,0.9999962449073792,0.4908276591982158,0.6835408023425508,-0.0633858474237578,0.9999978542327881,0.5311387845448083,0.7548040151596066,0.15713319437844406,0.8873184323310852,0.5129151582717894,0.7954747625759666,-0.07646563010556354,0.9995696544647217,0.5232621312141417,0.8586497528212407,0.2544686896460396,0.9665798544883728,0.47502268127032665,0.9009749753134587,-0.020482267825199015,0.9992931485176086,0.516410640307835,0.8778125047683712,0.25983043227876923,0.9567612409591675,0.4629651597567964,0.9155251179422647,-0.019199155956240627,0.9922581315040588,0.5485665185110907,0.8715665527752463,0.21896250758852268,0.974429190158844,0.501557431902204,0.9265492592539102,-0.07977537895951949,0.9978517293930054
53,0.49800178493772207,0.4755119476999553,-0.12281128679003028,0.9999903440475464,0.4948061849389755,0.4709613204002378,-0.11450866162776942,0.9999750256538391,0.4945370273930684,0.47120180470602835,-0.11464613548346922,0.9999648928642273,0.49436557633536177,0.47146976675306024,-0.11462323176009309,0.9999743700027466,0.49470007589885145,0.4723347714969088,-0.13280876811061582,0.9999904036521912,0.49424692903246176,0.47367042558533784,-0.13296998803104665,0.9999930262565613,0.49381840654781867,0.4750377110072542,-0.13305130366768148,0.9999961853027344,0.49252507346017,0.477772521972656,-0.06456047168799806,0.9999781847000122,0.4911824192319595,0.4823625539030345,-0.1488381168672016,0.9999942779541016,0.49897617953164214,0.48528607061931045,-0.10168544713939934,0.9999887347221375,0.4979933151176995,0.48661994082587084,-0.1269403383135795,0.9999954104423523,0.5073730230331419,0.5090451189449853,-2.3497631108122734e-05,0.999997615814209,0.48480150955063933,0.5505282861845832,-0.1734856486320495,0.999999463558197,0.5385602355003354,0.4747114317757741,0.037286130019596624,0.9279296398162842,0.4618847412722449,0.6190303904669623,-0.23522969526903958,0.9997948408126831,0.5656086325645444,0.42880625213895507,0.015482006168791218,0.9477047920227051,0.445962493760245,0.6842688662665227,-0.3137244003159658,0.9994921684265137,0.5734837685312542,0.4168340853282381,0.011176911595975975,0.9433227181434631,0.4367884474141255,0.7011605739593503,-0.34507340959140215,0.9987874627113342,0.5727467690195354,0.4120339700153894,-0.00852578073473913,0.9467713236808777,0.4389569555010112,0.7043988347053525,-0.3566272590841564,0.9987109899520874,0.5694266574723377,0.4172405396189006,0.005787652145539007,0.9446067810058594,0.44376043081283545,0.6999334539685927,-0.3214070200920104,0.9970614314079285,0.5035211001123698,0.6765076483998977,0.0634333374244826,0.9999960660934448,0.49113197496959116,0.6854405539376391,-0.0634042339665549,0.999997615814209,0.532469708578927,0.7557068671498975,0.15497997786317547,0.8929994702339172,0.5139217359679084,0.7980768816811694,-0.08403345601899279,0.9995689988136292,0.5232494779995507,0.8598496692521228,0.24992088505199966,0.9685555696487427,0.4752629969801219,0.9011649012565609,-0.02186496960265295,0.9992693662643433,0.5164534040859765,0.8793166109493796,0.25505869388580316,0.9584351778030396,0.4631352577890666,0.9155468327658512,-0.0208064495984997,0.9919151067733765,0.5485632845333641,0.8734382084437775,0.21433526873588551,0.9761924743652344,0.5015449370656692,0.9284290024212425,-0.08035284429788586,0.9979148507118225
54,0.4979564343179973,0.4782161312443867,-0.13243542888334814,0.9999911785125732,0.4947328627109525,0.4741926942552837,-0.12410630072866162,0.999977171421051,0.494433546066284,0.47447101644107254,-0.1242462081568581,0.9999680519104004,0.494243720599583,0.47475795916148567,-0.12422361671924585,0.999976634979248,0.49463699885777046,0.4755906215735842,-0.14278745672532484,0.9999912977218628,0.4941533258983065,0.477003707204546,-0.14295260821069983,0.9999936819076538,0.49369847433907627,0.47843587909425983,-0.14304028046982623,0.9999964833259583,0.4923603492123738,0.48044056892394993,-0.07356427982449529,0.9999802112579346,0.49088365946497214,0.4856020961488994,-0.15966277207647045,0.9999947547912598,0.49883405481066,0.48785927806581747,-0.11105355258498867,0.9999896883964539,0.49792674098696,0.48930731415748574,-0.13683032138007023,0.999995768070221,0.507170384270804,0.5094337224960325,-0.008511461384062252,0.999997615814209,0.4845244833401269,0.5525739533560614,-0.1833993047475814,0.9999994039535522,0.5376812236649647,0.4710538089275358,0.026824116174663803,0.9340440034866333,0.4613849154540468,0.6208588242530819,-0.24415317901543196,0.9997953772544861,0.5633101752826143,0.4232461546148571,0.002447102059211048,0.9526827931404114,0.4455584100314547,0.6850112932068958,-0.3201603003910608,0.9994673728942871,0.5701194303376331,0.4111867904663084,-0.0023467091876747358,0.9486051797866821,0.43643379637173224,0.7025256395339963,-0.3513035263334,0.9987345337867737,0.5690817219870429,0.4052757884774887,-0.02190220087234462,0.9517713189125061,0.43874993579728244,0.7061197434152873,-0.36320593612534646,0.9986757040023804,0.5658061163766042,0.4098581620625085,-0.007292829450619006,0.9498133659362793,0.443647926194327,0.7012383188520156,-0.32790380546024855,0.9970359802246094,0.5043610964502605,0.6775104454585481,0.0634456491896084,0.9999961256980896,0.49149937629699686,0.6870599712644301,-0.06341981674943649,0.9999975562095642,0.5327835730143953,0.7576303856713427,0.15468601754733485,0.8993837237358093,0.5143193449292862,0.7995456627437043,-0.08655005076101843,0.9995723366737366,0.523237541743687,0.8607317907469609,0.24858465535300106,0.970686137676239,0.4756795057228631,0.9012540136064797,-0.023461367349539474,0.9992559552192688,0.5165423205920625,0.8804921967642644,0.25362243907792215,0.9605229496955872,0.46359262636729626,0.9157116515295842,-0.021452468261122695,0.9916662573814392,0.5485690270151409,0.8750764131546016,0.21278433033398209,0.9779374003410339,0.5015664645603722,0.9295537863458901,-0.08036956148488178,0.9979761242866516
55,0.4982420538152965,0.4789669726576121,-0.1319795714957373,0.9999918937683105,0.4948049145085469,0.4756138801574704,-0.12335330822638096,0.9999788403511047,0.49445606555257504,0.4760512045451571,-0.12349574204002102,0.999970555305481,0.49423290235655626,0.47646094220025176,-0.12347407362290785,0.9999784231185913,0.49473876612527007,0.4768741130828855,-0.1423250062125069,0.9999920129776001,0.4942123975072586,0.4783920271056037,-0.14249058791569294,0.9999942183494568,0.4937094713960373,0.47997126919882616,-0.14258086766515454,0.9999967217445374,0.49222484145845663,0.48230174865041436,-0.07250472115618839,0.9999819397926331,0.49066545111792403,0.4877782591751641,-0.15987844041415616,0.9999951124191284,0.4989977828093935,0.4888848168509345,-0.11053498046738755,0.9999904632568359,0.49837903891290913,0.49036556908062506,-0.13670022317341388,0.9999960660934448,0.5070466859000067,0.5098727720124379,-0.008200657610515395,0.9999974966049194,0.484410762786865,0.5540347797530035,-0.1843941935471125,0.9999992847442627,0.536687590394701,0.4671603483813147,0.027277690065758555,0.9394445419311523,0.46087090713637197,0.6224961314882548,-0.24501848348549424,0.9997889995574951,0.5605395231928142,0.41841641153608033,0.0026629289878266175,0.9571593999862671,0.44510543687002974,0.6862076333590913,-0.3193558973925453,0.9994249939918518,0.5669669662203105,0.4056588947772978,-0.0021677963061457767,0.9533438086509705,0.4360957877976552,0.7038383075169151,-0.35039026822362607,0.9986436367034912,0.5659786190305435,0.3995370055947983,-0.021434345402355698,0.9562605023384094,0.4385041628565105,0.7075442331177845,-0.3620718257767812,0.9986059069633484,0.5626290219170704,0.4036556507859909,-0.006981855284954818,0.9544879198074341,0.4434776748929703,0.7024621214185439,-0.3269899215017045,0.9969437718391418,0.5053882462637762,0.6787242668015613,0.06350325856889993,0.9999960064888,0.4918435343674249,0.6884301032338821,-0.06347890134368621,0.9999973177909851,0.5327918103763033,0.7604971800531657,0.15537964659077774,0.9037601351737976,0.51429922240121,0.801563887936728,-0.08772455091987333,0.9995617866516113,0.5232749462127684,0.8617849554334365,0.25165508900369904,0.9723017811775208,0.476012337207794,0.9013971260615753,-0.024656781713877397,0.9992195963859558,0.5166186656270706,0.8810757824352805,0.2570035738604408,0.961909294128418,0.4641004579407826,0.9159266710281369,-0.021557851242167594,0.9912005066871643,0.5485906941550116,0.8766785604613164,0.2162156743662697,0.9792786836624146,0.5016050338745115,0.9303084288324623,-0.0806091242602893,0.9979879856109619
56,0.4983607700892855,0.4786010222775593,-0.12821436183793197,0.9999924898147583,0.494691525186811,0.4754470859255107,-0.11933567609105786,0.9999803304672241,0.49431819234575525,0.4759428637368336,-0.11947858631610865,0.9999727606773376,0.4940790908677235,0.476394781896046,-0.11945813532386501,0.9999799728393555,0.4945944973400659,0.47665106654167155,-0.13814361946923387,0.9999926686286926,0.4940151470048085,0.4782174357346124,-0.13830947577953331,0.999994695186615,0.49345428517886547,0.4799058462892258,-0.13840249563966472,0.9999969601631165,0.4918811636311665,0.48289663876805966,-0.06833790604557306,0.9999834895133972,0.4901337453297204,0.48862997719219725,-0.15493848877293714,0.9999954104423523,0.49913534777505036,0.4885121405124662,-0.10681088971240174,0.9999911785125732,0.49854843616485567,0.49009192330496626,-0.13276580188955572,0.9999963045120239,0.5069862229483466,0.5101483038493563,-0.00493017882108688,0.9999973773956299,0.48443469745772205,0.5550596220152717,-0.17949424896921423,0.9999991655349731,0.5351044688905986,0.46305052638053873,0.031849563281450936,0.9440914392471313,0.46054702826908633,0.6237456985882348,-0.23998296218258983,0.9997808337211609,0.5574972016470771,0.4116251383508953,0.009016222799462929,0.9611963629722595,0.4449538307530537,0.6874444212232314,-0.31557800088609955,0.9994010925292969,0.5631725958415437,0.39765723262514363,0.004220805952458509,0.9576295614242554,0.4360049349921088,0.7048580101558137,-0.3467236161231993,0.998599112033844,0.5624516998018534,0.39274978041648845,-0.014576568002147326,0.9603160619735718,0.43845318811280365,0.7087355477469305,-0.35813504116875766,0.998577356338501,0.5594998155321391,0.39764206664902807,-0.0003850335887234115,0.9587038159370422,0.44348749773842927,0.7035292557307649,-0.3231281842504227,0.9969238042831421,0.5062384758676799,0.679817518166133,0.06350075772830416,0.9999958276748657,0.4925184028489247,0.689638793468475,-0.0634810326354844,0.9999971389770508,0.5333343897547038,0.7628154107502525,0.15729220041206898,0.9068309664726257,0.514615019730159,0.8056508830615449,-0.09127723638500482,0.9995495080947876,0.5233333877154757,0.8623607805797027,0.25796018327985476,0.9734233617782593,0.4763189094407215,0.9016047086034498,-0.03056405734802994,0.9991735219955444,0.5166875634874614,0.8809770039149689,0.26393131017684923,0.9625843167304993,0.46443357637950333,0.9160099574497763,-0.02608790786138601,0.9907234907150269,0.5486438768250599,0.8779126814433503,0.22559758297034663,0.9802466630935669,0.5016341958727153,0.9311519878251208,-0.08318776807614732,0.9979780912399292
57,0.4984639201845439,0.4793280959129331,-0.1324573452983583,0.999993085861206,0.4944686813013892,0.4764627967561992,-0.12343440055847162,0.9999817609786987,0.49408129709107507,0.4768834863390239,-0.12357799432107375,0.9999748468399048,0.49383292453629607,0.4772448795182362,-0.12355618817465641,0.9999814629554749,0.49436063000134034,0.4776387844766887,-0.14220627205712447,0.9999933242797852,0.4937711758272986,0.4791217267513273,-0.14237640074321195,0.9999951720237732,0.49321066396576996,0.4807120987347192,-0.14247587961809968,0.9999971985816956,0.49153368132454983,0.48415066259247896,-0.07140000143221444,0.9999849200248718,0.48983689802033537,0.49008248618670847,-0.15793931186199178,0.999995768070221,0.49932235138756864,0.48886397651263624,-0.11065267856631955,0.9999918341636658,0.49864009703908624,0.4903940652097972,-0.1365890034607478,0.9999966025352478,0.5069393532616748,0.5101874879428316,-0.007639476723436794,0.9999972581863403,0.4844667264393395,0.5574874298913135,-0.1807674595287867,0.9999991059303284,0.5329561352729795,0.4589365422725675,0.027705258583383886,0.9481182098388672,0.4603791356086729,0.6256152800151277,-0.2416068558182034,0.9997735023498535,0.5535260796546934,0.4033818840980528,0.0029497490397521428,0.964734673500061,0.4450975349971224,0.6881989955902097,-0.3209657490253447,0.9993831515312195,0.5581484317779538,0.38729818207877004,-0.002685160049337093,0.9613415598869324,0.43621543305260774,0.7055126786231991,-0.35276985423905494,0.9985600113868713,0.557622763088771,0.38335421085357646,-0.02092711143195628,0.9638346433639526,0.43869134187698344,0.7100046379225591,-0.36435142074312465,0.9985489845275879,0.5552457809448239,0.38916860478264925,-0.006273562301482469,0.9623680114746094,0.44370170491082306,0.704602297714778,-0.32862112777573704,0.9968969821929932,0.5071113194738113,0.6810378858021324,0.06347790488174981,0.999995768070221,0.4935438079493384,0.6910733291081017,-0.06346512479441503,0.999997079372406,0.5343611512865337,0.7650328465870445,0.1584777665989739,0.9089176654815674,0.5155198080199103,0.8094117266791203,-0.09818844092743732,0.9995390772819519,0.5233568787574765,0.863458522728511,0.26384422438485267,0.9736706018447876,0.47672275304794287,0.9017839397702894,-0.039798622844474635,0.9991011619567871,0.516603066240038,0.8813011424882067,0.27043018255914947,0.9621515870094299,0.46470961741038713,0.9159368242536269,-0.0351566832512617,0.9899837374687195,0.54853138923645,0.8791279656546452,0.2337614425591059,0.9804632663726807,0.5016246472086223,0.9321071079799103,-0.09075734083141594,0.9978985786437988
58,0.49857816951615447,0.48073518446513563,-0.1431510597467422,0.9999935030937195,0.4944004442010605,0.4782935491630007,-0.13400414756366177,0.9999827146530151,0.4939913613455634,0.4786701815468922,-0.13415258782250533,0.9999762773513794,0.4937178381851739,0.47898113642420065,-0.1341320593442235,0.9999824166297913,0.4943591032709392,0.47937520827565855,-0.15316410447869974,0.9999938011169434,0.49382251926830817,0.4807249035154068,-0.15333929530211848,0.9999955296516418,0.4933342661176407,0.4821164420672823,-0.15344519359724856,0.9999973773956299,0.49131921359470887,0.48632576635905655,-0.08038550487586427,0.9999859929084778,0.4900702178478239,0.49182981508118745,-0.16892889354910162,0.9999960064888,0.49955263648714315,0.4900660872459409,-0.12071425999913891,0.9999922513961792,0.4988649104322703,0.4913061908313204,-0.14722854409899022,0.9999967813491821,0.5068056855882914,0.5105961084365842,-0.016194223000534934,0.9999970197677612,0.4844330149037495,0.5612603357860018,-0.1899253389665058,0.9999990463256836,0.5308636273656571,0.4559720379965644,0.015932394697197837,0.9507545828819275,0.46039054989814737,0.6281247820172988,-0.2548988563673836,0.9997494220733643,0.5492541602679659,0.396028684718268,-0.01265426584120307,0.9677031636238098,0.44529688698904835,0.6893962928227013,-0.3418280618531362,0.999347448348999,0.5531854033470152,0.3781334280967711,-0.019489584943013522,0.9644091129302979,0.43650313700948423,0.7070557815687993,-0.37524690287453766,0.9984873533248901,0.5524620669228688,0.37497661369187474,-0.037555589606719335,0.9667559862136841,0.4389700685228618,0.7126386165618894,-0.38696897881371617,0.9984884262084961,0.5503735865865432,0.38161670565605144,-0.021931657990041577,0.9653992652893066,0.44389462896755744,0.7069713830947872,-0.3497013236795151,0.9967943429946899,0.5081236141068592,0.6834096329552783,0.06380605144160131,0.999995768070221,0.4949273705482481,0.6938146046229767,-0.06380085583244048,0.999997079372406,0.5357375723975042,0.7668482235499787,0.16347425537449967,0.912041425704956,0.5167877588953289,0.8117916601044787,-0.10643011225121357,0.9995340704917908,0.5234130655016216,0.8651305317878719,0.2783905037811823,0.9744255542755127,0.4772783390113283,0.9018475549561632,-0.0511299176939896,0.9990519881248474,0.5164532916886463,0.8824524811335969,0.2860074375356945,0.9625692367553711,0.46513496807643323,0.9158854927335462,-0.04683942640466347,0.9894221425056458,0.5483013204165865,0.880088775498526,0.25043206214904773,0.980957567691803,0.5017009258270262,0.9324932949883593,-0.10322748763220646,0.9978541731834412
59,0.4986999886376515,0.48231760433741955,-0.1552425937993185,0.9999939203262329,0.49430465953690644,0.4801795508180343,-0.14604006473507192,0.9999838471412659,0.49387501733643646,0.4804958283901213,-0.14619682665382105,0.9999779462814331,0.4935783769403183,0.48075784104210967,-0.14617638034479952,0.999983549118042,0.4942904974733078,0.4813047817775179,-0.16540599635669156,0.9999942779541016,0.49377111622265385,0.482605046885354,-0.16558582356997892,0.9999958872795105,0.49331566010202654,0.48389426725251306,-0.16569672482354292,0.9999975562095642,0.49112047127314956,0.4883580650602066,-0.09107869139739441,0.9999871253967285,0.49018915465899854,0.49354096651077245,-0.1805644269500459,0.9999962449073792,0.4997003844806124,0.4914962640830446,-0.13224354407617017,0.9999927878379822,0.4991155769143783,0.49257832254682243,-0.15904099047183984,0.9999970197677612,0.5066019926752361,0.5111282876559664,-0.02558939547411032,0.9999969601631165,0.48434671759605386,0.5645015937941412,-0.199503150156566,0.9999989867210388,0.5295135872704639,0.4540238525186264,0.0051090134307742105,0.9535399079322815,0.4604989894798821,0.6303260207176204,-0.2688084759882517,0.9997245669364929,0.5459986516407556,0.39167688318661265,-0.02574061043560504,0.9704184532165527,0.4454706217561447,0.6912769607135224,-0.3622732051781244,0.9992989897727966,0.5500422341482978,0.3726618392126899,-0.03324759943809891,0.9672057032585144,0.43676950165203615,0.709256177289145,-0.3969399367059978,0.998386561870575,0.5488073723656788,0.3697614746434346,-0.05145714309598716,0.9694176912307739,0.4391277279172623,0.7156425935881475,-0.40855342320033466,0.998399019241333,0.5465072699955529,0.3768257158143178,-0.0351236098712044,0.9681609272956848,0.4439998056207382,0.7096870831080841,-0.3702996245452334,0.996616542339325,0.5090211715017043,0.6860144785472322,0.06420352352516989,0.9999958276748657,0.4962258321898322,0.6969386986323762,-0.06420685563768656,0.9999971389770508,0.5366461736815313,0.7683691331318443,0.167929041811398,0.9153808355331421,0.5180597424507138,0.8125752176557265,-0.1100037670561245,0.999538779258728,0.5235057728631154,0.8670567580631797,0.28628564476966845,0.9748658537864685,0.477757338115147,0.9018774390220639,-0.05630952652011596,0.9990248680114746,0.5161186473710194,0.8839994447571886,0.29414092046873896,0.9624180793762207,0.465455673422132,0.9157811386244633,-0.05220395326614377,0.9889148473739624,0.5480663418769834,0.8809382523809156,0.257739268030439,0.9811744093894958,0.5017416937010627,0.9328074966158182,-0.11049238464662002,0.9978395700454712
60,0.4987132200172967,0.48431917428970317,-0.17469257158892487,0.9999940991401672,0.49419596365519913,0.48192106655665784,-0.16534313261508934,0.9999844431877136,0.4937491749014171,0.48210662177630814,-0.16550900127206522,0.9999788999557495,0.4934348344802854,0.48228330867631075,-0.1654867001942225,0.9999841451644897,0.49415303128106225,0.4833459717886786,-0.18485811735902505,0.9999946355819702,0.4935945493834357,0.48472006916999794,-0.18504322767257683,0.9999961256980896,0.4930951816695075,0.4861415318080355,-0.1851618596485682,0.999997615814209,0.4908465410981857,0.48979114379201594,-0.10791127766881664,0.9999879002571106,0.4898691850049153,0.49534911002431575,-0.19794189461639938,0.9999963641166687,0.4997474449021473,0.49322210294859725,-0.15066962114402221,0.9999930262565613,0.49916829126221773,0.4947483122348783,-0.17764248635087687,0.999997079372406,0.5063596316746302,0.5116694927215574,-0.03935039360076187,0.9999967217445374,0.48426758732114494,0.5668789267539975,-0.21333628296852103,0.9999988675117493,0.5286540031433103,0.4519456199237276,-0.007080219552985257,0.9547752737998962,0.46061938830784366,0.6318441050393238,-0.28680557268006446,0.9996722936630249,0.5434819936752316,0.3874553493091037,-0.037556994360472454,0.9726395606994629,0.44560244253703507,0.6934148175375798,-0.38697902560234054,0.9991955161094666,0.5473340885979786,0.3679492115974424,-0.04541277720459867,0.9694342613220215,0.4369166280542099,0.7112681150436397,-0.4230731291430335,0.9981701970100403,0.5458562748772755,0.36542799983705776,-0.06430895328521725,0.971569299697876,0.43922656859670345,0.717838701180049,-0.4348135181835717,0.9982039332389832,0.5436177219663345,0.3727234303951262,-0.04717318639159201,0.9703754782676697,0.44406718356268726,0.7117998055049348,-0.3952678544180732,0.996243417263031,0.5095455322946818,0.6873833877699712,0.06445444673299786,0.9999956488609314,0.4971180575234547,0.6991364666393822,-0.06446218724761688,0.9999970197677612,0.5373648132596696,0.7691552587917869,0.168924930691719,0.9160649180412292,0.5191044279507226,0.8131676707948954,-0.11031554916075292,0.9994975328445435,0.5238022071974615,0.8680995702743527,0.2837008603981562,0.9749793410301208,0.47798279608998956,0.9019832832472661,-0.05903914421796796,0.998911440372467,0.5158013684409003,0.8850497228758671,0.2910517905439648,0.9619911909103394,0.4654844590595788,0.9157618062836779,-0.05517278462648389,0.9877647161483765,0.5482022353581018,0.881617849213736,0.25408968116555886,0.9811261296272278,0.5016894749232699,0.9329838429178505,-0.1145341413361685,0.99769127368927
61,0.4989624602454047,0.4878402778080529,-0.1944190957716532,0.9999942183494568,0.49405134235109577,0.48499962602342855,-0.18522075031484866,0.999984860420227,0.49360489504677885,0.48497657520430404,-0.1853940214429582,0.9999796748161316,0.49329010077885194,0.4849875424589427,-0.18536974106516146,0.9999844431877136,0.49397477763039704,0.4867230398314338,-0.20478944863591866,0.9999949336051941,0.49339078664779634,0.48812868084226313,-0.2049807744366781,0.9999963641166687,0.4928515647138866,0.4896612610135757,-0.20510917689119057,0.9999976754188538,0.49070068938391526,0.4919850426060811,-0.12595073516879757,0.9999884963035583,0.4894984151635849,0.49828380772045655,-0.21604784556797563,0.9999964237213135,0.5000927056585036,0.49611066324370223,-0.16946229849542882,0.999993085861206,0.49947652731622944,0.49825821348599003,-0.19646912940910877,0.999997079372406,0.5061289889471869,0.5125688229288371,-0.0538347035114254,0.9999963641166687,0.4842080942222048,0.5692876969064982,-0.22746985937867836,0.9999986886978149,0.5275397249630517,0.4497743683201924,-0.019950115654085353,0.9558783173561096,0.46059297578675384,0.633168496404375,-0.3032583696501594,0.9996414184570312,0.5406435029847279,0.38261823313576815,-0.05135601434324466,0.9746243953704834,0.44567901832716783,0.6948383484567912,-0.40760141270501254,0.999150276184082,0.5432889393397737,0.3629254392215182,-0.05985399229185919,0.9714885950088501,0.43692082762718176,0.7126342943736481,-0.4446046130997792,0.9980810880661011,0.5421502811568122,0.36037209544863,-0.07926844613892688,0.9735562205314636,0.43975253105163553,0.7187609331948414,-0.4566269619124274,0.9981313943862915,0.5405177559171401,0.3675581651074544,-0.061160321959427395,0.9724259376525879,0.4446316812719615,0.7127785563468929,-0.4160647417817795,0.9961211085319519,0.5098767263548712,0.6882639578410554,0.0643948354891368,0.9999952912330627,0.4975810638495851,0.7004322154181342,-0.06440570120300562,0.9999967813491821,0.5380883540425979,0.7703037142753597,0.164919837457793,0.9189422726631165,0.5198874201093399,0.8130946653229846,-0.1098679689424378,0.9994708299636841,0.5240148374012537,0.8683219483920502,0.2725139107022965,0.9756178855895996,0.478257586274828,0.9017097115516659,-0.05767424468483241,0.9988425970077515,0.5154091085706436,0.8852586320468354,0.2791254775864736,0.9625937938690186,0.46556091819490686,0.9156402996608184,-0.054134038197142714,0.987140417098999,0.5484648585319516,0.8825996143477299,0.23982061786311004,0.9815327525138855,0.5016104749270845,0.9336175782339909,-0.11444187526191979,0.9976152777671814
62,0.4995888207639964,0.49078383871487186,-0.20870656669139853,0.9999936819076538,0.49411038841520016,0.4878593845026831,-0.19959196192877626,0.9999837875366211,0.49364929199218727,0.4877644845417565,-0.19977122800690778,0.9999786019325256,0.49332786032131715,0.4877244889736173,-0.19975001088210503,0.9999831914901733,0.4940585698400222,0.48978358592305843,-0.21944475727421886,0.9999948740005493,0.4934630828244343,0.4913354762962884,-0.21964030138083857,0.9999963045120239,0.4928999415465761,0.4931255136217388,-0.2197756665093557,0.9999974966049194,0.49072462746075196,0.49492963637624443,-0.13944029446159084,0.9999882578849792,0.48946081314768086,0.5020382285118101,-0.2307765794651848,0.9999961256980896,0.50086201940264,0.49864496503557454,-0.18326427425656994,0.9999925494194031,0.5002832216875892,0.5015620163508822,-0.2106466135808399,0.9999968409538269,0.5057887486049104,0.5144225835800168,-0.06588990369013374,0.9999957084655762,0.4841626397200991,0.5723232984542844,-0.24022488083158208,0.9999983906745911,0.5257673740386961,0.4484299072197503,-0.032496509514749035,0.9559218287467957,0.46048799157142617,0.6349827545029774,-0.318640260185514,0.9995870590209961,0.5373473746435979,0.3776591616017476,-0.06717444998877387,0.976272463798523,0.4458030010972702,0.6971435070037839,-0.426787460701806,0.9990800619125366,0.5385707327297753,0.35795964683805176,-0.076831898518971,0.9732250571250916,0.43719060846737434,0.7156069414956225,-0.4650748150689259,0.9979449510574341,0.5377245562417164,0.3552099108695982,-0.09652952860508641,0.9752458333969116,0.44100074853215876,0.7211284569331574,-0.47722822257450626,0.9980152249336243,0.5367132050650458,0.36231513193675435,-0.07715020690645487,0.9741537570953369,0.4456771177904944,0.7148763946124482,-0.43535940051078775,0.9959056377410889,0.5101681096213202,0.6903059295245576,0.06449871531554628,0.9999944567680359,0.4980140720094951,0.7027821217264445,-0.06451757379940574,0.9999961853027344,0.5394543511526922,0.7714897360120497,0.1623995661735534,0.9203562140464783,0.5209462761878965,0.8131119421550203,-0.11162049089159279,0.9993754625320435,0.5239748001098631,0.8683812277657641,0.2694578851972306,0.9756256341934204,0.479187112195151,0.9005201510020661,-0.056562692033393015,0.9986101984977722,0.515146892411368,0.8855793544224326,0.2760987647942133,0.9622482657432556,0.46614606039864653,0.9144763946533199,-0.05198708357555523,0.9852778315544128,0.548792675563267,0.883386625562395,0.23583867677620468,0.9812732338905334,0.5017300912312097,0.9343653678894038,-0.1108852854796818,0.9972272515296936
63,0.5005378425121305,0.49217597416469006,-0.21648250392505092,0.999993085861206,0.4942892125674654,0.4894515344074792,-0.20774026215076435,0.9999827742576599,0.49376310365540615,0.4894882883344376,-0.20792418335165286,0.9999774694442749,0.4934020110539025,0.4895708518368855,-0.20790715217590322,0.9999819397926331,0.494293803828103,0.4915208765438623,-0.22777380304677136,0.9999947547912598,0.49364368830408345,0.49340319037437413,-0.22797038342271522,0.9999961853027344,0.4930279740265435,0.4955936201981133,-0.22810715394360667,0.9999973177909851,0.4907833703926629,0.4976668604782647,-0.14877870253154202,0.9999880194664001,0.489582630566188,0.505361291340419,-0.2408811386142457,0.9999958276748657,0.501744610922677,0.5002669836793625,-0.19137760315622593,0.9999920725822449,0.5012477627822329,0.5040143345083508,-0.21899965192590432,0.9999966025352478,0.5051583647727964,0.5171243531363349,-0.07613353729248043,0.9999951720237732,0.4841866501740045,0.5750398669924052,-0.24971664931092932,0.9999980926513672,0.5237114105905802,0.44845990197999114,-0.044284549249070014,0.9556089043617249,0.4604575574398039,0.637058513505118,-0.3317847498825617,0.999531090259552,0.5343477589743476,0.37377656698226913,-0.08093883512275557,0.9776641726493835,0.4460605697972432,0.7002032790865214,-0.4437926045485903,0.9990379810333252,0.5346438561167033,0.35369566849299827,-0.0914682424494198,0.9746901988983154,0.43774641326495556,0.7196263432502743,-0.48332892315728304,0.9978637099266052,0.5338244812829152,0.3506100177764891,-0.11121394570384702,0.976677417755127,0.4424964530127387,0.7248295375279015,-0.4952382411275589,0.9979497194290161,0.5330919316836764,0.3578069567680357,-0.09094057040555131,0.9756140112876892,0.4468201100826261,0.7179933633123121,-0.4524206280708311,0.9957714676856995,0.5102017113140649,0.6917919482503616,0.06467654790197097,0.9999933838844299,0.49871593713760354,0.7052834630012509,-0.0647067097680909,0.9999954104423523,0.540951177052089,0.7699704051017757,0.16140391060284198,0.9210554361343384,0.5226637397493632,0.8133021048137117,-0.11180769652128214,0.9992429614067078,0.5237725223813735,0.8678737333842682,0.27076100536755143,0.975014328956604,0.48026320763996644,0.898928548608507,-0.04731735831924845,0.9982306957244873,0.5151210665702817,0.8842886890683851,0.2777473092079161,0.9612354636192322,0.46676357133047897,0.9127517734255105,-0.04112861433199472,0.9825051426887512,0.5478321943964275,0.883563159193311,0.23797573489802212,0.9804412722587585,0.501772127832685,0.9349517924445012,-0.09634286378111154,0.9965775012969971
64,0.5013517660754065,0.49279934082712423,-0.22240459748676836,0.999992847442627,0.49453240207263377,0.4904281258583067,-0.21367305559771393,0.9999826550483704,0.4939020812511442,0.4907409923417225,-0.2138620866196495,0.9999774694442749,0.4934751280716485,0.491064461639949,-0.2138470756156103,0.999981701374054,0.49458967617579846,0.49253546340124926,-0.23392458345208839,0.9999948143959045,0.4938282694135391,0.49477209533963856,-0.2341212987899779,0.9999962449073792,0.49310748406818916,0.49733004399708314,-0.23425870622907358,0.9999972581863403,0.49082987649100146,0.499901644672666,-0.1546988253082547,0.999988317489624,0.4896774249417439,0.5076610445976255,-0.24772424272128502,0.999995768070221,0.5023249745368955,0.5017610813890183,-0.19725143015384666,0.9999920129776001,0.5018551553998671,0.506116906234196,-0.22516556595052983,0.999996542930603,0.504400963442666,0.519886345522744,-0.08245713540485924,0.9999949932098389,0.4842120059898919,0.5772545729364664,-0.2556607139962059,0.9999979138374329,0.5222073095185413,0.4488238564559389,-0.05087112113833425,0.9556519389152527,0.46051440068653626,0.6392896822520662,-0.34003261753490976,0.9994675517082214,0.5321593267577033,0.3715040504932402,-0.08867978581360404,0.9790478944778442,0.446497309207916,0.7032937731061659,-0.45521373493330797,0.99900221824646,0.5320356794766015,0.350713550192969,-0.099851267678397,0.9761781096458435,0.43847270267350313,0.7228977101189746,-0.4957857659884859,0.9977982044219971,0.5311713218688963,0.34762913584709154,-0.1197237338338579,0.9781184196472168,0.4437071076461245,0.7280583500862119,-0.5076312558991566,0.9978994131088257,0.5305061868258882,0.354900595971516,-0.09874827946935377,0.9770815968513489,0.4476952433586118,0.7210097159658155,-0.4639692715236116,0.9956508874893188,0.5100335563932143,0.6920164806502203,0.06485986198697768,0.9999923706054688,0.49936914954866657,0.7069194504192894,-0.06490076993192942,0.999994695186615,0.5420481358255657,0.7661528263773234,0.16282555333205623,0.9213647246360779,0.5242595161710464,0.8136061600276399,-0.10985771034445077,0.999047040939331,0.5234469754355292,0.8672089168003623,0.2751864109720501,0.9737847447395325,0.4810262177671703,0.8979476332664484,-0.03841427671057836,0.9977885484695435,0.5145954217229568,0.8822273594992497,0.2825202209608894,0.9590849876403809,0.4671638752732956,0.9114890898977004,-0.031392435410193015,0.9791227579116821,0.5464886358806063,0.8831556507519309,0.24490309144769384,0.9792447686195374,0.5016878570829117,0.9349783267293652,-0.08426070149455747,0.9958603382110596
65,0.5018391370773313,0.4945854689393723,-0.2274558582476206,0.9999920725822449,0.494685374838965,0.492183915206364,-0.21904359289578018,0.9999815225601196,0.49398308907236355,0.49271123920168175,-0.21923810626779272,0.9999762177467346,0.4935017568724494,0.493218717404774,-0.2192253542797905,0.9999803900718689,0.4947836646011895,0.49425350512777033,-0.2393082341977527,0.9999946355819702,0.4939623177051542,0.4966283721583228,-0.2395068824291228,0.9999960660934448,0.4931829801627565,0.49927025692803495,-0.23964791851384287,0.9999970197677612,0.49083843146051653,0.5018803162234168,-0.160278324995722,0.9999880194664001,0.4897184150559559,0.5092672586441038,-0.25330802159649973,0.9999953508377075,0.5026525684765405,0.5044469603470391,-0.20218989167894627,0.9999914169311523,0.5021744574819289,0.5089001859937393,-0.23012724135603213,0.9999962449073792,0.5035518544060842,0.5224568213735306,-0.08768704576151708,0.9999945759773254,0.4842396199703214,0.5786517500877377,-0.26017124439988804,0.9999976754188538,0.5210868392671855,0.4482318810054232,-0.056562822312116595,0.9547964334487915,0.46066153134618465,0.6411907655852178,-0.3483004459312982,0.999369204044342,0.5300159624644686,0.36930077927453164,-0.09508303531578605,0.9800989627838135,0.4470795946461812,0.7052319952419822,-0.4679341273648396,0.9989342093467712,0.5297030431883674,0.34818224310874923,-0.10673113571746004,0.977270245552063,0.4389295773846761,0.7244866030556811,-0.5095260288034165,0.9976679086685181,0.5288865038326807,0.34532330972807734,-0.12668599869523722,0.9792030453681946,0.444513643639428,0.7294396093913484,-0.5210865855216977,0.9977890253067017,0.5282555971826823,0.352407840320042,-0.10521093628236221,0.9781771302223206,0.4485441803932188,0.7227100934301101,-0.4767338590962544,0.9954094290733337,0.5098401767866949,0.6915815966469898,0.06492039412260052,0.9999914169311523,0.4998727176870616,0.707375758034842,-0.0649672020758901,0.9999939799308777,0.5428093331200733,0.7625884141240797,0.16442102278981885,0.9209346771240234,0.5250849655696321,0.8139594895499089,-0.10759548587458469,0.9988208413124084,0.5231628741536819,0.8665904164314266,0.2804141768387385,0.9723692536354065,0.48138801625796707,0.898188187394823,-0.03206957110336847,0.997316300868988,0.5138229301997591,0.8803751655987326,0.288180489199502,0.957040011882782,0.46740992494991823,0.9115450450352255,-0.025699205803019647,0.9758071303367615,0.5455503191266738,0.8829804199082507,0.2519329339265822,0.9777641892433167,0.5015947801726202,0.9349794285637987,-0.07914553710392538,0.9950624704360962
66,0.5019298025539941,0.4960833694253647,-0.22443694727761393,0.9999903440475464,0.49468433771814596,0.4938292435237337,-0.21590891395296358,0.9999787211418152,0.49394315310886905,0.49450308850833324,-0.21610494085720597,0.9999728202819824,0.49342075586318945,0.4951389602252413,-0.21609449812344134,0.9999770522117615,0.4948395252227781,0.49574276379176524,-0.2360392038311276,0.9999940395355225,0.494028830528259,0.49807698982102505,-0.23624132871627795,0.9999955892562866,0.4932652490479603,0.5006207721573963,-0.23638856155531734,0.999996542930603,0.49070732338087875,0.5034180998802182,-0.157205330474036,0.9999868273735046,0.4897426818098338,0.5102217044149124,-0.24958637016160135,0.9999945759773254,0.5027358753340583,0.5064312764576501,-0.19925755730697078,0.9999901056289673,0.5022608961377822,0.5105376924787246,-0.227011244211878,0.9999955892562866,0.5029458727155411,0.5244131309645514,-0.08501978133405953,0.9999939203262329,0.48427387135369415,0.5796963282993859,-0.2579441853931971,0.9999973177909851,0.5198320729391913,0.4475602166993275,-0.05592090998377116,0.9534680247306824,0.4610548138618467,0.6426402500697541,-0.3481685144560676,0.9992598295211792,0.5274543166160581,0.36731242622647947,-0.09609845685107363,0.9808763861656189,0.4481991137777054,0.7070283549172534,-0.4698410144874025,0.9988821744918823,0.5266028472355431,0.34578452536037974,-0.10791381533656796,0.9780670404434204,0.4401784871305736,0.7267030954360958,-0.5117530737604411,0.9975736141204834,0.5259629522051128,0.34299685273851654,-0.1276593440345355,0.980019211769104,0.446033910342625,0.7312843833650858,-0.5230613180569238,0.9977110028266907,0.5255545241492133,0.3498169796807424,-0.10622406878641669,0.9789809584617615,0.4498873335974555,0.7243709734507966,-0.478559795447758,0.9952183961868286,0.5099916355950489,0.6918792332921706,0.06507086115224017,0.999989926815033,0.5002538936478749,0.708690910679953,-0.06512364361967357,0.9999929666519165,0.5435574020658218,0.7612815277917041,0.16659391054085315,0.9200015664100647,0.5254054205758228,0.8142555696623661,-0.10652599505015777,0.9985418319702148,0.5230370112827845,0.866136184760502,0.2834982556956154,0.970133364200592,0.4820306394781383,0.8987311840057368,-0.03790490031242369,0.9967702627182007,0.5131924373762946,0.8794183049883156,0.2916280363287243,0.9535720348358154,0.4682077935763766,0.9104605163846693,-0.03230072153466087,0.9718568921089172,0.5443283796310423,0.8829491649355203,0.256493933711733,0.9753457903862,0.5014567375183103,0.9350018841879704,-0.0867936579244477,0.9940696358680725
67,0.5019073264939442,0.49852186015674027,-0.22628984451293935,0.9999871253967285,0.4946218388421193,0.49607204113687764,-0.2180086029427391,0.999973714351654,0.4938631679330551,0.4967225381306237,-0.21820798942020952,0.9999664425849915,0.4933148997170582,0.49733240859849087,-0.21820137756211405,0.9999709725379944,0.4947760173252648,0.49826719590595764,-0.2377937065703527,0.9999929070472717,0.49396114775112676,0.5006885962826862,-0.23800057853971196,0.999994695186615,0.49319727165358385,0.5032079560416083,-0.23815353725637697,0.9999957084655762,0.490548481260027,0.5051368628229411,-0.15983457480158117,0.9999843835830688,0.48960141198975676,0.5122384326798572,-0.25051164712224677,0.9999933242797852,0.5026929497718808,0.5090414234570092,-0.20127973769392277,0.9999879598617554,0.5022255182266233,0.5131912061146325,-0.22856890559196463,0.999994695186615,0.5026625207492281,0.5257215193339754,-0.08740948630230763,0.9999930262565613,0.48428470151764985,0.5813495516777036,-0.2597992088113511,0.9999969601631165,0.5184443899563378,0.44753024322645985,-0.061124755016395,0.9508187174797058,0.4615807439599716,0.6444486618041989,-0.3539173756326946,0.9990808367729187,0.5247253366879052,0.3666203916072843,-0.10323956161737437,0.981143057346344,0.4498596353190284,0.7087001493998933,-0.48212691460336937,0.9987912774085999,0.523208587510245,0.3441190132072992,-0.11548208764621185,0.9783011078834534,0.44244124804224266,0.7294074961117333,-0.5249300156320842,0.9974021315574646,0.5226759689194813,0.3414210685661859,-0.1349204736096518,0.9803359508514404,0.44837256159101196,0.7336699639047892,-0.5358965243612015,0.9975602030754089,0.5224390898432048,0.3482627809047697,-0.11327181905508037,0.9792991876602173,0.45181064861161346,0.7263935429709295,-0.490797971827643,0.9948833584785461,0.5105146918978007,0.692632048470633,0.06544681787490841,0.9999884366989136,0.5006135395595003,0.7108654669352937,-0.06550435168402532,0.9999920725822449,0.5446227516446792,0.761001827035631,0.16445935581411625,0.9198450446128845,0.5258983118193488,0.8149971638407023,-0.10916801563331054,0.9983287453651428,0.5224758693150109,0.8654274106025691,0.28519446424075523,0.9679890275001526,0.48263880865914455,0.8990591662270678,-0.04853614334549221,0.9963561296463013,0.5120586684771944,0.8779719642230438,0.2929984186376843,0.9500328898429871,0.4689891380923133,0.9087669798306052,-0.04354712281908306,0.9684747457504272,0.5422887870243616,0.8831196154866896,0.25791526266506726,0.9727281928062439,0.5012256366865973,0.9348454168864655,-0.09892884429012021,0.9932738542556763
68,0.501764050551823,0.5014000364712303,-0.22526990600994645,0.999984622001648,0.49431938103267103,0.49864413653101214,-0.21711782174451,0.9999701380729675,0.4936093960489544,0.4990733964102607,-0.21732054821082514,0.9999620914459229,0.4931000522204806,0.4994778522423333,-0.21731687911919173,0.9999668598175049,0.4942291847297121,0.5016611031123568,-0.23626320276941562,0.9999919533729553,0.49330539958817593,0.5043221473693845,-0.23647453486919393,0.9999939799308777,0.49243104968752155,0.5069693190710882,-0.2366307782275335,0.9999949932098389,0.49042491912841774,0.5068546857152664,-0.1593063865389142,0.9999829530715942,0.4889233112335203,0.5153354763984678,-0.24729149724755958,0.9999922513961792,0.502657263619559,0.5117331113134109,-0.2004049152135848,0.9999864101409912,0.5020498292786733,0.5164430958884101,-0.22686683194977886,0.9999939203262329,0.502761992386409,0.5261717643056595,-0.08623563604695453,0.9999924898147583,0.4841454241956981,0.5836817724364142,-0.2574967333248682,0.9999966621398926,0.5172324282782416,0.44816534519195533,-0.060178620474679104,0.9500935673713684,0.46203631247792903,0.6472559332847592,-0.35164529085159285,0.9989440441131592,0.5220457042966569,0.36716492942401324,-0.10307759323290411,0.9817875623703003,0.45175902502877346,0.7108806916645591,-0.4755730594907486,0.9987146258354187,0.5201443689210072,0.3434880903788974,-0.1155968221170561,0.978985071182251,0.4453636518546511,0.7322149566241669,-0.5175221783774238,0.9972821474075317,0.5195857082094463,0.340904128551483,-0.13431248984166547,0.9810236096382141,0.4509902903011865,0.7355678234781534,-0.5285960827554973,0.9974585175514221,0.5194233553750172,0.34791213699749524,-0.11278891733714506,0.9799787998199463,0.45407107472419717,0.7283653412546427,-0.4841463310377936,0.9946545958518982,0.5112203393663677,0.6937655193465093,0.06581541406256809,0.9999873042106628,0.500760095460074,0.7129189882959635,-0.06587525819029125,0.9999912977218628,0.5456005794661384,0.7613337056977405,0.16053906977176657,0.9219045639038086,0.5263099500111169,0.8157509156635825,-0.11271191047770632,0.9982219934463501,0.521534866946084,0.864716712066105,0.2849994267736161,0.9669261574745178,0.48311638065746826,0.8992445826530453,-0.059260862001350924,0.9961071014404297,0.5106808338846477,0.8768279739788596,0.2916040199143545,0.9490126371383667,0.4697087202753337,0.9074016877583091,-0.05466070643493105,0.9665063619613647,0.5417891161782398,0.8832900677408486,0.25564951215471526,0.9714205265045166,0.5011155162538798,0.9347563982009883,-0.11142101734876628,0.9928186535835266
69,0.5013296025139943,0.5052517260823929,-0.22405233085155477,0.9999775290489197,0.49371003764016264,0.5018018552235192,-0.21610286831855763,0.9999591708183289,0.4931314153330664,0.501799256461007,-0.21630874276161186,0.999948263168335,0.4927396987165721,0.5018164021628242,-0.2163054244858877,0.9999546408653259,0.49317047510828266,0.5059333665030341,-0.23442376809460766,0.9999889135360718,0.4920804049287521,0.5087952341352189,-0.23463922824178413,0.9999916553497314,0.4910390189715792,0.5115878564970832,-0.23479888694626933,0.9999930262565613,0.4903303606169562,0.5084628667150223,-0.15842676673616674,0.999977171421051,0.48778528741427807,0.519171105112348,-0.24408814992223454,0.999988853931427,0.5025517157145907,0.5150005425725662,-0.19915584198066158,0.9999817609786987,0.5016490970339091,0.520601643834795,-0.22458350913865213,0.9999915957450867,0.5029313973018099,0.526328042575291,-0.08429759825978955,0.999991238117218,0.48386807952608357,0.5861142005239212,-0.2553218202931539,0.9999961853027344,0.5165280256952556,0.4484584842409404,-0.05651802122592923,0.9481363296508789,0.46244232739721003,0.6501834034919736,-0.3485903731414248,0.9987726807594299,0.519945497172219,0.36789440342358165,-0.09856895059347148,0.9821567535400391,0.4533148816653658,0.7131449767521446,-0.4653110478605541,0.9986478686332703,0.5182819417544771,0.34365170768329056,-0.11114253572055267,0.9793496131896973,0.44771717957087903,0.734470415115356,-0.5066111309187751,0.9971795082092285,0.517489307267325,0.34116326485361353,-0.12932273447513576,0.9814139604568481,0.4528268856661658,0.736616536549159,-0.5179866714136938,0.9973724484443665,0.5172345399856565,0.3482290259429385,-0.10795660700116833,0.9803184866905212,0.45591353603771734,0.7298372677394319,-0.47390757288251584,0.9944772720336914,0.5117746744837077,0.6958056926727292,0.06600867850439887,0.9999859929084778,0.5006913644926887,0.71461078609739,-0.066068203321525,0.9999904632568359,0.5461619394166126,0.7633885570934837,0.1562058244432721,0.9241968393325806,0.5263626030513215,0.8164793440273825,-0.11544381337506426,0.9981736540794373,0.5207908936909265,0.8644204735755916,0.2839769567762101,0.966920793056488,0.4834829194205146,0.8999407563890726,-0.0599805699927466,0.995951235294342,0.5099812013762335,0.8766601034573142,0.2895068534782953,0.9491347670555115,0.47034811632973783,0.9076203789029798,-0.055134166883570784,0.9652513861656189,0.5435823627880638,0.8834369046347478,0.2524073975426809,0.9709276556968689,0.5011917931692939,0.934879486901419,-0.11307058951684401,0.9925020933151245
70,0.5007303612572804,0.5082693815231321,-0.22003824966294416,0.9999691247940063,0.49299628308841137,0.5043182773249487,-0.21198442024844025,0.9999465346336365,0.49255658728735763,0.5039496370724267,-0.21219443934304363,0.9999322891235352,0.49228799854006067,0.5036370933055876,-0.2121910652944019,0.9999405741691589,0.492033060959407,0.5091966305460246,-0.22923583005155823,0.9999853372573853,0.49079581754548185,0.512153955868312,-0.2294548681804111,0.9999889135360718,0.48959857821464514,0.5151087573596407,-0.22961860128811418,0.999990701675415,0.4901645949908663,0.5099042943545748,-0.1543899966137749,0.9999704360961914,0.48658036930220444,0.5226126483508516,-0.23690645567008414,0.9999848008155823,0.5024175984518866,0.5172143425260268,-0.19523714823382232,0.9999764561653137,0.5011959024838036,0.5234108328819272,-0.21921626925468435,0.999988853931427,0.5031224250793455,0.5265515054975235,-0.08105342473302565,0.999989926815033,0.483626010588237,0.5885537845747808,-0.2507473175014767,0.9999956488609314,0.5159718326159883,0.4484650560787744,-0.053641477546521564,0.9465846419334412,0.4629934106554302,0.6528075678007941,-0.34052028400557366,0.9985759258270264,0.5181804997580389,0.3678590876715522,-0.09497776733977449,0.9824944138526917,0.4544175301279338,0.7154375536101202,-0.45031447836330935,0.9985719919204712,0.5166286196027481,0.34349460942404597,-0.10761284125702716,0.9796782732009888,0.4496909354414257,0.7367820262908932,-0.49084140062332127,0.9970605969429016,0.5157502276556829,0.3409203035490852,-0.12486078462430403,0.9817633628845215,0.454238210405622,0.7380318062646045,-0.5024949686867848,0.9972711801528931,0.5154322947774612,0.3479750846113476,-0.10389003987823209,0.980617344379425,0.4571620583534239,0.7312605636460437,-0.4589362101895466,0.9942725300788879,0.5124117476599555,0.6978301746504644,0.06550891080072946,0.9999848008155823,0.500714371885572,0.7160644224711823,-0.06557036723409376,0.9999896287918091,0.5466356856482367,0.7660761305264061,0.1536300320710454,0.9273729920387268,0.5262639198984417,0.8173937899725774,-0.12179098278284067,0.9981438517570496,0.5207803879465374,0.8641540816852021,0.28172358529908303,0.9673799276351929,0.4837260033403122,0.8995016540799817,-0.06737963472093852,0.9957907795906067,0.5104664104325428,0.8765713010515482,0.2881989283221107,0.9496845602989197,0.4708475462027956,0.9075296844754897,-0.06249931039554729,0.9640475511550903,0.5451679451125007,0.8833980679512019,0.2523416915110178,0.9707880616188049,0.5012705530439102,0.9349246927670066,-0.12029311444078167,0.9921899437904358
71,0.500302640029362,0.5104601298059733,-0.21960162818431844,0.9999641180038452,0.49255344441958815,0.5063174673489159,-0.2115901142358779,0.9999389052391052,0.4921799302101133,0.5057409031050544,-0.2118020032133374,0.9999236464500427,0.49196954795292425,0.505227766718183,-0.21179920945848726,0.9999327063560486,0.4914435505867002,0.5114818300519668,-0.22859498730727593,0.9999829530715942,0.49016516804695104,0.5144231642995559,-0.22881205550261896,0.9999871850013733,0.4889109279428207,0.5174233061926703,-0.22897468592439366,0.9999890327453613,0.4900177657604215,0.5114505784852161,-0.15447868491922098,0.9999670386314392,0.48594143731253464,0.5252455302647179,-0.23307627269199907,0.9999819397926331,0.5023306199482507,0.5188000508717125,-0.1949890732765197,0.9999727606773376,0.5009675690105981,0.5251308679580686,-0.2188023758786064,0.9999866485595703,0.5032390083585465,0.5269963707242691,-0.08190719783306118,0.9999892115592957,0.48354285614831083,0.5903607266289844,-0.24557619478021336,0.9999951720237732,0.5153483271598813,0.44832855803625904,-0.05571436445627891,0.9476520419120789,0.4635875046253202,0.6544963717460629,-0.33034182276044555,0.9984761476516724,0.5167387281145366,0.36754803912980194,-0.0963174049343381,0.9834049940109253,0.45571889281272865,0.7176166296005245,-0.4449285098484582,0.9985378384590149,0.5149369035448345,0.34349076662744776,-0.10912428029945914,0.9806345105171204,0.45176648156983495,0.7389252168791631,-0.4849750110081262,0.997024655342102,0.5140185611588612,0.34080628582409433,-0.12577274143695824,0.9826428294181824,0.45598806824002924,0.7400831920760015,-0.49713132636887664,0.9972488880157471,0.5136858684676031,0.3477526051657539,-0.10497320805277138,0.9815155267715454,0.4585274228027887,0.7332409586225234,-0.45369740469115094,0.9942631125450134,0.5131875089236666,0.6988337584904258,0.06461215764284131,0.9999842643737793,0.5009022678647721,0.7166303481374465,-0.06467580784644397,0.9999892115592957,0.5472747564315793,0.7679760677473881,0.1410842544266155,0.9322323203086853,0.5262106657028196,0.8184146693774628,-0.12757347353867116,0.9982320070266724,0.5205368825367516,0.8638557893889287,0.26211285591125477,0.9691523909568787,0.4839979009968891,0.8967767613274706,-0.07579349992530683,0.9959341287612915,0.5098663193838935,0.8762996520314894,0.26953170001506793,0.952441394329071,0.47120530179568676,0.9071163501058301,-0.0710906230977603,0.9652073383331299,0.5456652505057196,0.8832035660743709,0.23353042049067352,0.9722058773040771,0.5015675885336738,0.9348292929785588,-0.1281785356146948,0.9924938082695007
72,0.5000376982348304,0.513571785177503,-0.22104605862072527,0.9999627470970154,0.49237656423023746,0.5087932194982254,-0.21313326103346678,0.999937117099762,0.4920350764478954,0.5079037887709479,-0.21334539609295972,0.9999219179153442,0.4918442334447586,0.5070826717785424,-0.21334198628153112,0.9999312162399292,0.4911723962851931,0.5144375886235916,-0.22984950840473162,0.9999822974205017,0.4898584093366348,0.517434227466583,-0.23006553692477077,0.9999867081642151,0.488547942468098,0.5205047113554816,-0.23022535698754437,0.9999885559082031,0.4899422969136917,0.5131028328623088,-0.15593811231000076,0.9999661445617676,0.48552381992340066,0.5282112087522232,-0.23019404666764387,0.9999808073043823,0.5022977011544362,0.5212640677179607,-0.19629185455186018,0.999971330165863,0.500812951156071,0.5278232932090757,-0.21982711553573597,0.9999856948852539,0.5032907911709374,0.5274014915738784,-0.08256794916731966,0.9999886751174927,0.4834405405180793,0.5918259910174776,-0.2384449188198361,0.9999948143959045,0.5145272850990292,0.4481992925916397,-0.0570577331951686,0.9490854740142822,0.464183153424944,0.6560759271894179,-0.3179203050477163,0.9984455704689026,0.5149898971830094,0.3670240572520663,-0.0983321104730878,0.9844634532928467,0.4574452195848735,0.7191199251583641,-0.4367661254746571,0.9985638856887817,0.5129208002771648,0.34350742357117775,-0.11168748821531019,0.9817697405815125,0.45400114400046193,0.7405026708330423,-0.47564287355967905,0.9970915913581848,0.5119524802480422,0.3406942767756324,-0.12761697300842823,0.9836724400520325,0.4581138142517633,0.7416245903287612,-0.4883446548666271,0.9973160028457642,0.511670066629137,0.34748873284884846,-0.10672364596809655,0.9825639128684998,0.46036462443215487,0.7347969378743849,-0.44557326946939724,0.9944206476211548,0.514278858048575,0.6986864038876122,0.06332894031490596,0.9999837279319763,0.5011577504021778,0.7162249258586335,-0.06339835279754227,0.9999886751174927,0.5479532190731591,0.7687843033245627,0.12398490501301623,0.9370543360710144,0.5262830649103435,0.819082827227456,-0.1283642206873212,0.9982922673225403,0.5202971696853635,0.863515596730368,0.23501065799168164,0.9709565043449402,0.48423779095922176,0.8935777936662942,-0.07837249743086948,0.9960131049156189,0.5089777503694805,0.8762635537556235,0.24251649933201913,0.9552799463272095,0.4716611674853731,0.9066149643489289,-0.07387137508818079,0.9661194682121277,0.5461054614612031,0.8829438873699729,0.20358149877616327,0.973770260810852,0.5020119769232612,0.9346787009920388,-0.1314916163682937,0.9927037358283997
73,0.4997735466275894,0.5160173058509825,-0.21856145177568698,0.9999581575393677,0.4922832642282756,0.5107275996889384,-0.2105795988014765,0.999930202960968,0.4919637399060383,0.5096264464514593,-0.21079350752489898,0.9999141097068787,0.4917827342237743,0.5085855994905741,-0.21078670280320294,0.9999241232872009,0.49100570167813956,0.5166163802146909,-0.22678094208240498,0.9999800324440002,0.4896679954869404,0.5196330666542051,-0.22699958298887515,0.9999850988388062,0.48832524418830847,0.5227040461131502,-0.2271549484559467,0.9999870657920837,0.48990359050886945,0.5144653797149656,-0.15299583716051912,0.9999622702598572,0.4852320066520144,0.5303644827433993,-0.22486880677086954,0.9999778866767883,0.5021829962730406,0.5234716466494966,-0.19357855021953574,0.9999675154685974,0.5005606021199905,0.5300992693219864,-0.21642692216805037,0.9999834299087524,0.5033355525561739,0.5281950746263774,-0.07937838115862433,0.999987781047821,0.4833205257143291,0.5930116159575323,-0.23005498732839302,0.9999942779541016,0.5136165993554249,0.44821499586105323,-0.05417552601013862,0.9502772092819214,0.4648454461778911,0.6571697933333258,-0.30664990288870664,0.9983519911766052,0.5132942131587435,0.3668890612465993,-0.09568928863321027,0.9853973388671875,0.459391037906919,0.7201370188168114,-0.42818097727639315,0.9985677599906921,0.5110844084194726,0.34390249082020335,-0.10919773514781675,0.9827638268470764,0.4564063676765985,0.7417494841984337,-0.4665689051151274,0.997115969657898,0.5100379824638364,0.3410553685256411,-0.1251032194920948,0.984574556350708,0.46049999764987376,0.742629207883562,-0.4794809784208023,0.9973446726799011,0.5098799620355876,0.34776922549520206,-0.10410490972655155,0.9834665060043335,0.46269564798900037,0.7357449752943853,-0.43697498951639424,0.9944959878921509,0.5149787902832029,0.6989556550979611,0.06250387376972605,0.9999827742576599,0.5011484776224406,0.7160866941724502,-0.06257667222193307,0.999987781047821,0.5481958593641005,0.7700009346008297,0.11750450027840473,0.9415398240089417,0.5260759336607794,0.8198692849704193,-0.12439141699245992,0.9983207583427429,0.5200800265584671,0.8626578688621517,0.22315048532826548,0.9726701378822327,0.4850592621735162,0.8919821568897788,-0.07393553810460224,0.996042013168335,0.5081167084830145,0.8758669035775316,0.23012219241687218,0.9576766490936279,0.4726201151098522,0.9064420155116486,-0.06956870598452428,0.9664645791053772,0.5462908063616069,0.8828079496111185,0.1888760783842631,0.9751896858215332,0.5025410209383281,0.934761238098144,-0.12879842392035887,0.9928034543991089
74,0.49933747734342276,0.5173346928187776,-0.21635255345276413,0.9999575018882751,0.4920713841915128,0.5117997952869957,-0.20824601692812772,0.9999300241470337,0.4917929496083938,0.5106188178062436,-0.2084679948432104,0.9999142289161682,0.4916428140231539,0.5094831602913991,-0.20845889023372097,0.9999241232872009,0.49068749802453154,0.5177227428981234,-0.2234069594315119,0.9999798536300659,0.4893180097852432,0.5207789301872251,-0.22363212534359514,0.9999849796295166,0.48794325675283134,0.5238874707903178,-0.22378543870789655,0.9999868869781494,0.4898179454462866,0.5153846127646308,-0.15001672676631378,0.9999620914459229,0.4848102092742918,0.5317919850349424,-0.220710927248001,0.9999774098396301,0.501917653424399,0.5247664059911453,-0.19108211781297402,0.9999668598175049,0.5001374210630142,0.5314359188079831,-0.21243231509413027,0.9999828934669495,0.5033676505088803,0.5291330167225426,-0.07665051392146516,0.9999875426292419,0.4832345443112507,0.5946407846042085,-0.2261813189302171,0.999994158744812,0.5128168020929607,0.4483305471284047,-0.05330217054912019,0.9524520039558411,0.4655708355563025,0.6582816720008846,-0.3025517080511364,0.9982962608337402,0.5120513847896029,0.3672139610563004,-0.09664772727659766,0.9864231944084167,0.4608095552240097,0.7212581958089552,-0.4234751743929725,0.9986015558242798,0.5099286045346939,0.3443608650139398,-0.11073218435049051,0.9838771224021912,0.45856966972351054,0.7432785306658061,-0.46211493355887256,0.9971982836723328,0.5088133454322812,0.34153901423726746,-0.12636224010160985,0.9855805039405823,0.46245525649615676,0.7435894932065688,-0.4746480115822381,0.9974226951599121,0.5086984395980833,0.3483543617384773,-0.10502104631492065,0.9845081567764282,0.4646074397223334,0.7364648887089318,-0.4321312027318135,0.9946685433387756,0.51520288501467,0.6997747404234747,0.06215532081467762,0.999982476234436,0.5010359355381555,0.7167826414108273,-0.06222757601312226,0.9999875426292419,0.5486059699739726,0.770998132228851,0.12032855898141856,0.94539475440979,0.5258502892085481,0.8212500027247833,-0.12254048500742225,0.9983792304992676,0.5198475139481679,0.8610325813293453,0.22602619528770437,0.9740609526634216,0.4859977807317459,0.8916579127311702,-0.07366817763873505,0.9961429834365845,0.5077669484274725,0.8746830667768202,0.23300536104610978,0.9596815705299377,0.47340492606163,0.9063488057681488,-0.06954947752611974,0.967302680015564,0.5457613314901077,0.8825982434409001,0.19183763435908718,0.9763928055763245,0.5029668228966846,0.9342653172356736,-0.1299690970352717,0.9930199980735779
75,0.49887741293225946,0.5179897359439303,-0.213231474161148,0.9999568462371826,0.491822370461055,0.5125884498868667,-0.2049625554255076,0.9999297261238098,0.49158900891031515,0.5113778318677628,-0.205187336887632,0.999914288520813,0.4914754016058783,0.5102139881678988,-0.20517722410815092,0.9999241232872009,0.4903782231467108,0.5184262088366915,-0.21995156449930997,0.9999796152114868,0.4890205468450271,0.5214241674968172,-0.22017821839877527,0.999984860420227,0.4876684078148431,0.5244539482252936,-0.22032928253923134,0.9999867081642151,0.48972553270203706,0.5161180990082875,-0.1465757991586412,0.9999619126319885,0.4845287927559442,0.5325688311031884,-0.21767762345927094,0.9999769330024719,0.5016511116709026,0.5253910456384929,-0.1879813177245003,0.9999661445617676,0.49974650144577,0.532059049606323,-0.20909410757677888,0.9999823570251465,0.5034326212746754,0.5300858923367089,-0.07422330698796678,0.9999872446060181,0.48318852186202976,0.5969938414437428,-0.22386498025485438,0.9999939203262329,0.5121909635407582,0.44843506813049294,-0.0525752004768167,0.9536975622177124,0.46608594145093624,0.6598912715911862,-0.30174752218382683,0.998205304145813,0.5112123727798459,0.3676248252391814,-0.09829169235059189,0.9872068166732788,0.46220073870250133,0.7232317311423162,-0.4232759824820925,0.998583972454071,0.508833495208195,0.34489566428320734,-0.11271167716809675,0.9847217798233032,0.4604033964020863,0.7454102005277358,-0.46211377808025883,0.9971874356269836,0.5078181539263041,0.34204518198966966,-0.12826207024710512,0.9863455295562744,0.46442186406680497,0.7448623163359502,-0.47420962452888465,0.9974144101142883,0.5078750457082474,0.34887804474149414,-0.1066790810653141,0.9852871298789978,0.46675927298409575,0.7376542312758306,-0.4317670013223373,0.9946719408035278,0.5154648763792853,0.7013725842748366,0.06215881354042459,0.9999819993972778,0.5009374465261185,0.7184243168149672,-0.06222859088863642,0.9999870657920837,0.549448808601924,0.7712188107626775,0.11799056189400804,0.9490286111831665,0.5256183573177879,0.8223189081464491,-0.1251667141914367,0.9984097480773926,0.5194204551833014,0.8579888599259509,0.22407044385160707,0.9751396775245667,0.4865807771682737,0.8913954036576403,-0.07706605706896097,0.9961665272712708,0.5070610318865092,0.8715494598661145,0.2313019254377909,0.9613120555877686,0.4737937739917208,0.9062084708894999,-0.07287445345095223,0.9676821231842041,0.5444191268512177,0.881757351330348,0.19299644998141688,0.9773484468460083,0.5032794390405926,0.9334976060049871,-0.13209651836327138,0.9931071400642395
76,0.4985127312796454,0.519185011727469,-0.21549735154424388,0.9999533891677856,0.49158567871366204,0.513850780895778,-0.20710762654032017,0.9999256134033203,0.49140623722757587,0.5125616499355858,-0.2073307079928261,0.9999101758003235,0.49133351870945496,0.511322474479675,-0.20732116273471277,0.9999205470085144,0.49007521442004587,0.5199111206190924,-0.22237694944654182,0.9999781250953674,0.4887374460697172,0.5230226550783428,-0.2226043471268244,0.9999837279319763,0.48740514431680926,0.5261368036270139,-0.22275652033942075,0.9999856352806091,0.4896603175571984,0.5172681689262387,-0.14789903887680592,0.9999599456787109,0.484293815067836,0.5342804125377107,-0.22094670704432887,0.99997478723526,0.5015246255057196,0.526381581170218,-0.1899352993283952,0.9999637603759766,0.4995013500962936,0.5332392692565916,-0.2113555222749709,0.9999808669090271,0.5035997271537778,0.5313231689589362,-0.07522288539579933,0.9999871253967285,0.4831405724797928,0.599538583414895,-0.2262639663049152,0.9999935030937195,0.5115305185317991,0.4484862361635479,-0.0564744103167738,0.9547541737556458,0.46637720806258043,0.6622116531644545,-0.294427716732025,0.9979271292686462,0.5101293734141756,0.3678515638623917,-0.10900447751794537,0.9878876805305481,0.46351975713457355,0.7259682995932439,-0.3989483475685118,0.9984289407730103,0.507549246719905,0.34527119653565524,-0.12431620678731367,0.9854699373245239,0.46252975549016656,0.7483579465321128,-0.43519130434308717,0.996953547000885,0.5067160010337828,0.34233357565743566,-0.13915776503937577,0.9870196580886841,0.46698934691292876,0.7467487760952537,-0.44692596622875735,0.9972001314163208,0.5070208583559306,0.3491273360592977,-0.11724079996347422,0.9859648942947388,0.4691171816417147,0.7394585830824711,-0.4067655018397738,0.9942965507507324,0.5162071279117038,0.7034099204199652,0.062088008970022174,0.9999816417694092,0.5009061608995707,0.7206707307270592,-0.062158683261701014,0.9999865293502808,0.5508560419082639,0.770988605703626,0.11553262450865331,0.9524884223937988,0.5259062869208196,0.8233208622251235,-0.12997757111276892,0.9984419941902161,0.5195442608424593,0.853770998546055,0.22443095743656147,0.9760582447052002,0.48653187496321515,0.892093980312347,-0.08550207657473424,0.9961838722229004,0.5082825303077696,0.8670768703733167,0.23202587621552595,0.9624404907226562,0.47371914046151276,0.9063128011567247,-0.08127560019493099,0.9678317904472351,0.5423545650073458,0.879989281722477,0.19147397833211072,0.9780513644218445,0.5033503140722,0.9329481891223358,-0.1376168263810021,0.9931703805923462
77,0.49832088010651704,0.5201949868883403,-0.20789069533348073,0.9999458193778992,0.49142510550362695,0.5149855375289915,-0.1988586119243076,0.9999145269393921,0.49129763160433065,0.5137029477528161,-0.19907317161560048,0.9998986721038818,0.49126319800104395,0.5124557920864647,-0.19906457236834926,0.9999107122421265,0.48989125830786545,0.5212421962193078,-0.2145438104867934,0.9999744296073914,0.48859790308134876,0.5245408432824269,-0.21477017019476202,0.9999808669090271,0.48729596478598436,0.5278318064553394,-0.21492071407181867,0.9999833106994629,0.48962840523038575,0.5188123362404957,-0.13899270977292735,0.99995356798172,0.4841732059206279,0.5362678561891825,-0.21275238990783682,0.9999703764915466,0.5015483532633098,0.5273943441254749,-0.18230484766619537,0.9999560713768005,0.49944854634148717,0.5344063912119181,-0.2041039253984178,0.9999769926071167,0.5038033332143509,0.5333940829549515,-0.06803674783025465,0.9999865293502808,0.48328767504010856,0.601090197903769,-0.2188620277813502,0.9999929666519165,0.5107515709740773,0.4485828842435562,-0.052766097656318095,0.9532020688056946,0.4670858808926171,0.6635581152779713,-0.2767590752669742,0.9976311326026917,0.5086181742804389,0.3680365094116754,-0.1081853432314736,0.987808346748352,0.4654658487864901,0.7278867891856599,-0.36593997052737626,0.9980602264404297,0.5060004983629497,0.3455651351383753,-0.1234059885144233,0.985295295715332,0.4652742155960625,0.7510532770838053,-0.39947244439806234,0.9962685108184814,0.5052580697195869,0.34257657868521535,-0.13693792564528323,0.9868392944335938,0.47040023122514973,0.7487811991146629,-0.4109872741358619,0.9965510368347168,0.5057603222983221,0.3493694501263753,-0.11591465047427582,0.9857214689254761,0.4722977859633307,0.7412250161170956,-0.3731786302157809,0.9932345151901245,0.5167566367558067,0.7058213693755011,0.06200638211199212,0.9999813437461853,0.5008698037692476,0.7224170139857697,-0.06207760263766558,0.9999862909317017,0.5520932708467753,0.7699437464986525,0.11246115927185327,0.9542034864425659,0.5266319939068382,0.8243405273982454,-0.141570154258183,0.9984936118125916,0.5199281862803866,0.8507607136453896,0.21942966580390919,0.9757639169692993,0.486413263423102,0.8932318959917338,-0.10618922305958607,0.996242880821228,0.5103661588260103,0.8638585737773345,0.22686749824455796,0.9618616104125977,0.4734045948301041,0.9068265506199424,-0.10255857195172988,0.968231201171875,0.5405625735010418,0.877849972248077,0.18665863147803707,0.97772616147995,0.5033044695854185,0.9330133608409332,-0.15685020685195916,0.9932859539985657
78,0.49798849139894735,0.5210585304668969,-0.19781358412333888,0.9999403953552246,0.49105397462844824,0.5160733103752133,-0.18802677052361616,0.9999068975448608,0.49096718089921115,0.5148367473057336,-0.18823324441909783,0.9998906254768372,0.4909705758094785,0.5136101722717283,-0.18822491765022267,0.9999039173126221,0.48956886955669926,0.5224053570202416,-0.20394978650978624,0.9999720454216003,0.4883353701659609,0.5258109416280472,-0.20417426654270707,0.9999789595603943,0.4870759717055727,0.5292121018682205,-0.20432357532637452,0.999981701374054,0.4894204199314115,0.5205741899354115,-0.12775624415704176,0.9999490976333618,0.48399324672562716,0.5381025706018718,-0.2010092662913458,0.9999670386314392,0.5014261484146116,0.5282943384987965,-0.17239096079553867,0.9999512434005737,0.49931649565696695,0.5352881584848674,-0.19442745362009312,0.9999744296073914,0.5039114134652272,0.5353980813707622,-0.05877997204661366,0.9999860525131226,0.48352881414549675,0.6023636085646491,-0.20899448309625887,0.9999925494194031,0.5099110892840792,0.44880321621894814,-0.044556584422077425,0.9528842568397522,0.46803703222955956,0.6646616697311398,-0.2632551074028014,0.9973943829536438,0.5070886032921924,0.36825757537569304,-0.09878343684332706,0.9881424307823181,0.46777465088026843,0.7289277894156316,-0.34767394661903367,0.9979355335235596,0.5046251603535241,0.34578243238585316,-0.11353956311941142,0.9855924248695374,0.4681947546345845,0.7534928100449695,-0.3803731398923055,0.9960687160491943,0.5038632835660659,0.3428313757692063,-0.12619463035038533,0.9870830774307251,0.47360440066882514,0.751095068454742,-0.39183364936283643,0.9963567852973938,0.5044510517801555,0.34961126957620875,-0.10610954697643002,0.9859466552734375,0.47523081898689246,0.7429380995886662,-0.35476604785237975,0.992924690246582,0.5170847535133359,0.7075285111154825,0.06173884080989017,0.9999811053276062,0.5012185198920112,0.7235200047492978,-0.06181664243340489,0.999985933303833,0.5528771843229019,0.7688208528927392,0.1043193114655358,0.9567421674728394,0.5275293299130028,0.8266393269811354,-0.14594760962894976,0.9985478520393372,0.5216519253594533,0.8505227327346798,0.2075903309243065,0.9764296412467957,0.4869914071900502,0.8935790692056924,-0.10135671453816544,0.9962652921676636,0.5128536888531274,0.8636983326503205,0.21478673730577733,0.9624665379524231,0.4738605473722728,0.9060895153454368,-0.09610219044344762,0.9684771299362183,0.5408289364406038,0.876857083184378,0.1757656446525028,0.9781741499900818,0.5034897974559236,0.9331622498376024,-0.14619957336357653,0.9933592081069946
79,0.49743976678167046,0.5225654448781692,-0.19048428407737178,0.9999327659606934,0.49041921922138737,0.5175393887928552,-0.18028210358960278,0.9998963475227356,0.4903627659593307,0.5162159664290289,-0.18048211804458064,0.9998792409896851,0.4904026559420992,0.514908867222922,-0.1804740641798291,0.9998942613601685,0.48897190093994114,0.5239809342793054,-0.19614863097667684,0.9999685287475586,0.48776417715208853,0.5273183141435893,-0.19636958241462696,0.9999762177467346,0.48653611370495364,0.5306424924305504,-0.19651409472737985,0.9999794363975525,0.4889714666775292,0.5220146502767289,-0.12033687361649098,0.9999427199363708,0.4835730212075367,0.5395851833479742,-0.19202035324914105,0.9999625086784363,0.5010596207209994,0.5295369608061651,-0.16543164295809604,0.999945342540741,0.4989751815795896,0.5364668267113819,-0.18724959322384416,0.9999711513519287,0.5039477126938954,0.5364799073764254,-0.05219369860632077,0.9999854564666748,0.4836761755602698,0.6039432406425473,-0.20139264379228855,0.9999918937683105,0.5092835085732594,0.44918830905641804,-0.0360052599438599,0.9518789649009705,0.4687464245728082,0.6663890753473551,-0.2571560544627052,0.9970365762710571,0.5061231493949887,0.3683755687304904,-0.08671455298151284,0.9883765578269958,0.4700722430433544,0.729298957756587,-0.3451398261955805,0.9977896809577942,0.503750555855887,0.345904299191066,-0.1006236721362386,0.9858453869819641,0.47016930835587617,0.7548888257571625,-0.3778362997940607,0.9958282709121704,0.5029274106025693,0.34293887359755365,-0.11362564372164857,0.9873074293136597,0.47592815671648275,0.7526876841272624,-0.3895550617149896,0.9961302876472473,0.5035405329295565,0.3497063866683413,-0.09401387082678928,0.9861366152763367,0.4776755767209187,0.7441625271524699,-0.3523387925965444,0.9925439953804016,0.5174118382590155,0.7083595650536669,0.061015471390315434,0.9999805688858032,0.5020304271153039,0.7239864468574521,-0.06110695185405864,0.9999850988388062,0.5532328741891042,0.7674446855272562,0.0821161961981228,0.9594998359680176,0.528023028373718,0.8284328801291325,-0.14675157879080084,0.9985195398330688,0.5236445358821322,0.8513397301946364,0.17217506808894012,0.9773455262184143,0.48788577233042013,0.8927915096282955,-0.09164298921823497,0.9959637522697449,0.5137163894517078,0.8648273450987676,0.1781446933746337,0.9629541635513306,0.4749575146606988,0.90418096099581,-0.08508057700736177,0.966303288936615,0.5425922478948317,0.8769463624273024,0.14109391655240733,0.9788133502006531,0.5036482555525641,0.9328650133950365,-0.1315109648874827,0.9929050207138062
80,0.49667420472417534,0.523639038630894,-0.19295971649033672,0.9999311566352844,0.489544092757361,0.5188243831906998,-0.18314372428825915,0.9998940229415894,0.4895147246973853,0.5174253055027551,-0.18334400270666384,0.9998770952224731,0.48959451913833596,0.5160504170826501,-0.18333640354020245,0.9998924732208252,0.48813014881951444,0.5252922279494147,-0.19912088300500586,0.9999678730964661,0.48693302188600784,0.5285096423966541,-0.19933963801179605,0.9999756813049316,0.48573872276714847,0.5317059687205721,-0.19948158391884385,0.9999790191650391,0.4883233521665843,0.5230917879513328,-0.12364314943552011,0.9999403357505798,0.4830060507569992,0.540614763328007,-0.195020077909742,0.9999611973762512,0.5004319616726465,0.5301918676921298,-0.16788990199565879,0.999943196773529,0.49845987558364846,0.5369375893047874,-0.18996881203992017,0.9999701380729675,0.5038984196526661,0.5367413793291362,-0.05364492833614347,0.9999852776527405,0.48365398389952496,0.6058543000902445,-0.20313682683876572,0.9999917149543762,0.5088278412818906,0.44971299256597225,-0.03626073247620036,0.9522528052330017,0.4692106715270449,0.668303036689758,-0.25629861950874316,0.9969735741615295,0.5055027382714405,0.3684709966182707,-0.08560520453112462,0.9888887405395508,0.47212727495602175,0.7299757003784176,-0.3418685189315249,0.9978151917457581,0.5031060797827582,0.3460919839995246,-0.09902764665228975,0.9863991737365723,0.47191504750932944,0.7557689428329465,-0.37401152082851935,0.995875358581543,0.5023862974984303,0.34296980415071743,-0.11300358963864185,0.9877950549125671,0.47796702980995154,0.7536156007221764,-0.38602972796985063,0.9961678981781006,0.5030372023582457,0.34979155489376595,-0.09319060061659128,0.9866282939910889,0.47957542623792354,0.7450041106769014,-0.3490988484450747,0.9926522970199585,0.5176737104143413,0.708171895572117,0.059721353969403645,0.9999802708625793,0.5032645361764088,0.7236481360026764,-0.05982420614787507,0.9999845623970032,0.5534301229885643,0.7664388281958441,0.07498626261949536,0.9622544050216675,0.5283524325915743,0.8284084813935413,-0.14568433889320914,0.9985467791557312,0.5259958761078969,0.8515584741319925,0.1616201013326644,0.9784426093101501,0.4892993697098321,0.8918892979621883,-0.09058942156178607,0.9959551692008972,0.5154918244906832,0.865371968064989,0.16711853700024734,0.9642254114151001,0.4767597530569347,0.9009921329362047,-0.08427831828594204,0.9665318131446838,0.5441976853779381,0.8774123958178924,0.12793574141604555,0.9797911047935486,0.5037242225238253,0.9326043214116773,-0.13110951398100165,0.9929652810096741
81,0.495975852012634,0.5241247824260165,-0.19232428244182032,0.9999290108680725,0.4887497067451475,0.5197734407016207,-0.18274257949420375,0.9998911023139954,0.4887415272848944,0.5184268185070581,-0.18294242918491355,0.9998735785484314,0.4888559656483784,0.5170982394899638,-0.18293525789465215,0.9998895525932312,0.48742753693035645,0.5262265597070963,-0.1989116064139774,0.999967098236084,0.48628159591129827,0.5294633507728574,-0.1991286903619765,0.9999750256538391,0.4851519192968094,0.5326909542083738,-0.1992676760469163,0.9999785423278809,0.4877437659672326,0.524558855806078,-0.12342371387141085,0.9999373555183411,0.4826251285416737,0.5420699885913302,-0.1950246636356625,0.9999597668647766,0.4998492709227968,0.5304611733981539,-0.16714574098587026,0.9999407529830933,0.49808159215109665,0.5371724367141721,-0.18964580254895336,0.9999690055847168,0.503660338265555,0.5375292437417164,-0.0521116389759949,0.9999849200248718,0.48380641426358884,0.6069328921181812,-0.20236281710011608,0.9999915957450867,0.5084156973021369,0.45042500240462147,-0.034657984865563235,0.9523528814315796,0.4702524014881677,0.6694972821644372,-0.2536239036491938,0.9968856573104858,0.5048630986894878,0.368766117947442,-0.0816182325993265,0.9892211556434631,0.4746208735874719,0.7302742430141991,-0.3358063135828289,0.9978429079055786,0.5024335946355545,0.34686489530972053,-0.0943343905465943,0.9867165684700012,0.47429410900388425,0.755832196984972,-0.36725882547242283,0.9959259629249573,0.5017496670995437,0.3434178939887454,-0.10887133457830969,0.9880808591842651,0.48088903597422983,0.7535069022859842,-0.3790129601955412,0.9962130784988403,0.5024113042013983,0.3503525401864731,-0.08931789760078698,0.9869213700294495,0.48234873243740606,0.7450452532087051,-0.34280708772795526,0.9927538633346558,0.5177556480680191,0.7079088006700784,0.05873103897486411,0.9999802112579346,0.5047184143747601,0.7226614287921357,-0.058835654918636564,0.9999844431877136,0.5537639805248803,0.7653331603322706,0.07149457080023626,0.9640695452690125,0.5306415745190209,0.8265206371034891,-0.14841891952923358,0.998562216758728,0.5275149294308251,0.8514599936349048,0.15144657535212375,0.9791666269302368,0.49131048321723914,0.8893365877015246,-0.10892187654972071,0.9959597587585449,0.5169909579413275,0.8657454729080196,0.15605831486838195,0.9647268652915955,0.4788884605680191,0.8964063099452424,-0.10440076866320197,0.9665711522102356,0.5451668160302295,0.8767999717167442,0.11535402195794235,0.9803779125213623,0.5036676611219131,0.9309660945619851,-0.14980567885296678,0.9930413961410522
82,0.4955547239099228,0.5242219601358684,-0.20217997133731833,0.9999276995658875,0.48823600666863554,0.5205809439931595,-0.19301709532737724,0.9998896718025208,0.48820184469223,0.519464542184557,-0.19321919296468998,0.9998719692230225,0.48829997267041864,0.5183447599411009,-0.19321454209940767,0.9998883008956909,0.4871345928737093,0.5268728835242134,-0.20943923805441167,0.9999668598175049,0.48607763051986674,0.5302153638431002,-0.2096578610794884,0.99997478723526,0.4850054723875861,0.5335755552564346,-0.209804943203926,0.9999784231185913,0.48727673377309505,0.5269483923912046,-0.13454322665929788,0.9999358057975769,0.48258866156850516,0.5440172467912945,-0.20753188260963973,0.9999592900276184,0.49950167110988053,0.5306324192455835,-0.17723291644028247,0.999939501285553,0.4979337862559725,0.5373605336461746,-0.20011050360543378,0.9999685883522034,0.5032163841383795,0.5391290051596502,-0.06263681373425889,0.999984622001648,0.48445952108928114,0.6082753641264776,-0.21460559240409297,0.9999913573265076,0.5078516874994548,0.4514137361730846,-0.04271122110741477,0.9511953592300415,0.4717449835368563,0.6708447848047525,-0.27146876624652305,0.9968027472496033,0.503928778852735,0.36936899253300237,-0.08691159103597909,0.9893675446510315,0.47716302020209156,0.7307318619319367,-0.3576425084045953,0.9978485703468323,0.5015046596527097,0.3480776974133081,-0.09954199876104078,0.9868879914283752,0.47739780630384154,0.7560687797410144,-0.3912331112793512,0.9959303736686707,0.500780015332358,0.3442943419728959,-0.11516688274485717,0.9882365465164185,0.484350298132215,0.7532251971108569,-0.40164372750690985,0.9962104558944702,0.5014229280608039,0.35126133646283814,-0.09500680650983534,0.9870728850364685,0.48545567308153403,0.7448589938027514,-0.3643454968929289,0.9927721619606018,0.5178685835429597,0.7071510280881605,0.05819331333041188,0.9999794363975525,0.5062236462320597,0.7219272647585184,-0.05829879492521283,0.999983549118042,0.55431398493903,0.7641579832349501,0.0758992241961615,0.9658319354057312,0.5349721482821871,0.8252850225993561,-0.13585912563971103,0.9984981417655945,0.5287920117378233,0.848259900297437,0.14883720959935862,0.97923743724823,0.49300002285412353,0.8865155390330719,-0.09164276437035625,0.9956516027450562,0.5176887103489465,0.8626967753682813,0.15356921085289538,0.9640749096870422,0.4803682267665861,0.8922736116818015,-0.08638749912913353,0.9651266932487488,0.5438060147421698,0.8754043528011863,0.12102589117629181,0.9803784489631653,0.5035532287188936,0.9292377335684636,-0.12764848279101504,0.9926313757896423
83,0.49542985984257265,0.5241675513131276,-0.21476167482989167,0.9999250173568726,0.48794743759291487,0.5212198938642227,-0.20569353018488193,0.999886691570282,0.48784817627498056,0.5204250897680007,-0.20589420539992187,0.9998680949211121,0.48788871424538727,0.5196097595351081,-0.20588871410914822,0.9998847842216492,0.4871153950691221,0.5272369589124404,-0.22239256160599835,0.9999662041664124,0.4861446542399268,0.5306918774332317,-0.2226154817002159,0.9999743103981018,0.4851004268441879,0.5342033641678944,-0.22277382910251609,0.9999780654907227,0.48688527686255295,0.5295060481343947,-0.14727711464677531,0.9999338388442993,0.4826863305909291,0.5457561969757077,-0.22262650302478235,0.999958872795105,0.4994174131325311,0.530871396405356,-0.18992075664656494,0.999938428401947,0.4979635085378372,0.5375177843230109,-0.21302087136677322,0.9999682903289795,0.5027350221361431,0.5411450403077259,-0.07495471824492723,0.999984085559845,0.4855098894664217,0.6100445815495079,-0.2308035156556537,0.9999909400939941,0.5072205441338673,0.4530425122806002,-0.05070228438292229,0.9480952024459839,0.4730854409081593,0.6729009543146403,-0.29447300348963046,0.996629536151886,0.5029598338263372,0.370620399713516,-0.09460482490914203,0.9891844987869263,0.4792786487511224,0.7316204343523295,-0.38634964142526884,0.9978315234184265,0.5004950404167173,0.3498388631003242,-0.10750266590288701,0.9867972731590271,0.4806744975703101,0.7567123719624107,-0.4231243644441875,0.9958910346031189,0.49974894268172104,0.34575018797601953,-0.12463112111602503,0.988196074962616,0.48753096801894036,0.7532681414059227,-0.4317426724093299,0.9961764216423035,0.5003546748842509,0.35266958900860357,-0.10333938577345435,0.9870023727416992,0.48820878352437674,0.745050191879272,-0.39258604645729045,0.9926756620407104,0.5183729393141607,0.706371700763702,0.05895087452871456,0.9999768137931824,0.5077742423330032,0.721871060984475,-0.059058669741664585,0.9999813437461853,0.5558782356125965,0.7623379520007538,0.09122512595994127,0.9643735885620117,0.539810514450073,0.8252374836376731,-0.11693201661109918,0.998076856136322,0.5276766095842631,0.8453015344483508,0.17209095784596026,0.9747865200042725,0.49326191714831735,0.8851140856742855,-0.05196976044348306,0.9944025874137878,0.5166858247348238,0.8585684708186554,0.1783033119780676,0.955249011516571,0.4803955938134872,0.8911448802266798,-0.04443269270871364,0.9586772322654724,0.5330873455320083,0.8748258829116817,0.15261177165167666,0.9760413765907288,0.5032796144485472,0.9280093278203687,-0.08123585805296894,0.9906443953514099
84,0.4953551905495777,0.5238965664591106,-0.2253609857388904,0.999922513961792,0.4876898578235079,0.5213958586965286,-0.21645075721400114,0.9998845458030701,0.4875399529933927,0.5208355001040865,-0.21664737377847937,0.9998642206192017,0.48753621067319575,0.5202485595430644,-0.2166399168116705,0.9998813271522522,0.48706139666693526,0.5272134184837338,-0.2336129363094056,0.9999660849571228,0.48616871493203273,0.5307581765311102,-0.23384064137935628,0.9999741315841675,0.4851608872413633,0.5344056980950489,-0.2340072487081799,0.9999781250953674,0.48655698299407935,0.5309103710310796,-0.1577317672116415,0.999931812286377,0.48274735042027045,0.5467272877693173,-0.2356305216039929,0.9999590516090393,0.49938708032880486,0.5308670588902062,-0.20042492449283592,0.9999380111694336,0.49799784081322784,0.5373699733189172,-0.22412077827113006,0.9999685287475586,0.5024402822766982,0.5424704364367892,-0.08428445128457883,0.999983012676239,0.48640605892453853,0.6118741852896552,-0.245456170610019,0.999990701675415,0.5067589453288485,0.45482806903975326,-0.05810776363526069,0.938255786895752,0.47394034436770827,0.6748378242765152,-0.31732184205736413,0.9963698983192444,0.5023700186184472,0.3721854022571017,-0.10523249230214522,0.987410306930542,0.48079969457217603,0.7322580456733699,-0.4211283240999492,0.9977228045463562,0.4997801397527965,0.35162153244018535,-0.11890383618218553,0.9853798151016235,0.4830949510846817,0.7571273991039817,-0.4621589388166153,0.9956928491592407,0.4990714132785795,0.34732943262372684,-0.1373990456972803,0.9870197772979736,0.4895913107054572,0.7534154278891424,-0.46933436904634723,0.9959855079650879,0.49965352841785954,0.3542244034154073,-0.1146074669701712,0.9855564832687378,0.4899860816342488,0.7453593662806917,-0.4272834922586166,0.9921934604644775,0.5190253070422579,0.7058232852390831,0.06067218823092321,0.9999724626541138,0.508887205805097,0.7221445185797551,-0.06077284844858303,0.9999786019325256,0.5579433134623933,0.7604401060513084,0.11971306694405413,0.9550100564956665,0.5435283064842221,0.8254110353333606,-0.10392215698957438,0.9975281357765198,0.5240759968757627,0.841123623507363,0.22583700588771266,0.9573649168014526,0.49266612189156644,0.88580298934664,-0.022031459531613742,0.9922304153442383,0.5145627754075184,0.850285376821245,0.23472672956330426,0.928757905960083,0.4796964270727973,0.8916532448359894,-0.012894321419298641,0.9479700326919556,0.5179812550544737,0.8719741446631292,0.2134473883679934,0.9596172571182251,0.5029280628476822,0.9283364926065714,-0.04954173479761394,0.9866840243339539
85,0.49523720230374996,0.5239238790103364,-0.22409824643816256,0.9999251961708069,0.48744081684521245,0.5218483618327547,-0.2150586230414253,0.9998892545700073,0.48725927472114544,0.5214132956096103,-0.21525226065090713,0.9998692870140076,0.4872322934014454,0.5209435939788816,-0.21524204654352994,0.9998853802680969,0.48695445912224883,0.5275870408330642,-0.2322422180856976,0.9999677538871765,0.48613151141575384,0.5312406148229324,-0.23247062478746677,0.9999753832817078,0.4851738904203685,0.5350469725472584,-0.23263359495571673,0.9999791979789734,0.48632528100694905,0.5318519575255255,-0.15598610171249927,0.9999346137046814,0.48276835169110954,0.5476907168115885,-0.23477981644017343,0.9999611377716064,0.4993254993643077,0.5310297983033314,-0.19899624969278054,0.9999406337738037,0.4980001517704553,0.5374114888054982,-0.22276731601783195,0.9999700784683228,0.5023587669645034,0.5432166678564887,-0.08267846490655623,0.9999825954437256,0.48692512427057516,0.6129639165742053,-0.24759426159518094,0.9999907612800598,0.5065769297736029,0.4559493439538136,-0.058958221971988654,0.9315548539161682,0.47459627985954267,0.6765091317040577,-0.32782725776944827,0.9964099526405334,0.502047070435115,0.37384388787405815,-0.10976281889847342,0.9861279129981995,0.48218302215848624,0.732523599692753,-0.44225072264671306,0.9977418184280396,0.49948122075625806,0.35345371706145134,-0.1240251319749014,0.984472930431366,0.48506596088409404,0.7570873584066115,-0.48578742827687926,0.9957290291786194,0.4987291301999771,0.3490783853190284,-0.142603302853448,0.9862902164459229,0.49123411519186816,0.7533589226858953,-0.4917329566819325,0.9960119724273682,0.49923296315329396,0.35593611938612785,-0.11930307980094632,0.9846071004867554,0.4915903730051856,0.7455134238515577,-0.4482624164649416,0.9921414256095886,0.5198930246489386,0.705721190997532,0.06298704264419416,0.9999683499336243,0.5096028872898645,0.722623366968972,-0.06307396356548578,0.999976396560669,0.560027081625802,0.7594216091292242,0.13284297628062106,0.9420980215072632,0.5465544734682353,0.8253234301294595,-0.10348904963050565,0.9973242282867432,0.5197185754775999,0.8383151360920493,0.25726911723613727,0.9329128861427307,0.4923827631132941,0.8860074196543009,-0.020136346455131245,0.9910297393798828,0.5115550449916293,0.8437471389770503,0.2675495262656892,0.900139570236206,0.4795593874795094,0.8911559922354558,-0.010651620796748563,0.9425196051597595,0.5069885935102187,0.8679324678012299,0.24457447997161308,0.9383521676063538,0.502738581384931,0.9282595821789328,-0.04459005626184597,0.9842345118522644
86,0.49517586146082176,0.5250566431454247,-0.22270805622850134,0.9999280571937561,0.4873290921960556,0.5235511456217081,-0.21391691310065122,0.9998941421508789,0.48712086336953275,0.5231506722314014,-0.2141091525554656,0.9998747110366821,0.487069009031568,0.5227122000285556,-0.21410316824913014,0.9998898506164551,0.4869041809013909,0.529116071973528,-0.23121843252863192,0.9999694228172302,0.4861196083681921,0.5327083536556787,-0.23144524395465838,0.999976634979248,0.48521202547209574,0.5364910483360288,-0.23160800167492449,0.9999802708625793,0.48621195639882747,0.533576416969299,-0.15583622157573693,0.9999377727508545,0.4828476488590238,0.5491261516298565,-0.23312036565371913,0.999963104724884,0.4992889557565959,0.5320791772433687,-0.19799558648041307,0.9999432563781738,0.49806391256196136,0.5382597923278807,-0.22197965553828636,0.9999715685844421,0.5023841125624517,0.5441799163818357,-0.08289312166827062,0.9999822974205017,0.4874940003667556,0.6143053191048755,-0.24711744700159333,0.999990701675415,0.50645899942943,0.45683850560869466,-0.06038797125220296,0.9257820844650269,0.4752685325486318,0.6784594467708039,-0.3333679599421363,0.9963781833648682,0.5016467400959558,0.3757752886840274,-0.11285978215081346,0.9848294854164124,0.48410895722252956,0.733067086764744,-0.45331569058554494,0.9976878762245178,0.49909819364547703,0.3554791024753024,-0.1274450583117348,0.9835254549980164,0.4872598401137759,0.7572682244437078,-0.4975288791315894,0.9956582188606262,0.4983194155352454,0.3510867638247352,-0.14658280504601334,0.9855012893676758,0.49314895612852894,0.753287075247083,-0.5027573585510252,0.995937168598175,0.49874614221709096,0.3578082552977969,-0.12261449992656702,0.9835937023162842,0.49356846724237696,0.7457728181566506,-0.45917301092829,0.991868257522583,0.5212116582053046,0.7056152394839692,0.06441882178187366,0.999963641166687,0.51052416903632,0.7233118108340668,-0.06449824827057972,0.9999732971191406,0.5612421904291423,0.7582509807177948,0.12989229389599385,0.9273994565010071,0.5481326580047605,0.8258551818983891,-0.10499334420476636,0.9968839287757874,0.5175887737955364,0.8397948009627202,0.2456370162112371,0.9019779562950134,0.4921901396342684,0.8859997613089421,-0.02772008819239479,0.9884452819824219,0.5097713538578577,0.8441969105175559,0.25490262210369097,0.8681373596191406,0.47947589584759276,0.8905872157641815,-0.018879118854446063,0.9328980445861816,0.5074273739542278,0.8685652119772771,0.23140911161899558,0.9111876487731934,0.5026278189250399,0.9280681082180563,-0.05179706024272099,0.9795135259628296
87,0.4952013799122399,0.5272226963724407,-0.2175003034727913,0.9999288320541382,0.48735725113323736,0.526410320826939,-0.20872305929660787,0.9998959898948669,0.4871196721281322,0.5259729657854351,-0.20891066193580618,0.9998764395713806,0.4870346946375709,0.525499161652156,-0.20890830968107488,0.9998914003372192,0.48693751096725446,0.5317706125123158,-0.22624229363032738,0.9999701976776123,0.48618238568305944,0.5351390855652943,-0.22646797341959807,0.9999772310256958,0.4853279931204657,0.5386954239436555,-0.22662693985870896,0.9999807476997375,0.486183371714183,0.5361355849674767,-0.1511593307767595,0.9999393820762634,0.4830483019351957,0.5510543261255534,-0.22791065743991296,0.9999639987945557,0.49929927076612174,0.5339598962238854,-0.193017582808222,0.9999445676803589,0.498229441472462,0.5398589985711231,-0.21736726079668306,0.9999723434448242,0.5023889711924959,0.5457143119403292,-0.07824698601450236,0.9999821186065674,0.48828594173703854,0.6162937641143795,-0.24284965183053686,0.9999903440475464,0.5062382306371414,0.45842692596571766,-0.054014144092798214,0.9191910624504089,0.47606489232608223,0.6811855145863122,-0.3317410222121646,0.9961535334587097,0.5012097426823205,0.37818960888045156,-0.10411119737795416,0.9837067723274231,0.48678861090115116,0.7344367470060073,-0.4543081624167304,0.9974715113639832,0.49844098346573945,0.3579360604286192,-0.11814171416418888,0.9827184677124023,0.4901368728705812,0.7578097786222182,-0.49812692403793307,0.9953238368034363,0.49777378184454757,0.35350436397961194,-0.13707640128476273,0.9848266839981079,0.49570963723318895,0.7532888242176597,-0.5029341595513477,0.9956137537956238,0.4982199873243057,0.35999945657593846,-0.1136902938996042,0.9827063679695129,0.4960701099463869,0.7461000238146097,-0.4599423749106269,0.9910932183265686,0.5234569225992474,0.7064117533820012,0.06483503452369141,0.9999602437019348,0.5124597225870402,0.7243035657065251,-0.06491960457393098,0.9999702572822571,0.5636531523295809,0.7627432891300743,0.11594267274652204,0.9199755787849426,0.548207640647888,0.8271333149501251,-0.10824031063488546,0.9963828325271606,0.5181505475725444,0.8503564459936955,0.22871736075196936,0.8852025866508484,0.4920109723295482,0.885991581848689,-0.02615118942090442,0.9859924912452698,0.5106304935046603,0.8553441303116931,0.23782555162906635,0.8467269539833069,0.47928336092403934,0.8904964412961683,-0.016782255949718605,0.9234551191329956,0.511662583691733,0.8784079364367889,0.2135769750390733,0.8951057195663452,0.5024757623672483,0.9279189739908487,-0.0486264924917902,0.9752939343452454
88,0.49523700560842215,0.5290959783962792,-0.20758990347385398,0.9999322295188904,0.48740624955722245,0.5289877670151844,-0.19889576051916386,0.9999011158943176,0.48715376428195384,0.5286734019006999,-0.19907578570502138,0.9998820424079895,0.4870487306799205,0.528327565533774,-0.19907295576163692,0.9998964667320251,0.4869585130895885,0.5339799404144285,-0.21706452582563662,0.999971866607666,0.4862431943416593,0.5371187908308844,-0.21728896498680103,0.9999784827232361,0.48547028132847353,0.5403979795319691,-0.21743592917919147,0.9999818205833435,0.48621074046407403,0.5388932773045129,-0.14291844069957726,0.9999424815177917,0.48337417755808126,0.5526635578700472,-0.2227004255567277,0.9999657869338989,0.49932206017630415,0.5357344218662804,-0.18370675444602957,0.9999471306800842,0.4984193614550997,0.5411713668278283,-0.2089029563324791,0.999973714351654,0.5023858751569473,0.547351322855268,-0.07000719904899594,0.9999820590019226,0.489097818306514,0.618418044703347,-0.2392039052077701,0.9999901056289673,0.5060115184102737,0.46044350692204045,-0.04382960477045602,0.908999502658844,0.4769331242356979,0.6841174415179658,-0.32096403496605996,0.995887815952301,0.5010448523930138,0.380948872225625,-0.09176666906901765,0.9809266924858093,0.4897339599473133,0.7364101154463628,-0.427115327119827,0.997028112411499,0.49798665216990856,0.3607992368085042,-0.1050373562744685,0.9803764820098877,0.49353754690715224,0.758398558412279,-0.46832284416471187,0.9945976138114929,0.49738772000585263,0.3563629380294253,-0.12351194854293546,0.9827719330787659,0.4990196287631986,0.7533262882913858,-0.47285684517451676,0.9948849081993103,0.49792287434850396,0.362677615880966,-0.10119186107601433,0.9801390171051025,0.49901738933154494,0.7465172818728852,-0.43212081023624943,0.9894401431083679,0.5257383653095788,0.7081553339958188,0.06525561617953433,0.9999588131904602,0.5149663005556377,0.725334845270429,-0.0653412295239312,0.9999686479568481,0.5670742750167844,0.7694950529507224,0.10863379218748632,0.9099576473236084,0.5483108009610855,0.8282964978899271,-0.10485150367021556,0.9957733750343323,0.5193133813994268,0.8583984766687662,0.21895269198077055,0.8587639927864075,0.4918872373444691,0.8860207625797812,-0.022732863788093832,0.9821694493293762,0.5121012926101682,0.860719355515071,0.2280522563627787,0.8168491721153259,0.4790646944727214,0.8901862451008383,-0.013323722992624548,0.910078227519989,0.5142328636986866,0.8863237568310325,0.20618264377117146,0.8700551986694336,0.5023245658193314,0.9279727782521925,-0.0429789075894015,0.9684531092643738
89,0.49519310763904,0.529994463920593,-0.20308943901743196,0.9999372363090515,0.4873767682484216,0.5302295957292827,-0.19468373315674908,0.9999085068702698,0.4871071474892751,0.5300948960440497,-0.1948642360312597,0.9998907446861267,0.48698317749159653,0.5299141730581008,-0.19486210261072423,0.9999041557312012,0.48695674027715385,0.5349764040538241,-0.21272578750337862,0.9999740719795227,0.4862743045602524,0.5380753840718948,-0.2129490430865968,0.9999801516532898,0.4855512721197943,0.5412571532385688,-0.2130846313067844,0.9999832510948181,0.48616815805435154,0.5406765137399944,-0.14039544888905112,0.9999467730522156,0.4836003175803591,0.553698282582419,-0.22206557861396234,0.999968409538269,0.4993074919496261,0.5368524636541092,-0.17981101529938828,0.9999508261680603,0.4985042061124526,0.541978209359305,-0.20478066674300593,0.9999756217002869,0.5023902654647825,0.5486024618148801,-0.06835470497608181,0.9999826550483704,0.489495481763567,0.6200633883476254,-0.24056840538978566,0.9999904632568359,0.5059145910399299,0.4617722979613711,-0.04333965363247052,0.9022926092147827,0.4777454205921716,0.6863226890563962,-0.31857463462012137,0.9960201978683472,0.5011066641126358,0.38287811705044317,-0.08961498183863499,0.9794814586639404,0.49151025244167845,0.7376490269388468,-0.41627372929028084,0.9970142841339111,0.49791298849242055,0.36306601677622097,-0.10260653453213824,0.9791765213012695,0.4960046197686874,0.7586526291710985,-0.4566586409296306,0.9945308566093445,0.4972160799162726,0.358622999702181,-0.12014765909739897,0.9816969633102417,0.5015264706952229,0.7533130168914792,-0.460785776376724,0.9947901368141174,0.49777618987219646,0.3649219436304908,-0.09878180261169156,0.9788222908973694,0.5011344288076671,0.7467673625264845,-0.4209325764860423,0.9891800284385681,0.5269561920847209,0.7096201096262247,0.06583991966077256,0.9999595284461975,0.516528625147683,0.7262903503009248,-0.06592526670013152,0.9999693036079407,0.5694702318736482,0.7748089296477177,0.10998004674911493,0.897057831287384,0.5491674372128076,0.8286743726049146,-0.0997525743075779,0.9956541657447815,0.5201988628932406,0.8566847545760015,0.22373743440423682,0.8339939117431641,0.4918571829795835,0.8858053786414006,-0.022440760875386843,0.9810185432434082,0.5129179494721546,0.8558313829558232,0.2333823514836174,0.7929025292396545,0.4790017281259807,0.8896799411092482,-0.013459259511104644,0.906529426574707,0.5138392499514985,0.8841283304350712,0.2149791887828281,0.8500612378120422,0.5022552711623053,0.9279889532497946,-0.042133629747799446,0.9662949442863464
90,0.4950495081288471,0.5306089094706942,-0.20910178082329878,0.999940037727356,0.4872626474925447,0.5308885131563457,-0.20130950510501852,0.9999127388000488,0.48697700755936735,0.5309018543788362,-0.20149569852011534,0.9998956918716431,0.48683808445930454,0.5308341332844323,-0.20149610851492192,0.9999083876609802,0.48691711425781226,0.5355222174099511,-0.21860909717423566,0.9999754428863525,0.48625518764768305,0.538705365998404,-0.21883275040558398,0.9999812245368958,0.4855535498687197,0.5419224892343791,-0.21897475123405447,0.999984085559845,0.4860819518566129,0.5418784720557074,-0.14810190200805656,0.9999495148658752,0.48366161414555114,0.5546998585973465,-0.22689494575772956,0.9999698996543884,0.49924401300294036,0.537905258791787,-0.18625293076038352,0.999953031539917,0.49850739751543294,0.542881369590759,-0.21025858266013,0.9999767541885376,0.5024286219051903,0.5495708397456576,-0.07698470822402406,0.9999828934669495,0.48955060413905527,0.6215843728610444,-0.24452385476657312,0.9999905228614807,0.5058986067771909,0.4628290218966346,-0.05461407303810117,0.8991712927818298,0.47844391209738574,0.6883940509387422,-0.32319556815283623,0.9959925413131714,0.5011687449046541,0.3842656774180275,-0.10085039223943434,0.9784306287765503,0.4928803026676176,0.7380699736731389,-0.42437878847122174,0.9968864917755127,0.49801247205053034,0.3648404189518518,-0.114319631244455,0.9783074855804443,0.49784920556204637,0.7585194264139444,-0.46584713969911823,0.9943166375160217,0.4970894558089118,0.3604726987225667,-0.13199063603367117,0.980961799621582,0.5030971024717601,0.7528176920754566,-0.4699921727180479,0.9945728778839111,0.4975748343127112,0.36686496564320137,-0.11005975987230023,0.9779231548309326,0.502430245706013,0.7467214584350582,-0.42929000854492166,0.9886378645896912,0.5267528636114935,0.7098608902522492,0.0659523744668279,0.9999593496322632,0.5167339682579037,0.7268681900841846,-0.06602971766676219,0.9999691843986511,0.5691294550895688,0.7707774690219331,0.1260467880538531,0.8855357766151428,0.5498256002153666,0.8289089884076797,-0.09500876835414337,0.9956302642822266,0.522240614891052,0.8493002670151844,0.24528658688068378,0.8135080337524414,0.49181879162788367,0.8854990601539607,-0.023118596144818822,0.9804697036743164,0.5153291174343652,0.848183531420571,0.2551764960799897,0.7716935276985168,0.47903903126716596,0.8892391937119616,-0.014731291521872787,0.9033442735671997,0.51413551058088,0.8761132478713985,0.23590742647647847,0.8321646451950073,0.5022509983607699,0.9277495861053462,-0.04491378438792056,0.9650599360466003
91,0.49491016439029123,0.5322063258716037,-0.21289959847927084,0.999941349029541,0.48714754922049364,0.5323982017380848,-0.20523959738867614,0.9999147057533264,0.4868568837642667,0.5323840022087094,-0.2054295527083532,0.9998978972434998,0.4867126788411819,0.5322446210043768,-0.20543118757860993,0.9999099373817444,0.48689128586224123,0.5370383671351839,-0.2222264153616768,0.9999761581420898,0.4862602753298621,0.5402243290628703,-0.22245075915540957,0.9999818205833435,0.48557792135647343,0.5433956725256781,-0.2226051769086292,0.9999845623970032,0.48600185002599416,0.5431743281228198,-0.15196478920323503,0.9999508261680603,0.48368880408150783,0.5562531965119495,-0.2297740123101642,0.9999707937240601,0.49917922530855424,0.5396766849926538,-0.19003660125391814,0.9999540448188782,0.4985180233206065,0.54461692401341,-0.2137030209813798,0.9999773502349854,0.5025031583649769,0.5507313217435561,-0.0831778743437358,0.9999828338623047,0.4894563146999902,0.6228863937514166,-0.24669129507882243,0.9999905228614807,0.5058619073459077,0.46484235950878666,-0.06256598670567781,0.8993291258811951,0.4790994976248058,0.6914973395211352,-0.32652168614523736,0.9960197806358337,0.5011629308973038,0.38586130397660373,-0.10923955142498011,0.9781409502029419,0.49532402924128915,0.7381026829992018,-0.43701713340623016,0.9968934059143066,0.49800934450966944,0.36661383850233875,-0.12302091036524085,0.9780040979385376,0.5007271102496553,0.7577609470912385,-0.48062805192811126,0.9943090677261353,0.49689004336084613,0.362388685771397,-0.14107320393834788,0.9807446599006653,0.5055823257991243,0.7511052063533235,-0.48330446907452157,0.9945656657218933,0.49732304811477634,0.36884642498833775,-0.11855586958783007,0.977660596370697,0.5045679177556717,0.7457078354699267,-0.44172894273485436,0.9885309934616089,0.5269402469907486,0.7099700195448735,0.06548071482351844,0.9999573230743408,0.517112714903695,0.7276909572737554,-0.06555157474109102,0.9999678134918213,0.5680145502090452,0.7656354427337644,0.14171496076243256,0.8746045231819153,0.549804365634918,0.8293434143066402,-0.08902391237871983,0.9955158829689026,0.5245183161326815,0.8408468995775491,0.27121350424630286,0.7947801351547241,0.4920435667037962,0.8852423208100451,-0.012257011048495765,0.9793682098388672,0.5179553083011079,0.8392657058579577,0.2821450850793292,0.7496275901794434,0.47940708569117935,0.8890162706375118,-0.003437533256198677,0.8975672125816345,0.5136884110314504,0.8670384645462033,0.264986965060234,0.8146690130233765,0.5021771413939338,0.9267538751874648,-0.03330151108758789,0.9629673957824707
92,0.4948848579611095,0.5347008364541188,-0.2079523022685731,0.9999433755874634,0.48713922670909315,0.5350925888333999,-0.20005289699350076,0.99991774559021,0.4868453153542107,0.5350689785821094,-0.20024197953087933,0.9999017119407654,0.48669553995132425,0.5348942603383744,-0.20024023183754505,0.9999130368232727,0.48695390394755755,0.5395858951977319,-0.21752662062644948,0.9999771118164062,0.486359027453831,0.5426515851702006,-0.21775022063936494,0.9999825954437256,0.485708267348153,0.5456562672342571,-0.21791148654052178,0.9999852180480957,0.4860256467546733,0.5454097151756284,-0.1468241121087755,0.999953031539917,0.48387932351657303,0.5581845896584645,-0.22737818275179172,0.9999721646308899,0.4991709836891717,0.542159215041569,-0.18503862747124253,0.999955952167511,0.4985983865601673,0.5468580092702591,-0.20934658902032022,0.9999783635139465,0.5026565228189739,0.5520642808505465,-0.0800897406680243,0.9999833106994629,0.4894876199109211,0.6242246423448832,-0.24429037272930132,0.9999907612800598,0.5058238642556324,0.46738025631223384,-0.05983753076621462,0.8990964293479919,0.47990643041474457,0.6950981599943975,-0.320033744403294,0.9960727691650391,0.5011172039168219,0.3881605344159261,-0.10737624849591931,0.9775367379188538,0.498630665029798,0.7384455204010006,-0.4246638332094463,0.9968953728675842,0.49794275930949594,0.368947865281786,-0.12093464540583743,0.9774093627929688,0.5046029738017488,0.7564874206270487,-0.46774605938366454,0.9942848086357117,0.49670509440558275,0.3649339037282125,-0.13902555916990547,0.9802370667457581,0.5090608358383176,0.7486254777227126,-0.4685737584318431,0.9945237636566162,0.49712456635066415,0.3713574324335369,-0.11666348299809859,0.9770935773849487,0.5076332466942921,0.7441515854426789,-0.42846197571073236,0.9883376359939575,0.5281633836882452,0.7107490846088951,0.0650843690548624,0.9999551177024841,0.5180031912667409,0.7288151179041178,-0.06514560856989449,0.9999663829803467,0.5673412408147537,0.762147007669721,0.14532721404518395,0.863634467124939,0.5498111775943209,0.8295818328857418,-0.0815387061664036,0.9953179359436035,0.5276010172707691,0.8360863668578008,0.27254388247217437,0.7665966749191284,0.4923842753682815,0.8851133244378222,-0.004017521833468757,0.9774498343467712,0.5213653768811904,0.8420247401509963,0.2833057028906685,0.7216326594352722,0.47983683092253526,0.8889040606362475,0.005211920218010033,0.8903899192810059,0.5187559281076701,0.8656919223921636,0.2664784861462456,0.7891504764556885,0.502186506135123,0.925766938073294,-0.023216887323984067,0.959079921245575
93,0.49490363427570866,0.5372066276414051,-0.2027908504009246,0.9999431371688843,0.4871772646903989,0.5378516009875703,-0.19458262664931153,0.9999171495437622,0.4868728467396325,0.5378287707056315,-0.19477064439228595,0.9999011754989624,0.4867105747972214,0.5376458457538058,-0.1947679672922406,0.999912440776825,0.48706238525254364,0.5420927694865633,-0.21241596809455315,0.9999770522117615,0.48650645698819817,0.5449741874422342,-0.21263867701802924,0.9999825954437256,0.4858929727758678,0.5477719766753057,-0.21280160077980576,0.9999852180480957,0.48607286044529485,0.5478175759315489,-0.14110502898693078,0.9999532699584961,0.4841794635568344,0.5599334376198902,-0.2236870344196046,0.999972403049469,0.4991806524140492,0.5445309145109991,-0.17975299656391133,0.9999561905860901,0.4986963510513303,0.5488711357116696,-0.2045059195586612,0.9999785423278809,0.5028923256056647,0.5535051788602554,-0.07475424962384355,0.9999836683273315,0.489615898472922,0.6257316589355466,-0.24076756920133308,0.9999905824661255,0.5057826042175291,0.46926828197070514,-0.05214275015251975,0.9010648131370544,0.4808100393840242,0.6983097587312967,-0.31420368637357426,0.9959573745727539,0.5010096992765152,0.39066880345344523,-0.09773418435028616,0.9775617122650146,0.5011910063879828,0.7386643341609407,-0.41421433431761584,0.996702253818512,0.4978382945060728,0.3715488237994056,-0.1104690083435603,0.9773221015930176,0.5078536306108745,0.7549234645707263,-0.45629236868449596,0.9939240217208862,0.49652936543737114,0.36774894850594636,-0.1283579128129141,0.980147659778595,0.5121335455349512,0.7460969669478277,-0.4560115907873424,0.9941693544387817,0.49693447777203126,0.3740772068500517,-0.10682279574019563,0.9770606160163879,0.5103370070457456,0.7424435189792085,-0.41731742790767107,0.987572431564331,0.5299852592604498,0.7120506065232409,0.06476907538516177,0.9999547600746155,0.5190941044262476,0.7304043650627132,-0.06482597014733721,0.999965250492096,0.5667605655533925,0.7629123858043122,0.13648751122610903,0.8701448440551758,0.550131181308201,0.8302070294107705,-0.08133300266095567,0.9952441453933716,0.5296761819294518,0.8365049191883628,0.25510225551468974,0.7744773626327515,0.49294197218758695,0.8850833433015002,-0.005651397683790749,0.9768425822257996,0.5246083310672213,0.852777574743543,0.2649596231324331,0.7245801687240601,0.4802500758852275,0.8889609949929369,0.0037615802405135965,0.8866639733314514,0.5256610086985994,0.8702103393418443,0.24488122122628336,0.7941199541091919,0.5023374932152882,0.9253504719052992,-0.024835971636431545,0.958210289478302
94,0.49493457334382174,0.5392234887395584,-0.20788773383413034,0.9999415874481201,0.48725557071822007,0.5400115404810222,-0.20002760674272257,0.9999144077301025,0.48694539155278865,0.5399456722395758,-0.20021444218499312,0.9998979568481445,0.4867741899830952,0.5397133844239369,-0.20021111582006718,0.9999094009399414,0.4871754833630151,0.5442802718707491,-0.21726263889244615,0.9999765157699585,0.4866364717483518,0.5471513220242089,-0.21748780693326666,0.9999822378158569,0.48603703209332033,0.5499389972005568,-0.2176534069435936,0.9999849200248718,0.4862342289515902,0.5495916570935928,-0.14639573991298668,0.9999521970748901,0.48443765810557754,0.561732358591897,-0.22606591411999283,0.9999721646308899,0.4992222624165669,0.5463703206607271,-0.18464425887380317,0.9999554753303528,0.4988117022173743,0.5505859936986648,-0.20858362189361015,0.9999783039093018,0.5032117979867116,0.5544870819364273,-0.07693246943610052,0.9999836683273315,0.4897535511425561,0.6270839503833223,-0.24125309118202742,0.9999902248382568,0.5057739768709453,0.47003081951822534,-0.05131275675126482,0.9008618593215942,0.48165685023580257,0.7001568913459775,-0.31481773342405034,0.9958308339118958,0.5008904423032485,0.39250748242650696,-0.09334072726113452,0.9770557880401611,0.5027831673622128,0.7388450333050316,-0.4157845360892158,0.9965211749076843,0.49775464619908993,0.37370199561119066,-0.10545749217271799,0.9767236113548279,0.5098175236157007,0.7536011968340188,-0.4573451425348007,0.99357008934021,0.4963693669864107,0.37000357678958334,-0.1231109772409711,0.9796126484870911,0.5140414016587391,0.7446917125156944,-0.4576519174235205,0.9938139915466309,0.49675065875053387,0.37623961227280733,-0.10216830479247224,0.9765149354934692,0.5120389870234896,0.7414570910590033,-0.4190386380468094,0.9867837429046631,0.5309217504092623,0.7128859434809001,0.06431052493197574,0.9999532103538513,0.5196086815425325,0.7313260521207534,-0.06436031439474649,0.9999632835388184,0.5671838675226482,0.7635360257966175,0.1256937797580446,0.8725053071975708,0.5505974888801572,0.831701782771519,-0.0879404097795486,0.9950351119041443,0.5316512925284247,0.8423598238400046,0.24126131023679448,0.7743532061576843,0.4933472386428286,0.8851570384843005,-0.01288072873306061,0.9753880500793457,0.5271374634334017,0.8643107516424993,0.25071098208427417,0.7176967859268188,0.4804960412638526,0.889056517396654,-0.003505507178072418,0.8802974820137024,0.5306612559727257,0.8779461400849475,0.22682255591664985,0.7913249731063843,0.5028526272092544,0.925611203057425,-0.03409069646149872,0.9557639956474304
95,0.4951284919466289,0.5411205649375913,-0.21382573630128576,0.9999402761459351,0.4874902938093455,0.5418129256793429,-0.20640991415296273,0.9999120235443115,0.48716542805944146,0.5417221733501976,-0.20659638770988997,0.9998950362205505,0.4869738118989125,0.5414501547813413,-0.2065922124045235,0.9999065399169922,0.48746293953486824,0.5461573345320563,-0.22364001444407863,0.9999760985374451,0.48694643463407217,0.549078173296792,-0.22386616042682092,0.9999819993972778,0.486365006651197,0.5519404002598352,-0.22403589699949525,0.9999847412109375,0.48649424740246344,0.5511510883058819,-0.1529147335461207,0.9999511241912842,0.48480972817965895,0.5635148423058643,-0.23209759167262475,0.9999721050262451,0.4993855672223225,0.5481866495949879,-0.19045837010656075,0.9999547600746155,0.4990805396011895,0.552502986363002,-0.21435659783227096,0.9999781847000122,0.5035152401242935,0.5555237718990869,-0.08035777743373594,0.9999836087226868,0.4900255382061002,0.6282731771469113,-0.24530523163931697,0.9999901652336121,0.5057573539870124,0.4710329396384101,-0.05274999035256247,0.8994011878967285,0.4824095879282268,0.7016350575855798,-0.3161903747490473,0.9958446621894836,0.5008164610181534,0.39442501664161667,-0.0931181613888059,0.9760118722915649,0.5045383879116601,0.7390014989035466,-0.4140964235578263,0.9964346885681152,0.4976633259228295,0.3758024326392581,-0.1050303505999701,0.9757170677185059,0.5117242659841263,0.7527124745505193,-0.4552367491381507,0.9933634400367737,0.49623462813241115,0.37213787947382226,-0.12299043195588241,0.9787285923957825,0.5160828113555905,0.7438745004790166,-0.45577904241425626,0.9936081767082214,0.4966373435088564,0.3783534186226979,-0.10200662123305453,0.975543737411499,0.5141164830752779,0.7407914195741923,-0.417319356543677,0.9862965941429138,0.5320440513747076,0.7138425230979917,0.06410538426467347,0.9999522566795349,0.5208993043218337,0.7323833159037996,-0.06415028699806755,0.999962568283081,0.5688361150877814,0.762665041855403,0.130284440091678,0.8696718811988831,0.5511294194630212,0.8337455511093136,-0.09163264461926048,0.9949323534965515,0.5334818891116548,0.8475498574120653,0.24961005960191987,0.7647760510444641,0.4939293324947355,0.8851204940250939,-0.011395706113294827,0.9743639230728149,0.5281530720846992,0.8646128041403629,0.2594648676259176,0.7041037082672119,0.4811903732163563,0.8890439510345455,-0.0018561601904886107,0.8756320476531982,0.5311903170176913,0.8800702299390516,0.23764124938419878,0.780803382396698,0.503417566844395,0.9254651154790601,-0.031207185611128792,0.9539200067520142
96,0.4955263529505046,0.5438746554510931,-0.22224402853420794,0.9999399185180664,0.4879508384636468,0.544130456447601,-0.2152512707880564,0.9999116659164429,0.48760318330356034,0.543836987018585,-0.21544282223497108,0.9998945593833923,0.48738146339144,0.5433603320802959,-0.2154386750289371,0.9999063014984131,0.4879836252757479,0.5488035202026365,-0.2327565823282513,0.9999760389328003,0.4874875324113026,0.5517987387520924,-0.23298478381974347,0.9999819397926331,0.4869216978549955,0.5547931671142575,-0.2331596642732619,0.9999847412109375,0.4869074727807724,0.5526763064520697,-0.16152674938951211,0.9999513030052185,0.4853273187364849,0.5660325271742682,-0.24164476011480593,0.9999725222587585,0.4997307896614072,0.5507602316992621,-0.19857010585921142,0.9999549984931946,0.49954215032713734,0.5555455565452574,-0.22281019474778846,0.9999784231185913,0.503769220624651,0.5568481854030062,-0.08634318815810335,0.999984085559845,0.4905143857002256,0.6294956360544475,-0.25125171627317144,0.9999902248382568,0.5057579806872774,0.4727785868304114,-0.05587084804262431,0.89901202917099,0.4833541299615585,0.702915023054395,-0.314571280138833,0.9958974123001099,0.5007891774177549,0.3970919668674467,-0.09614784483398706,0.9756958484649658,0.5070052232061111,0.7391461695943556,-0.40228411725589186,0.9964105486869812,0.49761721151215665,0.37820340991020185,-0.10808696299791332,0.9753841757774353,0.5143629091126576,0.7523142388888764,-0.44204115441867264,0.9932674765586853,0.49617137738636535,0.37465510368347155,-0.12645460111754275,0.9784323573112488,0.5186362607138495,0.7434960126876827,-0.4438104442187716,0.993513822555542,0.4966067305632998,0.3810415378638674,-0.10515781151396883,0.9753085970878601,0.5168142114366802,0.7403149230139593,-0.4058113115174428,0.986057460308075,0.5334348457200184,0.7147111773490902,0.06410169707877292,0.9999529719352722,0.5224242976733614,0.7335088287081034,-0.06414239576884675,0.9999629855155945,0.570862167222159,0.7592428360666543,0.1512019378798348,0.871448278427124,0.5516219786235261,0.835960677691868,-0.08850800011839181,0.9948793649673462,0.5358939017568314,0.8457935452461238,0.28263543929372503,0.7666880488395691,0.4944122646536144,0.8850393857274732,-0.006635150125449786,0.9742136001586914,0.5292105402265274,0.8564951470920014,0.2939209622996193,0.703976571559906,0.48203018222536337,0.8888915947505402,0.0030663670040667044,0.8750749826431274,0.533125865459442,0.8756563254765097,0.2793059110641478,0.7816235423088074,0.5038104244640893,0.9251585756029397,-0.022791315881269307,0.9538748860359192
97,0.4959263307707648,0.5462150897298538,-0.22518695848328718,0.9999347925186157,0.48844353216035,0.5462414775575908,-0.2181772598198481,0.9999045133590698,0.4880759503160202,0.5458118983677454,-0.21837374355111794,0.9998860955238342,0.48782858848571753,0.5452011551175796,-0.21837034140314363,0.9998990893363953,0.4885454731328145,0.5511080367224555,-0.23584643134048994,0.9999741911888123,0.4880767984049659,0.5541408334459574,-0.23607466731752658,0.9999805092811584,0.4875340138162883,0.557212710380554,-0.236251401901245,0.9999837279319763,0.4873196806226456,0.5543409688132148,-0.16413171035902835,0.9999476671218872,0.4858785782541545,0.5683865632329665,-0.24480738682406278,0.999971330165863,0.5000701580728801,0.5529097454888477,-0.20133373609610958,0.9999518990516663,0.4999767831393648,0.557970595359802,-0.22580304784434171,0.9999772310256958,0.5039769019399368,0.5583683797291343,-0.08858690368277682,0.9999842643737793,0.49106977667127316,0.6307696172169274,-0.25332672808851503,0.9999903440475464,0.5057574987411497,0.4748186281749178,-0.05603415497711724,0.8942630887031555,0.4846243449619836,0.7043764778545921,-0.31243546264512184,0.9958928823471069,0.5007606625556944,0.4006894665105,-0.09460352978536056,0.974501371383667,0.5094995839255194,0.7391822287014549,-0.3917703236852372,0.9964255690574646,0.49758772764887105,0.381375479698181,-0.10607218316623139,0.9742555022239685,0.5172230141503469,0.7517255374363487,-0.4315420695713586,0.9932402968406677,0.4961542487144468,0.3780821374484469,-0.1246547679815973,0.9774616956710815,0.5210855603218076,0.7424621530941551,-0.43123652168682625,0.9934929013252258,0.49660629034042336,0.38469752158437437,-0.1035925754478999,0.9743439555168152,0.5192414215632845,0.7392417056219915,-0.39410087210791434,0.9859591722488403,0.5347334810665674,0.7152695860181533,0.06411700823477333,0.9999538660049438,0.5236842802592684,0.7346298013414652,-0.06415380324636183,0.9999640583992004,0.5718056746891564,0.7552386982100346,0.1702551982232502,0.861682653427124,0.5517784748758585,0.8372808200972417,-0.08381282495600834,0.9947764277458191,0.5387084875788004,0.8388975790568757,0.30995927112443095,0.7514171004295349,0.49478582484381517,0.8850123371396742,-0.0008726558814357425,0.9736670255661011,0.5316056796482629,0.8466240065438403,0.3220118037291934,0.6882768869400024,0.4827817967959811,0.8887508136885502,0.008967325011534348,0.8722870349884033,0.5337193931852067,0.8693906852177208,0.3106867334672382,0.7683262228965759,0.5045074548040115,0.9248345187732148,-0.01526377642793314,0.9530795812606812
98,0.4961412165846141,0.5479028378214152,-0.22555551486355907,0.9999266266822815,0.48876486080033416,0.5480209742273601,-0.21850483204637244,0.9998921155929565,0.4884167441299981,0.5474868910653248,-0.21870165935584468,0.9998711347579956,0.48818660463605584,0.5467639037540978,-0.2186986207962035,0.9998860359191895,0.48887388621057765,0.5531090787478853,-0.23587823595319465,0.9999708533287048,0.48842021397181895,0.5561998724937437,-0.2361072650977542,0.9999780058860779,0.48789480839456806,0.5593001655169892,-0.2362818649836948,0.9999818205833435,0.48777556078774564,0.5555927293641224,-0.16447192217622478,0.999941349029541,0.48626285535948593,0.5703943695340835,-0.24424210361071985,0.9999681711196899,0.500263622828892,0.5542679701532633,-0.2017418831586837,0.9999470114707947,0.5002026600497107,0.5593884144510539,-0.22588853878634307,0.9999750852584839,0.5042199798992699,0.5597568120275223,-0.08991498159510744,0.9999843835830688,0.49145646010126365,0.6317692126546585,-0.2509772649833133,0.9999902844429016,0.5057588679449897,0.4766997541700088,-0.053017599135637264,0.887581467628479,0.48595854640006997,0.7057300192969183,-0.3080398423331123,0.9955283403396606,0.5006859421730039,0.40402826837130934,-0.08782056506190977,0.9719612002372742,0.5113158038684298,0.7391709634235923,-0.3871338486671446,0.996099054813385,0.4975364608424048,0.3846097971711838,-0.0984744759542601,0.9718055129051208,0.5194848213876995,0.7505056500434872,-0.42709990824971866,0.9926450848579407,0.4961056496415817,0.381480985028403,-0.11720165312290186,0.9753537774085999,0.5229175329208371,0.7409256202833989,-0.42560094509805935,0.9929223656654358,0.496548624549593,0.38818450229508517,-0.09666595544133862,0.9719784259796143,0.5208667244229995,0.7376212358474727,-0.38889839393751946,0.9846076369285583,0.535146013328007,0.7152730192456923,0.06378959640860554,0.9999540448188782,0.5240021262850078,0.7352542298180713,-0.0638244029666696,0.99996417760849,0.5711085149220055,0.7535177622522623,0.17329007940632948,0.8517336845397949,0.5517317226954866,0.8379647578511915,-0.08220996388367241,0.9944918751716614,0.5413676210812157,0.8333817822592595,0.31778857793126775,0.7394788861274719,0.4948848758425029,0.8852236781801492,0.002441220339720271,0.9725527763366699,0.5338185906410216,0.8412735598427905,0.33086680599621354,0.6712578535079956,0.48315770115171136,0.8887557097843711,0.012556818160893657,0.8659095764160156,0.5330386195863993,0.8666271618434357,0.31967553794383985,0.756203830242157,0.5052832756723673,0.9246630821909219,-0.013610735588840066,0.9512500762939453
99,0.4962613165378568,0.54843943800245,-0.22285099966185423,0.9999201893806458,0.48897422807557217,0.5486887523106163,-0.21553518431527263,0.999882698059082,0.4886700136320929,0.5482443332672117,-0.2157294750213622,0.9998602271080017,0.4884839875357489,0.5475928766386846,-0.21572639218398493,0.9998772740364075,0.48904585582869375,0.5538473640169413,-0.23291452356747208,0.9999681115150452,0.4886069289275576,0.5570801598685126,-0.23314190634659349,0.9999758005142212,0.4881023892334527,0.5602767859186442,-0.23331187282289767,0.9999802112579346,0.48822081685066204,0.5563768386840817,-0.16157409548759452,0.9999365210533142,0.4865679085254667,0.5714194212641033,-0.24209682856287262,0.9999653100967407,0.5003385356494356,0.5548650979995725,-0.19911226757935108,0.9999435544013977,0.5002828751291546,0.5598339727946687,-0.22337475376469737,0.9999733567237854,0.5045545901570999,0.5610165527888704,-0.08855806759425568,0.9999846816062927,0.49178752643721424,0.6323460340499876,-0.2458555391856601,0.9999902248382568,0.5057664547647747,0.47809890253203235,-0.047618830097573124,0.8838684558868408,0.4871407832418167,0.7066842555999753,-0.30178286348070404,0.9952722787857056,0.5005732178688047,0.40595919745308995,-0.07830253818205421,0.9715321660041809,0.5120161669594898,0.739084982872009,-0.38379057475498723,0.9958537220954895,0.49745575615337895,0.3868426518780843,-0.0881993602429117,0.9713423252105713,0.5204476135117665,0.7490874324526102,-0.4228714185101643,0.9921823143959045,0.49601050189563184,0.3836875166211808,-0.1068572953343391,0.9749572277069092,0.523738692487989,0.739144945144653,-0.4221233768122535,0.9924890995025635,0.4964340184416087,0.39030892423221025,-0.08694573342800135,0.9715954661369324,0.5216479625020706,0.7357162288257051,-0.3858998145375931,0.9837034940719604,0.5353184580802914,0.7152338743209835,0.06290528838123591,0.9999550580978394,0.5239864400454928,0.7357022047042844,-0.06294145509600636,0.9999645948410034,0.5695396729878014,0.7538421034812924,0.1558803975582122,0.8533754944801331,0.5517466357776094,0.8378895878791806,-0.08567398126636229,0.9943878054618835,0.5434096012796672,0.8338544198444907,0.2890519099576131,0.7461639642715454,0.494997910090855,0.8855683616229462,-0.007158242395546815,0.9725800156593323,0.536591725690024,0.8474143726485113,0.30096884540149127,0.6738043427467346,0.48334319336073717,0.889083211762564,0.002213941062135355,0.8647100925445557,0.5351011957441054,0.8698158144950863,0.2848871243851524,0.761955976486206,0.5058242900030951,0.9245002985000605,-0.026829917888556196,0.9517951607704163
100,0.4963671139308382,0.5488966090338568,-0.22018260317189342,0.9999131560325623,0.4891525430338721,0.549093299252646,-0.21283478183405732,0.9998723864555359,0.4889069565704888,0.5486904348645889,-0.21302734655993316,0.9998488426208496,0.48877968277249995,0.5480786664145332,-0.21302357741764605,0.9998683333396912,0.4891364055020466,0.5544561283929005,-0.23004188069275439,0.9999650120735168,0.4886991185801367,0.5578964080129348,-0.23026954957417067,0.9999734163284302,0.4882078136716568,0.5612710237503049,-0.23043862198080323,0.9999783635139465,0.48865997280393303,0.5567540407180783,-0.15944766274520322,0.9999316930770874,0.48681207639830437,0.572272273472377,-0.23918725167001986,0.9999620318412781,0.5004112328801834,0.5554993714605057,-0.19663858498845774,0.9999396800994873,0.5003270132201056,0.5604563832283017,-0.2206507244280405,0.9999712705612183,0.5049277033124648,0.5621015174048285,-0.08552388612713129,0.9999850392341614,0.4921840327126637,0.632512785707201,-0.24055695576327177,0.9999901652336121,0.5057872278349738,0.47928107806614445,-0.040512833850724336,0.880403459072113,0.48811392954417615,0.7074070317404607,-0.28942362836429036,0.995082437992096,0.5004396285329544,0.4072339969021932,-0.06905929041760304,0.9714117050170898,0.5130574056080408,0.7389977284840171,-0.3653605997562407,0.9956244826316833,0.4973456842558722,0.3885073040212902,-0.07839410858494891,0.9712222218513489,0.5216314298765997,0.7479364020483831,-0.4014197255883896,0.9917777180671692,0.49588938355445833,0.385295305081776,-0.09683426299265448,0.9748403429985046,0.5249542866434367,0.7376370821680338,-0.4037221567971364,0.9921069741249084,0.4962888802800858,0.3917704829147882,-0.0775414828743253,0.9715383648872375,0.5229246241705756,0.7339737449373515,-0.36863417966025197,0.982986569404602,0.535698456423623,0.7154884525707786,0.06200232846396307,0.9999570250511169,0.5241288236209323,0.7363905855587547,-0.06204206730638229,0.9999658465385437,0.5683790871075218,0.7545002460479733,0.14279784219605576,0.8595320582389832,0.5520070229257854,0.8379222035408016,-0.08906043853078566,0.994573175907135,0.5432181562696182,0.8349145957401816,0.26487850717135825,0.76050865650177,0.4951124250888822,0.8859309043203076,-0.01951189641009217,0.9738937616348267,0.5381258504731312,0.8543315921510964,0.2754319948809486,0.6869459748268127,0.48335819584982714,0.8894942011151991,-0.0110165032425097,0.869264543056488,0.5394543239048546,0.8713433640343798,0.2577455916575022,0.7748866081237793,0.5058167014803203,0.9241495507104052,-0.03964448544595921,0.9543075561523438
101,0.4966541647911069,0.5494467309543062,-0.21703339900289254,0.9999040961265564,0.48953442488397847,0.5494306734630037,-0.20983620371137338,0.9998580813407898,0.48933907406670685,0.5490551369530812,-0.21002574818474895,0.9998326897621155,0.4892632382256642,0.5484771541186739,-0.21002105517046785,0.9998555183410645,0.48939734697341897,0.5549605659076143,-0.22664693977151587,0.999960720539093,0.4889399758407046,0.5585747429302758,-0.22687457374164025,0.9999700784683228,0.48843645368303545,0.5621334876332962,-0.22704586897577544,0.9999759793281555,0.48920750192233475,0.5571173701967509,-0.15755677052906575,0.9999232888221741,0.48709588135991755,0.5731082354273112,-0.23457510428769238,0.9999575614929199,0.5006438408579144,0.5562523399080546,-0.1938631377049854,0.9999327063560486,0.5004941276141572,0.5612948077065602,-0.21721983339105325,0.9999678730964661,0.5053764343261716,0.5628567917006354,-0.08149132728576655,0.9999850392341614,0.49260993259293673,0.6324991907392227,-0.23746515597615914,0.9999900460243225,0.5058369585445948,0.48059798649379165,-0.03708915614656038,0.872097373008728,0.48908013956887364,0.7080104589462277,-0.28242470707212164,0.9948937892913818,0.5003465618406021,0.40896134546824847,-0.06547447932618003,0.9699466228485107,0.5144759672028676,0.7381451283182413,-0.3510219105652399,0.9952933192253113,0.49725387351853484,0.3902898924691335,-0.0745056507842881,0.9699035882949829,0.5229125108037673,0.7464590702738078,-0.38559452721050785,0.9911446571350098,0.49579565439905415,0.38712935617991834,-0.09261821103947498,0.9736390709877014,0.5261428219931464,0.7361572095326012,-0.3875675167356217,0.9914906024932861,0.4961853061403545,0.39361651199204567,-0.0738436190145356,0.9703007936477661,0.5241850699697219,0.7323815482003345,-0.3538674286433627,0.9818317890167236,0.5368217706680295,0.7158644420760015,0.06135057711175507,0.999958336353302,0.5247174331120079,0.7371278285980221,-0.06139289023620739,0.9999666810035706,0.5681084241185866,0.7554687176431925,0.13292194349425174,0.862368106842041,0.5523754767009188,0.8377078499112807,-0.09201857724360053,0.9945774674415588,0.542652538844517,0.8357007639748706,0.24559905103274743,0.7703969478607178,0.49527141622134596,0.8861150826726636,-0.02844474493925059,0.9743995666503906,0.5387009705815994,0.8558676958084103,0.25462390184402456,0.6957082152366638,0.4834277485098155,0.8895998750414162,-0.020594528024750085,0.870699405670166,0.5423579641750877,0.8714595947946817,0.2355530649423598,0.7837684154510498,0.505855105604444,0.9234831469399584,-0.04767052158713339,0.9555707573890686
102,0.49693329078810533,0.5500419242041449,-0.2119077273777552,0.9998965263366699,0.4899125507899691,0.5498835018702912,-0.20491984997476842,0.9998461008071899,0.489747266258512,0.5495203307696748,-0.20510562530585688,0.9998196363449097,0.489702076571328,0.5489598172051564,-0.20509945963110232,0.9998448491096497,0.4896704997335159,0.5554386207035606,-0.2215103932789393,0.999957263469696,0.48918567044394334,0.559116607052939,-0.22173669891698009,0.9999673962593079,0.48865629775183517,0.5627538510731286,-0.2219094680888311,0.9999740123748779,0.4896901156221115,0.5575182233537944,-0.15387057747159677,0.9999164938926697,0.4873507942472183,0.5738192200660703,-0.22921924080167488,0.9999542832374573,0.5008834838867184,0.5569574509348185,-0.18922342828341884,0.9999271035194397,0.5006687011037552,0.5620531473840983,-0.21212889764990117,0.999965250492096,0.5058527963502064,0.5635125432695659,-0.07674795027290068,0.9999850988388062,0.49299313426017743,0.632626378536224,-0.23505452360425666,0.9999898672103882,0.5058919736317223,0.481932462113244,-0.034497707124267286,0.8650239706039429,0.48988047157015097,0.7087956769125798,-0.27971015742846883,0.994637668132782,0.5002973863056726,0.41119860070092323,-0.06505876247371942,0.9685505628585815,0.5160307100840975,0.7362469213349475,-0.3462737441062926,0.9948874711990356,0.49717164550508747,0.39240192004612495,-0.07440769033772601,0.9685961008071899,0.5245052286556786,0.7435890368052888,-0.3810402154922484,0.9903752207756042,0.49571967039789444,0.38935468367167864,-0.0924793022019522,0.9724441766738892,0.5274392162050516,0.7338034953389845,-0.38182266099112355,0.9907236695289612,0.4961114440645488,0.39588057739394034,-0.07355097745146066,0.9690583348274231,0.5254668951034543,0.7303876144545415,-0.34888794592448624,0.9803653955459595,0.5380859902926851,0.7162316322326656,0.06111231872013634,0.9999592900276184,0.525468301773071,0.7376914909907746,-0.061154489751372984,0.999967098236084,0.5675648774419509,0.7574755617550437,0.13045519611665174,0.8644228577613831,0.552756607532501,0.8376391308648242,-0.0940099145684923,0.9944814443588257,0.5410456453050884,0.8377793090684069,0.23804509810038962,0.7769177556037903,0.4956215543406348,0.8861859917640682,-0.03458599586571964,0.9745351076126099,0.5367273977824617,0.8528632453509736,0.24656746728079648,0.6992676258087158,0.48394262960978895,0.8894002999578199,-0.027226374617644704,0.8707845211029053,0.5420804483549932,0.8715499843869886,0.2274267588342938,0.7890212535858154,0.5057374920163833,0.9227352159363879,-0.054657035959618405,0.956120491027832
103,0.4973695141928534,0.5507097704069952,-0.21640797853469837,0.999885082244873,0.49044371417590527,0.5502283470971241,-0.2098649352788924,0.99982750415802,0.49028047408376396,0.5498792937823702,-0.2100527980497904,0.9997991323471069,0.49023899180548514,0.5493404320308137,-0.21004975182669494,0.9998281598091125,0.4901525863579339,0.5557556322642732,-0.22620578748839232,0.9999521374702454,0.4896512423242839,0.55949797970908,-0.22643158435821523,0.9999635815620422,0.4890895145280018,0.5632334606988088,-0.22660588920116415,0.9999710917472839,0.49019152096339613,0.5579376680510382,-0.1594236437763486,0.9999063014984131,0.4876963828291209,0.5744962896619521,-0.23358130625316065,0.9999493360519409,0.501368497099195,0.5577546341078619,-0.19384957807404646,0.9999180436134338,0.5010342700140814,0.5629982760974337,-0.2164034728493008,0.9999610185623169,0.5065223080771308,0.564029833248683,-0.08206827108349116,0.9999849796295166,0.4933009105069294,0.6330783486366269,-0.23840808953557685,0.9999896287918091,0.5059964929308207,0.4829197415283746,-0.04161065327269688,0.8553264141082764,0.49044182726315066,0.7096537538937157,-0.2848743583474839,0.9943981766700745,0.5002552475248062,0.41277541858809313,-0.07163714425904406,0.9659627676010132,0.5174146073205128,0.7335691894803724,-0.35053873913628697,0.9944798350334167,0.4970876216888425,0.39395461337906956,-0.0813306384852954,0.9663307070732117,0.5263576269149779,0.7395135385649542,-0.3832147155489239,0.9896700382232666,0.49563373242105735,0.3909698154245102,-0.09910134928567065,0.9703624844551086,0.5288197466305322,0.7302372080939153,-0.3846449349607738,0.9900110960006714,0.4960397320134297,0.3975003949233462,-0.07998621059315542,0.9668371081352234,0.5268040469714571,0.7275167465209957,-0.3516832573073249,0.9789662957191467,0.5388567311423162,0.7164179188864568,0.06080176010727879,0.9999600052833557,0.5258474298885888,0.7377835137503483,-0.060841105878353084,0.9999675154685974,0.5669452973774499,0.7592010191508698,0.1259680228573935,0.8595938682556152,0.5531815222331453,0.8375274419784542,-0.09746588702712736,0.9943111538887024,0.5392119424683705,0.8399932605879643,0.23191187211445388,0.7793275117874146,0.4960728228092191,0.886204017911638,-0.045355083793401696,0.974852442741394,0.5344226224081854,0.8491448743002751,0.24022457599639882,0.7018287777900696,0.4845883267266407,0.8892426030976428,-0.03889906832150049,0.8725374341011047,0.540303519793919,0.8726365055356703,0.22055807965142377,0.7916602492332458,0.5057182209832325,0.9222750493458335,-0.0683068256293024,0.9569566249847412
104,0.49789560437202435,0.5515872206006729,-0.22857806512287676,0.9998589158058167,0.49106698717389763,0.5507226041385103,-0.22276265919208516,0.9997859001159668,0.4908932413373672,0.5502841114997861,-0.22295611671039026,0.9997555017471313,0.49083999054772487,0.5496981927326745,-0.2229583250624792,0.9997918009757996,0.49075882775442914,0.5564472811562672,-0.2384623259305953,0.9999390244483948,0.4902459876877919,0.5602700710296628,-0.23868850937911432,0.9999540448188782,0.4896489603178839,0.564104218142373,-0.2388655343226023,0.9999634623527527,0.4907113543578554,0.5582028967993597,-0.1728829792567661,0.9998892545700073,0.4881051387105667,0.5753078017915996,-0.2441686268363679,0.9999366998672485,0.5020520363535197,0.5584133556910921,-0.20604796622480656,0.9999017119407654,0.5015340770993912,0.5640070199966428,-0.22776384353637685,0.9999524354934692,0.5071439862251279,0.5641939401626584,-0.0943400417055402,0.9999849200248718,0.49358722823006745,0.6334864122526984,-0.24625481622559672,0.9999890923500061,0.5061298693929397,0.48347120199884663,-0.05356809475592202,0.8480169177055359,0.49071602991649055,0.7101976820400779,-0.29410621183259134,0.9938493371009827,0.5001689570290699,0.41333610756056627,-0.08119576381785526,0.9636059999465942,0.5184948103768483,0.7308596014976498,-0.3609804417405808,0.9936491250991821,0.49698727130889875,0.39468781352043136,-0.0909558398383004,0.9641755223274231,0.527941823005676,0.73571332011904,-0.39285994938441665,0.9883610010147095,0.4955053031444547,0.3916839471885134,-0.10849860140255514,0.9683805704116821,0.5300788044929502,0.7262869766780304,-0.39469962545803594,0.9887431859970093,0.49591855747359115,0.39816953114100845,-0.08928110173770355,0.964718759059906,0.5280410834721154,0.7239662459918428,-0.36143883637019547,0.9763947129249573,0.5387841394969393,0.7165774158069063,0.06046462197388919,0.9999605417251587,0.5256920184407914,0.7376931803567066,-0.06050124828304561,0.9999675154685974,0.5666230814797535,0.7597689492361882,0.12341897679226733,0.8597551584243774,0.5535705719675335,0.8371808205332071,-0.1004247739911079,0.9941980838775635,0.5380833165986194,0.8410409603800089,0.23220826940877087,0.7830674052238464,0.49645353129931835,0.8862768309456958,-0.050879948905536085,0.9751514196395874,0.53324601820537,0.8481416361672534,0.24080014739717745,0.7052494883537292,0.48507986409323534,0.8892418095043724,-0.044770037861806986,0.8725535273551941,0.5398204616137912,0.8732984423637385,0.22098996426377968,0.7950231432914734,0.5055411270686556,0.9221150994300839,-0.07600574514695572,0.9577196836471558
105,0.49841316001755825,0.552502359662737,-0.23998199318136476,0.9998232126235962,0.4917065441608427,0.5513671210833956,-0.23478792011737812,0.9997305870056152,0.4915148036820545,0.5507926906858169,-0.23498369583061754,0.9996969103813171,0.49144404615674675,0.550123277732304,-0.2349918565579822,0.9997429251670837,0.49139669878142195,0.5573183212961468,-0.24984254581587645,0.9999213218688965,0.4908749197210582,0.5611817240715025,-0.2500699503081184,0.9999410510063171,0.4902491901602062,0.5650706682886393,-0.25024698078632346,0.9999527335166931,0.4912502271788459,0.5584096533911567,-0.18558746789182928,0.9998677372932434,0.488566801377705,0.5760771666254313,-0.25409071104867104,0.9999186396598816,0.5027133771351403,0.5589216266359599,-0.2175645615373338,0.9998816847801208,0.5020340800285337,0.5648460592542373,-0.23849056150232031,0.9999411702156067,0.5076374019895279,0.5640826463699338,-0.10648858036313734,0.9999848008155823,0.49385691370282836,0.633690045561109,-0.25425747207232874,0.9999882578849792,0.506301517145974,0.4840720551354542,-0.06441565283707207,0.8400433659553528,0.49083899855613683,0.7104180846895487,-0.31111068810735415,0.9931793808937073,0.50007962839944,0.41357046195438907,-0.08829939556973318,0.9614427089691162,0.5187635115214755,0.7272819416863574,-0.39084755778312663,0.9926866292953491,0.49688255872045217,0.39492279631750904,-0.09752914394651135,0.9623557925224304,0.5282522286687577,0.7321387461253571,-0.4253918843609944,0.9868689179420471,0.4953652339322224,0.3918795858110698,-0.11502117301736553,0.9667598605155945,0.5303804789270671,0.7222406336239403,-0.4263271221092767,0.9873104095458984,0.4957979670592714,0.3984113599572861,-0.09614222816058562,0.9627982974052429,0.5283761399132862,0.7198592032705031,-0.3917977775846207,0.9734025597572327,0.5386536853654041,0.7167523571423118,0.05984097389238219,0.9999604821205139,0.5255125965390884,0.7375523465020313,-0.05987816910658561,0.9999668002128601,0.5665033425603592,0.7594485947063987,0.11836563242333271,0.8549959659576416,0.5538082786968774,0.8363904033388406,-0.10175782591104503,0.9940183758735657,0.5383222699165342,0.8410577569689065,0.23375301446233465,0.7821807861328125,0.49684481791087537,0.8861205748149323,-0.04785977931959286,0.9751308560371399,0.5335696952683582,0.8468011311122345,0.24303461824144623,0.7015894651412964,0.48535956655229817,0.8890142679214473,-0.04102043126310619,0.8708063364028931,0.5396630372319899,0.8737891844340728,0.22288747344698215,0.7933923602104187,0.5050587449754985,0.9219023738588601,-0.07119697672980169,0.9577605724334717
106,0.49868652139391195,0.5530852096421375,-0.2467395676033836,0.9997593760490417,0.4921067493302479,0.5519807917731147,-0.24193383284977493,0.999627947807312,0.4919044239180427,0.5513006772313797,-0.2421285331249236,0.9995886087417603,0.4918199700968604,0.5505695683615546,-0.24214208594390313,0.9996483325958252,0.49173913598060587,0.5580641269683835,-0.256428848845618,0.9998883008956909,0.4911812296935488,0.5619132093020845,-0.2566569136721746,0.9999178051948547,0.49052129728453475,0.565778599466596,-0.25683131132807036,0.9999324083328247,0.4916131845542361,0.5585273282868519,-0.19350880256720943,0.9998316764831543,0.4888467269284383,0.5764518771852764,-0.2595465464251381,0.9998816251754761,0.5030305777277263,0.5590487343924384,-0.22456060903412944,0.9998472332954407,0.5022240553583416,0.5650868739400587,-0.24479205097470955,0.999920666217804,0.5080029419490267,0.5640077199254714,-0.11516411219324378,0.9999841451644897,0.49409376553126716,0.6338399342128205,-0.25899072757789054,0.9999862313270569,0.5065284286226542,0.4843581335885182,-0.07399548345378464,0.8312860131263733,0.49078386425971965,0.7104623930794849,-0.32947666900498507,0.9917277693748474,0.5000130295753477,0.4135949535029273,-0.09634133172886708,0.9578163623809814,0.5187105689729961,0.7229323966162542,-0.42993668317794775,0.9907857179641724,0.4968029362814765,0.39492751445089047,-0.10555369279214309,0.9590722322463989,0.5282399552209034,0.7285398568425856,-0.4698399007320402,0.9842029213905334,0.49524843607630026,0.3918284492833272,-0.12299148504223137,0.9638840556144714,0.5303891863141739,0.7185521057673859,-0.4686843165329522,0.9846629500389099,0.4957064041069573,0.398406136035919,-0.10411472065108157,0.9591876864433289,0.5284061789512631,0.715967282227107,-0.43249075242451235,0.9676517248153687,0.5385736448424201,0.7167084540639601,0.05825789570808408,0.9999580979347229,0.5253977911812916,0.7366424066679815,-0.058299404489142524,0.9999629855155945,0.5663154567990981,0.7590448907443452,0.10920574856655933,0.8416585922241211,0.5538432172366548,0.8355125955172943,-0.10063898393086021,0.9935383796691895,0.5381413493837627,0.8413649405751906,0.2269858172961643,0.769967257976532,0.49722903030259247,0.8858868019921435,-0.04151459240487641,0.9737732410430908,0.5335701635905672,0.8450827802930555,0.2364084678036825,0.6809744834899902,0.4857569004808151,0.8887344735009325,-0.034184124320745454,0.8620256185531616,0.5392158934048241,0.8748287694794787,0.21426238417625415,0.7781315445899963,0.5043758681842256,0.9215634618486672,-0.06318005004099433,0.9545431733131409
107,0.4992986185210089,0.553395809446062,-0.2558106026479175,0.9996801018714905,0.49271988442965897,0.5523808479309079,-0.251382364971297,0.9995039105415344,0.49247090305600827,0.551669211047036,-0.25157932468823013,0.9994596838951111,0.4923348171370368,0.5509136813027515,-0.2515986898115702,0.9995329976081848,0.4923283645084924,0.5583770768983021,-0.26508715748786915,0.9998465776443481,0.4917043558188845,0.5621785776955738,-0.2653144683156693,0.999889075756073,0.49099195344107466,0.5659908567156108,-0.2654876581260135,0.9999065399169922,0.4919906292642864,0.5586225015776496,-0.2033066511154174,0.9997913241386414,0.4891985416412351,0.5764678699629644,-0.2657928339072635,0.9998359680175781,0.503516682556697,0.5590565170560562,-0.23368070466177793,0.9998052716255188,0.5026072110448563,0.5650310976164679,-0.2528866291046141,0.9998948574066162,0.5085049629211423,0.5638067500931874,-0.12465202510356897,0.9999832510948181,0.49425103579248675,0.634094589097159,-0.26315823197364796,0.9999837279319763,0.5070425442286898,0.48438262684004624,-0.08418164955718171,0.8277871012687683,0.4906295486858911,0.7105624267033165,-0.34651731848716716,0.9903703927993774,0.5000459381512231,0.4135668030806948,-0.1046228415199688,0.9563575387001038,0.5185802272387912,0.7171101178441726,-0.4650807440280912,0.9896983504295349,0.4967482115541183,0.39492623039654307,-0.11391996677432735,0.9576184153556824,0.5280867780957901,0.7225250635828286,-0.5073883584567476,0.9828397631645203,0.49518366370882283,0.3918049165180749,-0.13093840352126523,0.9626057744026184,0.5303754040173119,0.7122588038444516,-0.5059115912233078,0.9833431243896484,0.49566410609653994,0.3984246841498782,-0.11213736129658558,0.9574130177497864,0.5285495076860698,0.709554507051195,-0.4679649063519067,0.9645465016365051,0.538095050198691,0.7161144358771185,0.056313668936490986,0.9999536871910095,0.5252072606767925,0.7342578904969348,-0.056360203134162054,0.9999567866325378,0.5658518433570859,0.7591083543641224,0.09784712046384805,0.8344221115112305,0.5538267527307781,0.8344934735979348,-0.10114944236619128,0.9929580688476562,0.5379323397363933,0.8416134170123505,0.2149032929113932,0.7632958292961121,0.49752523558480377,0.8856577702930991,-0.0422046872121947,0.9725918173789978,0.5334291049412316,0.8494859797613956,0.22415041284901746,0.6658023595809937,0.48605645043509327,0.8885213034493578,-0.03523063670311653,0.854364275932312,0.5394236343247547,0.8756258010864254,0.19949847417218336,0.7686922550201416,0.5041387898581366,0.921076198986598,-0.06669861248561311,0.9518749117851257
108,0.5002340282712662,0.5536464384623934,-0.2670427173376082,0.9996213912963867,0.49347913094929263,0.5525053569248741,-0.26273628388132353,0.9994213581085205,0.49315043176923457,0.5517683829580032,-0.26294008663722435,0.9993722438812256,0.49293662309646585,0.5509839790207997,-0.26296279600688377,0.9994582533836365,0.4931239315441674,0.5585036107472008,-0.27586853929928357,0.9998151063919067,0.49243456040109884,0.5623101745332988,-0.2760940347399029,0.9998664855957031,0.4916769938809529,0.5660666057041711,-0.2762676026139939,0.999884843826294,0.49235487069402395,0.5585683124405993,-0.2137242432151521,0.9997661113739014,0.48963787385395574,0.5764444402285982,-0.2735506398337227,0.9997921586036682,0.5042246239525929,0.5590405157634187,-0.24446167860712312,0.9997735023498535,0.5032892601830616,0.5649662699018203,-0.26288629557405185,0.9998711943626404,0.5091354846954343,0.5630281976291109,-0.1332623666950634,0.9999828934669495,0.49433852349008806,0.6342653087207246,-0.2676862946578433,0.999981164932251,0.5078635607446941,0.48425010187285267,-0.09166932936225614,0.8249688744544983,0.49048914994512266,0.710507694312504,-0.3571967720985411,0.9888789057731628,0.5003782561847139,0.4133655624730245,-0.11096819000584733,0.956743597984314,0.5183162314551215,0.7114446078027994,-0.4860463840620856,0.9888037443161011,0.49679414544786704,0.39473540782928446,-0.12043719866446082,0.9580038785934448,0.5277424539838516,0.7157209328242707,-0.5294767805508203,0.9819497466087341,0.4951980582305361,0.39159218072891216,-0.13725411508764535,0.96296226978302,0.5300841620990205,0.7042258313723969,-0.5282589691025867,0.9825006723403931,0.495713914292199,0.39826284391539424,-0.11827538950102663,0.9574318528175354,0.5281077436038424,0.701390046732766,-0.48923131227493266,0.9623872637748718,0.5372207777840748,0.71460508278438,0.05487984472087449,0.9999495148658752,0.5249751295362197,0.7308706743376592,-0.05492990059511999,0.9999501705169678,0.5651817083358761,0.7608036041259763,0.09022366617407114,0.8257532119750977,0.5537846207618711,0.8334772433553419,-0.10397155050720483,0.9926074147224426,0.5373449019023347,0.8428616132055006,0.20420665485518308,0.7622307538986206,0.4976702962602885,0.8855700952666142,-0.04666804628712788,0.9725021123886108,0.5332737360681803,0.8590959310531612,0.21302350674356724,0.6599277853965759,0.4861726897103444,0.8885177373886104,-0.040349992151771256,0.8521385788917542,0.5405480231557571,0.8763033492224553,0.18534791171550744,0.765585720539093,0.504465591907501,0.9207071236201692,-0.07701183323349267,0.9514609575271606
109,0.5009883182389393,0.553617944036211,-0.27932149256978706,0.9996037483215332,0.4939898891108374,0.5525280816214422,-0.27525257383074064,0.9993996620178223,0.49358594247273013,0.5517836877277917,-0.27546415839876437,0.9993512630462646,0.49330674239567324,0.5509839960506981,-0.27548827528953534,0.9994403719902039,0.4937360022749217,0.5584675874028884,-0.28810902663639604,0.9998044967651367,0.4930333009787966,0.5622739229883464,-0.28833380341529835,0.9998588562011719,0.4922756135463712,0.5659704651151382,-0.2885086485317774,0.9998764991760254,0.49257591707365833,0.5584901707512989,-0.22548947930335989,0.9997625946998596,0.4900865776198249,0.5763957670756746,-0.28406751241002753,0.9997746348381042,0.5047992348670957,0.5589462144034247,-0.25629333342824656,0.9997653365135193,0.5039779135159081,0.5648169704845971,-0.2743426203727721,0.999862790107727,0.509760316780635,0.5616120679037909,-0.1419580915144511,0.9999832510948181,0.4944534701960425,0.6342886652265274,-0.2754848471709659,0.9999794363975525,0.5087505817413327,0.48410995347159225,-0.09473968914576934,0.8309378623962402,0.49039687088557626,0.7105148008891511,-0.3671233773231505,0.9879034757614136,0.5009548766272407,0.4131436688559394,-0.10900153155837736,0.959038257598877,0.5180795380047387,0.707094095434461,-0.5010059169360568,0.9884897470474243,0.49693484987531367,0.39450959137507835,-0.11776486358472274,0.9600247144699097,0.5273382629667007,0.7097877621650692,-0.544987184660775,0.9817859530448914,0.4952503638608113,0.3913961759635379,-0.13480097523757384,0.9647487998008728,0.5295620747974938,0.6970620155334469,-0.5440753221511838,0.9823794960975647,0.4958138023103984,0.39807657344000663,-0.11615284212997976,0.9593150019645691,0.5274142895426066,0.6942776032856529,-0.5043982284409657,0.9618785381317139,0.5362150481769015,0.7127301113946094,0.05452686196991373,0.9999468922615051,0.5247770139149255,0.7280440926551816,-0.05457814995731623,0.9999448657035828,0.5646555168288092,0.76307635137013,0.08962001906973971,0.8292803168296814,0.5536979522023879,0.8323348743574956,-0.10859124894653044,0.992486834526062,0.5364999583789278,0.8447868892124717,0.20190829932689658,0.7714266777038574,0.49780242357935206,0.885452192170279,-0.05306389214737072,0.9729958176612854,0.5332531435149055,0.8686406305858063,0.21047526470252437,0.6664051413536072,0.48615346550941446,0.8885153225490021,-0.04715368854148045,0.8521926403045654,0.5422118868146621,0.8772558859416413,0.18128656574657975,0.7734683156013489,0.5050686751093181,0.9205035720552712,-0.08830658814736772,0.9524278044700623
110,0.5011750306401932,0.5534199527331758,-0.2904777279921939,0.9996010065078735,0.49404680558613345,0.5527747426714213,-0.2867052895682197,0.9994028806686401,0.4936223055635177,0.5519667148590085,-0.28692423275538836,0.9993554949760437,0.49333325369017444,0.551115890911647,-0.28694986275264184,0.9994458556175232,0.49384002004350913,0.5585617031369887,-0.2996055884020668,0.9998026490211487,0.4931551780019485,0.5622620241982594,-0.29982861621039236,0.9998568892478943,0.4924273082188195,0.5658494268144878,-0.3000044609819138,0.9998736381530762,0.49262652397155743,0.5585415635790141,-0.23662980156285413,0.999767005443573,0.49034558023725217,0.5761955533708842,-0.29552697369030534,0.9997658133506775,0.5049582498414174,0.558549766881125,-0.267230325937271,0.999764084815979,0.5042399934359957,0.5642121502331322,-0.2853499966008321,0.999859094619751,0.5101360150745935,0.5601229429244992,-0.15233311738286692,0.9999839663505554,0.49469458631106766,0.63401939528329,-0.28478959117616914,0.9999786615371704,0.509536346367427,0.4841277514185222,-0.10263217410870956,0.8380805253982544,0.4903518932206288,0.7104555504662646,-0.37879564932414445,0.9868155717849731,0.501746663025447,0.41322244150297965,-0.11270790610994605,0.9613718390464783,0.5181044220924376,0.70521593604769,-0.5172698395592823,0.9879735112190247,0.4972620546817777,0.39455088802746346,-0.12120836228132242,0.9620386958122253,0.5271797112056185,0.7067821298326762,-0.5622553348541257,0.9812873601913452,0.4955950702939712,0.39136862329074296,-0.13843324780464167,0.9665166139602661,0.5285393902233666,0.6933355859347748,-0.5614227976117813,0.9819586277008057,0.49628794022968814,0.39803020783833076,-0.11975928928170879,0.9612247943878174,0.5262270791190009,0.690891941956111,-0.5208747284752979,0.9607559442520142,0.535439222199576,0.7099306413105553,0.0542317381926945,0.9999455213546753,0.5244750005858283,0.7256946342332019,-0.05427753052541186,0.9999412298202515,0.5641245569501601,0.7647146701812741,0.0933703067047255,0.8315791487693787,0.5535649146352493,0.8307800820895599,-0.11120454009090147,0.9922657608985901,0.5355826326778954,0.8464194144521437,0.20965530489172243,0.7800206542015076,0.49789695910045056,0.885321724414825,-0.05471150577068326,0.9732747077941895,0.5336194634437559,0.8708671757153099,0.2184477333511624,0.6737903952598572,0.4861551165580747,0.8884911196572436,-0.04803383999637193,0.8517003059387207,0.5434495976993013,0.8782102380480081,0.18582494854927054,0.7811596989631653,0.5056539246014183,0.9203158378601071,-0.08770600642476759,0.9533536434173584
111,0.501115993091038,0.5526995556695118,-0.30458588259560704,0.9996095299720764,0.49395453333854655,0.5528457335063387,-0.30088946052959975,0.9994224905967712,0.4935326959405624,0.5521063872746056,-0.3011150487831659,0.9993771910667419,0.4932548097201754,0.5513320139476228,-0.30114072731563013,0.9994650483131409,0.49378131628036476,0.557899040835244,-0.3139911804880413,0.9998067021369934,0.49311213493347145,0.561156448296138,-0.3142118488039288,0.9998593330383301,0.49240440981728667,0.5643371326582769,-0.3143894025257654,0.9998744130134583,0.49262973070144633,0.5584477322442188,-0.2495246478489466,0.999777615070343,0.4905204134328022,0.574067197527204,-0.30946314590317847,0.9997662305831909,0.5049167122159683,0.5574523721422465,-0.28079820786203646,0.9997694492340088,0.5042274083409988,0.5624856812613348,-0.29919635908944253,0.9998596906661987,0.5104939614023478,0.5585709367479594,-0.16472813997949864,0.9999846816062927,0.4950492143630979,0.6335338030542643,-0.2965965926647185,0.9999776482582092,0.5103690930775231,0.48346968463488965,-0.11991235613822931,0.8471055030822754,0.49027499811989894,0.7106441003935674,-0.39679164971624087,0.9861600995063782,0.5026834726333615,0.4116174689361025,-0.13455340351377207,0.9639753699302673,0.5176936388015745,0.7013035212244303,-0.5446299850940701,0.987916111946106,0.497970629589898,0.39333210417202524,-0.14467811861208502,0.9644007682800293,0.5267953463963098,0.7008528317723952,-0.5919550878661017,0.981450080871582,0.49643501554216635,0.39006946853228963,-0.16198965268475662,0.9686046838760376,0.5265956657273426,0.6873750567436215,-0.5910353864942275,0.9821573495864868,0.497342252731323,0.3966383601937973,-0.14179642626217426,0.9635348320007324,0.5240331121853417,0.6856757027762274,-0.5485839111464361,0.9608846306800842,0.5346816795212879,0.7061514360564092,0.053855764333690895,0.9999449253082275,0.5241154500416345,0.7227932981082368,-0.053890323958226585,0.9999385476112366,0.5629439830780026,0.7652276005063735,0.10040525432143887,0.8364953994750977,0.553309723309108,0.827288060528891,-0.11155978334801532,0.9924115538597107,0.5351396867207117,0.84752824306488,0.22382472029754083,0.7928550243377686,0.4979956746101377,0.8852505275181357,-0.05258695493851387,0.9744129180908203,0.5344030533518107,0.8721376674515856,0.23306235202721176,0.6876542568206787,0.48623749358313406,0.8884651763098577,-0.044846305783305826,0.855988621711731,0.5452585186277115,0.8779721277100695,0.19595827502863739,0.7930464744567871,0.5060256940977912,0.9200609820229663,-0.08399536056177953,0.9554799199104309
112,0.5011303135326928,0.55081170797348,-0.31482315318925025,0.9996116757392883,0.4941096280302318,0.5511896542140413,-0.3105641254356928,0.9994330406188965,0.4936710306576318,0.5506170323916841,-0.31079178707940225,0.9993880391120911,0.4933852800301141,0.5500272699764794,-0.3108153070722306,0.9994736909866333,0.49402509927749616,0.5554084862981521,-0.32385846120970574,0.9998077750205994,0.4933926939964292,0.5581590567316326,-0.3240804467882427,0.9998599290847778,0.49273857218878586,0.5608311636107306,-0.32426175986017486,0.9998732209205627,0.4926275082996911,0.5570691023554117,-0.2559994569846561,0.9997841119766235,0.4907763728073663,0.5706482001713342,-0.3168671344007763,0.9997642636299133,0.5048736725534709,0.5553601247923712,-0.2898898703711372,0.9997693300247192,0.5042805961200167,0.5597965819495062,-0.3085270191941941,0.9998566508293152,0.510670939513615,0.5568281923021586,-0.16998506060668395,0.9999848008155823,0.49540702019418964,0.6314290608678542,-0.3022095986774988,0.9999758005142212,0.5113627484866549,0.4826446064880914,-0.13134244531393044,0.8553452491760254,0.49012335453714617,0.7083353928157258,-0.40945970075471044,0.9861329793930054,0.5047641072954447,0.40746156743594564,-0.1564603156277111,0.966294527053833,0.5148334009306769,0.6929845758846824,-0.5699301225798468,0.9883217811584473,0.4998945346900393,0.38920426624161836,-0.1689967847296169,0.9665641784667969,0.5236738698823109,0.6917614000184192,-0.6199274556977405,0.9822196364402771,0.4985548189708162,0.3860622312341416,-0.1868798851966857,0.9705165028572083,0.5224531258855545,0.6776613746370586,-0.6196412495204378,0.9829234480857849,0.49969533511570496,0.39264978085245383,-0.1643053744520459,0.965666651725769,0.5195703642708912,0.6766219394547596,-0.5745493258748733,0.9622254371643066,0.5340150509561808,0.7025735718863348,0.0532775000802108,0.9999438524246216,0.5238373296601428,0.720001011235373,-0.05330507031508852,0.9999358654022217,0.5609627008438107,0.7668824042592726,0.1032958960958889,0.8430885672569275,0.552717738492148,0.822430530616215,-0.10981589832476202,0.9926840662956238,0.534541036401476,0.8517087783132277,0.23114421112196776,0.8071784973144531,0.4981141192572455,0.8851060628890988,-0.04471406063863207,0.9758594036102295,0.5341422557830808,0.8736378414290287,0.2405355542898177,0.7063931822776794,0.48631930095808823,0.8884729198047089,-0.036212491989135724,0.8623878359794617,0.5466629879815235,0.8788700665746413,0.1995155704872948,0.8066442608833313,0.5061583144324164,0.9198411737169534,-0.07744186179978503,0.9579914212226868
113,0.501174211502075,0.5483930247170581,-0.32103102632931285,0.9995672702789307,0.4943390803677693,0.5485227840287342,-0.3163059737001145,0.9993790984153748,0.49388899888311094,0.5481324263981409,-0.316531182186944,0.9993229508399963,0.4935940691402978,0.5477327806609015,-0.3165504089423587,0.9994177222251892,0.49433203595025177,0.5522068875176563,-0.3292529872485568,0.9997856020927429,0.4937389416354041,0.554668697289058,-0.3294810422829218,0.9998436570167542,0.49314033899988424,0.5570520741598943,-0.3296647191047667,0.9998562932014465,0.4926537854330878,0.5544060638972688,-0.259143327815192,0.9997636079788208,0.49099139486040366,0.5671076893806455,-0.3184199529034749,0.9997298121452332,0.50483226946422,0.5530069010598316,-0.29515325767653317,0.9997422099113464,0.5043534466198509,0.5571376000131877,-0.3133140223366872,0.9998342394828796,0.5112661753382,0.5550218514033723,-0.17054563590458455,0.999983549118042,0.49587980168206325,0.6278263926506039,-0.30212412476539596,0.9999710917472839,0.5125752363886149,0.4799082687922884,-0.13722638445241103,0.8581358194351196,0.48997159004211405,0.7035076754433764,-0.41173669866153156,0.9855229258537292,0.5075894849640981,0.40199817759650075,-0.17536368370056143,0.9677670001983643,0.5102296454565863,0.6818944896970474,-0.5799501504216873,0.9885739088058472,0.5028707189219337,0.38300600988524286,-0.19025635080678113,0.9680070281028748,0.5180106265204291,0.679544411386762,-0.6316904595920014,0.9828125238418579,0.5017209095614295,0.38012710639408637,-0.20900134146213523,0.9718230962753296,0.5167621714728217,0.666533609798976,-0.6323970624378745,0.9835294485092163,0.5029394234929764,0.3868901406015667,-0.18398673662117543,0.9670487642288208,0.5142316733087811,0.6663391164370942,-0.5852306042398723,0.9631418585777283,0.5335937397820607,0.7013733863830562,0.052769343342099845,0.9999386668205261,0.5240555439676555,0.7187883104596816,-0.05279730036854741,0.99992835521698,0.5590125339371814,0.7689566390854968,0.10671336331537787,0.8437263369560242,0.55190007175718,0.8176679543086456,-0.11094539740255896,0.9925712943077087,0.5338342905044553,0.857474223205021,0.2343904503754206,0.8177694082260132,0.4982179054192132,0.8846144574029101,-0.041199426033667136,0.9764034748077393,0.5331138900348116,0.874862648759569,0.24351582697459617,0.7194963693618774,0.4863109784466878,0.8884905270167756,-0.033378340942519034,0.8634838461875916,0.5476233703749518,0.8803071890558511,0.2001525214740207,0.8159472346305847,0.5060876863343372,0.9197951384953086,-0.08240609019994732,0.9588185548782349
114,0.5015123299189974,0.5476862107004437,-0.3336727414812359,0.9995008707046509,0.4947791925498415,0.5470323256083894,-0.3286853364535739,0.9992867708206177,0.4943344686712535,0.5465705582073754,-0.3289152766977036,0.9992163181304932,0.49402605380330744,0.5460887806756154,-0.32893056699207834,0.9993293285369873,0.49472461087363084,0.5509378569466725,-0.3415139351572307,0.9997467994689941,0.49410775474139595,0.5535113300595962,-0.34174979669707145,0.9998142719268799,0.49349424753870264,0.5560734220913476,-0.34193815674100586,0.9998264312744141,0.49286284531865776,0.5519817045756746,-0.2687824628182819,0.9997258186340332,0.49112346938678175,0.5663140978131973,-0.32754880530493585,0.9996613264083862,0.5050672701426913,0.5522409200668332,-0.3066954272133962,0.9996985793113708,0.5046120473316735,0.556530267851693,-0.3247344315052031,0.9997963905334473,0.512625900336674,0.5534069963863915,-0.17836514924253727,0.9999819993972778,0.49630918417658104,0.6255523800849911,-0.3090996359075817,0.999963641166687,0.5142857943262371,0.47696688345500377,-0.1517663998263222,0.8581417202949524,0.48991311362811474,0.6988027930259701,-0.4219906875065393,0.984036386013031,0.5103207826614378,0.3980571057115281,-0.19948579158101754,0.9682159423828125,0.5063027211597985,0.6738602331706453,-0.5965972423553465,0.9882047176361084,0.505855242695127,0.37772401997021243,-0.21619307015623357,0.9684454798698425,0.5124334301267349,0.6699316586766921,-0.6510260564940313,0.9825745820999146,0.5048729675156727,0.3750366747379301,-0.23502643023218417,0.9722413420677185,0.5113745621272494,0.6576120342527114,-0.651696477617536,0.9833174347877502,0.506060240949903,0.3821699644838059,-0.20846573667866833,0.9672526717185974,0.5097096119608195,0.6581824200493946,-0.6024211151259283,0.961905837059021,0.5334258590425761,0.70163322857448,0.0525222952876772,0.9999334216117859,0.5247931207929337,0.7192693148340494,-0.05254638003451481,0.9999206066131592,0.5575279320989334,0.7702104687690731,0.13356461865561342,0.8298752307891846,0.5513254455157686,0.8145726374217438,-0.11530406389917641,0.992339015007019,0.533461432797568,0.8607324429920737,0.27205009119851237,0.8215807676315308,0.4983070382050103,0.8838723233767913,-0.04275493504745617,0.9764652848243713,0.5324359433991566,0.8741127644266397,0.2820413470268248,0.7225607633590698,0.48621588519641307,0.8885829976626801,-0.03554401812808852,0.8617836833000183,0.5476347446441647,0.8813650795391623,0.23876886367797842,0.8174413442611694,0.5061234933989387,0.9199178082602361,-0.08853455271039685,0.9585325121879578
115,0.501027681146349,0.5436459830829072,-0.32959711636815736,0.9993959665298462,0.49457048944064524,0.5436433059828619,-0.3234152674674986,0.9991403222084045,0.4941666415759493,0.5434508970805574,-0.32364331568990423,0.9990326762199402,0.49387610810143584,0.5431486317089623,-0.3236531385353632,0.9991730451583862,0.49448272671018306,0.5472666672297883,-0.3360823384353091,0.9996908903121948,0.49388504709516234,0.549929424694606,-0.3363225119454519,0.9997711181640625,0.49329064488410923,0.552615542071206,-0.33650477528572065,0.9997864365577698,0.49265998857361903,0.5489300830023627,-0.2621698098523275,0.9996567964553833,0.4910459612097057,0.5623612267630438,-0.3202334063393728,0.9995793104171753,0.5046919839722768,0.5486012169292993,-0.3026018117155346,0.9995971918106079,0.5041383453777856,0.5525230135236465,-0.3204028359481265,0.9997237324714661,0.5143568907465251,0.5511853626796175,-0.17567501579012182,0.9999778866767883,0.49632718733378794,0.6230884977749414,-0.30439456445830193,0.9999536871910095,0.5156957421983989,0.4740747434752326,-0.16290415376424783,0.8496648073196411,0.48980883445058526,0.695305376393454,-0.4225111833640505,0.982795238494873,0.5122123973710194,0.3943123051098413,-0.2117831996509006,0.9659252762794495,0.5040398495537892,0.667557973521096,-0.5969663262367246,0.9882611036300659,0.5080775141716001,0.3734149762562341,-0.22931283499513344,0.9662362337112427,0.5090418628283907,0.6599133116858343,-0.6499171512467518,0.9827367067337036,0.5072077427591594,0.3707275612013679,-0.24741856711251387,0.970305323600769,0.5083808405058723,0.6486474071230204,-0.6504974348204473,0.983504056930542,0.5082777653421673,0.37774013621466485,-0.22080929066453653,0.9645482301712036,0.5075001171657014,0.6503284658704482,-0.6022556134632653,0.9615322947502136,0.533535952227456,0.7015978438513617,0.05224118679761884,0.9999203681945801,0.5252406546047753,0.7182711022240771,-0.05225635830845149,0.9999078512191772,0.5566349012511115,0.7701972229140142,0.13501552960702345,0.7905352711677551,0.5508952873093739,0.8106685212680268,-0.11932738338197976,0.9913986921310425,0.5331146189144678,0.8607116341590878,0.2668463983706064,0.8097644448280334,0.49834913866860503,0.8826900448117934,-0.048036001090492504,0.9746294021606445,0.531864627770015,0.8723826510565618,0.27609342038631424,0.7073400020599365,0.4861528251852305,0.8879854423659184,-0.04166276646511893,0.8513509631156921,0.5476877553122381,0.88113705260413,0.23174280524253837,0.8022511005401611,0.5058732032775877,0.9193138854844225,-0.09590935558080668,0.9549787640571594
116,0.5006571020398818,0.5371539746012004,-0.30478340387344344,0.9993966221809387,0.4944762059620446,0.5379930887903484,-0.29713220681462954,0.9991341233253479,0.49408918874604335,0.5382784315517968,-0.297351916347231,0.9990341663360596,0.4937709697655267,0.5383792025702338,-0.2973596479211533,0.9991702437400818,0.49442814247948763,0.5406634943825855,-0.31075217808995914,0.9996875524520874,0.4938748691763194,0.5429921371596198,-0.31098620976720526,0.9997702836990356,0.49332936661584015,0.5452252779688151,-0.31115494370460495,0.9997836351394653,0.49205984728676905,0.545381700992584,-0.23576851316860734,0.9996572732925415,0.4911091991833275,0.554514510290963,-0.29773605551038457,0.9995725750923157,0.504484256676265,0.5431793757847374,-0.27830510224614813,0.9996024370193481,0.5038676764283859,0.5464843681880404,-0.2973866684096199,0.9997240304946899,0.513876334258488,0.5505034412656509,-0.1538466112954275,0.9999768733978271,0.4960976123809812,0.6164226395743231,-0.28744338580540235,0.9999503493309021,0.5161574891635348,0.473625656536647,-0.14204804428986134,0.8483337759971619,0.4900541782379148,0.6900597725595744,-0.40702706830842134,0.982630729675293,0.5140743698392594,0.39020833543368727,-0.19147477746009817,0.966069221496582,0.5025396806853156,0.6609267626489909,-0.5716040917805261,0.9885643720626831,0.510176302705492,0.3692230820655821,-0.2073550879955291,0.9664167165756226,0.5073259115219114,0.6495397022792269,-0.6210989798818313,0.983335554599762,0.5094548838479176,0.36673119749341676,-0.2252959749528339,0.9704975485801697,0.5072972178459165,0.6391918591090608,-0.6219581893512178,0.9840421676635742,0.5103501353945049,0.37328282850129246,-0.20021132145609166,0.9646947383880615,0.5067585979189189,0.6421684656824381,-0.5762796691485811,0.9624656438827515,0.5326555115836005,0.7015695844377787,0.05320678779057091,0.9999178051948547,0.5262828026499065,0.715816179343632,-0.05322678504245619,0.9999032616615295,0.5560757705143518,0.7703877653394423,0.11247781493834082,0.7920520305633545,0.5504207645143778,0.8056708284786764,-0.11854288663182934,0.9916335940361023,0.5326004096439905,0.860302170685359,0.22618882741246893,0.8166328072547913,0.49859319669859725,0.8817144921847748,-0.0559741784419332,0.9755809307098389,0.5313525915145871,0.875408976418631,0.23357211904866343,0.7147384285926819,0.48658657499722047,0.8872285706656317,-0.05068976251142364,0.8539418578147888,0.5471257925033567,0.8813457335744581,0.18829824200698297,0.8093240261077881,0.5054634571075437,0.9185247847012107,-0.10446656216102249,0.9563605785369873
117,0.4988641628197259,0.5259976727621893,-0.2743984673704418,0.9994003176689148,0.49311049069677054,0.5282923085348944,-0.26692863021578095,0.9991415739059448,0.49274035011019,0.5292851141520907,-0.26714388217244817,0.9990472197532654,0.49242177605628945,0.5301211425236291,-0.2671519586018152,0.9991825819015503,0.49313446709087894,0.5295806714466638,-0.2823152014187402,0.9996889233589172,0.49270875453948954,0.5314756751060483,-0.28253879802567605,0.9997715950012207,0.4923452581678116,0.5331808243479046,-0.2826962786061422,0.999782383441925,0.49044102089745634,0.5391699552536009,-0.20951648908002027,0.9996628761291504,0.4905931617532455,0.542752466882978,-0.28081792337553824,0.999564528465271,0.5023680567741391,0.5332886542592727,-0.2497779846191405,0.9996106028556824,0.5019543647766112,0.5356617110116139,-0.27111534987177155,0.9997262358665466,0.510725631032671,0.5473536287035259,-0.1273615487984248,0.9999757409095764,0.49707294106483435,0.6061063459941316,-0.28135997908455973,0.999944269657135,0.5156026295253207,0.4697139791079928,-0.12502448750393727,0.8324913382530212,0.4909825938088551,0.6824825065476551,-0.41019900952066674,0.9817532300949097,0.5167630570275441,0.38414174318313576,-0.18683593784059788,0.9648664593696594,0.5007129158292496,0.6515138455799645,-0.5730655772345403,0.9879423379898071,0.5133231384413581,0.36286126290048853,-0.20285648831299363,0.9661129117012024,0.5050831692559377,0.6363518510546,-0.6231175950595308,0.982903778553009,0.5128913419587269,0.36022194538797636,-0.22171049628938935,0.9703413844108582,0.5051832556724546,0.6276485272816247,-0.6224453892026626,0.9835832118988037,0.5137003455843242,0.36632744925362704,-0.19621468271527961,0.9641914963722229,0.5049402577536444,0.6311998895236421,-0.5774740508624483,0.9609888792037964,0.5310474668230327,0.6996227230344496,0.05691899912697926,0.9999133348464966,0.5279256156512666,0.7120007770402088,-0.056937275294746646,0.9998955130577087,0.5558101517813544,0.7702363508088245,0.11359982022217335,0.7745556235313416,0.5500329954283576,0.8017995885440278,-0.10541228758437288,0.9915140271186829,0.5319804174559455,0.8602327993937896,0.21569152346679132,0.8152119517326355,0.49901978628975985,0.8809246046202519,-0.03323401233979632,0.9761222004890442,0.5295300500733509,0.8791085243225093,0.2219163268804549,0.7171503901481628,0.48714825510978677,0.8865427545138763,-0.026335139253309783,0.8560231328010559,0.5470471331051415,0.8812877791268481,0.1817294010094233,0.809297502040863,0.5053443465914043,0.9175404208047044,-0.07029380760421707,0.9567797780036926
118,0.4967361024447847,0.5211240308625354,-0.2763543103422436,0.9993869066238403,0.49118083715438815,0.5233430794307161,-0.27054984399250565,0.9991392493247986,0.4907799175807405,0.5243304099355424,-0.2707879858357565,0.9990391731262207,0.49043127042906604,0.5252759933471677,-0.27080089449882494,0.9991849660873413,0.491344162396022,0.5245546783719741,-0.2876252199922288,0.9996815919876099,0.49102678384099663,0.5262672219957621,-0.2878376092229569,0.9997624158859253,0.4907980493136812,0.527808710506984,-0.2880036362579889,0.9997716546058655,0.4886385806969231,0.5338200722421915,-0.21478310993739524,0.9996697902679443,0.48962946449007283,0.5365599087306429,-0.2941127104418617,0.999556303024292,0.4995050932679855,0.527635620321546,-0.2519619183880941,0.999611496925354,0.49947451182774116,0.5303368193762641,-0.2755060502461023,0.9997208714485168,0.5072430355208258,0.5395577056067328,-0.1270833117621285,0.9999759197235107,0.49766448395592805,0.5979176265852789,-0.29756308283124633,0.999939501285553,0.5150771055902751,0.46179461394037497,-0.1315818297011511,0.8171387314796448,0.4931424592222484,0.675614534105573,-0.4332082407815114,0.9801241159439087,0.5198629770960124,0.3781318570886337,-0.20532533867018554,0.9631876945495605,0.4993692679064612,0.6432564888681681,-0.6038756472723822,0.9875304102897644,0.5173177054950167,0.3568710063185009,-0.22265515795775812,0.9654757976531982,0.5024691700935362,0.6261064342090059,-0.6578981552805216,0.9827130436897278,0.5171192186219349,0.3537111256803783,-0.24259148708411615,0.9698091745376587,0.5020610502787997,0.6180720806121823,-0.6560915759631563,0.9833245873451233,0.5178488305636813,0.36002179213932567,-0.21548807791301172,0.9632740020751953,0.5022934351648601,0.6214726805686948,-0.6090148857661652,0.9594226479530334,0.5296212196350095,0.6948780213083536,0.06039057810391696,0.9999064803123474,0.5295497110911775,0.7074056897844584,-0.06040119784218922,0.9998834729194641,0.5552812218666074,0.7695849997656683,0.14682948227439602,0.7430751323699951,0.5499771663120812,0.7996839761734006,-0.0939168302076203,0.9876834750175476,0.5313378742762972,0.8594877805028638,0.24273465233189706,0.8105871081352234,0.4997838573796406,0.8801170298031394,0.004491010228438036,0.9711025357246399,0.5268817118235994,0.8808580960546216,0.24908871948719014,0.7223336100578308,0.4878162103039876,0.8859442796025954,0.013437193066680002,0.8425108194351196,0.5468112656048363,0.881032800674438,0.2110268426792961,0.8052579760551453,0.5058014716420852,0.916973517622266,-0.03076269427879845,0.9480587840080261
119,0.4943393741335185,0.52012596811567,-0.2925185007708412,0.999204695224762,0.48909380180495104,0.522588207040514,-0.2888809044446263,0.9989085793495178,0.48868256211280797,0.5232739482607158,-0.2891412794589995,0.998769998550415,0.4883216014930178,0.5239650181361605,-0.28916790464094694,0.9989807605743408,0.48943042925425917,0.5241807188306533,-0.30552302045481533,0.9995773434638977,0.48924719095230074,0.5257987124579291,-0.30573051358972264,0.9996787905693054,0.48912369779178055,0.5272348131452285,-0.3059059894510677,0.9996839761734009,0.48724641885076225,0.5305819000516616,-0.23737706212060783,0.9995906352996826,0.4886398664542605,0.534514236450195,-0.3150962695479392,0.9993975162506104,0.49665057318551176,0.5249826891081671,-0.26931543286357595,0.9995143413543701,0.4969370739800587,0.5281432151794432,-0.2922889547688619,0.999625563621521,0.5057987179074966,0.5280646783964973,-0.15122924298048013,0.9999736547470093,0.4977157430989399,0.5932725174086432,-0.31699374020099624,0.9999245405197144,0.5159622754369461,0.4407730690070559,-0.16442338547536298,0.8046173453330994,0.4947539959635051,0.6829230844974514,-0.46813037948948977,0.9761316776275635,0.5245871373585289,0.35400792445455265,-0.23890011781560513,0.9623957276344299,0.4966285075460159,0.6564980753830498,-0.6652709041322977,0.9865348935127258,0.5233524910041262,0.33120257854461654,-0.2583617684032235,0.9653365015983582,0.49855788946151713,0.6414365044661927,-0.7226008849484576,0.982056736946106,0.5231743182454788,0.3277336112090518,-0.2785138190324816,0.9698094725608826,0.49795475176402476,0.6327838667801445,-0.7225221514701841,0.9827603101730347,0.5235060180936538,0.33482196331024155,-0.24970587819282486,0.9631656408309937,0.4987203717231748,0.6354306706360405,-0.6719935715198514,0.9576624035835266,0.528950318268367,0.6894432629857741,0.060552439732210944,0.9998917579650879,0.5300083381789069,0.7028662971087861,-0.06055180313331737,0.9998598694801331,0.5543957965714588,0.7686237284115379,0.15852447663034705,0.7315470576286316,0.5500229222433906,0.7975714087486264,-0.08588899735893517,0.9855563044548035,0.5305679031780786,0.8595603738512307,0.24866076494966222,0.8156794309616089,0.5015824931008472,0.8790110077176772,0.03121903251324381,0.9695010185241699,0.5241724422999788,0.8782334361757547,0.25407751160008557,0.7353185415267944,0.48931489842278597,0.8852109295981268,0.04150408338755369,0.8389447927474976,0.5483184252466471,0.8805124981062749,0.21718895435333244,0.8113173246383667,0.5063254543713158,0.9163282615797856,-0.0023163165830607756,0.9458814263343811
120,0.4935058040278296,0.5196468932288032,-0.2201490261725016,0.9991538524627686,0.4882951242583136,0.5221825752939494,-0.2166901654430797,0.9988571405410767,0.4878115492207661,0.5225569554737634,-0.21689461682523992,0.9987086653709412,0.48735885875565643,0.5229269742965696,-0.21683376495327256,0.9989495873451233,0.48885093246187455,0.5236113412039618,-0.23296574120010638,0.999543309211731,0.4887405616896491,0.5247161643845693,-0.23320608479636046,0.9996469020843506,0.48863261682646597,0.5255221417972017,-0.23340342662164132,0.9996461868286133,0.48633545977728687,0.5284734249114988,-0.16154751543487814,0.9995872974395752,0.48833440797669525,0.5309511968067713,-0.24363000946385507,0.9993314743041992,0.4957361774785176,0.5230320232255116,-0.19894075563975733,0.9994926452636719,0.4962568504469733,0.5255801626614159,-0.22405760458537502,0.9995880126953125,0.5022909998893735,0.5391885689326692,-0.08778427828635485,0.9999738335609436,0.4996502041816709,0.5714397753987991,-0.2606229654380252,0.9999176263809204,0.5104965278080529,0.4998588323593138,-0.07502364899430952,0.8001807332038879,0.5015262935842784,0.5939114076750617,-0.36694404738289954,0.9729926586151123,0.5168028967721119,0.44847626856395156,-0.13901400129709918,0.9625149369239807,0.5076393093381606,0.5506937009947638,-0.49199303558894536,0.984726071357727,0.5146718553134371,0.43213178430284754,-0.15202279899801519,0.9658058285713196,0.508342545373099,0.5360782163483754,-0.5398842862674166,0.9805458188056946,0.5152289475713454,0.4281807209764206,-0.17192749870674942,0.9702498912811279,0.5080580719879693,0.5321796561990463,-0.5343034931591576,0.9812529683113098,0.5163806523595534,0.43341644065720675,-0.1487445321466241,0.9635016918182373,0.5087350870881759,0.5348267844745088,-0.49481501579284637,0.9534440040588379,0.5265868101801189,0.6858111756188526,0.0632434958858149,0.9998928904533386,0.5314938374928063,0.69648619719914,-0.06325776832444324,0.9998575448989868,0.5523469141551425,0.767587636198316,0.14374911316803518,0.7185627222061157,0.5501079337937489,0.7939012527465817,-0.10804309036050519,0.9845020174980164,0.5299525754792347,0.8605700816426954,0.2153912569795335,0.8216569423675537,0.5036885295595439,0.8780041371073037,-0.05101043547370602,0.9683672785758972,0.5231821315629139,0.8777872545378544,0.21868021871362403,0.7511438131332397,0.4911884571824753,0.8847117798668994,-0.04644601441520664,0.8383698463439941,0.5501124790736605,0.8800759247371124,0.17821572422981252,0.8176519870758057,0.5067770293780733,0.9167202574866153,-0.09939371760036526,0.9441202282905579
121,0.4928783629621776,0.516308602264949,-0.12589245906897947,0.9992087483406067,0.4878577172756193,0.5186835638114382,-0.11226776774440488,0.9989480376243591,0.48722784178597567,0.5189109759671345,-0.112642895749637,0.9988121390342712,0.4866344630718229,0.5192044939313614,-0.11284815264599658,0.9990390539169312,0.4886340107236587,0.5194666232381546,-0.1347257252250398,0.9995667934417725,0.48856521930013364,0.5199896097183225,-0.13479232149464737,0.9996631145477295,0.48849096213068255,0.5201998233795164,-0.13473301082849495,0.9996622800827026,0.4851676149027686,0.5248802593776155,-0.09003317302891181,0.9996161460876465,0.48829259531838526,0.524585551874978,-0.167207312796797,0.9993410110473633,0.49474370905331183,0.5189921804836816,-0.10160222245114185,0.9995090365409851,0.49547928060804075,0.5205913901329038,-0.12322567956788193,0.9995720386505127,0.4980329258101325,0.5489546435219899,-0.0021323077380657196,0.9999704360961914,0.5017776182719637,0.5556130170822141,-0.20560100759778693,0.9999145865440369,0.5050342985561913,0.5253432231289998,-0.025919459008478682,0.7358515858650208,0.5052908650466372,0.5286503204277582,-0.3315156438520975,0.9754616618156433,0.5143015520913258,0.4894122438771382,-0.09825387291078053,0.9192765951156616,0.5081258722714013,0.47774408289364384,-0.4360259839466638,0.9853891730308533,0.5125530864511215,0.47477162395204797,-0.10987202674150462,0.9294975399971008,0.5096873325960974,0.45411228537559484,-0.4818533377987996,0.9808928966522217,0.5137386287961685,0.47090843149593875,-0.13038207191441736,0.9351328611373901,0.5099683148520331,0.4402030646800993,-0.4739245108195711,0.9812750816345215,0.5151368056024821,0.47530979769570464,-0.10853428678320982,0.9233441352844238,0.511000551496233,0.45008142420223757,-0.4378467619419096,0.9542357921600342,0.5238329666001453,0.6820089646748131,0.06777415616171698,0.9999018311500549,0.5333439009530201,0.6899226205689564,-0.06779056021145409,0.9998707175254822,0.5500370928219384,0.7672186136245724,0.13777110406330645,0.7013714909553528,0.5502072129930766,0.7907222356115065,-0.12773250639438624,0.9859516024589539,0.5290753688131058,0.861767094475882,0.21088976774896884,0.8317887783050537,0.5058169756616863,0.8763642191886898,-0.08743614772600783,0.9713738560676575,0.5221681850297109,0.8771648015294752,0.21454165407589493,0.7721058130264282,0.4934000611305234,0.8836496506418496,-0.08361025710723226,0.8538528680801392,0.5515825544084818,0.8796929495675219,0.1780651181936263,0.8305886387825012,0.5073325872421262,0.9181028808866224,-0.12975187466612878,0.9494246244430542
122,0.4907829071794235,0.5083317135061534,-0.09641422416482648,0.9992383718490601,0.4858832308224267,0.5106031434876576,-0.07725503678832729,0.9989849328994751,0.4853110364505221,0.5104476494448523,-0.07769969744341709,0.9988507032394409,0.484788599184581,0.5103464782238004,-0.0780144361513001,0.9990792870521545,0.4864605435303277,0.5122469595500398,-0.10133145047085619,0.9995771050453186,0.48632217219897655,0.5130718248231068,-0.10132190074239453,0.9996681213378906,0.48618239930697826,0.5136473860059464,-0.10117115740265159,0.9996626973152161,0.4835968145302362,0.5170296873365128,-0.06109142111880435,0.9996333718299866,0.48648433855601697,0.5192452294485906,-0.13189534672668995,0.9993371367454529,0.49315206919397603,0.5097844370773859,-0.06904430474553785,0.999520480632782,0.49357559084892244,0.5124356423105509,-0.08813793190887992,0.9995656609535217,0.49551359585353283,0.5376304456165857,0.03435786738991736,0.9999704957008362,0.5003047100135256,0.5537562234061102,-0.1731118312903812,0.9999035000801086,0.5035021952220369,0.49907180496624515,0.005166615785232621,0.7367953062057495,0.5050371485097065,0.5312339493206566,-0.3174707983221325,0.9735762476921082,0.5193465113639829,0.46061725616455057,-0.061444795450993905,0.9232630133628845,0.5012044310569761,0.4726040959358213,-0.4390804750578742,0.9819034337997437,0.5197989787374222,0.4442466395241872,-0.07145110198429648,0.9329556822776794,0.5014076496873581,0.44484272343771775,-0.48485027211053006,0.9771950244903564,0.5211485896791728,0.440345422710691,-0.0930411613413265,0.9386211633682251,0.5018412453787665,0.41554118480001156,-0.47943506070545716,0.9776843786239624,0.5220221843038284,0.44607769506318207,-0.07223200212631903,0.9271244406700134,0.5034495907170429,0.43000138316835657,-0.4422424026897973,0.946361780166626,0.5244959047862459,0.6742692487580432,0.06979624735457553,0.9999035000801086,0.5341659648077826,0.6821531551224842,-0.06982137933373447,0.9998700618743896,0.5486787898199896,0.767345924036843,0.13163584534611014,0.6811882853507996,0.5502507005419046,0.7871529476983202,-0.1326399377414158,0.9850566387176514,0.5282336609704151,0.8625392488070892,0.2057779848575591,0.8311912417411804,0.5076653633798869,0.8746479919978547,-0.07319573906383342,0.9696410894393921,0.521146157809666,0.8768797261374334,0.21027608982154294,0.7816390991210938,0.49554339221545607,0.8815154194831845,-0.06808522613053873,0.8515783548355103,0.5521404266357419,0.8800028221947802,0.1684898810727255,0.8326455354690552,0.5076236043657574,0.9227327210562566,-0.11510785296559328,0.9475616216659546
123,0.48858129126684985,0.5000355422496793,-0.16617675083024153,0.9992777705192566,0.48335956590516205,0.5022282847336358,-0.15029856754200793,0.9990332126617432,0.4829586863517759,0.5017958939075468,-0.15070151984691613,0.9989064931869507,0.48260691676821005,0.5013270216328755,-0.15095921903848641,0.9991317391395569,0.48348347629819577,0.5051074939114705,-0.1707270064524241,0.9995928406715393,0.48318937080247043,0.5066191622189111,-0.17076542845794124,0.9996783137321472,0.48288896168981255,0.5079324875559124,-0.17070751807519358,0.9996703863143921,0.48205301335879713,0.509274283477238,-0.12021330626947534,0.9996489882469177,0.48333973543984526,0.5166933434350147,-0.18441532020057944,0.9993379712104797,0.49204067247254485,0.5008644189153396,-0.13859740772417606,0.9995452165603638,0.4918884788240703,0.5051560461521146,-0.156313749722072,0.9995754957199097,0.4970569482871462,0.5087229038987838,-0.028207988930600017,0.999971330165863,0.4960921372686111,0.5649326222283497,-0.20645866904939913,0.9998937845230103,0.5078590359006607,0.42511667268616793,-0.0395130081301821,0.7515397667884827,0.5006250824247085,0.6125996547085895,-0.3771339718784603,0.9727356433868408,0.5319037386349267,0.3618897403989518,-0.09277981692658999,0.9299505949020386,0.4866585697446548,0.563995721510478,-0.5775944863046916,0.9812484383583069,0.535597388233457,0.33976191111973336,-0.10386838348848476,0.9383811354637146,0.4837905815669466,0.5429177463054655,-0.6300450026988981,0.9765255451202393,0.5368461370468137,0.3365801223686761,-0.1263516599046332,0.9437048435211182,0.4833977580070493,0.5074329248496461,-0.6315725564956662,0.9770606160163879,0.5363824469702583,0.34524821979658926,-0.10403493565640276,0.9331820011138916,0.4857863792351312,0.5194301170962194,-0.5850155958107537,0.9451473951339722,0.5282326408794945,0.6647619145257129,0.06602854409388131,0.999906063079834,0.5336188163076125,0.6761111821447097,-0.06605425987924846,0.9998689889907837,0.5488176822662351,0.7654466952596388,0.12654321874891003,0.6894009709358215,0.5502350722040446,0.7805006435939241,-0.11140768378973001,0.9849386215209961,0.5279049941471643,0.8613296491759159,0.21159781685897272,0.8420096039772034,0.512418838909694,0.8699443783078871,-0.015549611513103741,0.9706664681434631,0.51963768686567,0.8762550745691569,0.2163450096334729,0.7964223623275757,0.4998823608670913,0.8776844433375763,-0.007651841161506506,0.8562402725219727,0.5529382858957561,0.8798201339585435,0.16930952583040504,0.8441298604011536,0.5098229101725985,0.9208965829440522,-0.054346031589167426,0.949934720993042
124,0.4866604294095718,0.49047036000660466,-0.19936748530183512,0.9993213415145874,0.48089096546173077,0.49363509927477134,-0.19237919683967308,0.9990851283073425,0.4806048810482023,0.49354799815586614,-0.1925878418343407,0.9989601969718933,0.4803482677255355,0.49335096563611686,-0.19255352424723754,0.9991812109947205,0.4807881167956759,0.49642347523144287,-0.20689358987978518,0.9996128082275391,0.4804537424019403,0.498220987830843,-0.2071027721677507,0.9996924996376038,0.48011951787131146,0.4998354826654704,-0.20727598986455364,0.9996835589408875,0.48038784691265635,0.5031827534948075,-0.12999003848859236,0.9996644258499146,0.4806837328842706,0.5112561362130299,-0.20156745655196046,0.9993494749069214,0.49120490976742315,0.49168070214135284,-0.1758705931050436,0.9995689392089844,0.49064269491604373,0.4958808600902555,-0.19774371513298572,0.9995890855789185,0.498122521809169,0.49796375036239604,-0.056765768570559344,0.999972403049469,0.4943446474415913,0.561453935078212,-0.21655512537275032,0.9998889565467834,0.5085425274712696,0.4263871295111518,-0.014303755201399315,0.7634777426719666,0.5014361074992586,0.621353847639901,-0.3513896397181918,0.9722683429718018,0.5329787441662377,0.3746260344982145,-0.045334699803165,0.9356904625892639,0.48647174835205054,0.5702962892396106,-0.5403708304677688,0.9816153049468994,0.5367707593100408,0.35570084708077554,-0.0515455376622932,0.942751407623291,0.47978665828704814,0.5584933706692284,-0.5905460630144389,0.9769551753997803,0.5387844749859398,0.35299320476395724,-0.07437024026044774,0.9478684663772583,0.4782156365258351,0.5378677529948096,-0.590376428195408,0.9775071144104004,0.5383757727486744,0.36148847682135427,-0.055774287274107305,0.9380761981010437,0.48085278783525714,0.5421658737318853,-0.5467581697872704,0.9457166194915771,0.5307764734540664,0.6580442122050691,0.0634084331137793,0.9998957514762878,0.5342227663312638,0.6703020078795294,-0.06343861360635072,0.9998465180397034,0.5491165586880272,0.7600468942097252,0.12605678034680223,0.6632515788078308,0.5502759269305635,0.7731851032802033,-0.09739497772284912,0.9749086499214172,0.528004375525883,0.8589870129312784,0.20304469551358895,0.8271974325180054,0.5163718189511979,0.8650302086557656,-0.026666345314255768,0.9592053890228271,0.5177860481398444,0.8757831811904904,0.20605359971523277,0.7944062948226929,0.5030871348721638,0.8741189462797978,-0.021440571692905246,0.833019495010376,0.5530774201665604,0.8792289291109353,0.1562808896814073,0.8332198262214661,0.5112541590418131,0.9161534241267609,-0.07358145671231403,0.9356769919395447
125,0.4856938736779347,0.48606133971895465,-0.19962407818862363,0.9993752837181091,0.4794790668146949,0.4891725412436892,-0.19237810203007277,0.9991537928581238,0.47911870905331183,0.48944142375673544,-0.19261764756270808,0.999035120010376,0.4787776410579679,0.48973337582179455,-0.1926275398050035,0.9992443323135376,0.47942916836057364,0.4910144856997896,-0.20782000592776698,0.9996410012245178,0.4790778815746305,0.4924792349338529,-0.20799816974571764,0.9997138381004333,0.4787443288734979,0.4938295049326758,-0.2081291505268641,0.9997046589851379,0.4785543356622966,0.4994262388774324,-0.13654932571308948,0.9996877908706665,0.47895788124629407,0.5043702679021016,-0.20767364587102607,0.999381959438324,0.4902438053062982,0.4879640902791702,-0.17589912627424503,0.9995989203453064,0.48961181214877514,0.4908957353660036,-0.197269183397293,0.9996117353439331,0.49829228009496396,0.49481704405375865,-0.058021318167448016,0.9999738335609436,0.49314350230353193,0.5543985383851184,-0.22383718107427858,0.9998876452445984,0.5086316296032495,0.4279780047280446,-0.017334110788734893,0.7690947651863098,0.5016935433660232,0.6197463597570144,-0.3681015823568615,0.9718878269195557,0.5340937648500713,0.37944135154996583,-0.043060251857553196,0.9405032396316528,0.48289025936807883,0.5768697210720604,-0.5642936689513067,0.9819982647895813,0.5379663450377326,0.3613761740071431,-0.04787072613835333,0.9463251233100891,0.4753022032124653,0.5661905867712835,-0.6146944812365938,0.9774324297904968,0.5405142528670173,0.35922853265489835,-0.07176727397101264,0.951332151889801,0.4736086777278353,0.5568410669054301,-0.6140409214156012,0.9780021905899048,0.5398702808788842,0.36704916017396094,-0.053808483774108525,0.9421255588531494,0.47670882599694364,0.5594728486878529,-0.569246104785374,0.9463576674461365,0.5309181298528396,0.6528666087559288,0.06213850996323991,0.9998891353607178,0.5356745839118955,0.6640443784849981,-0.062159891320126365,0.999830424785614,0.5490026082311354,0.7515561495508463,0.12794239372014993,0.6163991689682007,0.5503945027078898,0.7661388397216794,-0.08526633254119324,0.9633220434188843,0.5279094082968574,0.8552919626235957,0.19798738062381735,0.7950682044029236,0.5198003871100287,0.8597369245120453,-0.016789577794926496,0.9448018074035645,0.5165785840579439,0.8737918768610269,0.20013225461755468,0.7817010879516602,0.5061666182109286,0.8703235966818669,-0.011760024407080235,0.8084326982498169,0.552515021392277,0.8777798993246893,0.15299808915172297,0.8095885515213013,0.5183749250003267,0.9084707243101933,-0.0636917744364057,0.9188634157180786
126,0.48517583353178817,0.4813495712620869,-0.1903598576784133,0.9994193315505981,0.4788233024733405,0.48386031133787955,-0.1831255989415304,0.9992051720619202,0.4784228282315388,0.48420421395982993,-0.18336211272648395,0.999087929725647,0.47805615578378924,0.48462617141859843,-0.1833777542625154,0.9992921948432922,0.4786165595054624,0.4854526008878433,-0.19805981601987555,0.9996622204780579,0.4781371882983614,0.48679098401750814,-0.19822763460023052,0.9997293949127197,0.47770328436578996,0.4880620981965744,-0.198357189127377,0.9997198581695557,0.4773086071014402,0.49354937502316043,-0.12736799078328262,0.9997026324272156,0.47738092371395635,0.49782026239803834,-0.19619045172418859,0.9994000196456909,0.48943590862410385,0.48400954689298337,-0.1666437340634209,0.9996218085289001,0.4886011029992782,0.48644612176077684,-0.18729539811611168,0.9996267557144165,0.4973423038210185,0.4887066193989343,-0.04564197177200443,0.9999744296073914,0.4916121729782647,0.5478074959346224,-0.21345763504505147,0.9998810291290283,0.5084574529102868,0.42962471842765787,0.014718054394636824,0.7611058950424194,0.502451227392469,0.6158050979886733,-0.35669991970062237,0.9694748520851135,0.5351493511881145,0.38049922926085317,0.010796815742339396,0.9436489343643188,0.4809779150145392,0.5713439021791729,-0.5393722866262706,0.982314944267273,0.5394657441547936,0.3653431832790373,0.011330547742545593,0.948108434677124,0.4732506590230122,0.5611947400229316,-0.5864260435104367,0.9778178930282593,0.541915554659707,0.36407518642289277,-0.013713265902229715,0.9533628821372986,0.47166561399187334,0.556737160682678,-0.5860823426927837,0.9784690141677856,0.540930240494864,0.3714507843766892,0.00034573040237383806,0.9445512294769287,0.4746068639414649,0.5590540919985088,-0.5435110713754379,0.9469962120056152,0.5307275090898784,0.6453783086368012,0.06200632633907452,0.9998599886894226,0.5367992333003451,0.6559399127960202,-0.06204365992120331,0.9997787475585938,0.5488844275474546,0.7439431633268081,0.1267192336065428,0.5617992877960205,0.5505629846027916,0.7604620184217177,-0.08160397729703354,0.9210991263389587,0.52796585048948,0.8526219095502576,0.19152350510869698,0.7385041117668152,0.5211303591728208,0.8573820046016145,-0.01533510916467223,0.9032438397407532,0.5167802197592597,0.8714414579527715,0.1933462236608777,0.7421642541885376,0.5081844994000024,0.8680063435009544,-0.011247658822685474,0.7616479992866516,0.552384383337838,0.8767799905368255,0.14774817973375315,0.7612574100494385,0.5261912924902777,0.9028321402413501,-0.06224259233900476,0.8761712908744812
127,0.48508419224194094,0.47700159634862604,-0.18194648921489706,0.9994679689407349,0.47837279779570424,0.47690227031707744,-0.1739851602486201,0.9992659091949463,0.47793475389480566,0.4766802293913703,-0.17421913657869603,0.9991541504859924,0.47756966011864777,0.4764996962887898,-0.1742412669318062,0.9993484616279602,0.4781049098287308,0.4798117203371863,-0.18830641763550887,0.9996877312660217,0.4774873546191622,0.4817236678940907,-0.18847002514771044,0.9997487664222717,0.4768987936632971,0.4837378757340565,-0.18860471504075177,0.9997389316558838,0.47613329887390116,0.4849783471652437,-0.11553155843700677,0.9997231960296631,0.4754964206899913,0.49465560231889977,-0.1811511175973074,0.9994272589683533,0.4889796801975793,0.47959988372666473,-0.1572421946695872,0.999649703502655,0.48831714902605305,0.4835635628019058,-0.17696606431688572,0.9996479749679565,0.49645150644438585,0.47962407640048416,-0.026800047609555924,0.9999757409095764,0.4903831865106308,0.5427165355001174,-0.1979666441679,0.9998731017112732,0.5079699465206688,0.4330431044101713,0.06766801308840509,0.767853856086731,0.5062858138765605,0.6086888279233658,-0.33841766715049726,0.9694201946258545,0.5358236942972453,0.3889136782714297,0.10169788897037502,0.9483525156974792,0.479792705604008,0.5603269423757278,-0.5133502653666903,0.983238160610199,0.5410199420792713,0.3777834960392541,0.11095517980200899,0.9516660571098328,0.47120200991630534,0.5516468950680322,-0.5569749542645044,0.9787797927856445,0.5429767438343591,0.37891200184822066,0.08468804444585523,0.9567302465438843,0.46958462425640635,0.5489859938621519,-0.5568210124969479,0.9794979095458984,0.5416724392345971,0.3858413117272511,0.09218752770019424,0.9486261606216431,0.4724163140569412,0.5511133074760435,-0.517719837597438,0.9494260549545288,0.5322034852845325,0.6364775436265124,0.061702843861920466,0.9998266100883484,0.5367509433201378,0.6467028873307361,-0.061767084577253856,0.9997071623802185,0.5490420886448448,0.7395127143178664,0.10609025252716876,0.5094817876815796,0.5503510287829805,0.7536176017352509,-0.0849594237548964,0.8725606799125671,0.5286570600100923,0.8511163285800385,0.16125160498278474,0.6790451407432556,0.5244858435222078,0.8548537680080954,-0.02529975968812192,0.8569709658622742,0.5175946746553691,0.8696379746709547,0.16246763850961404,0.7009283304214478,0.5125447852270941,0.8670245902878894,-0.023074335232377043,0.7184998989105225,0.5523746865136281,0.8762395296777994,0.11497749366930549,0.7091349363327026,0.5357281208038327,0.8917411599840432,-0.07518469787069726,0.8339922428131104
128,0.4833113602229525,0.46957669513566136,-0.17713308376925324,0.999520480632782,0.4767177760601041,0.4676633187702722,-0.1677708685398101,0.9993379712104797,0.4763713572706493,0.4671385543687001,-0.168008695755686,0.999237060546875,0.47608973128455,0.4665304294654299,-0.16803646641118178,0.9994125366210938,0.4765230655670164,0.4717294156551359,-0.1822234881775719,0.999718427658081,0.47598487053598654,0.47440930094037714,-0.18238344490528097,0.9997734427452087,0.4754215095724376,0.47735401221684026,-0.18251890752996708,0.9997643828392029,0.4746053133692058,0.4763811477593011,-0.10495636016130443,0.9997502565383911,0.47367934669767087,0.4905217553888046,-0.17101168462208333,0.9994820952415466,0.48751354217529275,0.4728479598249706,-0.15122103733675812,0.9996838569641113,0.4871110107217514,0.47841184394700165,-0.1709976647581372,0.9996816515922546,0.49617745876312236,0.4750047811440057,-0.008936545710977429,0.9999777674674988,0.490559204987117,0.5398324779101777,-0.18859597444534293,0.9998781085014343,0.5082243544714788,0.4381214635712758,0.12194540160042894,0.7709537148475647,0.5130028826849798,0.5973405599594113,-0.33089759179524,0.9708125591278076,0.5367714711597985,0.40621114117758594,0.19669537368629653,0.9530639052391052,0.4802052378654478,0.5486900653157913,-0.4943999179771966,0.9847490787506104,0.5425701277596606,0.399920652593885,0.21479436555611225,0.9558859467506409,0.4705798932484216,0.5419834511620655,-0.5384807825088498,0.9806809425354004,0.5437918611935204,0.40268848964146187,0.18842846330787444,0.9605903625488281,0.46911343421254814,0.5390829001154216,-0.5380763122013634,0.9813479781150818,0.5423098751476829,0.4084596123014176,0.18881240015450326,0.9532148241996765,0.4720195599964685,0.541187146731785,-0.49970402632440813,0.9540199041366577,0.5338194302150179,0.6312475017138887,0.061744752632720105,0.9998128414154053,0.5366985099656238,0.6424133692468912,-0.06183691823056763,0.9996752738952637,0.5493228844233918,0.7377177919660292,0.0884366461208888,0.463400274515152,0.5496955905641826,0.7478295717920572,-0.08199945635029245,0.8364974856376648,0.5301304953438892,0.8510255609239846,0.13975594980376102,0.6345043182373047,0.5270313876015797,0.8518815568515229,-0.024980239117784152,0.8359428644180298,0.5196692688124518,0.8695524215698238,0.14076514882700777,0.6772328615188599,0.516236306939806,0.8659921850476942,-0.022863744185971358,0.7028399109840393,0.5529292651585167,0.8766020246914451,0.09590813624007356,0.6829128861427307,0.5390332324164252,0.8827589920588899,-0.07455884388514925,0.8192698359489441
129,0.47979152798652625,0.46131789173398674,-0.18101176236357,0.9995682239532471,0.4737581380775994,0.4592048142637523,-0.16982647137982498,0.9994038939476013,0.47360501119068665,0.45865605303219364,-0.17007441222667685,0.9993129968643188,0.47347847819328287,0.4579883064542496,-0.1700982591935566,0.9994710683822632,0.47346484916550746,0.46383013299533277,-0.18536130445344098,0.9997464418411255,0.4730705005781989,0.46709070120538965,-0.18552128842898769,0.9997959733009338,0.47261665378298057,0.4708351731300352,-0.18565829140799378,0.9997877478599548,0.4724462108952656,0.4693860658577508,-0.10209564279232702,0.9997751116752625,0.4712380145277294,0.4852988115378786,-0.17316475893769936,0.9995331168174744,0.48472978046962173,0.46577660611697586,-0.15388751242841986,0.999715268611908,0.4845816646303447,0.47200056229318865,-0.17502388060092916,0.9997130632400513,0.49625455907412913,0.47462788224220254,-0.0027881773654371495,0.9999798536300659,0.4908367974417548,0.5368157965796332,-0.19263895452022545,0.9998844265937805,0.5095960514886035,0.44585045065198603,0.14280302162681302,0.7682965397834778,0.5152143427303857,0.5826187746865406,-0.34021693723542334,0.971686065196991,0.5375299828393116,0.42544679556574116,0.23137817808559952,0.9572891592979431,0.48106904881341095,0.5389572143554685,-0.5119836551802497,0.9860933423042297,0.5440322296960011,0.4208009353705813,0.2518853345087595,0.959744393825531,0.4698101937770841,0.5344243492398941,-0.5590489574841088,0.9823601245880127,0.5444134950637816,0.42405335818018214,0.22552211369786934,0.964113712310791,0.4693342626094816,0.5313651391438073,-0.5579991357667102,0.9829787611961365,0.5426551052502221,0.428726302725928,0.22411954722234173,0.9573634266853333,0.4729146284716468,0.533297686917441,-0.5171940045697346,0.9581092596054077,0.5348621164049419,0.6291970423289704,0.06193331533244675,0.9998202323913574,0.5366703186716351,0.6419818571635652,-0.06203382696424209,0.9996803402900696,0.5494782362665447,0.7365378294672281,0.0944156088999339,0.4242217540740967,0.5489496043750216,0.743901647840227,-0.05666803962418008,0.8251436352729797,0.531903871468135,0.8503886989184783,0.16533209170613963,0.6224988102912903,0.5296409436634606,0.8470271791730605,0.020444150428686816,0.8392806053161621,0.5226466229983736,0.8693648764065329,0.1683942428656986,0.6780692338943481,0.5195921931947978,0.8631678002221239,0.02583750592810766,0.7121887803077698,0.5540755510330198,0.8768397041729514,0.12399394150291165,0.6901241540908813,0.5416804381779259,0.8776029382433206,-0.025429232578192424,0.8258509039878845
130,0.4765920988151003,0.4552593537739343,-0.17175116539001456,0.9996111392974854,0.4712520454611095,0.45413916366440893,-0.1588237441011837,0.9994631409645081,0.4712163388729093,0.4540009881768906,-0.1590674745185034,0.9993811845779419,0.47116567237036544,0.45373175825391476,-0.15908289573022288,0.9995236396789551,0.47082821811948483,0.45784704344613186,-0.175180577806064,0.9997715950012207,0.4705268229757034,0.4607743935925618,-0.17534446503434853,0.9998162388801575,0.4702092102595736,0.46432956968034994,-0.17548354395798266,0.9998087286949158,0.47059756772858735,0.4657893555504933,-0.0871045093451227,0.9997974634170532,0.4696012284074509,0.47932719077382746,-0.162011946099145,0.9995790123939514,0.48190744859831647,0.46120682018143766,-0.14361693880387708,0.9997435212135315,0.4818202035767689,0.4666424129690441,-0.16586281997816896,0.99974125623703,0.49602496964590864,0.47820047565868895,0.009849195472530218,0.9999815225601196,0.49094745687076,0.5325289794376916,-0.1859235627310616,0.9998874068260193,0.5107703736850191,0.45822650109018576,0.1455341879810605,0.7475948333740234,0.5135859131813048,0.5615498934473308,-0.33521776880536747,0.9716851115226746,0.5379196320261272,0.4390215269156863,0.21642804060663487,0.9604372382164001,0.4814056217670438,0.5269240736961363,-0.5080464312008446,0.9872775077819824,0.5442755971636088,0.43566743986947176,0.23364453996930792,0.9627357125282288,0.4699457168579099,0.5240116502557479,-0.5558792182377404,0.9838501811027527,0.5442289113998411,0.43856265630040825,0.2070837595633097,0.9669336676597595,0.47025810054370315,0.5210329873221259,-0.5540858481611521,0.984421968460083,0.5422683954238889,0.4422974203314098,0.20844441907746442,0.9606217741966248,0.4738096152033123,0.5237452643258229,-0.5131300577095574,0.9617188572883606,0.5344780581338062,0.6292273810931611,0.06200377611177305,0.999828577041626,0.5367955923080442,0.6423922640936712,-0.06210916893822803,0.9996916055679321,0.5489448428153989,0.735513843808855,0.1007088652678898,0.3893900513648987,0.5481756636074608,0.7418834601129801,-0.04072791710495947,0.8010215163230896,0.5334904943193706,0.8496037500245226,0.18288479638951155,0.6104757189750671,0.5308263472148348,0.8439787660326272,0.05133972481957502,0.8376372456550598,0.5255603858402794,0.8693000316619869,0.1869777066367012,0.6726222038269043,0.5214701414108274,0.8603490693228582,0.05887141839734143,0.7102707624435425,0.555297541618347,0.8773289322853084,0.13672976429973324,0.6920074224472046,0.5410089884485514,0.8783799239567345,0.009513049146958764,0.824986457824707
131,0.47401803050722374,0.4506604424544741,-0.15863583396588046,0.9996494054794312,0.4688193508556908,0.45033093435423693,-0.1439766536865915,0.9995160102844238,0.4687787549836293,0.4504620798996514,-0.14420504761593678,0.9994419813156128,0.46870997122355845,0.4504560053348539,-0.1442173887576375,0.9995706081390381,0.4685170744146617,0.45337656480925403,-0.1606099211743899,0.9997940063476562,0.46831898263522537,0.4559006001268112,-0.1607806100377014,0.9998342394828796,0.4681321033409661,0.4590286246367861,-0.16092027436409673,0.9998273849487305,0.4688216396740503,0.46285342744418534,-0.06709988721247227,0.9998172521591187,0.4685050572667801,0.47465672918728397,-0.14340671641486025,0.9996191263198853,0.4793519616127012,0.4569846527917043,-0.1287745740796838,0.9997684359550476,0.479460333074842,0.46163759401866344,-0.15145791886108256,0.9997656345367432,0.4928657369954243,0.4800673220838817,0.029936084064788038,0.999982476234436,0.4911749005317686,0.5234121348176681,-0.16983257191521772,0.9998828768730164,0.5104705027171541,0.47414362771170454,0.16322153295789438,0.7304947972297668,0.5089704292161121,0.535683682135173,-0.31954439239842536,0.9725600481033325,0.5369065829685753,0.4508848922593251,0.23349638292565933,0.9626440405845642,0.48120817712375075,0.5121359246117726,-0.48822932583945117,0.9878787994384766,0.5430396045957291,0.44688453078269935,0.2511279471085539,0.9647412300109863,0.4701863118580407,0.5094167726380482,-0.5329982791628154,0.9844200015068054,0.5430607574326649,0.44937287824494476,0.22374713772109567,0.9689514636993408,0.4706344289439063,0.5069848086152755,-0.5293738578047069,0.9849911332130432,0.5413836121559141,0.4527353550706589,0.22497275753745002,0.9630232453346252,0.4734680124691552,0.5107101738452908,-0.49261963878359094,0.963545024394989,0.5341803312301633,0.6287047539438517,0.06272728475076808,0.9998385906219482,0.5368652565138679,0.6379728623798913,-0.0628364736480372,0.9997091889381409,0.5478686298642836,0.7347087621688839,0.0905670939811638,0.3719685971736908,0.5472658855574469,0.7401943325996396,-0.04788552746176717,0.805963397026062,0.5350252015250068,0.8487921748842508,0.1607164114713668,0.6157492399215698,0.5318087799208502,0.8441439764840258,0.030674308591655312,0.845697820186615,0.5274627498217989,0.8687619635037009,0.16356224928583413,0.6782788038253784,0.5229146787098473,0.8596813031605308,0.03672091971550668,0.720069169998169,0.5558708412306648,0.878255074364798,0.10535973118884218,0.7041294574737549,0.5406557151249474,0.88138370173318,-0.015291519622717574,0.8342154026031494
132,0.4718476201806747,0.44366371461323306,-0.11439998086009702,0.99968421459198,0.4668454127652302,0.4439368128776548,-0.10081377343407694,0.9995640516281128,0.46674989632197766,0.44463404587336924,-0.10100278167852328,0.9994973540306091,0.4666052707603997,0.4452685943671633,-0.10099937122847347,0.9996132850646973,0.46683613061904883,0.44572335481643655,-0.11820054480007712,0.9998143911361694,0.46679274524961173,0.44763951471873675,-0.11836901551910803,0.9998506307601929,0.46676553402628196,0.4499160528182981,-0.11847328266927168,0.9998443722724915,0.4671613650662556,0.4590061238833834,-0.030487970635294896,0.9998353123664856,0.4678452874932968,0.46518395032201476,-0.11013393657548082,0.9996559619903564,0.47710031100681827,0.4509155826909199,-0.08682605145233013,0.999791145324707,0.4772000874791824,0.4536727334771835,-0.11055554375052445,0.9997881054878235,0.4887000296797069,0.48147728443145726,0.054448940925067274,0.9999834299087524,0.49038142647062005,0.5071386745997835,-0.14271367660590573,0.9998765587806702,0.5087965164865764,0.48545402884483313,0.14957179427146905,0.7004793286323547,0.5011426278523035,0.5064639423574717,-0.2758633221898759,0.9719208478927612,0.5356524518557955,0.46513247660228163,0.16285387964120926,0.962140679359436,0.47862128019332867,0.4955886747155869,-0.4067116311618258,0.9855613708496094,0.5415637680462426,0.4613404597554886,0.17238112097339964,0.9643070697784424,0.46982576932225883,0.495374342373439,-0.44551030227116156,0.9809909462928772,0.541830401761191,0.46201097198895025,0.14661413218293864,0.9690178632736206,0.4699954271316526,0.4939467319420403,-0.44083029457500983,0.9816666841506958,0.5406807678086414,0.46505056704793635,0.15317643987280977,0.9631252884864807,0.47202434369495916,0.4971874041216712,-0.4095946627003804,0.9589402079582214,0.53499173777444,0.624241597311837,0.06330173930951524,0.9998480677604675,0.5364098344530375,0.6286840575081958,-0.06341510415077206,0.9997268319129944,0.5469257712364195,0.7322230134691508,0.0688321626612118,0.3490937352180481,0.5459267428943086,0.7346516183444429,-0.07444141028182844,0.8174300193786621,0.5369301966258455,0.845814512457166,0.1080000968916075,0.6146576404571533,0.5336109893662586,0.8434342810085838,-0.0291625106441123,0.8569463491439819,0.529455963202885,0.8628755535398206,0.10789240428379598,0.6814499497413635,0.5249473946435108,0.8569652642522536,-0.026467214098998465,0.7376878261566162,0.5558934092521665,0.8805031725338522,0.05126964684043609,0.7110332250595093,0.5436211364609852,0.8845873202596387,-0.08048489636608529,0.8460971117019653
133,0.46965911388397197,0.43540496230125403,-0.07266421371272629,0.9997100830078125,0.4649546521050587,0.4368683159351347,-0.06148529835045335,0.9996001720428467,0.46472919498171106,0.4382300794124601,-0.06163905800453252,0.99953693151474,0.46445510813168095,0.4396815282957892,-0.0616198551974126,0.9996463656425476,0.4653566769191195,0.437484071935926,-0.08028310316481757,0.9998285174369812,0.46545113325119,0.43902194329670474,-0.080437819180744,0.9998611211776733,0.4655380061694552,0.44069539308547956,-0.0805012937635183,0.999855637550354,0.4655374220439364,0.45466243624687175,-0.00505579952150583,0.9998477697372437,0.46702066745076837,0.4541301880564006,-0.09140256015317777,0.9996779561042786,0.4749750631196156,0.4440443413598195,-0.050119811509336726,0.9998077750205994,0.4751439426626476,0.4446686668055396,-0.07584388554096218,0.9998013377189636,0.48596165520804246,0.48190103088106406,0.06762348296386853,0.9999823570251465,0.49013926642281647,0.489818055289132,-0.13370501867362425,0.999877393245697,0.5083807008607044,0.49091332639966667,0.12702869091715124,0.6424984335899353,0.4998252511024473,0.4739680622305187,-0.2461865050452095,0.9659502506256104,0.5347664049693515,0.4760831918035232,0.09576396775831066,0.9237902760505676,0.4763317891529626,0.47474706513541065,-0.3419972879546027,0.9766822457313538,0.5409951618739535,0.47159544314656915,0.10013356127643155,0.9336342811584473,0.4691867002419061,0.47594214337212676,-0.376747879385948,0.9706306457519531,0.5412427663803099,0.470633211306163,0.07573811081903317,0.9416615962982178,0.4691886373928613,0.4777862616947717,-0.3717963661466325,0.9699640870094299,0.5403463942664007,0.4736621967383791,0.08513760167573176,0.9323908090591431,0.4711088214601787,0.47976499710764187,-0.3440647248710903,0.9386853575706482,0.5357971072196958,0.6193712336676458,0.06525082236954141,0.9998601078987122,0.5356311167989456,0.6180599246706279,-0.06534727481859068,0.9997508525848389,0.5456439256668089,0.7284162623541692,0.0690359387014593,0.3239001929759979,0.54505318403244,0.7287468382290427,-0.09665731734463143,0.8282078504562378,0.5388752886227196,0.8389242836407249,0.10237007545573366,0.5900481939315796,0.5373174531119207,0.8418754850115091,-0.07786838151514527,0.8656506538391113,0.531304826055254,0.8522512010165619,0.10170048922300334,0.659250020980835,0.5287308284214562,0.8535229206085202,-0.07781607295785628,0.7425456643104553,0.5556486078671043,0.8785657831600729,0.053878929998193444,0.6946665644645691,0.5503443462508063,0.8854067717279703,-0.13212013803422445,0.8530412316322327
134,0.4677132461752208,0.4304517524582997,-0.014237388649157103,0.9997379183769226,0.46351520674569247,0.432513128859656,-0.006444544005872938,0.9996386766433716,0.46317299348967395,0.4342069217136926,-0.006559678819030514,0.9995809197425842,0.4627828053065707,0.4360542331423076,-0.006533513271382868,0.9996806979179382,0.46432427593639897,0.43219469359942825,-0.025347312912344915,0.9998447895050049,0.4645527286188941,0.43337880373001075,-0.025485377439430763,0.9998741149902344,0.4647683995110646,0.4345981001853941,-0.025512932187744534,0.9998692274093628,0.4645261526107786,0.4505147380488257,0.029408959671854966,0.9998621344566345,0.46670525159154597,0.44554429905755155,-0.057686321650232554,0.9997068643569946,0.4731573198522838,0.43913115859031654,0.0007537828226174672,0.9998261332511902,0.4733769561563217,0.438553624493735,-0.025218221758093136,0.9998193979263306,0.4843947691576819,0.4829550896372112,0.08665958940982815,0.9999828338623047,0.49117701649665807,0.47701672741344975,-0.11313983350992196,0.9998821020126343,0.5088245000158035,0.4941180944442747,0.11607962846755976,0.6056326031684875,0.5065929344722201,0.4446434898035865,-0.19397272403751092,0.9644794464111328,0.5344502568244931,0.4837119059903279,0.06737023746328691,0.9133787751197815,0.4759175590106417,0.45280256271362285,-0.23896138966083513,0.9758626222610474,0.5406829595565793,0.47888896891048954,0.07008865778999665,0.9236515760421753,0.46965631757463705,0.45418817486081786,-0.26618704114641445,0.9692755341529846,0.5408513426780698,0.47671472515378654,0.046350851867880107,0.9334012269973755,0.46953289253371083,0.4591321221419741,-0.2622857734560965,0.9680981636047363,0.5397754958697725,0.47976339289120246,0.05616630571229113,0.9239810109138489,0.4715173465864997,0.46070553234645273,-0.24039224428789946,0.9352561831474304,0.5337073717798503,0.614656853675842,0.0671429593648229,0.9998725652694702,0.5361379061426432,0.6078104615211484,-0.06722934043833184,0.999774158000946,0.5428431442805697,0.7238421014377046,0.06879435053893494,0.3032919764518738,0.544744082859584,0.7238692573138643,-0.11247885589088708,0.8438434600830078,0.5402594276836937,0.8320774418967107,0.09207611999341415,0.579150378704071,0.5415884477751594,0.8403230667114254,-0.10901721891547947,0.8777115941047668,0.5327017375401086,0.8435492498534062,0.09069520575659612,0.6507288217544556,0.5325082080704823,0.8511555177824834,-0.11037635462624681,0.7604954838752747,0.5556914448738095,0.8727630121367315,0.04995672213179722,0.6895284652709961,0.5571545107024054,0.8838455080986019,-0.15978357217141553,0.8654326796531677
135,0.4668287200587134,0.4281400442123411,-0.0016602631658315641,0.9997590184211731,0.4626631293978008,0.4298239043780734,0.00419968906790018,0.999668300151825,0.4622855067253111,0.4311368933745791,0.004098234804613247,0.9996119737625122,0.46186320185661295,0.43252889939716865,0.004113488005740299,0.9997088313102722,0.46369489857128665,0.4298963989530289,-0.012676615573998,0.9998561143875122,0.46400133967399576,0.43118779488972236,-0.01281342096626758,0.9998812675476074,0.4642746499606539,0.43247331210545115,-0.012846559226246812,0.9998786449432373,0.46390510286603637,0.4457212652478897,0.029540537217898014,0.9998716115951538,0.46657716887337797,0.44244951776095776,-0.04869667243744644,0.9997200965881348,0.4722606905869073,0.43564436520848937,0.009507160846676141,0.9998391270637512,0.47265568460736934,0.4354056341307502,-0.01387266780116728,0.999828040599823,0.4824775167873926,0.4845212825707025,0.08426780317510874,0.9999817609786987,0.49437571593693297,0.4658710496766224,-0.105002889995064,0.9998782277107239,0.5091245276587347,0.49951550875391254,0.13116112074681685,0.5557973384857178,0.5148580517087662,0.4173214180128913,-0.15948015270488597,0.9573540091514587,0.5344050203050883,0.48618442416191077,0.12311056019472219,0.8652920126914978,0.47723561269896353,0.42928623897688706,-0.17023035676351608,0.9625592231750488,0.5406556504113331,0.4798617916447773,0.13307036323738944,0.8764906525611877,0.4707003993647437,0.432511212144579,-0.19103232175111762,0.9497531056404114,0.540729486942291,0.47693544455936954,0.10910142782543383,0.8884066939353943,0.47066353218896023,0.43831634862082325,-0.1885759894336972,0.9453349709510803,0.5393939546176363,0.480174934864044,0.1129876471956127,0.8782492876052856,0.47252667631421746,0.4397198498249052,-0.17160193159111903,0.9060774445533752,0.5286123497145514,0.6113945450101577,0.06565481807504378,0.9998843669891357,0.539033131940024,0.6016565237726481,-0.06574860938957756,0.9997958540916443,0.5396054915019441,0.7223371011870244,0.07881276240306238,0.2798428535461426,0.5454786079270496,0.7225575004305155,-0.10513163528272079,0.8558105826377869,0.540701605592455,0.8272988557815548,0.10355839612228526,0.5643696784973145,0.5466089401926311,0.8388901761599945,-0.10617224212203703,0.8866482377052307,0.5334934813635688,0.8405712655612396,0.10288991699261321,0.6417611837387085,0.5384205222129819,0.8513539535658695,-0.1083279647997447,0.7715610265731812,0.5553619691303795,0.8640503764152523,0.06717987890754426,0.6760878562927246,0.5622739740780419,0.8794194868632721,-0.1565981466855321,0.8727426528930664
136,0.46763172149658183,0.4239858474050247,-0.001375564826386318,0.9997806549072266,0.4631618942533218,0.42589130742209275,0.00428721723146736,0.9996988773345947,0.4628414213657377,0.4265986919403074,0.004194838487144021,0.9996461272239685,0.46247417756489323,0.4272501315389359,0.004227150178381369,0.9997362494468689,0.46402206676346897,0.4267104591642106,-0.010633783893925802,0.9998688101768494,0.46428923436573555,0.42808166401726844,-0.010772776177951266,0.9998908638954163,0.46453671966280236,0.42930518559047137,-0.010783941591424599,0.9998894333839417,0.4639728784561155,0.44008168833596345,0.02998439579137733,0.9998819828033447,0.4666788782392227,0.4394340668405803,-0.038254539136375686,0.9997417330741882,0.4729795813560484,0.42983439905302845,0.010196863992937965,0.9998528361320496,0.4733173072338102,0.4305940432207923,-0.010368383462939942,0.9998407959938049,0.4819909368242534,0.4809705036027089,0.08012693460498532,0.9999778270721436,0.4961415290832517,0.4611875431878224,-0.08377731953348427,0.9998791217803955,0.5111005170004705,0.49897659335817585,0.10489675360066544,0.5076459050178528,0.5124588285173686,0.4032282122543878,-0.09866253201450614,0.9548388719558716,0.534708591869899,0.486554100683757,0.05814411368753225,0.8139366507530212,0.47732461350304717,0.4068435430526731,-0.06930032287325173,0.9611522555351257,0.5405946680477685,0.4797994094235555,0.0603424283542803,0.8281124234199524,0.4709604110036575,0.41132915445736457,-0.08323226869106287,0.9459817409515381,0.5406936117580956,0.4763224474021364,0.040345158747264284,0.8417152762413025,0.47072633504867534,0.41814029301915834,-0.08289461242301119,0.9403591752052307,0.5392385142190114,0.4799145238740101,0.04887780891731378,0.8306145071983337,0.4731189838477541,0.4199926665851046,-0.0702716544270515,0.8989803791046143,0.5280023864337374,0.6047668099403378,0.05704454502889086,0.9998948574066162,0.5397407770156858,0.6004788041114804,-0.057167920257363974,0.9998156428337097,0.5398926189967561,0.723213125978197,0.056011679981436024,0.26640793681144714,0.5449955991336275,0.7228249975613182,-0.08672086170741485,0.8678267002105713,0.5435070344379967,0.8267022933278761,0.06490570966686518,0.5622849464416504,0.5488711850983754,0.8361925721168515,-0.08646262841565264,0.8963246941566467,0.5374657613890509,0.8419756412506099,0.06300484346491947,0.642437756061554,0.5414109417370385,0.8503201263291491,-0.08569600858858649,0.7874728441238403,0.5590769631522039,0.8620472107614786,0.021511978975364124,0.6698142290115356,0.5640021477426799,0.8740764021873471,-0.13729343094996038,0.8814650177955627
137,0.46820187824113,0.422321489879063,0.03419409122850212,0.9997989535331726,0.46344053234372795,0.4248271780354634,0.03605428218309366,0.9997246861457825,0.46306600655828184,0.42555393491472493,0.0359547546399491,0.9996758699417114,0.46266765935080373,0.4261498459747858,0.03599466159939764,0.9997603297233582,0.464281357186181,0.4248782881668634,0.024126037596059684,0.999878466129303,0.46449103781155154,0.42564537269728503,0.023978713527321803,0.999897837638855,0.4646931154387336,0.42613195180892927,0.023960244422778474,0.9998972415924072,0.4637809668268474,0.43799998079027425,0.04710115098527497,0.9998920559883118,0.46667840395654925,0.4335575955254689,-0.007706761094076291,0.9997585415840149,0.47303792493683927,0.42769370504787974,0.040986958571842716,0.9998655319213867,0.4737397696290695,0.42767167942864537,0.024299862901014928,0.9998509883880615,0.48244847059249857,0.4793905547686983,0.08676056840590064,0.999978244304657,0.49798801456178915,0.44910174182483104,-0.05952639542520043,0.9998779892921448,0.5136566979544501,0.5025180390902926,0.10492099757705411,0.5152513384819031,0.5093659026282171,0.3846883867468151,-0.08950746847050527,0.9586626887321472,0.5349042449678691,0.484851048673902,0.0623648852509047,0.8258259296417236,0.4794250701154979,0.3717223354748315,-0.0779379614911574,0.9648239612579346,0.5407033324241636,0.47730346918106054,0.06478407190048266,0.838931143283844,0.47332807012966677,0.3716872232300893,-0.09415790183203557,0.951076090335846,0.5407772847584313,0.4733731482710155,0.04877904999469005,0.8513985276222229,0.47223479407174224,0.3785570876938954,-0.09084042375907297,0.9459435343742371,0.5392165541648862,0.4770976824419837,0.05504075533909986,0.8394925594329834,0.4748694522040229,0.38164953248841404,-0.0782372097351721,0.9084143042564392,0.5284833618572777,0.601121355806078,0.0491599836519786,0.999904453754425,0.5397567561694552,0.5988688145365031,-0.04929941828761779,0.9998328685760498,0.5395608391080582,0.72170261485236,0.04478650779596395,0.3228374421596527,0.5466115662029809,0.720806493077959,-0.07385792391640796,0.880572497844696,0.5458451202937533,0.8247278179441175,0.05318469053932596,0.6043182611465454,0.5545440401349746,0.831861669676644,-0.07575689703226086,0.9063915610313416,0.5410100766590662,0.8414410659245077,0.05143705739506651,0.6746551394462585,0.5477861148970464,0.8482711178915837,-0.07373449738536558,0.8067799210548401,0.562576798030308,0.857765538351876,0.00935561263135501,0.7017180919647217,0.5705121687480379,0.8656772443226401,-0.1214186542800494,0.8928499221801758
138,0.46791065846170676,0.42278640270233137,0.10353581468973835,0.9998169541358948,0.46332312055996466,0.4255153553826466,0.10002010333617878,0.9997503757476807,0.4628551721572874,0.4269490889140536,0.09991584956379869,0.9997051954269409,0.4623653948307035,0.42831101162093005,0.09994583129882809,0.9997830390930176,0.4642925458295003,0.4233319154807497,0.09057581009609356,0.9998889565467834,0.46451284033911544,0.42305961762155786,0.09040834233164782,0.9999061226844788,0.46472763163702807,0.42251418999263196,0.09037586687398805,0.9999061822891235,0.46367760215486775,0.43769192014421715,0.08617226853966709,0.9999017715454102,0.4668997279235293,0.42596395441463997,0.041645791488034364,0.9997783899307251,0.472204371009554,0.42864070108958635,0.10193322197135002,0.9998756051063538,0.4732765291418346,0.42583355818475976,0.08820737451314922,0.9998589158058167,0.4822038539818353,0.48036438141550314,0.11231694625956666,0.999978244304657,0.49914074284689747,0.43406401191438926,-0.025209770191993018,0.9998872876167297,0.5135626247950961,0.5070818969181603,0.1436147668531962,0.48231813311576843,0.5072646651949199,0.36753900987761345,-0.06574579583747042,0.9611345529556274,0.533737014021192,0.4815396581377299,0.15637267173400937,0.7898321151733398,0.48364210639681116,0.3345895613942826,-0.05224964995868501,0.9663205146789551,0.5400091409683225,0.4731963557856421,0.1677924120532614,0.806442141532898,0.47892681615693206,0.32600816488265977,-0.0664396586162703,0.9528238773345947,0.5399364386286052,0.46906818662370936,0.15412428421633578,0.817099928855896,0.47674198406083224,0.33064607466970153,-0.05767764826970438,0.9474346041679382,0.5381737777165001,0.4729136117867059,0.1514063030880476,0.8004454970359802,0.47884859442710853,0.33547438212803415,-0.05045852150235855,0.9100803136825562,0.5266513517924715,0.5984184639794483,0.04699861056038309,0.9999134540557861,0.5400110772677827,0.592674056121281,-0.0471320141639028,0.999849259853363,0.5369090642247878,0.7165826525006972,0.044860277218478045,0.3679298758506775,0.549772478852953,0.7140786545617237,-0.07514958083629605,0.8913735151290894,0.5460990122386384,0.8213720219475878,0.04933228833334784,0.6295284032821655,0.5619916353906901,0.8258849688938682,-0.08184197779212676,0.9129772186279297,0.5422249146870202,0.8384253535951882,0.04736772690500529,0.7021119594573975,0.5543266092027934,0.8444305130413596,-0.0807637831994465,0.8223480582237244,0.5644371134894233,0.8500849298068451,0.011780567680086397,0.710116446018219,0.5807501912117001,0.8546313030379155,-0.12140283137559885,0.8946475982666016
139,0.46665697268077283,0.42571211712700957,0.1444395223366362,0.9998340606689453,0.46216246059962657,0.4275887659617831,0.1366332268076283,0.9997743964195251,0.46144731300217745,0.42966706752777084,0.13652430533298418,0.9997333288192749,0.4607389032840727,0.43173309138842975,0.13654049980853278,0.9998040795326233,0.46378956437110874,0.4229362181254794,0.12861898311280773,0.9998992085456848,0.4641683374132427,0.42163619909967676,0.12842888534069055,0.9999145865440369,0.4645262352057864,0.42018880673817205,0.12836555126123125,0.9999148845672607,0.46252344250678995,0.43907306024006415,0.10377222363437921,0.9999111294746399,0.4669829053538184,0.42107878923416114,0.06468767710030077,0.9997988343238831,0.47002805386270774,0.4325517484119958,0.13653806128672186,0.9998859167098999,0.47174225960459004,0.42671374508312754,0.12439301985182927,0.9998692870140076,0.4807909514222824,0.48436719349452406,0.12396827702011375,0.999977171421051,0.5001048190253119,0.41950485876628313,-0.017015448997595474,0.9998959302902222,0.5088655063084191,0.5123852814946853,0.1686905960951532,0.4487301707267761,0.5078192302158898,0.3491138909544262,-0.07449799424835611,0.9640435576438904,0.5313963345118929,0.47999602215630643,0.21874665201508564,0.7445401549339294,0.4872330452714645,0.3019177998815262,-0.06728291056019119,0.9676595330238342,0.5383638092449731,0.47010941846030074,0.23651702131277738,0.7626417875289917,0.484675997495651,0.28961744521345395,-0.08254964170711378,0.9539868831634521,0.5381708860397336,0.46575973800250436,0.2201432064707789,0.7716324925422668,0.48208715745380926,0.29063156119414724,-0.06914510073672445,0.9481678009033203,0.5360880221639358,0.4700318259852271,0.21357412406442944,0.751449704170227,0.4829095891543795,0.29560211471148884,-0.06404662760240688,0.9106643199920654,0.5222638010978696,0.5990816644259859,0.04927262770278111,0.9999216198921204,0.5421470608030043,0.5875560334750581,-0.04938993634922162,0.9998640418052673,0.5327298419816151,0.7118418216705319,0.0687033379184348,0.41855892539024353,0.5540038653782433,0.7064545563289094,-0.06774508697646,0.9016767740249634,0.5439697231565201,0.8176577091217038,0.08378688788839746,0.6585156917572021,0.5692565798759457,0.8199227077620367,-0.06971168560641149,0.9204137325286865,0.5412663476807729,0.8343519432204107,0.08579172241900646,0.7288548350334167,0.5623222368104115,0.8407426783016745,-0.070904352409499,0.837931752204895,0.5628916791507174,0.8400531513350347,0.06757414399513174,0.7267229557037354,0.59133654151644,0.8445006046976358,-0.10651955881289067,0.9001710414886475
140,0.46580260906900656,0.42684880324772406,0.1423652563776288,0.9998138546943665,0.46115351830209983,0.42817812476839323,0.13663862794637674,0.9997636079788208,0.46016124146325227,0.4304845639637536,0.1365217093910489,0.9997057914733887,0.4592235182012828,0.4327445958341869,0.1365401293550218,0.9998006224632263,0.4634943331990921,0.4221157908439634,0.12731712247644145,0.9998761415481567,0.46403784581593077,0.4201855318886891,0.12711086847952427,0.9998857378959656,0.4644649633339471,0.4182123397077831,0.12704108229705258,0.9999014139175415,0.4613058481897624,0.43985599194254177,0.11036539141620903,0.9998981356620789,0.46697048800332186,0.4189159274101255,0.06567987161023273,0.9997542500495911,0.4683459162712095,0.43418184178216096,0.13696530759334558,0.9998424649238586,0.47068689806120717,0.42709979500089357,0.12312460158552437,0.9997842311859131,0.4791160328047614,0.4839645343167439,0.13500451701028,0.9999616146087646,0.4994822910853792,0.4186145978314534,-0.015061836157526282,0.9998910427093506,0.5053668890680583,0.5123068843569072,0.17828494352953766,0.4102647602558136,0.5076375671795434,0.34484914966991953,-0.06249604725411957,0.9640123844146729,0.5288113696234564,0.4800616809300011,0.21910633061613347,0.6849070191383362,0.4920855794634136,0.28112658347402286,-0.0405146758138601,0.9592708349227905,0.5358164106096538,0.46880264622824513,0.2355350924389702,0.704811692237854,0.4915689008576527,0.26604529448917924,-0.05455277450382706,0.9384925365447998,0.5357131106512885,0.4643882206508089,0.2184521164212907,0.7122531533241272,0.48851827893938315,0.2660919645002909,-0.03875011305125162,0.9284808039665222,0.5333835261208668,0.46930433341434996,0.21342728946890138,0.6907140612602234,0.48826538324356056,0.2717342295816965,-0.03574848478393893,0.8808003067970276,0.5206882970673695,0.5989649908883228,0.0509451807609626,0.99992835521698,0.5426497714860096,0.5876568913459775,-0.051056217934404076,0.9998770356178284,0.5314132724489482,0.7088236280849998,0.06999034391982212,0.43768569827079773,0.555781303133283,0.7013107316834583,-0.06133632266095704,0.9078772068023682,0.5434085130691526,0.81647036075592,0.07431157699653076,0.6711899638175964,0.5710801686559401,0.8147053071430748,-0.06087648102215355,0.9235541820526123,0.5417423299380708,0.8332873770168846,0.07623862922191617,0.7458357214927673,0.564623085090092,0.8363856009074616,-0.06193815320730206,0.8459315299987793,0.5629410982131955,0.8364046897206985,0.05730367409331455,0.713196337223053,0.593926235607692,0.8371051907539364,-0.1036801608545439,0.8879819512367249
141,0.46545228362083413,0.4290424372468674,0.15524843122277932,0.9998140931129456,0.46068803923470614,0.4296369024685449,0.15058092432362685,0.9997726678848267,0.45950989467757064,0.4319294776235306,0.15044782289436878,0.9997158050537109,0.45841505782944797,0.43414411374500794,0.1504576806511197,0.9998103380203247,0.46349263787269573,0.4227651877062659,0.14046138290848043,0.9998746514320374,0.46405341454914617,0.4203930488654543,0.14024423211812964,0.9998842477798462,0.4645240434578485,0.417992215497153,0.14015637210437223,0.9999014735221863,0.46065146667616685,0.4409762918949125,0.12538630536624357,0.9999010562896729,0.46728141648428756,0.4177081576415469,0.07697999903133934,0.9997533559799194,0.46728338599205,0.43651126367705184,0.15014918148517603,0.9998255372047424,0.47027548381260437,0.42906847511019003,0.13523402001176554,0.9997525811195374,0.47722289562225323,0.485861037458692,0.1478187884603227,0.9999493360519409,0.4990545204707552,0.4174701009477886,-0.00781464905345014,0.9998896718025208,0.5035433701106478,0.5125596063477651,0.20570536128112238,0.38982221484184265,0.5071865950311931,0.34200087615421826,-0.06476778282916969,0.9663461446762085,0.5264717629977632,0.4795397630759645,0.26798057045255375,0.6385709047317505,0.49950018780572053,0.26748308113643093,-0.05096168812264554,0.9590956568717957,0.5328244260379243,0.4679421612194604,0.28837496978895993,0.6591628193855286,0.5004079937934873,0.24925764628819044,-0.06548075612102233,0.9377443194389343,0.5331561190741401,0.4638281771114892,0.272162605183465,0.665630042552948,0.49726971898760086,0.24811150644506713,-0.047377575375139695,0.92694091796875,0.5308523944446016,0.4687124805791035,0.2632617660931177,0.6429669857025146,0.4966088294982908,0.2542836874723433,-0.04532619262380258,0.8783130049705505,0.5198054739407129,0.5994649154799323,0.05171679567013466,0.999934196472168,0.5430810775075637,0.5886797291891913,-0.051841419083731494,0.9998884797096252,0.5304187757628303,0.7064459000314982,0.06924444756337572,0.4869188964366913,0.557742129053388,0.6975848385265893,-0.05757896548935342,0.9163635969161987,0.5430208274296349,0.8143573318208964,0.06100878119468686,0.7004485726356506,0.5743834018707272,0.8101663436208448,-0.06010288915463853,0.9303702712059021,0.5417898518698554,0.8320904374122616,0.06086108439735001,0.7697981595993042,0.5684064609663825,0.8321884189333231,-0.061628008101667645,0.8600876331329346,0.5627638322966437,0.8345153706414354,0.035387828706630625,0.7341121435165405,0.5957819512912201,0.830806309836251,-0.10712625597204477,0.894540011882782
142,0.4660214551857537,0.4285643330642153,0.17721642468656804,0.9998053312301636,0.4612989349024634,0.4288704395294187,0.1741928130388259,0.9997744560241699,0.46018208776201497,0.4311414863382065,0.174046584538051,0.9997164011001587,0.45911304099219163,0.43341315558978466,0.17405027534280496,0.9998137354850769,0.46383315239633804,0.42188016346522716,0.16318677812814705,0.999869167804718,0.4643917305128913,0.4194606125354765,0.16295395152909406,0.999879777431488,0.46499133110046365,0.4170235540185654,0.1628533190914562,0.9998993873596191,0.46116019572530453,0.4395112233502522,0.15042379455906996,0.9999005794525146,0.4682936242648531,0.41609295436314153,0.09777190632053778,0.9997476935386658,0.46773235542433583,0.43614789843559243,0.1723450460604258,0.9997919797897339,0.47083539196423096,0.4283588000706262,0.156164769402572,0.9997037053108215,0.476231732538768,0.48844431127820676,0.17113635454859044,0.999933123588562,0.4987063314233505,0.41587944541658656,0.012638521354113301,0.9998905062675476,0.5027427434921262,0.5098005635397772,0.26595580152102866,0.3672638535499573,0.5068910786083763,0.3412039492811474,-0.03180454620825392,0.9687418341636658,0.5241136891501288,0.4773485124111173,0.38336681382996673,0.5847724080085754,0.5059302619525362,0.26284344026020584,-0.0004366984590888014,0.9602406024932861,0.529086363315582,0.46668289899826026,0.41427029839583784,0.6047984957695007,0.5087266453674859,0.24190919484410955,-0.00989882216921874,0.9392223954200745,0.5297171524592805,0.46282429439680894,0.399957890169961,0.6105080246925354,0.5060010458741866,0.23925804155213481,0.009862266670513363,0.9283074736595154,0.5278554439544675,0.4675414877278462,0.3809720963239668,0.5889629125595093,0.5049488357135226,0.24607659450599112,0.00656821892729827,0.8808000087738037,0.518961327416556,0.5988471456936425,0.05199958107301164,0.9999390840530396,0.5429829342024665,0.5872492364474702,-0.052133259709392255,0.9998986124992371,0.5295198287282669,0.704316459383283,0.06608939958470206,0.5336743593215942,0.560288676193782,0.6935475451605657,-0.06112984663673807,0.9241542220115662,0.5427289179393221,0.810332516261509,0.04306697111044609,0.7277155518531799,0.5801679560116356,0.8047163810048781,-0.07986883521080014,0.9367024302482605,0.5416103737694875,0.82880060502461,0.03900703149182454,0.7918272614479065,0.5735123225620812,0.8269616399492532,-0.08236229398420875,0.8732761144638062,0.5630330766950332,0.8325541172708779,0.0077063387525933055,0.7547615170478821,0.599312581334795,0.8240528379167824,-0.12938619596617557,0.901199996471405
143,0.46629034621374926,0.4271633275917596,0.1946788353579384,0.9998100996017456,0.4616855008261542,0.427597573825291,0.19178709430353974,0.999785840511322,0.4606075065476552,0.4298167347908018,0.1916393131017684,0.9997301697731018,0.45953155585697697,0.4320685446262358,0.19164915212563097,0.9998234510421753,0.4639990721430095,0.42062165992600553,0.18069692637239176,0.9998732805252075,0.46460581251553107,0.418236081940787,0.18046096095017017,0.9998841285705566,0.4653847975390296,0.4158171466418673,0.18035921156406393,0.999903678894043,0.4614359498023985,0.4376767473561421,0.16580692572253083,0.9999043345451355,0.46925089444432916,0.4148237909589493,0.11271771064826416,0.9997583031654358,0.46788159608840924,0.43479596206120064,0.18882173384938913,0.9997799396514893,0.47096757973943415,0.4267513939312524,0.17249214436326699,0.9996904134750366,0.4753629633358544,0.4903101725237708,0.18328433121953683,0.9999240040779114,0.49849929043224855,0.4144131439072743,0.025333564582147756,0.999896228313446,0.5018309916768753,0.5083844832011629,0.28930242615086676,0.34447017312049866,0.5069132753780907,0.34045347060476017,-0.007681835349649187,0.970850944519043,0.5222450426646639,0.4761991551944185,0.4272218057087488,0.534826397895813,0.5078054189682004,0.26473204919270094,0.04000188346420014,0.9616977572441101,0.5262788976941788,0.4660412737301416,0.4621417045593259,0.5543424487113953,0.5126977665083747,0.24500901273318687,0.033753914918218324,0.9412950277328491,0.5269147924014497,0.4622586565358296,0.4473199231284003,0.5594779849052429,0.5111912267548695,0.2416460782289504,0.05381409327632612,0.9305083751678467,0.5254298772130691,0.4669366189411706,0.4252823727471486,0.5393189787864685,0.5098943454878668,0.2481180416686193,0.047660334567938514,0.8843275904655457,0.5182600242750983,0.5981776986803324,0.05218795420868054,0.9999436736106873,0.5428724544388904,0.5846888678414478,-0.052327267825603464,0.999907910823822,0.5285254291125704,0.7022090622356956,0.07350950837135312,0.5748172998428345,0.5634322677339824,0.6898844531604219,-0.061107051266091186,0.931145966053009,0.5425374524933949,0.8058887515749247,0.044607146935803525,0.7514236569404602,0.5855302367891582,0.7995161890983578,-0.08690406871693471,0.9423304796218872,0.5415490559169222,0.8243442790848864,0.04124865691576683,0.8113366961479187,0.5791107671601429,0.8219803145953584,-0.08932529943329943,0.8850441575050354,0.5629254834992542,0.8308798841067719,0.006953116799039493,0.772405743598938,0.6033212695802959,0.8184497952461239,-0.13445232127393988,0.9070992469787598
144,0.4663730953420909,0.42490332807813347,0.20379450278622754,0.999812662601471,0.46185424583298795,0.42533921429089117,0.20084945729800624,0.999794065952301,0.4607695264475684,0.4275090047291345,0.2007061907223292,0.9997403025627136,0.4596558928489683,0.42973239762442433,0.20072488784790027,0.9998307228088379,0.46409740703446506,0.4185927535806382,0.1897714695760181,0.9998752474784851,0.46481913328170754,0.4163175344467161,0.1895378283091953,0.9998865723609924,0.46568142686571373,0.41400890180042793,0.18944232974733616,0.9999064207077026,0.461431243589946,0.43563513330050857,0.17320787736347734,0.9999065399169922,0.4698562596525463,0.41309772304126174,0.12020744425909854,0.9997662305831909,0.4678036093711851,0.4325100541114805,0.19726874360016405,0.9997629523277283,0.47089840173721287,0.4246476982321056,0.18094195468085145,0.9996722340583801,0.47438719783510463,0.490798154899052,0.18873214338506963,0.9999144077301025,0.4984490224293298,0.41352442162377473,0.03236696712140524,0.9999014139175415,0.5016371216092789,0.5100638083049227,0.292527800798416,0.32607796788215637,0.5070673295429772,0.3397313143525803,0.014124729510928899,0.9724544882774353,0.5213242752211432,0.4762099112783157,0.43081574184553945,0.4892057776451111,0.5085455536842344,0.26751648187637317,0.08261523935943839,0.9615129828453064,0.5252932872091018,0.4653145577226364,0.4660812309810091,0.5082044005393982,0.5149492331913537,0.24898709314210063,0.0792947388653244,0.940724790096283,0.5257746679442268,0.4614408126899172,0.45131583809852577,0.5128939747810364,0.5141827549253188,0.24651395082473743,0.09984442188870157,0.9295886158943176,0.5243581022535049,0.4664135456085203,0.42892678550311475,0.494096577167511,0.5124588727951047,0.25268568609442016,0.0910076885883297,0.8833548426628113,0.5177358252661566,0.5972819515636986,0.052317930970873124,0.9999477863311768,0.5428529296602519,0.5819695557866775,-0.052453064812081174,0.9999162554740906,0.5279260192598614,0.6996547358376636,0.08586434423923488,0.6087090969085693,0.5658638153757365,0.6871216263089859,-0.0606077432632446,0.9372713565826416,0.5423103741237093,0.8029470631054466,0.060143784433603256,0.7710277438163757,0.5888837592942371,0.7948324765477858,-0.08587439379521775,0.9472355246543884,0.5410748890468049,0.8207952209881371,0.05797992114509852,0.8281996250152588,0.5827022671699521,0.8177780491965154,-0.08806948512792584,0.8954489827156067,0.5619850822857445,0.830178194386618,0.0241651485541037,0.7845360040664673,0.6059654031481059,0.8139914410454883,-0.1307797853435788,0.9114252328872681
145,0.4663800750459941,0.4226294789995464,0.1975322595664432,0.9998177289962769,0.46192207932472207,0.42286581737654527,0.1942123387541089,0.9998037219047546,0.4607825313295635,0.42504821504865353,0.1940733232668467,0.9997522234916687,0.45958658116204376,0.4273041640009197,0.19409427259649542,0.9998389482498169,0.46425503066607865,0.41616369911602547,0.18296309539249955,0.9998790621757507,0.46496624605996245,0.4139483392238615,0.18273696431091846,0.9998905062675476,0.4657878552164348,0.41169340269906163,0.1826466283627918,0.999910295009613,0.46108546001570544,0.43373462472643154,0.16593390575477046,0.9999098777770996,0.47003998500960187,0.41107022421700595,0.11225706040859217,0.9997774362564087,0.46752456852367924,0.4303314251559119,0.19084852252687717,0.9997556209564209,0.4706640771457125,0.42261701141084923,0.17432335444859087,0.999667227268219,0.4735178164073397,0.4910515759672435,0.1804049095937183,0.999905526638031,0.4982906877994535,0.41266210590090047,0.02515328712761401,0.9999064207077026,0.5016906704221451,0.5125116484505787,0.2783870407513208,0.3093540072441101,0.506908753940037,0.3389841531004223,0.00894905625443373,0.9738840460777283,0.5210765974862233,0.47716764126505146,0.4087300828524996,0.44685468077659607,0.5119063087872094,0.26800255349704183,0.0804463371634483,0.9607838988304138,0.5254193101610454,0.4649575931685309,0.4420645245483942,0.4652986228466034,0.5188075695719035,0.25293385769639687,0.07683029174804684,0.9392139911651611,0.5259657893862041,0.4610590398311613,0.4274366259574888,0.4695472717285156,0.5187981367111204,0.2508319309779575,0.0971134028264454,0.9275607466697693,0.5244141476494923,0.4662368587085176,0.4066413879394529,0.45219454169273376,0.5169316666466847,0.2558368618999208,0.08879291553582461,0.8808066248893738,0.5177276730537412,0.5961862189429143,0.05223017867122375,0.9999517202377319,0.5430955920900615,0.5798954827444891,-0.052362953232867354,0.9999239444732666,0.5276126742362974,0.6978059990065435,0.10010743417910162,0.6396968960762024,0.5674198372023443,0.6856101802417207,-0.05862467044166154,0.942818820476532,0.5417097210884092,0.8014544572149,0.08900321424007412,0.7886711359024048,0.5911367382322037,0.7922427858625136,-0.07221544235944745,0.9517317414283752,0.5408891303198675,0.8184555530548091,0.08856617648686677,0.8431475758552551,0.585777880464281,0.8149635808808459,-0.0736845772181238,0.9048408269882202,0.5598689488002229,0.8300218224525449,0.06068236766649142,0.7950202226638794,0.6085492100034439,0.8109953761100765,-0.11423113899571549,0.9156110286712646
146,0.46619639652115935,0.4212930713381084,0.18827307096549434,0.9998248815536499,0.4617879084178378,0.42108317017555214,0.1850175806454249,0.9998132586479187,0.460564634629658,0.423261534316199,0.18488592888627725,0.9997637867927551,0.45926333154950805,0.4255233841282979,0.1849071787936346,0.9998468160629272,0.46431467533111553,0.41434482165745307,0.1733953097036906,0.999883770942688,0.4650592684745787,0.4121444182736531,0.17317784215722756,0.9998952150344849,0.4659023310456955,0.409926801068442,0.17309307328292292,0.9999147057533264,0.46027896744864305,0.43223560878208683,0.15767965189048216,0.9999122619628906,0.47014397382736184,0.4096172954354965,0.10245944261550897,0.9997884631156921,0.46699430516787915,0.42920757957867195,0.18185139511312748,0.9997509121894836,0.4701966745512824,0.421462479659489,0.16489365824631275,0.9996670484542847,0.4726058508668625,0.49116822225706896,0.17162537276744833,0.9998981952667236,0.49747738838195776,0.4130109999861034,0.015957759134471408,0.9999113082885742,0.501116473334176,0.5128696135112215,0.2634191576923642,0.3020446300506592,0.506736189978463,0.34266550540924057,-0.005966863541730809,0.9756597876548767,0.5209990705762588,0.4782898179122378,0.3815632896763936,0.4136892557144165,0.516375570637839,0.2740582994052341,0.05637563594749993,0.9619538187980652,0.5253750698907032,0.4653430504458289,0.4121492811611719,0.43173784017562866,0.5232884934970308,0.2613509850842611,0.050882492001567546,0.940405547618866,0.5260067241532459,0.46104093279157343,0.39704921671322396,0.43576937913894653,0.5234163624899726,0.259548230256353,0.07013052308133666,0.928891658782959,0.5243829880441935,0.4666516499859944,0.3788787935461315,0.4194735586643219,0.5213422656059263,0.2638144263199396,0.0641561051564557,0.8828268051147461,0.5179206814084731,0.5950388567788257,0.05179090691464286,0.9999551177024841,0.5433322225298197,0.5775921446936468,-0.05192113295197484,0.9999308586120605,0.5272540024348665,0.6961867468697681,0.10313067202057152,0.6671171188354492,0.569029172829219,0.6833490576062881,-0.05836922749876974,0.947760820388794,0.5404105595179964,0.8003281763621735,0.10655811120356828,0.8040202856063843,0.5938032371657233,0.7901031885828287,-0.07263791028942376,0.9557519555091858,0.5403183272906709,0.8162931186812261,0.10553714845861703,0.8564742207527161,0.588914254733494,0.8126655902181349,-0.07426513369594298,0.9132230281829834,0.5565649526459828,0.8298233457974021,0.08246493940906861,0.8028609752655029,0.6124923041888642,0.8087182794298441,-0.11342317759990686,0.9191371202468872
147,0.4658184494291031,0.4213630446365899,0.18501840489251264,0.9998331665992737,0.4615443519183565,0.4205689626080647,0.1812663555145263,0.9998230934143066,0.4602041661739347,0.4227363288402556,0.18114669195243283,0.9997759461402893,0.45878914594650244,0.42494876725333053,0.1811675284590039,0.9998547434806824,0.4643886949334824,0.4137211092880792,0.16976077812058576,0.9998891949653625,0.46514421275683787,0.4114826185362678,0.1695555899824414,0.9999005198478699,0.46596792084830124,0.4092876579080307,0.16947860164301728,0.9999193549156189,0.45939494967460615,0.4314117159162247,0.15254523328372405,0.9999146461486816,0.47011694141796634,0.4092469215393064,0.09788934758731291,0.9997999668121338,0.4662694096565244,0.4296128826481953,0.17800991705485744,0.999749481678009,0.46959879313196434,0.42174179298537096,0.16124226919242307,0.9996717572212219,0.47148143053054786,0.4914026141166685,0.16465258598327628,0.9998931884765625,0.4961093323571339,0.41398955839020846,0.009618125270519931,0.9999162554740906,0.5004324895995002,0.512653679507119,0.24322782158851614,0.2994222939014435,0.506606648649488,0.34741678493363504,-0.019800207710691853,0.9773167967796326,0.5210152302469524,0.47902954220771765,0.33668544718197396,0.390513151884079,0.5199713604790821,0.2821732504027229,0.03240884212510924,0.9632008671760559,0.5254755394799366,0.4659406874861034,0.36269387943404047,0.40815499424934387,0.5271662150110514,0.27128788658550795,0.02477200659258023,0.9415024518966675,0.5260332737650187,0.4613911875656671,0.34797778129577617,0.4120885729789734,0.5272796256201605,0.2694112019879476,0.0427432739308902,0.9301108121871948,0.5242816158703393,0.46729540399142655,0.3334426649979181,0.3964149057865143,0.5249604054859704,0.2734569634710038,0.0394776112266949,0.8843817710876465,0.5181130119732446,0.5937725680215016,0.05139685507331573,0.9999580979347229,0.5435245513916014,0.575191920144217,-0.05152059718966481,0.9999370574951172,0.526793905666896,0.694429346493312,0.1019131224070276,0.6920709609985352,0.5707077605383735,0.6808821661131719,-0.0636435983436448,0.9521862864494324,0.5389626485960821,0.7997561029025483,0.10953282394579475,0.8175588846206665,0.5961414626666475,0.7884411505290436,-0.0842831718070166,0.9592514038085938,0.5394867982183181,0.815521613189152,0.10800072423049378,0.8682681918144226,0.5919757229941229,0.8108113050460811,-0.0867106722933905,0.9205068349838257,0.5527007460594174,0.8281737072127202,0.07887318570699006,0.8082728385925293,0.61609844650541,0.8070579273360112,-0.12834609534059246,0.9213922619819641
148,0.46539282032421636,0.4218632297856465,0.1960999867745807,0.9998423457145691,0.46124510850225153,0.4207268450941356,0.19236633053847713,0.9998332858085632,0.4598598914487019,0.4228074065276553,0.19225888124534052,0.9997884035110474,0.45840209892817885,0.4249120022569382,0.19228396543434678,0.9998630285263062,0.4643358579703738,0.41413243923868437,0.18130542763641894,0.9998951554298401,0.46513564586639383,0.4119835879121506,0.18110962595258429,0.9999061822891235,0.46599161114011467,0.4099045974867682,0.18104202662195468,0.9999242424964905,0.458796099254063,0.4310786255768365,0.1625939658709934,0.9999172687530518,0.4701375867639267,0.41004421966416477,0.11009457324232368,0.9998119473457336,0.46574687361717204,0.43005293267113803,0.1885653785296848,0.9997531771659851,0.4691744966166358,0.42245893563543024,0.17242305619376036,0.9996805191040039,0.47070807303701107,0.49164042728287805,0.17096642681530536,0.9998911023139954,0.49446006672722925,0.41567842194012217,0.018469436227210922,0.9999210834503174,0.5002537386757985,0.5117843287331716,0.22777319635663704,0.2937071919441223,0.5069420916693548,0.3490727118083407,-0.0014116769390446794,0.9785612225532532,0.521207022666931,0.47992746233940103,0.28906566500663744,0.3754217326641083,0.522485680239541,0.2890967411654335,0.06605357878974502,0.9632160067558289,0.5257600307464597,0.46753448843955975,0.31018753562654755,0.3933536410331726,0.5297815271786278,0.27958268948963694,0.06068386510014531,0.9401105642318726,0.5261546986443654,0.46258569189480353,0.29719867025102875,0.3971397578716278,0.5296830517905097,0.279060547692435,0.07723525943500652,0.9282850623130798,0.5243152465139114,0.4685225265366688,0.2856906465121677,0.38123902678489685,0.5271543400628224,0.28326163802828097,0.07305145998086245,0.8807790875434875,0.5182739019393918,0.5924032926559446,0.050695891784770124,0.9999611377716064,0.5436053548540385,0.5731339454650876,-0.0508187695273331,0.9999428391456604,0.5263414263725278,0.6930603981018063,0.09441408344677511,0.7132883071899414,0.572334950310843,0.6791866472789216,-0.07021377970065386,0.9561794400215149,0.5378357223102022,0.8001541750771655,0.09116913548537658,0.8295115232467651,0.5978043181555609,0.7872889689036775,-0.10416993520089554,0.9622330069541931,0.5383941599300928,0.8161417160715372,0.08880419092518939,0.8788685202598572,0.5938284363065445,0.8091529267174853,-0.10806990563869472,0.9267323613166809,0.5499151706695554,0.8266609787940975,0.057866356096097374,0.8112937808036804,0.6179091078894476,0.805663190569196,-0.15295646701540258,0.9220351576805115
149,0.4650399565696714,0.42206360016550315,0.21652796183313633,0.9998493194580078,0.46091914176940896,0.4212131883416855,0.21426734243120457,0.9998410940170288,0.4595109028475623,0.4232599624565668,0.21417031756469174,0.9997981786727905,0.45804077131407583,0.4253150701522825,0.21419576917375827,0.9998693466186523,0.4642242184707095,0.4148655516760688,0.20327923638480042,0.9998998045921326,0.4650836680616649,0.4128355596746715,0.20309305020741045,0.9999105334281921,0.4659991077014376,0.4108654516083851,0.2030350489275795,0.9999279379844666,0.4583112801824295,0.43138241767883284,0.18711643474442607,0.9999184012413025,0.47018212676048254,0.4111719199589319,0.13504821785858692,0.9998223185539246,0.46535876733916126,0.4303139788763861,0.20950725121157499,0.9997532367706299,0.4689991022859299,0.4228314203875404,0.19350811072758256,0.9996845722198486,0.47013952646936663,0.49439159035682656,0.18936003787176942,0.9998873472213745,0.49317184601511255,0.41718138456344583,0.03680090627499987,0.9999258518218994,0.4997921458312441,0.5210254941667827,0.2275188365152903,0.2899033725261688,0.5071351936885287,0.35584963304655876,0.010527763941458285,0.9799617528915405,0.5219257133347646,0.48277250698634533,0.2699484114136014,0.3683226704597473,0.52539119209562,0.30444927641323616,0.0698225205498082,0.9647844433784485,0.5263610294886996,0.4695472708770205,0.28769276078258227,0.3892408311367035,0.5327783209936957,0.29657403400966087,0.06326870481882772,0.9417487382888794,0.5268111927168707,0.4649893249784195,0.27589127059493734,0.3933725357055664,0.532854730742318,0.29734628030232,0.07921570603336603,0.9302162528038025,0.524961733818054,0.47099089196750077,0.2665083193353243,0.37660813331604004,0.5304144723074775,0.3017966619559695,0.07646361823592862,0.8833612203598022,0.5183815019471303,0.5907540661948065,0.05018280978713714,0.9999639987945557,0.5436571904591149,0.5706428953579492,-0.05031424718243733,0.9999481439590454,0.5260227765355789,0.6930094906261985,0.08870190594877511,0.7348008751869202,0.5740524990218023,0.676697252477918,-0.08173268181937077,0.960142195224762,0.536420633111681,0.8009972061429702,0.07385707604033603,0.841789960861206,0.6000141978263852,0.7848903451647073,-0.1233989434582846,0.9653486013412476,0.5372599022729054,0.817454123497009,0.07150862663984296,0.8892305493354797,0.5959043758256093,0.8059493354388642,-0.12788579123360763,0.9329793453216553,0.5468871678624831,0.825459950310843,0.0432465674621718,0.8175176978111267,0.6203903658049444,0.8038891604968476,-0.17366875324930456,0.9246549010276794
150,0.46458122985703587,0.42249240279197675,0.2383038043975829,0.9998540282249451,0.46039547494479566,0.42165579199790937,0.23657172279698496,0.9998447299003601,0.45895929506846816,0.4236712217330931,0.23648854068347375,0.9998019933700562,0.4574934210096085,0.4256971946784426,0.23651750215462267,0.9998713731765747,0.4639852660042897,0.41537062014852233,0.22675408465521665,0.9999030232429504,0.4649550327232903,0.41333636726651857,0.226583427616528,0.9999138116836548,0.46599565403802035,0.4113854246480122,0.22653628289699546,0.9999309182167053,0.45759942701884654,0.43182381561824235,0.2099274341549191,0.9999147653579712,0.4702257624694277,0.4119859712464467,0.1615902283361979,0.9998297691345215,0.4648532339504785,0.4311477771827151,0.2305123363222394,0.9997449517250061,0.4687752059527803,0.42364055684634594,0.21620475309235698,0.9996832609176636,0.4688157490321566,0.4992779416697364,0.20168349657739904,0.9998844265937805,0.4924018459660664,0.41787460957254663,0.06290298987712176,0.9999312162399292,0.49834481562886895,0.5403332471847532,0.20471848164285922,0.28233247995376587,0.5085079874311172,0.3647232166358401,0.05019159013671532,0.9810793399810791,0.5214353680610655,0.500395105566297,0.21155841435704903,0.36295637488365173,0.5299276283809115,0.32922623498099174,0.12777184567281175,0.9670028686523438,0.5263659596443173,0.49247513754027206,0.2221518095050538,0.3899649977684021,0.5370720573834008,0.32333210195813844,0.12440868424517763,0.9451758861541748,0.5259737951414923,0.48374208893094717,0.2125864607947212,0.3952881097793579,0.5371370417731146,0.3254682489803858,0.13813536081995278,0.9343922734260559,0.524378100463322,0.48871888007436454,0.20803404322692315,0.37712350487709045,0.5349216767719811,0.32970176935195905,0.13408513164946007,0.8894683122634888,0.518557092121669,0.5893629533903937,0.0443086545382227,0.9999657273292542,0.5435999734061102,0.5676317146846224,-0.04445735535451342,0.9999526739120483,0.5256510410990032,0.6936699066843302,0.08195767956120623,0.7506385445594788,0.5758389098303656,0.6731226035526818,-0.08903870667730054,0.9636108875274658,0.5343079532895767,0.8007614271981371,0.06329043039253776,0.8491806983947754,0.6029117124421253,0.7818993517330711,-0.13322039629731855,0.9677323698997498,0.5357908010482786,0.8176308257239202,0.06166101289646962,0.8976593017578125,0.5988657321248733,0.8020469410078862,-0.13792662684406548,0.9382392764091492,0.5426792008536201,0.8241989118712285,0.03699842084731372,0.8140814900398254,0.6242158821650912,0.8023631027766632,-0.1831285174403871,0.923602819442749
151,0.46424133266721435,0.4241483526570454,0.23491295448371333,0.99970942735672,0.45997936470167955,0.422454581090382,0.2341543814965656,0.9996917247772217,0.45853681649480527,0.42442445499556386,0.23405361558709814,0.999609112739563,0.4571501314640043,0.42638420207159844,0.23408735479627327,0.9997243881225586,0.46364593846457325,0.4162228524684904,0.22398406948362068,0.9998215436935425,0.4647054255008695,0.41403525897434756,0.223811826961381,0.9998477697372437,0.46585130436079825,0.41197301149368265,0.22376838667052124,0.9998882412910461,0.4570850942816051,0.4326952312673839,0.2045423196894781,0.9997310638427734,0.4701761671475,0.41272537878581433,0.16454063143048958,0.99977046251297,0.4645996928215025,0.4332227664334431,0.2285310319491794,0.9993956685066223,0.46858652659824895,0.4259634877954208,0.2137887588569095,0.9994136691093445,0.46656255040849937,0.5040451279708316,0.18466216921806328,0.9998318552970886,0.49204867397035845,0.41915587782859787,0.06908188951866964,0.9999328851699829,0.4954356721469332,0.5591580901827129,0.17557488211563646,0.2609400749206543,0.5101153629166737,0.37521476575306467,0.0632621529379061,0.9806272387504578,0.5150366595813204,0.5207083659512654,0.17408712463719495,0.3303413391113281,0.5339521442140849,0.353291835103716,0.11959420804466514,0.9669619798660278,0.5195514559745786,0.5158341986792425,0.18143490233591617,0.3575572371482849,0.5410982847213742,0.34990097454615987,0.11503557264804834,0.9437157511711121,0.5192243967737468,0.5055139958858488,0.17273156195878975,0.3624260127544403,0.5413691622870307,0.35316538129534025,0.1260445369141442,0.9330899715423584,0.5179787993431089,0.5092491354261124,0.17068202729736048,0.3450813591480255,0.5394765751702443,0.3567185393401553,0.12473348996468947,0.8864623308181763,0.5189463768686564,0.5890571560178481,0.038427530441965355,0.9999668002128601,0.5436631049428664,0.5660844274929588,-0.03858044722250528,0.9999567866325378,0.5250101634434289,0.6944122212273731,0.08648178598710465,0.757061779499054,0.5774328385080607,0.669791964122227,-0.08858486797128401,0.9664581418037415,0.5320585778781344,0.8002582447869434,0.08012703699725011,0.852725088596344,0.6054826157433644,0.7793540205274306,-0.12344999590090337,0.9692548513412476,0.5340144855635505,0.81745182786669,0.08002960213593072,0.9036086797714233,0.6016131281852719,0.7985956430435177,-0.12667246311902994,0.9421861171722412,0.5386375444275989,0.8224686997277392,0.05918822735548016,0.7923853993415833,0.6277102742876323,0.801467452730451,-0.16705455780029288,0.9139020442962646
152,0.46369189023971535,0.4277698917048316,0.22033041502748207,0.9994982481002808,0.45944217358316675,0.4248646301882606,0.21870874762535086,0.9994261860847473,0.45803058062280905,0.42680479798998133,0.2185986944607325,0.9992789626121521,0.45674147605895976,0.4286842601639882,0.218631984080587,0.9994507431983948,0.46298345071928815,0.4186157933303286,0.20852710008621206,0.9997051358222961,0.46408106514385744,0.4162062210696082,0.2083540554557527,0.9997692704200745,0.4652709152017319,0.4139220859323227,0.20830561901841835,0.9998354911804199,0.4566095973764145,0.4351526711668285,0.18570716338498244,0.9994369149208069,0.46968149713107493,0.4141896017960138,0.1502693159239632,0.9996879696846008,0.46424286620957494,0.43666574188641116,0.21421280758721478,0.9988776445388794,0.46806989993367853,0.42989553468567965,0.19945098757743826,0.9990989565849304,0.464474855150495,0.5070614005838119,0.16099340106759746,0.999774694442749,0.49167203732899234,0.4216942369937895,0.060538726300001115,0.9999358057975769,0.49195957609585333,0.5683462415422709,0.15057959045682626,0.24287359416484833,0.5135883535657608,0.38425134250095894,0.05704705832259993,0.9805439710617065,0.507231441565922,0.5354868914399826,0.14264672611440923,0.2987568974494934,0.5390054600579396,0.37599839993885564,0.09891384744218412,0.9682009220123291,0.5111973983900885,0.5308577137334003,0.1483053871563502,0.3245975077152252,0.5457238861492699,0.37677482877458823,0.09353509406958303,0.9455602169036865,0.511403463568006,0.5218104984079086,0.13994865970952164,0.32907941937446594,0.5457941140447341,0.38118895718029544,0.10118239128163878,0.9356797933578491,0.5101762396948676,0.524417972564697,0.13930369487830563,0.31316059827804565,0.5440700292587277,0.3830278677599769,0.10277078258139742,0.8895061612129211,0.5194836105619156,0.5896741236959182,0.03391229712537355,0.9999669194221497,0.543736546380179,0.5656266519001549,-0.03406580191637787,0.9999603629112244,0.5240869045257566,0.6949120385306219,0.09359967155115942,0.7609862685203552,0.5793527603149411,0.6666421038763861,-0.08373642648969373,0.9687639474868774,0.5301087600844245,0.8003087009702406,0.0958140348749501,0.8585177659988403,0.6080076541219437,0.7767948968069891,-0.11053739232676364,0.9708610773086548,0.5323879105704168,0.8168968217713488,0.09632287089313776,0.909366250038147,0.603782704898289,0.794856226444244,-0.11206196823290411,0.9460392594337463,0.5349305203982759,0.8219547356878003,0.07905244327017236,0.7785558104515076,0.6311149716377256,0.8011752690587721,-0.14664023688861294,0.9093683362007141
153,0.4632345727511813,0.430979697193418,0.21777044364384235,0.9991233944892883,0.45904888510704017,0.4277664618832723,0.2156572639942168,0.998988151550293,0.4576739157949173,0.4296943323952809,0.21555364472525448,0.9987169504165649,0.4564248008387427,0.4315227951322281,0.21557154144559576,0.9990155696868896,0.4624029159545896,0.4216094613075254,0.20547480370317175,0.9995006918907166,0.46347333022526316,0.41911064216068794,0.20530631371906816,0.999613344669342,0.46462615728378276,0.41666347725050773,0.20525000052792675,0.9997369647026062,0.45625650456973466,0.43803553325789296,0.1834310340029852,0.9989709258079529,0.4689561511789047,0.41631944094385404,0.14511435202189849,0.9995222687721252,0.463919732400349,0.43932557616915,0.211292432461466,0.9981850981712341,0.46753540294510954,0.4327960491180418,0.19651089268071303,0.9985997080802917,0.4631884838853561,0.5089916195188248,0.15612696111202232,0.9997424483299255,0.491278233698436,0.4254456724439346,0.060496720033032525,0.9999382495880127,0.48828760726111253,0.5732994794845578,0.15973327968801765,0.22681614756584167,0.517245086601802,0.3958220405238013,0.043554793723991916,0.9773752689361572,0.5023964064461841,0.540705095018659,0.18101045020989,0.2722156345844269,0.5432133589472087,0.40150905847549423,0.06636249721050258,0.9672287702560425,0.5063855307442799,0.5320442046437942,0.1887520017368452,0.29762083292007446,0.5492821744510104,0.4053763602461131,0.05907306756292066,0.9433503150939941,0.5078546983855109,0.5273382203919544,0.180718414059707,0.30183300375938416,0.5490826266152515,0.409621431146349,0.06547661083085192,0.9337144494056702,0.5060612423079353,0.5293627313205171,0.1784959450364112,0.2866857647895813,0.5474669388362337,0.4098988447870525,0.06932145910603654,0.8845217227935791,0.5198259506906779,0.5900470290865214,0.031232353140200873,0.9999654293060303,0.5438216890607559,0.5637277262551441,-0.03138707945389405,0.999963104724884,0.5231757453509737,0.6961019941738671,0.09188571700028006,0.7564244270324707,0.5814366766384667,0.6622320737157545,-0.07887701519898002,0.9695199728012085,0.5283609032630918,0.8013434120586936,0.09313826518399371,0.8535475730895996,0.6111078313418794,0.7721194948468886,-0.10365351310798096,0.9697690010070801,0.5313356672014506,0.816887065342494,0.09277851209044452,0.9108148217201233,0.6058164170810152,0.788634393896375,-0.10407122692891525,0.9470195174217224,0.5298437322889052,0.8228874989918296,0.07537288021828445,0.7420147061347961,0.6351490208080834,0.8007362995828897,-0.1347378973449979,0.8859670162200928
154,0.4626540294715334,0.4336168536118097,0.2290794325726372,0.9991152286529541,0.4586995218481334,0.43055619512285487,0.22447386469159797,0.9989809989929199,0.4573643190520148,0.43236212049211753,0.22439264569963718,0.9987196326255798,0.4560940980911253,0.4341580723013195,0.22439567106110697,0.999005913734436,0.4619359212262288,0.4247577956744601,0.21620861547333842,0.9995025396347046,0.46298078724316166,0.4223272068159919,0.21604950640882756,0.9996172189712524,0.46408510804176306,0.4198827428477149,0.21598695644310534,0.9997382760047913,0.4558552469526016,0.4404473270688736,0.19039029351302547,0.9989834427833557,0.46816222071647623,0.41920421378953093,0.1501664962087358,0.9995327591896057,0.4634313847337448,0.44142936297825386,0.21917199747902993,0.9981769919395447,0.46683138864380946,0.4351718596049715,0.20700981446674882,0.9986062049865723,0.462484356335231,0.5100836004529679,0.16354122332164212,0.9997446537017822,0.49115218094417007,0.42805019872529143,0.07503319414598597,0.9999421238899231,0.4859113795416693,0.5766653350421358,0.1781286188534327,0.22338789701461792,0.5227997745786392,0.4047075961317333,0.07546714842319484,0.975960373878479,0.5027493817465644,0.545228656700679,0.22686117589473714,0.2511402666568756,0.5464055316788807,0.42226991994040336,0.13731718808412546,0.9680232405662537,0.5081067732402254,0.537032616138458,0.23821646741458335,0.276572585105896,0.5522679754665917,0.428033752952303,0.13723934601460178,0.9443928599357605,0.5098182371684481,0.5319992848805016,0.2305465702499661,0.2807902991771698,0.5514184849602833,0.43192566122327514,0.14202095876846987,0.9352951645851135,0.5076124327523366,0.5334885563169205,0.22525153117520458,0.26629406213760376,0.5494195665631973,0.43091471110071433,0.14041693061590188,0.886504054069519,0.5200335008757453,0.5900247556822638,0.025419683594788814,0.9999629855155945,0.5440900155476158,0.5617294873510086,-0.025578689521976866,0.9999651908874512,0.5226039699145724,0.697953881536211,0.07662896854536871,0.7713376879692078,0.582753251280103,0.6579297065734859,-0.07147666662931439,0.9711024761199951,0.5271072319575716,0.8026507207325523,0.061793641692825696,0.8572899103164673,0.6133194140025545,0.7675688845770696,-0.10299530455044333,0.9700323939323425,0.5310769626072472,0.8172939573015482,0.06028276974601402,0.9152523875236511,0.6077764953885757,0.7825193507330755,-0.10454700355018884,0.9495060443878174,0.5253120848110742,0.82419125182288,0.045010175374669135,0.7239187359809875,0.6378738420350208,0.8008156333650858,-0.13498503225190292,0.8720644116401672
155,0.4622171904359543,0.4358281987054005,0.2410119537796292,0.9991582632064819,0.45846445645604794,0.432798236608505,0.23603409230709063,0.9990381002426147,0.4571523436478204,0.4344131844384328,0.23594620185238965,0.9987985491752625,0.455851147004536,0.4361582270690371,0.23594546105180456,0.9990596175193787,0.4616628033774237,0.4275071978569029,0.2283234736749103,0.9995319843292236,0.4627232168401989,0.4252089849540164,0.2281554558447428,0.9996414184570312,0.4638317874499728,0.42283805097852417,0.22808926488671974,0.9997535347938538,0.4554607331752775,0.44243048684937597,0.1974958428314753,0.9990531802177429,0.46761454939842195,0.42222747291837404,0.16157164062772472,0.9995652437210083,0.46305960246494815,0.44347063217844257,0.22996535003185262,0.9982647895812988,0.4663423384938919,0.43771396790231953,0.2185871307338986,0.9986758828163147,0.4615281369004929,0.5103383541107175,0.1694462082215717,0.9997555613517761,0.49104457071849256,0.43077404754502413,0.09240495668990267,0.9999463558197021,0.48410400407654874,0.5778890354292731,0.21172193799700045,0.2307092696428299,0.5277206591197421,0.4121040889195031,0.11761951978717528,0.974388062953949,0.501922079495021,0.5478252717426841,0.30623368024826036,0.23441597819328308,0.5474300708089553,0.43532340782029266,0.20638332835265558,0.9686604142189026,0.5079165441649298,0.5398948584284099,0.32625560164451584,0.25938186049461365,0.5532435672623768,0.4422866003853932,0.21332791234765724,0.945431113243103,0.5103522624288284,0.535171580314636,0.3171138473919458,0.2636643052101135,0.5522139498165672,0.44641828111239823,0.2172646735395703,0.9369144439697266,0.5081523639815192,0.5361996156828741,0.30532708338328757,0.25007712841033936,0.5499832221439904,0.4449859380722044,0.20988488069602412,0.8890689015388489,0.5200815933091298,0.5902197735650196,0.02161358656095606,0.9999609589576721,0.544435700348445,0.5616452251161845,-0.021773986066026336,0.9999669194221497,0.5221958620207647,0.700033777100699,0.06111678236297195,0.7884801030158997,0.5832044277872355,0.6543446081025257,-0.0652529071484293,0.972929060459137,0.5263036864144459,0.803837156295776,0.02911889675472462,0.8626603484153748,0.6141671368053978,0.7622448784964422,-0.10782984452588212,0.9709611535072327,0.5309506603649682,0.8178239021982462,0.026335363702050262,0.9200578927993774,0.6094886115619111,0.7762391737529206,-0.11117513882262361,0.9525306820869446,0.5226733957018168,0.8252424171992707,0.01521965218375303,0.7139866948127747,0.638469360555921,0.7999322686876567,-0.13898925036191934,0.8656816482543945
156,0.4619252034596032,0.4390518827097754,0.24495356466088966,0.9992067813873291,0.45818674649511043,0.4356734922954012,0.23929489638124182,0.9991037249565125,0.45689569541386177,0.43720660209655743,0.23919749345098212,0.9988852739334106,0.45560539620263213,0.4389334636075154,0.23919711581298272,0.9991204142570496,0.46142843280519735,0.4306168164525711,0.23215587522302344,0.9995653629302979,0.4625429196017127,0.42839775936944124,0.23199145581041053,0.9996681213378906,0.4636907236916676,0.42611781869615806,0.2319280437060764,0.9997708797454834,0.45508782523018954,0.4456877452986579,0.20074061240468696,0.9991263747215271,0.46728817394801525,0.425637877838952,0.16427885081086832,0.9996002912521362,0.462857675552368,0.4469611678804668,0.23295287915638502,0.9983618855476379,0.4661356423582347,0.44167784707886815,0.2226090363093784,0.9987550973892212,0.4604154688971381,0.5115853905677793,0.16574505248240054,0.9997674226760864,0.49140150632177054,0.4346631109714506,0.09789437311036242,0.9999504685401917,0.482011613675526,0.5795360650335037,0.23455180270331236,0.2337285578250885,0.5323736003467012,0.42040253537041783,0.13091954439878456,0.9714773893356323,0.5007913640567232,0.5540202430316378,0.33841526636055524,0.21881893277168274,0.5487716317176816,0.4506939998694826,0.2257992740188325,0.9694820642471313,0.5071742875235419,0.5475862162453785,0.3632378974131174,0.2433122843503952,0.554984048434666,0.45800687841006665,0.23531294848237708,0.9469504356384277,0.509496872765677,0.5430146864482333,0.35207858724253505,0.24750730395317078,0.5532132353101455,0.4625392436981199,0.23769249149731217,0.939009964466095,0.5072584322520662,0.5434838942119051,0.33732054233551007,0.23500128090381622,0.5505194238253999,0.461581697634288,0.22884791578565314,0.8924872279167175,0.5199152469635007,0.5908235311508176,0.018629565795085252,0.999959409236908,0.5446002858025685,0.5628071103777201,-0.018792854123083604,0.9999685883522034,0.5218182717050822,0.7020713499614167,0.05808691222752841,0.8052889704704285,0.5839131167956759,0.6518682139260426,-0.05799107370632033,0.9746106266975403,0.5257916229111805,0.8057727762631004,0.01999734602868556,0.8671425580978394,0.614759518418993,0.7558944582939144,-0.1065229034849575,0.9716737270355225,0.5306989891188483,0.8195930889674592,0.01678555911140782,0.9246872663497925,0.6111474173409596,0.7696261269705632,-0.11073488805975228,0.9555386900901794,0.5215421880994522,0.8239139318466182,0.009701937528526675,0.7051430344581604,0.6379126157079421,0.7966443181037899,-0.1330412123884473,0.8598580956459045
157,0.461840646607535,0.4426547084535869,0.24697400544370912,0.9992318153381348,0.45793881842068246,0.4389403692313601,0.23627826443740288,0.9991447925567627,0.45664907097816443,0.4404969615595679,0.23616488192762636,0.9989480972290039,0.4553683459758756,0.44223798683711435,0.23614569774695796,0.9991615414619446,0.4612996339797972,0.4339926847389764,0.23261397438389902,0.9995841383934021,0.46247748562267826,0.4318952773298534,0.2324371938194546,0.9996845722198486,0.4636911136763434,0.4297450355121065,0.23236080024923586,0.9997798800468445,0.4547796743256703,0.4494885580880299,0.19243853986263265,0.9991835355758667,0.4672051872525894,0.42940125720841527,0.16226152266774851,0.9996216893196106,0.4628057275499614,0.45086797646113785,0.22925987243652335,0.9984199404716492,0.46620332513536705,0.4459015165056499,0.22226957423346372,0.9987954497337341,0.45921226654733904,0.5134518674441744,0.1481766875301088,0.9997843503952026,0.4926173337868279,0.4407177090644834,0.10038833660738804,0.999954104423523,0.4793945602008272,0.582095180238996,0.224725266439574,0.2636245787143707,0.5358608262879505,0.434096130302974,0.1263849877885409,0.9663518667221069,0.4999055138656069,0.5656813757760182,0.32999729684420975,0.21880383789539337,0.5500414507729663,0.4720030077866143,0.20336739931787753,0.969375491142273,0.5063320211001803,0.5617905463491164,0.35418903487069253,0.24169816076755524,0.556837269238063,0.4808076832975658,0.21143188774585714,0.947340190410614,0.5079044716698781,0.5569931132452826,0.34314358319554994,0.24632984399795532,0.5540678518159046,0.48492352621895907,0.21279777203287387,0.9399667382240295,0.5055220518793376,0.5566190634454997,0.3291255218642097,0.23365187644958496,0.5508340852601185,0.4838395868028911,0.20563059108597884,0.8942924737930298,0.5193693535668507,0.5914770432880944,0.012046025779896542,0.9999567270278931,0.5445425391197203,0.5628969243594576,-0.012224148047555766,0.9999690055847168,0.5213727780750816,0.7050804904529023,0.042587079639945694,0.8203274607658386,0.5848333375794544,0.6492249454770767,-0.04979621991515157,0.9755135774612427,0.5253001008714946,0.8095007913453234,-0.0069196141724075545,0.8715585470199585,0.6159981421061922,0.7459101217133655,-0.10178162561995638,0.9713848233222961,0.530581770624433,0.8232247982706339,-0.011401107401720111,0.9291694164276123,0.612621166024889,0.7592857565198623,-0.10650722980499262,0.9579160213470459,0.5194413730076379,0.8304191282817291,-0.01825405766721814,0.6972314715385437,0.637790673119681,0.7904440658433094,-0.12505269497632976,0.8509067893028259
158,0.4615235958780559,0.44718756675720195,0.2387316891125269,0.9992899298667908,0.457576388972146,0.4430149078369139,0.22436115614005486,0.9992142915725708,0.45627943362508483,0.44457934754235384,0.22423859366348803,0.9990370273590088,0.4549786354814255,0.44635939853531953,0.2242047016109738,0.9992294311523438,0.4610599228313989,0.43830955028533913,0.2238116851874759,0.9996182322502136,0.46228837456021965,0.43642113208770733,0.22362959342343455,0.9997109770774841,0.46357062799589954,0.4344647041388918,0.22355163863727012,0.9997974634170532,0.45439908845084037,0.4536009873662674,0.1739530214241572,0.9992537498474121,0.4670620432921816,0.4340898164681024,0.1558488965034484,0.9996520280838013,0.4624369135924746,0.45559815083231225,0.21718417363507397,0.9985401630401611,0.4659827411174772,0.4510046967438287,0.21367857881954727,0.9988869428634644,0.4582980564662386,0.5160985146250041,0.12573735777820855,0.9998032450675964,0.4941807840551647,0.4474346016134533,0.10354145509856083,0.9999580383300781,0.47686715126037577,0.5846928375107898,0.19638963895184644,0.2995698153972626,0.5385648233549933,0.44999804496765117,0.1229397765227726,0.9607108235359192,0.4994581137384685,0.5777894462857924,0.3026971050671167,0.23030173778533936,0.5510865109307422,0.4939850066389354,0.17771722759519298,0.9706851243972778,0.506120579583304,0.5764579125813073,0.32496334910392743,0.2507505714893341,0.5587043489728653,0.5042412493910107,0.18477366992405475,0.9501374959945679,0.5063985926764349,0.570726702894483,0.3148591820682797,0.2561297118663788,0.5550255843571252,0.5084113461630683,0.1831740200519561,0.9434128999710083,0.5041278583662848,0.5698393072400771,0.30244422129222315,0.2424166351556778,0.5513769473348342,0.5067931473255155,0.17841178902557908,0.9002419114112854,0.5189333847590853,0.5917888249669754,0.0028884147559957826,0.9999545216560364,0.5442664435931612,0.5626818197114124,-0.003094967514542595,0.9999694228172302,0.5209084391593931,0.7079437528337749,0.01717161034633006,0.8360729813575745,0.5852297016552513,0.6458640558379034,-0.04489178423370632,0.9761836528778076,0.5248073714120045,0.8139509286199293,-0.046725971411381434,0.8791516423225403,0.6170589498111176,0.7340075850486752,-0.10052172946078432,0.9715111255645752,0.5305375882557457,0.8282836335045947,-0.05290735507650032,0.9344039559364319,0.6137377466474259,0.7464301892689292,-0.10582186728715891,0.9604413509368896,0.5174786482538494,0.8428907769066942,-0.06227427591469934,0.7052215933799744,0.637737827641623,0.7807578870228354,-0.12106801910059786,0.8489512205123901
159,0.46106916751180355,0.45142962762287664,0.23874667584896075,0.9993377327919006,0.4572060576507021,0.4471603878906793,0.2255531051329203,0.9992724061012268,0.4558918161051612,0.4486813460077556,0.22543464856488352,0.9991125464439392,0.45455727066312496,0.4504346856049127,0.22540252166134958,0.9992870092391968,0.46078469582966375,0.4425650732857838,0.22627491312367565,0.9996464848518372,0.462053414753505,0.44075829216412116,0.22610839435032426,0.9997327923774719,0.46338656800133815,0.4389028864247456,0.22605243282658702,0.9998117089271545,0.4539994921003067,0.45692354185240586,0.17014383503368916,0.9993129372596741,0.4667697753225052,0.4385410938944133,0.16614400787012912,0.9996757507324219,0.46187786034175304,0.45978240115301927,0.2177941241434641,0.9986428618431091,0.4655742824077604,0.45546030742781485,0.21636405416897356,0.9989629983901978,0.45767162612506296,0.5183539101055687,0.12342481591871801,0.9998206496238708,0.49540057182311986,0.45271824342863876,0.11846826140369682,0.9999613761901855,0.4744799409593852,0.5857044390269686,0.1694881205047879,0.34843331575393677,0.5396464381899151,0.46200696996280105,0.13209062495401921,0.952987790107727,0.4983872694628577,0.5862911684172492,0.25967937878199976,0.26346397399902344,0.5514478002275737,0.5088220093931468,0.17799177318811407,0.9716284275054932,0.5055283955165315,0.5883108036858692,0.277298188635281,0.2784624695777893,0.5591953703335351,0.5206939756870268,0.18466022866112836,0.9522624015808105,0.5050601243972777,0.5819028990609303,0.2694180641855511,0.28411442041397095,0.5554704802376881,0.5246291373457225,0.18428111544677184,0.9460890889167786,0.5032061185155594,0.5802556174142017,0.2599732386214392,0.26804620027542114,0.5518136705671035,0.5221773573330468,0.17860359102487555,0.9052410125732422,0.5186900905200411,0.5916236843381606,-0.0021861945611557783,0.9999539256095886,0.5437870587621414,0.5625066518783567,0.001954109148521508,0.9999701380729675,0.5201890110969541,0.7097867233412603,0.0007669724524021135,0.851202666759491,0.5850105132375443,0.642034588541303,-0.046795285812446026,0.9774162173271179,0.5244654229709078,0.818325875486646,-0.07072468554334979,0.887994110584259,0.617500179154532,0.7228306412696834,-0.110979850590229,0.9724976420402527,0.530594878537314,0.8330701862062723,-0.07786332935627015,0.9396379590034485,0.614354336261749,0.7338355609348839,-0.11748080615486411,0.9631485342979431,0.5162352323532102,0.853999076570783,-0.0922175034581284,0.719508945941925,0.6379073108945572,0.7714660014425001,-0.13615212504352836,0.8525845408439636
160,0.4608509838581083,0.45427348528589495,0.22884061889989024,0.9993962645530701,0.45705145682607357,0.4503310160977498,0.2202027874333517,0.9993388056755066,0.45572072267532326,0.45184400933129426,0.22009578134332375,0.9991944432258606,0.4543841830321719,0.4535158021109443,0.2200768300465174,0.9993520975112915,0.4606876901217867,0.4455794428076061,0.21962873680250977,0.9996785521507263,0.4619836475167954,0.44367583138602096,0.21950057915278834,0.9997570514678955,0.46331855569566976,0.4418722927570341,0.2194806090423038,0.9998283982276917,0.45387243373053393,0.45949649810790993,0.16975421586206974,0.9993759989738464,0.46656068478311796,0.44209446140698,0.16816906247820165,0.999703586101532,0.461614690508161,0.4626895989690506,0.21300295421055376,0.9987629652023315,0.46535944938659646,0.45831491436277094,0.21130090866770054,0.9990528225898743,0.45737066864967324,0.5210234727178299,0.12086510211229319,0.9998375773429871,0.4959865467888966,0.456546685525349,0.12483249349253511,0.999964714050293,0.4727325252124239,0.5857052547591071,0.14699297909225728,0.39785996079444885,0.5395538210868833,0.4703937164374758,0.14158038007361542,0.9478874802589417,0.49666200961385426,0.595962345600128,0.20746738335915965,0.3154353201389313,0.5515159538813997,0.5178780104432785,0.16109670219676828,0.9731976985931396,0.5037956271852764,0.601241520472935,0.21942773759365072,0.3256804645061493,0.5591779725892201,0.5309515970093861,0.1656408663306917,0.9551154375076294,0.5033934559140885,0.594644669124058,0.213457178218024,0.33075055480003357,0.5556021673338751,0.5344499536922998,0.16482680727328566,0.9494299292564392,0.5020281740597314,0.5920870525496345,0.20791478348629805,0.31093278527259827,0.551972539084298,0.53187415259225,0.16097737816827629,0.9111291170120239,0.5186628494943889,0.5936940056937079,-0.003591507759743502,0.9999557733535767,0.5433775510106765,0.5628832783017836,0.003355328186548181,0.999971866607666,0.5190114872796192,0.7117136887141633,-0.003094796556979418,0.8650994300842285,0.5846333912440707,0.6390117151396613,-0.04752512020724158,0.9789416790008545,0.5244979892458232,0.8239779778889244,-0.07366012962801113,0.8966024518013,0.6179067662784028,0.7144943918500624,-0.11574884972402022,0.9736445546150208,0.5309228181838986,0.8399255616324284,-0.08103775488478793,0.9448476433753967,0.6153296640941072,0.7234233702932082,-0.12247986048460001,0.9659334421157837,0.5160438214029582,0.8591430085045946,-0.09987082289797915,0.7365190386772156,0.6380474499293733,0.7635433929307117,-0.14600166337830672,0.8587174415588379
161,0.4608306833675927,0.45613678523472356,0.2027827181986399,0.9994428157806396,0.457093081304005,0.4526933985097065,0.19369776036058145,0.9993929266929626,0.455742013454437,0.45416429127965635,0.19359203023569915,0.9992630481719971,0.4544090603079113,0.4557183120931896,0.1935728933129991,0.9994063973426819,0.46078697528157897,0.447876966851098,0.19276799006121492,0.9997042417526245,0.46209826554570854,0.44589201041630316,0.19265472718647536,0.9997766613960266,0.4634020958627971,0.44413856949124997,0.19264504313468925,0.9998415112495422,0.4538744798728396,0.4615186410290852,0.14468495143311358,0.9994295835494995,0.4664703130722044,0.44515100121498086,0.1407476161207471,0.9997237920761108,0.4616095542907713,0.4646669685840604,0.18799141773155748,0.9988643527030945,0.4653004620756419,0.46019183141844594,0.18587200684206817,0.9991264939308167,0.45692141226359756,0.5242461630276269,0.09746757469006942,0.9998529553413391,0.49605844872338406,0.4609017482825686,0.10425091470990858,0.9999675154685974,0.47252273389271304,0.5874079789434158,0.11157450580171172,0.4510720372200012,0.539516632897513,0.47852249911853223,0.11376095701541214,0.9435805678367615,0.4953039910112106,0.6079529608998977,0.147159721063716,0.36644792556762695,0.5517831240381511,0.5275278959955485,0.10571804770401541,0.9744349122047424,0.5006902933120725,0.6149820549147467,0.15344283974596426,0.37110477685928345,0.5591826064246039,0.5412522639547073,0.1056476914456912,0.9575953483581543,0.5008337991578236,0.6083286966596329,0.1478761236582483,0.37556472420692444,0.555626423018319,0.5440996902329578,0.10236280821263785,0.9523412585258484,0.5002746173313684,0.6054177369390212,0.1470254346728324,0.3523979187011719,0.5521324481282912,0.5414797578539166,0.10419835565345623,0.9162294268608093,0.5186956627028327,0.5993761556489124,-0.003252688017008558,0.9999567270278931,0.5433144365038188,0.5664468560900005,0.003035451651417782,0.9999726414680481,0.5180767978940689,0.7170606493949887,-0.0029430613187806922,0.8780659437179565,0.5844280021531238,0.6369006446429659,-0.04786474726029802,0.9802494049072266,0.5247610398701257,0.8326295137405392,-0.06927078792027061,0.9057791233062744,0.6181666067668368,0.7064611843654084,-0.11012666842767166,0.9748865962028503,0.5316236513001575,0.8484804749488827,-0.0766762079937117,0.9498594999313354,0.6162210430417739,0.7129180090767994,-0.1160601954374994,0.9684287905693054,0.5155523623738967,0.8644898823329377,-0.09725487679243083,0.7571914196014404,0.6384144714900422,0.7555983713694978,-0.14266636882509498,0.8653468489646912
162,0.4610605307987756,0.45857898337500413,0.17750946879386892,0.9994657635688782,0.45735084073884125,0.4555007423673355,0.16680104306765958,0.9994255900382996,0.4559790159974777,0.4568640504564555,0.16669753491878503,0.9993100762367249,0.45462213839803406,0.45827503630093147,0.16667637526988976,0.9994445443153381,0.46111568638256595,0.4508112439087457,0.16587348708084645,0.9997164011001587,0.46242177060672196,0.4489092418125695,0.16577155504907873,0.9997861385345459,0.46370862977845306,0.4471245782715932,0.16576400441782807,0.9998462200164795,0.4540627190044946,0.46390297583171275,0.11649983503988806,0.9994698166847229,0.46658582346779937,0.4489475165094646,0.11175846116883409,0.9997231364250183,0.46172771709305876,0.46722467711993604,0.16258628538676662,0.998936653137207,0.4654559033257618,0.4626721526895248,0.1604155012539454,0.9991655945777893,0.4564135457788192,0.5277698057038441,0.06585473854626925,0.9998670220375061,0.49708829777581326,0.46778101750782536,0.08157281386000764,0.9999691247940063,0.4730792565005164,0.5907397985458371,0.06810238600841587,0.5033406615257263,0.5401530504226681,0.4912833946091786,0.07588101540293009,0.9346605539321899,0.49146427171570894,0.6228592787470133,0.08829333260655399,0.42406344413757324,0.5521819421223229,0.5467107449259074,0.05449147639530043,0.9734888076782227,0.49544303672654266,0.6329743402344836,0.0908309009458337,0.42547833919525146,0.5588939258030481,0.5606205344200131,0.05233631144676887,0.957287609577179,0.4959938287734983,0.6277122122900824,0.08734905964561866,0.4293442368507385,0.5555313519069124,0.5639164481844219,0.04531050505382672,0.9522506594657898,0.4962159940174645,0.6239759002413066,0.08881101320896825,0.4047054648399353,0.5521683062825882,0.5610309856278552,0.05134304219058579,0.9165039658546448,0.5188024929591586,0.6079309020723612,-0.004261084985254064,0.9999586343765259,0.5434103012084959,0.5741582802363803,0.004070579406938381,0.9999732375144958,0.5173614842551093,0.723621422903878,-0.002501806151121855,0.8893837928771973,0.583339875085013,0.6363781605448038,-0.054431702303034894,0.9812827110290527,0.5253867047173634,0.8416461144174845,-0.0672504939138889,0.9136868715286255,0.6179088677678787,0.6915022305079865,-0.12788375892809453,0.9753685593605042,0.5324352247374395,0.8573283944811135,-0.07478853027735435,0.9541730880737305,0.6171111617769511,0.6930321199553351,-0.1350933453866413,0.9703850150108337,0.5146048375538415,0.868731570243835,-0.09706156722136902,0.7740970253944397,0.6389183827808922,0.7384124296052113,-0.1625206951584134,0.869084358215332
163,0.46129361391067486,0.46303656271525767,0.16887828026499058,0.9994267225265503,0.4576528421470095,0.45986547980989706,0.1570181318691798,0.9994145631790161,0.4562542268208093,0.4610823103359765,0.1569161585399082,0.9993129968643188,0.4548474064895083,0.46240166851452397,0.15689148264271865,0.9994576573371887,0.46146986314228583,0.4554877230099267,0.15761212025369908,0.9996904134750366,0.4627555591719489,0.45371846897261464,0.15752481647900163,0.9997609853744507,0.4640305382864814,0.4519096749169484,0.1575245967933109,0.9998190999031067,0.45429024696350073,0.46752748489379864,0.10373166501522059,0.9994937181472778,0.46671765531812376,0.45401582292148024,0.10539156688111165,0.9996165037155151,0.4617577544280459,0.47146868365151523,0.1530189795153481,0.9989513754844666,0.4655919075012205,0.4671451074736457,0.15270336738654539,0.9990877509117126,0.4562593357903615,0.5305376597813195,0.04665943762021403,0.9998800158500671,0.49887404271534486,0.4752082450049262,0.074638771372182,0.9999664425849915,0.47360809019633676,0.5934937579291204,0.03338997622153587,0.552097737789154,0.5410370843751087,0.5049221788133892,0.05001131221652028,0.8974277973175049,0.4868133877004894,0.6353674786431446,0.0420607448755098,0.47177353501319885,0.551949596405029,0.5680130669048852,0.03490538533244812,0.8802851438522339,0.4894142559596468,0.6500293186732697,0.042201767728796996,0.46583274006843567,0.5582954440798076,0.581428836073194,0.032743031318698594,0.8648470044136047,0.48995873928070044,0.6470354522977553,0.04224924015247128,0.46829724311828613,0.5550581080572944,0.5856663533619468,0.0272308225078242,0.8598906397819519,0.49070879987307936,0.6424395884786331,0.044076476259423125,0.43707528710365295,0.5518150704247609,0.5825208919388905,0.031961447106940384,0.8273625373840332,0.5188282983643666,0.6155816623142785,-0.004968239606491154,0.9999620318412781,0.543602929796491,0.5835511394909447,0.0048019899454499965,0.9999744892120361,0.5169134259223935,0.7304515055247711,0.00710333960929087,0.898788332939148,0.5818985615457805,0.6377171976225714,-0.06577541434339113,0.9812151193618774,0.5266174384525841,0.8487924831254138,-0.05673331671527451,0.9210196733474731,0.6150476081030707,0.6735567740031647,-0.17147049329110547,0.9748257994651794,0.5333869338035582,0.8640316690717421,-0.06404326100434574,0.9583385586738586,0.6164869121142793,0.669513540608542,-0.18254343292542857,0.9722561836242676,0.5134029439517427,0.8697803224836073,-0.08324816099234986,0.7916421890258789,0.6371759959629602,0.7144702945436747,-0.21519419891493652,0.872132420539856
164,0.4614257173878804,0.46815674049513656,0.1631127876894814,0.9993609189987183,0.45785078661782375,0.46464832339967976,0.15026897660323546,0.9994063377380371,0.45642750688961553,0.46578756570816016,0.15016819451536445,0.9993096590042114,0.454979451213564,0.4670627159731726,0.15013720052582868,0.9994713664054871,0.4616801491805483,0.46059000066348466,0.15356146608080173,0.999662458896637,0.46294240696089584,0.4589326654161724,0.1534955850669315,0.9997268319129944,0.4641962153570991,0.45721150040626507,0.1535057740552084,0.999786913394928,0.4544990386281692,0.47187420640672934,0.09441793071372163,0.9995203614234924,0.4668300705296651,0.4593326977321078,0.10628241726330342,0.9994790554046631,0.46176165768078375,0.47635141270501247,0.14625848787171492,0.998968243598938,0.46569147876330763,0.47233495712280255,0.14943919011524737,0.9990012645721436,0.4564048647880552,0.5333366291863575,0.03067161281194004,0.9998918175697327,0.5001051272664749,0.4824144312313623,0.07799223001514158,0.9999616146087646,0.47394318921225387,0.5956509947776791,0.008523825715695103,0.5954868793487549,0.5417081764766145,0.5179885336330956,0.052566772486482324,0.8302704095840454,0.4820382237434385,0.647295340469905,0.016138273717037258,0.512667179107666,0.551303252152034,0.5849853464535302,0.033094030937978185,0.793768584728241,0.483641582727432,0.6651821766580851,0.015005435701459636,0.4989451766014099,0.5573618718555993,0.5981725624629426,0.03125909471086091,0.7798454761505127,0.4839570752211977,0.6643057840211049,0.018178546541769577,0.49964427947998047,0.5538559419768194,0.6025016256741113,0.026668131670781525,0.7751933336257935,0.4848516583442686,0.659125881535666,0.01967389338782854,0.4597623646259308,0.5511078970772877,0.5991568378039765,0.03014046922326086,0.7457858920097351,0.518872695309775,0.621579051017761,-0.008380095707252618,0.9999654293060303,0.5437964592661174,0.59191563299724,0.008233767095953222,0.9999762177467346,0.5159547397068567,0.735969451495579,0.01148324252239295,0.9053027629852295,0.5818627016884937,0.6444856967244826,-0.06523474571960311,0.9807554483413696,0.5282318489892139,0.8532644305910378,-0.04278581844908848,0.926755428314209,0.611166201319013,0.6589973705155505,-0.1885103340659822,0.9736474752426147,0.5348831432206287,0.8690622380801605,-0.04893298713224273,0.9618446230888367,0.6130806360925944,0.6479470082691734,-0.20072465496403824,0.9737665057182312,0.5121796182223726,0.8712596178054806,-0.06839186251163479,0.8052894473075867,0.6329188772610252,0.6895873393331252,-0.23574101967470976,0.87555330991745
165,0.4613781043461389,0.4723240418093543,0.16000373959541314,0.9989752769470215,0.4579039301191055,0.46840072529656523,0.14758614514555243,0.9992351531982422,0.4564685446875434,0.46952805689402966,0.14748265530381877,0.9991315007209778,0.45499349406787304,0.47080061946596397,0.14745352779115942,0.9993947148323059,0.4617049012865337,0.46457845057759944,0.14962025071893414,0.999477207660675,0.4629614540508813,0.46295572008405395,0.14952346810272754,0.999532163143158,0.4642060407570428,0.4613331973552702,0.14951074038233067,0.999626874923706,0.45460550103868735,0.475537700312478,0.09239278350557595,0.9994896650314331,0.46695934619222346,0.463380444049835,0.10739045845610751,0.9988632202148438,0.46171003409794376,0.4805498617036,0.1436782343047005,0.9988114833831787,0.46563524518694177,0.4765904699053081,0.14482094986098146,0.9985582232475281,0.4567026257514952,0.535954896041325,0.024679052350776526,0.9999023079872131,0.49993893674441725,0.48736359987940087,0.08770041252885541,0.9999426603317261,0.47442019156047255,0.5978541612625119,-0.0018897516919033873,0.6343661546707153,0.541814577579498,0.5258511270795547,0.06415723913482253,0.7580606341362,0.47900865588869346,0.6562548228672569,0.004965637391433116,0.5488700270652771,0.550813829898834,0.5927766408239089,0.04246170435632976,0.7151280641555786,0.4796109633786335,0.6743273156029834,0.0020246622817856894,0.5280161499977112,0.556837291376931,0.6048890931265691,0.04061994222658019,0.702648937702179,0.47961027451923893,0.6740797775132312,0.006545872938087472,0.5271273851394653,0.5526397892407007,0.608671712875366,0.036076880246400815,0.6983692646026611,0.48034390892301265,0.6691965103149411,0.009018767478742765,0.4774995446205139,0.5505619951656884,0.6056847776685439,0.03968024519937377,0.671829879283905,0.5190775428499492,0.6255741987909587,-0.011610652479742248,0.9999682307243347,0.5440453359058922,0.5982928701809471,0.01147226133782948,0.9999767541885376,0.5148386614663258,0.739901757240295,0.015705824776419564,0.9066373705863953,0.5835107309477667,0.6533051371574399,-0.055945460498332954,0.974163293838501,0.5298034412520269,0.8559252909251618,-0.023336201054709287,0.9294078946113586,0.6082321388380866,0.6523626208305355,-0.1803071541445595,0.9627053141593933,0.536512334006173,0.8723550489970612,-0.027948849940938596,0.9639285206794739,0.6070992044040131,0.6372308867318287,-0.19221780938761568,0.9720969796180725,0.5112676262855527,0.8722901565687993,-0.048544239039931956,0.8084883689880371,0.6280753765787395,0.6728081652096336,-0.22887476427214476,0.8584558963775635
166,0.46170241832733133,0.47477870838982694,0.17052592507430478,0.9984366297721863,0.4582589072840553,0.47083287324224177,0.1584098611559186,0.9989851117134094,0.4568217141287665,0.47196136287280466,0.1583110409123556,0.9988287091255188,0.45530248454638866,0.47319565415382364,0.1582699286086218,0.999276876449585,0.4620325888906204,0.46715925080435594,0.16095374950340807,0.9992157816886902,0.46332739506448994,0.4655891997473578,0.16085044188158845,0.9992130398750305,0.46463422434670565,0.46397353155272325,0.16083287852151046,0.9993946552276611,0.4549907496997286,0.4779936041150772,0.10147002403225212,0.9994127154350281,0.46762427687644936,0.4663560552256446,0.12282830306461874,0.9976996779441833,0.4618797012737817,0.4832613842827931,0.15348518831389282,0.9984837770462036,0.4659069946834017,0.4790506294795443,0.155202692747116,0.9977058172225952,0.4573990770748681,0.5379331520625521,0.031240970002753377,0.9999118447303772,0.49999265670776344,0.4916567666190009,0.10803982445171896,0.9999201893806458,0.4747251195566992,0.5998710870742795,-0.0010856071753161303,0.6668765544891357,0.5418279102870394,0.5326838050569804,0.08492092830794194,0.6840285658836365,0.4758202672004697,0.6624963283538815,0.004568814938621857,0.5671555399894714,0.5506147214344567,0.5988995773451666,0.06625812969037462,0.6437690854072571,0.4766050304685318,0.680551697526659,0.0006015382307980724,0.5343306660652161,0.5564264859471999,0.6101150546755107,0.06546732155340056,0.6325715780258179,0.4759984391076222,0.6809135062353948,0.006696604305346093,0.5313157439231873,0.5518922277859277,0.6133162617683408,0.061124415908540966,0.6286981105804443,0.4764652899333407,0.6757870316505429,0.009215574658342765,0.4698506295681,0.550101350034986,0.6107697231428961,0.06356546282768247,0.6048030257225037,0.5193241085324967,0.6282532283237999,-0.014669760529484061,0.9999709129333496,0.544227703980037,0.6025664363588603,0.014532587224883684,0.9999777674674988,0.513758930138179,0.7412635173116408,0.01619191784411668,0.8885018229484558,0.5853332178933277,0.6616169180188857,-0.04997060724667138,0.9519537091255188,0.5310270445687428,0.857405808993748,-0.014127628771322107,0.9172359704971313,0.6076776249068121,0.646734319414411,-0.1837450704404285,0.9278663396835327,0.5376696501459391,0.8743626662663047,-0.01792599005358559,0.9620612859725952,0.6029267583574565,0.6314685174397057,-0.1968580450330461,0.9623399376869202,0.5114115476608274,0.871828733171735,-0.042631432294313376,0.7846662402153015,0.6255646501268657,0.6603554538318086,-0.2358840571982519,0.8177070617675781
167,0.462362103802817,0.47824744411877196,0.1863389130149568,0.997738778591156,0.45892674667494615,0.47414389763559595,0.17421789424759992,0.9986400008201599,0.4574965442929947,0.4752397162573676,0.17412226881299692,0.9984003901481628,0.4559471888201575,0.47642440199851965,0.17407082063811158,0.9991081953048706,0.46268493958881907,0.4706972871507915,0.17901503571442187,0.9988742470741272,0.4640313480581554,0.46924952268600445,0.17893261143139422,0.9987874627113342,0.4654264875820703,0.4676559797355105,0.17892832713467727,0.9991057515144348,0.4557142632348195,0.4814046536173137,0.11410797557660507,0.9992949962615967,0.46869466815675986,0.4703185047422135,0.14387358916657306,0.9962963461875916,0.4622638251100265,0.4869021935122351,0.1681851455143519,0.9979499578475952,0.46647754652159534,0.48279057656015645,0.17306135041373108,0.9965037107467651,0.4583691103117804,0.5402295964104786,0.043577315285801874,0.9999203681945801,0.5008762717247006,0.4976423851081301,0.13062205059187748,0.9998920559883118,0.4747420379093713,0.6020271880286078,0.007806834738169394,0.6927388906478882,0.5418108837945118,0.541015885557447,0.11078332045248572,0.6164664626121521,0.47320394345692207,0.6673253536224362,0.013737647827448584,0.5674471259117126,0.5505280733108519,0.6061816726412089,0.09460748625653126,0.5794693231582642,0.47350367052214465,0.6854235257421217,0.008971123796488553,0.5234841704368591,0.5562265140669684,0.61740950516292,0.09435706127967149,0.5694106817245483,0.4722455799579618,0.6858972600528168,0.016515157117308776,0.5182425379753113,0.5518026573317389,0.6205668347222462,0.09004218796534194,0.5659134387969971,0.47269546389579753,0.6803974032402036,0.01899452785562191,0.4479786455631256,0.5498906322887963,0.6180793046951291,0.0917148091963359,0.5444062948226929,0.5194453069141931,0.6313976321901591,-0.017602922181997972,0.9999733567237854,0.5443172693252561,0.6073230947766983,0.017469155522329458,0.9999786615371704,0.5131373780114308,0.7439476200512474,0.019972001229013707,0.8564732670783997,0.5864308612687245,0.6684018101011,-0.04127841977668658,0.9167318344116211,0.5317428622926982,0.8591905815260747,-0.0019620925188064573,0.8881997466087341,0.6072681375912254,0.6380185689244948,-0.16024124031620357,0.8732212781906128,0.5383090683392113,0.8761363744735713,-0.004766361282340117,0.9532305598258972,0.6010958944048197,0.6247251817158288,-0.1722627999527113,0.9452872276306152,0.5118173565183365,0.8707175220761977,-0.029413744354886653,0.7382810711860657,0.6253303425652638,0.648068627289363,-0.2097437357263905,0.760645866394043
168,0.4638343725885662,0.4831219238894324,0.20152703523635854,0.9971657395362854,0.4603920076574596,0.47888090865952604,0.18925496467522201,0.9983814358711243,0.4589722956929886,0.4799346123422893,0.18915921023913784,0.9981480836868286,0.4573980561324526,0.48105200358799505,0.18910764626094267,0.9990055561065674,0.46413578646523596,0.475580470051084,0.1971553602388926,0.9985697269439697,0.46552119084766913,0.4742007127829958,0.19711976051330557,0.998450756072998,0.4669765233993528,0.4726205868380408,0.1971438267401286,0.9988566040992737,0.45703354307583377,0.4862744169575825,0.12739090174436563,0.9992451667785645,0.4703112866197311,0.4754215938704352,0.16243145465850822,0.9953224062919617,0.46343313540731135,0.49166971359934103,0.1823989659547805,0.997684121131897,0.4678755078996929,0.4879232542855397,0.1918062278202601,0.9958012104034424,0.45906442914690265,0.5433009420122417,0.047053195323262874,0.9999280571937561,0.5024552243096485,0.5059250874178748,0.14838795832225246,0.9998553395271301,0.47450062377112234,0.6039556946073257,0.013976723168577461,0.72208571434021,0.5418103303228103,0.551048147678375,0.13148548411471495,0.5566683411598206,0.4704775631427763,0.6722871354648041,0.01606719515153339,0.5985000729560852,0.5505820938519066,0.6147147263799392,0.11345059254339757,0.5216670632362366,0.4699168929031915,0.6901835901396611,0.00917783402172582,0.5493132472038269,0.5558055656296864,0.6265933649880543,0.11233422969068795,0.5126454830169678,0.4681457621710639,0.690690309660775,0.018157009993280675,0.5424680113792419,0.5517526558467318,0.6295771275247843,0.10750074237585064,0.5094799995422363,0.46889090112277415,0.6849291273525779,0.021800964378884853,0.46218279004096985,0.5496687548501149,0.6266363041741504,0.10986193461077548,0.4901246428489685,0.5194646188191003,0.6354988694190976,-0.021435618320746072,0.9999755024909973,0.544265282154083,0.6129841787474493,0.021306263628814895,0.9999788403511047,0.512831572123936,0.7476166640009195,0.02493765732007366,0.858205258846283,0.5872978670256476,0.6770268389156884,-0.02174184565831507,0.905654788017273,0.5319615347044806,0.8600619111742287,0.021688405371138017,0.8882713317871094,0.6063030770846773,0.6290184412683757,-0.09041692284601072,0.8369208574295044,0.5387352313314162,0.8766291822705947,0.020981111696788235,0.9530158638954163,0.5998494642121448,0.6143601587840486,-0.09662726500204627,0.938956618309021,0.5122122815677096,0.8698968291282649,-0.006304090137460399,0.7250221371650696,0.6248582448278152,0.63338793856757,-0.12623705204044064,0.7168715596199036
169,0.4659728237560815,0.4878129516329082,0.21899878169809062,0.9967431426048279,0.46258204323904833,0.48356633101190816,0.2076819883925573,0.9981964230537415,0.46118084618023436,0.48463481749807064,0.20758331758635376,0.997972309589386,0.4596057287284304,0.4857267788478304,0.2075483377490724,0.9989340305328369,0.4662521447454178,0.48031667045184523,0.21468991339206683,0.998349130153656,0.4676684967109133,0.4789282347474777,0.21464665617261605,0.9982047080993652,0.46914981518472926,0.47738301157951335,0.21466989602361397,0.9986768960952759,0.4589300589902058,0.49113499181611175,0.14759134692805148,0.9992114901542664,0.4723214055810654,0.48011845605713954,0.17936433809144148,0.9946207404136658,0.46541029896054925,0.4960923773901801,0.20027265420981805,0.9975070953369141,0.46999634334019225,0.4926181946481975,0.2084898212126322,0.9953020811080933,0.45951188291822137,0.5459027443613322,0.05402769786970953,0.9999350309371948,0.5040075353213717,0.5129945686885287,0.16486141937119614,0.9998189806938171,0.4741239922387257,0.6044942549296786,0.02199451324662991,0.7487289905548096,0.5418461986950462,0.5599952646664208,0.14825061261653893,0.5026006102561951,0.46837591528892497,0.6748873727662219,0.019880539657814153,0.6294476985931396,0.5503367866788589,0.6218566094126017,0.12638935148715968,0.46961742639541626,0.4667982356888905,0.6925109284264698,0.011264577241880548,0.5775559544563293,0.5550606778689791,0.6343349558966498,0.12444471504007061,0.46153104305267334,0.4649126785142079,0.6928506493568417,0.021134387169565463,0.5695202946662903,0.5511300563812253,0.6369504383632112,0.11993826074259616,0.45866599678993225,0.46602112991469224,0.6872387596539086,0.025798999731029768,0.48156988620758057,0.5491594791412351,0.6338241049221581,0.12286160056080131,0.44125044345855713,0.5194892678941997,0.6394518017768857,-0.0243470257946423,0.9999775290489197,0.5442673308508734,0.6183067134448457,0.02420734427869319,0.9999792575836182,0.5126008612768989,0.7500137397221154,0.02836865543254783,0.8648218512535095,0.587583414145878,0.6853213701929362,-0.004921092838048931,0.8993147611618042,0.5319597789219445,0.8593636069978983,0.03624240255781581,0.890478789806366,0.6041223066193715,0.6233771153858727,-0.02965436044947375,0.8007799983024597,0.5389333878244671,0.8758528181484764,0.036926251037844575,0.9535731077194214,0.5969641549246649,0.6053869162287029,-0.03093577739782629,0.933911144733429,0.5123499342373437,0.8694236516952509,0.007458201453222759,0.7170870900154114,0.623243951797485,0.6204623052052086,-0.054804746380874056,0.6745845079421997
170,0.4677822053432462,0.49027891073908103,0.23029532475130887,0.996755838394165,0.46433183891432606,0.4861796608992983,0.21932909275804235,0.9982367753982544,0.46291204861232194,0.48728454879352,0.219233477115631,0.9980276823043823,0.46133445331028505,0.4884155324527193,0.21920342104775553,0.9989712834358215,0.46799565638814633,0.4828950107097624,0.22620196512767235,0.9983676671981812,0.4694474126611435,0.4814469141619544,0.22615437252180906,0.998215913772583,0.4709422630923133,0.4799257780824387,0.22618463805743616,0.9986885786056519,0.4604123566831859,0.49406651854515055,0.15968589378254747,0.9992448687553406,0.4739659871373856,0.482520304407392,0.19034733431679854,0.99465411901474,0.46710497651781335,0.4984160814966472,0.21127691950116828,0.9975697994232178,0.4717866701739173,0.4948950111865995,0.21930741710322232,0.9953625202178955,0.4600083402224947,0.5474656190190994,0.06155407726764676,0.9999414086341858,0.5047813807215007,0.516234801496778,0.17442959376743855,0.9998033046722412,0.47382456575121173,0.6043638331549506,0.027596936694213307,0.7718256711959839,0.5419246077537534,0.5653878688812253,0.15926135310104908,0.4532161355018616,0.467031851836613,0.6758888704436163,0.02518294887351137,0.6549478769302368,0.5498482108116147,0.6263721414974754,0.13837335556745523,0.4227760434150696,0.4648543374879017,0.6934003932135442,0.01648938245738723,0.6016939282417297,0.5537851895604813,0.638218396050589,0.136700219128813,0.41555726528167725,0.4628630612577709,0.693641820975712,0.026540695689618574,0.5925686955451965,0.5497130257742744,0.6409050209181646,0.13258977851697373,0.41296112537384033,0.46427292483193516,0.6884123614856171,0.03112297239048139,0.4975384771823883,0.5481301443917408,0.638039924417223,0.1349925532937049,0.39728912711143494,0.5193502545356747,0.6417591622897554,-0.02598875670560767,0.9999794960021973,0.5442031076976228,0.6208881820951186,0.025835470163396417,0.9999803304672241,0.5122875281742638,0.7506234611783705,0.026758986551846765,0.874531626701355,0.5875358973230631,0.69068489074707,0.0008619724107640134,0.9003623723983765,0.5318924171583991,0.8583863156182421,0.03401362315884657,0.8958734273910522,0.6020900828497748,0.6208486284528457,-0.01346262510799403,0.7828212976455688,0.5389183827808923,0.8749815957886828,0.03484203879322323,0.9550989270210266,0.5950242638587949,0.6027799265725269,-0.013582487477521802,0.9331044554710388,0.5124271954808914,0.8688036748341148,0.0040363792995257025,0.7211877703666687,0.6211341364043097,0.6121964607919963,-0.036413943714329156,0.6490782499313354
171,0.4686278496469768,0.49176432660647773,0.23136708523545935,0.9969195127487183,0.46513120446886314,0.48776987450463405,0.22046845640454962,0.99834144115448,0.46365938527243455,0.4888850757053918,0.2203761032649448,0.9981502890586853,0.46207893831389274,0.4900644259793416,0.2203498874391827,0.9990379810333252,0.4688361338206698,0.4845142645495276,0.22746628735746646,0.9984577894210815,0.470286999429975,0.4830667044435226,0.22741551058632975,0.9983121752738953,0.4717649587563104,0.48160792163440136,0.22745124825409468,0.9987598061561584,0.46105884398732844,0.4959191109452927,0.16050610542297356,0.9992973804473877,0.47477885399545916,0.4840685878481181,0.1918922952243259,0.9949458837509155,0.4678593303476059,0.49984931349754314,0.21223911430154518,0.9977208375930786,0.4725593379565645,0.49634058560643857,0.2204491159745624,0.9956267476081848,0.4605497573103221,0.5484155041830878,0.06699032719646178,0.999947190284729,0.5047447885785782,0.5176983543804711,0.17639483852045867,0.9997994303703308,0.47351086054529445,0.6043888960565836,0.028134034574031817,0.7935848832130432,0.5420197997774394,0.5686568754059925,0.1622071615287235,0.4098622798919678,0.46598391703196906,0.6763958096504208,0.02389917554599897,0.6823504567146301,0.5483320474624631,0.6268706628254479,0.1407648333481379,0.38066452741622925,0.46335419671876066,0.693615571090153,0.014715149506394347,0.6292852163314819,0.5517142193658009,0.6392601830618719,0.1388595099960054,0.3742274045944214,0.46125514422144187,0.693887741225106,0.02476170965071234,0.619683027267456,0.5477805359022956,0.641174495220184,0.13447661612715034,0.37186625599861145,0.4628843648093085,0.6887827668871196,0.02977000404249077,0.5211769342422485,0.545555131775992,0.6384364962577818,0.13738656214305328,0.35776641964912415,0.5191731180463517,0.6423582979610984,-0.027131997581039142,0.9999812841415405,0.5438471027782983,0.6218488795416692,0.026969622927052624,0.9999812841415405,0.5119085124560763,0.7503135221345081,0.02299512486372674,0.8847768306732178,0.5874968409538266,0.6942398020199364,0.004099268629215657,0.904548704624176,0.5318062918526784,0.8580441049167084,0.03025439408208641,0.9028694033622742,0.600223238127572,0.6172844597271507,-0.0026816263595329827,0.7751590609550476,0.5387971997261045,0.8747984801019937,0.031038919304098387,0.95757657289505,0.5933845298630848,0.6011401414871214,-0.0019137434062681006,0.9347366094589233,0.5124295507158549,0.8684792637825008,-0.0002793761901557446,0.7327591776847839,0.6195058941841123,0.6056888767651146,-0.023091361565249293,0.6358914971351624
172,0.4693500731672557,0.49435595529420007,0.23940041533538264,0.9971473813056946,0.46593025837625757,0.4902606053011756,0.22897782964365815,0.9984729886054993,0.4644467788083211,0.49138417073658514,0.2288909737552914,0.9982995390892029,0.46286446026393324,0.49257644840649173,0.2288697715316499,0.9991170167922974,0.469624203443527,0.4869711177689686,0.23593780355794075,0.9985762238502502,0.4710519322327203,0.4855368239539008,0.23588515051773606,0.9984390735626221,0.47251612203461757,0.4841213260378154,0.23592984335763104,0.998852550983429,0.46171016522816233,0.49834588340350533,0.16909377191747932,0.9993565082550049,0.4754743627139498,0.4865270938192093,0.2004965105227061,0.9953181743621826,0.46850402440343564,0.5024424748761311,0.220143819281033,0.997904360294342,0.4731809173311504,0.4989012037004741,0.22837019434997002,0.9959621429443359,0.4609534970351626,0.5490970560482568,0.07452523367745532,0.9999524354934692,0.5047405753816875,0.5201426948819838,0.17950785330363675,0.9998015761375427,0.4729983193533759,0.6040218506540569,0.026249298612986277,0.8132470846176147,0.542007551874433,0.5736450808388843,0.15719757292951847,0.37097832560539246,0.4649062301431381,0.6764692578996928,0.010411059893002462,0.7097486257553101,0.5472243939127238,0.632246991566249,0.13373649375779284,0.3427789509296417,0.461927453960691,0.6934376716613766,-0.0004704913556841866,0.6590474843978882,0.5497587578637256,0.6450348632676258,0.13177020975521625,0.33704686164855957,0.45980439015797187,0.6941878880773269,0.009738897192957141,0.6495068669319153,0.5468560746737887,0.6459959966795783,0.12999047424112042,0.33489230275154114,0.4617067217826841,0.6890749641827172,0.01602855370646076,0.5513802766799927,0.5437932712691168,0.6429365737097601,0.13064517932278763,0.32220757007598877,0.5187078612191334,0.6425976719175063,-0.02685914678233009,0.999983012676239,0.5431002361433844,0.6223161510058809,0.02668734634561197,0.9999825358390808,0.5117692453520636,0.7501139606748305,0.019426133377211423,0.8948312401771545,0.5866023285048345,0.6990313683237345,0.003542385150545408,0.9100698828697205,0.5317649143082752,0.8581919057028631,0.028541775154215934,0.9096131920814514,0.597478307996477,0.615220236778259,-0.005019615028452658,0.773719072341919,0.538675090244838,0.8750408973012649,0.029231742716261305,0.9599736928939819,0.5898476191929405,0.6007644942828585,-0.004467455450711503,0.9376106858253479,0.512405809334346,0.8683182512010843,-0.002832236526800052,0.7461845278739929,0.6150710497583659,0.6003431814057484,-0.02558947849486554,0.63133305311203
173,0.4702071436813897,0.4985352465084618,0.25206226067883614,0.997401773929596,0.4669980585575101,0.49413865634373233,0.2422583724771226,0.9986133575439453,0.4655448147228784,0.49521691714014304,0.2421743380171911,0.9984546899795532,0.463976877076285,0.4963158224310191,0.24215699774878352,0.9991980791091919,0.47065116422516934,0.49092594299997583,0.2491294375487735,0.9987069964408875,0.472059654338019,0.48955755489213104,0.2490714562790733,0.9985803365707397,0.47353951249803794,0.48820505823407834,0.24912588979516698,0.9989573955535889,0.462708418709891,0.50174177970205,0.1824339236531938,0.9994156360626221,0.47637011493955317,0.49059926782335533,0.213578433224133,0.9957438111305237,0.46928933092526004,0.5064044518130164,0.2326113760471343,0.998094379901886,0.4739409072058539,0.5030016796929493,0.2407920799085071,0.9963254332542419,0.4612392791679925,0.5495083315031867,0.08538659214973446,0.9999571442604065,0.5050231592995778,0.5242249046053202,0.1863366186618804,0.9998127818107605,0.4720265226704732,0.6037336077008926,0.027595914128635598,0.8295050263404846,0.5414596251079011,0.5805406672613959,0.15554548203945154,0.3367561101913452,0.4637476921081541,0.6752164431980675,0.0013613820741219178,0.7293885946273804,0.545039744036538,0.6387583443096703,0.1293373163257326,0.3087155818939209,0.46052823492458866,0.6921754206929884,-0.010631042013743087,0.6797558069229126,0.5486961773463656,0.6504397528512134,0.12653258315154478,0.3036063015460968,0.4585690864494867,0.6933680108615328,-0.0003864277154207222,0.6695210933685303,0.5460617627416335,0.6517588956015448,0.1264608197978564,0.30162882804870605,0.4607833802700041,0.6881132228033879,0.0066962416998908965,0.5673703551292419,0.5421728559902734,0.64869738136019,0.12634469611304142,0.2902165651321411,0.5179292321205137,0.6425047074045451,-0.02581250938986028,0.999984622001648,0.5422064661979673,0.6229813337326047,0.025619744243366365,0.9999839663505554,0.5117186716624667,0.7501484155654904,0.018792824393936557,0.9044569730758667,0.5847339715276443,0.7053779091153822,0.0013900796649977554,0.9164568185806274,0.5317610366003851,0.8582251480647491,0.027916888786213723,0.9159559607505798,0.5931986076491217,0.6170781135559079,-0.014602429798937264,0.7716857194900513,0.5385780181203568,0.8750022189957751,0.028404901442783206,0.9624795317649841,0.5845280085291179,0.6027594566345212,-0.014824149192177819,0.9401500821113586,0.512119468620845,0.8679710882050646,-0.004555352870374917,0.7603170871734619,0.6080057348523817,0.5965248584747311,-0.037287529449843385,0.6291593313217163
174,0.4707685283252169,0.5027509391307828,0.2578096640961509,0.997613787651062,0.467715195247105,0.498010387590953,0.24812684868063234,0.9987336993217468,0.4662885725498197,0.4989838446889603,0.2480433804648262,0.9985878467559814,0.4647540194647651,0.49995849898883254,0.24802945681980665,0.999268114566803,0.4713952677590504,0.49486753855432764,0.2552272656134196,0.9988180994987488,0.4727852634021212,0.49351137280464147,0.2551661078419003,0.9986984729766846,0.47428032074655785,0.49213197571890677,0.2552245106015886,0.9990456700325012,0.46351922324725536,0.5049645645277838,0.18809864478451857,0.9994666576385498,0.47701625483376614,0.4943951419421603,0.22029929714543467,0.9960970282554626,0.46976608463696046,0.5102306791714257,0.23820333310535965,0.9982580542564392,0.47436703273228215,0.5070418068340844,0.24670600082193092,0.9966334104537964,0.461537935904094,0.5499003291130063,0.08957035051924837,0.9999613761901855,0.5054498451096668,0.5277735284396579,0.19100976501192357,0.9998201727867126,0.47085529906409107,0.6028889519827704,0.025377954555941468,0.8440748453140259,0.5400116443634031,0.585166525840759,0.15774123838969634,0.30453768372535706,0.4628639442580085,0.6732847298894606,-0.008919262649890562,0.7487053871154785,0.5434190750122068,0.6431827017239159,0.12915411165782378,0.27797839045524597,0.4596302807331083,0.6902397292000904,-0.022154164477251458,0.7008683681488037,0.5486492957387649,0.6533823575292312,0.12570396789482655,0.27342477440834045,0.45808818851198446,0.6916790860039844,-0.01207412081504506,0.6903171539306641,0.5456813403538293,0.6567653417587278,0.12538733269487104,0.2716202139854431,0.4604091363293782,0.6863562600953236,-0.0038622397596814774,0.5861799120903015,0.541653980527605,0.6536277600697106,0.12601413407496037,0.2613554298877716,0.5168601342609949,0.6426331639289853,-0.02595607255186352,0.9999860525131226,0.5413028240203854,0.6240119627543855,0.025742280110716807,0.9999851584434509,0.5116837961333136,0.7515680943216593,0.018576728499361442,0.9131001830101013,0.581650158337184,0.7106004834175106,0.002093422592484524,0.9222403764724731,0.5317611949784413,0.8583657315799165,0.027443312534264144,0.9212914109230042,0.5879572493689398,0.6217628002166745,-0.008300392020360698,0.7713529467582703,0.5384892940521238,0.8749825256211413,0.027881545413817665,0.9644659161567688,0.5795702695846555,0.607788492952074,-0.007927581075845017,0.9425705671310425,0.5117254751069202,0.8671932475907458,-0.005361991375684735,0.7721433043479919,0.6015412960733684,0.5966964636530192,-0.031185434020257412,0.6284902095794678
175,0.47100492460387067,0.5048699932438985,0.2533599078655242,0.9978020787239075,0.4680265843868254,0.5000353276729581,0.2434950232505797,0.9988390803337097,0.4665874276842387,0.5009102233818596,0.24340855947562615,0.9987059831619263,0.4650654009410311,0.5017994608197891,0.243398510132517,0.9993296265602112,0.4717891284397668,0.4969656586647031,0.25114550675664615,0.9989146590232849,0.47316574284008545,0.4956072534833633,0.2510875446455818,0.9988017678260803,0.47466727580342954,0.4941849384989055,0.2511455254895345,0.9991217255592346,0.4638984348092758,0.5065949150494164,0.18361911816256377,0.9995115995407104,0.4773640453815458,0.49643560477665466,0.21826964446476516,0.9964046478271484,0.4698918308530533,0.5120660815920146,0.23383637624127512,0.9984058737754822,0.4744518646172112,0.5090568099703106,0.24303173082215432,0.9969099760055542,0.46181601030485947,0.5500542708805627,0.085939381803785,0.9999651908874512,0.5055763125419614,0.5294626661709374,0.1930514808212007,0.9998260736465454,0.4698894619941709,0.6012784310749596,0.012693060349140842,0.8589527010917664,0.5375568900789531,0.5857214995792931,0.16140189809458588,0.27662184834480286,0.4622297550950729,0.6716945188386096,-0.03022801911990556,0.7712715864181519,0.5420216969081332,0.6412189330373489,0.1291545506034578,0.2503223419189453,0.4591059395245141,0.688551066602979,-0.04583887271583078,0.7268663048744202,0.5487003871372764,0.6511015909058704,0.1248886604394231,0.24626480042934418,0.45782970019749214,0.6902514389583039,-0.03511725456586904,0.7168790698051453,0.5450305019106181,0.6555151786123,0.12211775013378683,0.244618222117424,0.46004191296441194,0.6848089712006702,-0.025106995088780018,0.6174449324607849,0.5404205083847043,0.6524168780871797,0.12559564709663384,0.23538939654827118,0.5160383394786288,0.6424449886594497,-0.028235781512090122,0.9999873638153076,0.5404923728534151,0.6245947207723342,0.028005853029234057,0.9999861717224121,0.5115887948444909,0.7524414096559794,0.014682584229324539,0.9213972687721252,0.5790569015911644,0.7130107113293236,0.008521716725746432,0.9285261631011963,0.531735893658229,0.8582637020519797,0.02410729793565613,0.9275377988815308,0.58413439307894,0.6250240904944281,0.013610962299363948,0.7791707515716553,0.538447799001421,0.874868580273219,0.024080652903233246,0.9669507145881653,0.5770211049488609,0.6119286009243554,0.015578649884888097,0.9460732936859131,0.5114946688924515,0.8664629033633636,-0.011898257772970407,0.7881720662117004,0.5983526894024438,0.5972523604120524,-0.007067543153451487,0.6379440426826477
176,0.4715098610946108,0.5055540885244094,0.25093280502728044,0.9979855418205261,0.4685770554201941,0.5007489093712396,0.24101233610085068,0.9989395141601562,0.4671345634119849,0.5015797776835302,0.24092354817049833,0.9988196492195129,0.46562755107879616,0.5024365399565013,0.2409161431448799,0.9993882179260254,0.4723598011902398,0.4977197229862211,0.24891742382730747,0.9990060925483704,0.47375107577868847,0.496315927164895,0.24886434801987228,0.9989010691642761,0.47525457995278475,0.49487471750804335,0.24892828847680762,0.9991932511329651,0.4644396500928059,0.5071451153073989,0.18091723578316818,0.9995551705360413,0.47791752304349605,0.4972519934177396,0.21679588002817962,0.9966995716094971,0.4703389218875338,0.5126446059771944,0.2312810310295649,0.9985477924346924,0.47484512414251034,0.5096558315413336,0.24084198645183008,0.9971755743026733,0.4621009732995712,0.55003627538681,0.08272048958710257,0.9999686479568481,0.5057710119656151,0.5309445006506781,0.19303968761648443,0.9998315572738647,0.4692527140889847,0.5986777544021604,-0.0018757816603673354,0.8727152347564697,0.5355086837496075,0.5864011185509815,0.16092033939702163,0.2521272301673889,0.4617067788328441,0.6707602381706235,-0.05748574706127066,0.793007493019104,0.5424647501536776,0.6422140768596101,0.12628896747316626,0.22545422613620758,0.4588211894035337,0.687304592132568,-0.07631313417639048,0.752367377281189,0.5491000260625565,0.6514547944068905,0.12195919092212398,0.22185733914375305,0.4577480648245128,0.6890017390251156,-0.06495094442340942,0.7431443929672241,0.5450207437787735,0.6564009581293375,0.11921567491122648,0.22034858167171478,0.45974103552954515,0.6836461714335847,-0.052514870970376874,0.6506643891334534,0.5405284762382505,0.653486917700086,0.12250643329960954,0.21205615997314453,0.5153368370873586,0.6423985379082813,-0.029886054833020467,0.9999884963035583,0.539771851471492,0.6251672915049958,0.029649532905646717,0.999987006187439,0.5115451778684341,0.7525390386581418,0.00944883168808051,0.9290181398391724,0.577021241188049,0.7145838601248602,0.013287993966202645,0.9346924424171448,0.5316524335316246,0.8582883732659472,0.02298654562660625,0.933773398399353,0.5814110926219392,0.6259047525269641,0.03346240233097756,0.792143702507019,0.5383997338158741,0.8749167203903194,0.022165257430502336,0.969552218914032,0.5750326156616208,0.6133134756769449,0.036944947285311544,0.9501311779022217,0.5115852168628146,0.8662688136100765,-0.018606805987656107,0.805349588394165,0.5956842626844131,0.5987369350024629,0.015011210200775943,0.6565812230110168
177,0.4725000126021247,0.5051353233201161,0.25344716225351593,0.9981258511543274,0.4695197607789719,0.5003844712461742,0.24380005725792464,0.999020516872406,0.4680584320000237,0.501178887912205,0.2437089604990822,0.9989095330238342,0.4665429592132566,0.5019992215292792,0.24370037232126499,0.9994361996650696,0.4733444060598099,0.4973743523870193,0.2515771908419472,0.9990774989128113,0.47476145795413405,0.49594774842262246,0.2515258184501102,0.9989729523658752,0.476274171897343,0.494501802750996,0.25159765481948837,0.999247670173645,0.46530296887670225,0.5067607096263338,0.18404856196471614,0.9995895028114319,0.47890082853181,0.49702996015548684,0.21939033312456938,0.9969094395637512,0.471338686772755,0.5121989437511987,0.23381361365318287,0.9986640810966492,0.4757990394319805,0.5091664876256667,0.24324231914111535,0.9973835349082947,0.4623792571680884,0.5498529774802069,0.08325622422354557,0.9999717473983765,0.5060369866234913,0.5314081157956803,0.1952355159180504,0.9998329281806946,0.46855977858815856,0.5957855497087747,-0.006311942004997814,0.8839596509933472,0.534378932203565,0.5866694194929938,0.1621145044054303,0.22752763330936432,0.46123313478061106,0.6694270593779424,-0.06857610515185762,0.8113004565238953,0.5422290682792661,0.6413996577262875,0.12603431258882788,0.20307503640651703,0.45875972083636674,0.6858492595808844,-0.08878975297723493,0.7737717032432556,0.5492482781410215,0.6492691363607132,0.1210351026483944,0.19994790852069855,0.45795592495373294,0.6873414039611814,-0.07726374034370692,0.7650928497314453,0.5443396483148845,0.6546224355697629,0.11822311239583146,0.19856120645999908,0.4596817408289226,0.6821128351347784,-0.06381285595042362,0.6767162084579468,0.5397465842110767,0.6521567685263494,0.1219553370560918,0.1910993605852127,0.5147175737789697,0.6420032909938265,-0.03028438905520097,0.9999895095825195,0.539314121859414,0.6250308070863994,0.03004384626235279,0.9999877214431763,0.5113865716116767,0.751839799540383,0.006192247017419761,0.9353368878364563,0.5749718512807571,0.7182244488171166,0.012943116788353234,0.9378587603569031,0.5312859126499718,0.8570386699267792,0.023066411539912214,0.9370874762535095,0.5789329494748794,0.6283581580434523,0.03556179808718816,0.7840296030044556,0.5381106001990179,0.8744576556341985,0.021500332387430314,0.9703786373138428,0.5730739678655349,0.6160331879343302,0.03929713921887532,0.9502938389778137,0.5115034631320405,0.8655662706920074,-0.022682301141321647,0.8138561248779297,0.5905611617224554,0.6022063766207011,0.01675699284200423,0.6481658220291138
178,0.4736388802528379,0.5045823744365145,0.256272587605885,0.9982379674911499,0.4705858307225361,0.49989654506955805,0.24707354690347388,0.999088704586029,0.4691009376730235,0.5006576512541088,0.2469813172306332,0.9989822506904602,0.46757541384015744,0.5014471215861181,0.24697136197771336,0.9994766712188721,0.4744473712784901,0.496884649140494,0.2546142544065202,0.9991359114646912,0.47587673493794014,0.49544738701411634,0.2545621663331984,0.9990260004997253,0.4773783922195432,0.49401056596211,0.2546385224376405,0.9992907643318176,0.4662754518645148,0.506267646380833,0.188566625544003,0.9996165633201599,0.479971465042659,0.49661198513848415,0.2227859812123434,0.9970596432685852,0.472524571418762,0.5116025992802209,0.23696928833212158,0.9987621307373047,0.4769262237208228,0.5085131747382026,0.2460970708302088,0.9975526332855225,0.46270659821374055,0.5496431418827599,0.08447405632053098,0.9999745488166809,0.506266927719116,0.5310980660574773,0.19763473527772077,0.9998289942741394,0.46790048309734866,0.5930312463215416,-0.0024464085764650777,0.8927998542785645,0.5340152961867194,0.5859627638544352,0.16351374941212782,0.20518626272678375,0.4608055719307489,0.6679139665194918,-0.06694665423461366,0.8261972665786743,0.541889439310346,0.638909064020429,0.12681084317820407,0.18287894129753113,0.458717928613935,0.684482245785849,-0.08734399335724963,0.7910541892051697,0.5492370077541894,0.6463646326746256,0.12096029711621142,0.18015259504318237,0.45829562374523686,0.6858950104032241,-0.07603908266339979,0.7826858162879944,0.5440530998366218,0.6519139272826056,0.118014003762177,0.17888271808624268,0.4597962932927266,0.6807922465460639,-0.0623644585055964,0.6955078840255737,0.5393343431609015,0.649739713328225,0.12256189882755274,0.17217010259628296,0.5143590518406457,0.6414586492947167,-0.02998545473175388,0.9999904036521912,0.539081515584673,0.6246968950544082,0.029740862867661873,0.9999881982803345,0.5113071390560693,0.7515888895307264,0.0031095042558653,0.9402794241905212,0.5728261198316299,0.7221211194992062,0.010630127082445786,0.9377217888832092,0.5306927919387815,0.8544435875756397,0.019065220281481735,0.9363322257995605,0.5766378130231582,0.6317898035049436,0.033223454441343024,0.7554769515991211,0.5375802142279487,0.8729826143809724,0.017884243279695504,0.9692172408103943,0.5711352178028649,0.619761742864336,0.03694648034870623,0.945029616355896,0.5112255249704631,0.8642497164862493,-0.02690659027014459,0.8130581378936768,0.5866300106048581,0.6057519929749622,0.013205525252435882,0.6216984987258911
179,0.47453426207814875,0.5035924792289732,0.26286244988441454,0.9983711838722229,0.4713943677289143,0.49899288586207774,0.25396339425018843,0.9991632699966431,0.4698878935405184,0.4997736402920312,0.2538762139422552,0.9990636706352234,0.46834336944988775,0.5005788794585635,0.25386838231767916,0.9995200634002686,0.4753140551703315,0.4959391994135718,0.26093375767980287,0.9992037415504456,0.476739659479686,0.49453674554824806,0.26087927988597315,0.9990960359573364,0.478244512421744,0.49312634723527066,0.2609586732728139,0.9993439316749573,0.4670270374843051,0.5054782067026409,0.1957710610968725,0.9996469020843506,0.4807678937911985,0.4957304196698323,0.22745509743690479,0.9972649216651917,0.47343652503831024,0.5107195717947821,0.2437324047088622,0.9988651275634766,0.47780544672693503,0.5075785517692564,0.2520938558237892,0.9977440237998962,0.4629842894417897,0.5494444165910991,0.09056834770100453,0.9999770522117615,0.5063311372484477,0.5298987984657285,0.19964051246643055,0.9998301863670349,0.46737464921815036,0.5915368829454692,0.0012521279110972363,0.9013988375663757,0.5337824634143282,0.584705785342625,0.16314667463302607,0.18520307540893555,0.4605861723423002,0.6655659420149664,-0.0598589948245457,0.8405114412307739,0.5414096542767113,0.636432918480464,0.1272632202931812,0.16473302245140076,0.4586459449359347,0.6823613933154511,-0.07949581912585664,0.8076856136322021,0.5480276601655141,0.6432197196143011,0.12094389817544386,0.1623811274766922,0.458380843060357,0.6838876332555495,-0.0686735534242221,0.7997081279754639,0.5428716182708737,0.6487224170139855,0.11777134367397848,0.16120965778827667,0.4597749897411889,0.6788864646639139,-0.05550237255437031,0.7149941325187683,0.5380173512867517,0.6465823139463149,0.12307647402797421,0.1551709920167923,0.5143533110618589,0.641209062508174,-0.02993325878466877,0.999991238117218,0.5390774335180009,0.6242245571953906,0.02968278106834206,0.9999887943267822,0.5112409251076833,0.7516180072511942,0.002697547531819768,0.9451624155044556,0.5708709938185553,0.7252362915447776,0.008856437169015404,0.9387027025222778,0.5302518827574592,0.8521854724202833,0.01919862697167055,0.9377041459083557,0.5746257219995768,0.6361705745969497,0.026979528367519365,0.7360201478004456,0.5371678216116766,0.871442067623138,0.01938390039971896,0.9692826867103577,0.5698248812130517,0.6251113074166431,0.030203517898917183,0.9422450065612793,0.5109891533851622,0.86328272819519,-0.02515431498842579,0.8175527453422546,0.5827641265732899,0.6095741306032451,0.005239934547405155,0.6045100688934326
180,0.47513700383050084,0.5031551752771648,0.2697001584938593,0.9985019564628601,0.4719036723886215,0.49855390191078164,0.2609285452536173,0.999235212802887,0.47036109055791564,0.49934073260852246,0.2608480636562619,0.9991411566734314,0.468792117493493,0.5001382069928304,0.2608432305710655,0.999561607837677,0.4758705335003987,0.49552048189299425,0.26730738026755185,0.9992715716362,0.4772870200020924,0.49405744416373093,0.26725149580410534,0.9991663694381714,0.478770064456122,0.492557438782283,0.2673334445272172,0.9993980526924133,0.4675202872071945,0.50505907024656,0.2022794348852974,0.9996759295463562,0.48121952159064135,0.495092120340892,0.23145270815917413,0.9974740743637085,0.4739334404468534,0.5102158699716838,0.25052161770207526,0.9989638328552246,0.4783235090119496,0.5069998008864264,0.25812001058033524,0.9979263544082642,0.4632441648415155,0.5481730631419588,0.097038878926209,0.9999793171882629,0.5065498352050779,0.529134152616773,0.20028418685708718,0.9998370409011841,0.4668354528290883,0.5905096309525624,0.00419459396840206,0.8923490047454834,0.5339252812521795,0.584755524567195,0.1625874928065708,0.16693861782550812,0.46051264234951544,0.6627952916281561,-0.052707213269812696,0.839776873588562,0.5443441390991208,0.6377966250692092,0.12955465636083052,0.14831015467643738,0.4586448303290773,0.6796539681298389,-0.07230225705674713,0.8079494833946228,0.5515867812292914,0.6426359244755333,0.12310603665454041,0.1462266594171524,0.4584375168595993,0.6811351316315783,-0.06194712945393151,0.8004744052886963,0.5471898981503075,0.6485531279018943,0.1201997143881661,0.14515894651412964,0.4597753780228749,0.6762022733688351,-0.04877526430147032,0.7059792280197144,0.5419751899582996,0.6464147584778919,0.12565496393612446,0.13972629606723785,0.5144862651824949,0.6405652710369651,-0.02990804788257393,0.9999919533729553,0.5391418184552872,0.6239120823996405,0.029652975925377426,0.99998939037323,0.5111793671335491,0.7502744776862005,0.0033707141077944196,0.9450886845588684,0.5688835603850226,0.7263027991567336,0.008707650844007726,0.9269284605979919,0.5302398341042652,0.8517469355038231,0.022063917453799917,0.9291801452636719,0.5724038788250512,0.6403851423944742,0.025863065464156003,0.6767215728759766,0.5370615516390116,0.8707303694316315,0.023059222953660134,0.9659038186073303,0.5688422015735078,0.6297416261264253,0.028843108404959936,0.9126607775688171,0.5107715589659552,0.8631049309458048,-0.021640911751559792,0.8019422888755798,0.5795442342758176,0.6157804761614115,0.002977382072380609,0.5524134039878845
181,0.4757213652133939,0.5030637843268255,0.27810095122882283,0.9986258149147034,0.47239907213619753,0.49847753303391573,0.2692051870482307,0.9993018507957458,0.4708066131387436,0.4993262478283471,0.26912953172411225,0.9992129802703857,0.4691967155252182,0.5001330528940471,0.26912657107625676,0.9995997548103333,0.47639551503317673,0.4954556473663873,0.27451917443956636,0.9993351101875305,0.47780115944998586,0.49394010731152105,0.27447445903505585,0.9992342591285706,0.47924074700900465,0.4923873748098098,0.27455810053007934,0.9994494915008545,0.467950642108917,0.5050798995154242,0.2112859159708022,0.999702513217926,0.48157284174646625,0.49480848142078926,0.23772952088287885,0.9976800680160522,0.47438225150108315,0.5101378508976525,0.25862682248864843,0.999055027961731,0.47880238464900404,0.5068679060254776,0.2650491927351269,0.9981010556221008,0.4634529701301028,0.5461675592831201,0.10635141858032766,0.9999813437461853,0.5067082456180025,0.528382575511932,0.20199224097388124,0.9998464584350586,0.4662163461957657,0.5894566161291936,0.01297444234868245,0.8865495324134827,0.533869649682726,0.5846667460032868,0.16333885192871087,0.15076114237308502,0.4605100606169017,0.6599749616214204,-0.04825296284896984,0.8383866548538208,0.5494402953556603,0.6396085534776957,0.12916399134056902,0.13356196880340576,0.45874896815844923,0.6767189877373828,-0.06605870872735975,0.8063021302223206,0.5594610520771569,0.6418598379407607,0.12167962044477457,0.13172249495983124,0.45855824266161216,0.6779574087687898,-0.05587271068777354,0.7988264560699463,0.5542776908193313,0.6491413457053046,0.12016057840415403,0.13074131309986115,0.45984564168112596,0.6732213837759833,-0.04383947774767874,0.6940216422080994,0.5492790784154618,0.6471258401870724,0.12593287932021272,0.1258493810892105,0.5145903348922727,0.6394812992640901,-0.02853255165474754,0.9999926090240479,0.5392334461212156,0.6234967878886628,0.028287953510880454,0.9999899864196777,0.5110649892262047,0.747969543933868,0.005446713690512945,0.9457811117172241,0.5662639072963167,0.7273996506418497,0.004447709369872294,0.9120150208473206,0.5304315515926904,0.852010175159999,0.025257319421507406,0.9219878315925598,0.5697083149637492,0.6442848409925185,0.018793192505836474,0.6203708052635193,0.5371230346815924,0.8707756996154781,0.026265474701566344,0.9631726145744324,0.5669810584613252,0.6326955795288083,0.021373992785811407,0.8803647756576538,0.5103812115533009,0.8629177212715146,-0.01911746428481169,0.7871849536895752,0.5751203060150144,0.6203150050980701,-0.006277741604883758,0.5038405656814575
182,0.47608177150998776,0.5011088890688757,0.27792326893125247,0.9987394213676453,0.47272827284676666,0.49656469651630925,0.27050833531788404,0.9993624091148376,0.4710721049989971,0.49752436365400016,0.27043721590723296,0.9992784261703491,0.46941146424838454,0.49836595909936066,0.2704381491456712,0.9996340274810791,0.47675343070711385,0.4936014694826941,0.2773824478898728,0.9993934035301208,0.4781317600182123,0.4922721351896011,0.27728168623788,0.999298095703125,0.4795175816331589,0.490961420536041,0.2773677715233393,0.99949711561203,0.4681878362383159,0.5033596081393104,0.20972496015684933,0.9997265338897705,0.481937675816672,0.4933845613683971,0.2337558695248194,0.9978753328323364,0.47459147061620416,0.5084708452224729,0.2602650191102708,0.9991374015808105,0.47904233847345606,0.5053943097591398,0.26773597768374835,0.9982613325119019,0.46367492846080216,0.5431313753128049,0.10871542181287489,0.9999831914901733,0.5070272837366374,0.5272581645420618,0.19490271466118939,0.9998568296432495,0.46576083898544285,0.5869666082518439,0.022616129647940388,0.8779115676879883,0.5344434653009684,0.5843739441462923,0.15429279591356,0.13640761375427246,0.46039294770785716,0.6552792378834313,-0.04370074421167371,0.8329692482948303,0.5530680366924828,0.6416822978428429,0.115230529648917,0.12034152448177338,0.45893842407635255,0.6721501401492525,-0.059079005569219564,0.8011738657951355,0.5649763550077164,0.6454091412680487,0.10655253444399147,0.11873112618923187,0.4587236685412268,0.6733806031090869,-0.04902150077479224,0.7932931184768677,0.5588977779660903,0.651938724517822,0.10487366999898633,0.11781607568264008,0.45993179423468433,0.6686273830277576,-0.03819958748561993,0.6776636242866516,0.5545258794512065,0.6496869002069743,0.1120273556028093,0.11339689791202545,0.514563703536987,0.6375047700745716,-0.02692259464945111,0.9999932050704956,0.5392999597958155,0.6227019991193495,0.026695206974233887,0.9999904632568359,0.5113279427800856,0.7457893746239795,-7.714124928627714e-05,0.9480693340301514,0.5610590526035851,0.7264631305422098,0.017138609649347398,0.8991230130195618,0.53047844512122,0.8519252504621229,0.014968054315873548,0.9192806482315063,0.5654767257826666,0.6547182321548459,0.05215611069330145,0.5694265365600586,0.5370748792375835,0.8705957174301143,0.015412063208142554,0.9624337553977966,0.5643759999956401,0.6437238982745577,0.056562996708920996,0.8505904078483582,0.5097954579762047,0.8631023628371098,-0.03161567359098365,0.780931293964386,0.56950991324016,0.637580937998635,0.032153537496924386,0.45990195870399475
183,0.4762843285288124,0.49770466004099134,0.27467515809195364,0.9987374544143677,0.4729085487978796,0.4931787065097261,0.26744751249040866,0.9993523359298706,0.4712012427193776,0.49420380932944136,0.26737538831574553,0.9992560744285583,0.4694977113178796,0.4950598520892006,0.26737624236515584,0.9996290802955627,0.47699896948678117,0.4902685633727481,0.27500724026135026,0.9993883371353149,0.4783618722643168,0.4891578836100439,0.2748860938208442,0.9992744326591492,0.4797288043158392,0.48813828229904155,0.2749696765627178,0.9994862079620361,0.468319751535143,0.5000389209815432,0.20494830480643672,0.9997159242630005,0.48234333055359957,0.49060545733996774,0.22804558915751313,0.9978084564208984,0.47469978673117486,0.5053882360458369,0.25743201204708627,0.999148964881897,0.4791703786168776,0.5025495588779448,0.2655008324554987,0.9982421398162842,0.4639127024582452,0.5399839997291562,0.10771762622254231,0.9999848008155823,0.5077090995652334,0.5257393632616311,0.18740106054714742,0.9998559355735779,0.4654230058193205,0.5838583162852692,0.02184335561469197,0.8805451989173889,0.5359031932694569,0.5839077796254836,0.14599331659930087,0.12445269525051117,0.4602054425648278,0.6499342594827919,-0.04431046918034551,0.8410586714744568,0.5545169745172771,0.6434028421129495,0.1055610622678484,0.10877999663352966,0.4590221634932925,0.6671079124723159,-0.06029546260833737,0.8090435266494751,0.5650542122977117,0.6505476168223788,0.09667115317923675,0.10742713510990143,0.45881331477846393,0.6686131664684837,-0.050806498740400545,0.8015861511230469,0.5598283989088871,0.6552139401435851,0.09397586626665926,0.10652875155210495,0.4599670963627948,0.6637122699192588,-0.03920403474143572,0.6837941408157349,0.5559741514069692,0.652507604871477,0.10202666201761781,0.10250348597764969,0.5144394636154173,0.635076398508889,-0.026107434502669728,0.9999932646751404,0.5393524561609537,0.6214645607130866,0.02588611814592564,0.999988317489624,0.511690102304731,0.7442163773945396,-0.0036134763088609525,0.9466801881790161,0.5566587005342755,0.7250077979905262,0.03248926647273559,0.8310607075691223,0.5304014461381088,0.8517022115843634,0.007557858616512782,0.9150985479354858,0.5623595765658785,0.6680621623992916,0.08385805461023534,0.5153289437294006,0.5369418876511709,0.8703208923339835,0.00766537936204776,0.9596711993217468,0.5626629369599476,0.6549441184316359,0.08976349442132879,0.7934532165527344,0.5094162855829507,0.8636292747088836,-0.0392789681575128,0.7677229642868042,0.5645712443760458,0.6534307394708904,0.06920142406597736,0.4157523810863495
184,0.47631407891000993,0.49267015031405825,0.26751094971384304,0.9988279342651367,0.47293727142470204,0.48815790585109153,0.25998819044658117,0.9993981719017029,0.4711853410516467,0.48923305783952964,0.25991159166608524,0.9993053674697876,0.46944201418331677,0.49010107857840396,0.25991037828581665,0.9996551275253296,0.4771230765751426,0.4853031711918966,0.26828070623534056,0.9994332790374756,0.4784746101924349,0.48450895292418295,0.2681455527033123,0.9993230104446411,0.4798493002142223,0.4839067161083221,0.26822385702814355,0.9995225667953491,0.4683256711278642,0.49503132871219074,0.19543377416474478,0.9997338056564331,0.4827897080353327,0.4864869560514176,0.2184707394668034,0.9979575276374817,0.47467535052980697,0.5007946491241453,0.2502362940992628,0.9992156028747559,0.479156423466546,0.4983022511005401,0.25912367531231467,0.9983727335929871,0.4641623420374733,0.5365285277366637,0.10277255241359981,0.9999862909317017,0.5086947883878438,0.5238007238933017,0.17711592061179027,0.9998645782470703,0.46521409749984743,0.5799497382981434,0.013594362605363107,0.8868935704231262,0.5381957854543412,0.5832550355366296,0.13524694953645974,0.1146494671702385,0.45994051524571,0.6435493758746553,-0.04854562431573867,0.8524011373519897,0.5537892869540624,0.6449765375682284,0.09491728778396336,0.09908350557088852,0.4590478735310691,0.6612068244389121,-0.06712730303406714,0.8217230439186096,0.5601036344255717,0.6580317991120475,0.08651240702186308,0.09807774424552917,0.45884832910129,0.6632577044623237,-0.05856566386563437,0.8147988319396973,0.5569253001894268,0.6594838976860048,0.0817197791167668,0.09708286076784134,0.4599592532430376,0.6580610139029361,-0.0447700653757368,0.7002909183502197,0.5536754454885211,0.6560737933431351,0.09059848827975124,0.09331486374139786,0.514206564426422,0.6321071488516667,-0.025807913871748096,0.999993622303009,0.5393907836505343,0.6197796617235456,0.025585980873022746,0.9999881386756897,0.5122274313654219,0.743206022466932,-0.007572083002222437,0.948559582233429,0.5520902803965978,0.722692736557552,0.05434024260778515,0.7920030355453491,0.5301980938230239,0.8513415966715132,-0.0007072202096294056,0.9162694811820984,0.5595300453049794,0.6854699969291685,0.12569617496005125,0.47007688879966736,0.536725994518825,0.8699511766433707,-0.0008657933778262669,0.9600599408149719,0.5613745059285844,0.6687409707478114,0.13352775605661527,0.7572987675666809,0.5091542533465789,0.8645412581307547,-0.04665414930454322,0.7688384056091309,0.5594536168234685,0.6720209411212377,0.11874889242462816,0.3779669404029846
